r_ocl_A,r_oh_A,theta_deg,nbf,t1_s,e_hf_Ha,e_ccsd_Ha,e_ccsdt_Ha,omega_app_eV,root0_sym,gap_any_eV,gap_app_eV,w1,status,wall_s
1.65,0.8,115.0,74,0.006965886883911912,-536.1801298116384,-536.7403960632267,-536.7578844944702,3.7064825837285715,"A""",0.9179925330601275,3.9640657577149954,0.9506,ok,75.8
1.65,1.15,130.0,74,0.009375348204164694,-536.1684835103763,-536.7425121174962,-536.7620799723692,3.005035995248312,"A""",0.8237514379262344,3.18903547015675,0.9453,ok,85.54
1.85,0.8,105.0,74,0.00823054111799568,-536.163824342164,-536.73254800995,-536.7524782214324,2.4523710857437124,"A""",0.916838311530286,2.6178806994174244,0.9399,ok,94.91
1.6,1.15,75.0,74,0.008440152361410772,-536.1468434490718,-536.7249179425277,-536.7452158852755,3.7593128472926542,"A""",0.8500762532952822,2.1439160415649017,0.9474,ok,95.78
1.55,1.25,125.0,74,0.009769919543870475,-536.1465670286084,-536.7214560331477,-536.7408774668102,3.274691449151401,"A""",0.8132478398651759,2.375470550099762,0.9404,ok,95.87
1.6,0.95,100.0,74,0.007096729494904277,-536.2118771425571,-536.7768071239566,-536.7947594110245,4.046967887696133,"A""",1.0613564187867714,3.6010648797588596,0.9515,ok,96.59
1.5,1.2,135.0,74,0.009447832769735563,-536.1405691160948,-536.7113950586051,-536.729968200355,3.311825482360785,"A""",0.6583849397399437,2.7810465313550963,0.9427,ok,97.37
1.55,1.1,85.0,74,0.007646293066004637,-536.1688443386487,-536.7407140504823,-536.7595465469742,4.144033037248445,"A""",0.9578576850162717,2.0703215837290565,0.9502,ok,97.56
1.8,1.1,130.0,74,0.010356546749089162,-536.1649047908428,-536.7435608853825,-536.7646877331545,2.184573286511922,"A""",0.7719176402962815,2.825948654640868,0.9397,ok,97.65
1.9,1.0,135.0,74,0.011411036240583892,-536.1567609300967,-536.7367257900644,-536.7589377919726,1.5844197070328694,"A""",0.5922778002623041,2.320436955547434,0.9333,ok,97.85
1.9,0.85,95.0,74,0.008888430096032884,-536.1770411239963,-536.7503931210495,-536.7714349741003,2.1934637658327945,"A""",0.9541841135442112,2.392236732093216,0.9366,ok,98.15
1.85,1.15,120.0,74,0.010422088485783292,-536.1585517039299,-536.7417066196024,-536.7638543758638,2.1066933419466296,"A""",0.8873626987686584,2.576391193441028,0.9369,ok,98.3
1.85,1.0,80.0,74,0.009167479731063391,-536.1834779578933,-536.7631122173844,-536.7848627297399,2.3822798554557036,"A""",1.0389581462487818,2.7200090958311307,0.9392,ok,98.42
1.45,1.0,105.0,74,0.006822946732927899,-536.1794881001747,-536.7411866004954,-536.7580228023534,4.678004020365307,"A""",1.0637668427803593,2.3313342363328675,0.9542,ok,102.51
1.65,1.0,90.0,74,0.007536969896703726,-536.2035575135266,-536.7737533545344,-536.7927539981976,3.6923522182222532,"A""",1.0584039787398163,3.611942875256524,0.9489,ok,105.91
1.4,0.8,75.0,74,0.006663295630071809,-536.0531551336268,-536.6110318742175,-536.6272970151263,4.897862582060376,"A""",1.0294408580955823,3.2461495635739865,0.958,ok,105.93
1.45,1.2,80.0,74,0.00815839900121618,-536.1018000741099,-536.6755078949074,-536.6943400428282,3.5667464685580015,"A""",0.6309546489351343,2.240598967371164,0.9435,ok,106.45
1.4,0.95,115.0,74,0.006588363415161084,-536.162063025433,-536.7199973866259,-536.7361032731903,4.867430834770695,"A""",1.0102315837164992,2.4457045251143765,0.9558,ok,106.55
1.5,1.05,95.0,74,0.007153325849746906,-536.1808656302633,-536.7471942620082,-536.7649123128285,4.443429190120758,"A""",1.0394511517521283,2.1753204376826907,0.9524,ok,107.21
1.45,0.8,130.0,74,0.006362401024847572,-536.1455251513072,-536.6996126264293,-536.71532150363,4.911771331473185,"A""",0.7429145750979306,3.3325524619964586,0.9576,ok,107.95
1.4,1.15,90.0,74,0.007520036534247758,-536.1088421612563,-536.676981277508,-536.6945982248745,3.8223461614783445,"A""",0.8165562349807762,2.313461928478681,0.9454,ok,108.12
1.7,1.05,80.0,74,0.008162814986822428,-536.1842577148367,-536.7604296663898,-536.7807217783205,3.295752308483903,"A""",1.0210633626911263,3.571413071519396,0.946,ok,109.36
1.55,0.9,110.0,74,0.006769507914580106,-536.2067063779269,-536.7672110170059,-536.7842932737706,4.360689557552269,"A""",1.0136146388171814,3.5766030515834832,0.9538,ok,110.03
1.8,0.95,90.0,74,0.008314486309051855,-536.2005288410911,-536.7743296723664,-536.7947204004124,2.736118315807037,"A""",1.0416300946200197,2.963251762539552,0.9422,ok,113.37
1.75,0.9,100.0,74,0.00772974775778685,-536.2069115887892,-536.7754640154459,-536.7947180793357,3.0653142203853783,"A""",1.0212986405643405,3.250490426796504,0.9451,ok,115.58
1.7,0.85,105.0,74,0.007297797691780568,-536.200984633805,-536.7652581407109,-536.783606400533,3.401628284983792,"A""",1.0043397298212806,3.5986775164819904,0.9479,ok,117.09
1.5,0.85,120.0,74,0.0065282664664760735,-536.1855625424803,-536.7424723061667,-536.7588162205527,4.64322482125771,"A""",0.906247762775493,3.499553033527782,0.9558,ok,122.96
1.75,1.1,75.0,74,0.008940475456785092,-536.1669135170592,-536.7481668407526,-536.7696863863215,2.9169735177597826,"A""",0.991755345355474,3.3097535829895532,0.9433,ok,129.71
1.7,1.2,120.0,74,0.009641090902111193,-536.1644577531941,-536.7429283425324,-536.7634254932951,2.9042088912604953,"A""",0.960092772840785,2.8600918933307757,0.9432,ok,138.19
1.9,1.2,110.0,74,0.010674914994706264,-536.146315854648,-536.7342188215237,-536.7574692523385,1.988906370753301,"A""",0.943310508805015,2.354122153731814,0.9341,ok,63.95
1.75,1.25,115.0,74,0.010187661665879257,-536.151164533047,-536.7342847347219,-536.7557951837593,2.6740866700459573,"A""",0.9986317303389485,2.643811320123281,0.9406,ok,148.56
1.95,0.9,85.0,74,0.009851568511554287,-536.1752986760777,-536.7539599336931,-536.7763208598386,1.9102509576604427,"A""",0.9719136611699635,2.1984711313669343,0.9333,ok,63.85
2.15,0.9,75.0,74,0.013917022534467369,-536.1365752073779,-536.7257309821846,-536.7523279593735,1.0763411741360966,"A""",0.8372013974029909,1.509617887485473,0.9183,ok,81.52
2.0,0.95,75.0,74,0.011290773859638696,-536.16216090369,-536.7465590554841,-536.770482440279,1.606105446471137,"A""",0.9866733698506669,2.0451305424610506,0.9304,ok,85.84
2.05,0.8,90.0,74,0.010703615150908336,-536.129982638604,-536.7089012570661,-536.7323101365076,1.510990627375581,"A""",0.8292990336481604,1.7650492405353042,0.9252,ok,87.7
1.95,1.05,125.0,74,0.011090797325834807,-536.1557353108379,-536.7399364265973,-536.7631931018227,1.5627321404129015,"A""",0.7164497143387704,2.109547094709832,0.9302,ok,91.47
2.1,1.0,125.0,74,0.012635433236940493,-536.1341415941334,-536.7251055212748,-536.7514394520184,1.007461307734661,"A""",0.48902295150482306,1.56390968463257,0.9163,ok,88.42
2.1,0.85,85.0,74,0.011923567713103728,-536.1403452468876,-536.7239842436661,-536.7487975576897,1.3065554076730308,"A""",0.8134802279431593,1.6157148950352171,0.9214,ok,88.93
2.0,1.1,115.0,74,0.011289507909464636,-536.1481272070149,-536.7366583837703,-536.7610137373633,1.5025615489503115,"A""",0.7905059556245634,1.9247652851247998,0.9273,ok,90.91
2.05,1.15,105.0,74,0.012050743443411139,-536.1344971441672,-536.7276601206453,-536.7532649168992,1.3991854144256397,"A""",0.8216604512253438,1.7632221488559392,0.9242,ok,90.08
2.1,1.2,100.0,74,0.013292512412801183,-536.1150764797718,-536.7131663476396,-536.7402369084284,1.2390995586398181,"A""",0.8021630020209964,1.6125981290651368,0.9207,ok,89.59
2.05,0.95,130.0,74,0.012324020884197973,-536.1391079275094,-536.7255783096742,-536.750597871766,1.0916165989380004,"A""",0.478005038884798,1.7203863874327392,0.9203,ok,90.4
1.95,1.25,100.0,74,0.011260236411319674,-536.128603016659,-536.7216370130725,-536.7461528090608,1.8257422972882031,"A""",0.9526784792282436,2.157532622531331,0.9313,ok,92.21
2.3,1.2,85.0,74,0.01966307980679894,-536.0805037656064,-536.6890521920074,-536.7216088775041,0.7008624115243168,"A""",0.5133201420750714,1.1367715427338012,0.9061,ok,81.17
1.7,0.95,105.0,74,0.00757363872861952,-536.2133357462509,-536.7815421650516,-536.8004316178357,3.353431330347897,"A""",1.0162471744363428,3.5723164262231912,0.9473,ok,56.2
2.15,1.05,115.0,74,0.013079310623105671,-536.1290614674396,-536.7239002439005,-536.7513425887058,0.9893371764930435,"A""",0.548999228818786,1.4264098578573372,0.9135,ok,100.81
2.3,0.8,135.0,74,0.016260673329850317,-536.0523133526236,-536.6523391625176,-536.6853195378463,0.41431101536441267,A',-0.19300257591503114,1.0227011593702204,0.8828,ok,96.65
2.2,0.9,130.0,74,0.014138449565820131,-536.1083217111294,-536.7029029152206,-536.7319782695677,0.6705541936972161,"A""",0.15893132623594433,1.2688016450085347,0.9019,ok,99.45
2.4,0.9,115.0,74,0.016542560948199045,-536.0893647934471,-536.6942187698238,-536.7285545389694,0.4774590779395549,A',-0.11488154252169865,0.8459354998697108,0.8809,ok,84.08
2.25,0.95,120.0,74,0.014205213276377594,-536.1142557773472,-536.7119812016565,-536.7419535821604,0.6945836588305793,"A""",0.21635844811845736,1.1527851704114778,0.8999,ok,100.11
2.3,1.0,110.0,74,0.015484530986114953,-536.1114522030501,-536.712717413365,-536.7438864713317,0.6762217397047816,"A""",0.23356458202469874,1.0559285557499571,0.8976,ok,98.0
2.15,1.25,90.0,74,0.015296225465299088,-536.0940287532562,-536.6972337268412,-536.7260155205919,1.0879059186223219,"A""",0.8051171467533118,1.4952226604184795,0.9181,ok,102.88
2.2,1.1,105.0,74,0.01438900860413805,-536.117613419601,-536.7166786411192,-536.7454621529231,0.9283103160943935,"A""",0.5709409735069065,1.3090497107040813,0.9107,ok,102.47
2.25,0.8,80.0,74,0.014785513630264655,-536.091196737741,-536.6814237334877,-536.7097094513525,0.8537069079300554,"A""",0.5691472743738166,1.1928117808540681,0.9061,ok,103.2
2.25,1.15,95.0,74,0.01647706841038173,-536.1009770747245,-536.7046824783932,-536.7351343523919,0.8304435644761653,"A""",0.5601762557532387,1.2108753419278766,0.908,ok,101.84
2.35,0.85,125.0,74,0.0155654065410171,-536.0775378296416,-536.6797215007713,-536.7131550462908,0.4656704437972555,A',-0.1369773007329823,0.9254181534281408,0.8823,ok,97.98
2.35,1.05,100.0,74,0.017595466685000567,-536.1016627537416,-536.7069737594987,-536.7397156852755,0.6218593794201852,"A""",0.21011859209337386,0.9746791550084069,0.8951,ok,96.09
2.35,1.25,75.0,74,0.025115950829042596,-536.0581278643858,-536.6708378522102,-536.7060758866162,0.5357808129523173,"A""",0.428440916767028,1.104990009212804,0.9066,warn:t1,95.81
2.4,1.1,90.0,74,0.020549072416622703,-536.0864900105204,-536.6963005838553,-536.7310872599116,0.537614010697336,"A""",0.15085400469120033,0.9094323617384009,0.8928,warn:t1,86.88
2.4,1.25,135.0,74,0.021959283920438628,-536.0227786854897,-536.6479556911181,-536.6883668308436,0.2324099333189279,A',-0.30930446677291334,0.8903986355316683,0.8748,warn:t1,83.39
1.4,0.85,90.0,74,0.006468880127219917,-536.1229011142115,-536.6794979869446,-536.6954956195427,4.998673428881855,"A""",1.0880448120786972,2.7616690171426335,0.9578,ok,61.82
1.4,0.85,85.0,74,0.006557168476247365,-536.1098089162042,-536.6672880215656,-536.6834317181557,4.954482449646321,"A""",1.0586179461656966,2.8244601497290542,0.9577,ok,61.93
1.4,0.9,75.0,74,0.0069437316469727825,-536.0854019312279,-536.6470264791832,-536.6638460088467,4.771798084564119,"A""",0.9023376815880548,2.824730612556106,0.9565,ok,94.07
1.4,0.9,90.0,74,0.0065748326963616785,-536.1329766095218,-536.6913752322521,-536.7076093831118,4.915608001300846,"A""",1.053298718215114,2.5545441964660536,0.957,ok,95.94
1.4,0.9,85.0,74,0.006673461358449193,-536.1201311383035,-536.679439119948,-536.6958292245758,4.873509067636297,"A""",1.0133816080977787,2.611056292513749,0.9569,ok,96.06
1.4,0.9,80.0,74,0.006799099485372687,-536.1043542088852,-536.6647376258296,-536.6813220105402,4.825333456414952,"A""",0.96174976731074,2.6993643623185952,0.9567,ok,96.31
1.4,0.8,135.0,74,0.006298810611612754,-536.120817790154,-536.6738846060666,-536.6892392208531,5.1150109860810815,"A""",0.6571887057384943,2.9696472381900945,0.9586,ok,96.38
1.4,0.8,130.0,74,0.0062806389746356455,-536.1250629730978,-536.6779209718968,-536.6932773938956,5.146469493363196,"A""",0.755735117672331,2.929614510735274,0.9586,ok,96.44
1.4,0.8,120.0,74,0.006250670931208525,-536.1303158446516,-536.6829725246442,-536.698353686346,5.182170719962616,"A""",0.9283765922437371,2.8724131029903384,0.9586,ok,96.71
1.4,0.85,135.0,74,0.006382532377502639,-536.1399211849077,-536.6945496488921,-536.7101219575826,5.000221405224583,"A""",0.6706404326482733,2.9004474569092893,0.9579,ok,96.72
1.4,0.8,125.0,74,0.006263937597108568,-536.1283154222958,-536.6810291471272,-536.6963936612968,5.169155599475238,"A""",0.8469945422172767,2.8968055053498167,0.9586,ok,96.83
1.4,0.85,80.0,74,0.006667083489197614,-536.0936645431871,-536.6521807254308,-536.6685027836037,4.904532060353415,"A""",1.0170818625411042,2.9143469756469416,0.9576,ok,97.09
1.4,0.9,95.0,74,0.006504811926172528,-536.1430815683782,-536.7007299323564,-536.7168414088576,4.950544820199433,"A""",1.0784964233944887,2.5244683740740568,0.957,ok,97.08
1.4,0.85,75.0,74,0.006793157183322689,-536.0741658711485,-536.6338731563411,-536.6504074722725,4.849467201748753,"A""",0.9662944920531767,3.0349774879023275,0.9574,ok,97.46
1.4,0.85,130.0,74,0.006365800728137082,-536.1442981154746,-536.6987406139783,-536.7143144116177,5.0396558810886205,"A""",0.7683939491833965,2.846441217641659,0.9579,ok,103.53
1.4,0.8,95.0,74,0.006320350892877748,-536.1132127006141,-536.6674013791982,-536.6830648696389,5.1004148374982226,"A""",1.129303309822209,2.9132728975745663,0.9585,ok,104.77
1.4,0.85,105.0,74,0.006334824555292252,-536.1461393834297,-536.700968162481,-536.7166836834664,5.087037679922992,"A""",1.0850809318061017,2.6970957000443545,0.958,ok,105.12
1.4,0.8,90.0,74,0.006379245891285183,-536.1027880447085,-536.6576853077556,-536.6734600967743,5.0585965577601595,"A""",1.1239369424299606,2.9644180402344404,0.9585,ok,105.37
1.4,0.8,110.0,74,0.006243604846617344,-536.1295843883045,-536.682463923589,-536.6979124735958,5.177907301480937,"A""",1.0533855922506181,2.8527572998943627,0.9586,ok,105.85
1.4,0.85,125.0,74,0.0063491357087138225,-536.1476701258226,-536.7019865891311,-536.7175675342005,5.069925541971248,"A""",0.857751068623363,2.798668423829725,0.9579,ok,106.03
1.4,0.85,110.0,74,0.006324552664892963,-536.1492424796196,-536.7037587304643,-536.7194199935499,5.098450814332926,"A""",1.0511231136277268,2.706370063429762,0.958,ok,106.15
1.4,0.8,105.0,74,0.006254877330035815,-536.1263877938283,-536.6795698566943,-536.6950728684108,5.160953445636033,"A""",1.0941966441159763,2.8595131354588115,0.9586,ok,106.3
1.4,0.8,100.0,74,0.006279589899238486,-536.121004408028,-536.6746222477076,-536.6901961066719,5.134847683036017,"A""",1.1195359682549648,2.879075168837174,0.9586,ok,106.59
1.4,0.8,80.0,74,0.0065530876002975,-536.0730607523278,-536.6298015399226,-536.645875490924,4.9565431819704235,"A""",1.0722859740321007,3.128377884270784,0.9582,ok,106.62
1.4,0.85,95.0,74,0.006403663515604211,-536.133178585439,-536.689043435258,-536.7049237124182,5.0361893974728655,"A""",1.1031307106068056,2.7219196502233243,0.9579,ok,106.65
1.4,0.8,115.0,74,0.006243075054676234,-536.1308175843615,-536.683524649214,-536.698933178679,5.185091701238459,"A""",0.9977289100929467,2.857417309010451,0.9586,ok,106.67
1.4,0.85,115.0,74,0.006325664331200271,-536.1503811030639,-536.7047155343319,-536.720337792424,5.099571326187649,"A""",1.001065615787415,2.7273565959784545,0.958,ok,107.05
1.4,0.85,120.0,74,0.0063348616235319325,-536.1497792708616,-536.7040525978201,-536.7196488625173,5.090053515436894,"A""",0.9360439102331549,2.7585517466762797,0.9579,ok,107.22
1.4,0.85,100.0,74,0.006360006505967204,-536.140855125043,-536.6961322190157,-536.7119197205934,5.065987063370109,"A""",1.102392123684203,2.701448165316936,0.9579,ok,107.27
1.4,0.8,85.0,74,0.006457203704396626,-536.0894933941973,-536.6452405431962,-536.6611513318857,5.010350298461795,"A""",1.1044262964554237,3.035201992406636,0.9584,ok,108.0
1.4,0.9,100.0,74,0.00646073423175404,-536.1506273612432,-536.7076759417112,-536.7236925036846,4.977094627783169,"A""",1.0869979130730194,2.516065866354549,0.957,ok,61.52
1.4,0.9,105.0,74,0.006438057751613021,-536.1558017158308,-536.7123938463534,-536.728338386027,4.994085340351565,"A""",1.0777718063100203,2.5254164537342723,0.9571,ok,61.57
1.4,0.95,95.0,74,0.0066274509533472414,-536.1457570095167,-536.7052697758395,-536.7216258998368,4.835115670916364,"A""",1.054195980512268,2.339153461018267,0.9558,ok,90.77
1.4,0.9,110.0,74,0.006431905722501939,-536.1588028008126,-536.7150760560961,-536.7309676009421,5.00053644921569,"A""",1.0506036811392685,2.5494357049301857,0.9571,ok,95.16
1.4,0.9,120.0,74,0.006451401671852934,-536.1591299825072,-536.715143894078,-536.730974515951,4.979383360846171,"A""",0.9450930437341221,2.6324183511687154,0.957,ok,93.29
1.4,0.9,115.0,74,0.0064377180199335585,-536.1598392910878,-536.715923929618,-536.7317784247085,4.995751635121445,"A""",1.0059943247001775,2.5857343678344185,0.957,ok,93.86
1.4,0.9,125.0,74,0.0064693126585857645,-536.1569043128122,-536.7129468770188,-536.7287640010163,4.951491088542798,"A""",0.8696432508615516,2.687875185553378,0.957,ok,93.57
1.4,0.9,135.0,74,0.006505259597672114,-536.1488848883946,-536.7051920210741,-536.7210018583268,4.863816442052432,"A""",0.6847042252498721,2.818840509110638,0.9568,ok,94.22
1.4,0.95,75.0,74,0.007114690827378456,-536.089620505686,-536.6532125637314,-536.6703304592688,4.655206561053848,"A""",0.8365196021409976,2.634644819519505,0.9555,ok,94.2
1.4,0.95,100.0,74,0.006586915462131202,-536.1531678388069,-536.7120746528873,-536.7283352409104,4.860505739184857,"A""",1.0718656030418225,2.339675974008795,0.9558,ok,93.89
1.4,1.0,125.0,74,0.0068672278599170265,-536.1557627198512,-536.715539915238,-536.7318943503776,4.632925308305128,"A""",0.8844363264231845,2.4830412722952384,0.9539,ok,68.01
1.4,0.9,130.0,74,0.006488214696472536,-536.1534039483353,-536.709552002207,-536.7253631262146,4.912608241598262,"A""",0.7819257421139436,2.7505664887528054,0.9569,ok,95.03
1.4,0.95,90.0,74,0.006699310881111798,-536.1358355578931,-536.6961103521559,-536.7125931679897,4.80032127954794,"A""",1.0187288438441642,2.3626287642162023,0.9557,ok,94.39
1.4,1.0,130.0,74,0.006905680678478771,-536.152002122365,-536.7118405856872,-536.7281926452051,4.574188796984741,"A""",0.7991034127309845,2.57457752141944,0.9538,ok,67.97
1.4,0.95,80.0,74,0.006949291694675636,-536.1079109264907,-536.6702210772868,-536.687079430819,4.709014573877904,"A""",0.9054250766997712,2.503922151295722,0.9556,ok,95.04
1.4,0.95,85.0,74,0.006807042961284849,-536.1232630410741,-536.6844672241692,-536.7011151343293,4.757761779705969,"A""",0.9678779082122533,2.4154664804179786,0.9557,ok,95.11
1.4,0.95,105.0,74,0.006571099271035391,-536.1582307668757,-536.7166781953837,-536.7328682485255,4.875042493416939,"A""",1.0704912656805432,2.359812465134939,0.9558,ok,100.32
1.4,1.0,90.0,74,0.00684665711168768,-536.1335258575064,-536.6957213020671,-536.712464230844,4.641302719136127,"A""",0.9820747435045905,2.21518297280851,0.954,ok,101.55
1.4,1.0,95.0,74,0.00677786391582663,-536.1432656686457,-536.7046958785155,-536.7213101767906,4.679297360975962,"A""",1.0274567032714579,2.1932984488450606,0.9541,ok,101.67
1.4,0.95,110.0,74,0.006573486411706283,-536.1611292044689,-536.7192557708426,-536.7353955157884,4.877599284283616,"A""",1.0497786252721866,2.3960748940596117,0.9558,ok,104.25
1.4,0.95,120.0,74,0.006610830579886124,-536.1612453690045,-536.7191011485214,-536.7351862677574,4.84420486084939,"A""",0.9530535500949208,2.5064703836898605,0.9557,ok,104.15
1.4,1.0,80.0,74,0.007118679361599999,-536.1063427797133,-536.6706027825346,-536.6877444688141,4.543270119156277,"A""",0.846605715423656,2.358610001489911,0.9541,ok,103.72
1.4,0.95,130.0,74,0.006661865215821996,-536.1552698954988,-536.7132235351687,-536.7292931856898,4.759569043334913,"A""",0.7936760608978202,2.6538589751863157,0.9556,ok,104.49
1.4,1.0,115.0,74,0.006789892388816428,-536.1591422899851,-536.7190021649783,-536.7353805565581,4.707113758621923,"A""",1.0094118356903006,2.327538218295791,0.954,ok,103.35
1.4,0.95,125.0,74,0.00663661318087335,-536.1589015473365,-536.7167716820909,-536.7328458172648,4.808040360408012,"A""",0.8800727473786503,2.5764574374004465,0.9556,ok,105.49
1.4,1.0,75.0,74,0.007306165057826604,-536.0888029413459,-536.6543716151741,-536.6717982444524,4.4881518594172345,"A""",0.7674509690877174,2.4933841701415194,0.9541,ok,105.34
1.4,1.0,110.0,74,0.006760137587508774,-536.1583059214727,-536.7183576780915,-536.7347651863818,4.721552112859853,"A""",1.0445592271355186,2.2678889996380653,0.9541,ok,104.4
1.4,1.0,105.0,74,0.006743428223390964,-536.1555044272184,-536.7158738561617,-536.7323271614129,4.721095710687245,"A""",1.0595189016661541,2.223557384918441,0.9541,ok,104.82
1.4,1.0,85.0,74,0.0069603768451305505,-536.1212351833651,-536.6843701487156,-536.7012857279527,4.595061641498095,"A""",0.9202985260154866,2.268255073787127,0.9541,ok,105.33
1.4,0.95,135.0,74,0.0066830107667560585,-536.1506037629377,-536.7086864374792,-536.724755012273,4.70001426488602,"A""",0.6967543943962167,2.73678331458126,0.9555,ok,105.98
1.4,1.0,120.0,74,0.006827169966405652,-536.1582209209733,-536.7179968992507,-536.7343588759933,4.677495192471249,"A""",0.9553847452074209,2.3999941173189923,0.954,ok,104.44
1.4,1.0,100.0,74,0.00674655408308739,-536.1505469228935,-536.7113723823177,-536.7278926898449,4.70655251593078,"A""",1.0537212764006205,2.197509159395247,0.9541,ok,106.1
1.4,1.05,125.0,74,0.007180854230953707,-536.1490391366682,-536.7107942372082,-536.7274570280994,4.420144962333018,"A""",0.8760818916086197,2.4295987138304262,0.9515,ok,63.22
1.4,1.05,110.0,74,0.007005423234172251,-536.1518714133177,-536.7139091564344,-536.7306078652288,4.524251878100577,"A""",1.028272871794001,2.1906142260371646,0.9517,ok,64.07
1.4,1.0,135.0,74,0.006938070313450721,-536.1471889800746,-536.7071245510193,-536.7234759582101,4.502703022931667,"A""",0.7024451616666736,2.672427878733847,0.9537,ok,92.34
1.4,1.05,80.0,74,0.007309686116790184,-536.1011210632905,-536.6673289439477,-536.6847624848665,4.316185754300282,"A""",0.7832994202166055,2.297830542139487,0.952,ok,91.93
1.4,1.05,85.0,74,0.0071380322744581965,-536.1155415947156,-536.6806214550444,-536.6978147778512,4.373409263358344,"A""",0.867621474831952,2.2039620866877083,0.9519,ok,93.63
1.4,1.05,90.0,74,0.007024070532208593,-536.1275577345281,-536.6917013691127,-536.7087171683377,4.4270470890065,"A""",0.9392758714898659,2.1455782168731266,0.9517,ok,93.92
1.4,1.05,75.0,74,0.007519373407494498,-536.0843916295322,-536.6519151494088,-536.6696592923979,4.25978925514545,"A""",0.6939988296180911,2.4331027986717437,0.9523,ok,94.63
1.4,1.05,95.0,74,0.006965502753839784,-536.1371287114156,-536.700514954073,-536.7174031990755,4.4723622026015155,"A""",0.9932913557349605,2.1184501086724836,0.9517,ok,93.27
1.4,1.05,120.0,74,0.007117356471071295,-536.1516035173943,-536.7133683120413,-536.7300339712415,4.472583807794164,"A""",0.945245991231498,2.3359606232304952,0.9516,ok,94.37
1.4,1.05,130.0,74,0.007243127041812154,-536.1451565241732,-536.7069517686031,-536.7236152174452,4.35111540081948,"A""",0.7919150136772285,2.5339042583394127,0.9514,ok,94.13
1.4,1.05,100.0,74,0.006950766268836143,-536.1442932011824,-536.707084903557,-536.7238835869634,4.505385905445469,"A""",1.026822770432465,2.1190715581641597,0.9517,ok,95.13
1.4,1.05,115.0,74,0.007057290850839526,-536.1526197245938,-536.7144704284599,-536.7311466195883,4.507421715013274,"A""",0.9966856466457789,2.255452619702814,0.9517,ok,94.73
1.4,1.05,135.0,74,0.007298871696933965,-536.1402010383506,-536.7020611137395,-536.7187248874437,4.267168563892643,"A""",0.6959984442272561,2.646337685229887,0.9512,ok,94.33
1.4,1.05,105.0,74,0.006967425175690819,-536.1491566942133,-536.7115030504428,-536.7282408340652,4.523273840321412,"A""",1.0385498849538508,2.1441710626479447,0.9517,ok,95.72
1.4,1.1,100.0,74,0.007214009898789613,-536.1355419638616,-536.7003516303323,-536.7174527598156,4.251553007600293,"A""",0.9840441752316963,2.1276394786385264,0.9486,ok,95.87
1.4,1.1,75.0,74,0.007758612504007251,-536.0774408106308,-536.6468813654485,-536.6649516246454,3.9653721065993865,"A""",0.616099592230962,2.476640476733549,0.9501,ok,102.72
1.4,1.1,80.0,74,0.0075279800876718326,-536.0933297167684,-536.6614748136299,-536.6792096328829,4.022455657981618,"A""",0.7137091876750367,2.345558877675306,0.9495,ok,101.95
1.4,1.1,85.0,74,0.007348466151130301,-536.1072885379726,-536.6743242576949,-536.6918077181527,4.0873263162697535,"A""",0.8062788938245188,2.2467703081838213,0.9491,ok,103.67
1.4,1.1,95.0,74,0.007203692629069902,-536.1284760814519,-536.6938598439342,-536.7110425114632,4.208743910373031,"A""",0.945410990301705,2.138382885632657,0.9486,ok,104.37
1.4,1.1,110.0,74,0.007324946884067403,-536.1429672984175,-536.707056934196,-536.7240765039146,4.280959933597062,"A""",0.9930885705066409,2.185927674941892,0.9486,ok,103.27
1.4,1.15,95.0,74,0.007510160190775675,-536.1181475884451,-536.6855864821605,-536.7030912442851,3.8935422976714666,"A""",0.8796194495746217,2.2563536216037248,0.945,ok,59.7
1.4,1.1,125.0,74,0.00759910212959831,-536.1398819777938,-536.7036933808689,-536.7206998543429,4.1670646065332075,"A""",0.8481071219438717,2.4346142176757386,0.9484,ok,102.9
1.4,1.1,115.0,74,0.007407222410747879,-536.1436397628679,-536.7075521641391,-536.7245579701342,4.264198334467692,"A""",0.9643012705055667,2.2501222842803403,0.9486,ok,103.67
1.4,1.15,75.0,74,0.008034788394253716,-536.0687200647324,-536.64003518101,-536.6584412445078,3.610911365923991,"A""",0.5350860125369538,2.625875338731002,0.9476,ok,102.57
1.4,1.1,90.0,74,0.007242735933853771,-536.1190521873867,-536.6851721796403,-536.7024772731713,4.151999119074242,"A""",0.8852318776678303,2.1778825010028937,0.9488,ok,105.89
1.4,1.1,130.0,74,0.007700450078061175,-536.1358883378113,-536.699721575813,-536.7167331862455,4.088626625665928,"A""",0.7658852694081499,2.5491683819400652,0.9483,ok,103.46
1.4,1.1,120.0,74,0.0074999496662920585,-536.1425407361018,-536.7063692892924,-536.723372310313,4.226020502720129,"A""",0.9152092905125323,2.3339719574158257,0.9485,ok,104.22
1.4,1.1,105.0,74,0.0072581138634893886,-536.1403263616211,-536.704709313048,-536.7217586874876,4.276399646983308,"A""",0.9999527160347149,2.1442176646481688,0.9486,ok,105.86
1.4,1.1,135.0,74,0.007798338286299451,-536.1307995724967,-536.694667094563,-536.7116811690446,3.9926799984748493,"A""",0.6719595472628517,2.67465371601862,0.9481,ok,104.34
1.4,1.15,80.0,74,0.007785444568773152,-536.0837675373265,-536.6538439124157,-536.6718920604076,3.6688866623564014,"A""",0.6373026369979385,2.5022380849361463,0.9467,ok,103.83
1.4,1.15,85.0,74,0.0076066149516520075,-536.0972960542013,-536.6663096623081,-536.6841001822114,3.7436873783483735,"A""",0.7340994881387367,2.3969150730456934,0.9459,ok,103.8
1.4,1.15,100.0,74,0.007553529540564489,-536.1251364374095,-536.692032295246,-536.7094677481872,3.949053537522343,"A""",0.920711959985544,2.2284539121214206,0.9449,ok,61.84
1.4,1.15,115.0,74,0.007855930793914119,-536.1330507165304,-536.6991123124064,-536.7164882380802,3.9800425755188806,"A""",0.9076639911604961,2.319856109332142,0.9448,ok,89.74
1.4,1.15,105.0,74,0.007631937369768289,-536.1298585334866,-536.6963541657498,-536.7137503944887,3.9836259905952747,"A""",0.9388503554309334,2.2305522263376267,0.9449,ok,93.84
1.4,1.15,110.0,74,0.007734651386269738,-536.1324401708115,-536.6986639351435,-536.7160424246395,3.9943554637451664,"A""",0.9341662098256713,2.261718018636849,0.9449,ok,92.92
1.4,1.2,80.0,74,0.008105253574198808,-536.0730240566767,-536.6450399704828,-536.6634181563331,3.2728094519066553,"A""",0.5551444958250173,2.7462487785595426,0.9434,ok,88.94
1.4,1.15,125.0,74,0.008142433597674666,-536.1291446889891,-536.6951097331088,-536.7125048921026,3.877141773658197,"A""",0.7968488358933252,2.505667437713605,0.9447,ok,93.48
1.4,1.15,120.0,74,0.007992520532973748,-536.1318831283942,-536.6978677935191,-536.7152509397544,3.94067996813186,"A""",0.8610922544089403,2.4022056604405546,0.9448,ok,93.88
1.4,1.15,130.0,74,0.008303026543837315,-536.125054601259,-536.691028257137,-536.7084352882785,3.7910122206341548,"A""",0.7179084289534493,2.6269731236688263,0.9445,ok,95.35
1.4,1.15,135.0,74,0.00846956936009623,-536.1198458681507,-536.6858279823011,-536.7032418131184,3.6845509870072095,"A""",0.6277503048387704,2.762705744991677,0.9443,ok,93.54
1.4,1.2,90.0,74,0.007880501275915736,-536.0975474853562,-536.6677723212866,-536.685732679235,3.4550334861861502,"A""",0.733551607680242,2.5313539358585446,0.9415,ok,93.53
1.4,1.2,85.0,74,0.007937342099725174,-536.0861733253785,-536.6572079666365,-536.675329661113,3.3602383803690574,"A""",0.6515491833954322,2.632015031426576,0.9423,ok,93.85
1.4,1.2,130.0,74,0.009069322848298832,-536.1132895439895,-536.6815332609582,-536.6993961533644,3.4686636324628464,"A""",0.6494162580281134,2.76099018283343,0.94,ok,65.77
1.4,1.2,75.0,74,0.008371482133262456,-536.0587908870796,-536.6319402673705,-536.6506941537805,3.2118673978907477,"A""",0.4530869618247359,2.8624916393049533,0.9449,ok,94.53
1.4,1.2,95.0,74,0.007907021251400869,-536.1067676454097,-536.6763433190744,-536.6942077771467,3.5422062548376503,"A""",0.7963266392027905,2.45414942659391,0.941,ok,93.82
1.4,1.25,120.0,74,0.00934793244196503,-536.1081336165065,-536.6787979508539,-536.6971162857845,3.297436955899094,"A""",0.6901724795180617,2.7131508512447513,0.9352,ok,66.0
1.4,1.2,100.0,74,0.007987608143944029,-536.1137025495441,-536.6827760273396,-536.700587963529,3.6116313958092294,"A""",0.8374637221237092,2.406546084765518,0.9407,ok,103.34
1.4,1.2,105.0,74,0.008104095514665384,-536.1183795421537,-536.6870861477698,-536.7048748807697,3.6571335915315872,"A""",0.8561366419546828,2.3913065766944364,0.9406,ok,105.18
1.4,1.2,110.0,74,0.008247622764664992,-536.1209167052991,-536.6893783982897,-536.7071643419735,3.675408642115413,"A""",0.8526339513832732,2.4086706623724217,0.9405,ok,103.42
1.4,1.2,115.0,74,0.008415427341704671,-536.1214800326625,-536.6897997656849,-536.7075969899681,3.665152519286006,"A""",0.8280923605798143,2.457161482947005,0.9404,ok,102.45
1.4,1.2,125.0,74,0.008825281659048768,-536.1174583791463,-536.6856987127804,-536.7035395501618,3.560341895789161,"A""",0.7237976712453025,2.63667425701872,0.9402,ok,102.27
1.4,1.2,120.0,74,0.008607582910241345,-536.1202595750486,-536.6885151661961,-536.7063323872027,3.626443270227522,"A""",0.7843395694912882,2.534223034526311,0.9403,ok,102.58
1.4,1.25,75.0,74,0.008815667496733839,-536.0480639051818,-536.6230143584594,-536.6421321537957,2.787009428511458,"A""",0.37213205381729025,3.159313595571837,0.9418,ok,102.63
1.4,1.25,80.0,74,0.008529331019139864,-536.0615366071795,-536.6355225052129,-536.6542550176673,2.855009997046426,"A""",0.46905702572978814,3.04711772074004,0.9398,ok,104.66
1.4,1.25,90.0,74,0.008355497780451311,-536.0856311100529,-536.6580382525069,-536.6763861813125,3.0708289955852144,"A""",0.6390238055199895,2.8011042221213356,0.9371,ok,104.03
1.4,1.2,135.0,74,0.009338052645388978,-536.1079782191807,-536.6762133715195,-536.6940912284253,3.3538720316568162,"A""",0.5646188925789641,2.9034368149414544,0.9397,ok,104.87
1.4,1.25,95.0,74,0.00841738333711926,-536.094801260259,-536.6666235766675,-536.6848984169771,3.1743613367992234,"A""",0.699116147322575,2.703352424700309,0.9364,ok,104.55
1.4,1.25,85.0,74,0.008378797558354082,-536.0743753733325,-536.6475032318392,-536.6659910533114,2.9582990751125844,"A""",0.5607689108980031,2.9206924059560557,0.9382,ok,105.43
1.4,1.25,110.0,74,0.008870203982385227,-536.1088598270295,-536.679685703248,-536.6979400795433,3.3397918145271004,"A""",0.7537363716811006,2.606222338054736,0.9356,ok,104.16
1.4,1.25,100.0,74,0.008532312839434121,-536.1017048947638,-536.6730732128178,-536.6913167190975,3.2575354327871353,"A""",0.7386113066005489,2.6360907622137537,0.936,ok,104.66
1.4,1.25,105.0,74,0.00868472725312909,-536.1063530045985,-536.6773926059717,-536.6956321104609,3.3137996713191775,"A""",0.7566975450676923,2.603381783283154,0.9357,ok,104.8
1.4,1.25,115.0,74,0.009089771162409567,-536.1093905623269,-536.6800996940013,-536.6983819953663,3.334270691166722,"A""",0.7309418302517459,2.643589812333938,0.9354,ok,105.08
1.45,0.8,110.0,74,0.006318620714039903,-536.1528446129431,-536.7069377346578,-536.7227478364483,5.007432820789297,"A""",1.0360095299287981,3.1791410781419276,0.9576,ok,63.47
1.45,0.8,125.0,74,0.006343007525776063,-536.1493718590099,-536.7033119110282,-536.719030510464,4.953108915822444,"A""",0.831714929818851,3.2779121802082147,0.9576,ok,65.11
1.4,1.25,130.0,74,0.010003987574905867,-536.1010609019994,-536.6717327387684,-536.6901276563868,3.135442426831258,"A""",0.5647039820410876,2.935790287105945,0.9346,ok,93.32
1.45,0.8,75.0,74,0.006731426685727427,-536.0858188208115,-536.64495214314,-536.6616153075089,4.747457423498944,"A""",1.0593811634762473,3.5297288503328734,0.9568,ok,93.13
1.4,1.25,135.0,74,0.010413124642614556,-536.0956681822643,-536.6663282726074,-536.6847525240956,3.014802092030066,"A""",0.4861307280111191,3.0813725138124077,0.9343,ok,94.07
1.4,1.25,125.0,74,0.009650614226147488,-536.1052881659132,-536.675950459402,-536.6943080717859,3.230505927011507,"A""",0.6338113233947931,2.81175785544687,0.935,ok,95.88
1.45,0.8,80.0,74,0.0066226239800624455,-536.1038465304476,-536.6618484610882,-536.6783157384699,4.811017133687002,"A""",1.092457563884925,3.4109207853024563,0.957,ok,92.14
1.45,0.8,90.0,74,0.006452489171959252,-536.1304635242969,-536.6866053983031,-536.7027623844463,4.915388751063361,"A""",1.1255947727920603,3.2516151401726145,0.9574,ok,91.31
1.45,0.8,85.0,74,0.006528791054830132,-536.1186314070105,-536.6756341750607,-536.6919329373463,4.867278943103212,"A""",1.1149098929868737,3.318916091537814,0.9572,ok,93.25
1.45,0.8,95.0,74,0.006394503352438026,-536.1395851265015,-536.6950058554947,-536.7110456543594,4.95438684151321,"A""",1.123549772182969,3.2064055836290546,0.9575,ok,92.54
1.45,0.8,105.0,74,0.006329576192701777,-536.1505664335646,-536.7049633349569,-536.7208320259633,5.001216742365123,"A""",1.0789086712133715,3.172238992901026,0.9576,ok,92.81
1.45,0.8,100.0,74,0.006354121995780858,-536.1462159557249,-536.7010551116491,-536.7169996547948,4.983295322798897,"A""",1.1080998966026858,3.1807040652244183,0.9575,ok,93.7
1.45,0.8,120.0,74,0.006327743631027993,-536.1520284047239,-536.7059067264989,-536.7216438515845,4.983281270590193,"A""",0.9112941867663361,3.2332350249144888,0.9576,ok,93.65
1.45,0.8,115.0,74,0.006318825817890167,-536.1532603268121,-536.7071840150226,-536.7229509070197,5.001491116564438,"A""",0.979842787574737,3.199900138100583,0.9576,ok,94.54
1.45,0.9,85.0,74,0.0067475980043116765,-536.1490222171532,-536.709667036681,-536.7264595069053,4.784419366934985,"A""",1.0365360047162764,2.8077040864815936,0.9561,ok,62.92
1.45,0.9,90.0,74,0.006652947258720356,-536.1604898787823,-536.7202112251371,-536.7368414362398,4.823105052494644,"A""",1.0658731366105678,2.7600978525181556,0.9562,ok,62.65
1.45,0.8,135.0,74,0.006383914299732752,-536.1407371170671,-536.6950350405946,-536.710740517461,4.860626930858462,"A""",0.6471370938815878,3.3954512590195027,0.9576,ok,105.12
1.45,0.85,75.0,74,0.006858954772283128,-536.1065792688405,-536.667575935262,-536.6845142019031,4.72392754797741,"A""",1.003664353601208,3.2789521919860536,0.9563,ok,103.68
1.45,0.85,80.0,74,0.006735861792432315,-536.1242877576827,-536.684102364244,-536.7008244770867,4.782843484988382,"A""",1.044231991962869,3.159410759679384,0.9565,ok,102.07
1.45,0.85,85.0,74,0.006629676677313666,-536.1388447817451,-536.697618047321,-536.7141567143158,4.834007971159339,"A""",1.0753287730276555,3.07299472750746,0.9567,ok,103.21
1.45,0.85,90.0,74,0.006544258876085218,-536.1505150749286,-536.708394086162,-536.7247807620746,4.876703243274124,"A""",1.0950663869126611,3.0160063676074818,0.9569,ok,102.84
1.45,0.85,95.0,74,0.006480644286333019,-536.1595174323835,-536.7166495614979,-536.7329125931618,4.910031287110855,"A""",1.1018937786894005,2.984383095459063,0.957,ok,103.46
1.45,0.85,100.0,74,0.0064375745640863884,-536.1660537644854,-536.7225845013608,-536.7387486229532,4.933028006638471,"A""",1.0947152984112343,2.974335536252746,0.957,ok,103.58
1.45,0.85,120.0,74,0.006414689356133886,-536.1715434792474,-536.7270580090619,-536.7430145831953,4.906733249146792,"A""",0.9208825613309058,3.094036203521957,0.9571,ok,103.21
1.45,0.85,125.0,74,0.006430939519232678,-536.1687951503969,-536.7243538978968,-536.7402930251835,4.869295858912864,"A""",0.8441632588730491,3.15405397905301,0.957,ok,103.14
1.45,0.85,115.0,74,0.0064042349801508285,-536.1728593269094,-536.7284333786904,-536.7444186416595,4.931930967225675,"A""",0.9853997017885495,3.044386927561219,0.9571,ok,104.25
1.45,0.85,110.0,74,0.006402491254907338,-536.1725225626205,-536.7282786101903,-536.7443064253158,4.944577074038388,"A""",1.036361189342318,3.0066801278096658,0.9571,ok,104.28
1.45,0.85,130.0,74,0.006450298178624454,-536.1648465677138,-536.7205308647007,-536.7364610070281,4.820440701993151,"A""",0.7570809718051484,3.2228005123965366,0.957,ok,103.75
1.45,0.9,75.0,74,0.007007870650299573,-536.1174947526754,-536.6804476026563,-536.6976777083091,4.680262742760061,"A""",0.9476059449402352,3.0122278460788148,0.9556,ok,103.31
1.45,0.85,105.0,74,0.00641254778341213,-536.1703221749876,-536.7263950797699,-536.7424817147735,4.944787659333516,"A""",1.0729163917529194,2.9826369943656763,0.9571,ok,105.51
1.45,0.85,135.0,74,0.006470344407030478,-536.1599449957952,-536.715813313785,-536.7317402046028,4.761576163926866,"A""",0.661935499637199,3.2983837110830136,0.9569,ok,104.4
1.45,0.9,80.0,74,0.0068677740138367235,-536.1347634518783,-536.6964877540709,-536.7134794998296,4.736613657593208,"A""",0.9961994003711379,2.8898693515930733,0.9559,ok,103.76
1.45,0.9,95.0,74,0.006584911471169553,-536.1693487917421,-536.7283016713131,-536.7448022750043,4.8518327549567575,"A""",1.0820102103352232,2.741347034026252,0.9563,ok,93.54
1.45,0.9,105.0,74,0.00651852597555789,-536.17995144145,-536.7378174879054,-536.7541381392109,4.875654934044379,"A""",1.0691761690938044,2.770970726733243,0.9564,ok,92.77
1.45,0.9,110.0,74,0.006512312656563594,-536.182066284566,-536.7396055339582,-536.7558680828416,4.869099761132307,"A""",1.0390215400738019,2.8118066163368223,0.9564,ok,92.58
1.45,0.9,115.0,74,0.006518589000767254,-536.1823176986316,-536.7396645287172,-536.7558860485929,4.849518523393665,"A""",0.9932219366520257,2.8662561956465944,0.9564,ok,92.69
1.45,0.9,100.0,74,0.00654135115199119,-536.1757754447164,-536.7341111588923,-536.7505099975467,4.869652573062297,"A""",1.0834083824130598,2.746372362603041,0.9564,ok,95.9
1.45,0.9,125.0,74,0.006553540429090301,-536.1780660438806,-536.7353659574385,-536.7515446863209,4.771273527736654,"A""",0.8585619122449337,3.007696036771455,0.9563,ok,94.15
1.45,0.9,120.0,74,0.0065335126192658105,-536.1809120820551,-536.738186027615,-536.7543806398604,4.816799681506069,"A""",0.9326112451422405,2.9321837279408896,0.9563,ok,94.92
1.45,0.9,130.0,74,0.0065754149344823135,-536.1740089516677,-536.7314102212999,-536.7475809340397,4.7138019654348415,"A""",0.7729586570156328,3.0909067577356018,0.9562,ok,93.59
1.45,0.9,135.0,74,0.006596137323943571,-536.1689858472271,-536.7265407764925,-536.7427083393495,4.645863945517979,"A""",0.6781738975231991,3.1797366325075327,0.9561,ok,92.81
1.45,0.95,75.0,74,0.007178256721484078,-536.1213435599711,-536.686309363848,-536.7038450998868,4.6096453358997875,"A""",0.8903866609755344,2.742778086298541,0.9547,ok,93.32
1.45,0.95,80.0,74,0.007018692916199109,-536.1380711981802,-536.7017696018997,-536.719043093752,4.6655672380919855,"A""",0.9478075587568054,2.6160869916921667,0.955,ok,92.89
1.45,0.95,85.0,74,0.006883409908714727,-536.1519789314119,-536.7145659943316,-536.7316238826494,4.7120648483523135,"A""",0.9981148767020336,2.536685070221483,0.9552,ok,94.45
1.45,0.95,90.0,74,0.006780301714734033,-536.1632178702397,-536.7248578887392,-536.7417436795268,4.748580392558535,"A""",1.0376029068599066,2.496907135924801,0.9554,ok,65.64
1.45,0.95,95.0,74,0.0067102065789521725,-536.171920988384,-536.7327762081555,-536.7495274158016,4.7742313168101465,"A""",1.0633913733958236,2.4894529970131534,0.9554,ok,64.19
1.45,0.95,110.0,74,0.006654570742625577,-536.1843419544244,-536.743759220638,-536.7602734053473,4.776433235123685,"A""",1.0429206395990616,2.604162013901638,0.9555,ok,101.84
1.45,0.95,105.0,74,0.006652839656245574,-536.1823135221829,-536.7420637153434,-536.7586340010939,4.789000781128745,"A""",1.066825973975138,2.5476136567795966,0.9555,ok,102.97
1.45,0.95,100.0,74,0.006669514629034604,-536.1782323440831,-536.7384595429763,-536.7551073848468,4.788017906849949,"A""",1.0735116516711425,2.508049040119284,0.9555,ok,104.63
1.45,0.95,115.0,74,0.006669619247555271,-536.1845078658106,-536.7437250589817,-536.7602008776156,4.749857468718588,"A""",1.002034568080063,2.674584747146603,0.9554,ok,102.7
1.45,0.95,120.0,74,0.006693329502355516,-536.1830125213198,-536.7421449351506,-536.7585965558337,4.709186585205593,"A""",0.9450165358694212,2.756375787268814,0.9553,ok,103.35
1.45,0.95,125.0,74,0.00672152871432702,-536.1800685081291,-536.7392087095355,-536.7556466884978,4.654791699300268,"A""",0.8732888375454714,2.847353058360183,0.9552,ok,103.65
1.45,0.95,130.0,74,0.006750329496709349,-536.175901721392,-536.7351177135475,-536.7515490477501,4.587598577632574,"A""",0.7888133281720137,2.9453998452851304,0.9551,ok,104.65
1.45,1.0,95.0,74,0.006861328521076885,-536.169299052743,-536.7321089614012,-536.7491234281171,4.669090188424785,"A""",1.044568704542391,2.250550324328011,0.9542,ok,102.03
1.45,1.0,75.0,74,0.007370501749587986,-536.1201257502628,-536.6871209249391,-536.7049732782536,4.502538253793915,"A""",0.8304920111062105,2.494750997333545,0.9536,ok,104.75
1.45,1.0,100.0,74,0.006828336068719534,-536.1754976215007,-536.7376749433498,-536.7545862709937,4.680692876296627,"A""",1.0632567419288652,2.2795906568119624,0.9542,ok,103.88
1.45,1.0,80.0,74,0.007189624158495631,-536.1362329125748,-536.7019334167416,-536.719498393195,4.559893385898708,"A""",0.8978118514570779,2.3631628048195275,0.9538,ok,105.3
1.45,1.0,85.0,74,0.0070390877250869855,-536.1497551311828,-536.7143217281739,-536.7316549007073,4.607441804902948,"A""",0.9589123027465687,2.28463019471181,0.954,ok,105.32
1.45,1.0,110.0,74,0.0068381058851084316,-536.1814348737452,-536.7427989170449,-536.7595826698291,4.66025238947589,"A""",1.0456306317931943,2.4013155149443564,0.9542,ok,104.23
1.45,0.95,135.0,74,0.006775989526976832,-536.1707542251438,-536.7300905748331,-536.7465189577503,4.509182211858617,"A""",0.694068487687046,3.0482491752065073,0.955,ok,106.33
1.45,1.0,90.0,74,0.006929644753209026,-536.1607534243899,-536.724357401506,-536.741509772526,4.644256371410755,"A""",1.0090113298526024,2.24988482010474,0.9541,ok,105.95
1.45,1.0,115.0,74,0.006867563920840315,-536.1815203107394,-536.7426801020861,-536.7594295824302,4.627012960388687,"A""",1.0091069442753398,2.486026333811204,0.9541,ok,105.5
1.45,1.05,115.0,74,0.007124780438516926,-536.1748972316532,-536.7380595009801,-536.7551053376856,4.473694887760193,"A""",1.0092472459197033,2.3241701976831517,0.9522,ok,63.31
1.45,1.05,120.0,74,0.007185989394489246,-536.1732414496,-536.7363028217685,-536.7533336854768,4.41739061088688,"A""",0.9575203161140678,2.4333842571606796,0.9521,ok,62.86
1.45,1.0,135.0,74,0.007029977908066196,-536.1673601369845,-536.7285518260418,-536.7452634264558,4.346470828577973,"A""",0.7063842988730441,2.919501194620396,0.9536,ok,92.22
1.45,1.0,125.0,74,0.006948996384135031,-536.1769029920987,-536.737959098417,-536.7546777775913,4.514455663867531,"A""",0.8851752140604239,2.6886652087633065,0.9539,ok,93.39
1.45,1.0,120.0,74,0.006906113662226639,-536.1799402916553,-536.7410056871803,-536.7577348552674,4.578262364613443,"A""",0.9551133679065349,2.5826294421871245,0.954,ok,94.18
1.45,1.0,130.0,74,0.00699182891339695,-536.1726302029324,-536.7337364249792,-536.7504504651228,4.436623185618108,"A""",0.801386109391546,2.8017802244903787,0.9537,ok,94.0
1.45,1.05,75.0,74,0.0075857819980787765,-536.1152993932789,-536.6843105552873,-536.7024888808428,4.346602061603171,"A""",0.7657560703047412,2.302779424687093,0.952,ok,93.29
1.45,1.05,90.0,74,0.007106346953851867,-536.1546107152221,-536.720205516028,-536.7376362482385,4.497991805280965,"A""",0.9771312192503455,2.0531260567095813,0.9523,ok,93.52
1.45,1.05,95.0,74,0.007045347601418069,-536.1630062637993,-536.7278069444519,-536.7450988975197,4.5253534080787245,"A""",1.0220667942605879,2.0563134198861515,0.9523,ok,93.66
1.45,1.05,100.0,74,0.007026186087402147,-536.169100892802,-536.7332722130311,-536.7504637111549,4.537733417789879,"A""",1.0486496386390203,2.09019313833087,0.9523,ok,92.52
1.45,1.05,80.0,74,0.007382653797964753,-536.130730791382,-536.698436286266,-536.7163014943033,4.406427464994853,"A""",0.8439479431658677,2.1674740513333597,0.9521,ok,94.86
1.45,1.05,85.0,74,0.007218220944663511,-536.1438516941699,-536.7104137651962,-536.7280319643514,4.457586993538869,"A""",0.9163896672311822,2.0874598292498585,0.9522,ok,94.9
1.45,1.05,105.0,74,0.0070386115736740616,-536.1730095510295,-536.7367067693747,-536.7538278457725,4.5337374042489635,"A""",1.055524935183679,2.149091466279889,0.9523,ok,95.13
1.45,1.05,110.0,74,0.007073804765609503,-536.174883439031,-536.738249988677,-536.7553242788223,4.512512479598375,"A""",1.0422699129924633,2.2283513585288457,0.9523,ok,93.52
1.45,1.15,75.0,74,0.008103056227338201,-536.0988008549335,-536.6717560345957,-536.6906145206449,3.8453929022956217,"A""",0.6148097804839787,2.2254480896100475,0.9475,ok,61.61
1.45,1.15,80.0,74,0.007855237777841698,-536.1128156399091,-536.6845166640786,-536.7030125207633,3.9088244033308848,"A""",0.7119752006625886,2.0949437208520334,0.9469,ok,62.35
1.45,1.05,125.0,74,0.0072526744203776985,-536.1701195710449,-536.7331568065327,-536.750181539644,4.344212929308547,"A""",0.8887920477727438,2.5532146249824437,0.952,ok,101.07
1.45,1.05,130.0,74,0.007320152726765633,-536.1657486394156,-536.7288116011847,-536.7458346575855,4.255362829721918,"A""",0.8053589134338957,2.6810116376028685,0.9518,ok,104.22
1.45,1.1,75.0,74,0.007827346947367097,-536.1079313057185,-536.6789302503428,-536.6974436465687,4.129434232673875,"A""",0.6940385507634095,2.2046599276316656,0.95,ok,102.57
1.45,1.05,135.0,74,0.0073830084290535,-536.1603620320027,-536.7234755452548,-536.7404973256208,4.152725169495311,"A""",0.7100796137496311,2.8140304749075686,0.9516,ok,104.87
1.45,1.1,80.0,74,0.007601765995657644,-536.1226568820784,-536.6923612681086,-536.7105360634398,4.191503958815132,"A""",0.7829451170577412,2.0692807969670985,0.9498,ok,102.53
1.45,1.1,85.0,74,0.007426630510470566,-536.1353791508561,-536.703948001751,-536.7218627048588,4.248756092840328,"A""",0.8660550465820833,1.9854036192032747,0.9497,ok,104.04
1.45,1.1,90.0,74,0.007318404500201618,-536.1459124475109,-536.7135233592415,-536.7312470564056,4.296722410613029,"A""",0.9363238614094369,1.94522834967203,0.9496,ok,103.84
1.45,1.1,95.0,74,0.00727191010440478,-536.1541728632869,-536.7210007973404,-536.7385881544891,4.331042776472987,"A""",0.9892798283112694,1.942884995529052,0.9497,ok,105.53
1.45,1.1,115.0,74,0.007455003651198232,-536.1657819936104,-536.731009960062,-536.7483802417468,4.282700947887075,"A""",0.9942893096687253,2.215437043387972,0.9497,ok,103.79
1.45,1.1,120.0,74,0.007548766528141004,-536.1640622113777,-536.7291867638546,-536.7465491940804,4.220402855496088,"A""",0.9442549764426429,2.3333062460413205,0.9495,ok,103.88
1.45,1.1,100.0,74,0.0072739509558211,-536.1601770773609,-536.7263878589664,-536.7438805301744,4.348404045747534,"A""",1.0223416023436913,1.9732880076698178,0.9497,ok,105.73
1.45,1.1,105.0,74,0.007311418696564562,-536.1640159953691,-536.7297646268031,-536.7471942991255,4.346714213597705,"A""",1.0342450358705968,2.0316992026715757,0.9497,ok,105.69
1.45,1.1,130.0,74,0.007758316921745156,-536.1564100536335,-536.7215034123866,-536.7388684080337,4.039608323165377,"A""",0.7937218265182988,2.604886573461155,0.9492,ok,104.2
1.45,1.1,110.0,74,0.007374168198072303,-536.1658284087833,-536.7312559696594,-536.7486468623047,4.324909891774763,"A""",1.024712243215143,2.1137310802507003,0.9497,ok,105.79
1.45,1.1,125.0,74,0.00765129018385498,-536.160867674751,-536.7259567393744,-536.7433190040908,4.138885902708109,"A""",0.8765506432592349,2.464143892369316,0.9494,ok,105.69
1.45,1.1,135.0,74,0.007864177150997223,-536.1509168377761,-536.7160278038637,-536.733393901866,3.9246897181213125,"A""",0.6988700617547264,2.752409917304636,0.949,ok,105.46
1.45,1.15,90.0,74,0.007577456634207628,-536.1354914003095,-536.7051551524812,-536.7231912319895,4.033686719108877,"A""",0.8796718658874803,1.953059492154241,0.9462,ok,92.55
1.45,1.15,95.0,74,0.007553766534179564,-536.1436375630319,-536.7125420650497,-536.7304484522867,4.079480613286575,"A""",0.9379644399581438,1.9367228462591528,0.9462,ok,93.73
1.45,1.15,85.0,74,0.007674396674980154,-536.1251595529948,-536.6957551305433,-536.7139813751834,3.974332652541481,"A""",0.80283433921326,2.0052918099567365,0.9465,ok,94.7
1.45,1.15,100.0,74,0.007584611834875174,-536.1495680732138,-536.7178771660558,-536.7356982938129,4.106394480128979,"A""",0.9752754833261734,1.9544416589672258,0.9462,ok,93.8
1.45,1.15,110.0,74,0.007752288181837106,-536.1551151320833,-536.7226759243824,-536.740416420942,4.0925961743351245,"A""",0.9836276076940903,2.0801838417440845,0.9463,ok,92.53
1.45,1.15,105.0,74,0.007654331125494506,-536.1533512441589,-536.7212175399081,-536.7389861777299,4.111255005915039,"A""",0.990525743474747,2.0034332762869886,0.9463,ok,94.47
1.45,1.15,130.0,74,0.008328959391904617,-536.1454690926147,-536.7126853160661,-536.730434139739,3.788858784335307,"A""",0.7601337028864371,2.589193059153797,0.9458,ok,92.27
1.45,1.15,115.0,74,0.00787201608826863,-536.155021600155,-536.7223926442844,-536.7401227063244,4.050151076443488,"A""",0.9553254323365671,2.180878253888405,0.9463,ok,93.5
1.45,1.15,120.0,74,0.008009732686920578,-536.1532516047725,-536.7205216308922,-536.7382531540768,3.984481715836979,"A""",0.9071068390524082,2.3017130436686952,0.9462,ok,94.76
1.45,1.15,125.0,74,0.008162904146801543,-536.149998857218,-536.7172270528747,-536.7349665388774,3.8967886724888516,"A""",0.8411266190528013,2.439013147582549,0.946,ok,94.31
1.45,1.15,135.0,74,0.008503009452344263,-536.1398828571216,-536.7070883966356,-536.724842816119,3.6630784450264273,"A""",0.6674079020668165,2.748650195297167,0.9456,ok,94.58
1.45,1.2,75.0,74,0.008429380337928838,-536.0884769335308,-536.6633604160623,-536.6825760980776,3.5017448222455814,"A""",0.5301234159014221,2.3632761607267234,0.9445,ok,94.53
1.45,1.2,85.0,74,0.007977823356356502,-536.1138020620026,-536.6864617223266,-536.7050201437894,3.6425464735142796,"A""",0.7248005620121746,2.143457292599719,0.9427,ok,65.74
1.45,1.2,90.0,74,0.00790027672941814,-536.1239656555143,-536.6957385305611,-536.7141134049252,3.71600446640312,"A""",0.8038967288825851,2.0749856600884504,0.9422,ok,64.51
1.45,1.2,95.0,74,0.007906462110914012,-536.1320226458996,-536.7030730281016,-536.7213298906224,3.776297395817743,"A""",0.8639584133161918,2.0389893429202117,0.942,ok,100.6
1.45,1.2,105.0,74,0.008080094680352192,-536.1416401015854,-536.7117094885999,-536.7298559348359,3.830742026938916,"A""",0.9196036592369212,2.0698933171035527,0.942,ok,102.01
1.45,1.2,100.0,74,0.007972329093811984,-536.1378979124399,-536.708383832594,-536.7265689442999,3.8159930257266477,"A""",0.9028097639816204,2.03740738976354,0.942,ok,104.15
1.5,0.8,105.0,74,0.006432189573698225,-536.1667166169347,-536.7224681126298,-536.7387250317272,4.760288725365871,"A""",1.0639942538213722,3.5631173793201287,0.9562,ok,64.61
1.45,1.2,115.0,74,0.008387325904971906,-536.1432423025068,-536.7128530242128,-536.7309871841524,3.7790912772725997,"A""",0.8882315716538763,2.2272207532319785,0.9421,ok,102.7
1.45,1.2,110.0,74,0.008219927842024907,-536.143369017238,-536.713154194928,-536.7312859743224,3.818556500442008,"A""",0.9144458473282657,2.1342707600998576,0.9421,ok,105.55
1.45,1.2,120.0,74,0.008581112133356134,-536.1414371766305,-536.7109551706628,-536.7291027881466,3.7130980418488537,"A""",0.8425618637674073,2.34487045152168,0.942,ok,102.99
1.45,1.2,125.0,74,0.008801769513501076,-536.1381425561285,-536.7076191671764,-536.7257857867833,3.622088911235083,"A""",0.779675508448474,2.4831612977596165,0.9418,ok,102.39
1.5,0.8,110.0,74,0.006422554679079099,-536.1681679898327,-536.723621221617,-536.7398168418146,4.756706545515705,"A""",1.0194456363312459,3.5801067149412655,0.9562,ok,69.97
1.45,1.2,130.0,74,0.009049840425517708,-536.133557795455,-536.7030137748372,-536.7211995338619,3.5081694794620746,"A""",0.7023798891303065,2.638009748661275,0.9416,ok,103.34
1.45,1.25,80.0,74,0.008537917138338652,-536.090048963269,-536.6657926184686,-536.6849822473766,3.1854857843136606,"A""",0.5425464810551697,2.476726063617968,0.9397,ok,103.86
1.45,1.2,135.0,74,0.009323731316139358,-536.1278955189067,-536.6973210578374,-536.7155204942155,3.3739826967524755,"A""",0.6139859183687671,2.8053284696101386,0.9413,ok,105.07
1.45,1.25,75.0,74,0.008837744666391596,-536.0773755557472,-536.6541677647795,-536.673756316952,3.116480575219963,"A""",0.443357137699073,2.5926754991584584,0.9413,ok,104.51
1.45,1.25,85.0,74,0.008361444445493993,-536.1017597586049,-536.6765444796666,-536.6954639522618,3.273868614678126,"A""",0.6344461113059364,2.369900318257526,0.9385,ok,104.44
1.45,1.25,105.0,74,0.008598741134449467,-536.1293447660041,-536.701723642745,-536.7202970885559,3.5182434640549145,"A""",0.825039372314931,2.2155646816949455,0.9372,ok,102.43
1.45,1.25,95.0,74,0.008347654663373956,-536.1197902955965,-536.6930794943007,-536.7117285002006,3.438740417729808,"A""",0.7702903382083949,2.2258258100030557,0.9373,ok,104.91
1.45,1.25,100.0,74,0.00845029160281393,-536.125629089528,-536.6983925315548,-536.716987500554,3.492242316368821,"A""",0.8082882481943708,2.202668562265394,0.9372,ok,104.85
1.45,1.25,90.0,74,0.008308321356704614,-536.1117950770865,-536.6857578981508,-536.7045076181878,3.3629311492890026,"A""",0.7116897486988293,2.2832887968521263,0.9377,ok,106.16
1.45,1.25,115.0,74,0.009007066640300541,-536.130906176336,-536.7028734399945,-536.7214666622513,3.480089068987554,"A""",0.7966592522684314,2.3443731875734652,0.9372,ok,92.45
1.45,1.25,120.0,74,0.009268497875163113,-536.1290816319323,-536.7009713000757,-536.7195932215719,3.4163269275433072,"A""",0.7541563264205254,2.454002503008603,0.9371,ok,93.18
1.45,1.25,110.0,74,0.008784655003133537,-536.1310520245669,-536.7031729426599,-536.7217480687076,3.514342669011734,"A""",0.8208290125609469,2.2636720105394468,0.9372,ok,95.34
1.45,1.25,125.0,74,0.009573917693980975,-536.125762762702,-536.6976202165407,-536.7162760342296,3.324777972470589,"A""",0.6955088649967516,2.5883619966284157,0.9369,ok,94.39
1.45,1.25,130.0,74,0.009928958296206008,-536.1211422606352,-536.6929813333477,-536.7116707737341,3.2077762154691842,"A""",0.6234251459958272,2.7430532112248214,0.9366,ok,95.11
1.45,1.25,135.0,74,0.010338480084688524,-536.115424011037,-536.6872256676188,-536.7059424270375,3.068124535356417,"A""",0.541095455497709,2.9136444354074142,0.9362,ok,96.48
1.5,0.8,100.0,74,0.00645580100732693,-536.1633023419665,-536.719494654487,-536.735831035058,4.749982420474925,"A""",1.0964627005394936,3.563429940885088,0.9562,ok,94.85
1.5,0.8,80.0,74,0.006716883677299831,-536.1260877501759,-536.6854555459928,-536.7023327390128,4.585667136586768,"A""",1.1093610818035524,3.7789160986045642,0.9556,ok,99.87
1.5,0.8,75.0,74,0.006822945817539596,-536.109815991298,-536.6703077593999,-536.6873845708797,4.518851044226664,"A""",1.085597498181424,3.897583518402757,0.9553,ok,100.68
1.5,0.8,90.0,74,0.006551771677242339,-536.1498101496782,-536.7073128360965,-536.7238706963371,4.690493496843669,"A""",1.1255387234606713,3.6237313364631536,0.956,ok,104.58
1.5,0.8,85.0,74,0.006625887904903344,-536.1393349655611,-536.6977030543487,-536.7144073891047,4.643218205697111,"A""",1.1228517373115743,3.6882724874217074,0.9558,ok,105.92
1.5,0.8,95.0,74,0.006495226610619384,-536.1577318841962,-536.714508419998,-536.7309443847844,4.726423825838558,"A""",1.1168878056810263,3.58291334468142,0.9561,ok,105.45
1.5,0.85,90.0,74,0.006644902801240624,-536.1698384809099,-536.7291116618287,-536.7459059397764,4.665701186086299,"A""",1.099699457524015,3.3681809780095486,0.9556,ok,62.03
1.5,0.8,130.0,74,0.006480853922234605,-536.158345236686,-536.7138148470887,-536.7299041538353,4.603849396064043,"A""",0.7316005597954397,3.7892113577529978,0.9562,ok,71.42
1.5,0.8,135.0,74,0.006508687919332263,-536.1530664086603,-536.7087452898872,-536.7248298997799,4.535421222361685,"A""",0.638563260806917,3.8678487783779927,0.9562,ok,104.09
1.5,0.9,80.0,74,0.006958942308039131,-536.1567478725266,-536.7199061675227,-536.7373211697305,4.548511417334515,"A""",1.0256218684373173,3.200462801270585,0.9546,ok,93.02
1.5,0.85,85.0,74,0.0067267494134422914,-536.1594915711472,-536.7196637325848,-536.7366147171097,4.624556465035854,"A""",1.0887933198135482,3.421207505738827,0.9554,ok,103.32
1.5,0.8,115.0,74,0.0064248049291488855,-536.1678515428666,-536.7231431247749,-536.739293675967,4.738927651528733,"A""",0.9630850440086797,3.6127760640981426,0.9562,ok,116.56
1.5,0.9,90.0,74,0.00675535890037496,-536.1797545072534,-536.7409064957226,-536.7579513095664,4.631596893428424,"A""",1.075045756252331,3.0814901356429756,0.9551,ok,94.07
1.5,0.9,85.0,74,0.006845079319221874,-536.1695730971246,-536.7316543578272,-536.7488663648976,4.5956123205180175,"A""",1.0554500453451041,3.12335609981928,0.9549,ok,94.37
1.5,0.9,95.0,74,0.006690538105972421,-536.1874633374298,-536.7478381736304,-536.764747943325,4.655635367804241,"A""",1.08286986773704,3.0693390662080517,0.9552,ok,94.29
1.5,0.85,95.0,74,0.006583650315851625,-536.1776650457984,-536.7361848796307,-536.7528505371837,4.695368402426982,"A""",1.0990760238680273,3.3417414835659365,0.9557,ok,103.01
1.5,0.9,105.0,74,0.0066278981272257925,-536.1961400698099,-536.755417219005,-536.7721373381822,4.664307262651745,"A""",1.0589740009966933,3.1153623195017475,0.9553,ok,92.48
1.5,0.9,100.0,74,0.006649022067878132,-536.1928677383521,-536.7526180809276,-536.7694208556927,4.6668182957486835,"A""",1.0777640059054667,3.0819951814792446,0.9553,ok,94.64
1.5,0.85,75.0,74,0.006947218568315458,-536.1304035293122,-536.692785366734,-536.7101426926944,4.511610914712063,"A""",1.036535422373711,3.622029152510186,0.9549,ok,111.88
1.5,0.85,100.0,74,0.006542166551957408,-536.1831595954852,-536.7410733778777,-536.7576354301646,4.7125707358760165,"A""",1.0861424857094137,3.338308345652364,0.9558,ok,103.66
1.5,0.8,120.0,74,0.0064367410892931095,-536.1659674962499,-536.7212211341171,-536.7373406655602,4.707047875913133,"A""",0.8955521571264516,3.6596148953094008,0.9562,ok,117.61
1.5,0.85,105.0,74,0.006518494677328002,-536.1865076413588,-536.7439628158788,-536.7604434071317,4.716434993521562,"A""",1.060394030285131,3.3547767841997644,0.9558,ok,105.77
1.5,0.9,75.0,74,0.007093332501544672,-536.1410834087623,-536.7054535084885,-536.7231088225356,4.4908971937953,"A""",0.9873640954374294,3.3183826255707163,0.9543,ok,105.07
1.5,0.85,80.0,74,0.006828391777295726,-536.1464240533348,-536.7076362196275,-536.724774602029,4.572911714859612,"A""",1.0673640379492968,3.504643738463028,0.9552,ok,115.22
1.5,0.9,110.0,74,0.006623718462544677,-536.1974587413916,-536.756409444062,-536.7730680259239,4.647464950140538,"A""",1.0261572800220466,3.166114961603437,0.9553,ok,93.5
1.5,0.8,125.0,74,0.006456150192415129,-536.1627248531115,-536.7180452291391,-536.7341452619895,4.661643775475154,"A""",0.8178983901637853,3.71904226682872,0.9562,ok,120.16
1.5,0.85,115.0,74,0.00651429775537487,-536.1875153552936,-536.7444800404136,-536.7608541137248,4.6818855866068345,"A""",0.9700618737253933,3.4374587192142187,0.9558,ok,114.0
1.5,0.85,110.0,74,0.006510104943464468,-536.1878960196232,-536.7450374954939,-536.7614562415132,4.706315152132549,"A""",1.0216414120314976,3.3885531715764565,0.9558,ok,115.92
1.5,0.9,120.0,74,0.006652060645630669,-536.1949829120144,-536.7536720642083,-536.7702585360836,4.569868750609438,"A""",0.9192738124402444,3.309282411989616,0.9552,ok,100.98
1.5,0.85,125.0,74,0.006549273340907167,-536.1822438856262,-536.7391999023229,-536.7555252177796,4.590899653689623,"A""",0.8312335619335857,3.5729220959268773,0.9557,ok,116.0
1.5,0.9,115.0,74,0.0066329277402439445,-536.1970087613685,-536.7557692921165,-536.7723843973458,4.615961443011791,"A""",0.9794061423923899,3.231536605617222,0.9552,ok,103.78
1.5,0.85,135.0,74,0.0066018008044210945,-536.1724030849408,-536.7296632410968,-536.7459737656192,4.450455932778103,"A""",0.6539968707849352,3.7447400899133996,0.9556,ok,116.13
1.5,0.85,130.0,74,0.0065746485358500785,-536.1777787411881,-536.7348590997215,-536.7511742837223,4.526049040963131,"A""",0.7465036914655772,3.655468531817786,0.9557,ok,117.35
1.5,0.9,130.0,74,0.0067068530921526506,-536.1870288997553,-536.7458401097434,-536.7624000897817,4.436777675243545,"A""",0.7634457820686654,3.4927471408238095,0.955,ok,98.08
1.5,0.95,75.0,74,0.007261762524595868,-536.1446517305436,-536.7110724362831,-536.7290402315599,4.452672581508087,"A""",0.9376942798030231,2.9940497428704096,0.9536,ok,63.71
1.5,0.95,80.0,74,0.007109046696257033,-536.1598706745959,-536.7250439104155,-536.7427481935938,4.5086304777644095,"A""",0.9839274794322117,2.8740437918050414,0.954,ok,64.14
1.5,0.9,125.0,74,0.006677750904040127,-536.1915841456844,-536.7502981994502,-536.7668674506278,4.50975504411688,"A""",0.8467864700054301,3.3971301338549194,0.9551,ok,104.57
1.5,0.9,135.0,74,0.006736093125516004,-536.1815506749342,-536.7405084049933,-536.7570637894786,4.352762591657876,"A""",0.6712367455969401,3.593509817249257,0.9549,ok,102.83
1.5,1.05,85.0,74,0.007317787808960606,-536.1639735038824,-536.7321017885995,-536.7501623547847,4.399920926186021,"A""",0.9561166781202384,2.1674702558462764,0.9522,ok,65.87
1.5,0.95,90.0,74,0.006884633379673894,-536.1823958565662,-536.7455052042734,-536.7628126646798,4.584834617825283,"A""",1.051465954761604,2.7710026173097146,0.9544,ok,92.87
1.5,0.95,105.0,74,0.0067648552855199585,-536.1984761485812,-536.7596662929134,-536.7766409985202,4.601023856010213,"A""",1.0593404361887275,2.850984039356486,0.9546,ok,91.9
1.5,1.05,90.0,74,0.007211931224511209,-536.1735525983487,-536.7406969174575,-536.7585624329802,4.429458480932505,"A""",1.0046214573086976,2.1516742440861405,0.9523,ok,66.28
1.5,0.95,110.0,74,0.006768887278169327,-536.1997244005825,-536.760578660936,-536.7774933012261,4.57733348449231,"A""",1.0324539334629694,2.918554155178655,0.9546,ok,93.26
1.5,0.95,115.0,74,0.006787375386551541,-536.1992055402409,-536.7598585958149,-536.7767320085201,4.538354024182828,"A""",0.9904240179992113,3.0005187457238036,0.9545,ok,94.35
1.5,0.95,85.0,74,0.006981694008836431,-536.172405196487,-536.736469511809,-536.7539544831927,4.552797860595979,"A""",1.0227035381531138,2.8023338953593835,0.9543,ok,103.65
1.5,0.95,95.0,74,0.0068182593206656105,-536.1899741715372,-536.7522869039949,-536.7694536279031,4.60408304577932,"A""",1.0681023087303023,2.77265901948636,0.9546,ok,101.56
1.5,1.0,100.0,74,0.006939461751539872,-536.1924788156535,-536.7561345340699,-536.773460204538,4.536788566740601,"A""",1.0652630821738147,2.5094086103234803,0.9537,ok,94.62
1.5,0.95,130.0,74,0.0068891268112258345,-536.1889849953845,-536.7496236091143,-536.7664476495055,4.3331390243749315,"A""",0.7813175033692463,3.306588798288248,0.9542,ok,99.84
1.5,0.95,100.0,74,0.006779763475961032,-536.1952822190863,-536.7569562215072,-536.774013605125,4.609738724513925,"A""",1.0710613292158107,2.801013707752943,0.9546,ok,105.63
1.5,0.95,120.0,74,0.0068161507486656295,-536.1971076781597,-536.7576740788282,-536.7745212597564,4.484169402261198,"A""",0.9337820539785369,3.0941794488326995,0.9544,ok,103.95
1.5,1.0,75.0,74,0.007453255980481949,-536.1431244395694,-536.7116182498739,-536.729910195846,4.390958814840164,"A""",0.886558044562388,2.6656632834568113,0.9527,ok,103.79
1.5,0.95,125.0,74,0.006851339317726897,-536.1936298729835,-536.7541998008138,-536.7710318093862,4.4153668128827634,"A""",0.8635656992586126,3.197048496814807,0.9543,ok,104.92
1.5,1.0,95.0,74,0.006970732274538085,-536.1872664533335,-536.7515696835568,-536.7690054832127,4.535861207769616,"A""",1.0541815151172922,2.4665692728524764,0.9537,ok,100.16
1.5,1.0,85.0,74,0.007138349976698441,-536.1700363622217,-536.7361237172881,-536.7538916737169,4.4905264317661615,"A""",0.9900520551160816,2.474598147246727,0.9534,ok,102.92
1.5,1.0,80.0,74,0.007279804352764304,-536.1578261100003,-536.7250465715102,-536.7430503401746,4.447382303328614,"A""",0.9416219230157666,2.542243748442955,0.9531,ok,105.64
1.5,1.0,120.0,74,0.007030943598843819,-536.1940323737618,-536.7565480857855,-536.7736751919174,4.3822294649413305,"A""",0.9479976567579083,2.866382815596935,0.9534,ok,94.7
1.5,1.0,130.0,74,0.007136398956951614,-536.1857515595077,-536.7482907211049,-536.765399619213,4.211371304510659,"A""",0.7979648009221887,3.1091474720807355,0.9531,ok,92.67
1.5,1.0,90.0,74,0.007035460784652004,-536.1798226012181,-536.7449359159395,-536.7625168185045,4.520201780404339,"A""",1.0284698031738368,2.4524380040065203,0.9536,ok,104.62
1.5,1.0,105.0,74,0.006935584971493646,-536.1955972933004,-536.7587633670674,-536.7760079338829,4.522281768300293,"A""",1.060492681873617,2.5749753444066474,0.9537,ok,103.43
1.5,1.05,80.0,74,0.007472992015170479,-536.1521057373053,-536.7213804530588,-536.7396927851933,4.355522485016935,"A""",0.8971713832318522,2.2331751824470882,0.9519,ok,94.08
1.5,1.05,100.0,74,0.007134771611456303,-536.1859883701992,-536.7516676047665,-536.7692768685118,4.4410777424968,"A""",1.0583868532247138,2.229901648621426,0.9524,ok,93.56
1.5,1.0,110.0,74,0.006953037424478468,-536.1967793639557,-536.7596041722683,-536.7767916466048,4.4917968232485155,"A""",1.0392740839738526,2.658640719967027,0.9536,ok,104.54
1.5,0.95,135.0,74,0.006925447113094604,-536.1834032863101,-536.7441524332884,-536.7609721316028,4.239372023157127,"A""",0.68909699769464,3.420020796254489,0.9541,ok,116.17
1.5,1.0,125.0,74,0.0070823666052598115,-536.1904811147776,-536.7529800292688,-536.7700949121286,4.303912067303406,"A""",0.8795774314492595,2.984745709347784,0.9532,ok,103.84
1.5,1.05,105.0,74,0.007147886401795142,-536.1890384966259,-536.754228151102,-536.771759917865,4.421748762116328,"A""",1.0600667457794142,2.3087576201480613,0.9524,ok,93.35
1.5,1.0,115.0,74,0.006986402243301362,-536.1961966932802,-536.758812311132,-536.7759621310992,4.44506977076606,"A""",1.0015935937251677,2.756776242995913,0.9535,ok,105.16
1.5,1.0,135.0,74,0.007188228749745116,-536.1800698079619,-536.7426822406869,-536.759787470933,4.106571597581095,"A""",0.7053467328667575,3.236661438725506,0.9529,ok,104.3
1.5,1.05,75.0,74,0.007669065380749225,-536.137973115179,-536.7085333657649,-536.7271594677206,4.29669630443732,"A""",0.8320711394351569,2.360873875984659,0.9516,ok,105.53
1.5,1.05,110.0,74,0.0071851445675273715,-536.190162196636,-536.7550099883229,-536.7724894711907,4.384988769864321,"A""",1.0438562593742986,2.406758027371894,0.9523,ok,63.13
1.5,1.05,125.0,74,0.0073855008026679925,-536.1836869168927,-536.7481761755968,-536.7655972891409,4.170586164611872,"A""",0.8911221868189019,2.7788441630434684,0.9518,ok,63.12
1.5,1.05,115.0,74,0.007240382572390636,-536.1895241918826,-536.7541585729128,-536.7716055789699,4.330636279247244,"A""",1.0097750941510821,2.5199035124972577,0.9522,ok,92.28
1.5,1.05,120.0,74,0.007308609824515471,-536.187302433272,-536.7518265801225,-536.769255774838,4.258922834364622,"A""",0.9584564751455547,2.6449125992072395,0.952,ok,91.41
1.5,1.05,130.0,74,0.007466663353194064,-536.1788813945307,-536.743383933923,-536.7608020499138,4.066980799814602,"A""",0.8095747722589708,2.9187906577660034,0.9516,ok,93.35
1.5,1.05,135.0,74,0.007546564727321103,-536.1731068708307,-536.737645746181,-536.7550616361964,3.950172168267213,"A""",0.716205861762197,3.061658323248645,0.9513,ok,92.85
1.5,1.1,90.0,74,0.007419961342644231,-536.1647104927368,-536.7339096142813,-536.7520731104386,4.300403668976383,"A""",0.9761805857193333,1.9052224140916267,0.9504,ok,91.75
1.5,1.1,85.0,74,0.007524610175664287,-536.155331138526,-536.725512395762,-536.7438764820107,4.2677931734343,"A""",0.9175026677637451,1.9196906870433166,0.9503,ok,97.08
1.5,1.1,110.0,74,0.007475387725060663,-536.1810131976202,-536.7479373437785,-536.7657322504448,4.24924254231058,"A""",1.0405517599169256,2.189842882385771,0.9504,ok,94.2
1.5,1.1,75.0,74,0.007911873010754016,-536.1302756215465,-536.702881522194,-536.7218514188447,4.157122925877393,"A""",0.7710591162798778,2.117879523139695,0.95,ok,105.28
1.5,1.1,80.0,74,0.007691946149869142,-536.1438087079922,-536.7151352946236,-536.7337656288356,4.219518244939126,"A""",0.8473584480991636,1.9864710675610566,0.9501,ok,104.45
1.5,1.1,135.0,74,0.008026061838164395,-536.1636690688665,-536.7302050158005,-536.7479629556811,3.766327608844703,"A""",0.7160962648515204,2.916067808852233,0.9492,ok,94.0
1.5,1.1,95.0,74,0.007373298142859063,-536.1719027112539,-536.7402902053914,-536.7583066352877,4.315814163860053,"A""",1.0197079778596008,1.932720724333284,0.9505,ok,101.87
1.5,1.1,130.0,74,0.007899607052115802,-536.1695256390346,-536.736059891265,-536.7538173108176,3.8954147506222654,"A""",0.8101851148255412,2.757463198077177,0.9495,ok,95.39
1.5,1.15,85.0,74,0.007765942899020815,-536.144933529745,-536.7171865984827,-536.7358679494896,4.07860398197755,"A""",0.8677072985632575,1.7756454946156786,0.9475,ok,92.3
1.5,1.1,100.0,74,0.0073739395636682435,-536.1769459471428,-536.7446901421647,-536.7626018112313,4.312855187567383,"A""",1.0457184529498815,1.9936697962818026,0.9505,ok,103.64
1.5,1.1,115.0,74,0.007560764275202937,-536.1803306742091,-536.7470416214637,-536.7648111305601,4.1882498008002385,"A""",1.0089920600604223,2.3152531544723183,0.9502,ok,102.39
1.5,1.1,105.0,74,0.007410976993563018,-536.179937676494,-536.7471989303917,-536.7650391539046,4.290782907247531,"A""",1.0528496440150135,2.081196754255635,0.9505,ok,103.96
1.5,1.15,90.0,74,0.0076682427797494035,-536.1541295704327,-536.7254163208136,-536.7438950072104,4.1185121168354755,"A""",0.9355140507861109,1.755195078724948,0.9475,ok,93.04
1.5,1.1,120.0,74,0.007662437823376722,-536.178063020472,-536.7446572758389,-536.762415588252,4.108232398044357,"A""",0.9590021873693769,2.4538096945345256,0.95,ok,103.96
1.5,1.1,125.0,74,0.007776707818377966,-536.1743952636443,-536.7409400752823,-536.7586960323051,4.0101148824489075,"A""",0.892043239248713,2.6022706750362943,0.9498,ok,103.22
1.5,1.15,110.0,74,0.007834451737948913,-536.1701769361066,-536.7392424664807,-536.7573820504507,4.07635858745731,"A""",1.0197688446570903,2.03717887495765,0.9476,ok,93.35
1.5,1.15,130.0,74,0.008455243825208009,-536.1585369119847,-536.7271879940558,-536.7453225767713,3.6935267268631478,"A""",0.7923158877514033,2.645819852274077,0.9467,ok,63.36
1.5,1.15,75.0,74,0.008187576013826551,-536.1208200762742,-536.695448144194,-536.714772210316,3.958084490796963,"A""",0.6997298776541246,1.9786125307415645,0.9477,ok,104.83
1.5,1.15,80.0,74,0.00794246253446212,-536.1337445566819,-536.7071236120859,-536.7260830622009,4.02378883990826,"A""",0.787000302624024,1.846810478756571,0.9476,ok,105.25
1.5,1.15,135.0,74,0.008652548090503056,-536.1526121618604,-536.7212351753498,-536.7393751753809,3.553025352821497,"A""",0.6984854491992735,2.8187814778674847,0.9464,ok,65.05
1.5,1.15,100.0,74,0.007667160538707801,-536.166192848594,-536.7360544638175,-536.7542925123965,4.1407855059975285,"A""",1.0181151747719264,1.8361351080338433,0.9477,ok,103.06
1.5,1.15,95.0,74,0.007640340305494963,-536.1612161116266,-536.7317062939056,-536.7500418585739,4.140009215599232,"A""",0.9864332405456872,1.7776459413760601,0.9476,ok,104.14
1.5,1.15,105.0,74,0.007735108690171149,-536.1691379480123,-536.7385301558621,-536.7567056268402,4.11967681873924,"A""",1.029340322245583,1.9244646860925347,0.9477,ok,103.54
1.5,1.15,115.0,74,0.007959079643866563,-536.1694622065128,-536.7383197631477,-536.7564432535241,4.0110937329442455,"A""",0.9898293778017416,2.169584753853186,0.9475,ok,104.04
1.5,1.15,120.0,74,0.008105484531201176,-536.167161963581,-536.7359012433714,-536.7540222685819,3.9246255232128,"A""",0.9406534593077528,2.3176073641649766,0.9473,ok,104.65
1.5,1.15,125.0,74,0.00827155763368035,-536.1634561400859,-536.7321364526736,-536.7502629603005,3.818181480937615,"A""",0.8740213791732883,2.4775448241937563,0.947,ok,103.92
1.5,1.2,75.0,74,0.008508038372354787,-536.1101820582359,-536.6868130000881,-536.7065033836125,3.691896382356923,"A""",0.6167041958328712,1.9711116339388448,0.9448,ok,92.76
1.5,1.2,80.0,74,0.008235416511323293,-536.1225095417252,-536.6979525362162,-536.7172552610799,3.759711962896366,"A""",0.7117619338723918,1.8441350373264846,0.9441,ok,93.89
1.5,1.25,115.0,74,0.009027804109050665,-536.1450379238009,-536.7184693982695,-536.7374274274005,3.543952447790204,"A""",0.8632309912561205,2.121512911940392,0.9391,ok,63.34
1.5,1.2,85.0,74,0.00805303357209865,-536.133390464981,-536.7077488036064,-536.7267655986047,3.8232910609065165,"A""",0.7996037050522455,1.766028183147961,0.9438,ok,93.5
1.5,1.2,90.0,74,0.007968504701731617,-536.142427223896,-536.7158509771178,-536.7346676690769,3.87472737341014,"A""",0.8733311160043885,1.7321001068455686,0.9436,ok,93.21
1.5,1.25,130.0,74,0.009992393935673317,-536.134015582072,-536.707247507584,-536.7262912796648,3.204637852564776,"A""",0.6814794481631501,2.61368326370174,0.9384,ok,66.31
1.5,1.2,95.0,74,0.007966198218972122,-536.1494270276131,-536.7220807574013,-536.7407625423165,3.9074437112205223,"A""",0.928941805834543,1.7394921550330875,0.9437,ok,91.53
1.5,1.2,100.0,74,0.008025627028806739,-536.1543520526451,-536.726400539386,-536.7449957136381,3.9172088797903575,"A""",0.9642352490302434,1.7848300434616529,0.9437,ok,92.24
1.5,1.2,105.0,74,0.00813106164292483,-536.1572631969129,-536.7288625248108,-536.7474070914724,3.9019599621971,"A""",0.9781844583347163,1.8637874644059906,0.9438,ok,92.23
1.5,1.2,120.0,74,0.008649132657067335,-536.155225718357,-536.7262032814504,-536.7447287649071,3.7056966422719877,"A""",0.8946567160804378,2.254209491628034,0.9436,ok,92.29
1.5,1.25,75.0,74,0.008895186838415486,-536.0987824455794,-536.6774056197652,-536.6974775360738,3.3658022875834046,"A""",0.5254565803108547,2.091475014875768,0.9413,ok,92.78
1.5,1.2,130.0,74,0.009149896197001569,-536.1465453624768,-536.717420918608,-536.7359803325315,3.461581610111819,"A""",0.749801010319524,2.5972528343903702,0.943,ok,94.78
1.5,1.25,95.0,74,0.008364019966478427,-536.1369960024633,-536.7118944196897,-536.7309577361499,3.622833815175585,"A""",0.8435533700761978,1.8193432065911685,0.9388,ok,94.0
1.5,1.2,110.0,74,0.008272714012453688,-536.1582779768426,-536.7295667540782,-536.748087588567,3.86119272109361,"A""",0.9706676109633106,1.971522513022452,0.9438,ok,104.49
1.5,1.2,115.0,74,0.008445825500272265,-536.1575441447633,-536.7286356503851,-536.7471522594038,3.795394333759225,"A""",0.9423595595922021,2.1031908952596807,0.9438,ok,104.38
1.5,1.25,110.0,74,0.008797756963616675,-536.1457775935913,-536.7193897834551,-536.7383372446427,3.6062421236562945,"A""",0.889251367540945,1.9986626004396606,0.9391,ok,93.49
1.5,1.2,125.0,74,0.00888341697908773,-536.1514975575072,-536.7224133830654,-536.7409549996207,3.5937284764910795,"A""",0.829599820940443,2.4202753053396333,0.9434,ok,102.55
1.5,1.25,80.0,74,0.008588907608478061,-536.1105439826117,-536.6880787319466,-536.7077436609405,3.435714426407568,"A""",0.6228026743689873,1.9723721782068164,0.9401,ok,102.47
1.5,1.25,85.0,74,0.008402859252476535,-536.1211541925835,-536.6976711863131,-536.7170481017129,3.5098437813406766,"A""",0.7122487537576426,1.8856025177733675,0.9393,ok,103.68
1.5,1.25,100.0,74,0.0084604405072596,-536.1418847853884,-536.7162090023734,-536.7352005348808,3.6454882037042573,"A""",0.879815714452172,1.8435348937560483,0.9389,ok,102.33
1.5,1.25,90.0,74,0.008336264029652618,-536.13006162386,-536.7056924510308,-536.7248775870185,3.5755128037319577,"A""",0.787059260203641,1.8336229039232987,0.9389,ok,104.41
1.5,1.25,105.0,74,0.008607891822321929,-536.1447747151038,-536.7186759672924,-536.7376321014848,3.640268881178785,"A""",0.8950381119381138,1.9044907976440537,0.939,ok,103.29
1.5,1.25,125.0,74,0.00961929324302754,-536.1389824514566,-536.7122552465165,-536.7312671130817,3.3409248521027735,"A""",0.7569824321144948,2.433804241745281,0.9388,ok,103.62
1.5,1.25,120.0,74,0.009299859593245294,-536.1427162230643,-536.7160449429687,-536.7350263359325,3.454838300800792,"A""",0.8184457219580852,2.268177779691201,0.939,ok,104.63
1.5,1.25,135.0,74,0.01042424779101304,-536.128007002331,-536.7011799969939,-536.7202510032101,3.048751904531467,"A""",0.5950598066868691,2.8032372156714365,0.938,ok,106.63
1.55,0.8,90.0,74,0.006681512565618538,-536.1625779778279,-536.7215545494913,-536.7385342209317,4.406222415783561,"A""",1.1236466259942908,4.051045096471788,0.9543,ok,105.98
1.55,0.8,75.0,74,0.006942907176810122,-536.1268890775818,-536.6888371853307,-536.7063452957029,4.233883390613368,"A""",1.1076323710585725,4.322243723554134,0.9536,ok,111.19
1.55,0.8,85.0,74,0.006753116500426584,-536.1533523901662,-536.7131920252821,-536.7303216817443,4.3603922766165395,"A""",1.1280107917118452,4.114306047217314,0.9541,ok,112.56
1.55,0.8,80.0,74,0.006840707153604602,-536.1415296032727,-536.7023642275782,-536.7196699996515,4.302574385513496,"A""",1.1226480840892346,4.204113805404581,0.9539,ok,113.77
1.55,0.8,95.0,74,0.006626738159644005,-536.1694029256787,-536.727656318243,-536.7445107187302,4.438923941303187,"A""",1.109323523829142,4.012118203048497,0.9544,ok,115.71
1.55,0.8,110.0,74,0.006559575614052743,-536.1772960441773,-536.7342538134396,-536.7508618929825,4.448809620977858,"A""",1.0040090150423115,4.018925427464807,0.9546,ok,66.39
1.55,0.8,125.0,74,0.0066094795726422805,-536.170105132027,-536.7269593598653,-536.7434718916923,4.3193514823183765,"A""",0.8058378462036621,4.165939217249941,0.9545,ok,77.01
1.55,0.8,105.0,74,0.006566818297157489,-536.1765835575167,-536.7338272929508,-536.7504977771322,4.46092553417806,"A""",1.049692347237279,3.9981966175843233,0.9545,ok,92.4
1.55,0.8,100.0,74,0.006588760058494022,-536.1740117579221,-536.7316867479701,-536.7484387139463,4.457443250962671,"A""",1.0847557718863048,3.995234559940641,0.9545,ok,94.76
1.55,0.8,115.0,74,0.006565466436857876,-536.1763288562087,-536.7331375789438,-536.7497002525906,4.420910437623904,"A""",0.9478062068564141,4.055361177225177,0.9546,ok,92.13
1.55,0.8,120.0,74,0.0065827279783534295,-536.1738670508316,-536.7306481502673,-536.7471799369674,4.377494100415605,"A""",0.8814922987638651,4.105262631091055,0.9546,ok,93.05
1.55,0.85,75.0,74,0.007063236853678372,-536.1473661380318,-536.7112248884455,-536.7290181910241,4.2360668244872475,"A""",1.0647243832322202,4.034550488714899,0.9532,ok,102.19
1.55,0.85,110.0,74,0.006651335318356916,-536.1970971675788,-536.7557672668338,-536.7726041398863,4.407614449590611,"A""",1.0077693197818902,3.816211789991394,0.9542,ok,96.54
1.55,0.8,135.0,74,0.006683116338404558,-536.1595315874583,-536.7167440341019,-536.7332405778725,4.165091323253797,"A""",0.6315885072650143,4.305044960580302,0.9545,ok,114.87
1.55,0.8,130.0,74,0.006643703496040435,-536.1652513220362,-536.722256771473,-536.7387585841341,4.247870336342996,"A""",0.7220075358493367,4.23398128254776,0.9545,ok,123.71
1.55,0.85,85.0,74,0.006853131006992588,-536.1734897100541,-536.7351619777166,-536.7525446002466,4.350300389575986,"A""",1.0990904441244147,3.8375929087979723,0.9538,ok,111.39
1.55,0.85,80.0,74,0.006949683365069702,-536.1618082601399,-536.7245132971157,-536.7420860374385,4.298725248213151,"A""",1.0864252589654422,3.9192519318026364,0.9535,ok,113.25
1.55,0.85,115.0,74,0.006660021701904749,-536.1960793955317,-536.7545833845609,-536.7713750831775,4.373549528078548,"A""",0.955897364720235,3.8679265333402926,0.9542,ok,104.75
1.55,0.85,90.0,74,0.006775269824995402,-536.1826145733021,-536.7433907237319,-536.7606132567893,4.389834694038733,"A""",1.1021765997809718,3.786248389449172,0.9539,ok,115.87
1.55,0.85,105.0,74,0.006656547568296459,-536.1964340618943,-536.7554072645988,-536.7723072967833,4.425882047563707,"A""",1.048223655603979,3.7795304670281364,0.9542,ok,110.61
1.55,0.85,95.0,74,0.006716937298542521,-536.1893648362113,-536.7493899786092,-536.7664803995095,4.416267220111479,"A""",1.0950800612818117,3.7616591526283165,0.9541,ok,113.92
1.55,0.9,125.0,74,0.006847268845267181,-536.1991732847644,-536.759457321433,-536.7764493900901,4.191986133929674,"A""",0.8357773573027377,3.810977392181349,0.9536,ok,77.58
1.55,0.85,100.0,74,0.00667778022382588,-536.1939141449305,-536.7533378574442,-536.7703216022244,4.428570406837074,"A""",1.0772430358055762,3.760437105268964,0.9541,ok,126.27
1.55,0.9,75.0,74,0.007205685315550256,-536.1578792813713,-536.723751603645,-536.741848334465,4.229051136517556,"A""",1.021620928278507,3.7107979466577143,0.9527,ok,120.04
1.55,0.85,120.0,74,0.0066803688879253165,-536.1935628636825,-536.7520201200314,-536.7687816586684,4.323919246288447,"A""",0.8929650913889345,3.932072591883286,0.9542,ok,127.39
1.55,0.85,125.0,74,0.006709999462957507,-536.1897395246274,-536.7482472058496,-536.7649902935734,4.259489643145981,"A""",0.8197138152700044,4.005724033360474,0.9541,ok,125.11
1.55,0.9,130.0,74,0.006889671340166012,-536.1941760257224,-536.7545547897365,-536.771537526434,4.106796648203868,"A""",0.7546639617102142,3.9035482219934776,0.9535,ok,76.52
1.55,0.85,135.0,74,0.006786948926216119,-536.1790141421719,-536.7378211309616,-536.7545487986262,4.092411563748547,"A""",0.647320932778131,4.16675554547644,0.954,ok,124.38
1.55,0.85,130.0,74,0.006746444034009063,-536.1848152940341,-536.7434470705326,-536.7601799828541,4.181637544511324,"A""",0.7372985138838889,4.085372126150967,0.9541,ok,126.49
1.55,0.9,80.0,74,0.007077807773048452,-536.1720314691328,-536.7367130718828,-536.7545688892933,4.2871856734571425,"A""",1.0502768910708093,3.5969190753025035,0.9531,ok,120.74
1.55,0.9,85.0,74,0.006970784317586558,-536.1835160146388,-536.7471297913859,-536.7647802948934,4.333570299179744,"A""",1.0706280308099727,3.5228687050387757,0.9533,ok,122.41
1.55,0.9,90.0,74,0.006886600652290116,-536.1925065482463,-536.755193824791,-536.7726737156256,4.36750146702779,"A""",1.0815852813035292,3.483365267239086,0.9535,ok,121.33
1.55,0.9,105.0,74,0.006769676983749613,-536.2060981278495,-536.7669207264281,-536.7840661229,4.385378842620909,"A""",1.0486493603937137,3.5235313628185745,0.9538,ok,119.72
1.55,0.9,95.0,74,0.006825856591932165,-536.1991615390541,-536.761072753121,-536.7784138241207,4.388065671101874,"A""",1.0821159309001744,3.4732619324342124,0.9537,ok,123.89
1.55,0.9,100.0,74,0.006787562281070195,-536.2036384081738,-536.7649280257248,-536.782158670569,4.39430542945813,"A""",1.0713541080368512,3.4879631927850796,0.9537,ok,123.43
1.55,0.9,115.0,74,0.0067842991041335825,-536.2056343153661,-536.7659571673472,-536.7829952140852,4.31999775317927,"A""",0.9661845591419383,3.6441734734372067,0.9537,ok,126.07
1.55,0.95,75.0,74,0.007371134356798558,-536.1612395644516,-536.7291926142442,-536.7476080155984,4.2106719558861485,"A""",0.9782598320247508,3.3546452322196596,0.9522,ok,97.84
1.55,0.9,120.0,74,0.006811183646068041,-536.2030603658474,-536.7633176428585,-536.7803268831584,4.263512594121971,"A""",0.9066672715232089,3.7233335311425426,0.9537,ok,125.59
1.55,0.95,85.0,74,0.007106875271668341,-536.1862657977388,-536.7518982486041,-536.769829001123,4.30840086413032,"A""",1.042646995734849,3.174100311312823,0.9528,ok,97.54
1.55,0.9,135.0,74,0.0069349599276916215,-536.1882898534209,-536.7488084098253,-536.765786029357,4.010014631213706,"A""",0.6649504224457293,3.996888236918949,0.9534,ok,111.63
1.55,0.95,80.0,74,0.0072257627539887275,-536.1750223823711,-536.7417533921429,-536.759905564302,4.265992978811675,"A""",1.0142113338778649,3.241005259777753,0.9526,ok,110.06
1.55,1.0,75.0,74,0.007560766877796947,-536.1594763398801,-536.7295377197531,-536.7482842116551,4.177777808718101,"A""",0.9342657828566917,2.9768452375345347,0.9515,ok,66.65
1.55,0.95,90.0,74,0.007016771432806398,-536.1950981026521,-536.7597774795333,-536.7775270426578,4.337535486423312,"A""",1.061871308839055,3.14630778013758,0.9531,ok,101.59
1.55,0.95,95.0,74,0.006955486979595339,-536.2016452913991,-536.7655272390518,-536.783131800498,4.352699876371633,"A""",1.0703768368936666,3.1506866392544817,0.9532,ok,100.33
1.55,1.0,100.0,74,0.007082229069854268,-536.203207668053,-536.768464059655,-536.7862291148352,4.302376407588448,"A""",1.0637391376457672,2.8502478848296824,0.9526,ok,66.19
1.55,0.95,105.0,74,0.006910019454289558,-536.2084405428093,-536.7712042654567,-536.788609771408,4.337820572714501,"A""",1.0507552609837945,3.233494584351513,0.9532,ok,104.98
1.55,0.95,100.0,74,0.0069209644373620215,-536.2060435383167,-536.7692873696712,-536.7867786253762,4.353056879253642,"A""",1.066962078406206,3.1813538747780234,0.9532,ok,108.44
1.55,0.95,110.0,74,0.006918934752865322,-536.2089936686955,-536.7714274072221,-536.7887708466593,4.30641143147775,"A""",1.021232087909344,3.3031536515077766,0.9532,ok,108.95
1.55,0.95,115.0,74,0.006944201846699839,-536.2078684914743,-536.7701066986217,-536.7874078619691,4.258587281071633,"A""",0.9782473813602709,3.3869438044855156,0.9531,ok,110.04
1.55,0.95,125.0,74,0.007030249856407127,-536.2012907235954,-536.7634484017245,-536.780707708355,4.1150558224977996,"A""",0.85338543432946,3.584242595097752,0.9529,ok,111.47
1.55,0.95,135.0,74,0.007140428080451195,-536.1902521908041,-536.7525759582284,-536.7698225573392,3.9159751503370446,"A""",0.6836630829114834,3.7978081395770653,0.9527,ok,109.43
1.55,0.95,120.0,74,0.006982397474594274,-536.2052391745788,-536.767393872905,-536.7846684103981,4.194550974429978,"A""",0.922066193570385,3.481716146890177,0.953,ok,119.84
1.55,1.0,80.0,74,0.007394798876838573,-536.1728245804059,-536.7416411405183,-536.7601004312397,4.232178411415054,"A""",0.9780327942441779,2.8623090101655815,0.9519,ok,105.23
1.55,0.95,130.0,74,0.00708424334938715,-536.1962224725322,-536.7584443247983,-536.7756956293717,4.021495716042494,"A""",0.7733626626850653,3.6909561650359195,0.9528,ok,122.05
1.55,1.0,85.0,74,0.007263026949322122,-536.1837946377302,-536.7514884701358,-536.7697097871375,4.272014523601514,"A""",1.0150256370306534,2.80190260231763,0.9522,ok,105.76
1.55,1.0,90.0,74,0.007168122148916141,-536.1924542622531,-536.7591740840971,-536.7772041158651,4.29731675332766,"A""",1.0429022378780686,2.7853901381680846,0.9524,ok,105.48
1.55,1.0,95.0,74,0.007109077395915898,-536.1988884299807,-536.7647946339024,-536.7826745343448,4.307659168154755,"A""",1.059656025394772,2.803902996058004,0.9526,ok,106.51
1.55,1.05,110.0,74,0.007338104643976344,-536.1994032750177,-536.7658779258066,-536.783793542439,4.164903727859402,"A""",1.0383684493797383,2.697720553965452,0.9515,ok,62.72
1.55,1.0,110.0,74,0.007105959767926991,-536.2060463598003,-536.7704753713471,-536.7880959663881,4.2423531649035535,"A""",1.0299568315686713,3.004966023868624,0.9525,ok,113.32
1.55,1.0,105.0,74,0.007082830764676154,-536.2055442908918,-536.7703117860555,-536.7879920118087,4.2807830050314735,"A""",1.0540576413451614,2.9187614610809973,0.9526,ok,116.5
1.55,1.0,120.0,74,0.007203176966724321,-536.2021947906002,-536.7663174629654,-536.7838755504216,4.114567080155316,"A""",0.9380973159335919,3.216024195131731,0.9523,ok,115.56
1.55,1.05,85.0,74,0.007441644297840781,-536.1776147445411,-536.7473899446989,-536.7659115331055,4.21980992309169,"A""",0.9872845187186107,2.4247697861705624,0.9514,ok,94.06
1.55,1.0,115.0,74,0.00714735862645257,-536.2048733582848,-536.7690957117177,-536.7866771875046,4.186873417109351,"A""",0.9912236661298779,3.105161948281813,0.9524,ok,120.61
1.55,1.05,75.0,74,0.00777609541393879,-536.1540727675309,-536.726241289524,-536.7453296001211,4.125362426134049,"A""",0.8886948104629189,2.5966370670284054,0.9507,ok,106.06
1.55,1.05,95.0,74,0.007291027199022861,-536.192418501302,-536.7603837533977,-536.7785515172143,4.248884334513935,"A""",1.0493352399842044,2.4499824202341958,0.9517,ok,93.95
1.55,1.0,125.0,74,0.007269912483564242,-536.1981914275134,-536.7622942940233,-536.7798399862667,4.026211581406793,"A""",0.8712821877640374,3.3342484854851224,0.9521,ok,118.17
1.55,1.05,80.0,74,0.007586684114492122,-536.166937672475,-536.7378504620496,-536.7566264000238,4.180869168657665,"A""",0.9411160484440665,2.4799053916089617,0.9511,ok,108.03
1.55,1.05,105.0,74,0.0072945511711611285,-536.1989450684155,-536.7657624532412,-536.783733590009,4.210545887131652,"A""",1.0574487631587979,2.59534955552024,0.9517,ok,91.55
1.55,1.05,100.0,74,0.007276782013264499,-536.1966629133449,-536.7639727636101,-536.7820259898164,4.238399651863834,"A""",1.0608521224353558,2.5111223002821386,0.9517,ok,94.37
1.55,1.0,135.0,74,0.007420183436248562,-536.1870088712117,-536.7512086038511,-536.7687445950544,3.8077838714163352,"A""",0.7019367483378305,3.5781490487365164,0.9518,ok,118.25
1.55,1.05,90.0,74,0.007343990385153516,-536.1860962537007,-536.7548843829184,-536.7732057415199,4.242534722516866,"A""",1.024188723472552,2.4183811276230487,0.9516,ok,106.09
1.55,1.0,130.0,74,0.007343756721415164,-536.1930583189409,-536.7571949755326,-536.7747347259273,3.923234246415221,"A""",0.791978611018445,3.4562755750465333,0.9519,ok,119.43
1.55,1.05,125.0,74,0.007579059622360786,-536.1914234979428,-536.7575302350203,-536.7753841812956,3.922133049653307,"A""",0.8871215752021132,3.0761537779187083,0.951,ok,72.37
1.55,1.05,115.0,74,0.007402583521328022,-536.1981907458506,-536.7644509876409,-536.7823321338188,4.101337650731531,"A""",1.0033642992539604,2.8142724006800517,0.9514,ok,106.93
1.55,1.05,120.0,74,0.007484016210274364,-536.1954721097393,-536.7616192186427,-536.7794815382427,4.020135047743011,"A""",0.9526927516614319,2.9415396154652775,0.9512,ok,103.08
1.55,1.1,75.0,74,0.008019628304405637,-536.1461163701815,-536.7203770655437,-536.7398174727077,4.045322674854664,"A""",0.8393839571267125,2.2426480727784748,0.9495,ok,95.76
1.55,1.1,80.0,74,0.007804140235867196,-536.1584670752873,-536.731476916571,-536.7505791812534,4.103908792819019,"A""",0.9017060031756559,2.122412936556584,0.9499,ok,95.49
1.55,1.05,130.0,74,0.007684026961435729,-536.1862350223207,-536.7523468058637,-536.7701979272784,3.808816055979012,"A""",0.8079624891774939,3.2145529831595656,0.9507,ok,104.58
1.55,1.05,135.0,74,0.007794196072498096,-536.1801148173206,-536.7462515231812,-536.7641007195805,3.6823850532821196,"A""",0.7171248998743369,3.3528216711399046,0.9505,ok,107.2
1.55,1.1,95.0,74,0.007507058333375002,-536.1833675394555,-536.7534236430262,-536.7718941617853,4.169792698683922,"A""",1.0375664259650808,2.1137751232262048,0.9505,ok,94.38
1.55,1.1,90.0,74,0.0075490365792155924,-536.1771507468767,-536.7480304600195,-536.766655711442,4.166016591123355,"A""",1.0041171605082777,2.0715144651068806,0.9504,ok,95.22
1.55,1.1,130.0,74,0.008122193502269844,-536.1769020495389,-536.7450534646072,-536.7632439169403,3.674533585090533,"A""",0.8169984878095171,2.985569391141239,0.9491,ok,73.68
1.55,1.1,100.0,74,0.0075112814961244305,-536.1875447841784,-536.7569470814161,-536.7753057295799,4.155070997579331,"A""",1.0560918251379359,2.187627684159299,0.9505,ok,101.74
1.55,1.1,105.0,74,0.007552697451263348,-536.189780870837,-536.758693084887,-536.7769745896455,4.121506578546419,"A""",1.0582838071654328,2.285938072190729,0.9504,ok,99.66
1.55,1.2,75.0,74,0.00861469602299034,-536.1255144259839,-536.7039116395819,-536.7240902243909,3.749844217192137,"A""",0.7102059278321414,1.7715328263989594,0.9454,ok,64.19
1.55,1.1,110.0,74,0.0076238148624928025,-536.1902044946443,-536.7587745995526,-536.7770066807079,4.068856518359959,"A""",1.0433583165742342,2.403328221299669,0.9502,ok,102.76
1.55,1.1,115.0,74,0.0077195185069221925,-536.1889627705814,-536.7573148371071,-536.7755188831228,3.997139382548283,"A""",1.0111142540059233,2.53556745635714,0.95,ok,102.82
1.55,1.1,120.0,74,0.007836227130235148,-536.1862154306847,-536.754444643316,-536.7726360728145,3.9067755670184754,"A""",0.961916857065583,2.6790243010448753,0.9497,ok,102.14
1.55,1.15,85.0,74,0.007882496796692718,-536.1583099958511,-536.7322926388314,-536.7514489503549,4.032234856503192,"A""",0.9224009022610868,1.7765723518738445,0.9483,ok,92.91
1.55,1.15,100.0,74,0.007793750836305352,-536.1766944603637,-536.7482373684323,-536.766923017911,4.043417764697395,"A""",1.043993700764961,1.910385987964124,0.9485,ok,91.57
1.55,1.15,75.0,74,0.008296168893507276,-536.13640305379,-536.7127385434128,-536.7325418811049,3.925291836068102,"A""",0.7819764255325173,1.9531098544010976,0.9479,ok,103.02
1.55,1.1,125.0,74,0.00797139866915199,-536.1821336662524,-536.7503054891639,-536.7684941368825,3.7987157398057523,"A""",0.8967011673066198,2.830229412225847,0.9494,ok,114.15
1.55,1.15,80.0,74,0.00805208942592662,-536.1482269523863,-536.7233368276901,-536.7427764265996,3.9883460321694093,"A""",0.8554948526409278,1.8290712710726713,0.9481,ok,103.51
1.55,1.15,95.0,74,0.007764608190645411,-536.1725741733967,-536.744761438986,-536.7635534399365,4.060228605289874,"A""",1.0193768866914483,1.828334687113991,0.9485,ok,99.96
1.55,1.15,115.0,74,0.00810801330907658,-536.178034813871,-536.7485433222462,-536.7670988149285,3.8682113720446702,"A""",1.007729972530897,2.2942643202261075,0.948,ok,93.8
1.55,1.15,90.0,74,0.0077897410697504626,-536.1664519523334,-536.7394538000449,-536.7583986531994,4.056377658272095,"A""",0.978112766851575,1.7804595989017606,0.9485,ok,104.59
1.55,1.1,135.0,74,0.008284534959403594,-536.1707225346339,-536.7388633486764,-536.7570551259786,3.5364868524468203,"A""",0.7249750986818194,3.141117539064685,0.9488,ok,113.38
1.55,1.15,120.0,74,0.008271052435774393,-536.1752716098282,-536.7456523311658,-536.7642034646939,3.7692580929789967,"A""",0.958889511944868,2.4523233223897614,0.9476,ok,94.39
1.55,1.15,105.0,74,0.007865634054984498,-536.1788945069303,-536.74995599245,-536.7685719919854,4.005759027672498,"A""",1.0505906302525592,2.019050806053151,0.9484,ok,103.11
1.55,1.15,110.0,74,0.007972071722411241,-536.1792941158175,-536.7500194824534,-536.768594460551,3.9472641656726295,"A""",1.038504765968486,2.1485372157964773,0.9482,ok,104.68
1.55,1.15,125.0,74,0.008460228573729342,-536.1711705826057,-536.7414819259122,-536.7600379468818,3.6515479475852413,"A""",0.8932263690794687,2.6190360909827204,0.9473,ok,106.02
1.55,1.15,130.0,74,0.00867523911599933,-536.165910258211,-536.7361809850819,-536.754745595291,3.5167889036297715,"A""",0.8126057970297907,2.790647421244663,0.9469,ok,113.91
1.55,1.2,120.0,74,0.00879816362666946,-536.1632662094037,-536.7358846387514,-536.7548331889437,3.6027599485580657,"A""",0.9337843027228727,2.2841743317178813,0.9447,ok,64.81
1.55,1.15,135.0,74,0.008913470966513562,-536.1596855578755,-536.7299152538337,-536.7484866498497,3.3673008059734015,"A""",0.7195210693712221,2.963148052118717,0.9465,ok,115.83
1.55,1.2,80.0,74,0.008338358931382687,-536.136816675442,-536.7140391436496,-536.7338295561445,3.8173168469811736,"A""",0.794608105659746,1.6462017715739792,0.9453,ok,93.59
1.55,1.2,85.0,74,0.008158948362138511,-536.1466225693924,-536.7227492184146,-536.7422458774107,3.867848581498316,"A""",0.8717794239486679,1.5890926714958127,0.9454,ok,91.49
1.55,1.2,90.0,74,0.00807537636348211,-536.1546172675559,-536.7297859590844,-536.7490706875982,3.89845475813522,"A""",0.9361114099357702,1.5878177403611833,0.9454,ok,92.57
1.55,1.2,95.0,74,0.00807267683433807,-536.1606592017569,-536.7350325888079,-536.754170001167,3.9069246861509312,"A""",0.9840573314090476,1.6323702667984463,0.9455,ok,93.55
1.55,1.2,100.0,74,0.008132969513783419,-536.164734431423,-536.7384808788185,-536.7575207484266,3.892148865171794,"A""",1.0134638016256072,1.7141543334681564,0.9455,ok,92.72
1.55,1.2,135.0,74,0.00969978901854254,-536.1476347145395,-536.7200619019491,-536.7390597663427,3.1737365220435816,"A""",0.6941989103172267,2.83536143091953,0.9435,ok,74.1
1.55,1.2,105.0,74,0.008242146247596092,-536.1669093657981,-536.7401895595411,-536.759170183028,3.853872213962311,"A""",1.0231574796103968,1.8258376862554186,0.9455,ok,93.99
1.55,1.2,110.0,74,0.008391430226262462,-536.1672961635044,-536.7402517184839,-536.7592023034443,3.79237790181944,"A""",1.01276568756855,1.9613303274055827,0.9453,ok,95.64
1.55,1.2,115.0,74,0.00857686955937861,-536.1660315645615,-536.7387768413989,-536.7577189616204,3.7083298122218755,"A""",0.9826361600995183,2.1155718790355746,0.9451,ok,96.55
1.55,1.2,125.0,74,0.009057405478006694,-536.1591610381271,-536.7317047905478,-536.7506686322143,3.477116010877588,"A""",0.8678490929118999,2.463059701375985,0.9444,ok,104.51
1.55,1.2,130.0,74,0.009357542915741455,-536.1538881574713,-536.7263786323954,-536.7453608850726,3.333308093148055,"A""",0.7870577861569823,2.6481829212366503,0.9439,ok,105.8
1.55,1.25,90.0,74,0.008417398896901896,-536.1421040944898,-536.7195022422341,-536.7391533176366,3.680304112543992,"A""",0.8655645455748219,1.5279937416882414,0.941,ok,91.89
1.55,1.25,75.0,74,0.00899125634342246,-536.1138757725904,-536.6943301803086,-536.7148989365683,3.5083128065534352,"A""",0.6209768076492407,1.7298871699091847,0.9421,ok,103.4
1.55,1.25,85.0,74,0.0084874962236112,-536.1342342351877,-536.7125529533309,-536.7324116719369,3.638446305472086,"A""",0.7958183905975077,1.543359851391828,0.9411,ok,101.45
1.55,1.25,80.0,74,0.008676168099568672,-536.1246782547128,-536.7040402374224,-536.7241988272448,3.578803030344868,"A""",0.7122229171508772,1.6085439110472943,0.9414,ok,103.68
1.55,1.25,95.0,74,0.008442276439030501,-536.1480823268553,-536.7247146464299,-536.7442282108143,3.6991578983849656,"A""",0.9178069198230855,1.5577934231413204,0.9411,ok,93.37
1.6,0.8,100.0,74,0.006756888085580304,-536.1797249195158,-536.7390065057284,-536.7562011281358,4.1283693625224425,"A""",1.0719972566633282,4.3532374444663535,0.9526,ok,65.36
1.55,1.25,120.0,74,0.009424448111154676,-536.1506605080082,-536.725621067066,-536.7450132479462,3.4051054557005553,"A""",0.8775550815789889,2.190314396751065,0.9408,ok,94.46
1.6,0.8,75.0,74,0.007097960157882614,-536.1384230558144,-536.701917797255,-536.7198779388167,3.9148290636995977,"A""",1.1242902885634696,4.596016931925319,0.9518,ok,93.47
1.55,1.25,105.0,74,0.00869056804855202,-536.1542862124762,-536.7298713060544,-536.7492539963076,3.65860743621731,"A""",0.9625077990571981,1.7313935809283834,0.9413,ok,102.51
1.55,1.25,100.0,74,0.008538713241863928,-536.152125237309,-536.7281555040712,-536.7475839460125,3.6922050065467196,"A""",0.9504585646760144,1.6275496794231976,0.9413,ok,104.14
1.55,1.25,110.0,74,0.008889338631324767,-536.1546714564035,-536.7299488434443,-536.7493153142635,3.59875973354508,"A""",0.9538246689594491,1.8634059483529959,0.9413,ok,104.55
1.55,1.25,115.0,74,0.009133026388089232,-536.153413959139,-536.7284935013636,-536.7478653705831,3.513751520513613,"A""",0.9250604149314814,2.018061363824547,0.9411,ok,105.12
1.55,1.25,130.0,74,0.01017761752671127,-536.1412989976242,-536.7161321813877,-536.7355860434081,3.1247077008804744,"A""",0.7346048054812602,2.5690101030783987,0.9399,ok,103.88
1.6,0.8,80.0,74,0.0070000224464382465,-536.1515574881054,-536.7139528079891,-536.7317088522674,3.9841884972767927,"A""",1.1311716428305238,4.544398846659764,0.952,ok,102.68
1.55,1.25,135.0,74,0.010654714592305539,-536.1350352099848,-536.7097946426865,-536.7292779055401,2.957677152315701,"A""",0.6445724254898332,2.766447381525126,0.9394,ok,108.33
1.6,0.8,85.0,74,0.0069157668853147055,-536.1620697276766,-536.7234805251289,-536.7410582828257,4.041361258935381,"A""",1.1292726871445715,4.483406516307597,0.9522,ok,104.15
1.6,0.8,90.0,74,0.00684647527720499,-536.1701525854656,-536.7307099909694,-536.7481355018881,4.08519864991969,"A""",1.118838370225946,4.4275182816263845,0.9524,ok,104.64
1.6,0.8,135.0,74,0.006918121548866295,-536.1614942310306,-536.7203934602012,-536.7373404452017,3.772565038937557,"A""",0.6255103924108011,4.276863249099002,0.9526,ok,72.42
1.6,0.8,115.0,74,0.006744717649128696,-536.1800617048427,-536.7385311274834,-536.7555382235349,4.0702951894209525,"A""",0.9331991419144334,4.311261561042357,0.9527,ok,92.25
1.6,0.8,110.0,74,0.006733275253433248,-536.1816018787536,-536.7402027298484,-536.7572538262767,4.106528854574561,"A""",0.9888392199836751,4.32020416047072,0.9527,ok,93.54
1.6,0.8,95.0,74,0.006793329960528033,-536.1759819699774,-536.7358274989527,-536.753125794645,4.114546901220922,"A""",1.099820592243725,4.383942455427044,0.9525,ok,103.1
1.6,0.8,105.0,74,0.0067370676170390295,-536.1815442686175,-536.7404121613524,-536.7575250045387,4.125858517489052,"A""",1.0350819753604399,4.333096256977333,0.9526,ok,102.79
1.6,0.8,120.0,74,0.006770362457282962,-536.1770934306226,-536.7355492347448,-536.7525272636076,4.0175450667022,"A""",0.8683494954229443,4.303658384712213,0.9527,ok,92.67
1.6,0.85,75.0,74,0.0072141790000715645,-536.1588398765908,-536.7242597095009,-536.7425088027542,3.921708960416753,"A""",1.0873152545195577,4.449051613295165,0.9514,ok,93.55
1.6,0.85,80.0,74,0.007106093165392577,-536.1718168708711,-536.7361029747025,-536.7541310191432,3.9849023024159966,"A""",1.100497228445816,4.34569734550144,0.9517,ok,94.09
1.6,0.85,85.0,74,0.007014448809673436,-536.1822181340106,-536.7454850609154,-536.7633215165492,4.035886015735382,"A""",1.10529270314972,4.266586163784598,0.9519,ok,94.62
1.6,0.8,130.0,74,0.006858898066867021,-536.1676059211047,-536.7262993822495,-536.7432508612735,3.866819707263697,"A""",0.7134185475370743,4.286868286692376,0.9526,ok,104.06
1.6,0.8,125.0,74,0.006808969364866582,-536.1728767497953,-536.7314148990163,-536.7483755482986,3.949208467210109,"A""",0.7947974383343867,4.295769907215116,0.9526,ok,115.04
1.6,0.85,125.0,74,0.006918741431073889,-536.1926394395566,-536.7528495033868,-536.7700463705098,3.898371879748799,"A""",0.8090993537586404,4.217936372318039,0.9522,ok,81.55
1.6,0.85,100.0,74,0.006848370556678039,-536.1996920388261,-536.7607467305768,-536.778179120517,4.105150338024531,"A""",1.0672086513666315,4.169864514443472,0.9523,ok,93.25
1.6,0.85,90.0,74,0.006940373882054132,-536.1902226341175,-536.7526043512693,-536.7702787439353,4.0736435107888,"A""",1.101582591954933,4.212944122396101,0.9521,ok,102.68
1.6,0.85,120.0,74,0.006875266002530164,-536.1969041517865,-536.7570559451447,-536.7742693875726,3.9722355390534485,"A""",0.8805029114896984,4.2094678248370885,0.9523,ok,92.53
1.6,0.85,95.0,74,0.006884919995790328,-536.1959944737104,-536.757636603878,-536.7751769812668,4.097076293970013,"A""",1.0890320508872682,4.182028232235125,0.9522,ok,103.03
1.6,0.85,105.0,74,0.006830257140442128,-536.2014722067863,-536.7620931468514,-536.7794414230336,4.097028862596921,"A""",1.035676204651658,4.171787365054568,0.9523,ok,102.14
1.6,0.85,115.0,74,0.006845064672013015,-536.1999143231092,-536.7601002658776,-536.7773421046662,4.030469952002038,"A""",0.9423249365023555,4.196699067761505,0.9523,ok,99.68
1.6,0.85,110.0,74,0.006829584327134762,-536.2014926918988,-536.7618284021211,-536.7791140842924,4.0721805691758455,"A""",0.9940953492916714,4.1825553127324815,0.9523,ok,101.77
1.6,0.9,120.0,74,0.007014514000639708,-536.2064966972481,-536.7684693102308,-536.7859360362651,3.9219462762821093,"A""",0.8946718942863061,4.057434824459361,0.9519,ok,63.74
1.6,0.9,75.0,74,0.007352670971587421,-536.1692421203327,-536.7366942034371,-536.7552512560688,3.9219897136904085,"A""",1.049838286200886,4.142891124598822,0.951,ok,102.44
1.6,0.9,80.0,74,0.007231189965879418,-536.1819815010433,-536.7482686504798,-536.7665855137244,3.9802383751536357,"A""",1.0695752019582128,4.033347500193583,0.9513,ok,104.92
1.6,0.9,85.0,74,0.007130691275490997,-536.1922225864391,-536.7574582606086,-536.775568926074,4.025859993018512,"A""",1.0814340398520916,3.9602192390066437,0.9515,ok,103.57
1.6,0.9,90.0,74,0.007051875663151026,-536.2001187108064,-536.7644395607563,-536.7823777889271,4.0580649082159175,"A""",1.0848564543358086,3.9189444954141366,0.9517,ok,103.21
1.6,0.9,95.0,74,0.006995355596568866,-536.205814609569,-536.7693704683012,-536.7871678770324,4.07587093179053,"A""",1.0791683104582281,3.904560570577322,0.9518,ok,103.3
1.6,0.9,105.0,74,0.006947180594565213,-536.2111895008534,-536.7736853756422,-536.7912850042593,4.0644584581331475,"A""",1.0378315026765272,3.93677021847566,0.952,ok,101.2
1.6,0.9,100.0,74,0.006960830747894178,-536.2094554547543,-536.7724028071275,-536.7900882869386,4.078283565024478,"A""",1.063693981039624,3.9121456428296666,0.9519,ok,103.59
1.6,0.85,135.0,74,0.007036823675692861,-536.1811332258808,-536.7416427643135,-536.7588267156464,3.710467361172332,"A""",0.6414040261775992,4.22018252031485,0.9521,ok,119.42
1.6,0.85,130.0,74,0.00697352471828501,-536.1873121003266,-536.7476490344151,-536.7648373356787,3.810389404995051,"A""",0.7289677791221474,4.221300213611148,0.9522,ok,121.97
1.6,0.9,110.0,74,0.0069527899268844165,-536.2111687458192,-536.7733630676298,-536.790899943657,4.033831909615416,"A""",1.0011324318224872,3.9731932498960854,0.9519,ok,102.81
1.6,0.9,115.0,74,0.00697590443290223,-536.2095499074319,-536.7715771480141,-536.7890710035018,3.9862275649168213,"A""",0.9533834747397012,4.015540454485776,0.9519,ok,101.39
1.6,0.95,115.0,74,0.0071424884009939574,-536.2118441420591,-536.7758094505065,-536.7935717725397,3.936627995029424,"A""",0.9660719445750864,3.7709567172897156,0.9514,ok,64.32
1.6,0.95,80.0,74,0.00737616257300774,-536.1848843196764,-536.7532490793262,-536.7718687110228,3.9692418931872724,"A""",1.0385050305011692,3.668417110207757,0.9508,ok,104.55
1.6,0.95,75.0,74,0.007514756281597147,-536.1724533454187,-536.7420090227494,-536.7608900582123,3.9145561874179635,"A""",1.0119635292778457,3.776995582760219,0.9505,ok,113.05
1.6,0.95,105.0,74,0.007091163582723864,-536.2135630504773,-536.778026781694,-536.7958923882621,4.027311438119861,"A""",1.0413871946718163,3.645384133871032,0.9515,ok,93.19
1.6,0.9,125.0,74,0.007067010866610948,-536.2021833277123,-536.7641890967577,-536.7816405228153,3.8418561254713413,"A""",0.8254303162003956,4.093125768273387,0.9518,ok,118.32
1.6,0.95,95.0,74,0.007126335468718953,-536.2082987342027,-536.7738551000796,-536.7919225356908,4.050143965735945,"A""",1.070192471919631,3.575738348991964,0.9514,ok,94.75
1.6,0.9,130.0,74,0.00713110995525285,-536.1967987284343,-536.7589007619714,-536.776344564628,3.747455516654787,"A""",0.7464896652905365,4.119266493244978,0.9517,ok,120.91
1.6,0.95,85.0,74,0.007265278364295955,-536.1949250144678,-536.7622097662152,-536.7806075211907,4.010429653451267,"A""",1.0577618009064744,3.6032849295701035,0.9511,ok,105.07
1.6,0.95,90.0,74,0.007182083752798657,-536.202690567551,-536.769034137283,-536.7872488440228,4.0376617109215385,"A""",1.0686781121288,3.5745609191295693,0.9513,ok,103.71
1.6,0.95,110.0,74,0.007107208354287055,-536.2135014372341,-536.7776496526468,-536.7954532953084,3.990598845705112,"A""",1.0097212477685216,3.703753847490426,0.9515,ok,92.69
1.6,0.9,135.0,74,0.00720360582546211,-536.1905510916756,-536.7527891399535,-536.7702289212026,3.6409278890824828,"A""",0.6591468994430891,4.135628052845106,0.9516,ok,133.77
1.6,1.0,90.0,74,0.007333052371721286,-536.200007487804,-536.7684241845147,-536.7869263395623,4.011213394091585,"A""",1.0530466573161856,3.1939662782769447,0.9508,ok,76.38
1.6,0.95,120.0,74,0.007194832851077279,-536.2087509805986,-536.7726418588001,-536.790379103744,3.865678438254458,"A""",0.9104754706974926,3.8410839490630395,0.9513,ok,92.95
1.6,0.95,130.0,74,0.0073419735340442775,-536.1989542234484,-536.7629175083441,-536.7806352311021,3.6769023699569185,"A""",0.7654505853117072,3.964536130543459,0.9511,ok,123.96
1.6,1.0,75.0,74,0.00770212675183495,-536.1705141829544,-536.7422053845015,-536.761423628503,3.897884252908581,"A""",0.973672269980587,3.3753291532538774,0.9499,ok,122.54
1.6,1.05,85.0,74,0.00759637975995836,-536.1861254469768,-536.7576215235396,-536.7766248892761,3.9574484222185213,"A""",1.0110636298180058,2.7970746725444195,0.95,ok,69.39
1.6,1.0,80.0,74,0.0075424458694588045,-536.1825772818261,-536.7530593304397,-536.7719931358444,3.950541330777489,"A""",1.0073281601119506,3.2677830524542375,0.9503,ok,124.02
1.6,1.0,85.0,74,0.007419771856561433,-536.1923870202206,-536.7617663159914,-536.7804618937993,3.9883248706063625,"A""",1.034317302339016,3.2105214919762717,0.9506,ok,124.96
1.6,1.0,105.0,74,0.007266729279449854,-536.2106771871055,-536.777171796088,-536.7953175873672,3.984297140442604,"A""",1.0460681888969197,3.3137559550288582,0.951,ok,105.5
1.6,0.95,125.0,74,0.007262075137794585,-536.2043925734484,-536.7682912881615,-536.7860151635731,3.7786034357522613,"A""",0.8433301827993632,3.9076138868124044,0.9512,ok,138.12
1.6,0.95,135.0,74,0.007430865954944585,-536.1926404484067,-536.7567009606729,-536.7744153725426,3.5627723014713735,"A""",0.6781473756200972,4.008284659455885,0.951,ok,135.87
1.6,1.0,110.0,74,0.00729835726912871,-536.2105788657192,-536.7767469960796,-536.794832842172,3.9411293509513814,"A""",1.019460374305959,3.3912277166144,0.9509,ok,115.33
1.6,1.0,115.0,74,0.007351632490630831,-536.2088887505174,-536.7748603658634,-536.7929077233185,3.880256054888524,"A""",0.9798490617339757,3.479438133941273,0.9508,ok,115.25
1.6,1.0,95.0,74,0.007280638714172888,-536.2055221643753,-536.7731340261795,-536.7914832859191,4.018680813970944,"A""",1.0620328576764793,3.209931514928535,0.951,ok,125.62
1.6,1.0,100.0,74,0.007259685483843999,-536.2090372865348,-536.7760091610505,-536.7942412008796,4.0099617654543565,"A""",1.0600316414726412,3.2517092021576084,0.951,ok,127.52
1.6,1.05,75.0,74,0.007916757645075856,-536.1649176933018,-536.7387477497808,-536.758314734645,3.8695800976070234,"A""",0.9347268676654914,2.9542685694941078,0.9493,ok,113.54
1.6,1.1,75.0,74,0.008161324468376186,-536.1567598341541,-536.7327184495293,-536.7526451958455,3.8256466518511747,"A""",0.8942990120921117,2.5347314562537844,0.9485,ok,72.71
1.6,1.0,130.0,74,0.007618503832251052,-536.1958813185776,-536.7617767536814,-536.7797876227546,3.5971658050893947,"A""",0.7848820646028613,3.7547145009295733,0.9504,ok,124.22
1.6,1.0,135.0,74,0.007734230833548256,-536.1895077441582,-536.7554609564503,-536.7734698716562,3.4744088038665866,"A""",0.6973380504816235,3.830245875663715,0.9502,ok,123.65
1.6,1.05,80.0,74,0.007731933272317779,-536.1765669153183,-536.7491802530512,-536.7684383286186,3.921902265683329,"A""",0.9759652515537495,2.8470009653647455,0.9497,ok,122.71
1.6,1.05,90.0,74,0.007507646767611677,-536.193593727646,-536.7641127564312,-536.782913151328,3.976710102621347,"A""",1.0378817194334231,2.79215947476938,0.9503,ok,110.33
1.6,1.0,120.0,74,0.007424187169214337,-536.2057623446906,-536.7716411912272,-536.7896665157391,3.801955509457614,"A""",0.9272249736440549,3.5733393790494206,0.9507,ok,139.39
1.6,1.05,100.0,74,0.00745425057723998,-536.2024692270273,-536.7715238360954,-536.7900494043342,3.965286819248177,"A""",1.0593790219022976,2.8796528036639057,0.9504,ok,107.6
1.6,1.0,125.0,74,0.007513860959037393,-536.20136619036,-536.7672284714221,-536.7852432434663,3.7070873013903545,"A""",0.8619628410589056,3.6671850141900086,0.9505,ok,139.5
1.6,1.05,105.0,74,0.007479318348281158,-536.204068303176,-536.7726392418226,-536.7910806184098,3.9334057969591587,"A""",1.051342064440651,2.9583021110951813,0.9503,ok,110.99
1.6,1.05,110.0,74,0.007532649723126434,-536.2039401186744,-536.7721773331137,-536.7905623053732,3.883370823918748,"A""",1.029595005950194,3.0533249576661006,0.9502,ok,111.94
1.6,1.05,115.0,74,0.007610874958484772,-536.2022254287642,-536.7702554975205,-536.7886061969333,3.8150183380814706,"A""",0.993715614844609,3.160327643852348,0.95,ok,111.01
1.6,1.05,120.0,74,0.0077117326834038125,-536.1990751579239,-536.7669966123658,-536.7853295877585,3.7286595569501126,"A""",0.9436675216335466,3.2748580512896064,0.9499,ok,110.95
1.6,1.05,95.0,74,0.00746195321273186,-536.1990143990766,-536.7687171417139,-536.7873603931888,3.979507849511797,"A""",1.05450265381328,2.82226899756747,0.9504,ok,118.63
1.6,1.05,125.0,74,0.007833621831822263,-536.194651356057,-536.762534010974,-536.7808604294273,3.625188255760271,"A""",0.8798339541461654,3.3919797962192275,0.9496,ok,111.51
1.6,1.1,80.0,74,0.007947266177554887,-536.1679641725972,-536.7427125101003,-536.7623049426022,3.8794854263582335,"A""",0.9438833595102752,2.426476354152839,0.9489,ok,96.75
1.6,1.05,130.0,74,0.00797456999833043,-536.1891301604896,-536.7570163156123,-536.7753421885702,3.5061519413091724,"A""",0.8030871420839111,3.5061137414624426,0.9494,ok,114.84
1.6,1.1,95.0,74,0.0076749777181011,-536.1899086139391,-536.7617334204879,-536.7806847523635,3.9293594305825206,"A""",1.046947272450926,2.431789382507869,0.9495,ok,64.6
1.6,1.1,85.0,74,0.007798198012974049,-536.1772619212386,-536.7508893465537,-536.7702111203265,3.9141870621074095,"A""",0.9875714473759174,2.3827439899552347,0.9493,ok,93.66
1.6,1.05,135.0,74,0.008131428811935335,-536.1827062374774,-536.7506117311741,-536.76893801614,3.3737930513561656,"A""",0.714887339302229,3.6113968277860824,0.9492,ok,137.3
1.6,1.15,90.0,74,0.007944590209667899,-536.1737955648143,-536.7485957093669,-536.768031552128,3.8674512449489162,"A""",1.0057137214731822,2.0076715888557612,0.9483,ok,63.18
1.6,1.1,90.0,74,0.0077097260140098,-536.1845779616151,-536.7572228674213,-536.7763336265465,3.930740111716945,"A""",1.022699694049251,2.3884530872221843,0.9495,ok,103.3
1.6,1.1,100.0,74,0.007685920531571012,-536.193309077853,-536.7644840667604,-536.7833193257998,3.9097718785691273,"A""",1.058486512199832,2.5039402337454666,0.9495,ok,115.93
1.6,1.1,105.0,74,0.007735195040542886,-536.1948746237236,-536.7655648756586,-536.7843199853959,3.8715273004602366,"A""",1.0559750425970846,2.598380229052592,0.9494,ok,118.22
1.6,1.1,110.0,74,0.00781719554041958,-536.1947251892891,-536.765078860351,-536.7837829292796,3.8142631266615843,"A""",1.0385247285908998,2.7100739158973,0.9492,ok,120.1
1.6,1.15,95.0,74,0.007925702533144915,-536.1790439615946,-536.7530289369518,-536.7723056423006,3.862814170756975,"A""",1.03730655264032,2.062430956888979,0.9484,ok,93.59
1.6,1.1,115.0,74,0.007928394232483487,-536.1929958888375,-536.7631355727065,-536.7818112596084,3.7379152415356174,"A""",1.0056833728992514,2.8347457890514245,0.949,ok,120.38
1.6,1.15,100.0,74,0.007961231222047751,-536.182398190913,-536.7557387972736,-536.7749035703895,3.8383637922330247,"A""",1.0548845736982222,2.147892640076015,0.9483,ok,93.46
1.6,1.2,105.0,74,0.00840525949348181,-536.1718842972184,-536.7469796930642,-536.7664338933843,3.6937632441432267,"A""",1.0476801102813984,1.9604857890385086,0.9462,ok,65.61
1.6,1.15,80.0,74,0.008192545525079042,-536.1575874555758,-536.7344759317978,-536.7544138554833,3.816586107665154,"A""",0.9091961269902783,2.033070481262563,0.9478,ok,105.18
1.6,1.15,85.0,74,0.008029787629619176,-536.1666253448029,-536.7424027475886,-536.7620553904258,3.8522227269842704,"A""",0.9621309699154419,1.993425092431713,0.9482,ok,105.49
1.6,1.1,120.0,74,0.008067105797372888,-536.1898329690982,-536.7598517467227,-536.7785156046883,3.6428794408343044,"A""",0.9574380673481948,2.968273082350282,0.9487,ok,122.73
1.6,1.1,135.0,74,0.008641444529171071,-536.1733865138896,-536.743308846094,-536.7619803745923,3.258518378771929,"A""",0.7277676119575225,3.3750613265445573,0.9478,ok,118.9
1.6,1.1,125.0,74,0.008232645596316587,-536.1853936741285,-536.7553549235288,-536.7740177775615,3.5301227917168743,"A""",0.8942526107299588,3.1062329552186445,0.9485,ok,121.43
1.6,1.1,130.0,74,0.008424886491085234,-536.1798486888019,-536.7497871852796,-536.76845440583,3.401247218141761,"A""",0.8171422899317888,3.2436508754244264,0.9481,ok,120.77
1.6,1.15,110.0,74,0.008159646116549133,-536.1837779016462,-536.7563040808604,-536.7753515532473,3.7293783410564267,"A""",1.0427598081800846,2.384377803513138,0.9479,ok,100.51
1.6,1.2,75.0,74,0.008760673460631458,-536.1357556071205,-536.7159375655903,-536.736619398165,3.6595079031248847,"A""",0.7965890241710303,1.8167335339788826,0.9458,ok,94.23
1.6,1.2,80.0,74,0.008474391018008794,-536.1460391356522,-536.7250813899979,-536.7453779919456,3.721809620940218,"A""",0.8665861575533047,1.7022146757666394,0.9461,ok,92.33
1.6,1.2,90.0,74,0.00821947435569799,-536.1618643858388,-536.7388615105987,-536.7586409666754,3.7770368223661617,"A""",0.9815509045624996,1.6817984068149654,0.9465,ok,93.19
1.6,1.2,95.0,74,0.008221632816358909,-536.1670412913113,-536.7432375428153,-536.7628613317789,3.7711257281712496,"A""",1.0198471182695703,1.744039578584479,0.9465,ok,93.56
1.6,1.15,120.0,74,0.008499871558124518,-536.1788818249602,-536.7510631141083,-536.7700861296034,3.5408471633609526,"A""",0.964125777339032,2.6771898613414384,0.9472,ok,107.31
1.6,1.2,100.0,74,0.008287649931109977,-536.1703589390996,-536.7459235812184,-536.765442515722,3.7433082346682727,"A""",1.0423479596099794,1.8394792691368904,0.9464,ok,94.17
1.6,1.15,105.0,74,0.008041369371602231,-536.1839388964703,-536.756799517904,-536.775890519561,3.7939295144208987,"A""",1.057004172099314,2.256971211806958,0.9481,ok,118.11
1.6,1.15,130.0,74,0.008983758329499244,-536.1688862055671,-536.7409524798796,-536.7599935359123,3.279509895902428,"A""",0.8222767023801548,2.9928038146910563,0.9464,ok,109.16
1.6,1.2,85.0,74,0.008297907891465764,-536.1548279140497,-536.7327849027392,-536.7527838512963,3.760755205360664,"A""",0.9295135335906715,1.6631987430075132,0.9463,ok,105.04
1.6,1.15,135.0,74,0.009282901976201723,-536.1624001275917,-536.7344200241922,-536.7534715744966,3.126116060520253,"A""",0.7313239514501977,3.147303332382292,0.946,ok,110.89
1.6,1.2,120.0,74,0.009018331473370793,-536.1668465539203,-536.7412710316706,-536.7606877748779,3.4181740805231167,"A""",0.9561719300217592,2.4249149965068004,0.9451,ok,72.13
1.6,1.15,115.0,74,0.008312535038232408,-536.1820449966965,-536.754354836706,-536.7733818062433,3.644832063594857,"A""",1.0117594579786835,2.5257892074240123,0.9476,ok,120.5
1.6,1.15,125.0,74,0.008722787735932455,-536.1744406348946,-536.7465506413891,-536.7655802507876,3.418513408906353,"A""",0.9005345235880226,2.8344000871117636,0.9468,ok,122.49
1.6,1.25,95.0,74,0.008571286501419426,-536.1543599989968,-536.7328341953844,-536.7528324253125,3.6418009361694863,"A""",0.9814730979926222,1.5121418470576093,0.9434,ok,63.25
1.6,1.2,110.0,74,0.008567180727849384,-536.1717219538391,-536.7464901833055,-536.7659107762317,3.622706594317296,"A""",1.0350956644864169,2.1013700197818537,0.9459,ok,107.03
1.6,1.2,115.0,74,0.008771068741166286,-536.1699969449608,-536.7445518670487,-536.7639622365432,3.5305739425437483,"A""",1.0044448417317642,2.257557447459662,0.9455,ok,116.96
1.6,1.2,125.0,74,0.009313842368625522,-536.1624179854532,-536.7367639899226,-536.7561975965573,3.28678425505199,"A""",0.8913299809354509,2.599278785733353,0.9446,ok,114.22
1.6,1.25,90.0,74,0.008543484603394817,-536.149241671343,-536.7284931010203,-536.7486397955711,3.644983859263801,"A""",0.9373995833127176,1.4504015061498823,0.9434,ok,93.28
1.6,1.25,80.0,74,0.008802930763446088,-536.133763044322,-536.7149854022178,-536.7356570447988,3.5783891098618854,"A""",0.8048272864445187,1.4781562003776207,0.9432,ok,94.15
1.6,1.25,75.0,74,0.009135240442648865,-536.1239256420623,-536.7062148731895,-536.7272955064458,3.510687002294602,"A""",0.7243681521866844,1.5950079483184858,0.9433,ok,101.27
1.6,1.25,85.0,74,0.00861227143425336,-536.1423222458053,-536.7225034072926,-536.7428683950883,3.6236228665233217,"A""",0.877467825783379,1.4350134735516022,0.9433,ok,104.63
1.6,1.25,100.0,74,0.008673098944883372,-536.1576515741821,-536.7355141274996,-536.7554179178351,3.614116513887841,"A""",1.007718853344451,1.6103264914703614,0.9433,ok,105.87
1.65,0.8,125.0,74,0.0070598382173370205,-536.1721149323386,-536.7324825628853,-536.7499325049582,3.5702461797302587,"A""",0.7835654224300754,3.9188011922241905,0.9505,ok,70.39
1.6,1.2,130.0,74,0.009663381438912613,-536.1568697925629,-536.7311585195924,-536.7506136426799,3.1381853442936305,"A""",0.811604849557788,2.776182022962564,0.9441,ok,119.63
1.6,1.25,105.0,74,0.008833971371266307,-536.1591713346912,-536.7365811717407,-536.7564321900699,3.5623785317934007,"A""",1.0150356411590642,1.7370844391767892,0.9431,ok,106.49
1.6,1.25,110.0,74,0.009046549553881594,-536.1590178885278,-536.7361132975193,-536.7559433754694,3.487258896975437,"A""",1.0030577225372246,1.88621664739537,0.9429,ok,106.41
1.6,1.2,135.0,74,0.010071160502750708,-536.1503760325182,-536.7245963083817,-536.7440714743302,2.974657095653416,"A""",0.7193321713323959,2.9507680829043927,0.9435,ok,121.41
1.6,1.25,115.0,74,0.009309914290291625,-536.1573123000583,-536.734203172164,-536.754036049045,3.38965237083188,"A""",0.9720861301313045,2.05264447788538,0.9425,ok,106.02
1.6,1.25,130.0,74,0.010471339524036177,-536.1442615301027,-536.7208883874354,-536.7408071806324,2.9756430682469324,"A""",0.7773383846640559,2.6109578153049795,0.9409,ok,101.54
1.6,1.25,135.0,74,0.011016833973840906,-536.1377778059168,-536.7143255694967,-536.734278771038,2.8036449035944564,"A""",0.6853706499048581,2.80160513913978,0.9402,ok,106.34
1.65,0.8,75.0,74,0.007296253665834099,-536.1455222812784,-536.7106453600813,-536.7290824341289,3.580893224910854,"A""",1.1342002060155802,4.15332197084258,0.9497,ok,106.31
1.6,1.25,120.0,74,0.009628997071018507,-536.1541878875502,-536.730953242596,-536.7508058214477,3.2707511145365893,"A""",0.9230423814353684,2.2318521890658602,0.942,ok,117.61
1.6,1.25,125.0,74,0.010012345096305149,-536.1497869098139,-536.7264747997389,-536.7463579518776,3.132106023897595,"A""",0.8574355239343866,2.419459557643572,0.9415,ok,118.72
1.65,0.8,80.0,74,0.007201765897532651,-536.1572741925943,-536.721316097518,-536.739548130923,3.649858597947909,"A""",1.1336196093883455,4.131385745642226,0.9499,ok,111.92
1.65,0.8,90.0,74,0.007051698998773757,-536.1736328746358,-536.7358708658733,-536.7537701915237,3.74697096360342,"A""",1.1098150719498137,4.086155868604038,0.9503,ok,111.76
1.65,0.8,85.0,74,0.007119749809640119,-536.166588261392,-536.7296623290314,-536.7477149192553,3.705590507384259,"A""",1.1253432610759866,4.109183277986786,0.9501,ok,114.11
1.65,0.8,95.0,74,0.006999329407894121,-536.1785645724938,-536.7401104374391,-536.7578820891354,3.7728901032813638,"A""",1.0870687349492791,4.062216064454323,0.9504,ok,110.11
1.65,0.8,120.0,74,0.007003502117206534,-536.1767236513982,-536.7369950816924,-536.7544583421867,3.6464429020505778,"A""",0.854882248595271,3.940907303164174,0.9505,ok,104.86
1.65,0.85,75.0,74,0.007409022657092173,-536.1659189132944,-536.7329754333482,-536.7517041690721,3.5895141481331367,"A""",1.1031079398849304,4.140748093539222,0.9494,ok,76.13
1.65,0.8,105.0,74,0.006946272399947582,-536.1826860419494,-536.7433024441613,-536.7608906483134,3.7746692151871297,"A""",1.018849590012472,4.012756107132588,0.9505,ok,111.99
1.65,0.8,130.0,74,0.007134551003115313,-536.1664833793479,-536.7270148444088,-536.7444594288631,3.47946173911521,"A""",0.7046504610079437,3.897906083861756,0.9505,ok,115.42
1.65,0.8,135.0,74,0.007226252167532773,-536.1600285874371,-536.7207682663145,-536.7382113567267,3.3762797614027336,"A""",0.6191750125716569,3.8783590482081522,0.9504,ok,114.29
1.65,0.8,110.0,74,0.0069468312822937054,-536.1821687249736,-536.7425434464873,-536.7600724862992,3.749377345373805,"A""",0.9726388846401056,3.988111475737147,0.9506,ok,123.33
1.65,0.8,100.0,74,0.006963936541768378,-536.1815333694949,-536.742538216803,-536.7602066526074,3.782369322925787,"A""",1.0568699097382759,4.037609477253675,0.9505,ok,127.94
1.65,0.85,80.0,74,0.0073052697502989945,-536.1775449101367,-536.7434922461473,-536.762000435845,3.6524920474624754,"A""",1.1083853960855288,4.117821778337373,0.9496,ok,113.41
1.65,0.85,120.0,74,0.007116566211369662,-536.196657709804,-536.7586443909374,-536.776348893835,3.6078600393071474,"A""",0.8676905160681136,3.919909171228109,0.9502,ok,75.67
1.65,0.85,85.0,74,0.007217195503973393,-536.1867717382069,-536.7517202620996,-536.7700365755649,3.702356798049358,"A""",1.106181223273771,4.094385362251526,0.9498,ok,124.14
1.65,0.85,100.0,74,0.007057818691925287,-536.2015794268716,-536.7643785848766,-536.7822905397778,3.7629794867934816,"A""",1.0547490333930445,4.018400443520958,0.9502,ok,116.67
1.65,0.85,95.0,74,0.0070922234306202685,-536.198644071192,-536.7620075610923,-536.7800269750607,3.7586369540325624,"A""",1.0796512660611914,4.044367273092695,0.9501,ok,119.2
1.65,0.9,85.0,74,0.007331909814259222,-536.196781181315,-536.7637204111554,-536.7823165980665,3.6957729599877864,"A""",1.086794607086741,4.066124490659353,0.9495,ok,95.23
1.65,0.9,135.0,74,0.007552235433010136,-536.1893965021982,-536.7535127539628,-536.7714615934234,3.264506473026617,"A""",0.6528947331481029,3.8334961491312103,0.9495,ok,74.76
1.65,0.9,95.0,74,0.007203934268328709,-536.20850691068,-536.773808078909,-536.7920906160525,3.741693994661589,"A""",1.072828055475965,4.009700915671499,0.9498,ok,93.16
1.65,0.9,90.0,74,0.00725712877618061,-536.2036782780334,-536.7697234462909,-536.7881469746299,3.7262995778612407,"A""",1.083706673689102,4.037739969563585,0.9497,ok,93.19
1.65,0.85,125.0,74,0.007180175360708838,-536.1920130951551,-536.7540713838557,-536.7717634636496,3.5269163961624583,"A""",0.7982566441330066,3.898126045949757,0.9501,ok,110.65
1.65,0.85,90.0,74,0.007145697779125805,-536.1937558559041,-536.7578383796797,-536.7759920673537,3.738097461902744,"A""",1.096663801888838,4.069860501909223,0.95,ok,132.66
1.65,0.85,130.0,74,0.00726296147092549,-536.1863377390262,-536.7485311106384,-536.7662186308233,3.4313242339157903,"A""",0.7204067195885694,3.8777523710240547,0.9501,ok,112.34
1.65,0.85,105.0,74,0.007042977403178546,-536.2027039195083,-536.7650943658676,-536.7829237714061,3.750338892580372,"A""",1.0214720922986809,3.992542886790798,0.9502,ok,124.59
1.65,0.85,110.0,74,0.007047761545029139,-536.202160283542,-536.7642903677969,-536.782059762423,3.720242084371276,"A""",0.9793690427900603,3.9672939160180105,0.9502,ok,125.18
1.65,0.9,100.0,74,0.0071727987632048745,-536.21139921699,-536.776114797302,-536.794285902542,3.7409717724724096,"A""",1.0535765419683274,3.9827991564694187,0.9499,ok,103.89
1.65,0.85,135.0,74,0.007363150351753637,-536.1798288741147,-536.7421970142756,-536.759883472587,3.3232536467876486,"A""",0.635164245275241,3.8589118420812905,0.95,ok,119.04
1.65,0.85,115.0,74,0.007072271889243833,-536.2000942263411,-536.762096825695,-536.7798257673935,3.6726150379745537,"A""",0.9281341023589772,3.9430092253837543,0.9502,ok,126.47
1.65,0.95,75.0,74,0.007703421561112581,-536.1793654284374,-536.750585781246,-536.7699542064422,3.5911577885581716,"A""",1.0383667284653297,4.0614010802144485,0.9486,ok,93.64
1.65,0.9,75.0,74,0.007544152193368087,-536.1762553070444,-536.7453562380796,-536.7643964091401,3.593124181009998,"A""",1.071110892020201,4.1203805588840865,0.949,ok,124.49
1.65,0.95,105.0,74,0.007311332180905678,-536.2149131107062,-536.7811942015464,-536.7995529453689,3.6931963543203037,"A""",1.030297558615568,3.8736247591696205,0.9495,ok,65.21
1.65,0.9,115.0,74,0.007210000422507441,-536.2098233622754,-536.7736885309215,-536.7916753371582,3.635501449550947,"A""",0.9399339028486081,3.910524788576321,0.9499,ok,113.23
1.65,0.9,80.0,74,0.007427502642647514,-536.1876850125454,-536.7556518980383,-536.7744537893175,3.6511077849081093,"A""",1.0825373315955975,4.093777280120942,0.9493,ok,134.53
1.65,0.9,110.0,74,0.0071762200313179375,-536.2119174187765,-536.7759283897609,-536.7939548847942,3.68820198721643,"A""",0.9875803904064886,3.9332332794868012,0.9499,ok,116.07
1.65,0.9,120.0,74,0.007265010596218046,-536.2063568316959,-536.770184706169,-536.7881483282318,3.5655672015259157,"A""",0.8822750194920881,3.889157767443718,0.9498,ok,114.73
1.65,0.9,130.0,74,0.00743735686955321,-536.1959591128423,-536.759937233132,-536.7778864322776,3.378232035288205,"A""",0.7379810031688704,3.8505530229964764,0.9496,ok,114.18
1.65,0.9,125.0,74,0.007341059972963388,-536.2016772871106,-536.7655511479545,-536.7835037345176,3.479305882099548,"A""",0.8147769358655532,3.8691467442411644,0.9497,ok,116.62
1.65,0.95,80.0,74,0.007569458512693905,-536.1905355948953,-536.7606020619077,-536.7797123162117,3.6452628376260265,"A""",1.0561855532358009,4.007497482090746,0.9489,ok,104.42
1.65,0.95,90.0,74,0.007386940368300752,-536.2062545306878,-536.7743486710184,-536.7930551130535,3.711228863460649,"A""",1.0709428637867255,3.923843361197441,0.9493,ok,102.92
1.65,0.95,85.0,74,0.007464644734829392,-536.1994647252466,-536.7684781122349,-536.7873676333122,3.6854632554181603,"A""",1.0672378965363196,3.959121972009679,0.9491,ok,104.05
1.65,0.95,95.0,74,0.007335906886948071,-536.2110128629653,-536.7783408545598,-536.796899794703,3.7217117980379593,"A""",1.0665450397549836,3.9008747986081547,0.9494,ok,104.33
1.65,0.9,105.0,74,0.007163676954777144,-536.2124900779625,-536.7767786233766,-536.7948653682254,3.7233158020558723,"A""",1.0253394079146385,3.957308079164514,0.9499,ok,137.34
1.65,0.95,100.0,74,0.00731100333322307,-536.2138571748613,-536.7805811169252,-536.7990252427953,3.715976210200956,"A""",1.053247432222396,3.885659595859022,0.9495,ok,92.1
1.65,0.95,130.0,74,0.007667400805945819,-536.198235174271,-536.7640945598527,-536.7823236776593,3.3195668158623315,"A""",0.7569581295259751,3.8095803611545502,0.9491,ok,77.75
1.65,0.95,110.0,74,0.007335913602242558,-536.2143125884126,-536.7803007863132,-536.798599883378,3.6528120353531457,"A""",0.9970698268540765,3.8619140606608675,0.9495,ok,102.77
1.65,1.0,75.0,74,0.00788912097312288,-536.1772993649114,-536.7506747765739,-536.7703855271275,3.5829132351751043,"A""",1.0050139684605723,3.7879015716773528,0.9481,ok,93.26
1.65,1.0,80.0,74,0.007732788007167082,-536.1881556448112,-536.7603646610688,-536.7797953930116,3.63436358961095,"A""",1.029459135712781,3.6912745459500003,0.9485,ok,102.14
1.65,1.0,85.0,74,0.007616930176968108,-536.1968890562409,-536.7680248677007,-536.7872189786214,3.6708859979562414,"A""",1.0476004946348125,3.634899759640177,0.9487,ok,102.31
1.65,1.0,100.0,74,0.0074755685400905185,-536.2110352197055,-536.7798281588863,-536.7985582046318,3.687393282270488,"A""",1.0536492647259201,3.63444340471225,0.9491,ok,102.01
1.65,1.0,95.0,74,0.007490555852552205,-536.2082397825902,-536.7776514447893,-536.7964987109165,3.6981347281838213,"A""",1.0607659372895895,3.6144972046625723,0.949,ok,104.49
1.65,0.95,115.0,74,0.007384024285771547,-536.2121934246711,-536.7780186234813,-536.7962795973225,3.5946516723798556,"A""",0.9531376233491615,3.8494669479918224,0.9494,ok,116.32
1.65,1.0,135.0,74,0.008136962727730306,-536.1886135587894,-536.7564852301384,-536.775015785499,3.126933999894747,"A""",0.6914276285316583,3.7395376962249207,0.9483,ok,81.88
1.65,0.95,135.0,74,0.00780549222774481,-536.1916230410721,-536.7575819770406,-536.7758119140302,3.1993815512148123,"A""",0.6719095318278995,3.797021268800396,0.949,ok,112.48
1.65,1.0,105.0,74,0.007489888131743407,-536.2120584551818,-536.780395953017,-536.7990407036293,3.659323952714647,"A""",1.0361503070254479,3.663318982017513,0.9491,ok,102.24
1.65,0.95,120.0,74,0.007455278103403307,-536.2087009774359,-536.7744679166069,-536.7927076988299,3.51903221878237,"A""",0.8983260414821164,3.836298108252466,0.9493,ok,120.22
1.65,1.0,110.0,74,0.007531745589232245,-536.2114344746553,-536.7794662400285,-536.7980530467463,3.6133523715089786,"A""",1.0075505534069245,3.6927456295173213,0.949,ok,101.99
1.65,1.0,115.0,74,0.00760008362105317,-536.2092962579443,-536.7771495869221,-536.7957008608156,3.5492829628790856,"A""",0.9673600750572172,3.7162697565229874,0.9489,ok,103.05
1.65,0.95,125.0,74,0.007549905716779899,-536.2039912924032,-536.7697782521689,-536.7880090180581,3.4268363667584216,"A""",0.8327633272773987,3.822833608261753,0.9492,ok,122.34
1.65,1.05,90.0,74,0.007709769956100776,-536.1971141614553,-536.7694426590905,-536.7887484316907,3.668777314856038,"A""",1.0461569739786838,3.209063044129987,0.9485,ok,93.19
1.65,1.05,95.0,74,0.007671067415608091,-536.2017189311355,-536.7732507985232,-536.7923984440221,3.6700412659676553,"A""",1.0554613327585225,3.230246013030652,0.9486,ok,93.76
1.65,1.05,100.0,74,0.007670403093549633,-536.2044678096156,-536.7753711398051,-536.7944005500689,3.6542459543797277,"A""",1.0546344602999793,3.2741100010677755,0.9486,ok,93.22
1.65,1.05,75.0,74,0.00810386778555582,-536.1715586249413,-536.7470962225653,-536.7671617056799,3.5673201440328857,"A""",0.9711611526899732,3.366975014606055,0.9476,ok,99.75
1.65,1.05,85.0,74,0.00779090529123909,-536.1905750370368,-536.7638579079014,-536.783366983154,3.651140066259644,"A""",1.028013659009335,3.218305111090969,0.9483,ok,103.89
1.65,1.0,125.0,74,0.007815788925973394,-536.2010534226033,-536.7688235990172,-536.7873504921224,3.368621253064147,"A""",0.8516165142941828,3.738666480118988,0.9486,ok,119.6
1.65,1.0,120.0,74,0.007694548458406888,-536.2057851857613,-536.7735605064257,-536.7920935222957,3.4674142225731988,"A""",0.9153530267063169,3.7312909336008033,0.9488,ok,126.65
1.65,1.05,110.0,74,0.00776926041156852,-536.2048223790616,-536.774946310096,-536.7938370858267,3.5686992345399267,"A""",1.0185802096823824,3.4019182593815827,0.9484,ok,102.22
1.65,1.05,115.0,74,0.007864831949805494,-536.2026733871877,-536.772606014739,-536.7914651250364,3.4982011477428863,"A""",0.9819835136973354,3.47109332374461,0.9483,ok,102.65
1.65,1.05,105.0,74,0.007704027102097727,-536.2054631327362,-536.7759024496604,-536.7948480926674,3.620650615122051,"A""",1.0426126641120768,3.3336881141561987,0.9485,ok,104.03
1.65,1.05,80.0,74,0.007919620910444507,-536.1820576160476,-536.7564262789297,-536.7761882559247,3.6174512273190493,"A""",1.0025115437474963,3.2672477307155345,0.948,ok,112.31
1.65,1.0,130.0,74,0.007963910158634421,-536.1952675892949,-536.7630786959375,-536.781606501385,3.254407645815103,"A""",0.7766374531830899,3.740673745500493,0.9485,ok,133.36
1.65,1.05,135.0,74,0.008562048655998791,-536.1819196691047,-536.7517626115869,-536.7706159589586,3.045881607765572,"A""",0.7101589718505212,3.6441277515548305,0.9474,ok,82.58
1.65,1.05,130.0,74,0.008339164842362114,-536.1886052008691,-536.7584252962854,-536.7772728428656,3.181459564540742,"A""",0.7958567401135879,3.6195437192184174,0.9477,ok,123.51
1.65,1.05,120.0,74,0.007990881098947496,-536.1991532740893,-536.7689903811668,-536.7878353698741,3.40946315494874,"A""",0.9325507587909847,3.5334547540467125,0.9481,ok,136.48
1.65,1.1,110.0,74,0.008054531574977574,-536.1956162724557,-536.7678781098132,-536.7870917328098,3.5171545877724104,"A""",1.0293092197663163,3.051472382800119,0.9477,ok,70.48
1.65,1.05,125.0,74,0.008148420597626934,-536.1944099235559,-536.7642187760183,-536.7830617011405,3.3033759203017197,"A""",0.8703434456463996,3.5833995760828152,0.9479,ok,138.14
1.65,1.1,80.0,74,0.00813272953643456,-536.1733573447221,-536.749892073322,-536.7699959422481,3.5928793846951295,"A""",0.9753876503539565,2.819858482376307,0.9474,ok,114.26
1.65,1.1,105.0,74,0.007959081966863738,-536.1962656639565,-536.7688486461208,-536.7881123957036,3.5755423927812164,"A""",1.0490961737814055,2.95843780924335,0.9479,ok,102.55
1.65,1.1,75.0,74,0.00835084488366296,-536.1632465259781,-536.7409398092129,-536.7613718944988,3.542600046297626,"A""",0.9367287569053226,2.919125128825287,0.947,ok,123.34
1.65,1.15,75.0,74,0.0086344544308573,-536.1531721023256,-536.7330121495047,-536.753823040465,3.505703974750695,"A""",0.9010344197509246,2.475899923079078,0.9462,ok,103.95
1.65,1.2,80.0,74,0.008655345034425548,-536.1512221493117,-536.7321181276541,-536.7529419592574,3.5068945130574884,"A""",0.9174066542309532,1.9618154366519542,0.9457,ok,67.44
1.65,1.1,85.0,74,0.00798945543236102,-536.1816473882812,-536.7570936056891,-536.7769284683895,3.6246716600060136,"A""",1.0085241499311464,2.7786071457248323,0.9477,ok,123.18
1.65,1.1,115.0,74,0.008185257130289466,-536.1934661849824,-536.7655272844174,-536.784714673668,3.4396585663840704,"A""",0.9958699837627177,3.151803211101545,0.9475,ok,114.08
1.65,1.1,90.0,74,0.007908713753431986,-536.1880550602996,-536.7625406281791,-536.7821634996876,3.638988242785718,"A""",1.0341658032296266,2.7813593894989013,0.9479,ok,123.88
1.65,1.1,95.0,74,0.007881451468461153,-536.1925846426694,-536.7662680331937,-536.7857296796763,3.6359050507365844,"A""",1.050455744186063,2.817361248529428,0.948,ok,122.81
1.65,1.1,100.0,74,0.00790017445905129,-536.1952917217322,-536.768342555011,-536.7876867664701,3.6149630708917595,"A""",1.0558410311346247,2.8785154693736064,0.948,ok,126.39
1.65,1.15,80.0,74,0.008376038276607545,-536.1628771066539,-536.7415850976137,-536.7620423477393,3.5577552145535063,"A""",0.9476538749681542,2.3764678906498395,0.9467,ok,108.44
1.65,1.15,85.0,74,0.008216641856824218,-536.1709372784564,-536.7485661814567,-536.7687391686188,3.588759484163359,"A""",0.9887430434297988,2.341939532141118,0.947,ok,108.01
1.65,1.15,90.0,74,0.008138333660524168,-536.1772168595237,-536.7538885279014,-536.7738426398244,3.6003852448756373,"A""",1.0219330309338739,2.3554811165120215,0.9472,ok,107.34
1.65,1.1,125.0,74,0.008557765811232635,-536.1852053619135,-536.7571087791661,-536.776291236536,3.2293461514625337,"A""",0.8872204725282231,3.347351114575641,0.947,ok,124.11
1.65,1.15,95.0,74,0.008126768141574238,-536.181676764208,-536.7575486313152,-536.7773406183327,3.593188382425652,"A""",1.0450324619437945,2.404726781383893,0.9472,ok,109.22
1.65,1.1,135.0,74,0.009096769884776207,-536.1726901706417,-536.7445668461856,-536.763769711423,2.9546194777314563,"A""",0.7259857080189108,3.4942162625180924,0.9463,ok,130.17
1.65,1.15,100.0,74,0.008170409873638715,-536.1843486486307,-536.7595903931722,-536.7792679828885,3.567025346604129,"A""",1.0562502999902315,2.480897374297465,0.9471,ok,112.4
1.65,1.15,105.0,74,0.008261012075119931,-536.1853088828833,-536.7600842021508,-536.7796867498247,3.5214794332874715,"A""",1.054213508292549,2.5776129489715056,0.947,ok,112.24
1.65,1.1,120.0,74,0.00835220013545369,-536.1899481154858,-536.761899504567,-536.781078429946,3.3434096306919474,"A""",0.9484813509242823,3.252832574994597,0.9472,ok,137.85
1.65,1.1,130.0,74,0.00880565574833462,-536.1793945353453,-536.7512829254117,-536.7704753009564,3.099024224707954,"A""",0.8126542797264995,3.428936570949108,0.9466,ok,140.11
1.65,1.2,95.0,74,0.00841336122992338,-536.169616473753,-536.7477253000628,-536.7678677467934,3.53763233350197,"A""",1.0369252846469383,2.0159347339937264,0.9461,ok,72.62
1.65,1.2,75.0,74,0.008961350389216196,-536.1419273928992,-536.7239093420969,-536.7451123114196,3.4513103266985232,"A""",0.8617715180491663,2.0629099586735102,0.9452,ok,105.08
1.65,1.15,125.0,74,0.009053472156720484,-536.174286212452,-536.7483508996917,-536.7679013629962,3.144272419598172,"A""",0.8992153106642661,3.06854152733786,0.9457,ok,122.76
1.65,1.15,110.0,74,0.008394001314777475,-536.184659831807,-536.7591127534841,-536.7786718862213,3.4562046787459386,"A""",1.0379322675396825,2.689766032787623,0.9467,ok,124.27
1.65,1.15,120.0,74,0.008786768046484176,-536.1790150697245,-536.7531426220354,-536.772681947868,3.2668570164923056,"A""",0.9604728148257925,2.940832942357688,0.9461,ok,125.58
1.65,1.15,115.0,74,0.008568481655637322,-536.1825191189009,-536.7567661320754,-536.7763063555309,3.371176964189545,"A""",1.006772875158724,2.812570781264772,0.9464,ok,128.28
1.65,1.2,85.0,74,0.008478237784607318,-536.1590583998193,-536.7388989740956,-536.7594249175237,3.538545475913693,"A""",0.9668852204992242,1.9322148056426913,0.9459,ok,95.57
1.65,1.15,135.0,74,0.009756453181623352,-536.1617748397989,-536.735762566694,-536.7553479638991,2.8513260963302676,"A""",0.735533088878714,3.296130162944933,0.9449,ok,133.6
1.65,1.2,90.0,74,0.008404675018725398,-536.1652181307255,-536.7441157739493,-536.7644184740146,3.548438895003378,"A""",1.0075303076684887,1.9548875935505337,0.9461,ok,116.89
1.65,1.2,125.0,74,0.009643890575995212,-536.1622773328692,-536.7385858858131,-536.758539056258,3.0454539176641866,"A""",0.9011870723191167,2.790851839990756,0.944,ok,74.92
1.65,1.2,100.0,74,0.008487464653783505,-536.1722610817877,-536.7497489049773,-536.7697826115689,3.506389371306777,"A""",1.0531212855448608,2.105754026937496,0.9459,ok,118.52
1.65,1.2,105.0,74,0.008616197644499517,-536.1732159342191,-536.7502443013352,-536.7702108259253,3.4546141901709433,"A""",1.054663560592548,2.2176697640424075,0.9457,ok,107.54
1.65,1.2,110.0,74,0.008794157355045178,-536.1725765727948,-536.7492862580013,-536.7692183692758,3.3822121745208515,"A""",1.0405577045785606,2.3466507641499295,0.9453,ok,109.67
1.65,1.25,90.0,74,0.008715508368767744,-536.1525163638115,-536.7336938565682,-536.7543668421232,3.47527365232488,"A""",0.9849267534022328,1.60655711974468,0.9443,ok,95.21
1.65,1.25,75.0,74,0.009341859860400169,-536.1299454917803,-536.7140723011781,-536.7356825801712,3.37024222016987,"A""",0.8126874101155875,1.709951637745429,0.9437,ok,102.54
1.65,1.25,95.0,74,0.008748407640473946,-536.1568632107256,-536.7372713444631,-536.7577891689239,3.462150935730087,"A""",1.01970929278671,1.6766220494823585,0.9443,ok,97.15
1.7,0.8,75.0,74,0.007546993719462116,-536.1490712989034,-536.7158971693705,-536.7348412782459,3.2468573423852294,"A""",1.1362263775635093,3.7365730750475112,0.9475,ok,78.31
1.65,1.25,80.0,74,0.008979239339726192,-536.1388382081509,-536.7219483927184,-536.7431547202162,3.4310353110654175,"A""",0.8786202935150225,1.6056947793997531,0.944,ok,104.52
1.65,1.2,120.0,74,0.009301871458080039,-536.1669783650087,-536.7433583236352,-536.7632901444243,3.176730543158667,"A""",0.963641868093826,2.6380624771959944,0.9445,ok,113.05
1.65,1.2,115.0,74,0.009021247474584285,-536.1704560142795,-536.7469596371891,-536.7668824217894,3.2893710749149836,"A""",1.0102479012545402,2.488290749865161,0.9449,ok,124.46
1.65,1.2,135.0,74,0.010554009047648376,-536.1498009893426,-536.7259976324575,-536.7460065830314,2.734214802257924,"A""",0.733813067076447,3.0817118057177217,0.9429,ok,111.77
1.65,1.25,85.0,74,0.008782267285017305,-536.1464641449658,-536.7285586822389,-536.7494560224682,3.4653529413674637,"A""",0.937062903331614,1.5779686246047298,0.9443,ok,104.03
1.65,1.25,100.0,74,0.008858215013331575,-536.1594892487224,-536.7392923117478,-536.7597101003978,3.4267015115661907,"A""",1.0394889973548251,1.7777925864069375,0.944,ok,106.38
1.65,1.25,105.0,74,0.00903094137146841,-536.1604472579644,-536.7398033635868,-536.7601645611538,3.3692768947480762,"A""",1.042915631516023,1.9028719423957923,0.9437,ok,105.95
1.65,1.25,110.0,74,0.009260802506661376,-536.1598268966397,-536.7388732640436,-536.7592116479702,3.290181235558871,"A""",1.0291894861043556,2.0465550927779366,0.9433,ok,104.17
1.65,1.2,130.0,74,0.01005826626953269,-536.156497971495,-536.7327566219457,-536.7527376053303,2.897226634026996,"A""",0.8239720652610535,2.9408140747752913,0.9435,ok,124.18
1.65,1.25,120.0,74,0.009902799969554142,-536.1542982957644,-536.7330228560463,-536.7533860262315,3.0694441995889927,"A""",0.9497893754289677,2.37200190257436,0.9422,ok,109.31
1.65,1.25,125.0,74,0.010334798206282327,-536.1496392273658,-536.7282917371641,-536.7486897980874,2.9300499102225723,"A""",0.8853029788096226,2.5447058868506085,0.9416,ok,111.54
1.65,1.25,115.0,74,0.009549086147014692,-536.1577371764901,-536.736582996266,-536.7569242942342,3.1899360547823212,"A""",0.9980492041354435,2.2043829470725784,0.9428,ok,119.07
1.7,0.8,120.0,74,0.007285302421738219,-536.173607362937,-536.735829497473,-536.7538229657075,3.2788931175558433,"A""",0.8397442927123232,3.5422309101191494,0.9482,ok,71.02
1.65,1.25,130.0,74,0.010860544192830094,-536.1438989989937,-536.7224971762411,-536.7429374059953,2.773520519607753,"A""",0.806125277665201,2.7172436414932744,0.9409,ok,119.4
1.7,0.8,90.0,74,0.007302441792619169,-536.1738927517681,-536.7379045292886,-536.7563104416425,3.406721805164631,"A""",1.0954994420272681,3.6719653029208588,0.948,ok,104.99
1.7,0.8,105.0,74,0.007197491621469851,-536.1808689158829,-536.7433503957727,-536.7614519170719,3.4225860235918693,"A""",0.9997529811327123,3.607079053482344,0.9482,ok,100.16
1.7,0.8,80.0,74,0.007453564451488183,-536.1595609198126,-536.7253285136941,-536.7440672312252,3.3145154427327466,"A""",1.128930288716821,3.7143570591554784,0.9477,ok,117.2
1.65,1.25,135.0,74,0.01149761427351694,-536.1372307891679,-536.7157568495614,-536.7362401830982,2.6019870284752327,"A""",0.7144575906697594,2.8839001851513664,0.9402,ok,125.59
1.7,0.8,85.0,74,0.007371397589075301,-536.1677858434734,-536.732608733404,-536.751167734808,3.368149809586451,"A""",1.1151742270808795,3.6930717453559128,0.9478,ok,119.92
1.7,0.8,95.0,74,0.007249089199944636,-536.1780201475613,-536.7413677355082,-536.7596470083703,3.429207439012098,"A""",1.0699382076818902,3.6506436039313193,0.9481,ok,118.35
1.7,0.8,100.0,74,0.007213503675736276,-536.1803017827904,-536.7431392581603,-536.7613175198583,3.434715163025452,"A""",1.0381849221335595,3.628987252082423,0.9482,ok,119.32
1.7,0.8,110.0,74,0.00720292075572284,-536.1798524096358,-536.7421239256843,-536.7601709814409,3.3924744444726262,"A""",0.9541228231875087,3.585131519491303,0.9482,ok,116.04
1.7,0.85,90.0,74,0.007397146594753846,-536.1940830986022,-536.7599548957352,-536.7786200270888,3.399288362580927,"A""",1.0863271182221226,3.6648869118967933,0.9477,ok,71.9
1.7,0.8,130.0,74,0.007478011112131612,-536.1627310728753,-536.7252494131943,-536.7432382101348,3.0998618370431945,"A""",0.6943031294222621,3.5026145299912343,0.9481,ok,92.75
1.7,0.8,115.0,74,0.007231455200082268,-536.1773854787966,-536.7395774504544,-536.7575896076124,3.3444171968923913,"A""",0.9008676171846096,3.563418880373748,0.9482,ok,116.96
1.7,0.8,135.0,74,0.00761981836591668,-536.1559824522465,-536.718718268762,-536.7367120237532,2.9899236982565633,"A""",0.6111525358237605,3.48484160360732,0.948,ok,93.42
1.7,0.8,125.0,74,0.007366786668603678,-536.16866766569,-536.7310065706087,-536.7489936866922,3.1968736490171157,"A""",0.7707696430809737,3.521859954666274,0.9482,ok,114.4
1.7,0.85,75.0,74,0.0076580846187465305,-536.1694791829811,-536.7382407461281,-536.7574781117908,3.255494513415196,"A""",1.1110208761344984,3.730868187726418,0.9472,ok,106.94
1.7,0.85,135.0,74,0.007776832814467607,-536.1759440549215,-536.7403284721134,-536.7585724467007,2.9446731905204757,"A""",0.6271758173013898,3.4766273876158778,0.9476,ok,94.71
1.7,0.85,100.0,74,0.007310015449483156,-536.200436357211,-536.7650858075029,-536.7835130013291,3.4180181869944453,"A""",1.038643877395138,3.6210389686883677,0.9479,ok,105.86
1.7,0.85,130.0,74,0.00762113840281842,-536.1827347470505,-536.7469342156348,-536.7651723193355,3.0587548985562414,"A""",0.7102192038620105,3.493862767296392,0.9477,ok,95.86
1.7,0.85,115.0,74,0.007344100604028545,-536.1974667172733,-536.7614130195035,-536.7796713938218,3.3153484535499835,"A""",0.9119912450995228,3.554361969653633,0.9479,ok,104.07
1.7,0.85,85.0,74,0.0074685194266633104,-536.1880227205432,-536.7547330653813,-536.7735600301135,3.3658054273584255,"A""",1.1007103972038101,3.6863546144519743,0.9476,ok,109.76
1.7,0.85,125.0,74,0.007497972432358837,-536.1887036715952,-536.7527517291255,-536.7709870214524,3.1598246304144926,"A""",0.7858141761795043,3.51279664436365,0.9478,ok,104.11
1.7,0.9,95.0,74,0.007456902854998707,-536.2080981255677,-536.7752378189966,-536.7940388837129,3.402721467052554,"A""",1.0619299033537972,3.6333607009568487,0.9475,ok,76.93
1.7,0.85,80.0,74,0.007555815079721677,-536.179866817889,-536.7475486742449,-536.7665667543592,3.3175572550877686,"A""",1.1090564417280337,3.7080266245732982,0.9474,ok,118.66
1.7,0.85,95.0,74,0.007343674501535067,-536.1981782958809,-536.7633604150807,-536.7818926598014,3.416999620920719,"A""",1.06578063978912,3.6431525514235577,0.9478,ok,117.35
1.7,0.85,110.0,74,0.007308512391489921,-536.1999511337258,-536.7639960340284,-536.7822890672713,3.367415802609567,"A""",0.9622819741409407,3.576341727863232,0.9479,ok,116.88
1.7,0.85,120.0,74,0.007406373871213624,-536.1936684362897,-536.7576238687573,-536.7758643959515,3.2458441974337506,"A""",0.8531781023966188,3.53307237304161,0.9479,ok,116.32
1.7,0.9,80.0,74,0.007676394566755903,-536.190009532948,-536.7597234016988,-536.779039121436,3.3174145604582974,"A""",1.088219682262793,3.699398998608453,0.9471,ok,106.77
1.7,0.9,75.0,74,0.007791616642393203,-536.1797857356228,-536.7505974214455,-536.7701485651885,3.26012936281544,"A""",1.0845033152631736,3.7228489976790815,0.9469,ok,115.09
1.7,0.9,85.0,74,0.007582464996039698,-536.198058248931,-536.7667758173002,-536.7858875639284,3.3608284486275313,"A""",1.0857083868674449,3.6773737078786803,0.9473,ok,112.0
1.7,0.9,110.0,74,0.0074420773984486014,-536.2097984777812,-536.7757441708997,-536.7943001591274,3.3401583703251494,"A""",0.9716525214571406,3.565198523106618,0.9476,ok,106.07
1.7,0.95,80.0,74,0.007816411286255806,-536.1928369079374,-536.7646660714498,-536.784294829318,3.3139068792556525,"A""",1.0665009028315136,3.6869549339846617,0.9468,ok,75.4
1.7,0.9,100.0,74,0.007427630932629556,-536.2103247877441,-536.7769109839126,-536.7956031387623,3.3993248122582247,"A""",1.0397674109262838,3.6107456874844526,0.9476,ok,116.8
1.7,0.9,90.0,74,0.007508951029133184,-536.2040489158921,-536.7719021230806,-536.79084253218,3.3895799043928703,"A""",1.0770536888902733,3.6555431498671416,0.9474,ok,122.73
1.7,0.9,105.0,74,0.007422309625041918,-536.2108502770757,-536.7770421469371,-536.7956535947898,3.37862896558362,"A""",1.0098921609557623,3.5879065342761436,0.9476,ok,117.51
1.7,0.9,115.0,74,0.007488756009194572,-536.2072970798183,-536.7731254770041,-536.7916475865012,3.283818348751852,"A""",0.9245189680759709,3.5430184410653585,0.9476,ok,118.72
1.7,0.9,120.0,74,0.00756448353675732,-536.2034803581705,-536.7692964327094,-536.787802044942,3.2099729344424537,"A""",0.8681555816687238,3.5217464029904195,0.9475,ok,116.2
1.7,0.9,135.0,74,0.007990220207591683,-536.1856636085693,-536.7518178481739,-536.7703312890857,2.895012043035546,"A""",0.6448123798460893,3.466867646975711,0.9472,ok,107.23
1.7,0.9,130.0,74,0.00781313688339988,-536.1924942739245,-536.7584990399382,-536.7770053421873,3.0138433370518247,"A""",0.7277867110158512,3.4833217049379814,0.9473,ok,114.09
1.7,0.9,125.0,74,0.007671619997226813,-536.1984929527996,-536.7643763197821,-536.7828782714338,3.1195027269447473,"A""",0.8024861664375597,3.5017338368955087,0.9474,ok,115.8
1.7,0.95,75.0,74,0.00794983797707492,-536.182833543278,-536.7557736012043,-536.7756561366609,3.2604851898535747,"A""",1.0568201323898412,3.711358994756314,0.9466,ok,122.65
1.7,0.95,85.0,74,0.007713921057128924,-536.2007456958149,-536.7715570151705,-536.7909676400451,3.3530872808493744,"A""",1.0701879175708902,3.6642770223325902,0.947,ok,108.73
1.7,0.95,95.0,74,0.007589972631829193,-536.2106422062708,-536.7798311584145,-536.7989147137836,3.3862562754912413,"A""",1.0583035556797875,3.618922796265915,0.9472,ok,109.44
1.7,1.0,80.0,74,0.007977736124774456,-536.1904138007861,-536.7644043322562,-536.78435900456,3.3068119574020187,"A""",1.0440400315029383,3.663531495342997,0.9464,ok,78.66
1.7,0.95,135.0,74,0.008271148026174659,-536.188031454062,-536.7560508358489,-536.7748524747185,2.8406312980825095,"A""",0.6636908747671321,3.454215544083437,0.9466,ok,95.7
1.7,0.95,90.0,74,0.007638631722584225,-536.206648421162,-536.7765721967884,-536.7958014706314,3.377482492748557,"A""",1.0676445774433434,3.6417957534424685,0.9471,ok,125.81
1.7,0.95,100.0,74,0.007568171581537934,-536.2128334868191,-536.7814505460348,-536.8004218040741,3.37850236165787,"A""",1.0414306663439243,3.5956577105461873,0.9473,ok,121.45
1.7,0.95,130.0,74,0.008062869180191515,-536.1948963957233,-536.762803503986,-536.7815961722504,2.964836986058403,"A""",0.7466617004189745,3.469422037423063,0.9468,ok,101.49
1.7,0.95,110.0,74,0.007607128455803017,-536.2122676409866,-536.7802117504497,-536.7990462465935,3.3105170238239587,"A""",0.9820352542727417,3.5493409629006845,0.9473,ok,107.46
1.7,0.95,115.0,74,0.007669992167049515,-536.2097530216296,-536.7775618578786,-536.79636397276,3.2496119248740634,"A""",0.9382161151033876,3.5271811542631837,0.9472,ok,111.24
1.7,0.95,125.0,74,0.007894764635243088,-536.2009187139705,-536.7687354064698,-536.7875215854707,3.0756392463290823,"A""",0.8204768227848495,3.48687742728608,0.947,ok,110.14
1.7,0.95,120.0,74,0.0077649492486416855,-536.2059229035295,-536.7736980612008,-536.7924856975476,3.171036130046973,"A""",0.884405311141326,3.5062412843912174,0.9471,ok,111.67
1.7,1.0,125.0,74,0.008175489811559853,-536.1980784423068,-536.7678983511154,-536.7869863599515,3.0277598405147943,"A""",0.8393248603706083,3.4643075397466174,0.9464,ok,74.44
1.7,1.0,75.0,74,0.008135704071909593,-536.1806805906843,-536.7557878756768,-536.7760167435462,3.256263345689725,"A""",1.0281552556653588,3.6909963677787,0.9462,ok,112.19
1.7,1.0,85.0,74,0.007864386277866339,-536.1981560007872,-536.771112183533,-536.7908335509483,3.3423879929721796,"A""",1.0542328306410265,3.638492849291908,0.9466,ok,123.62
1.7,1.0,115.0,74,0.007893245482997167,-536.2069263381723,-536.7767839492938,-536.7958819371412,3.2123282184588695,"A""",0.9527757874009188,3.501160881596963,0.9467,ok,109.65
1.7,1.0,105.0,74,0.007755251483454616,-536.2105273395492,-536.7808133366673,-536.799994765788,3.325729603978015,"A""",1.0232364908718923,3.5441343805300773,0.9469,ok,118.59
1.7,1.0,90.0,74,0.007787832359366298,-536.2039575466722,-536.7760071424126,-536.7955370066882,3.362798345261681,"A""",1.058122951642084,3.614328354048581,0.9468,ok,132.02
1.7,1.0,95.0,74,0.0077449872662526545,-536.2078905151991,-536.7791877193871,-536.7985659583472,3.3673815663897164,"A""",1.054862113290553,3.590529568247701,0.9469,ok,128.87
1.7,1.0,100.0,74,0.007734371145173181,-536.2100457980202,-536.7807560443669,-536.8000194158982,3.355290543035246,"A""",1.0435303129486655,3.5670658839280165,0.9469,ok,133.22
1.7,1.0,120.0,74,0.008014387484175137,-536.2030906622991,-536.772894154237,-536.7919805609494,3.1285915674056013,"A""",0.9015446694418121,3.4818092750218246,0.9466,ok,110.59
1.7,1.0,110.0,74,0.007807765469485931,-536.2094476853607,-536.7794572077161,-536.7985851547139,3.2781376907830992,"A""",0.9931948405162518,3.5220488924590327,0.9468,ok,126.65
1.7,1.05,75.0,74,0.00835264769604379,-536.1748355738168,-536.7521204492939,-536.7727089864433,3.2470154426050435,"A""",0.9987498777476665,3.621425570672772,0.9457,ok,105.69
1.7,1.05,85.0,74,0.008036000999428325,-536.1918134802428,-536.7669417005837,-536.7869847218757,3.328374412304,"A""",1.0380186056710958,3.5340032411192883,0.9462,ok,105.11
1.7,1.05,90.0,74,0.007958889621647638,-536.1975055574197,-536.7717140035078,-536.7915556882566,3.345156865746919,"A""",1.0485933001978556,3.5098364513229607,0.9464,ok,104.64
1.7,1.05,95.0,74,0.007924759009632545,-536.2013758605204,-536.7748194150304,-536.7945044719295,3.3456879095471015,"A""",1.0516255042999982,3.4946332723317477,0.9465,ok,104.44
1.7,1.05,100.0,74,0.007929645516646263,-536.2034971574171,-536.7763429835085,-536.7959117927039,3.3292250135146126,"A""",1.045991553496023,3.4832061192047754,0.9465,ok,104.3
1.7,1.05,125.0,74,0.008521892338035188,-536.191517439742,-536.7633950113793,-536.7828041121246,2.9751227515481196,"A""",0.858334101620306,3.424902965058539,0.9458,ok,79.21
1.7,1.0,135.0,74,0.008632205162687121,-536.185151181247,-536.7551057001455,-536.7742148337811,2.78102304916805,"A""",0.6832151040743861,3.4360682937571134,0.946,ok,122.62
1.7,1.0,130.0,74,0.008380265207315288,-536.1920416049292,-536.7619212681847,-536.7810187520139,2.911239510205681,"A""",0.7663085379875892,3.4489567425547993,0.9462,ok,123.25
1.7,1.1,105.0,74,0.008226234913908182,-536.1947803750608,-536.7693585093267,-536.7891696430585,3.2603864841892536,"A""",1.038282365986714,3.2618789381355993,0.9459,ok,63.72
1.7,1.05,105.0,74,0.00797123836697579,-536.2039626063581,-536.7763740112417,-536.7958620049202,3.294995462141245,"A""",1.030681255363563,3.472196630376619,0.9464,ok,129.36
1.7,1.05,115.0,74,0.008164013763264514,-536.2003583298836,-536.7723153615481,-536.7917262086968,3.1713107681860357,"A""",0.9677786671417716,3.4482336779345633,0.9462,ok,120.69
1.7,1.05,120.0,74,0.008319777396175065,-536.1965268679331,-536.768411275417,-536.7878145747635,3.081931941590222,"A""",0.9190177650363206,3.436144217617751,0.946,ok,115.91
1.7,1.1,85.0,74,0.008231613523983815,-536.1828456286096,-536.7601641535115,-536.7805400405128,3.3104039605212727,"A""",1.0217529142588104,3.182337791576829,0.9458,ok,95.09
1.7,1.05,110.0,74,0.008048919963712204,-536.202878052605,-536.7750014796068,-536.7944386941955,3.2424256526734303,"A""",1.0048379744066485,3.4604725268645216,0.9463,ok,124.0
1.7,1.1,80.0,74,0.008374740187635194,-536.1754887754118,-536.7538511790358,-536.7744920729882,3.2800556842562276,"A""",0.9978235903079332,3.2239668240184143,0.9455,ok,97.85
1.7,1.1,95.0,74,0.00813282502640708,-536.1922336847706,-536.767855613797,-536.7878609113023,3.3204755158430683,"A""",1.0485956131515466,3.1928077427650043,0.946,ok,93.73
1.7,1.1,100.0,74,0.008158063933415304,-536.1943249973041,-536.7693435846322,-536.7892328285905,3.2995402845638577,"A""",1.0486766289633755,3.2248019157454255,0.946,ok,93.53
1.7,1.1,90.0,74,0.008154883746244854,-536.1884248056508,-536.7648178581009,-536.7849834135542,3.3239027041520735,"A""",1.0391748641581828,3.1754128911447137,0.9459,ok,95.93
1.7,1.1,75.0,74,0.008604641766989836,-536.1664082265243,-536.7458673918412,-536.7668284173905,3.2319893891818032,"A""",0.9688323963082018,3.3113316895348324,0.9452,ok,105.99
1.7,1.1,110.0,74,0.00833584907872914,-536.1936987137304,-536.7679807634468,-536.7877453287499,3.2024608057300474,"A""",1.016481456488711,3.295583674747532,0.9457,ok,97.82
1.7,1.05,130.0,74,0.008775789251203965,-536.1854774485129,-536.7573858749447,-536.7768086135343,2.8522942923654995,"A""",0.7858987707871913,3.4151216459767144,0.9456,ok,118.28
1.7,1.05,135.0,74,0.009086612472579443,-536.178572777464,-536.7505200549481,-536.7699583348154,2.7154344930960583,"A""",0.7024505929689231,3.4073276510484933,0.9453,ok,124.6
1.7,1.15,115.0,74,0.00887264997483247,-536.1802657009015,-536.7565721767869,-536.7766710288413,3.073689212605245,"A""",0.9957565302039629,3.0695332031532727,0.9447,ok,86.85
1.7,1.15,85.0,74,0.008455100082773795,-536.1720857655764,-536.7516150671265,-536.7723363039461,3.28734939582325,"A""",1.00553051122917,2.7394773470850295,0.9452,ok,103.72
1.7,1.1,120.0,74,0.008688178080504289,-536.1873737725224,-536.7613898935841,-536.7811310715937,3.030021603743991,"A""",0.9359115280029744,3.3373804222951136,0.9453,ok,116.13
1.7,1.15,130.0,74,0.009842339553749292,-536.1655033796035,-536.7416527327434,-536.7618033342583,2.713888229752443,"A""",0.8186742254643271,3.239336220615608,0.9436,ok,80.78
1.7,1.15,95.0,74,0.008373630756226698,-536.1813046010224,-536.7591414740543,-536.7794827691656,3.2905861922731585,"A""",1.0455803103096126,2.7824749988013817,0.9454,ok,102.47
1.7,1.1,125.0,74,0.008942671776542413,-536.1823793152852,-536.7563685292304,-536.7761212115696,2.916671819257109,"A""",0.8763672368505266,3.347310996168611,0.945,ok,120.07
1.7,1.15,100.0,74,0.008424444695773676,-536.1833714339729,-536.7606051561393,-536.7808325565544,3.2650135208659727,"A""",1.0511786861742909,2.8402908067866632,0.9454,ok,102.42
1.7,1.15,105.0,74,0.008525426418688753,-536.183823644188,-536.7606155898336,-536.780769486854,3.2206032230226196,"A""",1.0453769283047418,2.9122843274658905,0.9452,ok,102.91
1.7,1.15,90.0,74,0.008379896873895282,-536.177553232704,-536.7561602567624,-536.7766635781168,3.297914184429426,"A""",1.0298456801589984,2.746029932265416,0.9454,ok,111.6
1.7,1.15,80.0,74,0.008617599490274649,-536.1649327801852,-536.7454948749471,-536.7664965975356,3.2585377473346964,"A""",0.9744533801692888,2.7740957810041658,0.945,ok,118.65
1.7,1.1,115.0,74,0.00848842658835936,-536.1911900659951,-536.7652942841801,-536.7850375269051,3.1255717779696193,"A""",0.9825347633449889,3.3209034871874685,0.9455,ok,137.82
1.7,1.1,130.0,74,0.009259859733031752,-536.1763491418176,-536.7503436233238,-536.7701157086399,2.7869562225119444,"A""",0.8040928230581229,3.353466127294453,0.9447,ok,129.25
1.7,1.1,135.0,74,0.009647637054286158,-536.169443377146,-536.7434439467156,-536.7632371850136,2.642862787121043,"A""",0.7199051768124336,3.358090510873659,0.9444,ok,132.48
1.7,1.15,110.0,74,0.008674175091874776,-536.1827532758308,-536.7592450978663,-536.7793584498694,3.1568719833532937,"A""",1.0271659785401157,2.9912945768192087,0.945,ok,111.54
1.7,1.15,75.0,74,0.008896657795499535,-536.1562131067935,-536.7378406835257,-536.7591873100573,3.209899177206413,"A""",0.9384483431306841,2.8650646326821216,0.9446,ok,131.31
1.7,1.2,75.0,74,0.009235334543844082,-536.1448467943244,-536.728640737981,-536.7503870697354,3.1785041627379536,"A""",0.9070610979547826,2.415182096596046,0.944,ok,108.61
1.7,1.2,85.0,74,0.008711789239631673,-536.1601491354286,-536.741918305843,-536.7629995375964,3.2572240995988073,"A""",0.9889931533122011,2.296226635949627,0.9446,ok,106.48
1.7,1.15,125.0,74,0.009445951725036046,-536.1715096575214,-536.7476743048522,-536.7677975705623,2.8509955328702743,"A""",0.8914724506331635,3.196158914102858,0.944,ok,137.23
1.7,1.15,120.0,74,0.009126518144046997,-536.1764761530494,-536.7526832068252,-536.7727873040125,2.971422017916329,"A""",0.9505969850423202,3.139436197402236,0.9444,ok,140.61
1.7,1.2,80.0,74,0.008897030545985216,-536.1531977079497,-536.7359754542135,-536.7573515293567,3.229092400305921,"A""",0.9506099450176746,2.3240280643409235,0.9443,ok,112.46
1.7,1.2,95.0,74,0.008652667346698673,-536.16921027289,-536.7493088579023,-536.7700051604215,3.254097583464417,"A""",1.041790589771623,2.3639138225148866,0.9447,ok,114.71
1.7,1.15,135.0,74,0.010327709505420706,-536.1586111664227,-536.7347392005988,-536.7549189851792,2.5620904586897573,"A""",0.7331940473584638,3.271893206264238,0.9432,ok,127.68
1.7,1.2,100.0,74,0.008734350283023634,-536.1712592140279,-536.7507610033636,-536.7713479186461,3.2236922783128463,"A""",1.052361147741241,2.4383182734528743,0.9445,ok,116.44
1.7,1.2,110.0,74,0.009069580650810217,-536.1706651722682,-536.7494293905205,-536.7699172454627,3.1036457458384037,"A""",1.034869181775498,2.635673189721338,0.944,ok,117.29
1.7,1.2,105.0,74,0.008874408849824534,-536.1717156414,-536.750779407456,-536.7712996500729,3.1736541902684876,"A""",1.050411780608213,2.530688557236855,0.9443,ok,120.1
1.7,1.2,90.0,74,0.008639291580884704,-536.1655102783894,-536.7463702505901,-536.7672279879729,3.2652641408565835,"A""",1.020083630458444,2.313700251524697,0.9447,ok,125.37
1.7,1.25,75.0,74,0.009629930402249673,-536.1327459021425,-536.7187114996021,-536.7408733855699,3.1338140050163537,"A""",0.8724992488533511,1.994525572480808,0.943,ok,74.24
1.7,1.25,90.0,74,0.008939930162021614,-536.1527539215853,-536.7359183869207,-536.7571509358263,3.222573989909592,"A""",1.0078605855104406,1.9069830195226056,0.9437,ok,75.06
1.7,1.2,115.0,74,0.009322583958172809,-536.1682087932263,-536.7467848792501,-536.7672672012262,3.013666865119506,"A""",1.004929473732684,2.747657072528986,0.9436,ok,128.2
1.7,1.2,125.0,74,0.010038773203770038,-536.159532578583,-536.7379512852098,-536.758477798627,2.7763041455123516,"A""",0.9002849148921136,2.965736213029287,0.9427,ok,120.73
1.7,1.2,130.0,74,0.010531336322396539,-536.1535649488126,-536.7319547004223,-536.7525193733218,2.631497119734258,"A""",0.8260330128224449,3.0582579560697476,0.9422,ok,121.61
1.7,1.2,135.0,74,0.011137481477028057,-536.1467020316815,-536.7250509732091,-536.745656257846,2.4717804053338037,"A""",0.738632191937705,3.134557155397962,0.9416,ok,123.03
1.7,1.25,85.0,74,0.009008765456170024,-536.1474901087383,-536.7315399461875,-536.7529988335349,3.2164408003635194,"A""",0.9703416953855051,1.8801199208642472,0.9436,ok,105.01
1.7,1.25,80.0,74,0.009220712405503732,-536.1407312302495,-536.7257510052157,-536.7475173163309,3.1878878998539926,"A""",0.9244661471998273,1.9024514303219722,0.9434,ok,116.76
1.7,1.25,100.0,74,0.009093962698838418,-536.15844870698,-536.7402842572195,-536.7612566295026,3.1724382194325527,"A""",1.0492190222710605,2.057526333553039,0.9433,ok,113.81
1.7,1.25,120.0,74,0.010236815939251376,-536.1517785347153,-536.7326002840535,-536.7535267462272,2.8259276465265515,"A""",0.9590493904698447,2.5649998449765357,0.9415,ok,110.55
1.7,1.25,95.0,74,0.008976509141659058,-536.1564104005945,-536.7388302026174,-536.7599047502922,3.207771535866685,"A""",1.0347769933205047,1.969137690793195,0.9436,ok,122.56
1.75,0.8,90.0,74,0.007603997908951789,-536.1716300864938,-536.7375041501432,-536.7564550144926,3.075297183611478,"A""",1.0752044348826153,3.2997585310638624,0.9455,ok,87.83
1.7,1.25,105.0,74,0.00927892714244834,-536.1589168604743,-536.7403233484853,-536.7612384073633,3.1164989688668827,"A""",1.0497429917672705,2.166034674679423,0.943,ok,130.27
1.75,0.8,80.0,74,0.007763213382389594,-536.1591254594606,-536.7266935964802,-536.7459755313746,2.988724862566688,"A""",1.116472719476484,3.3417385997610687,0.9453,ok,114.72
1.7,1.25,110.0,74,0.009527375500707579,-536.1578947612671,-536.7390072711355,-536.759900553656,3.039873376207046,"A""",1.0352877239760128,2.289916230985195,0.9426,ok,130.49
1.7,1.25,115.0,74,0.009843183792201239,-536.1554794805091,-536.7364064873839,-536.7573057395228,2.9427869693010797,"A""",1.005151852903528,2.4246182360266353,0.9421,ok,129.57
1.75,0.8,75.0,74,0.007859698170865032,-536.1497827721934,-536.7183814681498,-536.7378688200357,2.9231246358120897,"A""",1.12966934847024,3.3647560053624095,0.9451,ok,120.71
1.7,1.25,125.0,74,0.010726100322710033,-536.1469080337125,-536.7276759052982,-536.7486451361742,2.69047745056452,"A""",0.8972335338213402,2.7049747729549822,0.9409,ok,127.61
1.75,0.85,75.0,74,0.007972188367301014,-536.1702260593448,-536.7407566087248,-536.7605377021628,2.930838790495033,"A""",1.1103217433065316,3.363369791116314,0.9449,ok,73.28
1.7,1.25,130.0,74,0.011332362506333713,-536.1409940993146,-536.7217282436034,-536.7427502748741,2.538061895608465,"A""",0.8206362258028771,2.8377906233822117,0.9402,ok,131.75
1.75,0.8,95.0,74,0.007546950510770403,-536.1750412912565,-536.7402867096553,-536.7591134454437,3.0944264540286137,"A""",1.0476546197080456,3.2794636140465516,0.9456,ok,97.38
1.75,0.8,105.0,74,0.0074935468354890575,-536.1767753360639,-536.7412320588288,-536.7598905912322,3.0805162328538676,"A""",0.9768087434759033,3.239048948414023,0.9457,ok,94.72
1.75,0.85,80.0,74,0.007866688870896484,-536.1794845517888,-536.7489698761657,-536.7685334141057,2.9913613646350723,"A""",1.1018425593255705,3.339301760163833,0.945,ok,72.21
1.75,0.8,85.0,74,0.007677131383715978,-536.1663654403965,-536.7330183537434,-536.7521210185942,3.039758486750522,"A""",1.0981332753379995,3.3203509586085476,0.9454,ok,101.82
1.75,0.8,110.0,74,0.007503692597584039,-536.1753309539469,-536.7396158684005,-536.7582269945689,3.046615070528386,"A""",0.9322027173427896,3.2190264870267917,0.9457,ok,94.09
1.7,1.25,135.0,74,0.012082159070071253,-536.134176950645,-536.7148610259604,-536.7359396522642,2.370658620535772,"A""",0.7309688121720719,2.9572351726820996,0.9395,ok,135.96
1.75,0.8,120.0,74,0.007617907440986908,-536.1684159913419,-536.7327199139057,-536.7512955974967,2.9252711364950943,"A""",0.8216374827493585,3.180398785600112,0.9456,ok,95.27
1.75,0.8,125.0,74,0.007732840691911587,-536.1632045464199,-536.7276546964632,-536.7462347990765,2.8391816640456264,"A""",0.754999412559656,3.1624021929375017,0.9455,ok,92.75
1.75,0.8,100.0,74,0.007509084002648962,-536.1767175351372,-536.7414910581776,-536.7602207756478,3.0963571334297386,"A""",1.0150659537987574,3.2592358252754305,0.9457,ok,106.84
1.75,0.8,130.0,74,0.00789467149210549,-536.1570179712448,-536.7216730832067,-536.7402663615426,2.7378014389256884,"A""",0.680844790731089,3.145792286526182,0.9454,ok,94.23
1.75,0.8,115.0,74,0.007543488346110573,-536.1725029979397,-536.7367440698789,-536.7553287426197,2.99471383693283,"A""",0.8806321427228905,3.199384213230418,0.9457,ok,103.96
1.75,0.8,135.0,74,0.008108990144384789,-536.1500254935042,-536.7149177879716,-536.7335275790808,2.622968154061402,"A""",0.5997837407317824,3.1310530312420717,0.9453,ok,104.09
1.75,0.85,95.0,74,0.007644254495641283,-536.1952857353436,-536.7623781623448,-536.7814625439968,3.0835708057528106,"A""",1.0465991874069211,3.2757659673962003,0.9454,ok,94.17
1.75,0.85,90.0,74,0.007700840584451985,-536.191897901371,-536.7596424974496,-536.7788567668896,3.0686057463134997,"A""",1.0698418428869478,3.296343016680867,0.9453,ok,101.56
1.75,0.85,85.0,74,0.007775842454166539,-536.1866691523875,-536.7552170220811,-536.7745910727972,3.037568102578614,"A""",1.0882076024079101,3.31731688755969,0.9452,ok,116.47
1.75,0.85,100.0,74,0.007608919597147274,-536.196946365322,-536.7635456057196,-536.7825292456965,3.0816398278438917,"A""",1.0179682397998628,3.2553159859712024,0.9454,ok,107.36
1.75,0.85,105.0,74,0.007597706294545528,-536.1969930269463,-536.7632563033168,-536.782166777317,3.0621781453715493,"A""",0.9832490466301309,3.2349729323461744,0.9454,ok,94.16
1.75,0.85,115.0,74,0.00766195152048953,-536.1927023148503,-536.7587132842258,-536.777549675634,2.969578560078487,"A""",0.8926664465402796,3.1952921469010147,0.9454,ok,94.46
1.75,0.9,125.0,74,0.008059633739279688,-536.1932917146861,-536.7613227274205,-536.7804298348458,2.7731287944979903,"A""",0.7871071100478413,3.1548074735957514,0.9448,ok,65.92
1.75,0.9,105.0,74,0.007726346990228906,-536.2069446661011,-536.7751431569353,-536.7943224105506,3.042215221865784,"A""",0.9904183250668033,3.230055341762299,0.9451,ok,74.5
1.75,0.85,120.0,74,0.007746507809009694,-536.1886039463603,-536.7546575130608,-536.7734859502842,2.8968289496936577,"A""",0.8356326023795186,3.176504452247168,0.9453,ok,94.99
1.75,0.85,110.0,74,0.007614126345779719,-536.1955395100148,-536.7616128579094,-536.7804753187515,3.02482740713859,"A""",0.9417027866711999,3.214883116782906,0.9454,ok,105.76
1.75,0.85,125.0,74,0.007874087323472957,-536.1833769078452,-536.7495537747926,-536.768388047409,2.807423240813491,"A""",0.7703328205919734,3.1588764978621957,0.9452,ok,102.77
1.75,0.85,130.0,74,0.008051696796310475,-536.1771681940714,-536.7435237104056,-536.7623727521909,2.702677968317155,"A""",0.6968478558239247,3.1428246912501114,0.9451,ok,93.81
1.75,0.85,135.0,74,0.008285673210991058,-536.1701445148976,-536.7367068164281,-536.7555739610658,2.584398727608933,"A""",0.6157551889832812,3.128846098861818,0.9449,ok,104.13
1.75,0.9,120.0,74,0.00791328627482709,-536.1985306117961,-536.7664625292025,-536.7855619401772,2.86619243586216,"A""",0.8509633422551756,3.171971369507159,0.945,ok,94.53
1.75,0.9,130.0,74,0.00826027776348353,-536.1870648712119,-536.75524629379,-536.7743702022324,2.6646133198376565,"A""",0.714342917982482,3.139430164345095,0.9447,ok,94.16
1.75,0.9,135.0,74,0.008522574880707231,-536.1800137073868,-536.7483687985126,-536.7675128352632,2.5424251493200742,"A""",0.63321230661175,3.1263493117260928,0.9445,ok,93.92
1.75,0.9,95.0,74,0.007759925459391179,-536.2052726369564,-536.7743381236951,-536.7936965512597,3.0710281299877984,"A""",1.0456131927138124,3.2710818359612697,0.9451,ok,105.48
1.75,0.9,80.0,74,0.007988084223814342,-536.1896510733424,-536.7611747633644,-536.7810389118896,2.991353410224091,"A""",1.0859572848009902,3.3355006608881794,0.9448,ok,117.51
1.75,0.9,75.0,74,0.008107254733422125,-536.1805311646447,-536.7531111642372,-536.7732072439774,2.9352255001934386,"A""",1.0893077647919305,3.3605325358071405,0.9447,ok,121.22
1.75,0.9,85.0,74,0.007890867393445073,-536.1967468863368,-536.7673128858025,-536.7869758325676,3.0331978940359643,"A""",1.0774867398406482,3.3130587818661055,0.9449,ok,119.68
1.75,0.9,90.0,74,0.007814355135899436,-536.2019197098741,-536.7716594736473,-536.7911538338566,3.060042618152592,"A""",1.064136295173263,3.2918356955404837,0.945,ok,121.12
1.75,0.95,85.0,74,0.008022779312227082,-536.1994561132357,-536.7721298087719,-536.7920964278138,3.026646650336987,"A""",1.0659442074511984,3.3073249043451316,0.9446,ok,106.41
1.75,0.95,80.0,74,0.00812857692718786,-536.1924784062642,-536.7661268195415,-536.7863077300481,2.988661276466456,"A""",1.068847962611058,3.330136645132656,0.9445,ok,107.14
1.75,0.9,110.0,74,0.007752771346765564,-536.2054820397593,-536.773473160007,-536.79260424069,3.0013081667739314,"A""",0.9521818173624935,3.209957886929113,0.9451,ok,120.94
1.75,0.9,115.0,74,0.007813426466946397,-536.2026373663965,-536.7705475909278,-536.7896534614572,2.942519582899844,"A""",0.9058813307955744,3.1904828995126526,0.9451,ok,119.44
1.75,0.95,95.0,74,0.007894895350371097,-536.2078668190653,-536.778999701195,-536.7986463246651,3.056809006723134,"A""",1.0445835531683358,3.265041078480698,0.9448,ok,106.61
1.75,0.95,110.0,74,0.007922854987728161,-536.2080321955672,-536.7780401311113,-536.7974555387609,2.9760273307148166,"A""",0.9634370641800195,3.2037159532484347,0.9448,ok,104.46
1.75,0.95,90.0,74,0.007945109506110916,-536.204556849777,-536.7763838308471,-536.7961724529508,3.049619620701403,"A""",1.0580144755859864,3.2859285688483246,0.9448,ok,118.91
1.75,0.95,75.0,74,0.008267603815602317,-536.183547769343,-536.7582583712676,-536.7786878354044,2.936166718601907,"A""",1.0667270327437426,3.356112064926142,0.9444,ok,126.28
1.75,0.95,100.0,74,0.007873108293784237,-536.209481166116,-536.7800831996103,-536.799622199996,3.047381803494353,"A""",1.0249092186014894,3.244324972688561,0.9448,ok,115.67
1.75,0.95,115.0,74,0.008001618278545347,-536.2051846181045,-536.7750934766715,-536.7944851620198,2.9134908495894947,"A""",0.9200497302168962,3.1843961032390777,0.9447,ok,103.68
1.75,0.95,105.0,74,0.007881541335408474,-536.2095011125244,-536.7797328737536,-536.7991959820947,3.0206143274095814,"A""",0.9981403041284049,3.223805212455733,0.9448,ok,117.07
1.75,1.0,75.0,74,0.008456887357485976,-536.181340417201,-536.7582233156671,-536.7790019854276,2.933564947492067,"A""",1.0427512060038433,3.3494157149863635,0.944,ok,76.62
1.75,1.0,80.0,74,0.008290242737033751,-536.1900362717422,-536.7658584582055,-536.7863698077037,2.9832447965656597,"A""",1.0506276781645574,3.3223949484487534,0.9442,ok,75.59
1.75,0.95,130.0,74,0.00852856616350297,-536.1895936581487,-536.7596986098235,-536.7791155582422,2.623529755922755,"A""",0.7330325224805686,3.135091078782733,0.9442,ok,95.28
1.75,0.95,120.0,74,0.008123379270739597,-536.2010753731031,-536.7709848412696,-536.7903721764562,2.8333012893785723,"A""",0.8673780598223618,3.166232796866615,0.9446,ok,105.85
1.75,0.95,125.0,74,0.008295983515386409,-536.1958314172374,-536.7658151914327,-536.7852126902186,2.7362273126908176,"A""",0.8050464119783569,3.1496439274483916,0.9444,ok,105.17
1.75,0.95,135.0,74,0.008829953413380118,-536.182522038213,-536.7527659772434,-536.7722057204537,2.496966905411019,"A""",0.6518425505959901,3.1230917697669613,0.944,ok,94.9
1.75,1.0,85.0,74,0.008173021146206433,-536.196871295804,-536.7717066889576,-536.7919895237967,3.017891610937076,"A""",1.053634354114509,3.299203886202802,0.9443,ok,105.97
1.75,1.0,100.0,74,0.008041360392012255,-536.2067395707376,-536.7794554454016,-536.7992926307599,3.0277657164654372,"A""",1.0286898084759186,3.235641107545367,0.9445,ok,102.94
1.75,1.0,90.0,74,0.008094544452740738,-536.2018877613682,-536.7758598901052,-536.7959550365636,3.0373077932843406,"A""",1.0514739190923155,3.2776157425797745,0.9444,ok,123.0
1.75,1.0,110.0,74,0.008128346711017411,-536.2052792289622,-536.7773718828053,-536.7970865292525,2.9488438169607853,"A""",0.9752558499610665,3.19490282818632,0.9444,ok,104.27
1.75,1.0,95.0,74,0.008050969823938577,-536.2051499962975,-536.7784116191538,-536.7983590195539,3.0408644438128665,"A""",1.0434529647609707,3.2565449962217334,0.9445,ok,119.18
1.75,1.0,115.0,74,0.008231411310730085,-536.2024356594493,-536.7744119705562,-536.7941052078484,2.8823208954901194,"A""",0.9349070934207722,3.1757943671699604,0.9443,ok,105.61
1.75,1.0,105.0,74,0.008066386495805258,-536.2067492908728,-536.7790807511952,-536.7988417814108,2.9972668506120668,"A""",1.0062533095025048,3.214988985647566,0.9445,ok,114.44
1.75,1.0,125.0,74,0.00859025365733281,-536.1930925762632,-536.7650989369871,-536.7848041978511,2.696504892458628,"A""",0.8237751925589084,3.1422880366667516,0.9439,ok,107.88
1.75,1.0,120.0,74,0.008382661246092667,-536.198332244867,-536.7702886745567,-536.7899804826718,2.7979590647158163,"A""",0.8845571403716679,3.15810531294564,0.9441,ok,109.07
1.75,1.0,130.0,74,0.008865394988774662,-536.1868537916872,-536.7589523197298,-536.7786805405403,2.5792050050350164,"A""",0.7524879564511697,3.128816041060582,0.9437,ok,105.29
1.75,1.0,135.0,74,0.009218891396362339,-536.1797715445332,-536.7519742311212,-536.7717288288766,2.447802276885139,"A""",0.6711747239548032,3.1182022478176004,0.9434,ok,107.37
1.75,1.1,85.0,74,0.008537929033533011,-536.1815312310921,-536.7607701771921,-536.7817203095365,2.993220688249581,"A""",1.0274585017088533,3.2501974489871124,0.9436,ok,76.45
1.75,1.1,80.0,74,0.008689070940363707,-536.1750328034376,-536.7552599696494,-536.7764690585673,2.963664978169216,"A""",1.0118424955641108,3.2763667259123954,0.9434,ok,80.12
1.75,1.05,105.0,74,0.008284496234460894,-536.2002271642252,-536.7747049161634,-536.7947783360987,2.9719271810716097,"A""",1.0146246359926114,3.2002773008722816,0.9441,ok,108.93
1.75,1.05,90.0,74,0.008264824924395068,-536.1954437013377,-536.7715963363878,-536.7920096777032,3.022985577542783,"A""",1.0446137777980407,3.263542063892632,0.9441,ok,112.9
1.75,1.05,85.0,74,0.008343763276139953,-536.1905196865799,-536.7675466223955,-536.7881572269775,3.0068295088573262,"A""",1.0407247209309203,3.285520413653085,0.944,ok,113.46
1.75,1.05,130.0,74,0.009279721217517738,-536.1803915433447,-536.7545388844268,-536.7745983324695,2.5312311452505947,"A""",0.7720948403166275,3.118687252450646,0.9431,ok,95.11
1.75,1.05,75.0,74,0.00867948672292609,-536.1754238955397,-536.7544922860591,-536.7756344693469,2.9272639555793036,"A""",1.0176505175977246,3.3379448134554752,0.9437,ok,124.83
1.75,1.05,80.0,74,0.008475890238305923,-536.1838464484465,-536.7618653193953,-536.7827194622627,2.974994045024886,"A""",1.031523905848468,3.309375829502963,0.9438,ok,124.01
1.75,1.05,95.0,74,0.008230650879492016,-536.1986562985943,-536.7740866352924,-536.7943471860997,3.0230393179298303,"A""",1.0422469880980867,3.242151059013555,0.9441,ok,122.12
1.75,1.05,100.0,74,0.008237514645861466,-536.2002230586432,-536.7750964969345,-536.7952452404899,3.00626800761967,"A""",1.032588603290557,3.2210047023159247,0.9441,ok,122.46
1.75,1.05,110.0,74,0.00837323090107162,-536.1987626384499,-536.7729887513703,-536.7930181903828,2.919463686840838,"A""",0.9874201676025641,3.1803800631117802,0.944,ok,114.18
1.75,1.05,135.0,74,0.009700595167404699,-536.1733106226986,-536.7475287075767,-536.7676193924556,2.3945297961847793,"A""",0.6905122900812903,3.110078293334324,0.9428,ok,105.25
1.75,1.05,125.0,74,0.008949746352190507,-536.1866195493864,-536.7607021471515,-536.7807339469235,2.6535626985103766,"A""",0.8427786009205496,3.130492252227898,0.9434,ok,119.32
1.75,1.05,115.0,74,0.008507968112606791,-536.1959315106352,-536.7700257459823,-536.7900371501497,2.8486711601832466,"A""",0.9501422621689276,3.161798192383099,0.9438,ok,125.07
1.75,1.1,90.0,74,0.008458852226239233,-536.1863586120077,-536.7647192285051,-536.7854630880495,3.006389726167613,"A""",1.037592972811199,3.2277409608106034,0.9437,ok,110.07
1.75,1.05,120.0,74,0.008696841352017556,-536.1918438486945,-536.7658992966802,-536.7859132515096,2.759790996633949,"A""",0.9020899445492908,3.1450147390020837,0.9436,ok,125.21
1.75,1.1,95.0,74,0.008437147582005141,-536.1895221825255,-536.76715439925,-536.787741542823,3.0030278901755487,"A""",1.0410264499650645,3.207076652510281,0.9437,ok,120.35
1.75,1.1,105.0,74,0.008539976990806886,-536.1910738446503,-536.7677391638234,-536.788141149575,2.944172037279697,"A""",1.0230878178633203,3.168523150699789,0.9436,ok,117.73
1.75,1.1,100.0,74,0.008465212703813044,-536.1910696673415,-536.7681383820888,-536.7886134741576,2.9825276893693755,"A""",1.0365581125405605,3.1873710255245395,0.9437,ok,127.49
1.75,1.15,100.0,74,0.008728768837063703,-536.1801219598566,-536.7594279110475,-536.7802465332836,2.9559547706649525,"A""",1.0404470568354116,3.0697436107670217,0.9432,ok,66.44
1.75,1.1,110.0,74,0.008662268614020379,-536.189622393299,-536.766026145168,-536.7863879098109,2.8874008794074517,"A""",0.9996305513352478,3.1508337537230435,0.9435,ok,116.59
1.75,1.1,135.0,74,0.010285920493747056,-536.1642848716415,-536.7405769176622,-536.7610287404818,2.3365609962812397,"A""",0.7087861775548164,3.095666378839005,0.942,ok,95.81
1.75,1.1,115.0,74,0.008836816304847962,-536.1868129615116,-536.7630719327825,-536.7834203737834,2.81199909325193,"A""",0.9653070969644718,3.1347572049215757,0.9433,ok,112.96
1.75,1.15,105.0,74,0.008837575913722544,-536.1801325302713,-536.7590317025561,-536.7797811816639,2.9133401108031967,"A""",1.0313115347047928,3.0729152866905185,0.9431,ok,77.22
1.75,1.15,85.0,74,0.0087594089423961,-536.1707412457804,-536.7522141655022,-536.773516683842,2.9766141853603187,"A""",1.0140793517647542,3.0756984519419817,0.9432,ok,95.38
1.75,1.1,130.0,74,0.009780259108554316,-536.1713509275785,-536.7476024948943,-536.768016451794,2.478997018157097,"A""",0.7909130935733764,3.1007957587923873,0.9424,ok,104.92
1.75,1.15,75.0,74,0.009245709810013047,-536.1566287709387,-536.7400636869824,-536.7619747637592,2.9021776587307007,"A""",0.9653728929690271,3.1727132400750104,0.9428,ok,104.72
1.75,1.15,80.0,74,0.008934335856650325,-536.1644243160385,-536.7468710934007,-536.7684479068093,2.948795415608573,"A""",0.9918938389454138,3.1092361571120004,0.943,ok,104.97
1.75,1.1,125.0,74,0.00938166029122744,-536.1775550678917,-536.7537662489184,-536.7741462782973,2.606790843092315,"A""",0.861276177948941,3.1093048309030897,0.9427,ok,115.43
1.75,1.15,90.0,74,0.008680469811462239,-536.1754716794464,-536.756070498481,-536.7771587973101,2.987045308971333,"A""",1.0305485377535084,3.064260918764038,0.9433,ok,103.74
1.75,1.15,95.0,74,0.008674499929186518,-536.1785890292517,-536.7584599056793,-536.7793891165244,2.980306174161275,"A""",1.0397953231877644,3.0651292182113563,0.9433,ok,105.27
1.75,1.1,120.0,74,0.00907230105578671,-536.1827518668704,-536.7589558145434,-536.7793121534514,2.7182112838664536,"A""",0.919365218471779,3.1207661413650265,0.943,ok,129.0
1.75,1.2,85.0,74,0.009013416757021888,-536.1587665111798,-536.7425029688131,-536.7641726014591,2.956207034276524,"A""",1.000702535796466,2.675103126656901,0.9427,ok,94.33
1.75,1.15,135.0,74,0.010984793188310804,-536.153541073114,-536.731978126244,-536.752821473134,2.273134087338397,"A""",0.7243140929471206,3.068983610513681,0.941,ok,106.78
1.75,1.15,115.0,74,0.009222903100353144,-536.1759239199748,-536.7544008902681,-536.7751085572149,2.7715072524563658,"A""",0.9796298911424608,3.071388347627087,0.9426,ok,114.82
1.75,1.15,110.0,74,0.009000429982517334,-536.1787020799095,-536.7573332053053,-536.778047826817,2.8519185243773815,"A""",1.0113496941733442,3.073200656320197,0.9429,ok,118.05
1.75,1.2,80.0,74,0.009217434328985247,-536.1526315289228,-536.7373152385388,-536.7592738929675,2.9295529222614447,"A""",0.9718636820495593,2.704878875065302,0.9425,ok,105.77
1.75,1.15,120.0,74,0.009515056215238382,-536.1719005864657,-536.7503100748008,-536.7710327226838,2.6723834133050506,"A""",0.9353567483489982,3.0688988085270745,0.9423,ok,117.36
1.75,1.2,90.0,74,0.008934674499539193,-536.1634032654756,-536.7462790747572,-536.7677281453393,2.964135675784488,"A""",1.0234514567062412,2.6819017009405433,0.9427,ok,102.18
1.75,1.15,125.0,74,0.009892819383643729,-536.1667439593764,-536.7451449643917,-536.7658990418724,2.5553432906721127,"A""",0.8779860645259892,3.067025761704812,0.9419,ok,121.25
1.75,1.2,105.0,74,0.009181985422046146,-536.1680265967191,-536.7492153915504,-536.7703346804725,2.878407948101952,"A""",1.0385500641694656,2.814992816672319,0.9424,ok,97.96
1.75,1.2,95.0,74,0.00894772109703358,-536.1664790611718,-536.748634508546,-536.7699241218166,2.9540087592289352,"A""",1.0383293499448059,2.713532085975526,0.9427,ok,103.9
1.75,1.2,75.0,74,0.009602453760479147,-536.1451703905769,-536.7307870591494,-536.7531047955156,2.8819719703177893,"A""",0.9386352880566984,2.7869288210352043,0.9423,ok,115.08
1.75,1.2,100.0,74,0.009033229293796718,-536.1680030069368,-536.7495976894103,-536.7707802460446,2.9256130044357564,"A""",1.0437916458776215,2.7607023997466813,0.9426,ok,105.71
1.75,1.15,130.0,74,0.010375062277522924,-536.1605775723227,-536.7389992879696,-536.7597957013236,2.421681182782763,"A""",0.8074315896622938,3.0667853388198876,0.9415,ok,129.88
1.75,1.2,130.0,74,0.011070859634005212,-536.1486953814635,-536.7293688046237,-536.7505815079547,2.358252931656718,"A""",0.8191909713611087,2.9996702550726013,0.9403,ok,80.86
1.75,1.25,85.0,74,0.009306599795305969,-536.1460624799685,-536.7321028439825,-536.7541570509524,2.930575069492166,"A""",0.9869895787670285,2.2413842855899686,0.942,ok,77.18
1.75,1.2,120.0,74,0.010030594667597433,-536.1599133729684,-536.7405979539797,-536.7617154894043,2.621162708234515,"A""",0.9482416944225095,2.9503295628216657,0.9413,ok,116.83
1.75,1.2,110.0,74,0.009392826810047543,-536.1666251176573,-536.7475439390504,-536.7686358068241,2.811931269307166,"A""",1.0215002439750742,2.8683114179377664,0.9421,ok,142.93
1.75,1.2,115.0,74,0.009671640176099224,-536.163887760713,-536.7446474173664,-536.7657407181555,2.7260626361995715,"A""",0.9916670650581183,2.9142679468087485,0.9417,ok,130.14
1.75,1.2,125.0,74,0.0104891945603335,-536.1548097276298,-536.7354756868295,-536.7566348269037,2.4981081826412974,"A""",0.8907315111226196,2.9778029727397666,0.9409,ok,129.71
1.75,1.2,135.0,74,0.011805280851220935,-536.1417038990163,-536.7223748679068,-536.7436469039568,2.203347345765427,"A""",0.7344656449754615,3.0188257097266846,0.9397,ok,119.84
1.75,1.25,80.0,74,0.009545967751748005,-536.1401040371782,-536.7270515076583,-536.749408231575,2.9044390035331236,"A""",0.9514846972624352,2.2646679620891796,0.9419,ok,114.96
1.75,1.25,75.0,74,0.010019896416327905,-536.1329782961802,-536.7207838827707,-536.7435250819054,2.854754155618584,"A""",0.9111358547179248,2.3484332194213606,0.9416,ok,117.0
1.75,1.25,90.0,74,0.009227849790313372,-536.1506119748262,-536.7358149459342,-536.7576444020424,2.9362558827923406,"A""",1.015750424023652,2.2597041635212882,0.942,ok,118.12
1.75,1.25,110.0,74,0.00984439958828683,-536.1538518949379,-536.7371311655284,-536.758629381682,2.765855913263249,"A""",1.0278375207225587,2.549867321146621,0.9411,ok,115.94
1.75,1.25,95.0,74,0.009262869492490782,-536.1536523613273,-536.7381498862668,-536.7598219609212,2.9227028456190154,"A""",1.03576647463463,2.307140064923972,0.9419,ok,127.8
1.8,0.8,135.0,74,0.008698822285471999,-536.1426870728794,-536.7099035128305,-536.7292074337244,2.2814981826587997,"A""",0.583175989482767,2.817522970175192,0.9422,ok,66.25
1.8,0.8,80.0,74,0.008137977555451219,-536.156539626663,-536.7259819466865,-536.7458501905311,2.6793673307424557,"A""",1.096075300579302,3.0095388446196623,0.9426,ok,96.74
1.75,1.25,105.0,74,0.009578865895755368,-536.1552166711522,-536.7387633130073,-536.760279261787,2.8378382464660534,"A""",1.0430798329030762,2.4582355166983163,0.9414,ok,130.44
1.8,0.8,95.0,74,0.007897098924606875,-536.170182364695,-536.7374186977088,-536.7568390147591,2.7757747660379275,"A""",1.0198195036346767,2.948429917720392,0.9429,ok,95.37
1.8,0.8,85.0,74,0.008042990699448492,-536.1628930037988,-536.7314555239252,-536.7511454910522,2.7274486572190213,"A""",1.0740206263713932,2.988114842671806,0.9427,ok,96.24
1.8,0.85,75.0,74,0.008361539342365254,-536.168731292245,-536.7410937414397,-536.7614605669727,2.6227412640291514,"A""",1.1007121417657773,3.035094160829191,0.9424,ok,66.96
1.8,0.8,105.0,74,0.007837108214254063,-536.1709489401378,-536.7374869517333,-536.7567526749073,2.755671137151311,"A""",0.949322159661918,2.9105867847807856,0.9429,ok,93.87
1.75,1.25,100.0,74,0.009384255941212224,-536.1551734185308,-536.7391200458509,-536.7606910153187,2.8900145184451294,"A""",1.045337416780841,2.3753894556993815,0.9417,ok,135.68
1.8,0.8,110.0,74,0.00785119182751694,-536.1691432918091,-536.7355542972487,-536.7547823385764,2.7189080338656075,"A""",0.9060205267292194,2.8922594920620024,0.9429,ok,94.21
1.8,0.8,75.0,74,0.008243208631682023,-536.1482345920417,-536.7186750606505,-536.7387487001995,2.616409523905876,"A""",1.114315154486902,3.0330704484962268,0.9425,ok,108.11
1.75,1.25,120.0,74,0.010623353092001112,-536.1472499546953,-536.7302933828531,-536.7518399910625,2.563030942379921,"A""",0.9547293548182032,2.7329816392790485,0.9401,ok,136.34
1.8,0.8,100.0,74,0.007854154553138513,-536.1713294531548,-536.7381387005902,-536.7574678313672,2.7745466294359287,"A""",0.9869709111437762,2.9293397111910044,0.9429,ok,104.05
1.8,0.8,90.0,74,0.00796141036971371,-536.1674049894818,-536.7352275914068,-536.7547680711073,2.759848309804526,"A""",1.0486502015145365,2.967927678753014,0.9428,ok,105.83
1.75,1.25,125.0,74,0.011175144381863388,-536.1422119091823,-536.7252335373719,-536.7468350115385,2.4336897184054984,"A""",0.8958254090364931,2.8113648818069428,0.9395,ok,132.62
1.75,1.25,130.0,74,0.01187189369290577,-536.1361639409145,-536.719188024499,-536.7408579654078,2.287500451517985,"A""",0.8222738414444741,2.876361740240816,0.9388,ok,132.38
1.75,1.25,135.0,74,0.012752108108617453,-536.1292333456754,-536.7122469498303,-536.7339931087707,2.126230033796572,"A""",0.7352866712739302,2.9292865596246505,0.9381,ok,120.23
1.8,0.8,115.0,74,0.007903317290639473,-536.1660172397391,-536.7324277267402,-536.75164099167,2.6643216022759453,"A""",0.8562535786007514,2.8745614415284613,0.9428,ok,105.37
1.8,0.8,120.0,74,0.008002218773772002,-536.1616811715921,-536.7281963571747,-536.7474142969863,2.5923205615143474,"A""",0.7993396384260023,2.857789113556455,0.9427,ok,104.84
1.8,0.8,125.0,74,0.00815892440061863,-536.1562550321191,-536.7229568760056,-536.7421948789976,2.50368222256797,"A""",0.7348248413259733,2.842333597115168,0.9426,ok,105.36
1.8,0.8,130.0,74,0.008386523299022834,-536.1498726856539,-536.7168178221217,-536.7360864615006,2.3995620612439605,"A""",0.6626197740758185,2.828698688377455,0.9424,ok,106.97
1.8,0.85,80.0,74,0.008246398385258348,-536.1769649770443,-536.7483214632755,-536.76847262382,2.6811987339962196,"A""",1.086500973419667,3.010109884241761,0.9425,ok,95.71
1.8,0.85,130.0,74,0.008554647334205105,-536.1701636957544,-536.7388276184655,-536.7583583319902,2.3695517665296966,"A""",0.678606149597457,2.8295095970237156,0.9421,ok,65.25
1.8,0.85,100.0,74,0.007958528435745687,-536.1916551898805,-536.7602996147422,-536.7798871714521,2.761351790942746,"A""",0.9921334994264878,2.9281179179403134,0.9427,ok,93.39
1.8,0.85,105.0,74,0.007945905002266829,-536.191269752143,-536.7596249696139,-536.7791474097302,2.739435037810048,"A""",0.957460551836874,2.9093472933341955,0.9427,ok,93.38
1.8,0.85,110.0,74,0.007966489157741017,-536.1894614102183,-536.7576724401677,-536.7771567895236,2.6998048058897774,"A""",0.9167320950076687,2.8911298323526897,0.9426,ok,92.8
1.8,0.85,90.0,74,0.008062762680023027,-536.1877567653275,-536.7574552312346,-536.7772626171591,2.753519346826322,"A""",1.046871666180903,2.9671425133326896,0.9426,ok,105.06
1.8,0.85,85.0,74,0.00814630220040792,-536.1832728473286,-536.7537322012861,-536.7736961709551,2.7250366022117616,"A""",1.0684120543916176,2.987833420654373,0.9426,ok,107.26
1.8,0.9,90.0,74,0.008180351251920702,-536.1978434343159,-536.7695455941719,-536.7896372428086,2.7455813170120273,"A""",1.0445696085128822,2.9656036459713153,0.9424,ok,66.76
1.8,0.85,95.0,74,0.007998918504077891,-536.1905174698669,-536.7596085745529,-536.779290635922,2.7658629640639045,"A""",1.0216559495777349,2.947352538869606,0.9427,ok,103.76
1.8,0.85,115.0,74,0.008027154735930188,-536.1863329680692,-536.7545259369488,-536.7739960789077,2.642459623909315,"A""",0.8690883647818669,2.8736790956372125,0.9426,ok,93.24
1.8,0.85,120.0,74,0.008137144987746717,-536.1819929447554,-536.7502717017455,-536.7697477886032,2.567750721694364,"A""",0.8137966238035614,2.8573045044540204,0.9424,ok,94.06
1.8,0.85,125.0,74,0.008308245398880598,-536.1765593046292,-536.7450036874529,-536.7645016124698,2.4764085398306013,"A""",0.7503492685910194,2.842409820633553,0.9423,ok,105.03
1.8,0.85,135.0,74,0.00889167046001795,-536.1629565773553,-536.7318646449747,-536.7514330726796,2.2486874266447177,"A""",0.5989817748164513,2.819251296423419,0.9418,ok,96.44
1.8,0.9,80.0,74,0.008372420084597662,-536.1871714360645,-536.7605665144727,-536.7810203294684,2.680756278193776,"A""",1.075456734025492,3.0096641963620523,0.9423,ok,95.37
1.8,0.9,85.0,74,0.008265454030798269,-536.1934046844121,-536.7658873400206,-536.7861435369526,2.720747403355222,"A""",1.0618194932580527,2.986659802410601,0.9424,ok,96.19
1.8,0.9,95.0,74,0.008118794029751127,-536.2005780705446,-536.7716529894201,-536.7916138052605,2.7545107787593675,"A""",1.0233791607251224,2.945649322624984,0.9425,ok,94.38
1.8,0.9,105.0,74,0.008079242611663947,-536.201310622359,-536.7716140200241,-536.79141047383,2.7218502169313523,"A""",0.9661350018538082,2.907690760986818,0.9424,ok,92.73
1.8,0.9,75.0,74,0.008502699061907952,-536.1790569350806,-536.7534618964075,-536.7741438538324,2.626221363582123,"A""",1.085173215939127,3.036050823514053,0.9422,ok,104.07
1.8,0.9,100.0,74,0.008083779214745132,-536.2017020353213,-536.7723117982977,-536.7921748187665,2.746800892802526,"A""",0.9975352415649295,2.9263815979315955,0.9425,ok,103.71
1.8,0.9,110.0,74,0.008110534342903099,-536.1995008311284,-536.7696431506314,-536.7894014723589,2.6792880149447997,"A""",0.9282286815170443,2.8896713081120375,0.9424,ok,104.5
1.8,0.9,115.0,74,0.008184622002077604,-536.196372882618,-536.7664792849971,-536.7862243713587,2.619051695914899,"A""",0.8829142224970233,2.872551820031303,0.9423,ok,104.12
1.8,0.9,125.0,74,0.008503595306243065,-536.1865967097121,-536.7569123012746,-536.7766890556989,2.4471453344567653,"A""",0.7671503363691721,2.842413222323024,0.9419,ok,103.32
1.8,0.9,120.0,74,0.008311416447931513,-536.1920329764996,-536.7622053677951,-536.7819580827821,2.5414405609630983,"A""",0.8294093362246237,2.8566591635762184,0.9421,ok,104.4
1.8,0.9,130.0,74,0.00877674662636084,-536.1801931005266,-536.7507025679907,-536.7705147184121,2.3372547555203567,"A""",0.6959417930144922,2.830341426228702,0.9417,ok,105.23
1.8,0.9,135.0,74,0.00914806795201038,-536.1729696372392,-536.7436935527628,-536.7635463539531,2.2132504128486548,"A""",0.6161572858149764,2.8211002549718,0.9414,ok,104.2
1.8,0.95,110.0,74,0.008285766985707418,-536.2021354094471,-536.7743095694002,-536.7943578100686,2.65742144926655,"A""",0.9403026109076082,2.887704349415264,0.9421,ok,63.45
1.8,0.95,75.0,74,0.008669789775007866,-536.1820669911372,-536.758598241015,-536.7796144995973,2.6268240542037886,"A""",1.0677320498059462,3.03595858847715,0.942,ok,111.13
1.8,0.95,80.0,74,0.008517231988501194,-536.1900168891067,-536.7655398548612,-536.7863132412575,2.678080561371738,"A""",1.0629138410647168,3.0081859150252326,0.9421,ok,109.99
1.8,0.95,85.0,74,0.008400849302994628,-536.1961493906966,-536.7707479210019,-536.7913118402986,2.7146534349167406,"A""",1.0541664218909683,2.9845573011605846,0.9421,ok,112.05
1.8,0.95,100.0,74,0.008231087848107057,-536.2043391197527,-536.7770130140697,-536.7971664624638,2.7309734261630774,"A""",1.0030065936395984,2.92401266055366,0.9422,ok,105.96
1.8,0.95,95.0,74,0.008257353425611059,-536.2032307665172,-536.7763865504979,-536.7966408260853,2.7418029257945795,"A""",1.0248448102455334,2.9432330641561113,0.9422,ok,111.93
1.8,0.95,105.0,74,0.008238905073460314,-536.2039430619649,-536.776294640175,-536.796380526082,2.7029884817970524,"A""",0.9751553983729401,2.9054669370706203,0.9422,ok,97.64
1.8,1.0,75.0,74,0.008867171899609401,-536.1798314131617,-536.7585332205919,-536.7799004864182,2.6245568604508573,"A""",1.0485167744484793,3.0346540308482557,0.9417,ok,76.48
1.8,0.95,115.0,74,0.00837932637640859,-536.1990132534785,-536.7711335996465,-536.7911701218183,2.594154593357152,"A""",0.8975072921165528,2.870976798830801,0.9419,ok,93.57
1.8,0.95,125.0,74,0.008750889261693215,-536.189248803636,-536.7615348578493,-536.7816080556383,2.415945057683618,"A""",0.7849754030344479,2.8421206775732792,0.9416,ok,93.87
1.8,0.95,120.0,74,0.008529690230356895,-536.1946800947927,-536.7668461587211,-536.7868925429802,2.513442886408312,"A""",0.8459390301295214,2.8556354494766056,0.9418,ok,96.38
1.8,0.95,135.0,74,0.009477318010392897,-536.1756137367645,-536.748250169515,-536.7684062766656,2.1752519613191206,"A""",0.6344345937487994,2.8228626793416995,0.941,ok,106.36
1.8,0.95,130.0,74,0.009060250107678629,-536.1828453497913,-536.7552985323584,-536.7754103557204,2.3027274895856236,"A""",0.714363191676782,2.830975225028698,0.9413,ok,106.89
1.8,1.0,85.0,74,0.008553835623407034,-536.1935843135474,-536.7703556511746,-536.79124057567,2.706820242280681,"A""",1.0454668191256868,2.9813058606282343,0.9419,ok,108.98
1.8,1.0,90.0,74,0.008466373792062255,-536.1978934676671,-536.7738536950809,-536.7945563856016,2.7251903103697765,"A""",1.0380181685001983,2.9598400473910487,0.9419,ok,106.19
1.8,1.05,100.0,74,0.008600543511745346,-536.1951769192812,-536.7721569653884,-536.7929320273585,2.6955110576149166,"A""",1.013737555994405,2.9156611341998198,0.9416,ok,69.97
1.8,1.0,110.0,74,0.008495792298704171,-536.199454415655,-536.7737294066499,-536.7940825630263,2.634189414586885,"A""",0.9527516964966559,2.88483345540118,0.9417,ok,95.0
1.8,1.0,115.0,74,0.008615471789499925,-536.1963453303009,-536.7705491134309,-536.7908927924767,2.567735498369876,"A""",0.9126270778841318,2.86853608871285,0.9416,ok,95.11
1.8,1.0,80.0,74,0.008683080365487103,-536.1875750516512,-536.7652778352149,-536.7863853024875,2.673224611945847,"A""",1.0489402289185175,3.0054767426071645,0.9418,ok,124.45
1.8,1.0,120.0,74,0.008797164802005871,-536.1920276372886,-536.7662571100298,-536.7866136206723,2.4837124115096385,"A""",0.8631060023913684,2.8538073362141505,0.9414,ok,96.65
1.8,1.0,100.0,74,0.00840245565387885,-536.2016517764541,-536.7764560969844,-536.7969135686155,2.7138950619033237,"A""",1.0084242592758872,2.9206883461132933,0.9419,ok,102.28
1.8,1.0,105.0,74,0.008427539447286813,-536.2012544074855,-536.775722160191,-536.796111752666,2.6828544856573266,"A""",0.9843582833852659,2.9023135987470616,0.9418,ok,103.85
1.8,1.0,125.0,74,0.00905650392735136,-536.1866111477663,-536.7609375250697,-536.781324400852,2.382756505247296,"A""",0.8035055054968835,2.841114566301066,0.9411,ok,105.34
1.8,1.0,95.0,74,0.008416087505715942,-536.200558661104,-536.7758591501208,-536.7964199535793,2.7277844648256,"A""",1.0259723441462472,2.9398219770603804,0.9419,ok,114.01
1.8,1.05,135.0,74,0.010392831215621706,-536.1666432534773,-536.7432995659817,-536.7641212412497,2.0912764565571074,"A""",0.6726175772265702,2.824429787346693,0.9399,ok,65.56
1.8,1.0,130.0,74,0.009412985383798731,-536.1802183733151,-536.7546851470138,-536.7751147295047,2.265920611603838,"A""",0.7335154829704816,2.8310154070628633,0.9408,ok,106.42
1.8,1.0,135.0,74,0.009889095091918584,-536.172989320678,-536.7476079350195,-536.768086390298,2.134652668788577,"A""",0.6534319774412468,2.82417654979684,0.9405,ok,107.84
1.8,1.05,105.0,74,0.008648349257964833,-536.19478291755,-536.7714144729707,-536.7921222689098,2.6613602457878076,"A""",0.9936292993178732,2.8974351555557227,0.9415,ok,103.89
1.8,1.05,95.0,74,0.008597223584279251,-536.1940969831476,-536.7715842515993,-536.792464329571,2.712431830014059,"A""",1.0267743180390492,2.934721941423298,0.9416,ok,113.99
1.8,1.05,80.0,74,0.008873160380572485,-536.1813712936598,-536.7612796286555,-536.7827344185006,2.6662062845283723,"A""",1.03373199464662,3.000961350791626,0.9415,ok,119.39
1.8,1.05,85.0,74,0.008726616652391776,-536.1872391740112,-536.766215938283,-536.7874341547232,2.697266751366738,"A""",1.0358575594588333,2.976300072289142,0.9416,ok,120.68
1.8,1.05,75.0,74,0.00910025597963417,-536.1738701238443,-536.7547582248063,-536.7764918070312,2.619404257590588,"A""",1.0277775680028245,3.0316095764290436,0.9415,ok,121.82
1.8,1.05,115.0,74,0.008897351090733469,-536.1899098066762,-536.7662476007463,-536.7869148285838,2.539644595481067,"A""",0.9280250513763361,2.8643976248155556,0.9412,ok,105.45
1.8,1.05,90.0,74,0.008638015127654917,-536.1914702443362,-536.7696277498685,-536.7906546292194,2.712799754873161,"A""",1.0338091753345187,2.9547245053664417,0.9416,ok,122.45
1.8,1.05,120.0,74,0.009119182282477463,-536.1856175997444,-536.7619622468351,-536.7826462546117,2.452076678229116,"A""",0.8805877397140798,2.850365297024336,0.9409,ok,107.12
1.8,1.05,130.0,74,0.009842648279816832,-536.1738572098093,-536.750391854127,-536.771158764718,2.226647049231685,"A""",0.7529267066412922,2.8297686405289406,0.9403,ok,97.29
1.8,1.05,110.0,74,0.008744643495781076,-536.1929973232774,-536.769422430716,-536.7900959464429,2.6094711670093935,"A""",0.965395815891059,2.8802323546543027,0.9413,ok,115.77
1.8,1.05,125.0,74,0.009426822628632234,-536.1802271713142,-536.7566468690791,-536.7773658383238,2.3473941321679708,"A""",0.8223418198733367,2.838632735813984,0.9406,ok,107.9
1.8,1.1,110.0,74,0.00903608928843522,-536.1839040899417,-536.7625233406865,-536.7835344005417,2.583024517552235,"A""",0.9780320095114169,2.872015906651096,0.9409,ok,76.72
1.8,1.1,75.0,74,0.009375425432112497,-536.1653032737107,-536.7483795288487,-536.7704943776093,2.611288152852397,"A""",1.005856309285796,3.0252286392519436,0.9411,ok,115.96
1.8,1.1,80.0,74,0.009091578844960488,-536.172532726486,-536.754660791502,-536.7764759654814,2.6569758117576057,"A""",1.017584221920477,2.9929262838444863,0.9412,ok,114.19
1.8,1.1,85.0,74,0.008922247113727907,-536.1782460551811,-536.759451109134,-536.7810150528646,2.685939045061628,"A""",1.0255675481874273,2.96776684253681,0.9412,ok,113.45
1.8,1.1,120.0,74,0.009501063256804904,-536.1765911472477,-536.7550994356168,-536.7761306184725,2.418221858120868,"A""",0.8979520567677706,2.843652518142167,0.9404,ok,96.94
1.8,1.15,95.0,74,0.009039311272214613,-536.174059064298,-536.7560266484695,-536.7775879992561,2.6771664966493725,"A""",1.027688188149695,2.9073032534219845,0.9409,ok,80.68
1.8,1.1,135.0,74,0.010997383353788285,-536.1577197409885,-536.7364701841559,-536.757659461866,2.0448062848639,"A""",0.6912108719965994,2.8225361457482476,0.9392,ok,97.35
1.8,1.1,90.0,74,0.00883220442675591,-536.1823945106954,-536.7627787717205,-536.784142598823,2.698869692274469,"A""",1.0291562477293668,2.9460799042355235,0.9413,ok,123.61
1.8,1.1,100.0,74,0.008828631092058567,-536.186053115356,-536.7652474992731,-536.7863549261706,2.6756688572354514,"A""",1.018932338138131,2.907013511636735,0.9412,ok,114.6
1.8,1.1,105.0,74,0.008905023042764006,-536.1856679463233,-536.7645049262715,-536.785546903848,2.6383083047360687,"A""",1.002863554720745,2.8889072790802985,0.9411,ok,109.14
1.8,1.1,95.0,74,0.008803707873742716,-536.1849830820513,-536.764691777559,-536.7859047715764,2.695633799010782,"A""",1.0273222819410914,2.926055310672494,0.9413,ok,127.58
1.8,1.1,115.0,74,0.009229934240457241,-536.1808472121264,-536.7593652358353,-536.7803744167682,2.509599169846269,"A""",0.9433887377683127,2.8567671655445035,0.9407,ok,107.46
1.8,1.1,125.0,74,0.009868039595428644,-536.1712388157677,-536.7498027433354,-536.7708748671613,2.3095260917864557,"A""",0.8409263853013713,2.8331937530253106,0.9401,ok,110.65
1.8,1.15,80.0,74,0.009343533447337621,-536.1618911793756,-536.7462524049992,-536.7684416297432,2.6453836142230855,"A""",1.0008423680032896,2.9746980274263963,0.9408,ok,112.35
1.8,1.15,75.0,74,0.009699804870193243,-536.1549547484148,-536.7402179874786,-536.762729448562,2.60003147113576,"A""",0.9831344174681481,3.009484999364043,0.9408,ok,116.57
1.8,1.15,90.0,74,0.0090526616714433,-536.1715066052936,-536.7541491184865,-536.7758640658931,2.683217846240278,"A""",1.0242372370932766,2.9271204403812594,0.9409,ok,125.04
1.8,1.15,85.0,74,0.009144830469404302,-536.1674420896161,-536.7508991769241,-536.7728222702202,2.672681965681864,"A""",1.0148681931569568,2.9488329654112992,0.9409,ok,126.94
1.8,1.15,100.0,74,0.009090693171843665,-536.1751233582119,-536.7565741303787,-536.7780308270414,2.654093450159156,"A""",1.0239641043665035,2.8886222398193513,0.9408,ok,127.75
1.8,1.15,135.0,74,0.01171041921987045,-536.1470643529369,-536.7279767375704,-536.7495629535969,1.9947929563796278,"A""",0.7080141940498287,2.816454299926814,0.9384,ok,106.52
1.8,1.15,125.0,74,0.01038598375301426,-536.1604902698866,-536.7412573893699,-536.7627075353764,2.2686637076289773,"A""",0.8583911309861757,2.8216604444741775,0.9394,ok,109.8
1.8,1.15,130.0,74,0.01096109709807646,-536.1542058374491,-536.7350465230162,-536.7565602346579,2.1392178754525184,"A""",0.7894373988512893,2.8169993090582115,0.9389,ok,109.51
1.8,1.15,110.0,74,0.009374765591955467,-536.1730183096505,-536.7538805367832,-536.7752490398941,2.5544620172217027,"A""",0.9903394118809993,2.855139862384398,0.9404,ok,114.23
1.8,1.2,80.0,74,0.009635275478203515,-536.150059579188,-536.7366727770859,-536.7592509883392,2.6311233198736903,"A""",0.9838430188498289,2.9030867783153904,0.9404,ok,105.41
1.8,1.2,100.0,74,0.00939145174338242,-536.163011068531,-536.7467689442128,-536.7685947086394,2.630337453250624,"A""",1.0286537405247642,2.8334142276520526,0.9402,ok,81.66
1.8,1.15,105.0,74,0.009201794290015046,-536.1747528977427,-536.7558409780411,-536.7772355389135,2.6133670937162767,"A""",1.0118872042047424,2.8711060345944492,0.9406,ok,127.79
1.8,1.15,115.0,74,0.00961833262003462,-536.1700012650111,-536.750751446498,-536.7721240121957,2.4771626386227017,"A""",0.9582297108995492,2.841232053772267,0.9401,ok,125.2
1.8,1.15,120.0,74,0.009948049902533625,-536.1657921653397,-536.7465193424749,-536.767920763047,2.381675718132714,"A""",0.9145247821480011,2.8299040714078734,0.9398,ok,124.96
1.8,1.2,85.0,74,0.009399536203074989,-536.1554455286291,-536.7411851886601,-536.7634825586439,2.657186560266884,"A""",1.0040136261552626,2.8753856517612606,0.9404,ok,120.11
1.8,1.2,75.0,74,0.010081802461685541,-536.143429083237,-536.730881290705,-536.7538057160908,2.585295644063902,"A""",0.9599623073942267,2.9482776725621105,0.9403,ok,130.78
1.8,1.2,90.0,74,0.009304271401520849,-536.1594278044498,-536.7443677402628,-536.7664501335261,2.6655063441033664,"A""",1.019185081159957,2.8577827702889644,0.9404,ok,127.21
1.8,1.2,125.0,74,0.010985784463068245,-536.1486045638242,-536.7316468812103,-536.7535047298645,2.2241425238927874,"A""",0.8733081926350953,2.796830295110179,0.9385,ok,79.51
1.8,1.2,95.0,74,0.00930879270934511,-536.1619477247617,-536.7462198843534,-536.7681475877806,2.6566439099356702,"A""",1.027860268514307,2.844785697538831,0.9404,ok,127.01
1.8,1.2,110.0,74,0.009765398543592933,-536.1609634374641,-536.744127291942,-536.7658766580837,2.5232047623378024,"A""",1.0017170210359465,2.8131661389826403,0.9398,ok,114.11
1.8,1.2,130.0,74,0.011662329383760743,-536.1423835419505,-536.7254866135556,-536.7474195817323,2.0899468337603246,"A""",0.8038079135460942,2.7975432192272063,0.938,ok,97.22
1.8,1.2,105.0,74,0.00954338403170364,-536.1626613305026,-536.746055360814,-536.7678241096326,2.5860222523274334,"A""",1.020326354454822,2.8227879520177335,0.94,ok,119.74
1.8,1.2,115.0,74,0.010066832985195213,-536.1579952268288,-536.7410401616703,-536.7628014180143,2.4417039790674284,"A""",0.9716866204315325,2.805197050732242,0.9394,ok,119.01
1.8,1.25,80.0,74,0.009974732140787961,-536.137489392827,-536.7263820845186,-536.7493661923805,2.613621595172696,"A""",0.9668007679586146,2.6082817000278813,0.9399,ok,95.61
1.8,1.25,75.0,74,0.010531217578038253,-536.1311693168593,-536.7208190377979,-536.7441744613477,2.5664621389957496,"A""",0.9365287545668833,2.680135821896542,0.9399,ok,98.01
1.8,1.25,90.0,74,0.00959302298617886,-536.1466173973051,-536.7339042931369,-536.7563734105723,2.645146508782678,"A""",1.0139524655392236,2.585463144624902,0.9399,ok,94.84
1.8,1.2,135.0,74,0.012538754409315001,-536.1353007572005,-536.7184595778067,-536.7404783717272,1.940668483479022,"A""",0.7211664390327452,2.8021989616866505,0.9373,ok,108.29
1.8,1.25,85.0,74,0.009693100822530207,-536.1427129378706,-536.7307755444181,-536.7534647782061,2.6388888892174682,"A""",0.9931215972019661,2.5819022562010367,0.9399,ok,106.44
1.8,1.2,120.0,74,0.01046503382908481,-536.1538437401116,-536.736856791275,-536.7586558068626,2.341776139685453,"A""",0.9291615333202402,2.7995545127276307,0.939,ok,119.69
1.8,1.25,100.0,74,0.009736217929674634,-536.1501771454773,-536.7363036641534,-536.7585219780457,2.603692153612328,"A""",1.0324764533528707,2.636335775677135,0.9396,ok,97.9
1.85,0.8,85.0,74,0.008474116382803057,-536.1578265633809,-536.7283792574781,-536.748707117119,2.435396525714241,"A""",1.0430072164169455,2.691556885165263,0.9398,ok,63.28
1.8,1.25,95.0,74,0.009617772328090054,-536.1491095866188,-536.7357426246821,-536.7580580284662,2.6334257822356513,"A""",1.027575640629679,2.606858618525476,0.9398,ok,106.4
1.8,1.25,105.0,74,0.009934760145085679,-536.1498540518115,-536.7356200357774,-536.7577885680867,2.555491594172499,"A""",1.0273439985188322,2.666138674881596,0.9393,ok,116.79
1.85,0.8,75.0,74,0.008704705761607628,-536.1448981670162,-536.7172513206972,-536.7379616546597,2.3305934940755058,"A""",1.0903958486193637,2.736406900208343,0.9397,ok,89.3
1.85,0.8,125.0,74,0.008643379149840747,-536.1482380204819,-536.7173342802147,-536.737305143498,2.1941370682358454,"A""",0.7087685358218234,2.558057281807474,0.9393,ok,64.62
1.8,1.25,135.0,74,0.013486058285708251,-536.1228881794443,-536.7083965518968,-536.7308912532993,1.8817708578492889,"A""",0.7278136729960049,2.7720295609235612,0.936,ok,106.15
1.85,0.8,80.0,74,0.008583869334840713,-536.1522679435187,-536.7236596860413,-536.74416443845,2.3904819436526377,"A""",1.0679715413387258,2.712768945345444,0.9398,ok,104.76
1.85,0.8,90.0,74,0.008379112911977142,-536.1616692465568,-536.731526820461,-536.7517084498248,2.4646586385335665,"A""",1.0158935364150634,2.6718977380318427,0.9399,ok,106.07
1.85,0.8,110.0,74,0.0082470876588194,-536.1617190358129,-536.7303673670513,-536.7502726328962,2.4135843201731157,"A""",0.8749054255074773,2.6011975402577634,0.9398,ok,94.57
1.85,0.8,100.0,74,0.0082517924150804,-536.1645775732853,-536.7335208417888,-536.7535042753294,2.47364219576902,"A""",0.9536392636759091,2.6352522589191727,0.9399,ok,102.04
1.85,0.8,95.0,74,0.008303334493655792,-536.1638891474057,-536.7332087993709,-536.7532756752873,2.477599250141962,"A""",0.9863420780146744,2.6532294792218067,0.9399,ok,104.47
1.8,1.25,115.0,74,0.01058000585511818,-536.1452891277395,-536.7307038756492,-536.7528838344464,2.402333862817184,"A""",0.9821541113080674,2.7115618712596534,0.9385,ok,129.62
1.8,1.25,110.0,74,0.010212759972644047,-536.1481999451022,-536.7337357813448,-536.7558937433901,2.48840592273594,"A""",1.0109631663132974,2.6915520154164554,0.939,ok,134.03
1.8,1.25,120.0,74,0.01105625653640649,-536.1412054603052,-536.7265848499367,-536.748814009157,2.2976254177353765,"A""",0.9398418294174882,2.72762935640575,0.938,ok,127.74
1.8,1.25,130.0,74,0.01246380630051121,-536.1298969925675,-536.7153567158135,-536.7377479497178,2.0359742975756374,"A""",0.8123383562921428,2.7562049894016996,0.9367,ok,130.57
1.85,0.8,115.0,74,0.008311659562607146,-536.1583533843383,-536.7270528659667,-536.7469588307237,2.357338026465099,"A""",0.8268211419091837,2.585419358795529,0.9397,ok,104.86
1.8,1.25,125.0,74,0.011671385770818162,-536.1360409399883,-536.7214452416342,-536.7437462827492,2.1750980860900433,"A""",0.8832777526382136,2.7418881063128877,0.9374,ok,132.92
1.85,0.8,120.0,74,0.008437831251026158,-536.1538244212168,-536.7226808241297,-536.7426099202027,2.2839753530145313,"A""",0.7716706453544139,2.570883402087758,0.9395,ok,106.43
1.85,0.8,135.0,74,0.009386099286681033,-536.1343853933926,-536.7041025303524,-536.7241929313203,1.969038982698188,"A""",0.5592095026077837,2.5402155961816675,0.9387,ok,92.61
1.85,0.85,125.0,74,0.00879774278440416,-536.1686676243938,-536.7395196037886,-536.7597556616782,2.170683538360698,"A""",0.7243597793415164,2.560729885086287,0.939,ok,67.04
1.85,0.8,130.0,74,0.008950712976593575,-536.1417128783182,-536.7111062067653,-536.7311328381181,2.0887554177787386,"A""",0.6378330914227919,2.547564298784315,0.939,ok,107.83
1.85,0.85,75.0,74,0.00883454370651369,-536.165461168234,-536.7397205349089,-536.7607225869164,2.3353688510325394,"A""",1.0823184810457853,2.741223673536085,0.9397,ok,90.4
1.85,0.85,85.0,74,0.008586108423547394,-536.1782884226676,-536.7507341550273,-536.7713378790245,2.4325927953957467,"A""",1.0414304100800815,2.6935352657307,0.9397,ok,91.51
1.85,0.85,80.0,74,0.008702111819353353,-536.1727684879354,-536.74606547137,-536.7668536145339,2.391348084588297,"A""",1.0631831051787175,2.7158157526518076,0.9397,ok,95.23
1.85,0.85,95.0,74,0.008412312092403885,-536.1843166738784,-536.7554939234276,-536.7758260490571,2.4683857073194244,"A""",0.9908193240861692,2.6542490547521287,0.9398,ok,94.14
1.85,0.85,90.0,74,0.008488313368807211,-536.1821085518179,-536.7538420024392,-536.7742933712067,2.4584919576767494,"A""",1.0174238030455485,2.673250929799959,0.9397,ok,94.72
1.85,0.85,100.0,74,0.008362708456181516,-536.1850004623055,-536.7557837885323,-536.7760296111238,2.461667512448947,"A""",0.9608410518172131,2.6361486059838755,0.9397,ok,94.49
1.85,0.9,80.0,74,0.008837840809319425,-536.1830267579737,-536.7583564960548,-536.7794485055643,2.390208064958334,"A""",1.0567949644231962,2.7180465570640244,0.9396,ok,64.92
1.85,0.85,120.0,74,0.008577450164564513,-536.1742548125973,-536.7448855784668,-536.7650777289286,2.262686144901254,"A""",0.7864615116122854,2.5728949318392567,0.9393,ok,93.24
1.85,0.85,115.0,74,0.008440348022613666,-536.178781696935,-536.7492726967099,-536.7694402124121,2.3382332988714927,"A""",0.8403164759722941,2.5869235050672468,0.9394,ok,93.54
1.85,0.85,105.0,74,0.008345355324352172,-536.184247140941,-536.7547944169487,-536.7749856154263,2.4378681805479383,"A""",0.9264857339828488,2.6188253066733993,0.9397,ok,103.81
1.85,0.85,110.0,74,0.008367738539297075,-536.1821442405335,-536.7526002716826,-536.7727663317347,2.3967246250683325,"A""",0.8866683900216843,2.602346193373337,0.9396,ok,104.82
1.85,0.85,130.0,74,0.009125208065316602,-536.1621367537783,-536.733265234707,-536.7535597992262,2.0631272208809683,"A""",0.6536763460988325,2.5510526780358562,0.9387,ok,105.98
1.85,0.85,135.0,74,0.009588382337553778,-536.1547962298466,-536.7262254659985,-536.7465871565596,1.9412011463441579,"A""",0.5747193894050807,2.5446754067570923,0.9383,ok,92.82
1.85,0.9,75.0,74,0.008987655015881947,-536.1758239626257,-536.7521128094024,-536.7734292134722,2.3376430690916647,"A""",1.0721349902994466,2.7452194880934893,0.9396,ok,96.57
1.85,0.95,90.0,74,0.00875439352053231,-536.1950071167497,-536.7708521637929,-536.7918946776692,2.44200256696844,"A""",1.0184005800926592,2.674140332008189,0.9394,ok,64.41
1.85,0.9,100.0,74,0.008494357795122906,-536.1951311398932,-536.7678873312242,-536.7884131805447,2.4485079734390056,"A""",0.9681398798372455,2.6366815578157294,0.9395,ok,95.64
1.85,0.9,85.0,74,0.008713621127946313,-536.1884827434451,-536.7629511696068,-536.78384972551,2.4281255103786035,"A""",1.038752424441608,2.6947912010670487,0.9396,ok,102.26
1.85,0.9,90.0,74,0.008613410121754147,-536.1922659000167,-536.766006188658,-536.7867453695987,2.450897807128304,"A""",1.0183100195042085,2.6740036026146274,0.9396,ok,105.84
1.85,0.9,95.0,74,0.008539084936536118,-536.1944548275364,-536.7676216629688,-536.7882367153763,2.457899883014206,"A""",0.9950523989532701,2.654791056741734,0.9396,ok,106.03
1.85,0.9,105.0,74,0.008484552295149942,-536.1943779406558,-536.7668820710612,-536.7873520716114,2.4222065188781414,"A""",0.9365187568416417,2.6195100126334756,0.9395,ok,105.18
1.85,0.9,110.0,74,0.008517396672190208,-536.1922797664861,-536.7646766548781,-536.7851216109826,2.378674740413229,"A""",0.8990598480168158,2.6033291435407833,0.9393,ok,105.47
1.85,0.95,130.0,74,0.009649505377861916,-536.1750616589198,-536.7500148669566,-536.7709029683366,2.0066451509971244,"A""",0.6888134177328257,2.558365291933696,0.938,ok,66.44
1.85,0.9,115.0,74,0.008603420574921968,-536.1889241827274,-536.761339218068,-536.7817867179244,2.3178539671054694,"A""",0.8546475771470966,2.5883485608830066,0.9392,ok,103.87
1.85,0.95,85.0,74,0.008856817872959485,-536.1912731230437,-536.7678597945535,-536.789069436356,2.4221107555553045,"A""",1.03484722495038,2.6953209989976252,0.9394,ok,93.06
1.85,0.9,120.0,74,0.008757541819222241,-536.1844043784611,-536.7569408958877,-536.7774149013226,2.2399902546371044,"A""",0.8022589722635827,2.5749085388548765,0.939,ok,106.3
1.85,0.95,100.0,74,0.00864756921946409,-536.1978395791584,-536.7726698274182,-536.7934911952361,2.4342892148447,"A""",0.975347195761428,2.636803105104417,0.9393,ok,93.9
1.85,0.95,105.0,74,0.008649911410901344,-536.1970886415297,-536.7716516058492,-536.79241625153,2.405508084413729,"A""",0.946734903286548,2.6198678897019336,0.9392,ok,93.49
1.85,0.9,125.0,74,0.008999777148859507,-536.1788222350674,-536.7515597744656,-536.7720802286133,2.1456499899770693,"A""",0.7410898534662809,2.56348153583746,0.9387,ok,107.62
1.85,0.95,75.0,74,0.009167443629421006,-536.1788466963999,-536.7572512348286,-536.7789019232705,2.337447804170433,"A""",1.0598030519085513,2.748427504551108,0.9394,ok,103.18
1.85,0.95,110.0,74,0.008698475992337211,-536.1949994604853,-536.7694393201492,-536.7901794414101,2.3595541391297297,"A""",0.9118686592721174,2.6040608177773557,0.9391,ok,93.2
1.85,0.95,115.0,74,0.00880397964627867,-536.1916567482725,-536.7660975264777,-536.7868417389337,2.296318943458648,"A""",0.8695936501236232,2.5895929720717406,0.9389,ok,92.87
1.85,0.9,135.0,74,0.009857039054478907,-536.1649448035118,-536.7382116017415,-536.7588647972764,1.9113391205781955,"A""",0.5915017239192407,2.5493568379520006,0.938,ok,105.39
1.85,0.9,130.0,74,0.009355888642835711,-536.1722919588716,-536.7452834815376,-536.7658656415715,2.0357111923449813,"A""",0.6707483061224796,2.5546938182150445,0.9384,ok,106.12
1.85,0.95,125.0,74,0.009254846798038152,-536.1815824129858,-536.7563054120556,-536.7771280009579,2.119163866344997,"A""",0.7587247493967915,2.566192113649775,0.9384,ok,94.18
1.85,0.95,80.0,74,0.008992179466238075,-536.1859042601754,-536.7633588807512,-536.7847724555786,2.3871509871144094,"A""",1.0487153681179098,2.7194696914543806,0.9394,ok,105.37
1.85,0.95,95.0,74,0.008683921903603618,-536.1971715748404,-536.7724277892395,-536.7933410988339,2.4462697963723166,"A""",0.9988695194105608,2.6548253830810857,0.9394,ok,104.08
1.85,0.95,120.0,74,0.008982305215911354,-536.1871512574473,-536.7616944527009,-536.7824675230936,2.216008958041438,"A""",0.818834317501224,2.576810792405277,0.9387,ok,95.94
1.85,0.95,135.0,74,0.010200536033766616,-536.1677170465232,-536.7429184895025,-536.7638822601334,1.8796055150210291,"A""",0.6093258056184648,2.554138986631022,0.9376,ok,94.03
1.85,1.0,75.0,74,0.009378881220014278,-536.1766037439754,-536.7571706239013,-536.7791731916486,2.3348476945786585,"A""",1.0453903919189287,2.750792412998905,0.9393,ok,94.55
1.85,1.0,110.0,74,0.008913559448444233,-536.192392466066,-536.7689455266541,-536.7899959951028,2.3394220775260703,"A""",0.9248980310944572,2.6043671543931644,0.9388,ok,63.1
1.85,1.0,85.0,74,0.009016897044027153,-536.1887392443305,-536.7675040586033,-536.7890388642487,2.414661741708738,"A""",1.0296841769732967,2.695040407037002,0.9392,ok,104.45
1.85,1.0,90.0,74,0.00891219002896035,-536.1924143180003,-536.7704277216026,-536.7917871471027,2.431915069003208,"A""",1.0176261824569313,2.6735668470137957,0.9392,ok,105.19
1.85,1.0,100.0,74,0.008823956749990333,-536.1952117304642,-536.7721844951607,-536.7933154173389,2.4190956304151956,"A""",0.9823250737000401,2.636382258778213,0.9391,ok,94.48
1.85,1.0,95.0,74,0.00884796584557536,-536.1945510968536,-536.7719631179001,-536.7931883270415,2.4335932883798375,"A""",1.0021657538182651,2.654241255510338,0.9391,ok,103.93
1.85,1.0,105.0,74,0.008843503788422783,-536.1944668023395,-536.7711582865559,-536.7922321590223,2.3878438807359785,"A""",0.9569662729929003,2.6197457240113855,0.9389,ok,95.54
1.85,1.05,80.0,74,0.009367320893157805,-536.1772762146818,-536.7591186389105,-536.7812202698897,2.3756759093837263,"A""",1.0276719721995993,2.7194730549598463,0.939,ok,63.52
1.85,1.0,115.0,74,0.009045774003578243,-536.1890701976022,-536.7656070452232,-536.7866637769899,2.273678728121137,"A""",0.884929637746065,2.59046657120502,0.9386,ok,95.52
1.85,1.0,120.0,74,0.00925638353499241,-536.1845880392744,-536.7612081036475,-536.7822967026817,2.190788771698317,"A""",0.8359352939415514,2.578401603647843,0.9383,ok,107.22
1.85,1.0,125.0,74,0.0095686538385217,-536.179042677755,-536.7558211009066,-536.7769630060628,2.0912734068803776,"A""",0.776985989415817,2.568659656642832,0.938,ok,105.33
1.85,1.05,90.0,74,0.009088627661362474,-536.1860218124431,-536.7662441204435,-536.7879333404096,2.420702447822246,"A""",1.016030259898608,2.672074233158586,0.9389,ok,93.98
1.85,1.0,130.0,74,0.010013006978406952,-536.1725424564762,-536.7495270169645,-536.7707390579731,1.9759856808427063,"A""",0.7075711318750425,2.561870809167168,0.9376,ok,105.98
1.85,1.05,100.0,74,0.009025842216516986,-536.1887850081351,-536.7679473598594,-536.7894017213134,2.4029520475033004,"A""",0.9890140710852802,2.6351619985894152,0.9388,ok,94.34
1.85,1.05,85.0,74,0.009196090787715846,-536.1824128778412,-536.7633913979474,-536.7852645115703,2.4058609956499017,"A""",1.023360215754126,2.6937532778909037,0.939,ok,99.87
1.85,1.0,135.0,74,0.01062729781782548,-536.1652118064196,-536.7424171311877,-536.763710434602,1.8460723954826734,"A""",0.6278779558318885,2.5588373617442683,0.9371,ok,104.51
1.85,1.05,105.0,74,0.009068169323830312,-536.1880508651941,-536.7669197545875,-536.788317511667,2.3692158022436964,"A""",0.9671031623585375,2.618857878465069,0.9386,ok,93.93
1.85,1.05,75.0,74,0.009628445761742831,-536.1706193333683,-536.7533666454187,-536.7757374305619,2.32989766194653,"A""",1.0291006210231453,2.7521386775403185,0.9391,ok,104.36
1.85,1.1,105.0,74,0.009327253071516368,-536.178980376885,-536.7600689661335,-536.781806563582,2.3495517764476688,"A""",0.9770671743811735,2.6166375487431415,0.9383,ok,66.0
1.85,1.05,120.0,74,0.009584546406146468,-536.1782560939051,-536.7570046977446,-536.778426018096,2.1642800354611693,"A""",0.8532956045018271,2.579350765168452,0.9379,ok,94.26
1.85,1.05,125.0,74,0.009946825256244948,-536.1727455655414,-536.7516318735939,-536.7731112575452,2.061924118025416,"A""",0.7955520761534132,2.5705621255233253,0.9375,ok,94.22
1.85,1.05,95.0,74,0.00903316408933275,-536.1881295072802,-536.7677416813766,-536.7892920241654,2.4199176792866166,"A""",1.0049327256298985,2.652809025963753,0.9389,ok,103.53
1.85,1.05,110.0,74,0.009166515178130451,-536.1859981607686,-536.7647144866792,-536.7860907730727,2.3182588148494117,"A""",0.9379873902931162,2.603938472614635,0.9385,ok,103.25
1.85,1.05,115.0,74,0.009332868101102348,-536.1827048630197,-536.7613886891056,-536.7827742491316,2.249895923826654,"A""",0.9004433382255432,2.5906432228885063,0.9382,ok,106.38
1.85,1.05,135.0,74,0.011145290981197896,-536.1589745000723,-536.7382378911691,-536.7598812721012,1.810703693274643,"A""",0.6467442964989546,2.5631793225351567,0.9366,ok,106.44
1.85,1.05,130.0,74,0.010453049569232455,-536.1662782217086,-536.7453474471107,-536.7669026896381,1.9436825228962176,"A""",0.7266481868703468,2.5649089845271793,0.9371,ok,107.26
1.85,1.1,90.0,74,0.009286408715625655,-536.1769661405878,-536.7594290588826,-536.7814614052569,2.4083806608460763,"A""",1.0137408688171745,2.6691985256321,0.9386,ok,108.08
1.85,1.1,100.0,74,0.009256199109868928,-536.1796984220771,-536.76109017387,-536.7828829027452,2.385817877247681,"A""",0.9954062823843639,2.632611785143094,0.9384,ok,94.7
1.85,1.1,75.0,74,0.00992399875104588,-536.1620177971014,-536.746949592509,-536.7697047071053,2.322619587519993,"A""",1.0112457733632347,2.752025722531493,0.9388,ok,111.26
1.85,1.1,135.0,74,0.01176197407719892,-536.1501480981339,-536.7315236762768,-536.7535409166491,1.7733547009094288,"A""",0.6653437342696032,2.566724909841921,0.936,ok,64.31
1.85,1.1,85.0,74,0.009397592291166464,-536.1734279476699,-536.7566454182485,-536.7788699756396,2.3957388382280063,"A""",1.0160651482029277,2.691007226279148,0.9387,ok,118.79
1.85,1.1,95.0,74,0.00924223527224254,-536.1790449161516,-536.7608936357229,-536.7827831087528,2.405232466592971,"A""",1.0072310092543628,2.6500358385285656,0.9386,ok,106.19
1.85,1.1,80.0,74,0.009596515550910836,-536.1684289361118,-536.7524962851445,-536.7749630903286,2.367381155940362,"A""",1.0151131268991698,2.717411096491999,0.9387,ok,121.08
1.85,1.1,120.0,74,0.009971549630370712,-536.1692961260803,-536.7502209863272,-536.7719943137367,2.136332859566812,"A""",0.8705928796867209,2.5790692350935305,0.9375,ok,96.9
1.85,1.1,110.0,74,0.009460873837882956,-536.1769564753574,-536.7578802901107,-536.7795994112981,2.2959618429213577,"A""",0.9509838986210655,2.6021814794381,0.9381,ok,104.32
1.85,1.1,115.0,74,0.009669171965662318,-536.1737010339331,-536.754577788034,-536.7763102891439,2.2248410970992665,"A""",0.9159015176413865,2.5895211267448075,0.9378,ok,106.47
1.85,1.1,130.0,74,0.010975612629301558,-536.1574109310199,-536.7386165990982,-536.7605370929673,1.909576131938465,"A""",0.7455392058052468,2.5669764117602525,0.9366,ok,96.35
1.85,1.1,125.0,74,0.010394556457906746,-536.1638323191733,-536.7448761552466,-536.76671359491,2.030955378391095,"A""",0.8140075120578275,2.571344837851261,0.9371,ok,107.51
1.85,1.15,130.0,74,0.011586716297572098,-536.1467845589809,-536.7301871308864,-536.7524989512772,1.8734008675538856,"A""",0.7634967290785011,2.567153088185549,0.9359,ok,66.68
1.85,1.15,75.0,74,0.010274221059102662,-536.1516269322198,-536.7387439486097,-536.7619000257735,2.312990300794342,"A""",0.9922051309508382,2.7492692228304567,0.9386,ok,113.93
1.85,1.2,120.0,74,0.010940659764872476,-536.1466457263583,-536.7320955423561,-536.7546441569987,2.0749891356773618,"A""",0.9028579379539683,2.5687577495988014,0.9363,ok,67.37
1.85,1.15,115.0,74,0.010059440455988077,-536.1629022890419,-536.7460229623962,-536.7681233120431,2.198286586667535,"A""",0.9309754670946355,2.58585657219893,0.9373,ok,95.28
1.85,1.15,135.0,74,0.012482940180323261,-536.1395771549611,-536.7231293886872,-536.7455488767616,1.7337786572636966,"A""",0.6828145346663226,2.5686987558986414,0.9353,ok,98.35
1.85,1.15,110.0,74,0.009800836106534499,-536.1661110305394,-536.7492907036983,-536.7713721649504,2.272338859455883,"A""",0.9636810849206946,2.597813536895171,0.9376,ok,106.02
1.85,1.15,100.0,74,0.00951879776226611,-536.1687953590775,-536.7524590733065,-536.7746070225315,2.367580623174182,"A""",1.0014983351946276,2.6274746194629213,0.9381,ok,107.22
1.85,1.15,125.0,74,0.010917326328981661,-536.1531466116904,-536.7364049055071,-536.7586245196417,1.9980994299043315,"A""",0.8317439019172502,2.5699535568749234,0.9365,ok,105.22
1.85,1.15,90.0,74,0.009509285429147103,-536.1660886775198,-536.7508253028884,-536.7732153926535,2.394907028880606,"A""",1.0109294743392125,2.6637489358519275,0.9383,ok,113.49
1.85,1.15,80.0,74,0.009860838288683772,-536.157770486204,-536.7440783547157,-536.766925031474,2.357387702054261,"A""",1.0016075038957075,2.7126271470987167,0.9384,ok,124.59
1.85,1.15,95.0,74,0.00947882111520314,-536.1681400842022,-536.7522638763766,-536.7745080991926,2.3894626533478407,"A""",1.0091466322687728,2.644701561479127,0.9382,ok,118.89
1.85,1.2,75.0,74,0.01068910854756263,-536.140054755707,-536.7293604953829,-536.7529352898836,2.300917928410241,"A""",0.9723827542265904,2.7400208768863417,0.9382,ok,113.72
1.85,1.15,85.0,74,0.009625809796583278,-536.1626232102102,-536.7481054624114,-536.7706956682171,2.3842820758777745,"A""",1.0080556534440315,2.6856200716851877,0.9384,ok,127.66
1.85,1.2,115.0,74,0.010508486692977275,-536.1509318377462,-536.7363574392256,-536.7588501460956,2.1698889974436537,"A""",0.9451252994818543,2.5767415976380086,0.9367,ok,97.14
1.85,1.15,105.0,74,0.009624743870805082,-536.1680989378684,-536.7514529123855,-536.773548511041,2.3286991359482,"A""",0.9867586974874991,2.611801064701695,0.9379,ok,126.21
1.85,1.2,130.0,74,0.012290968093507566,-536.135021755166,-536.720695467825,-536.7434298075422,1.834784184211826,"A""",0.7793575426684648,2.5636249685445507,0.9351,ok,98.34
1.85,1.2,110.0,74,0.010190988283734822,-536.1540853528213,-536.7395784113371,-536.762044970603,2.2470879748614463,"A""",0.975723739179966,2.587628156722308,0.9371,ok,110.27
1.85,1.2,105.0,74,0.009965015220894593,-536.1560303038345,-536.7417038148471,-536.7641785240743,2.3064041236293567,"A""",0.9959832782057548,2.600910344212394,0.9374,ok,111.36
1.85,1.2,85.0,74,0.009886129546623722,-536.1506182868349,-536.738397171623,-536.7613687853873,2.3713970574545646,"A""",0.9996069308501184,2.673674116616667,0.938,ok,125.55
1.85,1.2,80.0,74,0.01016750765491756,-536.1459159859262,-536.7344847790174,-536.7577272850823,2.345616377211954,"A""",0.9875139648280461,2.701150978955008,0.9381,ok,130.91
1.85,1.2,125.0,74,0.011519565868031966,-536.1413111268193,-536.7268530885542,-536.7494834964764,1.9629728601846472,"A""",0.8477990260615867,2.5642028007547393,0.9358,ok,108.38
1.85,1.2,90.0,74,0.009761955241279272,-536.1540115630129,-536.7410618971559,-536.7638263304302,2.380161157651335,"A""",1.00777260798598,2.6519043299460634,0.9379,ok,126.55
1.85,1.2,135.0,74,0.013314421596888011,-536.127884546871,-536.7136934867273,-536.7365495284081,1.691639143256694,"A""",0.6978321332388209,2.567632821789386,0.9344,ok,108.12
1.85,1.2,95.0,74,0.00974738765077653,-536.156038355695,-536.7424831940663,-536.765100123345,2.3724492576283547,"A""",1.01074523696671,2.6330849450057934,0.9378,ok,124.91
1.85,1.2,100.0,74,0.00981804282697493,-536.1566995845591,-536.7426857430644,-536.7652084169879,2.3480357150983626,"A""",1.0072336152557013,2.616146955074745,0.9376,ok,129.43
1.85,1.25,100.0,74,0.010159147045519878,-536.1438723052918,-536.7322414670682,-536.7551617431554,2.3268475321390643,"A""",1.0123979244840207,2.585009457862674,0.9371,ok,79.49
1.85,1.25,80.0,74,0.010525096313328812,-536.1333186962249,-536.7241768195861,-536.7478330451098,2.3318741283120175,"A""",0.9731755200578498,2.663179659412225,0.9377,ok,106.9
1.85,1.25,75.0,74,0.011179737935789358,-536.1277472482811,-536.7192512885576,-536.7432643329647,2.286195233303399,"A""",0.9521505324936507,2.7062085399861684,0.9379,ok,116.39
1.85,1.25,110.0,74,0.010635701634243336,-536.141340036902,-536.7292150720358,-536.7520934970202,2.2197602228500237,"A""",0.9864390671340159,2.5620515013813083,0.9365,ok,79.75
1.85,1.25,90.0,74,0.010050476886692748,-536.141194775432,-536.7306083300172,-536.7537664063303,2.363906355783501,"A""",1.0043884589128798,2.615780507655165,0.9375,ok,119.28
1.85,1.25,85.0,74,0.010185516713684811,-536.1378708387126,-536.7279872185865,-536.7513582964848,2.356878073275568,"A""",0.9909671871591466,2.635700195882751,0.9376,ok,133.89
1.85,1.25,95.0,74,0.01005349298441313,-536.143200706864,-536.7320223614416,-536.7550330117581,2.353910913331543,"A""",1.0119911913655828,2.599390335597752,0.9373,ok,129.88
1.9,0.8,75.0,74,0.009248990772656045,-536.1401598779594,-536.7145009094842,-536.7359060290773,2.067516965342437,"A""",1.0585002322389467,2.4702615390614757,0.9366,ok,87.43
1.85,1.25,130.0,74,0.013091737940521401,-536.1225812694196,-536.7106159793718,-536.733810240835,1.7932416145067398,"A""",0.7912773912639927,2.5526158655335234,0.9341,ok,98.46
1.85,1.25,105.0,74,0.010352987660165113,-536.1432354882386,-536.7312931696068,-536.7541717761143,2.282272866725914,"A""",1.004316138714002,2.5724409403793707,0.9368,ok,116.22
1.85,1.25,125.0,74,0.0122049370772276,-536.1287849325444,-536.7166938492745,-536.7397691203425,1.9250599372080133,"A""",0.8605938797998484,2.5491996245987982,0.9349,ok,103.78
1.85,1.25,115.0,74,0.0110200899322838,-536.1382497511942,-536.72605312676,-536.7489670896729,2.1391558381038385,"A""",0.9573906779460786,2.5543730905064526,0.936,ok,115.44
1.9,0.8,90.0,74,0.008860605241431839,-536.1547887576717,-536.726769886725,-536.7476514730281,2.1919090700415005,"A""",0.9772340336485962,2.407220308607162,0.9367,ok,95.09
1.9,0.8,85.0,74,0.008974324471050059,-536.151538415378,-536.7241648818053,-536.745188561853,2.1656990445104722,"A""",1.005533410810734,2.4261824261440945,0.9367,ok,97.21
1.85,1.25,135.0,74,0.014259014753206161,-536.1155289348242,-536.7036922478084,-536.7270263616305,1.6465146801296735,"A""",0.7083656950520836,2.5606558254470504,0.9333,ok,108.45
1.9,0.8,80.0,74,0.009105101843397195,-536.1466894757925,-536.7201096522189,-536.7413085819853,2.1240494728651322,"A""",1.0327023413548795,2.4469134543602684,0.9367,ok,100.68
1.9,0.85,100.0,74,0.008824972213358774,-536.177334287541,-536.7503506171205,-536.7713163862336,2.1849146199605194,"A""",0.9239903846285306,2.375284853229108,0.9365,ok,67.37
1.9,0.8,100.0,74,0.008704894145251458,-536.1568158139792,-536.7279920137247,-536.7486920044518,2.195876823134668,"A""",0.9149949762295835,2.372650655596403,0.9366,ok,96.01
1.85,1.25,120.0,74,0.011531272233147177,-536.134037728569,-536.7218601292515,-536.7448408910988,2.040703075842885,"A""",0.915807788360461,2.549931262576263,0.9355,ok,118.25
1.9,0.8,95.0,74,0.008768837276828442,-536.1565214270505,-536.7280180792577,-536.7487917660703,2.2021274530089077,"A""",0.9473485430046146,2.3894750885468805,0.9367,ok,99.97
1.9,0.8,110.0,74,0.008692800412777991,-536.1534012512703,-536.7243985500435,-536.7450493077286,2.1327606645252715,"A""",0.8382889458746726,2.341611402162971,0.9364,ok,96.06
1.9,0.8,105.0,74,0.008676185581781674,-536.1557498575214,-536.726763863488,-536.7474234389356,2.1728109396173427,"A""",0.8790513166952891,2.356664936167469,0.9365,ok,103.45
1.9,0.8,120.0,74,0.008923002954858783,-536.1451799754034,-536.7165092376251,-536.7372277353444,2.002113015588201,"A""",0.7374201812962736,2.315413616092286,0.9359,ok,97.49
1.9,0.8,115.0,74,0.00876866670820167,-536.1498497375147,-536.7209586719988,-536.74162996105,2.075769453112671,"A""",0.7914633138726282,2.3277323711880027,0.9362,ok,98.56
1.9,0.85,115.0,74,0.008901969527432487,-536.1703853033372,-536.7432907200409,-536.764227591143,2.059007822037269,"A""",0.80545978804876,2.3310907080902816,0.936,ok,67.27
1.9,0.85,75.0,74,0.00939693883147118,-536.1607978474121,-536.7370236516232,-536.7587182815474,2.0707269583560737,"A""",1.0556277885122254,2.477368478456083,0.9367,ok,99.9
1.9,0.8,125.0,74,0.00918172675768455,-536.1394846377865,-536.7111210051719,-536.7319102360684,1.9122982675925995,"A""",0.6752546040029461,2.3052013130438156,0.9356,ok,105.67
1.9,0.85,80.0,74,0.00923897496829606,-536.167270772789,-536.7425814952707,-536.7640635758545,2.1239257318064353,"A""",1.0323552286214521,2.4520181919906023,0.9366,ok,99.91
1.9,0.8,130.0,74,0.00957883848754308,-536.1328679001571,-536.7048726360232,-536.7257521960365,1.8070425922654898,"A""",0.6045395941645302,2.297834843499592,0.9352,ok,104.37
1.9,0.8,135.0,74,0.010157003521082618,-536.1254498374137,-536.6978527185848,-536.7188369080403,1.687239269066615,"A""",0.5255967184865044,2.294290473835942,0.9347,ok,104.17
1.9,0.85,85.0,74,0.009099991909133225,-536.1720854229842,-536.7465955053634,-536.7678962406123,2.1624489772283133,"A""",1.0076488340848713,2.430052208639818,0.9366,ok,105.36
1.9,0.85,90.0,74,0.008981864168453906,-536.1753168515214,-536.7491685049828,-536.7703220391761,2.185807994476521,"A""",0.981757192431089,2.4103625665128465,0.9366,ok,105.12
1.9,0.85,110.0,74,0.008819644800489601,-536.1739294855117,-536.746737844041,-536.7676532773652,2.1178021782458343,"A""",0.850921069357512,2.3445661766844883,0.9362,ok,94.44
1.9,0.85,105.0,74,0.008798712932233327,-536.1762718300918,-536.7491112859112,-536.7700355405719,2.159768376368957,"A""",0.8899976096301256,2.3593730146335585,0.9364,ok,105.65
1.9,0.85,120.0,74,0.009065571594301387,-536.1657223380473,-536.7388329253205,-536.759818695871,1.983617815030354,"A""",0.7523991740587458,2.3193219259062707,0.9357,ok,99.56
1.9,0.9,115.0,74,0.009070430919570247,-536.1806263122699,-536.755462248419,-536.7766835813803,2.041170506776027,"A""",0.820172446468955,2.3344209110071024,0.9358,ok,66.27
1.9,0.85,135.0,74,0.010359441632926767,-536.1459913837966,-536.720124116304,-536.7413854861826,1.6636907259097509,"A""",0.5406832818803281,2.300633209304882,0.9344,ok,94.62
1.9,0.85,125.0,74,0.009337508862273138,-536.160031579184,-536.7334332810981,-536.7544922245671,1.8921070691965503,"A""",0.690773611106054,2.309796967773391,0.9353,ok,107.05
1.9,0.9,75.0,74,0.009568833842177354,-536.1712099403284,-536.7494463622269,-536.7714538307534,2.07170336027445,"A""",1.0505801519548028,2.4838404692209837,0.9367,ok,88.85
1.9,0.85,130.0,74,0.009753621683026813,-536.1534153006294,-536.7271683248642,-536.7483208473523,1.7851715426265848,"A""",0.620105049854901,2.30324553618233,0.9349,ok,105.8
1.9,0.9,80.0,74,0.009390505553098274,-536.1775891975375,-536.7549209322541,-536.7767074018844,2.121997582640785,"A""",1.0303627969137528,2.456451360809307,0.9366,ok,95.83
1.9,0.9,90.0,74,0.009118885324988472,-536.1855482498154,-536.7614044427999,-536.7828487667232,2.178411091282686,"A""",0.9855737856870522,2.412995150056434,0.9365,ok,93.69
1.9,0.95,90.0,74,0.009271272872567808,-536.1883503139026,-536.7663119041407,-536.7880633033282,2.1698704272395473,"A""",0.9884985688741234,2.415099738834376,0.9364,ok,66.51
1.9,0.9,95.0,74,0.009025711852109422,-536.1872585077737,-536.7626007198087,-536.7839291437353,2.1836477428793173,"A""",0.9606946922040046,2.39459802078056,0.9364,ok,93.61
1.9,0.9,120.0,74,0.009249807192264129,-536.1759759027705,-536.7510004698707,-536.772272701964,1.963964240312105,"A""",0.7682670791335258,2.323272746196824,0.9355,ok,97.05
1.9,0.9,85.0,74,0.009241112650426738,-536.1823477302092,-536.7588741693818,-536.7804717104342,2.157693381498537,"A""",1.0086152389086884,2.4333120206611185,0.9366,ok,105.59
1.9,0.9,125.0,74,0.009542602159574164,-536.1702963291702,-536.7455942926089,-536.7669425023399,1.8706447105631427,"A""",0.70732169391557,2.314496902334704,0.9351,ok,96.44
1.9,0.9,100.0,74,0.008965839691575848,-536.1875489956587,-536.7625408435902,-536.7837906936189,2.172888812866927,"A""",0.9329851951525612,2.377624663752502,0.9363,ok,103.83
1.9,0.9,105.0,74,0.008945970110595365,-536.186491353811,-536.7612917194537,-536.7824990563932,2.145702091440293,"A""",0.9012184189785658,2.361884579718167,0.9362,ok,104.37
1.9,0.9,110.0,74,0.008976009843803649,-536.1841585077045,-536.7589129267533,-536.7801116486787,2.1018146089523806,"A""",0.8640648527788569,2.347413244708488,0.936,ok,104.42
1.9,0.9,135.0,74,0.01063087330875185,-536.1562653605255,-536.732254373838,-536.7538135064367,1.638581344511716,"A""",0.5569672234180743,2.307170848704685,0.934,ok,93.44
1.9,0.95,80.0,74,0.009560688124829972,-536.1805091303455,-536.7599567552454,-536.7820661214682,2.1183845494576334,"A""",1.026571440620337,2.4602089920012333,0.9365,ok,94.46
1.9,0.95,85.0,74,0.009397558724666999,-536.1851910781604,-536.7638323744459,-536.785743781073,2.1515752976365565,"A""",1.0082603041165454,2.4359500908808225,0.9364,ok,94.27
1.9,0.9,130.0,74,0.009986703158553533,-536.163687693782,-536.7393178803728,-536.7607633701653,1.7618931588987938,"A""",0.6368034030588621,2.3088123233154776,0.9346,ok,105.33
1.9,0.95,75.0,74,0.009768275306702422,-536.174260030493,-536.7545955774935,-536.7769365847129,2.0705151414601812,"A""",1.0432355179796124,2.4896943043257753,0.9367,ok,100.79
1.9,0.95,95.0,74,0.009180529107898459,-536.1900425601599,-536.7674775166994,-536.7891085363262,2.1728332456459376,"A""",0.9666850136837506,2.3965322591493172,0.9363,ok,102.34
1.9,0.95,100.0,74,0.00912781198117777,-536.190330475711,-536.7674014312512,-536.7889514554441,2.1599523959680833,"A""",0.9417758318906184,2.3796325620658645,0.9362,ok,104.19
1.9,1.0,80.0,74,0.009751914832703866,-536.1781101489125,-536.7597312122068,-536.7821797460073,2.11321766339085,"A""",1.0209371071963076,2.463238680192126,0.9364,ok,64.29
1.9,0.95,105.0,74,0.009118877370199716,-536.1892804983818,-536.7661457475575,-536.7876525055241,2.130764013218044,"A""",0.9125053522138235,2.3641498134179004,0.936,ok,104.69
1.9,0.95,110.0,74,0.009163681586242261,-536.1869619853786,-536.7637661792144,-536.7852648611539,2.084950134004666,"A""",0.8775056261192664,2.3500904797999116,0.9358,ok,105.89
1.9,0.95,130.0,74,0.01028431442819536,-536.1665669163053,-536.7441732938956,-536.7659302564134,1.7373908652310943,"A""",0.6544249531307312,2.3144436452931663,0.9343,ok,94.58
1.9,0.95,115.0,74,0.009276685029671938,-536.1834481795369,-536.7603175919113,-536.7818404289843,2.0224125457166924,"A""",0.8353827466624677,2.3376497432181598,0.9355,ok,106.1
1.9,0.95,120.0,74,0.009479469312573336,-536.1788180248476,-536.7558584379416,-536.7774345877873,1.9433131132664578,"A""",0.7848055625020433,2.3271840748507504,0.9352,ok,104.0
1.9,0.95,125.0,74,0.009801903978583307,-536.1731583867947,-536.7504531581133,-536.7721085657696,1.8480814120387692,"A""",0.7246826446744978,2.3192130909081152,0.9348,ok,106.36
1.9,1.0,75.0,74,0.010000771995267804,-536.172026072642,-536.7545096671168,-536.7772027106092,2.067259800964016,"A""",1.0335917700188693,2.494893630436762,0.9366,ok,89.57
1.9,0.95,135.0,74,0.010978867288955682,-536.1591561163705,-536.7370987434085,-536.7589748644094,1.6121125094652597,"A""",0.5742520612574994,2.3138109597291954,0.9337,ok,104.82
1.9,1.0,115.0,74,0.009524009250275982,-536.1809411842517,-536.7599153632563,-536.7817557000549,2.0028337033186823,"A""",0.8508773664193483,2.3406620850280175,0.9353,ok,65.57
1.9,1.0,95.0,74,0.00935366333102082,-536.1874782665989,-536.76707514295,-536.789023089981,2.161150584521998,"A""",0.9720250898687796,2.397971631985815,0.9361,ok,92.17
1.9,1.0,85.0,74,0.009570315465046159,-536.1826970135793,-536.763516052587,-536.7857562546943,2.144234617163363,"A""",1.0065082934619876,2.4379103262950363,0.9363,ok,95.99
1.9,1.0,90.0,74,0.009439619353518348,-536.1858064377055,-536.7659399451663,-536.7880127673703,2.160322534101394,"A""",0.9904287691487623,2.4166164049198904,0.9362,ok,105.79
1.9,1.0,110.0,74,0.009385134249579078,-536.18442881773,-536.7633543828507,-536.7851684959936,2.0673118374564288,"A""",0.8910484520898577,2.3524934465130976,0.9356,ok,93.56
1.9,1.0,100.0,74,0.009312072742213596,-536.1877650821228,-536.7669858395944,-536.7888506043672,2.146223891048503,"A""",0.9502099528044554,2.3812295450434884,0.936,ok,104.51
1.9,1.0,105.0,74,0.009319426724555881,-536.1867268822397,-536.7657284892649,-536.7875496586752,2.1150636421222,"A""",0.9236820017184171,2.3660771007405934,0.9358,ok,96.72
1.9,1.0,120.0,74,0.009758595231157696,-536.1763405015594,-536.7554675263158,-536.7773641596524,1.9217653211915886,"A""",0.8017823855914363,2.3309339110328575,0.9349,ok,95.4
1.9,1.0,125.0,74,0.010120477786799847,-536.1707112171121,-536.750072936762,-536.7720527546035,1.8245241782000872,"A""",0.7426088017068042,2.3238213146134465,0.9345,ok,96.14
1.9,1.05,130.0,74,0.01109739575963096,-536.1579744938631,-536.7397245148643,-536.7621593977799,1.685102772554995,"A""",0.6913609728706646,2.3253806670047688,0.9335,ok,64.88
1.9,1.05,75.0,74,0.010273726677479353,-536.1660358820182,-536.7506878419689,-536.7737503155248,2.062027867757354,"A""",1.021791143222702,2.499353746172678,0.9365,ok,96.11
1.9,1.05,105.0,74,0.009549984774947617,-536.1803690312192,-536.7615575182464,-536.7837081501737,2.098661628039665,"A""",0.934633750473093,2.36752806402741,0.9355,ok,90.37
1.9,1.05,95.0,74,0.009546609153195405,-536.1811024278703,-536.7629077585686,-536.7851863932976,2.1486801135224574,"A""",0.9766875774229161,2.3988088046461535,0.9359,ok,95.55
1.9,1.0,130.0,74,0.010652595155208623,-536.1641482553146,-536.7438002696833,-536.7658866748452,1.7117833189496958,"A""",0.6727116908716244,2.3200177935204565,0.9339,ok,102.06
1.9,1.05,100.0,74,0.00952059937044743,-536.1813905852425,-536.7628101445227,-536.7850039670178,2.131773469504748,"A""",0.9582146186663986,2.382294188006128,0.9357,ok,94.52
1.9,1.05,80.0,74,0.009968076988661602,-536.1719230939982,-536.755748908844,-536.7785517847902,2.106610488268496,"A""",1.0135528065232677,2.4654449349183234,0.9363,ok,104.59
1.9,1.05,85.0,74,0.009761582803699207,-536.1763989900136,-536.7594341805051,-536.7820171635062,2.135784463552146,"A""",1.003408891174017,2.4390977541973413,0.9361,ok,105.25
1.9,1.05,90.0,74,0.009625544341229525,-536.1794520430518,-536.7618007794665,-536.784208656476,2.1498694828102534,"A""",0.9913726054109229,2.4174470723134256,0.936,ok,105.63
1.9,1.05,110.0,74,0.009643183169405796,-536.1780982263207,-536.7591964744253,-536.7813417730679,2.0489483556678074,"A""",0.9045386016079491,2.354468204811207,0.9353,ok,101.59
1.9,1.05,115.0,74,0.009815966365803943,-536.1746452754684,-536.7557756923712,-536.7779498794652,1.9824639305718381,"A""",0.8664667947278202,2.3432962509095328,0.935,ok,104.25
1.9,1.1,110.0,74,0.009941408488089443,-536.1691101012393,-536.7524252538763,-536.7749184969913,2.0298136901456,"A""",0.9178640638383536,2.355779768911813,0.935,ok,64.55
1.9,1.1,80.0,74,0.010214653906160024,-536.163080260541,-536.7491301680498,-536.7723025201482,2.0986495816752706,"A""",1.004622676173531,2.4666503631807086,0.9361,ok,94.18
1.9,1.05,120.0,74,0.010091334177952415,-536.1700840932739,-536.7513494916199,-536.7735837458506,1.8993452885528002,"A""",0.8189685079701929,2.334355815624423,0.9346,ok,102.46
1.9,1.05,125.0,74,0.010503337210421718,-536.1644965118314,-536.7459772281741,-536.7682994741155,1.7999977582320192,"A""",0.7608322042751317,2.3281578264136265,0.9341,ok,103.78
1.9,1.05,135.0,74,0.011934207502714034,-536.1506238779072,-536.7326636568787,-536.7552317889701,1.555550445876603,"A""",0.6107176858092103,2.3269098314296075,0.9328,ok,103.67
1.9,1.1,85.0,74,0.009974834975641281,-536.1674324974875,-536.752711893484,-536.7756517841044,2.1263053896209714,"A""",0.9991106731852691,2.4393416475879706,0.9359,ok,103.72
1.9,1.1,75.0,74,0.010596474476004654,-536.1574173931966,-536.7442438267906,-536.7676930656003,2.0548894872786483,"A""",1.0080938107692783,2.5028975262335575,0.9364,ok,105.59
1.9,1.1,90.0,74,0.009831735164017192,-536.1704246797298,-536.755022745867,-536.7777797094302,2.1385757523219597,"A""",0.9914237665273257,2.4174189510489836,0.9358,ok,105.66
1.9,1.1,100.0,74,0.009756103293665521,-536.1723463480422,-536.7560059733704,-536.7785440918574,2.116622907977305,"A""",0.9657750785156008,2.382622962838147,0.9355,ok,96.15
1.9,1.1,95.0,74,0.009762079643112955,-536.1720537816013,-536.7561060182013,-536.7787298683892,2.1354722288691907,"A""",0.9807060347941827,2.398858867415762,0.9356,ok,106.31
1.9,1.1,105.0,74,0.009813393794463162,-536.1713466340394,-536.7547648901144,-536.7772608620227,2.081538442767633,"A""",0.9453019479905932,2.3682820906093176,0.9352,ok,104.49
1.9,1.15,90.0,74,0.01006183117484476,-536.1595666309566,-536.7464489774327,-536.7695702697496,2.1264687610295643,"A""",0.9907287480648207,2.416175560310356,0.9355,ok,66.14
1.9,1.1,120.0,74,0.0104821818452022,-536.161189101991,-536.7446401060804,-536.7672310327706,1.876001966654918,"A""",0.8361104913492617,2.3371972010460436,0.9342,ok,92.91
1.9,1.1,115.0,74,0.010156334407776647,-536.1657005254033,-536.7490331589656,-536.7715591892312,1.9612646231129418,"A""",0.8819627268698673,2.3452996122197605,0.9346,ok,96.91
1.9,1.1,130.0,74,0.011623795232441208,-536.1491867859311,-536.7330848793476,-536.7558898445942,1.6572967261161007,"A""",0.7099860586472384,2.3303102468958623,0.9331,ok,97.44
1.9,1.15,80.0,74,0.010498344051600194,-536.1524182540085,-536.7407100784592,-536.7642677591098,2.0893940214552944,"A""",0.9944284085814133,2.466479054932364,0.9359,ok,94.61
1.9,1.15,75.0,74,0.010979638476520542,-536.147001877752,-536.7360052501998,-536.7598592788863,2.045892952310132,"A""",0.9928424728661955,2.5051333540437213,0.9362,ok,97.78
1.9,1.1,125.0,74,0.01095499880236443,-536.1556549124404,-536.7393032023638,-536.7619881112671,1.7744461787199715,"A""",0.7790309204737553,2.3319799239392722,0.9337,ok,104.8
1.9,1.15,85.0,74,0.010214610189939658,-536.1566377211672,-536.7441892655197,-536.7675011152451,2.115845464596098,"A""",0.993828749851546,2.4382843358155033,0.9357,ok,97.05
1.9,1.1,135.0,74,0.012554157439436267,-536.1418868632776,-536.7260533027493,-536.7490008060415,1.5254660421768236,"A""",0.6291320041976657,2.3330368330874203,0.9323,ok,108.75
1.9,1.15,95.0,74,0.010003429673716962,-536.1611756587652,-536.7475147047004,-536.7704997663126,2.1215271174692716,"A""",0.9841597764489342,2.3977492795539765,0.9353,ok,96.83
1.9,1.15,100.0,74,0.010022094786470573,-536.1614761018451,-536.7474192287776,-536.7703186544676,2.1007470378747533,"A""",0.972897829505763,2.38181755898524,0.9351,ok,94.6
1.9,1.15,105.0,74,0.010113573182301432,-536.1605034708,-536.7461977621696,-536.7690573227256,2.063659575072076,"A""",0.9556084058887685,2.367909935572995,0.9349,ok,94.22
1.9,1.2,80.0,74,0.010827322786231391,-536.1405541959856,-536.7311100174605,-536.7550701980778,2.078867714439268,"A""",0.9833035208043454,2.4640164114373766,0.9356,ok,77.6
1.9,1.15,115.0,74,0.010549225233719135,-536.1549504171996,-536.7405357046244,-536.7634341760898,1.9391308515795698,"A""",0.8971283143983062,2.3462193726294767,0.9342,ok,95.88
1.9,1.15,110.0,74,0.010283846857643917,-536.1583081030764,-536.7438887158454,-536.7667493628043,2.0098515680436972,"A""",0.9308614613134784,2.3559756787784725,0.9346,ok,103.09
1.9,1.15,120.0,74,0.010935458551106175,-536.150498857502,-536.7361881519543,-536.7591577401388,1.8516125892153577,"A""",0.8528707502074282,2.3390153481808724,0.9337,ok,105.67
1.9,1.15,130.0,74,0.012237432240838944,-536.1386285172833,-536.7247325839107,-536.747933021064,1.6282349554134228,"A""",0.7280392477811385,2.3344338726534883,0.9325,ok,102.77
1.9,1.15,125.0,74,0.011480428673815548,-536.1450296916382,-536.7309007216845,-536.7539718517736,1.7477371602361231,"A""",0.7967616443303603,2.334873320275323,0.9332,ok,108.43
1.9,1.15,135.0,74,0.013276720927000591,-536.1313936237264,-536.7177477828509,-536.7411022252516,1.4940493140474491,"A""",0.6468887250322828,2.338500410818249,0.9318,ok,107.73
1.9,1.2,85.0,74,0.010486840236261131,-536.1446355336474,-536.7344926516499,-536.7581930657198,2.1044134806237094,"A""",0.987817952565432,2.4350563096714644,0.9354,ok,108.32
1.9,1.25,75.0,74,0.011975798727839587,-536.1230621277157,-536.7164392849983,-536.741162830913,2.022354313575906,"A""",0.9592719013839439,2.5000315663741435,0.9357,ok,76.97
1.9,1.2,125.0,74,0.012083860377685893,-536.1332433071755,-536.7214038291164,-536.7448889938562,1.7196608661040076,"A""",0.8133525117972961,2.3360491845951055,0.9326,ok,97.79
1.9,1.2,100.0,74,0.01032289276972488,-536.1494039363688,-536.7376812960296,-536.7609615045196,2.0840671909599857,"A""",0.9795740574831101,2.378978481590895,0.9348,ok,105.69
1.9,1.2,75.0,74,0.011435104332011062,-536.1354005371002,-536.7265856343507,-536.7508637787861,2.0350574017605663,"A""",0.976431029502501,2.505103279145809,0.936,ok,122.18
1.9,1.2,95.0,74,0.010275108836364488,-536.1490919077187,-536.7377644613887,-536.7611289031081,2.1067992805374307,"A""",0.9871318154791547,2.3946102108477128,0.935,ok,107.46
1.9,1.2,115.0,74,0.01099908428542264,-536.143018160393,-536.7309159750647,-536.7542108756986,1.9158853373695162,"A""",0.9116037469887044,2.3451381462647554,0.9337,ok,105.77
1.9,1.2,105.0,74,0.010454770811626143,-536.14846349514,-536.73648778181,-536.7597318191264,2.044905173155472,"A""",0.9654469172523382,2.3654862803079757,0.9345,ok,106.71
1.9,1.2,90.0,74,0.010320690296085984,-536.1475008249269,-536.736708657307,-536.7602113847079,2.113532827790001,"A""",0.9894580766069213,2.4128616555242295,0.9352,ok,118.92
1.9,1.2,120.0,74,0.011455386383376783,-536.1386361555647,-536.7266268645509,-536.7500008829423,1.8259778838569183,"A""",0.8687379602441427,2.338942944443024,0.9332,ok,110.42
1.9,1.2,130.0,74,0.01294169845201108,-536.1269219547636,-536.7153029396209,-536.7389290567388,1.5977097633626296,"A""",0.7447002250930294,2.337066313889424,0.9319,ok,110.05
1.9,1.2,135.0,74,0.014106053243277987,-536.1197664501735,-536.7083840444902,-536.7321785732267,1.4611141459229815,"A""",0.6630358898465939,2.3427231786462714,0.931,ok,107.91
1.9,1.25,135.0,74,0.01504494486837038,-536.1074636388211,-536.6984370415379,-536.7227116330018,1.4264080316765275,"A""",0.6761263462214044,2.344592896873957,0.9301,ok,67.66
1.9,1.25,85.0,74,0.0107988327155086,-536.1318846385259,-536.7240890410807,-536.7481968450824,2.0919628217478796,"A""",0.9813470098954401,2.4270790590746545,0.935,ok,112.78
1.9,1.25,80.0,74,0.011211180742239337,-536.1279430445297,-536.7207922906656,-536.7451741137592,2.0670428142427038,"A""",0.9716063825054214,2.456555914634591,0.9353,ok,116.04
1.95,0.8,75.0,74,0.00987811310849761,-536.134337438869,-536.7107472031922,-536.7329130072509,1.827621744834314,"A""",1.0194520907962676,2.230822441755341,0.9333,ok,85.24
1.9,1.25,110.0,74,0.011118871007955446,-536.1335941036816,-536.7238868335091,-536.7475532028661,1.9667465765403134,"A""",0.954810397788956,2.3479815906932426,0.9336,ok,95.91
1.9,1.25,90.0,74,0.010614402956129263,-536.1346878996137,-536.7262711972422,-536.750175009552,2.099692682277787,"A""",0.9877754468963691,2.4049933928297045,0.9348,ok,112.05
1.9,1.25,120.0,74,0.012046191375547638,-536.1260605553091,-536.7164280690527,-536.740236896049,1.798808724142544,"A""",0.882878897672413,2.335112649068644,0.9325,ok,99.73
1.9,1.25,130.0,74,0.013740445369149886,-536.1145256613,-536.705269354123,-536.7293572695534,1.565437383742045,"A""",0.7586826140641432,2.336840207153424,0.9311,ok,99.9
1.9,1.25,125.0,74,0.012768831501876562,-536.1207547631487,-536.7112849872505,-536.735217169212,1.6899204427458776,"A""",0.8277363721186822,2.333885524223621,0.9319,ok,100.93
1.9,1.25,95.0,74,0.010582593916586816,-536.1362639420804,-536.7273257947057,-536.7510906430666,2.091178480914558,"A""",0.9896707067076519,2.3870093345133725,0.9346,ok,116.44
1.9,1.25,115.0,74,0.011510255080645283,-536.130363918472,-536.7206454419222,-536.744364909112,1.8912622424806473,"A""",0.924783539511858,2.3399782380399854,0.9331,ok,107.14
1.95,0.8,110.0,74,0.009189356759298753,-536.1444639686058,-536.7179232933254,-536.7393959318806,1.8770721904376855,"A""",0.7955611644397146,2.109574304419472,0.9326,ok,63.16
1.9,1.25,100.0,74,0.010663622179169238,-536.1365913627151,-536.7272631264077,-536.7509467467245,2.0664336632639837,"A""",0.9857245654396491,2.3717096250986147,0.9343,ok,121.23
1.95,0.8,80.0,74,0.009703759148265363,-536.140114523525,-536.715647213439,-536.737605626674,1.8806312835838972,"A""",0.9909884352548719,2.208107001411292,0.9333,ok,101.29
1.95,0.8,90.0,74,0.009408164739646858,-536.1470606603303,-536.721257304104,-536.7429051331985,1.9423190644885129,"A""",0.9330802913186764,2.169988787983529,0.9332,ok,100.02
1.95,0.8,85.0,74,0.00954579964600223,-536.1443320720426,-536.7191201929289,-536.740905155011,1.9190117867542102,"A""",0.9621796486039667,2.1880967043647996,0.9332,ok,101.51
1.95,0.8,95.0,74,0.00929595032029186,-536.1483702335279,-536.7221401221811,-536.7436883792515,1.9501103275194658,"A""",0.9030492149339966,2.153258992282298,0.9331,ok,97.07
1.9,1.25,105.0,74,0.010841839747177453,-536.1356879391551,-536.7261060802709,-536.7497589320478,2.025084068914881,"A""",0.97459043075472,2.3586712883255454,0.934,ok,129.4
1.95,0.8,100.0,74,0.00921560386185477,-536.1483292975407,-536.7218392244833,-536.7433256055825,1.941996044524947,"A""",0.8710131464948674,2.1376283367643185,0.933,ok,99.19
1.95,0.8,105.0,74,0.009175845317487464,-536.1470049171727,-536.7204154620473,-536.7418770614333,1.9176966763019163,"A""",0.8356669464365197,2.1230296113146,0.9328,ok,87.44
1.95,0.85,100.0,74,0.009348223819090729,-536.1689404688345,-536.7442856443682,-536.7660406037568,1.9318966135900657,"A""",0.8815474254133498,2.1416996699097517,0.9329,ok,62.39
1.95,0.8,115.0,74,0.009273986406740922,-536.1407753384548,-536.7144156714086,-536.7359335615348,1.8201565465790446,"A""",0.7492113652148783,2.0975326059087935,0.9323,ok,94.93
1.95,0.8,120.0,74,0.009454881363699081,-536.1360124579032,-536.709947973262,-536.7315435063736,1.7471677421544056,"A""",0.6952293018295496,2.0873345391334226,0.9319,ok,100.49
1.95,0.85,75.0,74,0.010051356210858871,-536.1550556187924,-536.7333233509071,-536.7557759274614,1.829348898796257,"A""",1.021386588661166,2.239785270297248,0.9335,ok,96.52
1.95,0.8,125.0,74,0.009766966181012743,-536.1302559083823,-536.7045803939677,-536.7262839378685,1.6585003259708346,"A""",0.6325372539517917,2.0795903982984902,0.9314,ok,101.78
1.95,0.8,130.0,74,0.010257299698869154,-536.1235963378989,-536.6983791588074,-536.720218576369,1.5546926343433267,"A""",0.5606613094508588,2.0751293016018,0.9308,ok,103.68
1.95,0.8,135.0,74,0.010987570287784932,-536.1161382217024,-536.6914175912689,-536.7134172711534,1.4363782124800963,"A""",0.4800261256900913,2.0750500902034488,0.9301,ok,104.63
1.95,0.85,80.0,74,0.009859712260151221,-536.1607794208594,-536.738182436775,-536.7604232079154,1.8795669352466522,"A""",0.9946859090229929,2.214910482926922,0.9334,ok,100.89
1.95,0.85,85.0,74,0.009690827513422583,-536.1649651943352,-536.7416220228724,-536.7636846714723,1.9153232545078245,"A""",0.9676132774712469,2.193545351844277,0.9333,ok,104.24
1.95,0.85,95.0,74,0.009430308603548373,-536.1689803433001,-536.7445981673579,-536.7664169232434,1.9419032081585235,"A""",0.9119433763723452,2.1574749420560795,0.9331,ok,102.62
1.95,0.85,90.0,74,0.009546422389734875,-536.1676770248497,-536.7437335217003,-536.7656549511681,1.936244036503438,"A""",0.9402578552252675,2.1746300187030903,0.9332,ok,106.39
1.95,0.9,95.0,74,0.009582533391056022,-536.1792769602904,-536.7568804164127,-536.7789888938408,1.9326344158378932,"A""",0.9204805242148414,2.161338660341279,0.933,ok,64.86
1.95,0.85,105.0,74,0.009308693907334858,-536.1676220708993,-536.7428551190452,-536.7645844603486,1.9059036096253295,"A""",0.8476926294233991,2.1271752862180517,0.9328,ok,94.32
1.95,0.85,110.0,74,0.009323995821011058,-536.16509011256,-536.7403592119034,-536.7620997213326,1.8637401751598122,"A""",0.8088738172518626,2.113974468658617,0.9325,ok,94.41
1.95,0.85,115.0,74,0.009412189450525172,-536.1614118652622,-536.7368491049311,-536.7586358323058,1.8053966919612257,"A""",0.7635420811896234,2.102341940356972,0.9322,ok,92.95
1.95,0.85,120.0,74,0.009599103378027524,-536.1566592725414,-536.7323786063797,-536.7542447398151,1.7310575155843957,"A""",0.7102435427502233,2.092687068831649,0.9318,ok,93.84
1.95,0.9,75.0,74,0.010249455380357228,-536.1655254780022,-536.745779461144,-536.7685428612352,1.829052290881144,"A""",1.0211709070594486,2.2482658593233373,0.9336,ok,91.71
1.95,0.85,125.0,74,0.009920693711852755,-536.1509113859443,-536.7270063783052,-536.7489831055879,1.6410938940351856,"A""",0.6478426769090055,2.085600789793668,0.9312,ok,96.39
1.95,0.85,135.0,74,0.011179742570455835,-536.1367990435716,-536.7138216448426,-536.7361028766846,1.4165081954474266,"A""",0.49459135028919876,2.0826311074911077,0.9298,ok,94.7
1.95,0.9,80.0,74,0.010033823439324924,-536.1711634584408,-536.7505700749448,-536.7731152463197,1.8768550978261394,"A""",0.9967701204249446,2.2211591714721797,0.9334,ok,92.71
1.95,0.85,130.0,74,0.010425927956650548,-536.144257143421,-536.7207969594785,-536.7429131136955,1.5360333410264615,"A""",0.5758232502480525,2.08189062586229,0.9306,ok,97.92
1.95,0.95,75.0,74,0.01047607965478084,-536.1686138171958,-536.750944778537,-536.7740404996848,1.8268265936339179,"A""",1.0186047763772743,2.256258206069675,0.9337,ok,64.54
1.95,0.9,100.0,74,0.009501948027080882,-536.179237901132,-536.7565562222504,-536.7785988040248,1.9208233287935859,"A""",0.8920231664651708,2.1455120471068887,0.9329,ok,93.74
1.95,0.9,90.0,74,0.009700585456278197,-536.177983918661,-536.756037250161,-536.7782519558768,1.9289731870041837,"A""",0.9467197060511662,2.1788260626904927,0.9332,ok,105.63
1.95,0.9,105.0,74,0.009466652162028138,-536.1779277360628,-536.755120895982,-536.777137044335,1.8931866505301727,"A""",0.8599215926864641,2.1311488893998782,0.9326,ok,102.91
1.95,0.9,110.0,74,0.009488757876850403,-536.1754087556739,-536.7526244248572,-536.7746520003707,1.8494983659414193,"A""",0.8226162925523978,2.118280938554594,0.9324,ok,105.12
1.95,0.9,115.0,74,0.009586484198770959,-536.1717461864444,-536.7491158605243,-536.77119082375,1.7897097182683914,"A""",0.77850107566205,2.107125711691751,0.932,ok,107.47
1.95,0.9,120.0,74,0.009786308051717981,-536.1670102280871,-536.7446472679242,-536.7668036521909,1.7139754802638425,"A""",0.72605899734416,2.098071349112413,0.9316,ok,106.09
1.95,0.9,135.0,74,0.011443449796871966,-536.1471872902089,-536.726080332971,-536.7486641019613,1.3954301858950293,"A""",0.5102984364394387,2.090333258645221,0.9296,ok,96.92
1.95,0.9,130.0,74,0.010655153683906819,-536.1546371338891,-536.7330636871935,-536.7554769895911,1.5162557755739072,"A""",0.5920459470547851,2.0887598318732703,0.9304,ok,105.17
1.95,0.95,80.0,74,0.010226889955501708,-536.1741332634313,-536.7556410596869,-536.7785099954699,1.8726355688474245,"A""",0.997029861151294,2.2268285542179145,0.9334,ok,90.5
1.95,0.9,125.0,74,0.010125490784888148,-536.161278204188,-536.7392756493817,-536.7615455358465,1.6226497491781156,"A""",0.6640943355843979,2.0916881037551454,0.931,ok,109.94
1.95,0.95,130.0,74,0.010950471116451548,-536.157616807013,-536.7380294733172,-536.7607586524479,1.4955649293829447,"A""",0.6091445256177122,2.095654106660402,0.9301,ok,64.94
1.95,0.95,85.0,74,0.010027538131070803,-536.1781999182457,-536.7589670244071,-536.7816441537645,1.9039549699346952,"A""",0.974867592745047,2.2028440253751316,0.9333,ok,105.89
1.95,0.95,95.0,74,0.009751931497155097,-536.1821297843245,-536.7618241174538,-536.784239109564,1.9224720564609725,"A""",0.9284446973640827,2.1648120125555654,0.9329,ok,105.28
1.95,0.95,90.0,74,0.009869823390625266,-536.1808498594384,-536.7610037970151,-536.7835288990344,1.9206741250167378,"A""",0.9522525231503096,2.1825436649221746,0.9331,ok,105.92
1.95,0.95,100.0,74,0.00967643626773191,-536.1820924618779,-536.7614898933937,-536.783836867597,1.9089446933696317,"A""",0.9022292089699562,2.149020519731176,0.9327,ok,102.53
1.95,0.95,105.0,74,0.009650089577378444,-536.1807939709596,-536.7600532152333,-536.7823730906536,1.8797140380243196,"A""",0.8721399400739714,2.1348976055008673,0.9325,ok,104.14
1.95,0.95,110.0,74,0.009684894996267686,-536.1782932519793,-536.757560836795,-536.779892639657,1.8345166441687293,"A""",0.8365754326887198,2.1224325477048276,0.9322,ok,104.16
1.95,1.0,115.0,74,0.010052434998607782,-536.1722223978268,-536.753737838513,-536.7764404716586,1.7562042431847615,"A""",0.8094682190207906,2.1163201372313734,0.9316,ok,66.48
1.95,0.95,115.0,74,0.009799020562920013,-536.174653129884,-536.7540594902257,-536.7764401406121,1.7732695047582754,"A""",0.7938785656041754,2.111814874728295,0.9318,ok,106.18
1.95,0.95,120.0,74,0.010019661199883824,-536.1699418367506,-536.7495994240244,-536.7720638545757,1.6961029122604683,"A""",0.7424705460093393,2.103411690160458,0.9314,ok,107.27
1.95,1.0,75.0,74,0.010737055538231462,-536.1664014596918,-536.7508605304708,-536.77430800106,1.822787998033362,"A""",1.013611861375856,2.2637212887691045,0.9337,ok,96.05
1.95,0.95,135.0,74,0.011785781539375479,-536.1501857318052,-536.731046563343,-536.7539522845141,1.373366779997124,"A""",0.5269830204492197,2.098071884422726,0.9293,ok,97.15
1.95,1.0,80.0,74,0.010441296329434205,-536.1717704947343,-536.7554397886668,-536.7786497073399,1.8670550027793982,"A""",0.9953625784949338,2.2318635128183355,0.9334,ok,96.45
1.95,1.0,85.0,74,0.010219484529273121,-536.1757519326216,-536.7586907690359,-536.7816999497071,1.8965901654577886,"A""",0.9763558023405012,2.206607560915171,0.9332,ok,94.29
1.95,0.95,125.0,74,0.010385719291468464,-536.164234769781,-536.7442358814213,-536.7668171379753,1.6033597571171836,"A""",0.681095025261055,2.097772072731235,0.9308,ok,111.4
1.95,1.0,90.0,74,0.010054349900148571,-536.178359216388,-536.7606832197766,-536.7835339112544,1.9114992195374763,"A""",0.9567220601133287,2.1857257562757155,0.933,ok,96.35
1.95,1.0,95.0,74,0.009938787152393491,-536.1796243676525,-536.7614813179874,-536.7842178663215,1.9115617369724307,"A""",0.9356862236923285,2.167834488666262,0.9328,ok,95.55
1.95,1.0,105.0,74,0.009860402133397691,-536.178308319171,-536.759706996298,-536.7823460932176,1.8656177398964748,"A""",0.8841679660169183,2.1383470790853085,0.9323,ok,95.51
1.95,1.0,110.0,74,0.009914302643436786,-536.1758321652817,-536.7572247446609,-536.7798766403605,1.8189234741394196,"A""",0.8505574958552006,2.126346638241941,0.932,ok,94.57
1.95,1.0,100.0,74,0.009872394074643272,-536.1795907274809,-536.7611402530744,-536.7838068108441,1.8963991478794755,"A""",0.911999380309476,2.152158428219195,0.9326,ok,97.18
1.95,1.0,120.0,74,0.010302940503068556,-536.1675450843144,-536.7492946985692,-536.772083950234,1.677571487807372,"A""",0.7592627081064713,2.1086147979897905,0.9311,ok,97.53
1.95,1.05,105.0,74,0.01009951654749542,-536.1720093059774,-536.7555993719586,-536.7785730419837,1.8509826674468537,"A""",0.8958871299733773,2.1414110010808174,0.9321,ok,65.99
1.95,1.0,125.0,74,0.010706066482881494,-536.1618735027452,-536.7439487094884,-536.7668586820947,1.5833635137163566,"A""",0.6986236593287666,2.103758262824202,0.9305,ok,106.38
1.95,1.0,130.0,74,0.011317627350330269,-536.1552901722605,-536.7377581905997,-536.7608212699763,1.474112741813009,"A""",0.6268984793100991,2.1024815329449944,0.9298,ok,103.8
1.95,1.05,85.0,74,0.010429541636723346,-536.1694895373802,-536.7546414812217,-536.77799766659,1.8882869359371204,"A""",0.976380194576867,2.209694491320118,0.9331,ok,96.83
1.95,1.05,95.0,74,0.0101444001435962,-536.1732980222216,-536.7573668145645,-536.780439443328,1.900012645764137,"A""",0.9421467620632066,2.1703358765659555,0.9327,ok,96.97
1.95,1.0,135.0,74,0.01221348405079712,-536.147890134212,-536.7307866933052,-536.754033247612,1.350486856860605,"A""",0.5444304113716238,2.105760239872933,0.929,ok,106.99
1.95,1.1,80.0,74,0.010952690898275915,-536.1567801908355,-536.744862645196,-536.7688032915574,1.8523097979162035,"A""",0.9864908162801233,2.2397234217476942,0.9333,ok,65.92
1.95,1.05,75.0,74,0.011040918460101065,-536.1604191925238,-536.7470288745459,-536.7708465869592,1.8170450621043426,"A""",1.006262822232752,2.2705940188663054,0.9338,ok,104.92
1.95,1.05,80.0,74,0.010681194983114291,-536.1656080279896,-536.7514729258398,-536.7750400585527,1.8602435644906536,"A""",0.9918015366066658,2.236194408568513,0.9334,ok,106.06
1.95,1.05,90.0,74,0.01025554062692545,-536.1720482874316,-536.7565884920972,-536.779779247559,1.9015698493593076,"A""",0.9601001802810082,2.188305829168645,0.9329,ok,106.53
1.95,1.05,100.0,74,0.010091395279722604,-536.1732706958944,-536.7570233693489,-536.780024377728,1.8832829166446168,"A""",0.9212451879974477,2.1548482348823144,0.9324,ok,106.95
1.95,1.05,110.0,74,0.010179448655568767,-536.1695645157217,-536.7531343519462,-536.7761222519498,1.8027945991674055,"A""",0.8644156801348352,2.1299284510545733,0.9318,ok,103.96
1.95,1.05,120.0,74,0.01063949518061054,-536.1613601471378,-536.7452538610955,-536.768385144883,1.6584496216580202,"A""",0.7762307849717389,2.113577679424872,0.9309,ok,107.06
1.95,1.05,130.0,74,0.011761819098853545,-536.1491990172682,-536.7337739175754,-536.7571898069547,1.451979608744483,"A""",0.6450563034074792,2.109149621934553,0.9295,ok,107.19
1.95,1.05,115.0,74,0.010349739263237656,-536.1659935476571,-536.7496703153479,-536.772711456016,1.7385838923191979,"A""",0.8250945286732488,2.120540756689981,0.9314,ok,108.19
1.95,1.1,75.0,74,0.011398167923897777,-536.1517980423072,-536.7405664232078,-536.7647729987877,1.8096910491600904,"A""",0.9967541953957454,2.2767793276740416,0.9337,ok,104.98
1.95,1.05,135.0,74,0.012732705347616696,-536.1418433559957,-536.7268268304178,-536.7504342416887,1.3268849670030514,"A""",0.5623808657623277,2.11331791598137,0.9286,ok,107.1
1.95,1.15,85.0,74,0.010919869030094944,-536.1497733582607,-536.7394433325683,-536.763539880123,1.869257532273379,"A""",0.9725018658771335,2.213417893944982,0.9328,ok,66.81
1.95,1.1,95.0,74,0.010371127171532482,-536.1642899858704,-536.7506110897948,-536.7740349297361,1.8878990415376256,"A""",0.9478398316599814,2.172224475057919,0.9325,ok,95.81
1.95,1.1,100.0,74,0.010335911102838453,-536.164271999595,-536.7502707571014,-536.7736219118201,1.8696534016743895,"A""",0.9299377112207963,2.1569891135343076,0.9322,ok,95.79
1.95,1.1,105.0,74,0.010370316025319107,-536.1630367156025,-536.748862644154,-536.7721872885746,1.8358500114014424,"A""",0.9072239753163648,2.1439772863949638,0.9319,ok,94.7
1.95,1.1,85.0,74,0.010661357569130236,-536.1605495366714,-536.7479453691128,-536.7716636926882,1.8791490084044964,"A""",0.9750398665855949,2.212014862649588,0.933,ok,107.12
1.95,1.1,110.0,74,0.01048331292203095,-536.1606301408121,-536.7464227416287,-536.7697638307151,1.78615701134381,"A""",0.8780350954833896,2.1330567002169283,0.9315,ok,95.85
1.95,1.1,90.0,74,0.010476010844688289,-536.1630554533346,-536.7498484757991,-536.7733941521275,1.8909766357148776,"A""",0.9624431052853311,2.190196515064413,0.9327,ok,106.04
1.95,1.1,120.0,74,0.011033554732246034,-536.1525269821112,-536.7386118162323,-536.7621041156317,1.6387460376660181,"A""",0.7931651240841845,2.118173771681225,0.9306,ok,96.07
1.95,1.1,125.0,74,0.011543984727600421,-536.1469603280867,-536.7333350805495,-536.7569585019834,1.541473118126287,"A""",0.7343134190625306,2.1150173575797186,0.9299,ok,96.75
1.95,1.1,130.0,74,0.012287523705610842,-536.1404838062555,-536.7272140757015,-536.7510040625695,1.429177616962011,"A""",0.6633133266144788,2.1155503591178952,0.9291,ok,96.71
1.95,1.15,75.0,74,0.011821367340922439,-536.1413723588104,-536.7323035194476,-536.7569184801919,1.8008071565141102,"A""",0.9853740205557411,2.2820962627772214,0.9336,ok,95.94
1.95,1.1,135.0,74,0.013348533819689753,-536.133186403497,-536.7203061156799,-536.7442971695585,1.3025852654759564,"A""",0.5804952496385826,2.120655847920285,0.9282,ok,97.46
1.95,1.1,115.0,74,0.010694704431140798,-536.1571064553892,-536.7429908521754,-536.7663885394451,1.7204240172138756,"A""",0.8405956447859311,2.124350179874901,0.9311,ok,107.12
1.95,1.15,115.0,74,0.011091196300906492,-536.1464045487877,-536.7345468236338,-536.7583215578754,1.701692625932545,"A""",0.8557849658461196,2.127553237847052,0.9308,ok,66.04
1.95,1.15,80.0,74,0.011263449888354888,-536.1461255555482,-536.7364456158201,-536.7607769044977,1.8433444307835813,"A""",0.9796565332835051,2.2422832799359385,0.9331,ok,95.98
1.95,1.15,100.0,74,0.010609259463940245,-536.1534386623317,-536.7417281299547,-536.7654467942185,1.8555341896824387,"A""",0.9380766546715522,2.158418166724745,0.932,ok,94.74
1.95,1.15,95.0,74,0.010622277579577918,-536.1534440722904,-536.7420590332349,-536.7658506349256,1.8752652899403175,"A""",0.9528203199535213,2.173349449879423,0.9322,ok,104.83
1.95,1.15,105.0,74,0.010676100949797413,-536.1522344863074,-536.7403431366727,-536.7640370726617,1.820222867982375,"A""",0.918124874338532,2.145869568780945,0.9316,ok,95.62
1.95,1.15,90.0,74,0.010719468147400196,-536.1522237750531,-536.7413066231755,-536.7652232491706,1.8797837044333814,"A""",0.963861131568248,2.1912524636643114,0.9325,ok,108.88
1.95,1.2,105.0,74,0.011021230099639569,-536.1402267639519,-536.7306723391986,-536.754756498072,1.8040659633743488,"A""",0.9285140678049888,2.146756756648337,0.9313,ok,65.31
1.95,1.15,120.0,74,0.011489149745294629,-536.1418887526262,-536.7302166182933,-536.75409169245,1.618416960506045,"A""",0.8098050119971917,2.1222101033959637,0.9302,ok,105.17
1.95,1.15,110.0,74,0.010830199815645095,-536.1498727495152,-536.7379367303517,-536.7616503724521,1.7689946469941549,"A""",0.8912956045061038,2.1355428625045176,0.9312,ok,106.14
1.95,1.15,125.0,74,0.012070359350482505,-536.1363915357653,-536.7249936277225,-536.7490069940002,1.5195375926639418,"A""",0.7518773630370532,2.1199884899699537,0.9295,ok,106.61
1.95,1.15,130.0,74,0.01289951312778985,-536.1299874846422,-536.7189287698126,-536.743117726373,1.4056600090369016,"A""",0.6812583168094926,2.121524588084791,0.9287,ok,107.21
1.95,1.15,135.0,74,0.014065821059316318,-536.1227623898476,-536.7120761498587,-536.7364777365348,1.277551587998933,"A""",0.5983004559516003,2.127644002996833,0.9277,ok,109.17
1.95,1.2,75.0,74,0.012324774255966503,-536.1297562507326,-536.7228561052893,-536.7479005156247,1.7904627871161236,"A""",0.9724778300543266,2.2861794965364948,0.9335,ok,106.82
1.95,1.25,110.0,74,0.011669615370497925,-536.1252210525224,-536.7180079726136,-536.7425371327244,1.7328082510951353,"A""",0.9160016259949167,2.1368366386886284,0.9304,ok,66.65
1.95,1.2,90.0,74,0.0109908648844506,-536.1401768813317,-536.7315922602553,-536.7558976746168,1.8680282244290696,"A""",0.9644990249182057,2.1911878889929017,0.9323,ok,105.57
1.95,1.2,110.0,74,0.011224176343937521,-536.1379160798749,-536.728308153296,-536.7524166173374,1.751248479532109,"A""",0.9040375808728593,2.1370410490550613,0.9309,ok,94.56
1.95,1.2,80.0,74,0.011622815005711397,-536.134263054098,-536.726844553398,-536.7515850539332,1.833419974209593,"A""",0.9715860404127058,2.2435455972820586,0.933,ok,107.55
1.95,1.2,85.0,74,0.01121146312994714,-536.1377829958521,-536.7297623224824,-536.754254751882,1.8586707416447035,"A""",0.9689815711198528,2.2136066116825237,0.9326,ok,107.47
1.95,1.2,115.0,74,0.011543148378683414,-536.1345110817116,-536.7249704185286,-536.7491459309722,1.6823101542327008,"A""",0.8704043815449186,2.1297988034082818,0.9304,ok,96.51
1.95,1.2,120.0,74,0.012010519039705288,-536.1300682248728,-536.7207009359548,-536.7449841591364,1.5973673876078682,"A""",0.8257795093561824,2.1253452413716647,0.9298,ok,95.7
1.95,1.2,95.0,74,0.010902235252322137,-536.1413845782915,-536.732341187189,-536.7565191747547,1.862125294852829,"A""",0.9571630583035448,2.1734178983105235,0.932,ok,106.18
1.95,1.2,100.0,74,0.010915664174707369,-536.1413950672459,-536.7320266473852,-536.7561325242407,1.8409147039331264,"A""",0.9456655032460163,2.158824981387382,0.9317,ok,106.69
1.95,1.2,130.0,74,0.013601682059996447,-536.1183320846919,-536.709552308048,-536.7341697232159,1.3813251125709547,"A""",0.698289179703954,2.1267925700496395,0.9282,ok,97.38
1.95,1.2,125.0,74,0.012673896868876591,-536.124651272953,-536.715545409919,-536.7399759825188,1.496822477147405,"A""",0.7686526424033954,2.124143163129325,0.929,ok,105.23
1.95,1.25,80.0,74,0.012041629165371031,-536.1216492352535,-536.7165227282421,-536.7416930961011,1.8225838236287248,"A""",0.962610655419058,2.2427730232258636,0.9327,ok,96.64
1.95,1.25,75.0,74,0.01292362130020499,-536.1174010922632,-536.7126805005123,-536.7381776441989,1.7787086374823449,"A""",0.9584649720120554,2.288213421262824,0.9333,ok,98.41
1.95,1.25,85.0,74,0.01154399379452937,-536.1250381233705,-536.719369656921,-536.7442778431296,1.8474167916471211,"A""",0.9647266269497341,2.211906262816234,0.9323,ok,97.19
1.95,1.25,95.0,74,0.011216483419662922,-536.1285733238678,-536.7219278824233,-536.7465136101168,1.848455365362519,"A""",0.9609382276098737,2.171775271729352,0.9316,ok,96.78
1.95,1.25,90.0,74,0.01129645322976163,-536.1273760212806,-536.7211747836332,-536.7458892857871,1.8557138128460855,"A""",0.9645170514097886,2.189353234324846,0.932,ok,98.64
1.95,1.2,135.0,74,0.014888410730180898,-536.1111932151429,-536.7027726166395,-536.7276169381353,1.2516945340137073,"A""",0.6151012061448443,2.1340509738409175,0.9272,ok,109.44
1.95,1.25,115.0,74,0.012055305434983645,-536.1218863514039,-536.7147327738974,-536.7393367750129,1.662141528833507,"A""",0.8840449242897911,2.1303815214990225,0.9299,ok,96.93
2.0,0.8,75.0,74,0.010591367982516213,-536.1276925521815,-536.7062580462629,-536.7292581775434,1.6104371634217054,"A""",0.9741497218826033,2.0149020301969705,0.9297,ok,59.15
1.95,1.25,105.0,74,0.011410558483710333,-536.1274750020408,-536.7203211237869,-536.7448197261206,1.7872973185088652,"A""",0.9382572469725481,2.145937491413697,0.9309,ok,105.87
1.95,1.25,120.0,74,0.012601775236514443,-536.1175250493006,-536.7105362016231,-536.7352573671333,1.575444313788304,"A""",0.8405131156750035,2.126907423464877,0.9292,ok,96.07
1.95,1.25,130.0,74,0.014397281184585166,-536.1059761187377,-536.6995574473028,-536.7246384597075,1.3560155162353202,"A""",0.7134932877149781,2.130818768015954,0.9275,ok,97.24
2.0,0.8,110.0,74,0.009737481583946283,-536.1351257954228,-536.7111616751185,-536.7335405622546,1.6461590078024455,"A""",0.7458547907255664,1.9016486974362978,0.9285,ok,62.49
1.95,1.25,125.0,74,0.013358300841767963,-536.1121985780213,-536.7054623478629,-536.7303423484303,1.473166151966239,"A""",0.7838889025939716,2.126868286416791,0.9284,ok,107.9
2.0,0.8,80.0,74,0.010379734525118913,-536.1327975222617,-536.7105323304531,-536.7333231514472,1.6598555923812197,"A""",0.94356294942544,1.9930952133610702,0.9296,ok,99.64
1.95,1.25,135.0,74,0.0158190392561384,-536.0989369968706,-536.6928694898421,-536.718195282198,1.2248746545961098,"A""",0.6298543303034377,2.139430525200746,0.9264,ok,109.6
2.0,0.8,85.0,74,0.010188986120048532,-536.1364553403859,-536.7134977045172,-536.7361169392849,1.695035976803282,"A""",0.9134942751162002,1.9739994232107234,0.9295,ok,102.27
2.0,0.8,90.0,74,0.010022704356708543,-536.1387265215609,-536.7152344929987,-536.7377223386115,1.7156358633909496,"A""",0.8837727348605582,1.9568710934280857,0.9294,ok,104.43
2.0,0.8,100.0,74,0.009785192804807857,-536.1393477282742,-536.7152945162047,-536.7376446696841,1.7117495879466507,"A""",0.8215235528992919,1.9268079412005956,0.9291,ok,96.22
2.0,0.8,95.0,74,0.00988580783058335,-536.1396711208876,-536.7158134173653,-536.738211429201,1.721308620560479,"A""",0.8535405707311354,1.941224661268836,0.9292,ok,102.85
2.0,0.8,105.0,74,0.0097309652054755,-536.1378135562092,-536.7137286481858,-536.7360726941628,1.6867371674864033,"A""",0.7862022827366696,1.9135736838679547,0.9288,ok,93.96
2.0,0.8,120.0,74,0.010030112729930226,-536.1265307058387,-536.7032066133345,-536.7257756952778,1.5185952929614877,"A""",0.6434278860817493,1.8830702330970879,0.9275,ok,90.88
2.0,0.85,75.0,74,0.010797295950330538,-536.1484934497901,-536.7288851294632,-536.7521690070209,1.610811229455343,"A""",0.9804587192350228,2.025338872774912,0.93,ok,88.24
2.0,0.85,135.0,74,0.012018667991194495,-536.127418797155,-536.7075168837374,-536.7309497281734,1.1989720450339303,"A""",0.434456761849471,1.8866422838193815,0.9247,ok,64.68
2.0,0.8,135.0,74,0.011846461528165726,-536.106650382251,-536.6849977026931,-536.7081467638568,1.2157205444465853,"A""",0.42046601945933737,1.8783136748859377,0.9249,ok,95.87
2.0,0.8,115.0,74,0.009826866299588292,-536.1313436909409,-536.7076384704416,-536.7300925823627,1.5900520414124744,"A""",0.6987907778881686,1.8913282410127386,0.928,ok,98.14
2.0,0.85,90.0,74,0.010183393406067937,-536.1594293068076,-536.7377812634551,-536.7605438927452,1.7095774767443384,"A""",0.8932643505320013,1.962755509462097,0.9295,ok,91.65
2.0,0.8,125.0,74,0.010390767674998016,-536.1207566155593,-536.6979176539527,-536.7206410601733,1.4321041811720534,"A""",0.578639745079143,1.8775209337391658,0.9268,ok,99.6
2.0,0.8,130.0,74,0.010969093245812052,-536.1140998206611,-536.6918277036821,-536.7147445314744,1.3309930817857452,"A""",0.5040859795061444,1.8755524719455732,0.926,ok,102.41
2.0,0.85,80.0,74,0.010564524571713984,-536.1535467352065,-536.7331264311315,-536.7561984488297,1.6579366442902204,"A""",0.9508899927250529,2.0012795689377185,0.9298,ok,101.49
2.0,0.85,110.0,74,0.00988223792179314,-536.1558440807976,-536.7336835509855,-536.7563327393854,1.6342254755276375,"A""",0.759656423286493,1.907196749821013,0.9284,ok,89.01
2.0,0.85,100.0,74,0.009934605479129398,-536.1600477899,-536.7378199480873,-536.7604409071532,1.7023987452625968,"A""",0.8333407775206789,1.9320599178934894,0.9291,ok,90.54
2.0,0.85,105.0,74,0.009877264795766193,-536.158521120728,-536.7362508930537,-536.7588650345315,1.6760224761537694,"A""",0.7990768036077905,1.9188825802089233,0.9288,ok,90.83
2.0,0.85,85.0,74,0.010359471343356179,-536.1571738746597,-536.7360647916795,-536.7589619243081,1.6909487244741292,"A""",0.9218638440582277,1.9807498261574157,0.9296,ok,103.2
2.0,0.85,120.0,74,0.01017545832233343,-536.1472740408195,-536.7257312782071,-536.7485732176343,1.5045194667213522,"A""",0.6583216915632664,1.8895046675632658,0.9274,ok,91.17
2.0,0.85,115.0,74,0.00997113015105027,-536.1520743607375,-536.7301615906022,-536.75288691095,1.577006350295121,"A""",0.7132831603939142,1.897261089033463,0.928,ok,92.75
2.0,0.85,95.0,74,0.010039784938757882,-536.160368791185,-536.7383465743235,-536.7610169413091,1.7134993224532948,"A""",0.8642017860732877,1.9466452259481053,0.9293,ok,98.71
2.0,0.9,90.0,74,0.010360473591535954,-536.1698116496716,-536.750147448042,-536.7732054549127,1.7024027291856345,"A""",0.9020797555747689,1.9682468431942748,0.9295,ok,63.04
2.0,0.85,130.0,74,0.011125954715680897,-536.1348636579711,-536.7143517679108,-536.7375474480752,1.3150607274019208,"A""",0.5187427686701005,1.8832204637922723,0.9258,ok,98.2
2.0,0.85,125.0,74,0.01053973185842113,-536.1415115128292,-536.7204430539107,-536.7434417978836,1.4170665226278383,"A""",0.593596780975811,1.8845447501678665,0.9267,ok,102.31
2.0,0.9,75.0,74,0.011029237575716342,-536.1590265477437,-536.7413750181846,-536.7649674758034,1.6093298266751714,"A""",0.9847252972905159,2.0354243329123176,0.9302,ok,98.92
2.0,0.9,80.0,74,0.010768325947985768,-536.1639995206418,-536.745560074456,-536.7689362073796,1.6544961828996927,"A""",0.9567051983142251,2.0090095954878153,0.9299,ok,90.71
2.0,0.9,85.0,74,0.010546290236380873,-536.1675798885611,-536.7484579484179,-536.7716544865197,1.685574965291881,"A""",0.9291733935209266,1.9870511216648157,0.9297,ok,95.65
2.0,0.95,85.0,74,0.010748554751698104,-536.1705420384388,-536.7535115422162,-536.7770263569289,1.6790853812527755,"A""",0.9351755360500276,1.9928544227896428,0.9298,ok,64.22
2.0,0.9,95.0,74,0.010212027382772307,-536.170743383571,-536.7506970262534,-536.7736598314716,1.7046978616354769,"A""",0.8745122620479803,1.9517481404767574,0.9293,ok,101.69
2.0,0.9,100.0,74,0.010105469334688602,-536.1704255464455,-536.7501633860768,-536.7730750099088,1.692143683858926,"A""",0.8450831650130842,1.9370728969670845,0.929,ok,102.03
2.0,0.9,105.0,74,0.010049435632246017,-536.1689093923542,-536.7485934780346,-536.7714975753777,1.6644613834471482,"A""",0.8121314453584645,1.924028127496932,0.9287,ok,105.66
2.0,0.9,110.0,74,0.010057962352232754,-536.1662476496505,-536.7460292990224,-536.7689686648703,1.6214731418117363,"A""",0.7738403845712287,1.9126468411710118,0.9284,ok,104.73
2.0,0.9,120.0,74,0.010365437272140631,-536.1577152144744,-536.7380888832073,-536.761223891802,1.4896127265558219,"A""",0.6739580371540425,1.8959404567581082,0.9273,ok,103.72
2.0,0.9,115.0,74,0.010152655121413817,-536.1624960933367,-536.7425127626698,-536.7655292992771,1.5631455986165281,"A""",0.7283489851258818,1.9031514553639757,0.9279,ok,105.98
2.0,0.9,125.0,74,0.010741919441531807,-536.1519718700216,-536.7328068490704,-536.7561014268877,1.4011672559233694,"A""",0.6094419867583036,1.8915999595025816,0.9265,ok,104.27
2.0,1.0,90.0,74,0.010759595400328366,-536.1703081671637,-536.7548973388764,-536.7785983075063,1.685394919670671,"A""",0.9168141430990511,1.977836370494268,0.9295,ok,65.01
2.0,0.95,80.0,74,0.010991653171535104,-536.1670242310248,-536.7506658651419,-536.774366399763,1.6496870685101115,"A""",0.9607455783943731,2.016240307777374,0.9301,ok,95.83
2.0,0.9,135.0,74,0.012265175357404194,-536.1379097948599,-536.7198863918832,-536.7436244501861,1.1812784757953063,"A""",0.44954811090275326,1.895009778502278,0.9245,ok,97.63
2.0,0.95,90.0,74,0.010552619008403393,-536.172742908448,-536.7551691963298,-536.7785406200703,1.6942882036220905,"A""",0.9099839169662625,1.9732949974478877,0.9295,ok,95.45
2.0,0.95,100.0,74,0.010297030015035456,-536.1733520022608,-536.7551638584547,-536.7783836947419,1.6811608187994402,"A""",0.8565336974161326,1.9417910277594057,0.929,ok,95.08
2.0,0.9,130.0,74,0.01134592252991895,-536.1453412654007,-536.726720108861,-536.7502155335924,1.2982270782424579,"A""",0.5344076658789663,1.8909336687929361,0.9256,ok,108.54
2.0,0.95,95.0,74,0.010401327559062874,-536.1736650663238,-536.7557024908651,-536.7789753848826,1.6950814908050125,"A""",0.8842457952980493,1.9564810055847368,0.9293,ok,104.59
2.0,1.0,75.0,74,0.01158796358646704,-536.159979613884,-536.7464807818641,-536.7707555064663,1.6012651209730246,"A""",0.986149392707027,2.05440598284138,0.9306,ok,91.88
2.0,0.95,125.0,74,0.011001062356933827,-536.1550149966725,-536.7378553507828,-536.7614643553775,1.3846059971276428,"A""",0.6259973291386554,1.8986056841087713,0.9264,ok,96.73
2.0,0.95,105.0,74,0.010247178877419775,-536.1718502730878,-536.7535966672353,-536.7768083293081,1.652229039362998,"A""",0.8251396803493724,1.9289477004858466,0.9287,ok,104.71
2.0,0.95,120.0,74,0.010602574844780012,-536.1607298648343,-536.7431238566313,-536.7665701707443,1.4740645641252947,"A""",0.6901447961720052,1.9022995825728408,0.9271,ok,99.64
2.0,1.0,80.0,74,0.011236747771421795,-536.164704162459,-536.7504899649158,-536.7745331393953,1.6436648027710818,"A""",0.9628517282096075,2.0229070712960597,0.9302,ok,95.15
2.0,0.95,110.0,74,0.010265284279426369,-536.1692094431604,-536.7510402679472,-536.7742875620476,1.6080792859537691,"A""",0.7881987297320587,1.9179312293871098,0.9283,ok,104.09
2.0,0.95,130.0,74,0.01163413652529988,-536.1484118186008,-536.7317811583148,-536.7555953922321,1.2807045322656008,"A""",0.5509212836196808,1.8986100318263754,0.9255,ok,100.95
2.0,0.95,115.0,74,0.0103729638110435,-536.1654830675583,-536.7475347867277,-536.7708605031961,1.5486521140710294,"A""",0.7437874480956795,1.9089261606369194,0.9278,ok,105.96
2.0,1.0,85.0,74,0.010966677211812253,-536.1681444671397,-536.7532742816683,-536.7771242188355,1.6716430244247429,"A""",0.939710277166486,1.9980947781265406,0.9298,ok,100.03
2.0,0.95,135.0,74,0.012592809712623238,-536.1410045999025,-536.7249570825476,-536.7490200596839,1.1628688259167574,"A""",0.4656061198712986,1.903334459801876,0.9243,ok,107.98
2.0,1.0,95.0,74,0.010607429637940237,-536.1712197566964,-536.7554153853494,-536.7790142479017,1.6848054594056339,"A""",0.8932339341455632,1.9607796215555409,0.9292,ok,95.52
2.0,1.0,120.0,74,0.010889930733953529,-536.1584081669206,-536.7428948293291,-536.7666695632989,1.4580225328322385,"A""",0.7066853433064542,1.9084991766529535,0.927,ok,67.37
2.0,1.0,100.0,74,0.010509337681312746,-536.1709138025607,-536.7548749735657,-536.7784189356086,1.6695989654032777,"A""",0.8675154487357609,1.9461464639396064,0.9289,ok,103.03
2.0,1.0,105.0,74,0.010471012583295532,-536.1694311262237,-536.7533151279305,-536.7768504564535,1.6394694268116459,"A""",0.8379210280277927,1.9335688601481142,0.9286,ok,106.89
2.0,1.0,110.0,74,0.010505475327660972,-536.166817623543,-536.7507722966731,-536.7743438967545,1.5941861939640751,"A""",0.8025397353320163,1.92297268971025,0.9281,ok,96.03
2.0,1.0,115.0,74,0.010634106634519112,-536.1631243776634,-536.7472847911549,-536.770936403739,1.5336690171200005,"A""",0.759401950702726,1.9145040846863746,0.9276,ok,95.89
2.0,1.05,95.0,74,0.010831347723281216,-536.1649451226738,-536.7513507233936,-536.7752908873823,1.6739915071210394,"A""",0.9013932143409755,1.964584060865692,0.9292,ok,64.92
2.0,1.0,125.0,74,0.011320962499103002,-536.1527322980343,-536.7376488694285,-536.7615898983078,1.3675383409524153,"A""",0.6430631748232359,1.9054792313553703,0.9262,ok,106.47
2.0,1.0,130.0,74,0.011995541112153903,-536.1461681048105,-536.7315970934316,-536.7557483308532,1.2626596675483415,"A""",0.5680913382268724,1.9061707922026516,0.9253,ok,107.85
2.0,1.05,75.0,74,0.011930162170144112,-536.1540159122364,-536.742644775174,-536.7672904914452,1.5949258846335312,"A""",0.983146764040679,2.0631938106273187,0.9308,ok,102.85
2.0,1.05,100.0,74,0.010743598404795437,-536.1646490637413,-536.7508127687788,-536.7746963946977,1.6575697945965893,"A""",0.8779243613054558,1.950075891728556,0.9288,ok,95.6
2.0,1.05,80.0,74,0.011508224225014865,-536.1585738495119,-536.7465406998798,-536.7709438740073,1.6365671192977407,"A""",0.9629933809263268,2.0289447112581214,0.9302,ok,103.58
2.0,1.0,135.0,74,0.01300776583183792,-536.1387975442465,-536.7247931871702,-536.7492000515159,1.1439241318041464,"A""",0.48245323440689186,1.9115439666881908,0.9241,ok,110.71
2.0,1.05,105.0,74,0.010722626792900647,-536.1631904057983,-536.7492657490931,-536.7731406396414,1.6262850637592912,"A""",0.8503459821695711,1.9378237997835728,0.9285,ok,97.33
2.0,1.05,85.0,74,0.011202877618693895,-536.1619230819,-536.7492575674466,-536.7734586399896,1.6633872253431097,"A""",0.9427306927341901,2.002710227195459,0.9298,ok,103.93
2.0,1.05,115.0,74,0.010938532232981484,-536.1569591899391,-536.7432815156365,-536.767275875087,1.5182895443319595,"A""",0.7750230002965772,1.9198087110167676,0.9275,ok,93.03
2.0,1.05,110.0,74,0.010780527790108676,-536.1606109761166,-536.7467431641998,-536.7706554094761,1.5798903504197914,"A""",0.8167164325232182,1.9276982638060296,0.928,ok,95.18
2.0,1.05,90.0,74,0.010982622429740692,-536.1640443942866,-536.7508454423095,-536.7748913748992,1.6758548398011535,"A""",0.9225066103852281,1.981811788391421,0.9295,ok,106.73
2.0,1.1,125.0,74,0.0121593447206318,-536.1379497069552,-536.7271695560385,-536.7518308873837,1.3322220990777933,"A""",0.6779130732783205,1.9185468384913738,0.9258,ok,67.51
2.0,1.05,130.0,74,0.012434893818496915,-536.1401510141843,-536.7276905604176,-536.7521977361681,1.2441996437687353,"A""",0.5857085279771603,1.9135519154856562,0.925,ok,95.19
2.0,1.1,85.0,74,0.011460867723969533,-536.1530157779749,-536.7425884870055,-536.7671569480158,1.6544335138464317,"A""",0.9442837472411577,2.006636412474679,0.9298,ok,94.88
2.0,1.1,80.0,74,0.011812644830024872,-536.1497693385152,-536.7399418371199,-536.7647225824807,1.62851365091162,"A""",0.9612501097393713,2.0342808741801885,0.9302,ok,95.45
2.0,1.05,135.0,74,0.013515478408405302,-536.132830397475,-536.7209189947782,-536.7456896706911,1.124563547874005,"A""",0.4998787609797155,1.919586053003992,0.9239,ok,99.18
2.0,1.1,95.0,74,0.011075172111244888,-536.1559807883425,-536.7446390865516,-536.768936458342,1.6627312328194592,"A""",0.9087075021735145,1.9678341324285202,0.929,ok,95.0
2.0,1.05,120.0,74,0.011230590636563656,-536.1522897465152,-536.738921681355,-536.7630422726421,1.4415802448021722,"A""",0.723390749806344,1.9144635914892951,0.9268,ok,107.64
2.0,1.05,125.0,74,0.011705912446092237,-536.1466639633165,-536.7337085714287,-536.757999736912,1.3500617572512406,"A""",0.660442207321318,1.9121495645999371,0.926,ok,108.33
2.0,1.1,75.0,74,0.01232926120486984,-536.1454034696596,-536.7361700787898,-536.7612067767291,1.5871909161618254,"A""",0.9777880588360435,2.0714233997970437,0.9309,ok,106.09
2.0,1.1,100.0,74,0.011001970111941485,-536.1556976133497,-536.7441086491002,-536.7683482455726,1.6451514045220936,"A""",0.8877117357316254,1.9535150369797356,0.9287,ok,104.36
2.0,1.1,120.0,74,0.011627937469841785,-536.1435142688848,-536.732338593994,-536.756824124741,1.4247826583614385,"A""",0.7400772388017207,1.9201170686938858,0.9266,ok,95.06
2.0,1.1,90.0,74,0.011224170403813214,-536.1550906388558,-536.7441427780883,-536.7685494820881,1.6657728052079046,"A""",0.9270768774380316,1.9851615510717602,0.9294,ok,108.06
2.0,1.15,85.0,74,0.011745968128022779,-536.1422650475711,-536.7341086378085,-536.759061757179,1.6448799682286641,"A""",0.9444831183861319,2.009787798650812,0.9297,ok,65.49
2.0,1.1,105.0,74,0.011004455993029865,-536.154267952405,-536.742580586407,-536.7668119058181,1.6127419724828254,"A""",0.8623331355433679,1.9416425063522609,0.9283,ok,105.65
2.0,1.1,110.0,74,0.011093055730990361,-536.151729277651,-536.7400855518994,-536.7643559622759,1.5652475713052603,"A""",0.8306154443763923,1.9320331983539412,0.9278,ok,105.67
2.0,1.15,75.0,74,0.012799602215868434,-536.1349793556547,-536.7278893540529,-536.7533381704224,1.5781554258286712,"A""",0.9702966337915621,2.078985014734968,0.9309,ok,96.52
2.0,1.1,130.0,74,0.012956374192815028,-536.1315004464283,-536.7211977167435,-536.7460819546845,1.2253734797254765,"A""",0.6035268972536212,1.9206960986447035,0.9248,ok,107.91
2.0,1.15,80.0,74,0.012158570082943167,-536.1391309169791,-536.7315313706886,-536.756708224223,1.6196093463421455,"A""",0.9577850544388036,2.0388156199450465,0.9302,ok,95.86
2.0,1.1,135.0,74,0.014120735652061608,-536.1242434329081,-536.7144721259283,-536.7396291044699,1.104848023414357,"A""",0.5176187555031305,1.9274193882119006,0.9236,ok,107.97
2.0,1.2,80.0,74,0.01255662495605274,-536.1272791449552,-536.7219331796973,-536.7475262936912,1.6099495722985593,"A""",0.9528287045026693,2.0423870818098497,0.9301,ok,65.81
2.0,1.15,90.0,74,0.011488024766322623,-536.1442906150257,-536.7356330659645,-536.7604175244264,1.6552327610026023,"A""",0.9305943320518262,1.987807685032026,0.9293,ok,104.4
2.0,1.15,105.0,74,0.011319765744085044,-536.1435078402745,-536.7341056762726,-536.7587121257535,1.5988765348836627,"A""",0.8738240268818677,1.9449356049671047,0.9281,ok,95.22
2.0,1.15,120.0,74,0.012086200206454754,-536.1329247948576,-536.723993013907,-536.7488652275388,1.4076338386797496,"A""",0.7565317294822141,1.9253664082107267,0.9263,ok,98.34
2.0,1.15,100.0,74,0.011287610289281484,-536.1449037166034,-536.735608180614,-536.7602216573055,1.6323953861167826,"A""",0.8968613773762358,1.9563811376585787,0.9285,ok,105.33
2.0,1.15,95.0,74,0.011342129881692562,-536.1451709661351,-536.7361253687334,-536.7607972356705,1.6510924492351278,"A""",0.915203283768271,1.9704519140566192,0.9289,ok,107.04
2.0,1.25,75.0,74,0.014021834191949117,-536.111000218484,-536.7082221051107,-536.7345666343106,1.5565408248300525,"A""",0.9501895660373939,2.0911922356487707,0.9308,ok,68.52
2.0,1.15,130.0,74,0.013564180992660619,-536.1210590404849,-536.7129677670682,-536.7382536420804,1.2061874819030176,"A""",0.62122466918506,1.92753301656701,0.9245,ok,99.28
2.0,1.15,135.0,74,0.014827753297071517,-536.1138793174352,-536.7063029683019,-536.7318726573384,1.0847911291210155,"A""",0.5353111301968454,1.9349950967306975,0.9233,ok,98.31
2.0,1.15,110.0,74,0.011446903136192524,-536.1410162904491,-536.7316459206572,-536.7562941049705,1.5502804880717231,"A""",0.8441288591935149,1.9358832463247262,0.9276,ok,106.71
2.0,1.2,85.0,74,0.01206512380013326,-536.1302938768581,-536.7244454938057,-536.7498021850545,1.6348094446291166,"A""",0.9434953347236706,2.0120275994653456,0.9295,ok,93.49
2.0,1.15,115.0,74,0.011690939126802464,-536.1374718333215,-536.7282622871795,-536.752999256344,1.4864977729162492,"A""",0.8056878794687994,1.9292751135561579,0.927,ok,107.35
2.0,1.15,125.0,74,0.012685563551777489,-536.1274323150458,-536.7188800088791,-536.7439345516733,1.3140211033810734,"A""",0.6952072372086294,1.924586413305571,0.9255,ok,110.1
2.0,1.2,90.0,74,0.01177929411514055,-536.13226856296,-536.7259457691306,-536.75112677225,1.6442997981011553,"A""",0.9331669546608241,1.989625110085514,0.9291,ok,96.15
2.0,1.2,100.0,74,0.011604663465898868,-536.1328920180022,-536.7259423513025,-536.750949885528,1.6193294167779784,"A""",0.9053691180090253,1.958542015492971,0.9283,ok,95.54
2.0,1.2,75.0,74,0.013357638594772406,-536.1233603260545,-536.7184206530302,-536.7443045545133,1.5679105366602233,"A""",0.9609757847308776,2.0856903453233597,0.9309,ok,108.58
2.0,1.2,95.0,74,0.011636578177944468,-536.1331403424588,-536.7264400463258,-536.7515057223907,1.639121393251211,"A""",0.9209328224592199,1.9723123426333973,0.9287,ok,96.57
2.0,1.2,105.0,74,0.011672730760023503,-536.1315343977122,-536.7244723117782,-536.7494751204395,1.584698289477621,"A""",0.8847539693270176,1.9475616134760498,0.9278,ok,96.32
2.0,1.2,110.0,74,0.01184653433953774,-536.1290958793273,-536.7220558210897,-536.747104197058,1.5349818177135506,"A""",0.8571243624195456,1.9390990894677853,0.9273,ok,106.74
2.0,1.2,130.0,74,0.014262246503184408,-536.1094487249221,-536.7036342721367,-536.7293508077379,1.1866053417557774,"A""",0.6383479657529262,1.9339482056356032,0.9241,ok,99.72
2.0,1.2,115.0,74,0.01214695279843373,-536.1256164026921,-536.7187250620134,-536.7438673902493,1.4700764399126562,"A""",0.8203637926413194,1.9331863762169736,0.9267,ok,107.8
2.0,1.2,120.0,74,0.012609575022762118,-536.1211441223617,-536.7145171956979,-536.739801339211,1.390102479036641,"A""",0.7724652552098166,1.9300632203436834,0.926,ok,109.01
2.0,1.2,125.0,74,0.013288764523405957,-536.1157341013118,-536.7094727306975,-536.7349474679669,1.2954221441922291,"A""",0.7119503520489681,1.93013234400238,0.9251,ok,105.66
2.0,1.25,80.0,74,0.01301919554343955,-536.114672047836,-536.711611417477,-536.7376432195911,1.5996164489174942,"A""",0.9466674452632596,2.0447015467008005,0.9299,ok,105.29
2.0,1.25,110.0,74,0.012296346876887848,-536.116429152041,-536.7117860060931,-536.7372604931052,1.5193112395603463,"A""",0.8694117109132897,1.9414065067521522,0.927,ok,66.18
2.0,1.2,135.0,74,0.01564026475078361,-536.1023597360917,-536.6970462191235,-536.7230601384447,1.0643652868260007,"A""",0.5524369396052918,1.942227526947568,0.9228,ok,107.58
2.0,1.25,90.0,74,0.012104474048502572,-536.119486283367,-536.7155503068674,-536.7411490927209,1.6330177182142203,"A""",0.9349290486310617,1.9903788324444018,0.9289,ok,95.31
2.0,1.25,85.0,74,0.012426876313682498,-536.1175628282978,-536.7140666977236,-536.7398481589562,1.624286722696392,"A""",0.9415287299634354,2.0131030922587714,0.9293,ok,105.17
2.0,1.25,100.0,74,0.011958265424463089,-536.1201245897769,-536.7155816920954,-536.741006379955,1.6059539376145038,"A""",0.9132219708734459,1.9597507354903347,0.928,ok,97.15
2.0,1.25,95.0,74,0.011964060466704719,-536.1203511050269,-536.7160533305124,-536.7415347997647,1.626840298985461,"A""",0.9259579496760058,1.973179827218698,0.9284,ok,105.39
2.05,0.8,75.0,74,0.011385590479202772,-536.1204408772064,-536.7012549167812,-536.7251705124105,1.4149310644248776,"A""",0.9233172533681493,1.8198362345410009,0.9257,ok,57.91
2.0,1.25,105.0,74,0.012068311323132894,-536.1188092951248,-536.7141511565494,-536.7395747464899,1.570186533326305,"A""",0.8950270821486145,1.9492586179573066,0.9275,ok,107.98
2.05,0.8,80.0,74,0.011130841177177471,-536.1249471712937,-536.7049788653309,-536.7286824090122,1.4607692002167045,"A""",0.8909094603548273,1.7991467746165695,0.9256,ok,86.99
2.0,1.25,120.0,74,0.01320239710179846,-536.1086320486569,-536.704382273232,-536.7301078857896,1.3721178898570896,"A""",0.787452029588063,1.933937006440561,0.9255,ok,98.68
2.05,0.8,85.0,74,0.010902554102116309,-536.1281105496282,-536.707504124481,-536.731037933887,1.492873443876911,"A""",0.8597221465665473,1.7811098022639438,0.9254,ok,91.7
2.05,0.8,100.0,74,0.010414243807723189,-536.1300558635298,-536.7085446648478,-536.7318432213405,1.5042511357772268,"A""",0.7658780122876734,1.7373147483634503,0.9247,ok,88.12
2.05,0.8,120.0,74,0.01064517062897763,-536.1168987174316,-536.6964479804864,-536.7200949394847,1.3152125430675388,"A""",0.5798810014842344,1.6995609544171284,0.9226,ok,84.74
2.0,1.25,125.0,74,0.013972657510017653,-536.1033142220466,-536.6994192604107,-536.7253459751136,1.2763471461946927,"A""",0.727589811488919,1.9349360044513984,0.9246,ok,99.6
2.0,1.25,115.0,74,0.012662001680105617,-536.1130213790079,-536.7085176040151,-536.7340928972068,1.4532398496017627,"A""",0.8342332172648385,1.936221032838013,0.9263,ok,108.23
2.05,0.85,105.0,74,0.010505669572918881,-536.1491477415425,-536.7294787076271,-536.7530646933694,1.4692210072832552,"A""",0.743106971701052,1.7316279962496444,0.9245,ok,63.11
2.0,1.25,130.0,74,0.015054185115247181,-536.0971280809797,-536.693669496755,-536.7198512029573,1.166551548399728,"A""",0.6542267434584612,1.9397239237658772,0.9236,ok,105.57
2.05,0.8,130.0,74,0.011696795545831765,-536.1045340750527,-536.6853700431197,-536.7094900667677,1.1345483204039122,"A""",0.4329826326673487,1.695809418408309,0.9205,ok,92.0
2.05,0.8,95.0,74,0.01053851544131869,-536.1306145429635,-536.7092312152469,-536.7325614457559,1.5148601708703398,"A""",0.7985245027517517,1.7505249744181888,0.925,ok,99.09
2.05,0.8,115.0,74,0.010426603011553109,-536.1217235999519,-536.7007957656841,-536.7242833532121,1.384372035173568,"A""",0.6383315932576136,1.7061294126908486,0.9233,ok,92.87
2.0,1.25,135.0,74,0.016561306814742754,-536.0901427921012,-536.68717514358,-536.7136711343056,1.0435055936166808,"A""",0.5682317434846104,1.9489408429866966,0.9223,ok,105.15
2.05,0.8,105.0,74,0.010341648052122803,-536.1283550020402,-536.7068841515392,-536.7301982344602,1.478996226628755,"A""",0.7295793674756877,1.7253899937843322,0.9244,ok,100.52
2.05,0.8,110.0,74,0.010337514167652636,-536.125560630391,-536.7042882881589,-536.7276652477194,1.4390222407210507,"A""",0.6876993723338051,1.714894122581452,0.9239,ok,98.23
2.05,0.8,135.0,74,0.012700481313079312,-536.0971391385417,-536.6787401285235,-536.7031808689226,1.0237755798246604,"A""",0.3456686309493086,1.700592592453611,0.9192,ok,94.73
2.05,0.8,125.0,74,0.011044601922251483,-536.1111463345295,-536.6912899246154,-536.7151467601375,1.2318201838988558,"A""",0.511419959737208,1.695835500899697,0.9217,ok,101.05
2.05,0.85,80.0,74,0.011351229295791378,-536.1457797741132,-536.727626095912,-536.7516095233447,1.458097086346947,"A""",0.9014778972029895,1.80842873750689,0.9259,ok,89.36
2.05,0.85,135.0,74,0.012845312924789283,-536.1180036796214,-536.7013559012582,-536.7260799711576,1.0096341337495907,"A""",0.3590889510944212,1.7093102128099975,0.9191,ok,63.0
2.05,0.85,75.0,74,0.011631463848588704,-536.1413248570061,-536.723928760533,-536.7481250561189,1.4141015982442258,"A""",0.9336002415862389,1.831410797797307,0.9262,ok,96.32
2.05,0.85,85.0,74,0.01110473742153534,-536.1489125396888,-536.7301295764809,-536.7539412405512,1.4884409461266197,"A""",0.8706675826586154,1.7889133810123918,0.9257,ok,99.42
2.05,0.85,90.0,74,0.010892450345875949,-536.1507690235837,-536.7315108037023,-536.7551953073793,1.5049546139897498,"A""",0.8407818682217155,1.7719475193333758,0.9254,ok,99.44
2.05,0.85,95.0,74,0.01071724212597982,-536.151396155282,-536.7318308829465,-536.7554348696325,1.5074052719033433,"A""",0.8106667395503963,1.7569273647076789,0.9252,ok,99.84
2.05,0.85,100.0,74,0.010584995502706513,-536.1508404018128,-536.7311397499863,-536.754710803207,1.4955573416329744,"A""",0.7787292741093218,1.7435217303056554,0.9248,ok,99.68
2.05,0.85,115.0,74,0.010579023053339704,-536.142541400539,-536.7233964506198,-536.7471566529221,1.3727922443614005,"A""",0.6528059773812611,1.712913615018172,0.9233,ok,96.95
2.05,0.85,110.0,74,0.010495468814533565,-536.1463649584267,-536.7268850630983,-536.7505339688428,1.4282936850619357,"A""",0.7017909598227204,1.7213380590319685,0.924,ok,105.32
2.05,0.85,120.0,74,0.010792428002927828,-536.137730580371,-536.719053384839,-536.7429742684835,1.3028656780687649,"A""",0.5944980469694824,1.7067830308679988,0.9226,ok,101.71
2.05,0.85,125.0,74,0.01118774486419594,-536.1319915974367,-536.7138999963521,-536.7380328123216,1.218783921627492,"A""",0.5259097132387164,1.7035547833366962,0.9216,ok,93.84
2.05,0.85,130.0,74,0.01183821471840198,-536.1253907339524,-536.7079839182435,-536.7323829336191,1.1209073795926823,"A""",0.44707091694248646,1.7040436826434409,0.9205,ok,102.17
2.05,0.9,75.0,74,0.011904747150996854,-536.1519242610013,-536.7364508597117,-536.7609535673079,1.4115547183102273,"A""",0.9420212811125631,1.8427482773105566,0.9266,ok,96.74
2.05,0.9,115.0,74,0.010770169567552822,-536.1530443209431,-536.7358207195327,-536.759874278678,1.360483595338554,"A""",0.6678243310208932,1.7196325816990163,0.9233,ok,64.88
2.05,0.9,80.0,74,0.011591827116299143,-536.1563026011481,-536.740102102573,-536.7643893082245,1.4540072224062988,"A""",0.910700361393663,1.8173456236953414,0.9262,ok,89.17
2.05,0.9,85.0,74,0.011324247601877356,-536.1593910184414,-536.7425728731413,-536.7666849208044,1.4828024813487921,"A""",0.8806803187661011,1.7963337481250663,0.9259,ok,90.09
2.05,0.95,105.0,74,0.010912757235500961,-536.1626268086299,-536.7469548309272,-536.771144350071,1.4474866912511886,"A""",0.7704584424009144,1.7435438355551904,0.9245,ok,65.51
2.05,0.9,90.0,74,0.011098523350204661,-536.1612256349622,-536.7439332017424,-536.7679149438795,1.4978678930323353,"A""",0.8516743824271086,1.7784985635277086,0.9256,ok,94.3
2.05,0.9,95.0,74,0.010915018129561502,-536.1618465363742,-536.7442423006383,-536.7681411104834,1.4990159542000923,"A""",0.822508332017123,1.7630409886008578,0.9253,ok,94.59
2.05,0.9,100.0,74,0.010777934058264008,-536.1612953162169,-536.7435478599042,-536.7674121910323,1.4860156553709074,"A""",0.791529529704406,1.7495037008525096,0.9249,ok,93.93
2.05,0.9,105.0,74,0.010696338174255754,-536.1596144650787,-536.7418889656186,-536.7657675205334,1.4586584091629415,"A""",0.7568030618156499,1.7377030129067197,0.9245,ok,94.39
2.05,0.9,125.0,74,0.01138659267450842,-536.1425369270186,-536.7263440648375,-536.7507740044019,1.205018622499286,"A""",0.5412443517098219,1.7112582856985425,0.9216,ok,92.68
2.05,0.9,135.0,74,0.013068041329917008,-536.1285860484711,-536.7138178240161,-536.7388472829018,0.9947431902383899,"A""",0.3735711973615595,1.7179944647992766,0.919,ok,97.03
2.05,0.95,90.0,74,0.011319970569704957,-536.1642224082041,-536.749005220819,-536.7733032585969,1.4899113954902103,"A""",0.8617272987528345,1.7846366242922869,0.9257,ok,94.23
2.05,0.9,110.0,74,0.010685645022675494,-536.1568482864176,-536.739301127863,-536.7632426426576,1.4168163111184533,"A""",0.7162503796644194,1.7276731478150151,0.924,ok,105.28
2.05,0.95,75.0,74,0.012208794353464746,-536.155109848807,-536.7416541755954,-536.7664865797949,1.4074149851930002,"A""",0.9482302210177858,1.8538024789181435,0.9269,ok,102.19
2.05,0.9,130.0,74,0.012045776895646386,-536.1359560532811,-536.7204377228568,-536.7451372441634,1.1065270729624446,"A""",0.46212343348332485,1.712263424295502,0.9204,ok,102.65
2.05,0.95,80.0,74,0.01185279795009088,-536.1593853008235,-536.7452408095726,-536.7698530987564,1.448660754353445,"A""",0.9182687334353202,1.82583479867535,0.9264,ok,100.69
2.05,0.95,85.0,74,0.011559742068709262,-536.1624155640475,-536.7476693572628,-536.772101700817,1.4761344753707906,"A""",0.8894866102763129,1.8033050848086658,0.926,ok,101.45
2.05,0.9,120.0,74,0.01098629892563121,-536.1482546243797,-536.7314872776867,-536.755702981596,1.2897947881545666,"A""",0.6098198916728184,1.7139713733353086,0.9225,ok,105.75
2.05,0.95,100.0,74,0.010991695831076126,-536.1642915903897,-536.7486079814553,-536.7727840127735,1.4758045891166531,"A""",0.8040577109208962,1.7551936036289373,0.925,ok,94.74
2.05,0.95,95.0,74,0.011129983888899882,-536.1648361161306,-536.749303455267,-536.773515695276,1.4898728259535798,"A""",0.8338166714474887,1.7687997406566853,0.9253,ok,104.14
2.05,0.95,110.0,74,0.010907818870630278,-536.159883071827,-536.7443773876869,-536.7686299798335,1.4047699077726647,"A""",0.7308773072618138,1.733824020173198,0.924,ok,104.53
2.05,1.0,75.0,74,0.012549765796661859,-536.1529664951239,-536.7415841094993,-536.7667676883235,1.4018153322057358,"A""",0.9519906517349734,1.8645112209353694,0.9272,ok,90.86
2.05,1.0,105.0,74,0.011154802513813553,-536.1602718726673,-536.746730755625,-536.771248081254,1.4358562217894268,"A""",0.7838884527612122,1.7490747633161616,0.9245,ok,64.46
2.05,0.95,115.0,74,0.011000898970379704,-536.1561058556645,-536.7409106416302,-536.7652761595596,1.347629320735251,"A""",0.683202230333198,1.7262072689116916,0.9233,ok,105.79
2.05,0.95,120.0,74,0.01122855754355718,-536.1513456059888,-536.736593147276,-536.7611224899802,1.2761898605237902,"A""",0.6256731459952586,1.7210441597724095,0.9225,ok,106.64
2.05,0.95,125.0,74,0.011644206062321957,-536.1456585534465,-536.7314671982282,-536.7562133798651,1.1907228960740037,"A""",0.5572673296435128,1.7188626946293581,0.9215,ok,107.58
2.05,1.0,90.0,74,0.011556097731910011,-536.1618449222793,-536.7487782781277,-536.773409775655,1.4812505063420933,"A""",0.8707529553199728,1.7902895632506943,0.9258,ok,96.6
2.05,0.95,135.0,74,0.01337490213674123,-536.1317659812439,-536.7189747004563,-536.7443296669979,0.9793237126728864,"A""",0.3890075610611889,1.7265660898644244,0.9189,ok,108.35
2.05,1.0,80.0,74,0.012136249032536345,-536.1571124385362,-536.7450897982235,-536.7700465201528,1.4422175184957466,"A""",0.9239671089113909,1.8338212199350836,0.9266,ok,105.67
2.05,1.0,85.0,74,0.011811320660611267,-536.1600711686168,-536.7474687377465,-536.772239322386,1.4686042454378045,"A""",0.8968884888373877,1.8097527902026367,0.9262,ok,105.34
2.05,1.0,120.0,74,0.011521432958337872,-536.1490929069372,-536.7364287252014,-536.7612892998193,1.262204994230508,"A""",0.6418722303469154,1.727921100298966,0.9224,ok,66.59
2.05,1.0,100.0,74,0.01122573899036491,-536.1619158153769,-536.7483737099623,-536.7728781976397,1.465078639929839,"A""",0.8161318805986622,1.7605186242831241,0.925,ok,96.25
2.05,1.0,95.0,74,0.011361421956387358,-536.1624510061911,-536.7490670108238,-536.7736095062563,1.4801359250993673,"A""",0.8444085070590156,1.7741324075154243,0.9254,ok,105.99
2.05,1.0,110.0,74,0.011162416332378787,-536.1575570306759,-536.7441692103839,-536.7687499034845,1.3923027700942436,"A""",0.7454851819311333,1.7397126731570027,0.9239,ok,94.94
2.05,1.0,115.0,74,0.011272462226029085,-536.1538144790494,-536.7407226926028,-536.7654174434826,1.3343792066307796,"A""",0.6987508096016691,1.732557804515239,0.9233,ok,97.27
2.05,1.05,75.0,74,0.012937639174848992,-536.1470294373867,-536.737747231887,-536.7633028834381,1.3948758269876296,"A""",0.9532090980820268,1.8748161436063389,0.9275,ok,93.33
2.05,1.0,125.0,74,0.011963774726674904,-536.143446910827,-536.7313285360373,-536.7564089654757,1.1760579592399107,"A""",0.5738004084455497,1.7262902391759767,0.9214,ok,99.26
2.05,1.0,135.0,74,0.013771604765670459,-536.1296364675811,-536.7188889393526,-536.7445886363469,0.9635586625112779,"A""",0.40525043111861925,1.7349612844764508,0.9188,ok,97.73
2.05,1.0,130.0,74,0.01267731273738781,-536.1369379892627,-536.7254663709539,-536.7508245048914,1.076346894118638,"A""",0.4945494706117282,1.7283398690206586,0.9202,ok,100.36
2.05,1.05,80.0,74,0.012447010739764657,-536.1510198901739,-536.7411587879728,-536.7664785397822,1.434818604783049,"A""",0.9276988191502293,1.841237696199848,0.9268,ok,96.81
2.05,1.1,80.0,74,0.012792246002287375,-536.142245145328,-536.7345727813088,-536.760274509788,1.4265868359840759,"A""",0.9294717407071731,1.848019796936055,0.9269,ok,67.32
2.05,1.05,85.0,74,0.012081140468021554,-536.1538945937281,-536.743483265775,-536.768609270441,1.4603550794854685,"A""",0.9027909939520401,1.8156128692926368,0.9263,ok,96.23
2.05,1.05,90.0,74,0.011807889788958217,-536.1556306381232,-536.7447663961595,-536.7697478353103,1.4720226667400367,"A""",0.878652722742928,1.7953973918896007,0.9258,ok,96.59
2.05,1.05,95.0,74,0.011609884294055904,-536.1562291000862,-536.7450481302811,-536.7699371499493,1.4699339648540763,"A""",0.8541752042863883,1.778980109661972,0.9254,ok,105.41
2.05,1.05,105.0,74,0.011423604222297296,-536.154087986992,-536.7427333836538,-536.7675950981179,1.4238793212901855,"A""",0.7969594714817161,1.754234451683201,0.9244,ok,105.01
2.05,1.05,125.0,74,0.012348501760222761,-536.1374415355191,-536.7274482355291,-536.7528813184063,1.1611355550081848,"A""",0.5906651872544196,1.7334820271937827,0.9213,ok,99.16
2.05,1.05,100.0,74,0.011480749556690569,-536.1557061356373,-536.7443610175856,-536.7692103077823,1.4539580310938378,"A""",0.8276299057512513,1.7654184498919614,0.9249,ok,106.56
2.05,1.05,110.0,74,0.011451071832888229,-536.1514086921549,-536.7401939846721,-536.7651196943442,1.3795229031231953,"A""",0.7599239343316927,1.7452743219431393,0.9239,ok,106.33
2.05,1.05,115.0,74,0.011586599288088965,-536.147708973712,-536.7367750734226,-536.7618163920396,1.320839606909391,"A""",0.7143082174245485,1.7386184686263197,0.9232,ok,104.98
2.05,1.05,120.0,74,0.011867525922743542,-536.1430356382169,-536.732513131475,-536.757722762632,1.2479473327734798,"A""",0.6582487998900758,1.7345390971564276,0.9223,ok,108.97
2.05,1.1,120.0,74,0.01226969092891954,-536.1343132228089,-536.72597991362,-536.7515579882578,1.2334834613455095,"A""",0.6746308720554326,1.740845226885501,0.9222,ok,66.64
2.05,1.1,75.0,74,0.013385543081270643,-536.1384345988602,-536.7312646070869,-536.7572137920592,1.38670235087938,"A""",0.9519242675807962,1.8846560169725102,0.9278,ok,97.95
2.05,1.05,130.0,74,0.013109647435740869,-536.1309863281426,-536.7216232470472,-536.7473390740513,1.0608372589446717,"A""",0.5115770674979331,1.7360736884399064,0.9201,ok,108.69
2.05,1.05,135.0,74,0.014263064409780823,-536.1237383157819,-536.7150832432873,-536.7411476876547,0.9475780237071978,"A""",0.42212651398732587,1.7431420046686403,0.9187,ok,109.02
2.05,1.1,100.0,74,0.01175859689049808,-536.1468025097254,-536.7377012005935,-536.7629123722571,1.4425328467226,"A""",0.8384825155082493,1.769842126749837,0.9249,ok,95.04
2.05,1.1,85.0,74,0.01237301407792053,-536.1450246281934,-536.7368407796239,-536.7623397297723,1.451509470196051,"A""",0.9071866266966285,1.8208281200880556,0.9263,ok,101.48
2.05,1.1,90.0,74,0.012077760767189177,-536.1467191302524,-536.7380991563451,-536.7634474339019,1.4623402987410086,"A""",0.8853992141273378,1.799908374658832,0.9258,ok,105.35
2.05,1.1,95.0,74,0.011877286567822111,-536.1473103075136,-536.7383774550983,-536.7636298325523,1.4593683003349733,"A""",0.8630693558291753,1.783292879597214,0.9254,ok,103.98
2.05,1.1,105.0,74,0.011721186109930143,-536.1452150140643,-536.7360945581646,-536.7613181652835,1.4116368924132734,"A""",0.8095735046565814,1.7589687617182839,0.9244,ok,104.21
2.05,1.1,110.0,74,0.011776194953218848,-536.1425777654629,-536.7335840655763,-536.7588728293703,1.3665033797134178,"A""",0.7740754878187582,1.7504536075239208,0.9238,ok,105.61
2.05,1.1,115.0,74,0.011946420038807826,-536.1389288889266,-536.730200700983,-536.7556072493376,1.307078524511915,"A""",0.7297307557485477,1.7443341253876847,0.9231,ok,107.61
2.05,1.15,110.0,74,0.012140769903571139,-536.131908069077,-536.7251856313358,-536.7508575176366,1.3532908355090032,"A""",0.7878332380512592,1.7551933067853929,0.9236,ok,66.04
2.05,1.1,125.0,74,0.012802285208383576,-536.1287818010198,-536.7209606047907,-536.7467665663257,1.1460232134913806,"A""",0.607676088720801,1.7403936328227112,0.9212,ok,106.72
2.05,1.1,135.0,74,0.014853675195706632,-536.1152112159082,-536.7086939674241,-536.7351455933618,0.9314635250692455,"A""",0.43942519534987,1.7510895642276667,0.9185,ok,98.24
2.05,1.1,130.0,74,0.013624996821736455,-536.1223923912071,-536.7151841621667,-536.7412788975716,1.0451607594808796,"A""",0.5288854568146019,1.743553920236793,0.92,ok,107.58
2.05,1.15,75.0,74,0.013909756164241333,-536.1280214425938,-536.7229708702802,-536.7493364817242,1.3773944852646989,"A""",0.9482850244847166,1.8939486645492902,0.9279,ok,95.07
2.05,1.15,85.0,74,0.012692999599024849,-536.1343046663886,-536.7283833728803,-536.7542738451481,1.4421702644608883,"A""",0.9101249096725816,1.8253353527983374,0.9263,ok,98.18
2.05,1.15,80.0,74,0.013181490718257584,-536.1316299785409,-536.72617095884,-536.7522747681619,1.417633980930511,"A""",0.929378149930837,1.8540912728784276,0.927,ok,99.02
2.05,1.15,95.0,74,0.01216678378492275,-536.136539164891,-536.729899883098,-536.7555338313459,1.4485202207200625,"A""",0.8710841507087187,1.7870187277807217,0.9253,ok,95.92
2.05,1.15,90.0,74,0.012369606736561036,-536.1359546522423,-536.729620507813,-536.7553537402508,1.4522981688272616,"A""",0.8910172141681814,1.8037678744196797,0.9258,ok,96.78
2.05,1.2,95.0,74,0.01248272789383021,-536.1245406905559,-536.7202458492784,-536.7462816099757,1.4374542822266299,"A""",0.8782397384312416,1.7900905829155564,0.9252,ok,67.62
2.05,1.15,100.0,74,0.012062298194311599,-536.1360493990275,-536.729239713106,-536.7548314227372,1.430871375833741,"A""",0.8486502423425911,1.7737365950020807,0.9248,ok,96.11
2.05,1.15,115.0,74,0.012355442672537761,-536.1283176319504,-536.7218461311795,-536.7476388633588,1.293134738606503,"A""",0.7448709803520601,1.7496484551824913,0.9229,ok,96.55
2.05,1.15,120.0,74,0.012732062005700118,-536.123768669421,-536.7176760883525,-536.743644569159,1.218847626641873,"A""",0.6908331096727995,1.746787560832168,0.922,ok,97.84
2.05,1.15,135.0,74,0.015547541360780721,-536.1048975440531,-536.7005705038604,-536.7274355025439,0.91525899550903,"A""",0.4568655332753835,1.7587909818769722,0.9183,ok,98.53
2.05,1.15,125.0,74,0.013328355680721722,-536.1183103802057,-536.7127132386746,-536.7389152084003,1.130755083386503,"A""",0.6246025563222914,1.7469792576861507,0.921,ok,105.98
2.05,1.2,85.0,74,0.013048226012346297,-536.1223585634941,-536.7187390512165,-536.745041447501,1.4324361688352474,"A""",0.9117219577908735,1.829051458020046,0.9263,ok,105.06
2.05,1.2,75.0,74,0.014528986011011928,-536.1164091271862,-536.7134858881203,-536.7402929872287,1.3670503317132359,"A""",0.9425351770362704,1.9025717501179273,0.928,ok,108.29
2.05,1.2,100.0,74,0.01239592168612109,-536.1240716761142,-536.7196074213784,-536.7456005694228,1.4190232357545154,"A""",0.8581092507070949,1.7770336469126258,0.9246,ok,95.81
2.05,1.2,80.0,74,0.013626428958268051,-536.1197964040267,-536.7165781847058,-536.7431060065718,1.4080650702676916,"A""",0.9275839313003815,1.859348208752672,0.927,ok,107.97
2.05,1.15,130.0,74,0.014227380242083691,-536.1119986270353,-536.7069974953372,-536.7334956482712,1.029353787894414,"A""",0.5462158755317019,1.7507491312166839,0.9198,ok,111.05
2.05,1.2,90.0,74,0.012688697622687822,-536.1239619691429,-536.7199600254934,-536.7460981780179,1.441976338753207,"A""",0.8955698143454186,1.8069048356231525,0.9257,ok,109.68
2.05,1.25,85.0,74,0.013448165671040735,-536.1096476854964,-536.7083757201843,-536.7351128375527,1.422388875221013,"A""",0.9121336305240225,1.8318514295885548,0.9262,ok,65.87
2.05,1.2,105.0,74,0.012416342687552652,-536.1225588754775,-536.7180611889893,-536.7440689580714,1.3865607962746649,"A""",0.8331483654922636,1.7669232727834376,0.9241,ok,104.98
2.05,1.2,115.0,74,0.01281788689902236,-536.1164986437403,-536.7123429334088,-536.7385458713462,1.27902254323511,"A""",0.7595480833322896,1.7544872868610901,0.9227,ok,98.38
2.05,1.2,110.0,74,0.012549384139560317,-536.1200236007093,-536.7156300220721,-536.7417078599492,1.3399088603082638,"A""",0.8010712717965953,1.7594198217504873,0.9234,ok,107.6
2.05,1.2,120.0,74,0.013258857234770594,-536.1120248582909,-536.7082335492655,-536.7346178237345,1.2040471426075667,"A""",0.7066137653054079,1.752296342392546,0.9218,ok,106.27
2.05,1.2,130.0,74,0.014920813226746208,-536.1004269701714,-536.6976962943437,-536.7246267391323,1.0134230146981869,"A""",0.5632117095490607,1.757614670169096,0.9195,ok,105.18
2.05,1.2,125.0,74,0.01393137010187235,-536.1066496375139,-536.703338495714,-536.7299634484539,1.1153349593342414,"A""",0.6411460294267155,1.7531806434606245,0.9208,ok,106.82
2.05,1.25,130.0,74,0.015708697712444576,-536.0881361684089,-536.6877524354921,-536.7151493789694,0.9973433171546645,"A""",0.5793656544241264,1.7640677165432788,0.9191,ok,68.2
2.05,1.2,135.0,74,0.016348316641349756,-536.0934189221009,-536.6913468352012,-536.7186563671089,0.8989768883245426,"A""",0.47404955069811083,1.7662234778746089,0.918,ok,108.34
2.05,1.25,75.0,74,0.015264242056737945,-536.1040538001175,-536.7032693645068,-536.7305459725204,1.3557664130008078,"A""",0.9349957455491896,1.9103322090199033,0.9281,ok,105.35
2.05,1.25,80.0,74,0.014141255264488341,-536.1072038099877,-536.7062593704957,-536.7332356664424,1.397976935205929,"A""",0.924320636347894,1.8636343415922914,0.927,ok,105.22
2.05,1.25,95.0,74,0.012830749148267186,-536.1117774011992,-536.7098854896792,-536.736345976596,1.4262177352467769,"A""",0.8845725693342253,1.7924041485740079,0.925,ok,95.53
2.05,1.25,105.0,74,0.01282302778605479,-536.1098620871865,-536.7077682927501,-536.7342039733143,1.3737779271053414,"A""",0.8439471724618558,1.7699584647215263,0.9238,ok,96.77
2.05,1.25,90.0,74,0.01304183941469609,-536.111203373956,-536.7095871750524,-536.7361527137037,1.431439915548077,"A""",0.899152640791487,1.809210762428626,0.9255,ok,110.3
2.05,1.25,100.0,74,0.012764646625058511,-536.1113316602252,-536.7092747370245,-536.735693118243,1.4070191227050235,"A""",0.866835340809571,1.7796254728520036,0.9244,ok,107.74
2.05,1.25,110.0,74,0.013007489708700202,-536.1073856630239,-536.705387854251,-536.7318979312864,1.3263582243970742,"A""",0.8136232719743736,1.7630143121485446,0.9232,ok,97.44
2.05,1.25,120.0,74,0.013854768923258992,-536.0995417771663,-536.6981232439592,-536.7249529330079,1.1890619582399649,"A""",0.7216329472059773,1.7572561293605449,0.9215,ok,97.34
2.05,1.25,115.0,74,0.01333848330796595,-536.1039325786583,-536.7021618374616,-536.7288028101274,1.2647307163631656,"A""",0.7735120926123162,1.7587303934183298,0.9224,ok,97.81
2.1,0.8,75.0,74,0.012255582259494862,-536.1127600348345,-536.6959202568803,-536.7208395014284,1.2397541318496759,"A""",0.8669800890158798,1.6433868163970773,0.9215,ok,87.78
2.05,1.25,125.0,74,0.014615585129448659,-536.094258914921,-536.6933077122576,-536.7203873655441,1.0997385237910593,"A""",0.6568765959459112,1.758893239598211,0.9204,ok,98.86
2.1,0.8,80.0,74,0.011953096737810327,-536.1167345122129,-536.6991620414678,-536.7238655842904,1.282084854069457,"A""",0.8327304207484897,1.623961254544749,0.9212,ok,89.82
2.05,1.25,135.0,74,0.017259111852869515,-536.0812335775951,-536.6814957325798,-536.7092871311745,0.8826011078385766,"A""",0.4904043275571503,1.7733276556281254,0.9176,ok,98.4
2.1,0.8,125.0,74,0.011721404249293525,-536.1015483086431,-536.6848146825461,-536.709924335083,1.0559430090227475,"A""",0.4290357691362506,1.5319158851857757,0.9161,ok,64.27
2.1,0.8,85.0,74,0.011683555855595495,-536.1194626742029,-536.7013078587248,-536.7258434206251,1.3112762900942057,"A""",0.8002707720743932,1.6070808813487023,0.921,ok,88.87
2.1,0.8,105.0,74,0.011008081433820767,-536.1187720875142,-536.700024861248,-536.7244033331782,1.2931617065470595,"A""",0.6636907339320023,1.5560198850996632,0.9196,ok,85.2
2.1,0.8,90.0,74,0.011448832321756443,-536.1209882009019,-536.7024194159587,-536.7268371383226,1.3271519839206283,"A""",0.7687472939283668,1.5921406100361502,0.9207,ok,96.39
2.1,0.85,100.0,74,0.011298978361660442,-536.1414660603514,-536.7243940301679,-536.7490060214458,1.3101205519012413,"A""",0.7160068075132694,1.57367472150126,0.9203,ok,60.76
2.1,0.8,95.0,74,0.011252695311834664,-536.1213540788304,-536.7025489068188,-536.7269005198438,1.3295264207967363,"A""",0.7367179783781732,1.5787484745493672,0.9204,ok,96.51
2.1,0.8,100.0,74,0.011101996734479928,-536.1206018260517,-536.7017388706365,-536.7260771281443,1.318234817270474,"A""",0.7023757936263388,1.5667122200914425,0.9201,ok,95.15
2.1,0.8,115.0,74,0.011071986352660068,-536.1120478090613,-536.6940183320038,-536.718643111886,1.2016441775309026,"A""",0.5651516862621682,1.5394120265295796,0.9182,ok,99.52
2.1,0.8,110.0,74,0.01098899750603565,-536.1159061842966,-536.6974401112177,-536.7219135255134,1.2542770709875095,"A""",0.6185750560424076,1.5468207074734335,0.919,ok,103.78
2.1,0.8,135.0,74,0.013520979972320242,-536.0877193405908,-536.6727470628682,-536.698625267638,0.8585052110460121,"A""",0.25582461726269895,1.5391435267138447,0.9128,ok,91.4
2.1,0.8,120.0,74,0.011297029438272327,-536.107244407812,-536.6897964447965,-536.7146318557002,1.135440635926843,"A""",0.5021150721450716,1.5342412247161614,0.9172,ok,103.08
2.1,0.8,130.0,74,0.012425556066172214,-536.0950179151399,-536.6791162838883,-536.7045702824806,0.9635021868132835,"A""",0.3464671661059094,1.5332212550831814,0.9146,ok,103.04
2.1,0.85,75.0,74,0.012548286843802247,-536.1337258159659,-536.718635554552,-536.7438327379269,1.2378748696269675,"A""",0.8809749199096993,1.6558042407960512,0.922,ok,95.36
2.1,0.85,80.0,74,0.012215597096298597,-536.1376483458954,-536.7218558800427,-536.7468380891721,1.2787637178009137,"A""",0.8462345431827275,1.634089220451881,0.9217,ok,97.96
2.1,0.85,90.0,74,0.011671561269215449,-536.1418546796491,-536.7250835700445,-536.7497775652295,1.3211496449094393,"A""",0.7819244055268769,1.5998469652592304,0.921,ok,97.25
2.1,0.85,95.0,74,0.011461551937481605,-536.1422155032529,-536.7252062192548,-536.7498326687505,1.3223926356017723,"A""",0.7500664383443287,1.5859339503296375,0.9207,ok,98.39
2.1,0.85,105.0,74,0.011194161696455918,-536.139644535232,-536.7226815320838,-536.7473330914586,1.2842033844078622,"A""",0.677622068413968,1.5629810684110728,0.9197,ok,97.37
2.1,0.9,110.0,74,0.0113731040003629,-536.1473480731559,-536.7325767000506,-536.7576173851452,1.2341998639483254,"A""",0.647271073211191,1.5609510255765435,0.9192,ok,64.73
2.1,0.85,120.0,74,0.011448605546979195,-536.1281569997137,-536.7124693008673,-536.7375784841022,1.1245535474789696,"A""",0.516302416306386,1.5420122281921924,0.9173,ok,93.26
2.1,0.85,110.0,74,0.01116426135868752,-536.1367903637941,-536.7201006387479,-536.744846896371,1.2445848904903165,"A""",0.632737110324242,1.55394589091376,0.9191,ok,100.37
2.1,0.85,125.0,74,0.011859806116763025,-536.1224752189524,-536.7074947767312,-536.7328794681434,1.044581989560801,"A""",0.4429701860919466,1.5400825746840554,0.9161,ok,90.14
2.1,0.85,115.0,74,0.011235874429709974,-536.1329457762026,-536.7166844824872,-536.741582329288,1.1913132105842885,"A""",0.5794118414135622,1.5468212931068903,0.9183,ok,101.34
2.1,0.9,80.0,74,0.012499821007299693,-536.148241072879,-536.7343696397171,-536.7596555185845,1.274112587767066,"A""",0.8586320739088412,1.643932837540964,0.9221,ok,85.84
2.1,0.9,85.0,74,0.012182257018619871,-536.150895032916,-536.7364718559573,-536.761586602927,1.300697278951664,"A""",0.8259436501939369,1.624026324159775,0.9217,ok,88.67
2.1,0.9,75.0,74,0.012870018524917358,-536.1443926891911,-536.7311868993007,-536.7566887412781,1.2343935466944123,"A""",0.8933702705965071,1.6680854007982577,0.9226,ok,89.91
2.1,0.9,90.0,74,0.011912735183881912,-536.1523835318768,-536.7375553752285,-536.7625484024843,1.3141529420304692,"A""",0.7946455540984637,1.6072483990756528,0.9213,ok,90.16
2.1,0.85,130.0,74,0.012550778423977874,-536.1159576522734,-536.7018035937173,-536.7275346128264,0.9517612685464198,"A""",0.3599739249369145,1.5417692830155043,0.9146,ok,100.36
2.1,0.9,95.0,74,0.01169057057800177,-536.1527388194625,-536.737670906152,-536.7625943652638,1.3143737111521554,"A""",0.7632050563565693,1.5928572231756999,0.9209,ok,93.6
2.1,0.9,105.0,74,0.011408117939941726,-536.1501851928623,-536.7351500271626,-536.7600963000729,1.2745054654282628,"A""",0.6917511277826283,1.5697794503141262,0.9199,ok,90.36
2.1,0.9,130.0,74,0.012745587487288278,-536.1266012001488,-536.7143267980528,-536.7403571516736,0.9394006377202413,"A""",0.37439510624397654,1.5502539279794765,0.9147,ok,63.09
2.1,0.9,100.0,74,0.011519352469824074,-536.1519944529732,-536.736858253364,-536.7617658073553,1.3012052389670716,"A""",0.7296451772002143,1.5804251928055597,0.9204,ok,93.68
2.1,0.85,135.0,74,0.013635158561709508,-536.1086691115845,-536.6954409154367,-536.7215991102414,0.8465025145763587,"A""",0.26873092933614995,1.5480027932796288,0.9129,ok,102.61
2.1,0.9,115.0,74,0.011440346535773891,-536.143523608389,-536.7291704464604,-536.7543629736888,1.1803203244075964,"A""",0.5942036339513134,1.554143656938101,0.9184,ok,95.49
2.1,0.9,120.0,74,0.011649074067935012,-536.1387566749917,-536.7249668316085,-536.7503715194151,1.1130243026208289,"A""",0.5311639354797296,1.5497179712465508,0.9174,ok,91.51
2.1,0.9,125.0,74,0.012056757448182166,-536.1330972244218,-536.7200049489077,-536.745686633653,1.0325916396696149,"A""",0.45770676276547323,1.548192546025446,0.9162,ok,100.37
2.1,0.95,75.0,74,0.013223703353687584,-536.1476326612399,-536.736408521281,-536.7622393666205,1.2294429294984424,"A""",0.9037361131449928,1.6801693687714858,0.9231,ok,97.27
2.1,0.9,135.0,74,0.013831236122352044,-536.1193320161071,-536.7079767794908,-536.7344378271827,0.8338907768948607,"A""",0.2826485054179065,1.5567740895709856,0.9129,ok,101.66
2.1,0.95,90.0,74,0.012169886650524434,-536.1554450500986,-536.7426720502117,-536.7679843082093,1.3063440977126843,"A""",0.8066572354893803,1.614266073338319,0.9215,ok,92.06
2.1,0.95,80.0,74,0.012805487214836033,-536.1513832855287,-536.7395382646191,-536.765150259656,1.268297130101732,"A""",0.8695782792452338,1.6534148899664272,0.9225,ok,99.76
2.1,0.95,130.0,74,0.013013859621239385,-536.1298252271464,-536.7195313450959,-536.745881237779,0.9266207396869023,"A""",0.38961801301432536,1.5585925874734143,0.9147,ok,66.08
2.1,0.95,85.0,74,0.012457761375547478,-536.153982254804,-536.7416067832797,-536.7670440419586,1.2938810239403866,"A""",0.8373716173544723,1.6319352396957698,0.922,ok,101.63
2.1,0.95,95.0,74,0.011937246654139474,-536.1557945477741,-536.7427811066806,-536.7680212635079,1.305650534439741,"A""",0.775904270684755,1.5994402693628655,0.9211,ok,103.93
2.1,0.95,100.0,74,0.011760899091019026,-536.1550578419468,-536.741970424259,-536.7671929669223,1.291666989118999,"A""",0.7430749757527156,1.5868857676019053,0.9206,ok,104.6
2.1,0.95,110.0,74,0.011614587040495972,-536.150451241604,-536.7377087143783,-536.7630631432576,1.2232993435392439,"A""",0.6619973868238493,1.5677537009688727,0.9193,ok,99.3
2.1,0.95,105.0,74,0.011648266202454472,-536.1532653476536,-536.740270031161,-536.765530337263,1.2642462829312124,"A""",0.70588132781883,1.5763350514891317,0.92,ok,103.51
2.1,1.0,130.0,74,0.013359261275897044,-536.1277202871379,-536.7194766355102,-536.7461651496492,0.913590289841952,"A""",0.4054984190596837,1.5667163052621316,0.9148,ok,66.71
2.1,1.0,80.0,74,0.013134659244607,-536.1491605156625,-536.739410504718,-536.7653692002023,1.2614789647812887,"A""",0.8787990455919431,1.6624513302518809,0.9228,ok,89.84
2.1,0.95,115.0,74,0.011685254708474957,-536.1466541015628,-536.7343176353635,-536.7598242442455,1.1688457374383592,"A""",0.6093582472129209,1.5612943291089074,0.9185,ok,105.61
2.1,0.95,135.0,74,0.0141150597559484,-536.1225863760526,-536.7132017241535,-536.7399863948901,0.8208793748508332,"A""",0.2974911532398309,1.5653805586215483,0.9129,ok,96.69
2.1,0.95,120.0,74,0.011899324976112614,-536.1419173220147,-536.7301316534727,-536.755851409431,1.1010385915609038,"A""",0.5465478497929978,1.557272399274559,0.9174,ok,105.24
2.1,0.95,125.0,74,0.012314505957996326,-536.1362895110699,-536.725189150192,-536.7511876500384,1.0201642878461283,"A""",0.4731107397992983,1.556160259596639,0.9162,ok,104.71
2.1,1.0,75.0,74,0.013615743931440643,-536.1455319790787,-536.7363473201814,-536.7625298314833,1.2231585802852616,"A""",0.9117343663979741,1.6919850112286259,0.9236,ok,99.99
2.1,1.0,90.0,74,0.012441935591197226,-536.1531251236868,-536.742485442445,-536.7681352576045,1.2978898118225495,"A""",0.8177539750466504,1.6208196625111608,0.9217,ok,94.48
2.1,1.0,85.0,74,0.012749939386443566,-536.1516925198662,-536.7414395128358,-536.7672184487299,1.2862750708920645,"A""",0.8475340788431978,1.6393580662829248,0.9222,ok,102.6
2.1,1.0,95.0,74,0.012200272337143898,-536.1534688544807,-536.7425896231426,-536.7681643767245,1.2963845352178087,"A""",0.7879715748400752,1.6056048024913614,0.9212,ok,95.26
2.1,1.0,100.0,74,0.012022447052252975,-536.1527426665087,-536.7417840644257,-536.7673393287338,1.2816618936233004,"A""",0.756112706076341,1.5929780082516398,0.9207,ok,94.79
2.1,1.0,105.0,74,0.011913808737970077,-536.1509717787028,-536.7400957501319,-536.7656878159191,1.2535778055391413,"A""",0.7198264729912252,1.582568354158161,0.9201,ok,94.62
2.1,1.0,110.0,74,0.011888514838797633,-536.1481871134217,-536.7375517802534,-536.7632378344832,1.2120362890742171,"A""",0.6767389329452907,1.5742728028513977,0.9194,ok,98.04
2.1,1.0,115.0,74,0.011971013339473644,-536.1444251129445,-536.734181942674,-536.7600206310685,1.1570406617528655,"A""",0.624699570561031,1.5681925029718489,0.9185,ok,95.14
2.1,1.0,120.0,74,0.012200670675975269,-536.1397275574002,-536.7300206860679,-536.7560737639723,1.0887507804647685,"A""",0.5622838418351109,1.5645960862897166,0.9175,ok,96.22
2.1,1.0,135.0,74,0.014491838603422517,-536.1205239362722,-536.713176541136,-536.7403045624613,0.8076460057886702,"A""",0.3131350149728858,1.5737636037415477,0.913,ok,96.13
2.1,1.05,75.0,74,0.014056297038127875,-536.1396275089269,-536.7325114873946,-536.7590679261637,1.215660017129097,"A""",0.9171600212109241,1.7034719608192799,0.924,ok,101.57
2.1,1.05,80.0,74,0.013492166075304547,-536.1431097115774,-536.735497181686,-536.7618225337355,1.2537991096870063,"A""",0.8861220063393747,1.6709716392163079,0.9231,ok,92.42
2.1,1.05,115.0,74,0.012298910473859996,-536.1383750536069,-536.7302810865424,-536.7564698458228,1.1450180262274157,"A""",0.6400711294073212,1.5747763778611061,0.9185,ok,66.4
2.1,1.05,85.0,74,0.013060773819868575,-536.1455632434646,-536.7374829810427,-536.763622072331,1.2780240610575475,"A""",0.8562850528621223,1.646226930503627,0.9225,ok,95.58
2.1,1.1,80.0,74,0.0138857902232112,-536.1343695653713,-536.7289243436021,-536.7556368240644,1.2453807847158378,"A""",0.8914684891119702,1.6789128408380847,0.9234,ok,61.37
2.1,1.05,105.0,74,0.012205141961039183,-536.1448426519594,-536.7361436252432,-536.762084879017,1.2426181421930182,"A""",0.7334534812201479,1.5884180674761987,0.9201,ok,95.78
2.1,1.05,90.0,74,0.012729531667442843,-536.1469615556761,-536.7385099013437,-536.7645149514427,1.2889297147149088,"A""",0.8278024003131681,1.6268455414424796,0.9219,ok,104.75
2.1,1.05,110.0,74,0.012195280409661075,-536.1420939490308,-536.7336225944873,-536.7596578242548,1.2005170629862243,"A""",0.6913249318594797,1.5804476142996846,0.9194,ok,96.54
2.1,1.05,95.0,74,0.012479821120903553,-536.1472997506276,-536.7386117062699,-536.7645384019802,1.286707797144116,"A""",0.7992750494728086,1.6112894267009437,0.9213,ok,105.3
2.1,1.05,100.0,74,0.012304172130207241,-536.146587028279,-536.7378150553656,-536.7637203415657,1.2713143281367947,"A""",0.7686215890813676,1.5986408096401712,0.9208,ok,104.12
2.1,1.05,120.0,74,0.012555148187195594,-536.1337260140311,-536.7261524228617,-536.7525572242017,1.0762755481429347,"A""",0.5782114112957368,1.5716298537012663,0.9175,ok,108.28
2.1,1.05,125.0,74,0.013021988086279093,-536.1281924196832,-536.7212732870522,-536.7479615394698,0.9945989133282542,"A""",0.5052835835197862,1.5713886644168202,0.9163,ok,108.89
2.1,1.05,130.0,74,0.013785077239998495,-536.1218257591153,-536.7156829326901,-536.7427296177663,0.9004338029433329,"A""",0.4218799973773606,1.5745813775459756,0.9148,ok,108.76
2.1,1.1,75.0,74,0.014559651801993341,-536.1310570839007,-536.726023776062,-536.7529772101881,1.207052294080458,"A""",0.9199421443280439,1.7145723360723593,0.9244,ok,105.38
2.1,1.1,85.0,74,0.013394443937476887,-536.1367339344015,-536.7308655510324,-536.7573836991938,1.2692511888592468,"A""",0.8635533655296324,1.6524852036358724,0.9226,ok,99.39
2.1,1.05,135.0,74,0.014965819028356224,-536.1146846630751,-536.7094225914586,-536.7369143352436,0.7943237447886634,"A""",0.32943417990701807,1.581892652228773,0.913,ok,107.96
2.1,1.1,95.0,74,0.012777608274678902,-536.1384273474744,-536.7319780329628,-536.758274597895,1.2767271942025147,"A""",0.80973472992481,1.616446245033152,0.9214,ok,97.9
2.1,1.1,115.0,74,0.012671230028698343,-536.1296433372477,-536.7237476010654,-536.7503057050307,1.1328577601793899,"A""",0.6553308145588557,1.5809998106755112,0.9185,ok,95.94
2.1,1.1,90.0,74,0.01303509559204381,-536.1380943221629,-536.7318752520915,-536.7582536840684,1.2795801563550073,"A""",0.8367305892711675,1.6322928377005441,0.922,ok,104.16
2.1,1.15,105.0,74,0.012873212849214994,-536.1253415828114,-536.7211465147033,-536.7478429114782,1.2201623054806947,"A""",0.7593075105658758,1.598781063483819,0.9201,ok,68.96
2.1,1.1,100.0,74,0.012607649336779644,-536.1377309638104,-536.7311946225326,-536.7574679625166,1.2607219423335134,"A""",0.780508503592666,1.6038267705942575,0.9208,ok,103.31
2.1,1.15,80.0,74,0.014326023773609574,-536.1237831333859,-536.7205321319814,-536.7476535854406,1.2363371824545961,"A""",0.8948442083424271,1.686207405894583,0.9236,ok,93.14
2.1,1.1,105.0,74,0.01252392062448385,-536.1360178242223,-536.7295453172574,-536.7558540867303,1.231456711175714,"A""",0.7466429513560793,1.5938365271493078,0.9201,ok,106.83
2.1,1.1,135.0,74,0.015540858316912362,-536.1062077930593,-536.7030751880287,-536.7309533126522,0.7810054366808753,"A""",0.34621456249157,1.5897586165038347,0.913,ok,99.72
2.1,1.1,125.0,74,0.013477268190157477,-536.1195810876951,-536.7148261779054,-536.74188939868,0.9816597732795412,"A""",0.5217257509991746,1.5785620715747068,0.9162,ok,100.66
2.1,1.1,130.0,74,0.014294669642804283,-536.1132807343845,-536.7092846210674,-536.7367110120924,0.8872365231495911,"A""",0.4385894254745206,1.5821642607020465,0.9148,ok,101.22
2.1,1.1,110.0,74,0.012537446832040009,-536.1333113848336,-536.7270535854024,-536.7534567984889,1.1888329406571565,"A""",0.7056502666519111,1.5862285790154242,0.9194,ok,108.22
2.1,1.15,85.0,74,0.01375712312648434,-536.1260487449006,-536.7224298852568,-536.749347245358,1.2600666686111088,"A""",0.8693271332024751,1.658076528151986,0.9227,ok,98.29
2.1,1.1,120.0,74,0.012965151414296302,-536.125051913631,-536.7196598766294,-536.7464363013589,1.06369115795718,"A""",0.5941770119638351,1.5783330906336734,0.9175,ok,108.42
2.1,1.15,115.0,74,0.013091412438939794,-536.1190733929393,-536.7154277598611,-536.7423767400212,1.1206153856541345,"A""",0.6703328489992472,1.5868236681162218,0.9185,ok,67.48
2.1,1.15,90.0,74,0.013362644485286101,-536.1273681163102,-536.7234255943839,-536.7501968424388,1.2699413132442123,"A""",0.8445121463517986,1.6371140311641745,0.922,ok,99.59
2.1,1.15,75.0,74,0.015143802485823896,-536.1206622640144,-536.717720459822,-536.745095694803,1.197433505879443,"A""",0.920137890628151,1.7252166979707424,0.9247,ok,109.4
2.1,1.15,100.0,74,0.012935747698411276,-536.1270190909287,-536.7227681246968,-536.7494291343447,1.2499626738700316,"A""",0.7917067417977808,1.6084939721142204,0.9208,ok,97.77
2.1,1.15,110.0,74,0.012917465831490654,-536.1226832953314,-536.7186906116656,-536.7454825658364,1.1770425569970941,"A""",0.7195955735114106,1.5915744920321806,0.9193,ok,97.53
2.1,1.15,95.0,74,0.013096745642576726,-536.1276964384235,-536.7235335005959,-536.7502192751772,1.26653166176082,"A""",0.8193056807464075,1.621031953639279,0.9214,ok,108.5
2.1,1.15,120.0,74,0.01343388157238929,-536.1145482540242,-536.7113897087359,-536.738560188298,1.0510514464319893,"A""",0.6100025012612653,1.584669281634251,0.9174,ok,98.64
2.1,1.15,125.0,74,0.014004899120493781,-536.1091502230861,-536.7066113016815,-536.7340729826898,0.968696445121178,"A""",0.5381518066144094,1.585403600851004,0.9162,ok,104.76
2.1,1.2,130.0,74,0.015581004194336051,-536.0913882784471,-536.6918501470593,-536.7201144732458,0.8609213254584716,"A""",0.4720644813556221,1.5964264438215277,0.9146,ok,66.9
2.1,1.15,130.0,74,0.01489197501615304,-536.1029275654448,-536.7011294762327,-536.7289603223353,0.8740548410132853,"A""",0.45541424639627726,1.5894507831614006,0.9147,ok,108.77
2.1,1.15,135.0,74,0.01622094661342083,-536.0959355405844,-536.694982952657,-536.7232737720902,0.7677536527962731,"A""",0.36325249422198935,1.5973637809167138,0.9129,ok,109.2
2.1,1.2,75.0,74,0.015829841819843808,-536.1090643783365,-536.7082229778871,-536.7360473834625,1.1869015029032306,"A""",0.917922681372126,1.735311400442402,0.925,ok,106.64
2.1,1.25,115.0,74,0.014093257185829319,-536.0947503809634,-536.695793802464,-536.7236020762656,1.0960109665802829,"A""",0.6988186240202795,1.5970916604496903,0.9182,ok,66.82
2.1,1.2,80.0,74,0.014825886452359282,-536.1119737206434,-536.7109462411896,-536.7385006061567,1.2267760930063945,"A""",0.8963354213699495,1.6927739822540593,0.9237,ok,106.33
2.1,1.2,105.0,74,0.013257077347117306,-536.113438581654,-536.711578223931,-536.7386848511746,1.2087870337641153,"A""",0.7713552404215852,1.603207968265671,0.92,ok,95.69
2.1,1.2,120.0,74,0.013966573868072067,-536.1028380350864,-536.7019733828812,-536.7295636973032,1.0383856569200725,"A""",0.6254744867997218,1.5906027600876942,0.9173,ok,92.31
2.1,1.2,115.0,74,0.013563742187551077,-536.1072887875241,-536.705952947946,-536.7333173827858,1.108327199215095,"A""",0.6849046709804383,1.5922067037655723,0.9183,ok,97.51
2.1,1.2,85.0,74,0.014156885929697875,-536.114132285089,-536.7128042727663,-536.7401429220009,1.2505711605173397,"A""",0.8736492801355019,1.662937165855229,0.9228,ok,108.19
2.1,1.2,90.0,74,0.013717721491797326,-536.1154081499498,-536.7137906479834,-536.7409760994063,1.2601017249950675,"A""",0.8511581420420055,1.641257255225719,0.922,ok,106.3
2.1,1.2,95.0,74,0.013441652188927245,-536.115732324139,-536.7139085335582,-536.7410049392716,1.2561964770970329,"A""",0.8279680584593319,1.6250005610808942,0.9214,ok,107.79
2.1,1.2,110.0,74,0.01333985913010291,-536.1108338139711,-536.7091648556955,-536.7363690617121,1.1651889682563128,"A""",0.7330260757489916,1.596442351932599,0.9192,ok,105.94
2.1,1.25,75.0,74,0.01664234349161559,-536.0967217332919,-536.6979924508477,-536.7262968731955,1.1755542008329862,"A""",0.9135759531723127,1.7447259375897868,0.9252,ok,96.07
2.1,1.25,85.0,74,0.01460384782555542,-536.1014466440116,-536.7024569280624,-536.7302415582643,1.2408564775245825,"A""",0.8766148790765186,1.6669870610324315,0.9227,ok,97.72
2.1,1.25,95.0,74,0.013818041400007633,-536.102997811123,-536.7035732290467,-536.7311044186303,1.2457834855224748,"A""",0.8357186419542414,1.6282944678304268,0.9213,ok,97.81
2.1,1.25,90.0,74,0.014107441736594135,-536.1026771513897,-536.7034399134018,-536.7310635618795,1.25013787385624,"A""",0.8567126584247802,1.6446582025351575,0.922,ok,98.44
2.1,1.2,125.0,74,0.014609202754011282,-536.0975223004966,-536.6972607027681,-536.7251481201245,0.955739213294028,"A""",0.5543073056777397,1.5918858144224328,0.916,ok,108.35
2.1,1.2,135.0,74,0.017010002318838716,-536.0844895849966,-536.6857793389883,-536.7145140247953,0.7546066339153017,"A""",0.3802370607684438,1.604710924529643,0.9128,ok,109.38
2.1,1.25,105.0,74,0.01368053499915449,-536.100770899069,-536.7013108882235,-536.7288535219618,1.1973672661994064,"A""",0.7826833012251239,1.6070600611785155,0.9199,ok,96.82
2.1,1.25,80.0,74,0.015400816996870749,-536.0994019676239,-536.7006323013856,-536.7286463617111,1.216800766212676,"A""",0.896106444071629,1.6985067100846096,0.9238,ok,107.13
2.1,1.25,120.0,74,0.014567450356703013,-536.0903814649919,-536.6918823328377,-536.7199226013321,1.0257117734935708,"A""",0.6403078751141029,1.596083517285618,0.9171,ok,97.64
2.1,1.25,100.0,74,0.013683195990233413,-536.1023656736836,-536.7028596354191,-536.7303645549815,1.2281810332706409,"A""",0.8118235428479607,1.6160829119501245,0.9206,ok,107.46
2.1,1.25,110.0,74,0.013810399814744223,-536.0982244391632,-536.6989468425555,-536.7265902771998,1.15329771471669,"A""",0.7457750263726078,1.6007743061142867,0.9191,ok,108.35
2.1,1.25,130.0,74,0.01636604219710608,-536.0791218638398,-536.6819183477636,-536.710650505342,0.8478466710292122,"A""",0.48814074395017837,1.6030620884785605,0.9143,ok,99.44
2.15,0.8,90.0,74,0.012254869781242824,-536.111871837946,-536.6959188482695,-536.7214393083135,1.1626984382942132,"A""",0.6991550465997819,1.4361213996905797,0.9159,ok,60.8
2.1,1.25,125.0,74,0.01529500155112682,-536.0851568973341,-536.687245589432,-536.7155907370192,0.9427976014897861,"A""",0.569843020283487,1.597965940263648,0.9158,ok,108.95
2.1,1.25,135.0,74,0.017912045879254577,-536.0723283886941,-536.6759367930575,-536.7051526430764,0.7415798165855434,"A""",0.39672860946771715,1.6117919768010596,0.9126,ok,99.71
2.15,0.8,75.0,74,0.013194215461903627,-536.1047961130247,-536.6904034991755,-536.7164209779131,1.0834059086961885,"A""",0.8028675302674181,1.48365722340347,0.9168,ok,101.14
2.15,0.8,110.0,74,0.011690960504296551,-536.1062708145646,-536.6907230463501,-536.7163966758383,1.090329990548299,"A""",0.5347914663822078,1.3953275726233079,0.9136,ok,59.98
2.15,0.8,80.0,74,0.012841005679134557,-536.1082994481876,-536.6932244907255,-536.7190216251183,1.1223493620865257,"A""",0.7665492937417064,1.465587127683575,0.9165,ok,88.07
2.15,0.8,85.0,74,0.012527572272219694,-536.1106458558206,-536.6950450475287,-536.7206757456023,1.148817444037254,"A""",0.7324575259537136,1.449919946584978,0.9162,ok,99.01
2.15,0.8,105.0,74,0.011728701931999888,-536.109177996098,-536.6932629717322,-536.7188058246318,1.1277138174616732,"A""",0.5846882315942247,1.4033776728627845,0.9144,ok,93.86
2.15,0.8,95.0,74,0.01202571742804352,-536.1120130289313,-536.6958902806404,-536.7213583954917,1.163871449020044,"A""",0.6648157866653702,1.4238470198387103,0.9155,ok,95.48
2.15,0.8,100.0,74,0.011846508228632233,-536.1111037684501,-536.6949949562531,-536.7204700212255,1.1522306993561715,"A""",0.6273733697100274,1.4129325934869237,0.915,ok,95.94
2.15,0.8,120.0,74,0.011983520167552306,-536.0976666575175,-536.6833445659316,-536.7094832715204,0.977477437605803,"A""",0.40823512458070377,1.3849830915312247,0.9114,ok,90.69
2.15,0.8,130.0,74,0.013145225166178135,-536.0856406127035,-536.6731424654896,-536.7000625097265,0.815715170707384,"A""",0.2454802729981838,1.385676465266915,0.9082,ok,91.35
2.15,0.8,115.0,74,0.011761837693035666,-536.1024199301206,-536.6874056683591,-536.7132762984119,1.0401820061879548,"A""",0.47620906561250864,1.3890606647047434,0.9126,ok,99.66
2.15,0.8,125.0,74,0.01241628202472556,-536.0920566429235,-536.6785768163288,-536.7050618255786,0.9025236271027455,"A""",0.33102579266113585,1.3836322360650402,0.91,ok,95.42
2.15,0.9,90.0,74,0.01279924418079777,-536.1434128870228,-536.7311435115988,-536.7572418722297,1.1498406051676056,"A""",0.727995363581333,1.4525190455418422,0.9167,ok,64.51
2.15,0.85,75.0,74,0.013540169027464185,-536.1258411838269,-536.7131542591513,-536.7394475371794,1.080625272746005,"A""",0.8206151754251515,1.4966611065427315,0.9176,ok,98.26
2.15,0.85,105.0,74,0.011941721358203402,-536.1301246272618,-536.7159714091922,-536.7417880127804,1.1194608275167346,"A""",0.598722452763413,1.4108846223034666,0.9146,ok,87.17
2.15,0.85,90.0,74,0.012517074416742465,-536.1328144434286,-536.7186293570114,-536.744426740828,1.1567416932267554,"A""",0.7137102387045863,1.4444525738348386,0.9163,ok,90.45
2.15,0.8,135.0,74,0.01428831974621853,-536.0784754387271,-536.6670840194206,-536.6945435589828,0.7175118463994472,"A""",0.15302105468928748,1.3919165665266595,0.906,ok,102.02
2.15,0.85,100.0,74,0.012074867146397068,-536.1320427320104,-536.7177006798083,-536.7434503999515,1.1446270964141074,"A""",0.6414696700676957,1.4204759767056363,0.9153,ok,91.29
2.15,0.85,95.0,74,0.012270018825903345,-536.1329498196266,-536.7185963586545,-536.7443402297466,1.1570297637833167,"A""",0.679048759905701,1.431639481292798,0.9158,ok,92.21
2.15,0.85,110.0,74,0.01188811784981101,-536.12722872897,-536.7134364005689,-536.7393831124069,1.0815246798863092,"A""",0.5487563426605613,1.4029523170416505,0.9138,ok,90.54
2.15,0.85,80.0,74,0.013151516619337337,-536.1292914535039,-536.7159580193992,-536.74203298008,1.1184788061697168,"A""",0.7827951064793812,1.4763396885765534,0.9171,ok,102.71
2.15,0.85,85.0,74,0.012811245246789121,-536.1316054912229,-536.717764745968,-536.7436732715503,1.1438626286023261,"A""",0.7476447812129468,1.4591866674498353,0.9167,ok,102.63
2.15,0.85,120.0,74,0.012143450958752466,-536.1186525424235,-536.7060721128208,-536.7324833177889,0.9678124946155228,"A""",0.4218702795561467,1.3931135979089857,0.9116,ok,93.34
2.15,0.9,110.0,74,0.012120672425479357,-536.1378554191298,-536.7259622628856,-536.7522047252043,1.072072502398185,"A""",0.5631021835483117,1.4104485612445117,0.9141,ok,63.52
2.15,0.85,130.0,74,0.013257023176504993,-536.1066543559656,-536.6958875241749,-536.7230806225483,0.805525725949558,"A""",0.2584451960752388,1.3943581949896278,0.9083,ok,92.5
2.15,0.85,115.0,74,0.01194157245561457,-536.1233913159115,-536.7101255352569,-536.736268828171,1.0309083100604313,"A""",0.4900477287224103,1.3969082908391262,0.9128,ok,99.78
2.15,0.9,85.0,74,0.013115227455706974,-536.1422246052947,-536.730290463091,-536.7565018033212,1.1378309997749416,"A""",0.7623509119210988,1.4681872061767312,0.9172,ok,90.56
2.15,0.85,125.0,74,0.012553477365830562,-536.1130569999465,-536.7013128763889,-536.7280704979506,0.8925488653455934,"A""",0.34437125759696435,1.3920575828044377,0.9101,ok,102.74
2.15,0.85,135.0,74,0.014373453153085827,-536.0995003595377,-536.689838187351,-536.7175716291532,0.707227287080391,"A""",0.16549904504808327,1.4007595397451984,0.9061,ok,104.16
2.15,0.9,100.0,74,0.012328109305978366,-536.1426406030105,-536.7302124044394,-536.7562598046563,1.1362635173086124,"A""",0.6556521549114206,1.4278203790850148,0.9156,ok,91.13
2.15,0.9,80.0,74,0.013485842697850012,-536.1399528390474,-536.7285043217372,-536.7548833820796,1.1133543365919627,"A""",0.7982960343804997,1.4868808812831107,0.9177,ok,100.6
2.15,0.9,115.0,74,0.012164011074551489,-536.1340379195847,-536.7226620832913,-536.7491006924752,1.0210257391547775,"A""",0.5043985762181609,1.4046514482571413,0.913,ok,92.32
2.15,0.9,105.0,74,0.012184205800524314,-536.140734526217,-536.7284887643905,-536.7546019033589,1.110511509943849,"A""",0.6129950236348302,1.418230776514187,0.9149,ok,101.52
2.15,0.9,95.0,74,0.012535959338053251,-536.1435427532829,-536.7311064640996,-536.757149517402,1.1493467621597244,"A""",0.6931980120938731,1.4391954769091109,0.9162,ok,105.28
2.15,0.95,95.0,74,0.012820336880742692,-536.1466623024274,-536.7362587817933,-536.7626219312917,1.1410011317925741,"A""",0.7070528287099914,1.446427342857467,0.9165,ok,64.46
2.15,0.9,125.0,74,0.012752471278205068,-536.1237478606423,-536.7138755645643,-536.7409287710578,0.8820199155410299,"A""",0.35846203144352873,1.4003944584080017,0.9103,ok,97.91
2.15,0.9,120.0,74,0.012354692612322518,-536.12932091282,-536.7186210766301,-536.7453275287988,0.9575690858985177,"A""",0.4361369698049357,1.4011529112403631,0.9118,ok,100.22
2.15,0.95,75.0,74,0.014327270849589964,-536.1398710699974,-536.7309688573396,-536.7578950985016,1.0706914217805859,"A""",0.8521074775532418,1.5224543261279677,0.919,ok,88.58
2.15,0.9,130.0,74,0.01344231797412858,-536.1173673022317,-536.7084647983185,-536.7359542926677,0.7948044317419461,"A""",0.2722582854993362,1.402940688724348,0.9085,ok,105.2
2.15,0.9,135.0,74,0.014545063486088118,-536.110233790608,-536.7024304339196,-536.7304617119603,0.6964343309470094,"A""",0.17891778772786185,1.4094773708319068,0.9063,ok,104.34
2.15,1.0,85.0,74,0.013776749685971323,-536.1431392148902,-536.7353210461048,-536.762203343473,1.123243305561144,"A""",0.7892308505971947,1.4850250401359741,0.918,ok,64.21
2.15,0.95,80.0,74,0.0138429606683548,-536.143154853947,-536.7336991575706,-536.7604060670848,1.1071437736381282,"A""",0.8126934629159298,1.4971224225506752,0.9182,ok,92.77
2.15,0.95,90.0,74,0.013098387449092596,-536.1465376375693,-536.7362988361275,-536.7627196582145,1.1421763802035307,"A""",0.7417740724818611,1.4602313299016891,0.917,ok,94.55
2.15,0.95,85.0,74,0.013437279386204409,-536.1453738381,-536.7354588651365,-536.7619954145198,1.130901965009013,"A""",0.7762963312074823,1.4768301479421688,0.9176,ok,101.55
2.15,0.95,110.0,74,0.01238664168581523,-536.1410222631608,-536.7311406004217,-536.7576991503313,1.0621460696654939,"A""",0.5776674002878767,1.4177277440255183,0.9143,ok,94.11
2.15,0.95,105.0,74,0.012453565237963576,-536.1438785763648,-536.7336543250105,-536.7600844003728,1.1010388766397259,"A""",0.6273300227462593,1.4253283644281058,0.9151,ok,94.8
2.15,0.95,120.0,74,0.01261738068035058,-536.132544816441,-536.7238332753368,-536.7508554710771,0.9469247803315035,"A""",0.45090548894227367,1.4090123111857347,0.912,ok,93.06
2.15,0.95,125.0,74,0.013014056847686903,-536.1270034162987,-536.7191078461926,-536.7464773609229,0.8711205677726017,"A""",0.37318070826490174,1.4085548620474895,0.9105,ok,96.06
2.15,1.0,80.0,74,0.014224608437375975,-536.1409837457766,-536.7335921824323,-536.7606489102305,1.1000078222966176,"A""",0.8256590799772919,1.5069736506711913,0.9187,ok,89.93
2.15,0.95,115.0,74,0.012427977341852837,-536.1372318437252,-536.7278561384966,-536.75461043404,1.0107089155140543,"A""",0.5191143371425576,1.4122007154406222,0.9132,ok,100.91
2.15,0.95,100.0,74,0.012603136168526784,-536.145767979456,-536.735368847105,-536.7617345033159,1.1273148160968867,"A""",0.6697232746693321,1.4348795864082928,0.9158,ok,106.06
2.15,1.0,90.0,74,0.013412850072231489,-536.1442747409468,-536.7361474864841,-536.7629104079803,1.1339150180976756,"A""",0.7548342875707679,1.4675021991030415,0.9174,ok,92.02
2.15,1.0,75.0,74,0.014776968640139809,-536.1378160574345,-536.7309160064044,-536.7581955124277,1.0638117093992256,"A""",0.8648406392350961,1.5350943484442774,0.9196,ok,103.51
2.15,0.95,130.0,74,0.013703963551953878,-536.1206549614479,-536.713718525863,-536.7415255345514,0.7837409607046015,"A""",0.2868242824679506,1.4113410785704268,0.9087,ok,108.0
2.15,0.95,135.0,74,0.014808245354162308,-536.1135527241158,-536.7077063311388,-536.7360571525178,0.6853285167033204,"A""",0.19320649262271083,1.4179955468026628,0.9065,ok,109.08
2.15,1.0,100.0,74,0.012898139686539608,-536.1435110751042,-536.7352234397362,-536.7619262185381,1.117936753621013,"A""",0.6835071939730688,1.441569421343326,0.9161,ok,96.19
2.15,1.0,95.0,74,0.013121203733623622,-536.1443945764889,-536.7361061828019,-536.7628085518064,1.1321536596933255,"A""",0.7204207496989328,1.4532505316792144,0.9167,ok,108.53
2.15,1.0,115.0,74,0.012732921088545705,-536.1350603414737,-536.7277630903108,-536.7548519845302,1.0001075207699437,"A""",0.5340317979373891,1.4194737436428346,0.9134,ok,95.75
2.15,1.05,75.0,74,0.015276730239653964,-536.1319483497906,-536.7270819641627,-536.7547385213227,1.0558196158040885,"A""",0.874992669762898,1.5474749923306457,0.9202,ok,63.07
2.15,1.0,105.0,74,0.012748151667723032,-536.1416431954609,-536.7335220532524,-536.7602878383461,1.0911939350423332,"A""",0.6415494852229434,1.4320942911904158,0.9153,ok,103.72
2.15,1.0,110.0,74,0.01268484490780402,-536.1388160224678,-536.7310260351744,-536.7579194685073,1.0518946226372048,"A""",0.5922817243574741,1.4247066425377066,0.9144,ok,104.57
2.15,1.0,125.0,74,0.013340120651577728,-536.1249123194623,-536.7190669710384,-536.7467722288774,0.8600070813793587,"A""",0.3883887286437892,1.4164648784980842,0.9107,ok,94.35
2.15,1.0,120.0,74,0.01293167079697123,-536.1304121394293,-536.7237649951539,-536.7511220526388,0.9360323169237438,"A""",0.4660209177016727,1.4166118948026196,0.9122,ok,107.23
2.15,1.05,105.0,74,0.01306782522706793,-536.1355663573064,-536.7296082213297,-536.7567281721998,1.081097687956806,"A""",0.6555150681217154,1.4384647684413394,0.9155,ok,66.48
2.15,1.0,130.0,74,0.014044305869562512,-536.1186068863183,-536.7137069884038,-536.7418513891122,0.772498439586414,"A""",0.30201415583918456,1.4194918614850247,0.9089,ok,108.42
2.15,1.0,135.0,74,0.01516714845923427,-536.1115477585436,-536.7077252932138,-536.7364161895816,0.6740794968331192,"A""",0.20825697895751163,1.426258398043758,0.9067,ok,109.08
2.15,1.05,90.0,74,0.013743080095354474,-536.1381622168699,-536.7322040364251,-536.7593280892216,1.1251963459472198,"A""",0.7670155967255915,1.4742637645359886,0.9176,ok,97.2
2.15,1.05,110.0,74,0.013015357053262273,-536.1327746827515,-536.727135326611,-536.7543822482572,1.0414352357488053,"A""",0.6067948451833234,1.4313226460279045,0.9146,ok,86.83
2.15,1.05,80.0,74,0.014635824883071583,-536.1349773072062,-536.7296951229001,-536.7571231424262,1.0920860745324275,"A""",0.8369264552538147,1.5163604201916352,0.9192,ok,102.14
2.15,1.05,85.0,74,0.01413560988220932,-536.1370586345557,-536.7313904492288,-536.7586384261709,1.1149986776255534,"A""",0.8009618868924231,1.4926997687963564,0.9183,ok,107.35
2.15,1.05,100.0,74,0.013212765481442236,-536.1374078941142,-536.7312919762928,-536.758350307075,1.108255400843714,"A""",0.6968561229595632,1.4478265447998382,0.9162,ok,106.23
2.15,1.05,95.0,74,0.013438373414819224,-536.1382776158256,-536.732163958446,-536.7592241336413,1.1229374733332675,"A""",0.7331534442118854,1.4596001129591896,0.9169,ok,107.54
2.15,1.05,120.0,74,0.013298566074291768,-536.1244610735412,-536.7199341393855,-536.7476452542451,0.9250081876520747,"A""",0.4813333154649185,1.4238949587700906,0.9123,ok,95.92
2.15,1.05,130.0,74,0.014466768788943008,-536.1127618262225,-536.7099495569023,-536.7384515992013,0.7612005968687355,"A""",0.3176960568670099,1.4273543705026575,0.909,ok,94.38
2.15,1.05,135.0,74,0.015626186652062505,-536.105758124494,-536.7040075814773,-536.7330596066305,0.6628180063811403,"A""",0.22394771121156196,1.4342398976221264,0.9069,ok,95.46
2.15,1.1,75.0,74,0.015841771319972657,-536.1234073895042,-536.7205908340245,-536.7486492815068,1.046816129449942,"A""",0.8822833895287354,1.5595407855826948,0.9208,ok,97.22
2.15,1.1,80.0,74,0.015084912841917333,-536.1262752242566,-536.723134872829,-536.7509563579279,1.0835000597736304,"A""",0.846294624580062,1.5252193177531415,0.9196,ok,94.94
2.15,1.1,135.0,74,0.016187960257276163,-536.0973227114268,-536.6976876607627,-536.7271240321791,0.6516433750391741,"A""",0.2401266306839886,1.4419326805921728,0.907,ok,69.12
2.15,1.05,125.0,74,0.01373212745857501,-536.1190129838864,-536.7152715316138,-536.743332183329,0.8487996536659848,"A""",0.40393833021099074,1.4240739472793853,0.9108,ok,106.71
2.15,1.1,85.0,74,0.01451826703765432,-536.1282721774712,-536.7247958913819,-536.7524300280315,1.1062915187652003,"A""",0.8113489241704729,1.4997957902914485,0.9186,ok,98.86
2.15,1.1,100.0,74,0.013548275572338517,-536.1285985087055,-536.724705609042,-536.7521386688328,1.0983724560459913,"A""",0.7096558037243997,1.4536033406465307,0.9164,ok,95.89
2.15,1.15,95.0,74,0.01412931403457081,-536.1187617198362,-536.7171476195082,-536.7449825142023,1.1038216126066185,"A""",0.7562974252984519,1.4706890648958073,0.9172,ok,68.07
2.15,1.1,95.0,74,0.013773381783536234,-536.1294516650248,-536.7255628048271,-536.7529999957505,1.1134623692601793,"A""",0.7451406342590964,1.4654268357861882,0.9171,ok,106.28
2.15,1.1,90.0,74,0.014091498002426692,-536.1293403393626,-536.7255984917684,-536.7531032533226,1.1161382135316957,"A""",0.7782022950831163,1.4804632954887957,0.9178,ok,110.09
2.15,1.1,110.0,74,0.013379658758634224,-536.1240378046051,-536.7206003297529,-536.7482204113053,1.0308575095622512,"A""",0.6210739709188299,1.437530384083405,0.9147,ok,102.36
2.15,1.1,120.0,74,0.013720118780233046,-536.1158306716992,-536.7134733521115,-536.741559170808,0.9139389988167546,"A""",0.4966939618002607,1.430823383241358,0.9124,ok,96.17
2.15,1.1,105.0,74,0.013413724888616856,-536.1267878920062,-536.7230443350093,-536.75053780112,1.0708442937250822,"A""",0.669095669957975,1.444394534702258,0.9156,ok,108.37
2.15,1.1,115.0,74,0.013468892406751223,-536.1203745138918,-536.7173998391021,-536.7452157421193,0.9784852247473707,"A""",0.5638751338268491,1.4329660070024508,0.9136,ok,107.25
2.15,1.1,130.0,74,0.014973053300597224,-536.1042585959706,-536.7035799438079,-536.7324617611939,0.7499411546964085,"A""",0.33370933829782284,1.4349060756083996,0.9091,ok,98.01
2.15,1.1,125.0,74,0.014192489512891418,-536.1104442910391,-536.7088546507965,-536.7372920038146,0.8375866044975651,"A""",0.4196768774880584,1.4313510242868048,0.9109,ok,109.44
2.15,1.15,85.0,74,0.014931357199660211,-536.1176246266471,-536.7163804016516,-536.7444225944294,1.0972327197058156,"A""",0.8202967796881748,1.506257994173923,0.9188,ok,98.21
2.15,1.15,80.0,74,0.015583262196637858,-536.1157216492256,-536.7147523428907,-536.742991080832,1.074361347335235,"A""",0.8536350342788359,1.5334861224861982,0.9199,ok,103.61
2.15,1.15,75.0,74,0.016491613487590522,-536.1130365637782,-536.712280285908,-536.7407675458626,1.0368956015073065,"A""",0.8865973779554109,1.5712291485454266,0.9212,ok,107.67
2.15,1.15,90.0,74,0.014462285530299983,-536.118654155323,-536.717175097903,-536.7450815440151,1.106843693925806,"A""",0.7883121941274949,1.4860540399676194,0.918,ok,104.17
2.15,1.15,100.0,74,0.013907374788754314,-536.1179276597591,-536.7163096247933,-536.7441382142092,1.088371912386123,"A""",0.7218083441265793,1.4588608398304124,0.9165,ok,104.79
2.15,1.15,105.0,74,0.01378875708712514,-536.1161521661793,-536.7146759828962,-536.7425641279949,1.0605105511944155,"A""",0.6821810930798928,1.4498449338795063,0.9157,ok,108.1
2.15,1.2,100.0,74,0.014294204286554093,-536.1060205873011,-536.7067347798078,-536.734982035898,1.0783252244339507,"A""",0.7332263745052829,1.4635631658001345,0.9165,ok,67.67
2.15,1.15,110.0,74,0.013780709472044881,-536.1134493157749,-536.7122668900907,-536.7402818284276,1.0202322636101455,"A""",0.6349925963228762,1.4432936114930333,0.9147,ok,97.25
2.15,1.15,115.0,74,0.013904751501965192,-536.1098429448463,-536.7091079270105,-536.7373197444028,0.9676174121537469,"A""",0.5785113101267572,1.4391099377246321,0.9137,ok,98.65
2.15,1.15,120.0,74,0.014199483909477506,-536.1053639512197,-536.7052289987433,-536.7337126805729,0.9028892941605795,"A""",0.5119383252059501,1.4373698511974264,0.9124,ok,107.18
2.15,1.2,120.0,74,0.01474103869317437,-536.0936840561111,-536.6958325761807,-536.7247406786564,0.8919067024307415,"A""",0.5268662521950215,1.4435112092568323,0.9124,ok,67.84
2.15,1.2,75.0,74,0.01724961608678853,-536.1014591532248,-536.7027730734847,-536.7317190707728,1.0261508275027784,"A""",0.8880079514152657,1.5824624228265676,0.9216,ok,96.55
2.15,1.15,125.0,74,0.014724612328399113,-536.1000488664678,-536.7006630799747,-536.7295012635869,0.8264321784979899,"A""",0.435433127834258,1.4382793252961725,0.9109,ok,106.91
2.15,1.2,80.0,74,0.01614511530899761,-536.1039410295713,-536.7051739485373,-536.7338561349393,1.064777164024173,"A""",0.858903917310097,1.5410885744863085,0.9201,ok,97.32
2.15,1.2,85.0,74,0.015383636538649235,-536.105741244175,-536.7067725923613,-536.7352468747647,1.0879250272686751,"A""",0.8277566578586956,1.5120290214923509,0.919,ok,98.62
2.15,1.2,95.0,74,0.01451072670444131,-536.1068333178783,-536.7075488382065,-536.7358043058005,1.0940967878550154,"A""",0.766554252893854,1.4753475665531508,0.9173,ok,96.02
2.15,1.15,130.0,74,0.015567333646849498,-536.0939395234589,-536.6954454720737,-536.7247323767626,0.7387875898012352,"A""",0.34987684482783266,1.4421411436480844,0.9092,ok,109.5
2.15,1.2,90.0,74,0.014861326342593855,-536.106729255773,-536.7075636422572,-536.7358948345152,1.0974052215307049,"A""",0.7972913991956552,1.4909899846625718,0.9181,ok,98.52
2.15,1.15,135.0,74,0.016855767889989895,-536.0870836717452,-536.6896135641641,-536.7194610510918,0.6406303393232567,"A""",0.25660474423587043,1.4493417224323941,0.9071,ok,112.61
2.15,1.2,110.0,74,0.014222169214841996,-536.1016334833599,-536.7027660536512,-536.7312003153532,1.0096142143412874,"A""",0.6484061727757285,1.4485817627685182,0.9147,ok,98.41
2.15,1.2,115.0,74,0.01439128595449611,-536.0980904630063,-536.6996557705636,-536.7282889280257,0.9567843441394909,"A""",0.5927349284847208,1.4448134492165694,0.9137,ok,98.21
2.15,1.2,105.0,74,0.014196944109980365,-536.1042839758619,-536.7051340918864,-536.7334406183359,1.0501587272525352,"A""",0.6946522775238696,1.4547825933788805,0.9157,ok,107.34
2.15,1.25,75.0,74,0.018143427330408024,-536.0891354713738,-536.6925315200995,-536.7219702174182,1.0146744424602698,"A""",0.8867645864610235,1.5931410509685278,0.922,ok,97.58
2.15,1.25,95.0,74,0.014923542646176707,-536.0941295223082,-536.6972365384097,-536.7259382970726,1.0843583416481897,"A""",0.7758568409966878,1.4793618599570904,0.9173,ok,98.03
2.15,1.2,125.0,74,0.015332539445684187,-536.0884493378676,-536.6913287061546,-536.7205956205974,0.8153853730683897,"A""",0.45097529120300295,1.4448401478743036,0.9109,ok,110.55
2.15,1.2,130.0,74,0.016254147693267496,-536.0824267903342,-536.6861785194401,-536.71590004862,0.7277896387042913,"A""",0.36595834031879737,1.4490552763911266,0.9092,ok,110.01
2.15,1.2,135.0,74,0.017634864473586868,-536.0756628327102,-536.6804183485123,-536.7107085685257,0.6298312631156796,"A""",0.2731386148745091,1.4564835532193317,0.9071,ok,108.34
2.15,1.25,80.0,74,0.016788003481909567,-536.0913951520026,-536.6948659115195,-536.7240209979198,1.0548504510671584,"A""",0.8621596156521699,1.54794306165833,0.9203,ok,105.9
2.15,1.25,85.0,74,0.015886258287226368,-536.0930847695164,-536.6964409191189,-536.7253742082698,1.078463873049774,"A""",0.8337346906198668,1.5170456075791396,0.9191,ok,105.83
2.15,1.25,135.0,74,0.01852973869750727,-536.0635189709111,-536.6705742954573,-536.7013449489638,0.6192851703632016,"A""",0.28937923884010264,1.4633659522954385,0.9071,ok,67.88
2.15,1.25,105.0,74,0.014643403334024904,-536.0916455861477,-536.6948890744634,-536.7236409252282,1.0398386408628169,"A""",0.7063780330589879,1.4591725446622612,0.9156,ok,99.6
2.2,0.8,90.0,74,0.013116953702911294,-536.1027369096385,-536.6895025137165,-536.7162247481132,1.0161336455026946,"A""",0.6136456420308101,1.2952602649349767,0.9107,ok,60.72
2.15,1.25,115.0,74,0.014933718897091759,-536.0855781428745,-536.6895139693038,-536.7185977420048,0.9460221431626051,"A""",0.6063239749834425,1.4500456396905326,0.9136,ok,105.94
2.15,1.25,100.0,74,0.014713989772029184,-536.0933400370055,-536.6964513836365,-536.7251434605002,1.0682916746877342,"A""",0.7438138969763406,1.467673677770179,0.9165,ok,107.65
2.15,1.25,110.0,74,0.014710296199355702,-536.0890519995004,-536.6925683311201,-536.7214499170328,0.9990453723117957,"A""",0.6611288051725746,1.4533612052463776,0.9147,ok,109.38
2.15,1.25,120.0,74,0.015350639129332207,-536.0812514360673,-536.6857548819163,-536.7151182181879,0.881022989679109,"A""",0.5412188274558114,1.449223487721127,0.9123,ok,107.65
2.2,0.8,75.0,74,0.014194091828760063,-536.0966689836823,-536.6848260826143,-536.7120419055173,0.9443440247724766,"A""",0.7207039910787782,1.3390211376920513,0.9119,ok,87.37
2.2,0.8,80.0,74,0.01378748821362675,-536.0997560295658,-536.6872812187578,-536.7142709744008,0.9800544846682897,"A""",0.6839850624929291,1.3223533198727082,0.9115,ok,88.71
2.15,1.25,125.0,74,0.016022018701862796,-536.0761055519457,-536.6813226315994,-536.7110509211551,0.8044762753963866,"A""",0.4660132372475048,1.4510188412995253,0.9109,ok,109.78
2.2,0.8,105.0,74,0.012500960236798298,-536.0996617014525,-536.6866841293936,-536.7134956367682,0.9810375829465232,"A""",0.48768871068463177,1.2656910010816995,0.9088,ok,82.6
2.2,0.8,95.0,74,0.012853592380001121,-536.1026897467141,-536.6893525250243,-536.7160371999505,1.0163777788440445,"A""",0.5763534631701331,1.2840705711857843,0.9102,ok,89.33
2.15,1.25,130.0,74,0.01703809451039284,-536.0701796819321,-536.6762506656042,-536.7064417133055,0.7169799856356699,"A""",0.38162652580509565,1.4556444192932145,0.9091,ok,110.11
2.2,0.8,85.0,74,0.013428682078619882,-536.1017686791342,-536.6888245746891,-536.7156490991081,1.004003795552353,"A""",0.648875212377342,1.3079214590504245,0.9111,ok,97.82
2.2,0.8,110.0,74,0.012441550467652867,-536.0967390247473,-536.6842170996985,-536.7111985528389,0.9454963075248944,"A""",0.4329943601641002,1.2586390011385822,0.9078,ok,88.88
2.2,0.8,115.0,74,0.012494718896545123,-536.0929200219879,-536.6810315059564,-536.7082597832344,0.8982066347692816,"A""",0.3700609091755743,1.2533032577068597,0.9067,ok,88.66
2.2,0.8,100.0,74,0.012644549760944536,-536.1016552580262,-536.6884044729269,-536.7151181405277,1.0046833244498925,"A""",0.5349881720086569,1.2742123332933584,0.9096,ok,98.27
2.2,0.8,125.0,74,0.013127106430637974,-536.0827421397884,-536.6726348396554,-536.7006180835715,0.7694981797902368,"A""",0.219474670448366,1.2492712170724514,0.9034,ok,92.73
2.2,0.85,75.0,74,0.01459896066854127,-536.1177899405386,-536.7076059888643,-536.7350964613598,0.9407993972825058,"A""",0.7421739875562895,1.3523913266534715,0.9128,ok,87.02
2.2,0.8,135.0,74,0.014996126160077335,-536.0694678255701,-536.6617876444785,-536.6909656146404,0.598210338266289,"A""",0.041013023514619884,1.2574357071690623,0.8986,ok,91.41
2.2,0.85,120.0,74,0.012876645821911711,-536.1092932046802,-536.699929252301,-536.7277584618104,0.8307685579716297,"A""",0.311771641062502,1.258373172298358,0.9055,ok,61.86
2.2,0.8,120.0,74,0.012702967791508158,-536.0882409949666,-536.6771590136921,-536.704717898664,0.839420332393272,"A""",0.2987360936907317,1.2500330092749457,0.9052,ok,102.82
2.2,0.8,130.0,74,0.013852299053809846,-536.0764679468066,-536.6674973414931,-536.696013144659,0.6889060368106317,"A""",0.1331767499799703,1.2515433157708982,0.9012,ok,102.16
2.2,0.85,130.0,74,0.01395658060856886,-536.0975474096377,-536.6902856563411,-536.7190689196209,0.6799634572986436,"A""",0.14567250976416138,1.2602341535993138,0.9016,ok,62.45
2.2,0.85,85.0,74,0.013761469328940092,-536.1228014204357,-536.7115800280723,-536.7386829081194,0.9988640467919315,"A""",0.6654897773337458,1.317647070649039,0.9117,ok,90.97
2.2,0.85,80.0,74,0.014152009149700287,-536.1208225160905,-536.7100474573696,-536.7373148947759,0.9757259954881383,"A""",0.7025242958317882,1.3335368811800354,0.9122,ok,101.22
2.2,0.85,90.0,74,0.013423783662884258,-536.1237513842742,-536.7122512709531,-536.7392513197027,1.0102321519833086,"A""",0.6290227835032073,1.3040549773624,0.9112,ok,91.19
2.2,0.85,95.0,74,0.013138496470108585,-536.1236972884636,-536.7120987272434,-536.7390601341123,1.0098010221141112,"A""",0.5909477402816897,1.292315541437874,0.9107,ok,98.93
2.2,0.85,105.0,74,0.01274601263338244,-536.1206770549603,-536.7094346349829,-536.7365202946323,0.973393674291417,"A""",0.501440568147071,1.2735925730957063,0.9092,ok,100.66
2.2,0.85,110.0,74,0.012665599468148778,-536.1177647471852,-536.706972870043,-536.7342271896331,0.9374447821952625,"A""",0.4464846599375803,1.2666115950679204,0.9082,ok,100.11
2.2,0.85,125.0,74,0.013268727304953853,-536.1038083630149,-536.6954137714087,-536.7236659926882,0.7606563365340424,"A""",0.232262954538845,1.2578137291588583,0.9037,ok,92.08
2.2,0.85,100.0,74,0.012909374771650124,-536.122663929098,-536.711151555057,-536.7381406821387,0.9975275504240466,"A""",0.5490818498104952,1.28218505987737,0.91,ok,103.32
2.2,0.85,115.0,74,0.0126955448781523,-536.113958402002,-536.7037939448247,-536.731293820771,0.8898198627195745,"A""",0.3833235250727407,1.2614377715715253,0.907,ok,98.95
2.2,0.85,135.0,74,0.015058471190830487,-536.0905587726462,-536.684585830268,-536.7140294200059,0.5892785005362284,"A""",0.05314331210119592,1.2661670709620385,0.899,ok,99.67
2.2,0.9,80.0,74,0.014542181362826728,-536.1315504926695,-536.7226208264352,-536.7501936889053,0.9702110609373152,"A""",0.7208692451278219,1.3445760086271437,0.913,ok,100.46
2.2,0.9,75.0,74,0.015036791274696145,-536.1285896648939,-536.7202036677932,-536.7479980893443,0.9358379375782551,"A""",0.7634425112885528,1.365792159867165,0.9137,ok,103.27
2.2,0.9,90.0,74,0.013752615962632674,-536.1344163254894,-536.7248007111498,-536.7521040953245,1.003432188832592,"A""",0.6443357990752044,1.312623373657417,0.9117,ok,92.64
2.2,0.9,95.0,74,0.013446816017686136,-536.1343562137347,-536.7246464817757,-536.7519094654317,1.0024229943765393,"A""",0.605578052279246,1.3003496474443965,0.9111,ok,91.3
2.2,0.9,85.0,74,0.014116619394401418,-536.1334872776813,-536.7241375355784,-536.7515452444613,0.9927021618373623,"A""",0.6819582447573509,1.3271589277287883,0.9124,ok,99.85
2.2,0.95,95.0,74,0.013774600909020142,-536.1375368397239,-536.7298339591878,-536.7574208286719,0.9944186606098692,"A""",0.6200705103248043,1.3080778998952827,0.9115,ok,63.61
2.2,0.9,110.0,74,0.012927239682513832,-536.1284551251474,-536.7195387793081,-536.7470898985247,0.9287855343956539,"A""",0.46033546389752256,1.274450444879116,0.9085,ok,90.69
2.2,0.9,105.0,74,0.013022380258692746,-536.1313514663088,-536.7219917624662,-536.7493756666089,0.9650899865675,"A""",0.5154451768241599,1.2813372616513061,0.9095,ok,93.87
2.2,0.95,110.0,74,0.013223304309597969,-536.1316809811517,-536.7247543614278,-536.7526238217538,0.9196845973985223,"A""",0.47440908130511356,1.2820626817772918,0.9089,ok,62.88
2.2,0.9,100.0,74,0.01320080189733015,-536.1333271044965,-536.7237023348267,-536.7509913071709,0.9896486676383981,"A""",0.5633194747148706,1.2899730296552594,0.9104,ok,101.64
2.2,0.9,125.0,74,0.013475557663142498,-536.1145608560519,-536.7080163420412,-536.7365617503342,0.7513174519860512,"A""",0.24571968199947566,1.266245296233913,0.9041,ok,91.23
2.2,0.9,115.0,74,0.012941329327745279,-536.1246678971562,-536.7163705438951,-536.744165910493,0.8808681255787565,"A""",0.39704976290068816,1.2694548858343757,0.9073,ok,100.27
2.2,0.9,135.0,74,0.015212040285567706,-536.1013537109328,-536.6972184611311,-536.7269529616674,0.5799097888612953,"A""",0.0661258060435278,1.2747514044479697,0.8993,ok,93.56
2.2,0.95,85.0,74,0.01449112891411389,-536.1366971197912,-536.7293341949464,-536.7570706268335,0.9856959465673976,"A""",0.6980634833486481,1.3363575517279327,0.9129,ok,90.34
2.2,0.9,120.0,74,0.013104645950409855,-536.1200237558674,-536.712518159229,-536.7406416687002,0.8215872834868775,"A""",0.3253766155774114,1.2666045533420693,0.9058,ok,103.18
2.2,0.95,80.0,74,0.014956706564672404,-536.1348116325166,-536.7278377224725,-536.7557412504192,0.9636776476782715,"A""",0.7387521996725784,1.3553736534113043,0.9137,ok,92.92
2.2,0.95,90.0,74,0.014099562375354134,-536.1376022298789,-536.7299885460145,-536.7576182095668,0.9959121497647222,"A""",0.6593937923296286,1.3208681123879475,0.9122,ok,90.46
2.2,0.95,75.0,74,0.015509531158771043,-536.1319416266178,-536.7254550467966,-536.7535804073707,0.9295996340266268,"A""",0.7841029471949134,1.3791430753789216,0.9145,ok,101.05
2.2,0.95,115.0,74,0.01322999332855449,-536.1279199351087,-536.7216016033191,-536.7497140040343,0.8715184862642869,"A""",0.4111163324771938,1.2772622425527367,0.9076,ok,92.31
2.2,0.95,100.0,74,0.013515004822342438,-536.1365150727582,-536.7288953697426,-536.7565060880844,0.9812173737356044,"A""",0.5775390014348752,1.2974831627478614,0.9108,ok,101.57
2.2,0.95,105.0,74,0.01332653373243119,-536.1345553806276,-536.7271945002957,-536.7548983086319,0.9562943140267542,"A""",0.5295530446065415,1.2888318262859257,0.9099,ok,103.48
2.2,0.95,125.0,74,0.013747431566472372,-536.1178728719403,-536.7132847057983,-536.742145191383,0.7416554196641819,"A""",0.25974448834785174,1.2744771104048824,0.9044,ok,96.08
2.2,0.95,120.0,74,0.01338552403367567,-536.1233048955437,-536.7177669301493,-536.7462063885116,0.8120472756444177,"A""",0.3394349625338491,1.2746346163318167,0.9061,ok,102.71
2.2,1.0,80.0,74,0.015397024219178343,-536.1326926896711,-536.7277485394831,-536.7560062748428,0.9562844834967958,"A""",0.7558855859469471,1.3658341215875192,0.9143,ok,94.58
2.2,1.0,125.0,74,0.014084370705380385,-536.1158322595555,-536.7132753588633,-536.7424714220308,0.7318212414643915,"A""",0.2742078222274976,1.2824346578870987,0.9047,ok,66.01
2.2,1.0,75.0,74,0.01602296437877386,-536.1299338792753,-536.7254092414161,-536.7538910780393,0.9222189307541971,"A""",0.8036140449379086,1.3923629570359193,0.9154,ok,101.82
2.2,1.0,90.0,74,0.014462544752286732,-536.1353951741241,-536.7298671265006,-536.7578441892448,0.9878358169640618,"A""",0.6740079458260074,1.3286962188833762,0.9127,ok,100.72
2.2,0.95,130.0,74,0.014399596958516671,-536.1116652771748,-536.7081923044339,-536.7375820539656,0.6608559160674004,"A""",0.17287108163569107,1.277162808338175,0.9022,ok,107.73
2.2,1.0,85.0,74,0.01488408135303927,-536.1345172251316,-536.7292215492429,-536.7573087901209,0.9780109946232877,"A""",0.7135887619206817,1.3451465945854988,0.9135,ok,103.71
2.2,1.05,75.0,74,0.016587925205267813,-536.1241056490837,-536.7215768397872,-536.7504406542331,0.9138091837141077,"A""",0.8212504752072219,1.4053885017383245,0.9161,ok,66.43
2.2,0.95,135.0,74,0.015461066732565752,-536.1047283926868,-536.7025298608718,-536.7325782483498,0.570286399372268,"A""",0.07989874730025544,1.2831151096233122,0.8997,ok,108.32
2.2,1.0,110.0,74,0.013551630229500034,-536.1295285945279,-536.7246739411181,-536.7528817082625,0.9102887343157512,"A""",0.4885472446419165,1.289362619222782,0.9092,ok,94.87
2.2,1.0,95.0,74,0.014119298315213379,-536.1353251307055,-536.7297140411512,-536.7576453180124,0.9859467022732021,"A""",0.6342495486706972,1.3154103058109763,0.9119,ok,101.0
2.2,1.0,115.0,74,0.013559775639269658,-536.1258011867305,-536.7215420613395,-536.7499915244836,0.8619170086149472,"A""",0.42537237449340265,1.2847758763888257,0.9079,ok,94.13
2.2,1.0,100.0,74,0.013849335364707269,-536.1343137699141,-536.7287839624302,-536.756736605132,0.9723869775966473,"A""",0.5915731229706773,1.304626971095548,0.9111,ok,103.05
2.2,1.0,105.0,74,0.013655921469918536,-536.1323748313837,-536.7270966048268,-536.7551403249938,0.9471555035745207,"A""",0.5435990171257289,1.2959894393284117,0.9102,ok,104.4
2.2,1.0,120.0,74,0.013718192522730507,-536.1212238196995,-536.717731250715,-536.7465068625437,0.8022965707253887,"A""",0.35380428130713837,1.282382849124884,0.9064,ok,102.67
2.2,1.0,130.0,74,0.014741387725518716,-536.1096667368088,-536.7082111905505,-536.7379362983927,0.6510238821933605,"A""",0.18737689226172807,1.285252170954933,0.9026,ok,97.2
2.2,1.0,135.0,74,0.015808827464332112,-536.1027723663683,-536.7025783029028,-536.7329622525272,0.5605680200787663,"A""",0.09436642824985483,1.2912048630145292,0.9,ok,97.55
2.2,1.05,85.0,74,0.015297417039392889,-536.1284858331957,-536.7253134360334,-536.7537730604312,0.9697890307685412,"A""",0.7283395844340261,1.3534502901711392,0.9139,ok,96.05
2.2,1.05,95.0,74,0.01448035922223422,-536.1292590891445,-536.7258020335673,-536.7540977337674,0.977139972108399,"A""",0.6479635981571058,1.3222782796574206,0.9123,ok,94.5
2.2,1.05,80.0,74,0.015868286787629242,-536.1267321080886,-536.7238657124253,-536.7525008404033,0.9481680754687656,"A""",0.7719747733457929,1.3758808500111617,0.9149,ok,103.11
2.2,1.05,100.0,74,0.014202970252056149,-536.1282610627172,-536.724883829278,-536.7531981472448,0.9632839652748736,"A""",0.6052732761387231,1.3113379636435563,0.9114,ok,95.3
2.2,1.05,110.0,74,0.01391150584882218,-536.1235356754344,-536.7208140386497,-536.749379864814,0.9007158041063379,"A""",0.5026012112432696,1.2962865008407163,0.9094,ok,95.37
2.2,1.05,115.0,74,0.013930268000110449,-536.1198493667114,-536.7177089105489,-536.7465153726736,0.8521803976886646,"A""",0.4396712600690375,1.2919348088730325,0.9082,ok,95.67
2.2,1.05,90.0,74,0.014841810159593623,-536.1293332918915,-536.7259511959213,-536.7542962326376,0.9793421004930135,"A""",0.6880156689259186,1.3360357582951772,0.9131,ok,106.24
2.2,1.05,105.0,74,0.014009870017372207,-536.1263475823786,-536.7232141865935,-536.75161750665,0.9377951176966514,"A""",0.55744043220973,1.3027440508217063,0.9105,ok,104.13
2.2,1.05,120.0,74,0.014103136055148667,-536.1153183119084,-536.7139285891706,-536.7430605857804,0.7924512263929916,"A""",0.36834853768150994,1.2897942816268744,0.9067,ok,105.71
2.2,1.1,90.0,74,0.015239816708994613,-536.1205570704655,-536.7193708774608,-536.7481051033276,0.9705487586070668,"A""",0.7012785104844224,1.3428310393868614,0.9134,ok,65.93
2.2,1.05,125.0,74,0.014486821438833836,-536.1099769517452,-536.7095063070783,-536.7390585906658,0.7219346677315281,"A""",0.28897334710210865,1.2900678475402458,0.9049,ok,98.78
2.2,1.1,120.0,74,0.01454148245249232,-536.1067272826617,-536.7074912366303,-536.7370012600531,0.7826019194037059,"A""",0.38292222234413337,1.2968309478334068,0.9069,ok,66.3
2.2,1.05,130.0,74,0.015165289569141783,-536.1038642809651,-536.7044782124295,-536.7345599161729,0.6411816400494588,"A""",0.20232332818191728,1.2930298705051233,0.9028,ok,109.65
2.2,1.1,75.0,74,0.01722041110178865,-536.1155977248816,-536.7150830931477,-536.7443557161452,0.9044672383622469,"A""",0.8360698399421539,1.4181658086180502,0.9168,ok,97.37
2.2,1.05,135.0,74,0.016257949117083483,-536.097024217312,-536.6988831298371,-536.7296247124864,0.5508829556237195,"A""",0.10941650935990849,1.2989940603839105,0.9003,ok,109.44
2.2,1.1,85.0,74,0.01573577718929808,-536.1197434697051,-536.7187390081576,-536.7475932826201,0.9611520516934816,"A""",0.7421402760672802,1.361207690518201,0.9143,ok,93.07
2.2,1.1,80.0,74,0.01637929809051395,-536.1180703858741,-536.717316798761,-536.7463534024291,0.9394469193903895,"A""",0.7867093443314945,1.3854494295869704,0.9154,ok,106.61
2.2,1.1,95.0,74,0.014859179575262178,-536.1204790385214,-536.7192286349532,-536.7479094596284,0.9681093618861482,"A""",0.661083419493475,1.3286299875629928,0.9125,ok,105.39
2.2,1.1,100.0,74,0.014576885138058139,-536.1194970267483,-536.718326059007,-536.7470225896172,0.9540121157769673,"A""",0.6185099191655741,1.3175667649444294,0.9117,ok,104.84
2.2,1.1,110.0,74,0.01430390359457763,-536.114841706,-536.7143063441074,-536.7432510552246,0.8910592664580714,"A""",0.5164330837902635,1.3027886144522705,0.9096,ok,107.33
2.2,1.1,115.0,74,0.014342590341452561,-536.1112036560871,-536.7112341324097,-536.7404187674603,0.8423996350831044,"A""",0.45387127883039985,1.2986966164558276,0.9084,ok,106.54
2.2,1.1,130.0,74,0.015673396562554506,-536.0953965082743,-536.6981265508418,-536.7285879035612,0.631424200769011,"A""",0.21757349884380256,1.3004763384621632,0.9031,ok,96.9
2.2,1.15,75.0,74,0.017941298985781808,-536.1052550759761,-536.706766794147,-536.7364775055488,0.8942811266699278,"A""",0.8470462535421148,1.4306379131821754,0.9175,ok,97.65
2.2,1.1,125.0,74,0.014957062019024227,-536.1014456537571,-536.7031102580736,-536.7330410248102,0.7120866377279821,"A""",0.3039050488853215,1.297348536237497,0.9052,ok,108.36
2.2,1.1,135.0,74,0.016811057320546694,-536.0886225700891,-536.6925781434646,-536.7237014851515,0.5413313931944378,"A""",0.12491889530987783,1.3064761846758055,0.9006,ok,107.98
2.2,1.2,85.0,74,0.016718409743546894,-536.097287565917,-536.700750070572,-536.7304676876518,0.9430664336304809,"A""",0.7662506706441747,1.374858971539574,0.915,ok,66.0
2.2,1.15,80.0,74,0.0169422815605257,-536.107552607725,-536.7089433605746,-536.7384074181904,0.9302298875091306,"A""",0.799759001025341,1.394476634346677,0.9159,ok,107.35
2.2,1.15,95.0,74,0.015258782890238791,-536.1098301314231,-536.710838766836,-536.7399270030503,0.9589507787448673,"A""",0.673488368066142,1.3344225014450966,0.9128,ok,97.85
2.2,1.15,100.0,74,0.014973600733716565,-536.1088664971343,-536.7099559164718,-536.7390568999564,0.9446594013770735,"A""",0.6311570588516815,1.3232738776588537,0.9119,ok,96.41
2.2,1.15,85.0,74,0.016206320274615948,-536.1091354382064,-536.710341597429,-536.7396144032878,0.952210475285528,"A""",0.7548282012456008,1.3683624099308236,0.9147,ok,108.31
2.2,1.15,90.0,74,0.015660956471129292,-536.1099118396091,-536.7109705187287,-536.740116688608,0.9615598883772788,"A""",0.7136717728444764,1.3490335941724396,0.9137,ok,108.18
2.2,1.15,105.0,74,0.01479601403567848,-536.1070167740362,-536.7083354817834,-536.7375216514921,0.9187828870101045,"A""",0.5839652197321656,1.3148680333447218,0.9109,ok,96.77
2.2,1.2,95.0,74,0.015684043846684433,-536.0979381060708,-536.7012628705536,-536.7307831232371,0.9497495509586116,"A""",0.6850655895783418,1.339617173131955,0.9129,ok,66.91
2.2,1.15,110.0,74,0.014731599212945987,-536.1042906626292,-536.7059965695003,-536.7353430514511,0.8813954272324039,"A""",0.529903670081372,1.3088340424042286,0.9098,ok,98.04
2.2,1.15,120.0,74,0.015036056848758523,-536.0962937883958,-536.6992653795457,-536.7291775924043,0.7728209556098171,"A""",0.39736760997360254,1.3034673165562893,0.9071,ok,97.13
2.2,1.15,130.0,74,0.016268591218381083,-536.0851057735631,-536.6900032068359,-536.7208703786681,0.6218284956408079,"A""",0.2329614744098718,1.3075827516871457,0.9033,ok,96.24
2.2,1.15,125.0,74,0.015497933118378287,-536.091081026933,-536.6949337177255,-536.7252680211498,0.7023503896999171,"A""",0.3188397517013022,1.304258437820131,0.9054,ok,98.33
2.2,1.15,115.0,74,0.014799220898061826,-536.1007075611939,-536.7029636279558,-536.7325498830795,0.8326477280437772,"A""",0.46782169573551574,1.3050302359009505,0.9086,ok,105.81
2.2,1.15,135.0,74,0.017471521532495524,-536.0784095869362,-536.6845109500058,-536.7160436967782,0.5319953178353327,"A""",0.14070983976232762,1.3136551645315877,0.9009,ok,108.58
2.2,1.2,75.0,74,0.018776028314527373,-536.0937027283026,-536.697251807655,-536.7274333799467,0.8833363275466796,"A""",0.8534982924354318,1.44273794829241,0.918,ok,105.73
2.2,1.2,90.0,74,0.016111414955841438,-536.0980235115438,-536.701380027188,-536.7309631796708,0.9524700614047908,"A""",0.7250779887356592,1.354598147963177,0.9139,ok,97.68
2.2,1.2,80.0,74,0.017572696554478486,-536.0958042278743,-536.6993723857036,-536.7292926449895,0.9206208393277532,"A""",0.8107940563591729,1.40289526139677,0.9163,ok,106.86
2.2,1.2,105.0,74,0.015234903934946822,-536.0951825696238,-536.6988155167815,-536.7284294104285,0.9092803289923163,"A""",0.5963734203921408,1.320168226467617,0.911,ok,93.92
2.2,1.2,100.0,74,0.015397392341874006,-536.0969948609259,-536.7004041252244,-536.7299342438461,0.9353021923006617,"A""",0.6430907035563488,1.3284250662170285,0.912,ok,106.39
2.2,1.2,115.0,74,0.015305033637978306,-536.0889849256313,-536.6935285916368,-536.7235430404857,0.8229841209514442,"A""",0.4813484633565425,1.3109125086857305,0.9087,ok,99.7
2.2,1.2,110.0,74,0.015198003962453403,-536.0925069411873,-536.696515729309,-536.7262897021127,0.8717874499568364,"A""",0.5428561341336767,1.3143959807656083,0.9099,ok,108.21
2.2,1.25,100.0,74,0.01585362953564371,-536.0843450456528,-536.6901410027114,-536.7201281013122,0.9260072231189049,"A""",0.6541620131892854,1.332989837726594,0.9121,ok,66.3
2.2,1.2,120.0,74,0.015591098371061011,-536.0846411321538,-536.6898824095116,-536.720224418883,0.7631661739848594,"A""",0.4114937565831616,1.309684949156492,0.9072,ok,108.36
2.2,1.25,135.0,74,0.019132874659529217,-536.0548748595712,-536.665460414754,-536.6979153425123,0.514215154926572,"A""",0.17224938859042446,1.3271613718931763,0.9012,ok,68.54
2.2,1.25,80.0,74,0.018290080713024872,-536.0832880800581,-536.6890706210332,-536.7194795583864,0.9107200769250184,"A""",0.8195385194818224,1.4106312688809723,0.9166,ok,97.86
2.2,1.25,85.0,74,0.017284377420714814,-536.0846631758299,-536.6904331216383,-536.7206250502313,0.9338167640354313,"A""",0.7762830601397945,1.3806394814073149,0.9152,ok,96.66
2.2,1.2,125.0,74,0.016113197627843828,-536.0795058776924,-536.6856084081141,-536.7163751022746,0.692784979804976,"A""",0.3335721571417775,1.310785611154635,0.9055,ok,109.51
2.2,1.2,130.0,74,0.016956016108201126,-536.073614455158,-536.6807402869546,-536.7120437054008,0.6124527965074549,"A""",0.2482871366247774,1.314351767863098,0.9035,ok,108.91
2.2,1.25,75.0,74,0.01975539860976593,-536.0814028513809,-536.6870014922248,-536.7176913724538,0.8717166809547274,"A""",0.8555124152419195,1.4543857755171514,0.9185,ok,108.44
2.2,1.2,135.0,74,0.018243142078494798,-536.0670073032757,-536.6753143106586,-536.7072888668248,0.5229395919338313,"A""",0.15657806059735505,1.3205443141260507,0.9011,ok,110.08
2.2,1.25,90.0,74,0.01659952034338674,-536.0853555408064,-536.6910690577789,-536.7211172605275,0.9433656452145864,"A""",0.7353927077445884,1.3594804956511277,0.914,ok,107.72
2.2,1.25,110.0,74,0.01570942265137867,-536.0799524214842,-536.6863343250592,-536.7165651535231,0.8622878530812303,"A""",0.5550840517665583,1.3194498234939096,0.91,ok,96.44
2.2,1.25,115.0,74,0.015865391072285653,-536.076497038491,-536.6833996360194,-536.7138727897299,0.8134573962606864,"A""",0.49422854150228157,1.31632230312021,0.9087,ok,95.48
2.2,1.25,95.0,74,0.016141099885329427,-536.0852662529084,-536.6909710457653,-536.7209509537245,0.9405810649258921,"A""",0.6956904939441364,1.3441787481520535,0.913,ok,105.53
2.25,0.8,90.0,74,0.014028972109185824,-536.0936657994953,-536.6832505828595,-536.7112775848817,0.8859601939716764,"A""",0.5029617433254256,1.168062952225415,0.9051,ok,86.67
2.2,1.25,130.0,74,0.01774108261797244,-536.0613821652049,-536.6708094197313,-536.7025849047617,0.6033464682528621,"A""",0.26327245344719324,1.3207840370245998,0.9036,ok,97.58
2.25,0.8,95.0,74,0.01373115158967475,-536.0934619648676,-536.683010451026,-536.7110154366271,0.8855223027985605,"A""",0.46447232154756046,1.1579113766730567,0.9045,ok,90.89
2.25,0.8,75.0,74,0.015246546672585829,-536.0884766261617,-536.6792855303113,-536.7078042275213,0.8210511730479386,"A""",0.5975871510923172,1.2080683838422919,0.9065,ok,98.21
2.2,1.25,105.0,74,0.01571099642008803,-536.0825732456126,-536.6885894043172,-536.7186595339584,0.8998653743698238,"A""",0.6079904485345393,1.324923626737514,0.9111,ok,109.01
2.2,1.25,120.0,74,0.016212917760491847,-536.0722300129203,-536.6798131247909,-536.71061686285,0.753682981178769,"A""",0.42506332314319517,1.3154690589155196,0.9073,ok,107.97
2.25,0.8,85.0,74,0.014380573525228335,-536.0929184447737,-536.682732183636,-536.7108533881121,0.8753483368733433,"A""",0.537546913185818,1.1796101181796141,0.9056,ok,99.37
2.2,1.25,125.0,74,0.016809449365799825,-536.0671803409758,-536.6756054216568,-536.7068381873446,0.6834342384534501,"A""",0.3478488390831969,1.316925099285723,0.9056,ok,109.88
2.25,0.8,100.0,74,0.013491668587987496,-536.0923296373546,-536.6820369555311,-536.710094352159,0.8740285605284575,"A""",0.4208326675594521,1.1490364472531505,0.9037,ok,94.86
2.25,0.8,115.0,74,0.013268236491004622,-536.0836090812322,-536.6749483350477,-536.7036471881883,0.7739265659091366,"A""",0.24936658776837384,1.1306506100055147,0.9003,ok,92.01
2.25,0.85,80.0,74,0.015208695563201875,-536.1123335971241,-536.704215847735,-536.7327801584249,0.8490014350292536,"A""",0.5878603911740323,1.204261067007366,0.907,ok,67.25
2.25,0.8,110.0,74,0.013237553810741907,-536.0873759003605,-536.6779808911302,-536.706379921869,0.8180811757745422,"A""",0.31385256005906037,1.135246315610637,0.9017,ok,100.56
2.25,0.8,105.0,74,0.013321134313729863,-536.0902923631415,-536.6803526158587,-536.7085399068538,0.8515136809725662,"A""",0.3708943032305246,1.141443564912138,0.9028,ok,102.67
2.25,0.8,125.0,74,0.013853889323963682,-536.0736570153285,-536.6670261735585,-536.6966280214925,0.6547864258412918,"A""",0.09891764475988934,1.1274475628661038,0.8965,ok,91.74
2.25,0.8,120.0,74,0.0134542364057882,-536.079024175923,-536.6712853693082,-536.7003809791061,0.7193542416585457,"A""",0.1775575376856601,1.1279375202604398,0.8985,ok,99.67
2.25,0.85,90.0,74,0.014385451874652932,-536.1147477259371,-536.7060298257932,-536.7343360574607,0.8801201841893758,"A""",0.5181291644012582,1.1771807121468965,0.9058,ok,61.76
2.25,0.8,135.0,74,0.015649035367349674,-536.06073809729,-536.6568728938444,-536.6878956295541,0.4979855390475897,A',-0.07571675678182785,1.1346333531838293,0.8909,warn:Ap_below,93.54
2.25,0.8,130.0,74,0.014548469181127559,-536.0675471377007,-536.6622083813372,-536.6924438836148,0.5807702677148914,"A""",0.01419482738615397,1.129555021231861,0.8939,ok,97.67
2.25,0.85,100.0,74,0.01379782749858594,-536.1134030356206,-536.7048166590585,-536.7331504558213,0.8672620803459599,"A""",0.4344073244683808,1.1573085850739715,0.9043,ok,87.96
2.25,0.85,95.0,74,0.014061441238192827,-536.1145355824684,-536.705788525764,-536.734071535406,0.8791834531371467,"A""",0.4786792103887025,1.166475190341215,0.9051,ok,89.41
2.25,0.85,75.0,74,0.01571534765758747,-536.1096694500595,-536.7020882906756,-536.7308819004298,0.8168673521934103,"A""",0.619146041558044,1.2216184952026317,0.9076,ok,109.77
2.25,0.85,85.0,74,0.014767247695303751,-536.1140200636869,-536.7055160899031,-536.7339169422863,0.8700655255160182,"A""",0.5541573567170601,1.1896442427043825,0.9064,ok,108.93
2.25,0.85,105.0,74,0.013603266654392173,-536.1113711264893,-536.7031359874328,-536.7315978083257,0.8443901520139817,"A""",0.38404863980420917,1.1496120550607778,0.9033,ok,99.8
2.25,0.85,135.0,74,0.015698944876202905,-536.0818869554423,-536.6797007403665,-536.7109794859316,0.49009731975162035,A',-0.06388170631244441,1.1432005166073071,0.8914,warn:Ap_below,89.58
2.25,0.85,110.0,74,0.013494073706406989,-536.1084637667986,-536.7007693727313,-536.7294408668018,0.8106646546640275,"A""",0.32672058580622926,1.1434407638599942,0.9022,ok,100.08
2.25,0.85,130.0,74,0.01465404728897871,-536.0886848604956,-536.68502700244,-536.715523360298,0.5728135398687539,"A""",0.02629468629560264,1.1381713522427621,0.8944,ok,90.73
2.25,0.85,115.0,74,0.013495986930726792,-536.1047084166523,-536.6977430699518,-536.726712109348,0.7662772341720715,"A""",0.26202406320673755,1.1389493208230177,0.9007,ok,102.78
2.25,0.85,125.0,74,0.014007469254663927,-536.0947821900019,-536.6898361229125,-536.7197025583531,0.6468577868622504,"A""",0.11122332675177368,1.1360037314318574,0.8969,ok,100.32
2.25,0.85,120.0,74,0.01364820175125329,-536.1001362605147,-536.6940873089794,-536.7234505334161,0.7115321660104553,"A""",0.19003889345720598,1.136372162696356,0.899,ok,102.89
2.25,0.9,130.0,74,0.014841384911188445,-536.0995133127807,-536.6976717253801,-536.7284551508315,0.5644395404350387,"A""",0.03906169088787357,1.146649503205171,0.8949,ok,63.51
2.25,0.9,90.0,74,0.014765934733855242,-536.1254757639063,-536.7186076702288,-536.7472203211283,0.8734247008549898,"A""",0.5333143303546093,1.1861094683035,0.9065,ok,92.0
2.25,0.9,95.0,74,0.014417196152883694,-536.1252566861941,-536.718366435311,-536.7469539283953,0.8720809325421388,"A""",0.49294835744518745,1.1748539055875307,0.9057,ok,91.82
2.25,0.9,80.0,74,0.01566001758419308,-536.1231254923064,-536.7168107835234,-536.7456831388059,0.8431711829678303,"A""",0.6066786660674495,1.2156258188192426,0.9079,ok,98.08
2.25,0.95,90.0,74,0.015165991406802842,-536.1287203188747,-536.7238219311733,-536.7527656015368,0.866048168160773,"A""",0.5483810736509835,1.1947456306569437,0.9071,ok,62.71
2.25,0.9,85.0,74,0.015178525413059597,-536.1247696418247,-536.7180991671468,-536.7468078436976,0.8638113222740162,"A""",0.5707890182248554,1.1995136086386935,0.9072,ok,99.22
2.25,0.9,110.0,74,0.013790240333110958,-536.1192127335352,-536.7133661865576,-536.7423355497939,0.8026745632109199,"A""",0.3398881070753822,1.1515002537327113,0.9026,ok,91.17
2.25,0.9,75.0,74,0.016219329509165634,-536.1205325844093,-536.7147022780531,-536.7438017478653,0.8113438934377525,"A""",0.6409913746038091,1.2352673551289333,0.9087,ok,105.47
2.25,0.9,105.0,74,0.01391879549386899,-536.1221053821126,-536.7157243075806,-536.74448625733,0.8366400915033775,"A""",0.3974169071374927,1.1576302350823173,0.9038,ok,100.75
2.25,0.9,100.0,74,0.014132537602315065,-536.1241272753123,-536.7173984554295,-536.746034598262,0.859807218874369,"A""",0.44811205218100353,1.165411456580097,0.9048,ok,103.16
2.25,0.9,115.0,74,0.013771389395636916,-536.1154752564358,-536.7103499871478,-536.7396145650584,0.7580994626933868,"A""",0.2750747233308101,1.1471237878944884,0.9012,ok,100.13
2.25,0.9,120.0,74,0.013899478613501404,-536.1109229636168,-536.7067057214831,-536.7363620060931,0.7032216147767991,"A""",0.20300638734468068,1.1446860692636625,0.8995,ok,103.96
2.25,0.9,125.0,74,0.014229777323253957,-536.1055897437047,-536.7024672103418,-536.7326239507116,0.6384771496764318,"A""",0.1241070705208572,1.1444345500884334,0.8974,ok,92.43
2.25,0.9,135.0,74,0.01584494258564428,-536.0927354327513,-536.6923597875307,-536.7239215354504,0.4818245583637196,A',-0.05129478514286236,1.1516093730646402,0.8919,warn:Ap_below,97.43
2.25,0.95,80.0,74,0.01613707472134035,-536.126444330806,-536.7220454145165,-536.7512527578098,0.8363822036458173,"A""",0.6254899145370783,1.2268041612826992,0.9088,ok,97.53
2.25,0.95,75.0,74,0.01675975051086825,-536.1239398474619,-536.7199640056712,-536.7493979939072,0.8046213560928724,"A""",0.6630358852985241,1.24892902609285,0.9098,ok,107.86
2.25,0.95,85.0,74,0.015610815367688071,-536.1280381235233,-536.7233188146649,-536.7523609144766,0.8567604602426969,"A""",0.587309993709591,1.209112620844209,0.9079,ok,107.26
2.25,0.95,95.0,74,0.014793691719996189,-536.1284953557995,-536.7235822841976,-536.7524981589698,0.8643851120845725,"A""",0.5071442969280215,1.1829466958307202,0.9063,ok,94.93
2.25,0.95,105.0,74,0.014263221255748587,-536.1253651214163,-536.7209562750048,-536.7500414708923,0.8284250642840564,"A""",0.4108733216250733,1.1654006082729291,0.9043,ok,89.85
2.25,0.95,100.0,74,0.014491288172485108,-536.1273722893543,-536.7226206830273,-536.7515825889571,0.8518288156629595,"A""",0.46182018591418633,1.1732468989738059,0.9054,ok,105.0
2.25,1.0,100.0,74,0.01487052290341732,-536.1252237019179,-536.7225365378298,-536.7518458995386,0.8434772752022226,"A""",0.47537222698145176,1.1807227273608865,0.9058,ok,64.36
2.25,0.95,110.0,74,0.014122106831779417,-536.1224930762066,-536.7186105207422,-536.7479007147101,0.7942701015777441,"A""",0.35324132479834847,1.1593287380109123,0.9031,ok,91.32
2.25,1.0,120.0,74,0.0145631300880307,-536.1122212523933,-536.7119689682405,-536.7422789759728,0.685761136406233,"A""",0.2299643505964399,1.1605886895052113,0.9004,ok,65.64
2.25,0.95,115.0,74,0.014090689037396808,-536.118780383845,-536.7156089154226,-536.7451919609083,0.7495530012912877,"A""",0.28840540371348905,1.1550775585236976,0.9017,ok,101.2
2.25,0.95,125.0,74,0.01451915876347816,-536.1089520548024,-536.7077608871998,-536.7382312359131,0.6298080622267519,"A""",0.13747905622250858,1.1526503024128196,0.8979,ok,102.45
2.25,0.95,135.0,74,0.016089991969329222,-536.0961581355884,-536.6976932992528,-536.7295626204514,0.4733363228994443,A',-0.03801015021627294,1.1597853568751397,0.8925,warn:Ap_below,94.45
2.25,1.0,80.0,74,0.016641438918129282,-536.1243771982663,-536.7219707264679,-536.7515383975227,0.8287904095276363,"A""",0.6441576804973803,1.2376961467257102,0.9096,ok,94.9
2.25,0.95,130.0,74,0.01511063433219492,-536.1029059150882,-536.7029848706995,-536.7340791402646,0.5558137234838052,"A""",0.05242155065751767,1.154907074398321,0.8954,ok,103.66
2.25,1.0,105.0,74,0.014633067068352433,-536.1232359844414,-536.7208854733037,-536.750315365002,0.819891073531582,"A""",0.42426364149466156,1.172833175022962,0.9048,ok,92.49
2.25,1.0,75.0,74,0.017342141395858306,-536.1219798364381,-536.7199233948096,-536.7497192128292,0.7968316805267109,"A""",0.6851606373285944,1.26251974122321,0.9108,ok,105.69
2.25,1.0,110.0,74,0.014486369222826175,-536.1203906027426,-536.7185564193053,-536.7481887916078,0.7855943547970241,"A""",0.36663174136109794,1.1668382554111887,0.9035,ok,94.17
2.25,1.0,90.0,74,0.015583041466855083,-536.1265673978415,-536.7237250836353,-536.7530225777695,0.8581512262593418,"A""",0.5631731952035508,1.2029917060074806,0.9077,ok,102.93
2.25,1.0,115.0,74,0.014451395065082953,-536.1167099144299,-536.7155744532209,-536.7454973440738,0.740779217941364,"A""",0.3018829675524415,1.1627271447203462,0.9021,ok,95.47
2.25,1.0,95.0,74,0.015187765553351794,-536.1263373454609,-536.7234889320496,-536.7527553082908,0.8562515049817949,"A""",0.5211111069336452,1.1906594983328274,0.9068,ok,102.84
2.25,1.0,125.0,74,0.01487416874457741,-536.106956227464,-536.7077730321284,-536.738578825351,0.6209952531371521,"A""",0.1512198240512979,1.1605765114244155,0.8983,ok,93.97
2.25,1.0,130.0,74,0.01546169448482543,-536.100950447184,-536.7030230504804,-536.7344505158691,0.547084244672453,"A""",0.06626761831733377,1.1628782984375012,0.8959,ok,94.15
2.25,1.0,85.0,74,0.01606279667564055,-536.1259119028626,-536.7232269090571,-536.7526262759532,0.8490753387217665,"A""",0.6035682334891244,1.218340806516003,0.9086,ok,108.29
2.25,1.0,135.0,74,0.016435721542138886,-536.0942436514669,-536.6977586516857,-536.7299586956974,0.4647826497357299,A',-0.024120025537599964,1.16767789494591,0.893,warn:Ap_below,104.12
2.25,1.05,95.0,74,0.01559853973955306,-536.1203205692077,-536.7196016721983,-536.7492402081986,0.8478116617998738,"A""",0.5346999910739817,1.1979202410254672,0.9073,ok,94.1
2.25,1.05,75.0,74,0.017977609513946932,-536.1161925979433,-536.7160919078373,-536.7462770242777,0.7880839149278484,"A""",0.7072244094828534,1.2759759300511901,0.9117,ok,108.08
2.25,1.05,80.0,74,0.01717856311791072,-536.1184630256923,-536.7180997138983,-536.7480528421139,0.8205286499540334,"A""",0.6625515186782192,1.2482230312177918,0.9103,ok,108.91
2.25,1.05,85.0,74,0.016536386737980698,-536.1199294405203,-536.7193375740198,-536.7491176450403,0.8408948798119371,"A""",0.6194176093859118,1.2271193301048984,0.9092,ok,107.29
2.25,1.05,90.0,74,0.016017165611333036,-536.120555166692,-536.7198319686271,-536.7495056171695,0.8498707231409182,"A""",0.5775415441028845,1.210772301258841,0.9082,ok,108.35
2.25,1.05,135.0,74,0.016883480163791,-536.0885299972401,-536.6940744445096,-536.7266286382132,0.4562877500910242,A',-0.009727674525666386,1.1752584071706316,0.8935,warn:Ap_below,67.84
2.25,1.05,105.0,74,0.015027101065890855,-536.1172555141566,-536.7170278761214,-536.7468236038571,0.811159102203608,"A""",0.4374475896511381,1.1798596058802844,0.9052,ok,95.68
2.25,1.05,100.0,74,0.015268983390601482,-536.1192192149177,-536.7186616635056,-536.7483397698377,0.8348782996352297,"A""",0.48862210190424166,1.1877695315277397,0.9063,ok,103.9
2.25,1.1,80.0,74,0.017757261033452765,-536.1098429667618,-536.711560445623,-536.7419252813075,0.8117114000554215,"A""",0.6805333543845135,1.2583204878593037,0.911,ok,68.21
2.25,1.05,120.0,74,0.014972197705784765,-536.106356793742,-536.7081861194356,-536.7388552630454,0.6768698429501213,"A""",0.2436891684272158,1.168039675024538,0.9008,ok,95.7
2.25,1.05,115.0,74,0.014852016952700976,-536.1108012395902,-536.711763308593,-536.7420472988968,0.731894361808997,"A""",0.31536351855106964,1.1700097558268825,0.9025,ok,104.34
2.25,1.05,110.0,74,0.014881497915088082,-536.1144427522138,-536.7147202111563,-536.7447158873583,0.7767648425182417,"A""",0.37991313537734284,1.1739633815713835,0.9039,ok,108.89
2.25,1.05,125.0,74,0.015294248809225343,-536.1011397590426,-536.704021196841,-536.7351843506726,0.6121563402344646,"A""",0.16520244290921618,1.1681632978422467,0.8987,ok,95.13
2.25,1.1,75.0,74,0.01868299240922731,-536.1077200363893,-536.7095956713499,-536.7401991746067,0.7784687312975004,"A""",0.7290366471261589,1.2892457213172326,0.9126,ok,96.78
2.25,1.05,130.0,74,0.015894626798332832,-536.0951846016544,-536.6993042846295,-536.7310874528483,0.5383706732218998,"A""",0.08048365182876911,1.1705234967118208,0.8963,ok,109.12
2.25,1.1,95.0,74,0.01602714298030343,-536.111585387834,-536.7130512086699,-536.7430843366158,0.8391766063241579,"A""",0.547767499041773,1.2046742623190216,0.9077,ok,92.77
2.25,1.1,100.0,74,0.01568724156115898,-536.1104988830588,-536.7121271038321,-536.7421960909064,0.826136667369371,"A""",0.5014267209337383,1.1943355234192787,0.9067,ok,98.67
2.25,1.1,85.0,74,0.01703651496964346,-536.1112316024856,-536.7127802164301,-536.7429652873568,0.832338941158472,"A""",0.6347169266495108,1.2353846665539128,0.9098,ok,109.13
2.25,1.1,90.0,74,0.016470888016387415,-536.1118242586056,-536.7132727910335,-536.7433456874938,0.8413234123094641,"A""",0.5913447138749183,1.2180286568310386,0.9087,ok,107.34
2.25,1.1,110.0,74,0.015307927150095074,-536.1057889246827,-536.7082334587121,-536.7386146618942,0.7678771980382384,"A""",0.3929451101383114,1.1806569601262615,0.9043,ok,98.18
2.25,1.1,120.0,74,0.015433309770098293,-536.0978011888903,-536.7017647156731,-536.7328159064033,0.6680019491961834,"A""",0.2573992431346984,1.1751010045208934,0.9011,ok,97.1
2.25,1.15,80.0,74,0.018390779078192587,-536.0993628948255,-536.7031949667794,-536.7339999505024,0.8024421446127932,"A""",0.6979651508884008,1.2679268016003458,0.9117,ok,95.08
2.25,1.1,130.0,74,0.016410689184002857,-536.0867468067704,-536.6929613692629,-536.72512451964,0.5297701001868033,"A""",0.09494184059607355,1.177820834191731,0.8968,ok,97.44
2.25,1.1,115.0,74,0.015293010052872738,-536.1021934374063,-536.7053072749538,-536.7359748586096,0.7229915401224074,"A""",0.3287065754476902,1.1768823464006961,0.9028,ok,103.69
2.25,1.15,125.0,74,0.016335261018952836,-536.0823032990313,-536.6894689590547,-536.721420080925,0.5947571159897668,"A""",0.19334433165277923,1.1822078361254986,0.8995,ok,68.05
2.25,1.1,105.0,74,0.015445515419395654,-536.1085634405852,-536.7105147995492,-536.7406984389512,0.8023279637755241,"A""",0.4502820770589843,1.1864320271540383,0.9055,ok,107.13
2.25,1.15,75.0,74,0.019479573632498418,-536.0974084815679,-536.7012744420074,-536.7323282612161,0.7680678066324476,"A""",0.7502538838507642,1.3022782133160324,0.9134,ok,99.68
2.25,1.1,125.0,74,0.015780208034935884,-536.092641210467,-536.6976377253743,-536.7291817134753,0.6033845589166555,"A""",0.17929301893367816,1.1753796155027014,0.8991,ok,105.34
2.25,1.2,75.0,74,0.020395709780012854,-536.0858845105703,-536.6917529811717,-536.7232930981576,0.7569573472467381,"A""",0.7700730683658987,1.315014234703835,0.9142,warn:t1,68.11
2.25,1.1,135.0,74,0.01743496663981976,-536.0801555928617,-536.6877739726558,-536.7207077055853,0.4479524794686479,"A""",0.005047204079388409,1.1825172007164308,0.894,ok,111.04
2.25,1.15,85.0,74,0.017570615873495087,-536.1006641219955,-536.7043984054984,-536.7350146228315,0.8235159544394504,"A""",0.6493174828917424,1.2430791129912506,0.9103,ok,109.42
2.25,1.15,100.0,74,0.016128099587050245,-536.0999076124161,-536.7037781171031,-536.7342619331123,0.8173430032508966,"A""",0.5136476372722263,1.2003782303077433,0.907,ok,100.14
2.25,1.15,90.0,74,0.016948726484701943,-536.1012202285714,-536.7048920166217,-536.7353889710935,0.8326138923083731,"A""",0.6044365716386534,1.224709284847126,0.9091,ok,107.68
2.25,1.15,105.0,74,0.015890725136399927,-536.0980042444369,-536.70219171025,-536.7327872997619,0.7934826472715726,"A""",0.4626165854801284,1.1925105167183716,0.9058,ok,108.75
2.25,1.15,130.0,74,0.01701230518242121,-536.0764794766491,-536.684841020186,-536.7174115103996,0.5213635878887695,"A""",0.10948974438474245,1.1847586102071836,0.8971,ok,98.29
2.25,1.15,115.0,74,0.015776388338865403,-536.0917300584132,-536.6970521537993,-536.7281281439762,0.7141485777577338,"A""",0.341760873800062,1.1833128135083926,0.9031,ok,106.33
2.25,1.15,110.0,74,0.015768260407822598,-536.095273139739,-536.6999417989591,-536.7307328840579,0.7590116497649902,"A""",0.4055816534227779,1.1868827639980553,0.9046,ok,108.1
2.25,1.15,120.0,74,0.01594867566629273,-536.0873975443308,-536.6935507729613,-536.7250094539831,0.6592342636240893,"A""",0.27093944349204885,1.1817458664267155,0.9014,ok,107.74
2.25,1.2,80.0,74,0.019095561389343475,-536.0876491488198,-536.6936308322485,-536.7249076332338,0.7928242936620999,"A""",0.7146869145443262,1.276974528743892,0.9122,ok,97.44
2.25,1.15,135.0,74,0.01809319817114576,-536.0699626563095,-536.6797044767492,-536.7130465873063,0.43986146594177195,"A""",0.02005927255059065,1.189455892405158,0.8944,ok,108.5
2.25,1.2,95.0,74,0.01695304920564103,-536.0891215385035,-536.6951259905691,-536.7260232758666,0.8217007215015735,"A""",0.5717660068096615,1.2164830958269213,0.9083,ok,96.65
2.25,1.2,100.0,74,0.01659555375675666,-536.0880709169103,-536.6942454295702,-536.7251706201562,0.8085771499934234,"A""",0.5251212110215443,1.205862711866824,0.9072,ok,98.15
2.25,1.2,90.0,74,0.017457638528608273,-536.0893692631274,-536.6953196247385,-536.7262679732379,0.8238371148997975,"A""",0.616664002933665,1.2307670521515952,0.9094,ok,109.01
2.25,1.2,85.0,74,0.018149315670718473,-536.088853314086,-536.6948212450949,-536.7258974746424,0.8145272522870066,"A""",0.6630641941353067,1.2501456443574976,0.9107,ok,109.53
2.25,1.25,90.0,74,0.018006270792761802,-536.0767351233877,-536.6850253524337,-536.7164557678391,0.815080925939686,"A""",0.6278428614379692,1.236158314949898,0.9097,ok,67.6
2.25,1.25,110.0,74,0.01680656176721223,-536.0709913074738,-536.6803072975379,-536.7120037879195,0.7416124376070599,"A""",0.42895471196291507,1.1978287516181236,0.905,ok,67.32
2.25,1.2,110.0,74,0.016265789978199045,-536.0835199143161,-536.6904762357268,-536.7217044854276,0.7502368892931167,"A""",0.4176569835102146,1.1926141822058023,0.9048,ok,98.46
2.25,1.2,115.0,74,0.01630705439701663,-536.0800350859247,-536.6876291105823,-536.7191415396596,0.7054310149549882,"A""",0.3543525124288301,1.1892776194137717,0.9034,ok,97.46
2.25,1.2,105.0,74,0.016366765193223092,-536.086202964138,-536.6926894934155,-536.7237238306072,0.7846967588000141,"A""",0.47428973235570704,1.198063652514294,0.9061,ok,110.95
2.25,1.2,135.0,74,0.01886283943302289,-536.0585734652727,-536.6704984288044,-536.7042824999859,0.43208527873146135,"A""",0.03512067071760446,1.1960818494004546,0.8947,ok,94.43
2.25,1.2,130.0,74,0.017704747814494628,-536.0650052079674,-536.6755752918115,-536.7085847992274,0.5132164549399821,"A""",0.12395021073354917,1.191341208909369,0.8974,ok,98.85
2.25,1.25,80.0,74,0.01989317598094313,-536.0751655201254,-536.6833351701879,-536.7151196914383,0.7829498552049364,"A""",0.7305193176363436,1.2853985316963348,0.9127,ok,96.54
2.25,1.25,75.0,74,0.021464423971085705,-536.0736120020499,-536.6814955444453,-536.7135633100744,0.7452103957429846,"A""",0.7859298578533782,1.3273890179819343,0.9148,warn:t1,96.79
2.25,1.2,120.0,74,0.016522210200512706,-536.0757693278016,-536.6841756430574,-536.71607078723,0.6506320398738259,"A""",0.28412677905177824,1.1879557003136607,0.9017,ok,107.98
2.25,1.25,100.0,74,0.017095366882030307,-536.0754518880755,-536.6839993785964,-536.7153958528422,0.7999100306944475,"A""",0.5356587661538778,1.2107589462381074,0.9074,ok,97.55
2.25,1.2,125.0,74,0.016962532469103533,-536.0707490232237,-536.6801465301985,-536.7125349049212,0.5863404376975544,"A""",0.20716816084897333,1.1886355602967136,0.8997,ok,108.57
2.25,1.25,95.0,74,0.017461722195866686,-536.076482272816,-536.6848518477398,-536.7162244865525,0.8130261030647269,"A""",0.5823525506797064,1.2214626707539664,0.9085,ok,106.29
2.25,1.25,85.0,74,0.018785543134396253,-536.0762630307828,-536.6845176036469,-536.7160863262628,0.8054680992347663,"A""",0.6757720769538551,1.2565291228682423,0.911,ok,109.93
2.25,1.25,105.0,74,0.016879127626825637,-536.0736222001262,-536.6824785780375,-536.713981991892,0.77603447115785,"A""",0.48510495743286264,1.2030655471034615,0.9062,ok,106.94
2.25,1.25,125.0,74,0.017669249973911533,-536.0584388119447,-536.670141576658,-536.7030022868166,0.5781887868175809,"A""",0.22053169691010724,1.1946577494426018,0.8999,ok,98.25
2.25,1.25,115.0,74,0.01689056249961616,-536.0675700191275,-536.6775087853816,-536.7094897592578,0.6968958015588397,"A""",0.36626330539989527,1.1947580321613294,0.9035,ok,108.34
2.25,1.25,120.0,74,0.017160921205642235,-536.0633774883001,-536.6741101746178,-536.7064752032953,0.6422497615274227,"A""",0.296741563548504,1.193717624960477,0.9019,ok,108.29
2.25,1.25,130.0,74,0.018493904131941675,-536.0527839523766,-536.6656357463488,-536.6991213885692,0.5053887398331441,"A""",0.13808094655146783,1.1975641996106525,0.8977,ok,107.01
2.3,0.8,125.0,74,0.014598057063438695,-536.0648386960426,-536.6617716264599,-536.6931073359297,0.5563616785959644,A',-0.025271591830920172,1.0170236573066702,0.8891,warn:Ap_below,60.95
2.3,0.8,75.0,74,0.01634175389509938,-536.0802986206205,-536.6738589070612,-536.7037880435039,0.7120748275060098,"A""",0.4409067278412401,1.089562017306981,0.9008,ok,99.56
2.3,0.8,95.0,74,0.014652142465159286,-536.0843903206611,-536.6769199449623,-536.7063512009743,0.7698221980057142,"A""",0.33165379965478714,1.044057658167052,0.8985,ok,91.35
2.3,0.8,130.0,74,0.015239653998933643,-536.0589108339727,-536.657286891555,-536.6893574796395,0.48906883062583895,A',-0.1067243911058455,1.0187028619504728,0.8863,warn:Ap_below,60.5
2.3,0.8,90.0,74,0.01498437790133561,-536.0847234101739,-536.6772238996859,-536.7066612059551,0.7707241739613397,"A""",0.3680611514099331,1.0532253572662642,0.8992,ok,102.25
2.25,1.25,135.0,74,0.019749113042347843,-536.0464475474848,-536.6606283930469,-536.6948943097824,0.4246927048407082,"A""",0.05000065002376411,1.2024127593829783,0.895,ok,110.07
2.3,0.8,80.0,74,0.01582675813642177,-536.0826959497623,-536.6757234496504,-536.7054114458886,0.7418689389765755,"A""",0.42318734952512926,1.075695027816089,0.9003,ok,110.87
2.3,0.8,105.0,74,0.01418455226766347,-536.0811228896148,-536.6743145972762,-536.7039859392245,0.7375615318914618,"A""",0.23972725850460266,1.0293260897701066,0.8965,ok,89.77
2.3,0.8,85.0,74,0.015375529433215728,-536.084164639935,-536.6768338720634,-536.706357397692,0.7614123671024565,"A""",0.39859498688938094,1.0636973002287755,0.8998,ok,111.48
2.3,0.8,100.0,74,0.01438224885212023,-536.0831835719395,-536.6759434593139,-536.705451470198,0.7587417293287055,"A""",0.28901492933738127,1.0360907697413084,0.8976,ok,101.65
2.3,0.8,110.0,74,0.014074994596686461,-536.078230689803,-536.6720553599596,-536.7019819708654,0.7064312703772022,"A""",0.18352575476594585,1.0238541392773848,0.8951,ok,90.9
2.3,0.8,115.0,74,0.014079523072670706,-536.0745326581255,-536.6691913469102,-536.6994727246981,0.665595375215281,"A""",0.12041172177124666,1.0198348948696565,0.8935,ok,98.81
2.3,0.8,120.0,74,0.01423599976867367,-536.0700578640028,-536.6657522335439,-536.6964984178217,0.6154111445914676,"A""",0.05065117094041615,1.017478888272548,0.8915,ok,98.87
2.3,0.85,75.0,74,0.01687871395907317,-536.1015588987275,-536.6966784515191,-536.7268846134789,0.70736217169617,"A""",0.4599992990829101,1.1031374058074574,0.9021,ok,99.27
2.3,0.85,90.0,74,0.015394600949877884,-536.1058683092457,-536.7000263374474,-536.729745143488,0.7649479030570442,"A""",0.3822888341241372,1.0625468021005875,0.9,ok,90.08
2.3,0.85,80.0,74,0.016312812793192445,-536.1038988229403,-536.6985349569251,-536.7285039017266,0.736856784529901,"A""",0.4402421076249831,1.087270329752823,0.9014,ok,99.46
2.3,0.85,95.0,74,0.015032142700407506,-536.1055253604915,-536.699722186682,-536.7294333956008,0.7636939837204498,"A""",0.3450585711634827,1.0528263946191079,0.8992,ok,93.57
2.3,0.85,100.0,74,0.014734242268068288,-536.1043168270758,-536.6987476984582,-536.7285335101933,0.7523101874154781,"A""",0.30187500095738085,1.044552509906112,0.8983,ok,92.44
2.3,0.85,105.0,74,0.014508335058072247,-536.1022599551811,-536.6971223487039,-536.7270689027108,0.7308777069506474,"A""",0.2522337224538046,1.037655492868466,0.8971,ok,92.49
2.3,0.85,115.0,74,0.01434028506693611,-536.0956873244953,-536.6920090987396,-536.7225593141435,0.6585522125738184,"A""",0.13254256329434372,1.0282010552225929,0.8941,ok,90.63
2.3,0.9,95.0,74,0.015439901261146567,-536.1163047340882,-536.7123231841206,-536.7423426404686,0.7568382577345251,"A""",0.35846750860838,1.0614357718778376,0.9,ok,63.76
2.3,0.85,85.0,74,0.015820472348728524,-536.1053307608004,-536.699639360789,-536.7294449580013,0.7560211957826285,"A""",0.41401552877650444,1.0739113835118717,0.9007,ok,112.58
2.3,0.85,110.0,74,0.014369195478856935,-536.0993753425975,-536.6948676971782,-536.7250665494953,0.6995440406540961,"A""",0.19580822695961037,1.0321681148890738,0.8958,ok,103.11
2.3,0.85,120.0,74,0.014457455411365661,-536.091223906827,-536.6885760997678,-536.7195871461006,0.6082611473260817,"A""",0.06266425792691603,1.0259197567817129,0.8921,ok,99.46
2.3,0.9,110.0,74,0.014705457607539248,-536.1101780451924,-536.7074870739583,-536.7379852690631,0.6921140429213198,"A""",0.20831563424911403,1.0403492998941708,0.8964,ok,63.85
2.3,0.85,125.0,74,0.014772344546857417,-536.086016572296,-536.684602198146,-536.7161979751653,0.549159862806649,A',-0.013375483276247505,1.0255187028049542,0.8898,warn:Ap_below,99.4
2.3,0.85,130.0,74,0.015357343541907315,-536.0801001724255,-536.6801246456565,-536.7124492896477,0.48188030484068534,A',-0.09497281627377512,1.0271891127078843,0.8869,warn:Ap_below,97.25
2.3,0.85,135.0,74,0.016311598554189646,-536.0735129936543,-536.6751844800118,-536.7084110430063,0.40721385735847065,A',-0.18144701121568807,1.031075356512554,0.8835,warn:Ap_below,99.85
2.3,0.9,75.0,74,0.017453295533024812,-536.1124825481221,-536.7093041293516,-536.7398202108927,0.7013804709627512,"A""",0.4791254307173273,1.1168705431415247,0.9034,ok,98.87
2.3,0.9,100.0,74,0.01511694654683221,-536.1150979050774,-536.7113529647039,-536.7414442936961,0.7452227907519068,"A""",0.31480210020749744,1.052861795399697,0.899,ok,92.32
2.3,0.9,105.0,74,0.014868019787540987,-536.1130495154059,-536.7097339172757,-536.739983009106,0.7235984676532561,"A""",0.26488717682156265,1.0458432139847582,0.8978,ok,94.19
2.3,0.9,80.0,74,0.01682925580128351,-536.1147515353431,-536.7111461202519,-536.7414274216613,0.7307770613262539,"A""",0.4572728613142607,1.0988159494607648,0.9025,ok,109.62
2.3,0.9,90.0,74,0.01583117667615099,-536.1166558437391,-536.7126260469623,-536.7426554371892,0.7583573307832557,"A""",0.3964769673032683,1.0717146917178217,0.9008,ok,101.8
2.3,0.9,85.0,74,0.016292161170487908,-536.1161407338851,-536.7122420466601,-536.742359821235,0.7497064379950439,"A""",0.4293853021465128,1.0840069169359359,0.9017,ok,109.96
2.3,0.9,130.0,74,0.015560779000665763,-536.0909764016424,-536.6927860821751,-536.7253928524891,0.4743123636955621,A',-0.08265053771946981,1.0355297996859822,0.8876,warn:Ap_below,90.7
2.3,0.9,115.0,74,0.014651316373338144,-536.1065063331856,-536.7046375322708,-536.735483625293,0.6510123121086447,"A""",0.14498617420181645,1.0364402112364808,0.8947,ok,101.8
2.3,0.9,120.0,74,0.014739190902606074,-536.1020612382453,-536.7012146865515,-536.7325177522637,0.6006563702488222,"A""",0.07507696004226039,1.0342335157320148,0.8928,ok,102.47
2.3,0.9,125.0,74,0.015018785458016704,-536.0968732719493,-536.6972518593841,-536.7291351887594,0.5415422372702157,A',-0.000993409681588342,1.0338802440027077,0.8904,warn:Ap_below,103.53
2.3,0.9,135.0,74,0.016463333985299977,-536.0844080751247,-536.6878581783486,-536.7213599494329,0.39977182713124404,A',-0.16923912554819476,1.039285832967428,0.8842,warn:Ap_below,102.47
2.3,0.95,80.0,74,0.017373587970980493,-536.1181260731028,-536.7163941880375,-536.7470167751044,0.7237931776599529,"A""",0.47418692160543485,1.1102249250665777,0.9035,ok,97.98
2.3,0.95,130.0,74,0.015848340633087012,-536.0944120156914,-536.6981128377678,-536.7310272838605,0.4665202304472461,A',-0.06982812689295562,1.0436419622334776,0.8883,warn:Ap_below,62.79
2.3,0.95,75.0,74,0.018066114825390774,-536.1159435470438,-536.714572911949,-536.7454295318275,0.6942694047641563,"A""",0.49819295486349763,1.1306713309519087,0.9046,ok,107.97
2.3,0.95,90.0,74,0.01628877204922504,-536.1199562356358,-536.7178608712543,-536.7482273239168,0.7511219520708777,"A""",0.41051548008290567,1.0806212337704926,0.9016,ok,101.64
2.3,0.95,95.0,74,0.015869838002372946,-536.1195982258314,-536.7175609481433,-536.747914353125,0.7494199967411729,"A""",0.37177238300046195,1.0697805038320962,0.9007,ok,90.47
2.3,1.0,85.0,74,0.017302348723612162,-536.1173913147345,-536.7174039425615,-536.7482269981922,0.7349769309518387,"A""",0.4595250805098836,1.1034073656699168,0.9034,ok,67.26
2.3,0.95,85.0,74,0.016786614206980167,-536.119465452722,-536.7174795352543,-536.7479370269226,0.7426388225226254,"A""",0.444600751185774,1.093873538212677,0.9026,ok,108.23
2.3,0.95,100.0,74,0.015525149190377993,-536.1183963570476,-536.7165974354889,-536.7470194359385,0.7376388450483148,"A""",0.32769300585027833,1.060916596692503,0.8996,ok,93.51
2.3,0.95,105.0,74,0.015257866807095418,-536.116361107449,-536.7149877555987,-536.7455641857067,0.7158791394527304,"A""",0.2775768704162445,1.0537887005814244,0.8984,ok,94.13
2.3,0.95,115.0,74,0.01500769417225933,-536.1098598599468,-536.7099161106728,-536.7410826435585,0.6431279476192134,"A""",0.15764201916165868,1.0444544488868435,0.8953,ok,91.83
2.3,0.95,120.0,74,0.015076864263495427,-536.1054406484018,-536.7065081276446,-536.7381278893375,0.5927495686422061,"A""",0.08779632325639011,1.0423249580630538,0.8934,ok,91.86
2.3,0.95,125.0,74,0.015334055990095762,-536.1002803647896,-536.7025614756323,-536.7347573416599,0.5336625617211775,"A""",0.011791733604237275,1.0420182273340743,0.891,ok,90.99
2.3,0.95,110.0,74,0.015078674486350713,-536.1135085473769,-536.7127523729228,-536.7435745175965,0.6842936152702194,"A""",0.22094758003963447,1.0482993812606805,0.897,ok,94.3
2.3,0.95,135.0,74,0.016716872613751217,-536.0878721491503,-536.6932027100374,-536.7270061761782,0.3921414529265755,A',-0.1564349432546059,1.0472604141369222,0.885,warn:Ap_below,101.47
2.3,1.0,90.0,74,0.01676472591040352,-536.1178553433851,-536.7177833533838,-536.7485115873582,0.7433985800428792,"A""",0.4242660083660709,1.0891655844428025,0.9024,ok,102.11
2.3,1.0,95.0,74,0.01631797294251485,-536.1174913344112,-536.7174882848216,-536.7481995787958,0.741590996624275,"A""",0.3848231092373493,1.0777640029959767,0.9013,ok,104.45
2.3,1.0,80.0,74,0.017946852135101065,-536.1161097072517,-536.7163305855123,-536.7473218547412,0.7160568699409962,"A""",0.49085234875986866,1.1213957166322668,0.9045,ok,112.78
2.3,1.0,75.0,74,0.0187223650562594,-536.114030851623,-536.7145353668972,-536.7457619003816,0.6861574425900986,"A""",0.5170558176209551,1.144455164415125,0.9058,ok,113.42
2.3,1.0,105.0,74,0.015673470339880383,-536.1142799796704,-536.7149372710136,-536.7458641558625,0.7078618470839765,"A""",0.29015821794621244,1.0613995823936604,0.899,ok,97.7
2.3,1.0,100.0,74,0.015954423692289953,-536.1162974769006,-536.716534194171,-536.7473103014944,0.7297053252689897,"A""",0.3403944773023309,1.0686216532483575,0.9002,ok,104.43
2.3,1.0,115.0,74,0.015405364075498935,-536.1078334973253,-536.7098991364484,-536.7414090755422,0.6350367500875514,"A""",0.17037860048122516,1.0521573916430917,0.8959,ok,95.35
2.3,1.05,105.0,74,0.01611302015830258,-536.1083434508296,-536.7110983388312,-536.7423985019661,0.699666388210571,"A""",0.30249556402935757,1.0686056840233076,0.8995,ok,65.4
2.3,1.0,120.0,74,0.015466786218736166,-536.1034480864824,-536.7065112515427,-536.7384708214843,0.5846782434384765,"A""",0.10069926454979197,1.0501126623485302,0.8939,ok,94.38
2.3,1.05,75.0,74,0.019433327860823035,-536.1082851361857,-536.7107036215406,-536.7423297852667,0.6771469303466143,"A""",0.5355373711955147,1.158160998785406,0.907,ok,94.52
2.3,1.05,125.0,74,0.016160032307991967,-536.0925420852418,-536.6988438888507,-536.7317351519652,0.5176472214733527,"A""",0.038110514408864295,1.0573480631398164,0.8922,ok,64.51
2.3,1.0,130.0,74,0.016218107490088073,-536.092494016944,-536.6981608973553,-536.731407033655,0.45864408870461965,A',-0.05660676989152711,1.0514601312212546,0.8889,warn:Ap_below,103.9
2.3,1.0,125.0,74,0.015715099806145078,-536.0983242686896,-536.7025864277261,-536.7351182666579,0.5256592091611751,"A""",0.024866710285352492,1.049857795544786,0.8916,ok,105.72
2.3,1.0,135.0,74,0.017072121890119762,-536.0859929271186,-536.6932746722764,-536.72740477852,0.38446450267823323,A',-0.14312062939301842,1.0549457112280274,0.8857,warn:Ap_below,103.31
2.3,1.05,100.0,74,0.01640303594590938,-536.1103387850638,-536.7126788157998,-536.7438320900598,0.721546338224032,"A""",0.35276733651142955,1.0759046373961196,0.9008,ok,95.25
2.3,1.05,90.0,74,0.01725885027019131,-536.1118913035657,-536.7139083972039,-536.7450227460157,0.735321654894901,"A""",0.4375817745155917,1.097268861164986,0.9031,ok,103.96
2.3,1.05,80.0,74,0.018554406593732062,-536.1102417173122,-536.7124687457056,-536.7438560493979,0.7076970943870307,"A""",0.5071237842421996,1.1322488985217454,0.9055,ok,108.89
2.3,1.05,95.0,74,0.016783687791364733,-536.111521850033,-536.7136204820944,-536.7447132105214,0.733481084131406,"A""",0.39748086874009814,1.0853099578866219,0.902,ok,108.77
2.3,1.05,120.0,74,0.01590680723467171,-536.0976206081242,-536.7027408661454,-536.7350632925071,0.5765564031820247,"A""",0.11365646137349995,1.0575384841066,0.8945,ok,90.49
2.3,1.05,85.0,74,0.017841218464814446,-536.1114569051191,-536.7135295961367,-536.744743773474,0.7268563352585394,"A""",0.474015073654188,1.1125272099238324,0.9042,ok,111.65
2.3,1.05,110.0,74,0.0159206441417174,-536.1055461869695,-536.7088983872916,-536.7404371023306,0.6680153198371843,"A""",0.24602498114718654,1.0631694710689084,0.8981,ok,104.95
2.3,1.05,115.0,74,0.01584223316083262,-536.1019643306179,-536.7061030875162,-536.7379792509995,0.6268523644154288,"A""",0.18306503880866618,1.0594872434347702,0.8964,ok,99.9
2.3,1.05,135.0,74,0.017528706407536267,-536.0803079196573,-536.6895920866443,-536.7240738989979,0.376860507796682,A',-0.12939540003741618,1.0623109012785272,0.8863,warn:Ap_below,93.53
2.3,1.1,75.0,74,0.020215806791394886,-536.0998492184323,-536.7042046274179,-536.7362621285929,0.6673283808345405,"A""",0.5534295506497183,1.1717347817195618,0.9081,warn:t1,97.95
2.3,1.05,130.0,74,0.01666885752416066,-536.0867596506404,-536.6944478281548,-536.7280497384868,0.45080088386549155,A',-0.04309732327711855,1.058941825611204,0.8895,warn:Ap_below,104.31
2.3,1.1,85.0,74,0.018408428649961582,-536.1028033434635,-536.7069861069912,-536.7386180236356,0.7183944210382066,"A""",0.48792240439613094,1.1211674254181065,0.9049,ok,98.04
2.3,1.1,90.0,74,0.017773760038358816,-536.1032048426489,-536.7073662806216,-536.7388919885146,0.7270066053694595,"A""",0.45031673548281825,1.1048691958694217,0.9037,ok,98.66
2.3,1.1,95.0,74,0.01726796355619813,-536.1028301404036,-536.707088247312,-536.7385868389385,0.7252007833191538,"A""",0.409597930310949,1.0923606436139779,0.9025,ok,98.18
2.3,1.1,80.0,74,0.019205839799756732,-536.1016637782234,-536.7059371211847,-536.737749166768,0.6988235255498965,"A""",0.5228475993627532,1.1427189355573417,0.9063,ok,100.17
2.3,1.15,75.0,74,0.02109315914377894,-536.0895705898755,-536.695878756771,-536.7284025251284,0.656769578354192,"A""",0.5704758406219582,1.1851341125903798,0.9091,warn:t1,68.96
2.3,1.15,90.0,74,0.018314406904063805,-536.0926416959967,-536.6990015329253,-536.7309657811447,0.7185569205660265,"A""",0.46231251145820335,1.111912369188401,0.9042,ok,69.29
2.3,1.1,100.0,74,0.01687131814610863,-536.1016602968447,-536.706162317905,-536.7377167541742,0.713266978374546,"A""",0.36466220931423615,1.0827112555669784,0.9013,ok,105.82
2.3,1.1,125.0,74,0.0166688405189317,-536.0840722525127,-536.6924659899915,-536.7257416690491,0.5097212854515479,"A""",0.051394315816011726,1.064455162175463,0.8927,ok,90.13
2.3,1.1,135.0,74,0.018087215119257555,-536.0719553839426,-536.6832878505732,-536.7181483487711,0.36942910125947703,A',-0.11537305180221759,1.0693445451310326,0.887,warn:Ap_below,94.12
2.3,1.1,110.0,74,0.016386941066727494,-536.0969298152119,-536.7024267501115,-536.7343590042018,0.6597708974166283,"A""",0.2581897041895009,1.0699729650552647,0.8986,ok,106.54
2.3,1.1,105.0,74,0.01657653659416267,-536.0996911853105,-536.70460223143,-536.7362995110539,0.6913930483333901,"A""",0.3144435167089136,1.0753553771346935,0.9,ok,109.77
2.3,1.1,120.0,74,0.016397061020500425,-536.0890968910528,-536.6963288387569,-536.7290385669745,0.5684770011236548,"A""",0.12653945652617843,1.0645640403121566,0.895,ok,106.97
2.3,1.15,80.0,74,0.01991495360594164,-536.0912224280193,-536.6975781979697,-536.7298462634213,0.6895366145812353,"A""",0.5378456662798466,1.1527440065723764,0.9071,ok,96.02
2.3,1.1,115.0,74,0.016317951647328743,-536.0933913395035,-536.6996596266616,-536.7319260933383,0.618669911941979,"A""",0.19556025208460479,1.0663978330106485,0.8969,ok,108.09
2.3,1.1,130.0,74,0.017200282703618033,-536.078347206593,-536.6881060768156,-536.7220895633341,0.44308634731751234,A',-0.02942277927852756,1.0660654557180103,0.8901,warn:Ap_below,103.23
2.3,1.15,85.0,74,0.019012037957489306,-536.09227671678,-536.6986172089789,-536.7306955975322,0.7096965653077758,"A""",0.5010868392649205,1.1292681485898266,0.9055,ok,97.61
2.3,1.15,110.0,74,0.016885601022246493,-536.0864471432609,-536.6941480918069,-536.7264999788703,0.6515712064233793,"A""",0.26991326169987145,1.0763008380609767,0.899,ok,98.01
2.3,1.15,105.0,74,0.01706590628355534,-536.0891677010135,-536.6962943746978,-536.7284146596602,0.683128169320519,"A""",0.32584752282686963,1.0816076321115384,0.9005,ok,108.77
2.3,1.15,100.0,74,0.017362189564946524,-536.0911069715942,-536.6978299637511,-536.7298115173945,0.7049594240701529,"A""",0.37593392024069194,1.0889956908185459,0.9018,ok,109.65
2.3,1.15,95.0,74,0.01777404342810418,-536.0922615713633,-536.6987365618355,-536.7306673462843,0.7168482476318064,"A""",0.42101983936375714,1.098866959446479,0.903,ok,113.3
2.3,1.2,125.0,74,0.017889022248565183,-536.0622211844674,-536.6749742628255,-536.7091061657447,0.49443615670912977,"A""",0.07748760713755637,1.0774482909520404,0.8936,ok,61.65
2.3,1.15,130.0,74,0.017815044981294464,-536.0680991752777,-536.6799821980668,-536.7143761291571,0.4355843130227567,A',-0.015721817545495963,1.0728147968638089,0.8906,warn:Ap_below,97.19
2.3,1.15,115.0,74,0.016834051136790974,-536.082958117683,-536.6914144902312,-536.7240977260384,0.6105697601104205,"A""",0.20771564877948928,1.0728556995110203,0.8974,ok,107.99
2.3,1.15,120.0,74,0.016939261509748303,-536.0787200958977,-536.6881211017419,-536.7212451601595,0.5605203186336927,"A""",0.13919664599924192,1.0711598204417576,0.8954,ok,108.12
2.3,1.15,135.0,74,0.01874992854319809,-536.0617776194938,-536.6752089589521,-536.7104785037192,0.36225747163211314,A',-0.10118897446732406,1.0760420804833373,0.8876,warn:Ap_below,108.28
2.3,1.2,90.0,74,0.018887897757795178,-536.0808282861101,-536.6894442566894,-536.7218770514812,0.7100682420276562,"A""",0.4733886781052582,1.1183488272442055,0.9047,ok,97.64
2.3,1.15,125.0,74,0.017243868055094393,-536.0737575547147,-536.6842989027583,-536.7179868179721,0.5019606085795367,"A""",0.06457892680247526,1.0711600884790793,0.8932,ok,110.64
2.3,1.2,130.0,74,0.01851740072786708,-536.0566383776032,-536.6707081860382,-536.705545773494,0.4283675392869901,A',-0.002167127717996389,1.0791846158858893,0.8911,warn:Ap_below,67.26
2.3,1.2,95.0,74,0.01830704915848381,-536.0804421973418,-536.6891959439438,-536.7215879919128,0.7085120757596639,"A""",0.4315697840755776,1.1047859968374294,0.9034,ok,98.27
2.3,1.2,80.0,74,0.020699719073783762,-536.079544782721,-536.6880199163676,-536.7207789526902,0.6799317461647595,"A""",0.5519107529638658,1.1622617176985892,0.9078,warn:t1,108.98
2.3,1.2,75.0,74,0.022094618392774996,-536.0780771995413,-536.6863516248086,-536.7193812578108,0.6455398003760454,"A""",0.5863597765820154,1.198307712661304,0.91,warn:t1,111.66
2.3,1.2,105.0,74,0.017585295609088284,-536.0773981379498,-536.6868056935168,-536.7193778153589,0.6749493100619498,"A""",0.33653897040268865,1.0873277978439653,0.9008,ok,100.2
2.3,1.2,110.0,74,0.017420657354305143,-536.074722800251,-536.6846934413802,-536.7174941684211,0.6434890660696945,"A""",0.28102263910967246,1.0821232026467404,0.8994,ok,99.51
2.3,1.2,120.0,74,0.017536876429339255,-536.0671138529758,-536.6787489771559,-536.7123180110676,0.5527558439794502,"A""",0.1514529282037598,1.0773054833460927,0.8958,ok,98.94
2.3,1.2,115.0,74,0.017395429372207713,-536.0712887823968,-536.6819988339723,-536.7151286488912,0.6026221000263554,"A""",0.21935993298421116,1.0788344075627019,0.8977,ok,100.91
2.3,1.2,100.0,74,0.01787961206424076,-536.0793044312627,-536.6883125159602,-536.7207499370287,0.6967062213387937,"A""",0.38640602637089344,1.0947203145198805,0.9022,ok,112.58
2.3,1.25,75.0,74,0.023256179752063393,-536.065834490613,-536.6760882064946,-536.7096694603404,0.6336993127330348,"A""",0.6007059059688232,1.2112035683113576,0.9108,warn:t1,98.41
2.3,1.2,135.0,74,0.019521668020819394,-536.0503971570788,-536.6659879146223,-536.7017016944775,0.3554224516180825,A',-0.08701123278647448,1.0824072202249333,0.8881,warn:Ap_below,108.03
2.3,1.25,80.0,74,0.02158278057011391,-536.0670955087829,-536.6777297750747,-536.711019602144,0.6700972897854726,"A""",0.5647941270318115,1.171209054011812,0.9084,warn:t1,99.36
2.35,0.8,75.0,74,0.01747046826825319,-536.0721989695885,-536.6686057900256,-536.7000544391599,0.616048998122362,"A""",0.2799982516429603,0.9824017648330517,0.8948,ok,66.51
2.3,1.25,100.0,74,0.01842966311791527,-536.0667159171674,-536.6780803528512,-536.7110060161839,0.6885813063941713,"A""",0.39587426193533976,1.099853189835607,0.9025,ok,100.03
2.3,1.25,115.0,74,0.018007804616971414,-536.0588450348421,-536.6718833886873,-536.7054938581703,0.5948898634908926,"A""",0.230283259268265,1.084314450424124,0.898,ok,97.01
2.3,1.25,90.0,74,0.019503599986088225,-536.0682286519851,-536.679164237676,-536.7120992762286,0.7016279928874505,"A""",0.483334869856667,1.1241330269815852,0.9051,ok,108.17
2.3,1.25,85.0,74,0.020375738295222323,-536.0679488229887,-536.6787601740223,-536.711831085433,0.6919859390160117,"A""",0.5244035349341731,1.143622584976541,0.9066,warn:t1,109.83
2.3,1.25,110.0,74,0.017997009285085772,-536.0622190136214,-536.6745333777535,-536.7078160852294,0.6355891677283269,"A""",0.2913067297904042,1.0874178424791103,0.8997,ok,108.41
2.35,0.8,110.0,74,0.01494866207538267,-536.0693397109369,-536.6664668860507,-536.6980293654353,0.6089666949199599,"A""",0.049831930384537024,0.9233373266433468,0.8883,ok,63.85
2.3,1.25,105.0,74,0.018140453344639082,-536.0648452453701,-536.6766066730233,-536.7096632329909,0.6669250043058766,"A""",0.3463136734762443,1.0924883935959464,0.9011,ok,112.23
2.3,1.25,95.0,74,0.018874009290824195,-536.0678356952598,-536.6789365752364,-536.7118225436694,0.7002731875644851,"A""",0.4410420976159184,1.1100802090039208,0.9037,ok,115.54
2.3,1.25,120.0,74,0.018197701365910195,-536.0547393543363,-536.6686833937828,-536.7027326869375,0.5452446663173893,"A""",0.16310217934192178,1.0829861236074514,0.8961,ok,98.14
2.35,0.8,80.0,74,0.016902054270961843,-536.0743127545899,-536.670234620224,-536.701432603748,0.6431815143180759,"A""",0.26821811582399474,0.9698815775103375,0.8942,ok,100.04
2.3,1.25,125.0,74,0.01861058338291717,-536.0499238589786,-536.6649632024187,-536.699575898591,0.48721014144480157,"A""",0.08990344531018175,1.0833090952043132,0.894,ok,110.18
2.3,1.25,130.0,74,0.019314442735680604,-536.0444251028553,-536.6607556074608,-536.6960756552406,0.42149884439772634,"A""",0.011033843782881424,1.0851760041668777,0.8915,ok,112.22
2.3,1.25,135.0,74,0.020408636486382498,-536.0382739140139,-536.6560968112508,-536.6922962268334,0.3489930021353298,A',-0.07305192211622247,1.0884470564574746,0.8885,warn:t1+Ap_below,110.77
2.35,0.8,100.0,74,0.015309749699841054,-536.0742599514712,-536.670159554049,-536.7012250890642,0.6573656579057052,"A""",0.14989465508481403,0.9342231106161797,0.8911,ok,93.37
2.35,0.8,85.0,74,0.0164057149862297,-536.075561776297,-536.6711788796555,-536.7022116176358,0.6608304745565416,"A""",0.24894386879838185,0.9590441327531426,0.8936,ok,101.88
2.35,0.8,115.0,74,0.014924621589668188,-536.0657237771718,-536.6637816772571,-536.695754455539,0.5715462020460859,A',-0.010195331897116171,0.9197629743066266,0.8864,warn:Ap_below,92.08
2.35,0.8,90.0,74,0.01597551428051414,-536.0759600338014,-536.6714669474329,-536.7024210533565,0.6690411159689231,"A""",0.22270936328530147,0.9495991098116643,0.8929,ok,110.35
2.35,0.8,95.0,74,0.015609539213154252,-536.0755212483264,-536.6711209773557,-536.7020850293133,0.6678623962127339,"A""",0.18969640142967795,0.9413557810532392,0.8921,ok,106.34
2.35,0.8,105.0,74,0.015084783307717592,-536.0721928406972,-536.6686011708242,-536.6998641128905,0.6376696283394843,"A""",0.10326069054028818,0.9281954249517128,0.8898,ok,105.61
2.35,0.8,130.0,74,0.015933554833802044,-536.0505803091984,-536.6527323130529,-536.6867427100199,0.4116932568186489,A',-0.2257508172698352,0.9181433794969739,0.8783,warn:Ap_below,98.7
2.35,0.8,120.0,74,0.015046364025439404,-536.0613715944963,-536.6605747073917,-536.6930803929855,0.5258126900332384,A',-0.07646885014443033,0.9176149842148553,0.8842,warn:Ap_below,103.61
2.35,0.85,75.0,74,0.018079091755505355,-536.0935220704677,-536.691436448507,-536.7231665519004,0.6109036493166131,"A""",0.29752717646784316,0.9958768539110827,0.8963,ok,98.94
2.35,0.85,80.0,74,0.01745444108828738,-536.095577159915,-536.6930595285482,-536.7245426841721,0.6379226031935398,"A""",0.2839452182252129,0.9814675601457551,0.8955,ok,97.08
2.35,0.8,135.0,74,0.016849113215253113,-536.0442096406255,-536.6481753117702,-536.6832112160714,0.3448359765660976,A',-0.30760647674746466,0.9209660511661629,0.8745,warn:Ap_below,100.06
2.35,0.8,125.0,74,0.01536118607399289,-536.0563128657682,-536.6568791947391,-536.6900566220297,0.4723011906082503,A',-0.14850794394121133,0.917037858887462,0.8815,warn:Ap_below,108.37
2.35,0.85,105.0,74,0.01545485420447144,-536.0933833423577,-536.6914256635747,-536.7229652030824,0.6313528681503685,"A""",0.11523801555178916,0.9365985277354756,0.8906,ok,65.49
2.35,0.9,75.0,74,0.018727989547149302,-536.1045029264908,-536.7040694502424,-536.7361162146876,0.6045562083055587,"A""",0.315032919734696,1.0095598481127037,0.8978,ok,65.73
2.35,0.85,85.0,74,0.016912050656986477,-536.0967879729038,-536.6939996112685,-536.7253183351455,0.6553585103036859,"A""",0.263301254259083,0.9693320013839124,0.8947,ok,111.56
2.35,0.85,100.0,74,0.015711612632435142,-536.0954483519964,-536.6929809618163,-536.7243265305556,0.6512180873411382,"A""",0.16215221141392205,0.9427836158082665,0.8919,ok,91.55
2.35,0.85,90.0,74,0.01644314678878905,-536.0971634394784,-536.6942858914135,-536.7255250034708,0.663327484843907,"A""",0.23607870393025615,0.9590235247975301,0.8939,ok,101.1
2.35,0.85,115.0,74,0.015224364264621586,-536.0869285710643,-536.6866142445396,-536.7188550564447,0.5649959763983599,"A""",0.0015022281454860108,0.9281215010780282,0.8872,ok,83.2
2.35,0.85,110.0,74,0.015285596487709056,-536.0905361206453,-536.6892951627593,-536.7211302672157,0.6025151050314276,"A""",0.06163967383645062,0.93168870009318,0.8891,ok,93.83
2.35,0.85,95.0,74,0.01604303018567596,-536.0967131384463,-536.6939403443208,-536.7251872845152,0.6619176797125715,"A""",0.20239454608329022,0.9502342231237547,0.893,ok,110.49
2.35,0.9,90.0,74,0.016939526265190984,-536.1080067564571,-536.7069012863985,-536.738456603077,0.6568359897364277,"A""",0.2493449470692451,0.968330918886068,0.8949,ok,93.76
2.35,0.85,120.0,74,0.015302635690856806,-536.0825862012117,-536.6834119876112,-536.7161803147891,0.519200119877863,A',-0.06485297484904333,0.9259957556378365,0.885,warn:Ap_below,108.94
2.35,0.85,130.0,74,0.016075134806519637,-536.071815385257,-536.675579844054,-536.7098381905327,0.40509501086354677,A',-0.2143308120591037,0.9264632045922485,0.8792,warn:Ap_below,108.75
2.35,0.85,135.0,74,0.016916126712797432,-536.0654538563166,-536.6710281644167,-536.7063014126975,0.33832986982309293,A',-0.2963430260820846,0.9291319562060514,0.8754,warn:Ap_below,111.02
2.35,0.9,80.0,74,0.01803986033668055,-536.1064872973296,-536.7056819067574,-536.7374839018377,0.6316503337196957,"A""",0.29957170251530824,0.9930723178897742,0.8968,ok,111.85
2.35,0.9,85.0,74,0.017447931534899968,-536.1076548154513,-536.7066163330633,-536.7382533636238,0.6490087324656846,"A""",0.27753579171562087,0.979543032195228,0.8958,ok,111.1
2.35,0.9,95.0,74,0.01650677198066572,-536.1075468503419,-536.7065578167857,-536.7381180019657,0.6552777948675804,"A""",0.21503374734970657,0.9589802211135036,0.8939,ok,93.97
2.35,0.95,110.0,74,0.016086841778405497,-536.104764546819,-536.7072089534329,-536.7396738906563,0.5882159280374407,"A""",0.08563074787368295,0.9479078490759529,0.8906,ok,67.51
2.35,0.9,115.0,74,0.015577001926904747,-536.0977949551274,-536.6992564570022,-536.7317942902426,0.5579762583066146,"A""",0.013440231029893232,0.9363527812898702,0.888,ok,95.89
2.35,0.9,125.0,74,0.01584493224081689,-536.0884383885759,-536.6923812614888,-536.7261004400648,0.45865389121446626,A',-0.12504484515861597,0.9336617891561456,0.8831,warn:Ap_below,97.67
2.35,0.9,100.0,74,0.01614644574449028,-536.1062821163146,-536.7056028306289,-536.737258151197,0.6444462879975456,"A""",0.1744166536599535,0.9512094805226453,0.8928,ok,110.38
2.35,0.9,105.0,74,0.01586325846950028,-536.1042238404287,-536.7040533020108,-536.7358987296037,0.6244703619951294,"A""",0.12729815561361782,0.9448706860365331,0.8914,ok,107.8
2.35,0.95,115.0,74,0.015976269694123107,-536.1011925405475,-536.7045474458644,-536.7374087401928,0.5506345413205733,"A""",0.025521821419439594,0.9443590804301987,0.8887,ok,67.86
2.35,0.9,120.0,74,0.015622031105441754,-536.0934691349978,-536.6960626761002,-536.7291227721585,0.5121622368439271,A',-0.05291700816369952,0.9342473230568289,0.8857,warn:Ap_below,105.03
2.35,0.9,110.0,74,0.015667108162619358,-536.1013879815143,-536.7019296378415,-536.7340664072563,0.595549305930089,"A""",0.07360536463979235,0.9399128655941887,0.8898,ok,108.7
2.35,0.95,75.0,74,0.019417743150012826,-536.1080155236914,-536.709342714852,-536.7417391992678,0.5971482798926785,"A""",0.3324556976187364,1.0233665604026045,0.8992,ok,103.17
2.35,0.95,80.0,74,0.01865532084039368,-536.1099151044347,-536.710939265853,-536.7430913050952,0.624524113301526,"A""",0.315021244416963,1.0045864679584149,0.898,ok,100.22
2.35,0.95,95.0,74,0.016993825949318114,-536.110891835107,-536.7118115985509,-536.7437127920834,0.6481104690234545,"A""",0.2275248699661594,0.9674811213020738,0.8948,ok,100.26
2.35,0.95,90.0,74,0.017458782919534975,-536.1113599532565,-536.7121512727438,-536.744051435878,0.6497406683055389,"A""",0.26242095777589663,0.9774031563684278,0.8959,ok,101.23
2.35,0.95,100.0,74,0.01660847054609366,-536.1096304036756,-536.7108631819688,-536.7428554022232,0.6372043289160756,"A""",0.1865927247157728,0.959394596476501,0.8936,ok,100.3
2.35,0.9,130.0,74,0.01630605271611783,-536.0827337963616,-536.688249067762,-536.7227855822541,0.39814814465792775,A',-0.20243232783939147,0.9346345570781228,0.88,warn:Ap_below,108.81
2.35,0.9,135.0,74,0.017088157426614053,-536.0763895658932,-536.6837070267965,-536.7192489712229,0.33150993195368145,A',-0.28452266474329935,0.9371336743049483,0.8763,warn:Ap_below,110.56
2.35,0.95,85.0,74,0.018008610873601893,-536.1110330469866,-536.7118667864198,-536.7438518810216,0.641947497608294,"A""",0.2915616339930407,0.9895642433377111,0.8969,ok,107.71
2.35,0.95,105.0,74,0.016303190822177717,-536.1075834306273,-536.709322325366,-536.7415003633768,0.6171712413227851,"A""",0.1393393333781792,0.9529089613406895,0.8922,ok,106.63
2.35,0.95,125.0,74,0.01619468702815863,-536.0918853717873,-536.6976988828536,-536.7317306313915,0.4513967414003643,A',-0.11279051180266907,0.9416780371071003,0.8839,warn:Ap_below,98.15
2.35,0.95,135.0,74,0.017363947158248377,-536.0798893587503,-536.6890536625187,-536.7248929895517,0.32452164495257196,A',-0.27220215771589146,0.9448987930626812,0.8772,warn:Ap_below,99.57
2.35,0.95,120.0,74,0.015998675325572993,-536.0968905405135,-536.7013665238236,-536.7347449663581,0.5048438704703798,A',-0.04074897591711585,0.9422737132477219,0.8865,warn:Ap_below,110.92
2.35,0.95,130.0,74,0.016622703207177073,-536.0862071897704,-536.6935810642744,-536.7284233457805,0.3909981661001304,A',-0.1901184837712809,0.9425744231440008,0.8808,warn:Ap_below,108.85
2.35,1.0,75.0,74,0.020151143774513346,-536.1061490227384,-536.7093052816841,-536.7420829133583,0.5887859895297847,"A""",0.3496873298973032,1.037187953039325,0.9006,warn:t1,101.52
2.35,1.0,120.0,74,0.016427419636675857,-536.0949358114476,-536.70137805066,-536.7350997891352,0.49737738740033904,A',-0.02846658349254631,0.9499928289752253,0.8872,warn:Ap_below,67.14
2.35,1.0,80.0,74,0.01930153689364992,-536.1079479150725,-536.7108833755416,-536.7434152196589,0.6166914426545564,"A""",0.33017867821054653,1.0159073623937518,0.8992,ok,111.05
2.35,1.0,85.0,74,0.01859226802148353,-536.1090089778313,-536.7118032311326,-536.7441645130857,0.6343286456622347,"A""",0.3052540380272355,0.9992898085211991,0.8979,ok,100.77
2.35,1.05,80.0,74,0.019983884634975576,-536.102125240957,-536.7070279737546,-536.7399695060932,0.6082764942484293,"A""",0.3449203543990134,1.0269548558867567,0.9003,ok,69.07
2.35,1.0,115.0,74,0.0164169388626702,-536.0992064310246,-536.704541285217,-536.7377508481894,0.5431032695965171,"A""",0.03762221782881285,0.9520522412539163,0.8894,ok,98.24
2.35,1.0,90.0,74,0.01799785032059438,-536.1093086837847,-536.7120881094902,-536.7443600002993,0.6421844190561117,"A""",0.2751675560539383,0.9861431599449206,0.8968,ok,111.03
2.35,1.0,95.0,74,0.017500865148855703,-536.1088333083435,-536.7117541425825,-536.7440223567631,0.6405551215324904,"A""",0.23972705500400734,0.9756411300268674,0.8956,ok,110.25
2.35,1.0,100.0,74,0.01709226702576151,-536.1075781724969,-536.710814980292,-536.7431695087378,0.629634499406496,"A""",0.19854030564555675,0.9672426725711294,0.8943,ok,108.97
2.35,1.0,125.0,74,0.016610138821059394,-536.0899645683459,-536.6977293715776,-536.7320990035923,0.44403197310494363,A',-0.10032407078597509,0.9493908452111286,0.8847,warn:Ap_below,99.72
2.35,1.0,105.0,74,0.016769357117653705,-536.1055469806703,-536.7092860096179,-536.7418216881883,0.6095939231332341,"A""",0.15122508899334,0.9606188562740725,0.8929,ok,110.58
2.35,1.0,110.0,74,0.01653954348889284,-536.1027507396706,-536.7071867405031,-536.74000467063,0.5806489825075067,"A""",0.09758925128725714,0.9555842977884835,0.8913,ok,110.18
2.35,1.0,130.0,74,0.0170213383338602,-536.0843218586652,-536.6936313398273,-536.7288053402425,0.383778835830099,A',-0.17749300387673508,0.95021556873542,0.8816,warn:Ap_below,99.74
2.35,1.05,105.0,74,0.017259580400265904,-536.0996515860028,-536.7054601687105,-536.7383782708049,0.601856773709599,"A""",0.16282356516676258,0.967928863325097,0.8936,ok,95.72
2.35,1.0,135.0,74,0.017741181131837376,-536.0780401476754,-536.6891240906275,-536.7252878131451,0.31749914258632905,A',-0.2594670603570587,0.9523727509496447,0.8781,warn:Ap_below,110.5
2.35,1.05,75.0,74,0.020941553535024957,-536.1004445616932,-536.705471972823,-536.7386633029196,0.5795886486339348,"A""",0.3666110093665531,1.0509867875696264,0.9019,warn:t1,111.07
2.35,1.05,120.0,74,0.01690505689476956,-536.0891416789938,-536.6976138419654,-536.7317037314762,0.48987490658827465,A',-0.016194858945763283,0.957344853670873,0.8879,warn:Ap_below,97.88
2.35,1.05,85.0,74,0.019200737008689128,-536.1031212407266,-536.7079401402043,-536.740705581343,0.6262840956479163,"A""",0.3184816048764768,1.008636571958648,0.8989,ok,111.0
2.35,1.05,110.0,74,0.017021974293903796,-536.0968834803958,-536.7033790646574,-536.7365746008177,0.572964029369924,"A""",0.10934129241785212,0.9628725507774808,0.892,ok,100.04
2.35,1.05,115.0,74,0.01689594438439575,-536.0933734235796,-536.7007542820038,-536.7343367545062,0.5354941980798328,"A""",0.04961706867668018,0.9593695834219225,0.8901,ok,99.42
2.35,1.05,90.0,74,0.018556386265531143,-536.1033910098977,-536.7082268383646,-536.7408970689718,0.6343019323118431,"A""",0.2874510884840999,0.994467671758977,0.8976,ok,111.54
2.35,1.1,105.0,74,0.01777332088174393,-536.0910368385504,-536.6989760050869,-536.7323023866531,0.5940604478976921,"A""",0.17399531818331387,0.9747826044747315,0.8943,ok,66.38
2.35,1.05,95.0,74,0.018026086473276443,-536.102908914076,-536.7079008105926,-536.7405617351451,0.6327420184701373,"A""",0.2515034492311738,0.9833807643327942,0.8963,ok,110.54
2.35,1.05,125.0,74,0.01708738628236976,-536.0842127171418,-536.6939895794183,-536.7287223501982,0.43667078747223664,A',-0.08776324760259267,0.9567501363960684,0.8854,warn:Ap_below,109.43
2.35,1.05,130.0,74,0.017498804612743498,-536.0786146434068,-536.6899170769967,-536.72544874211,0.37660253155172635,A',-0.16466309553539094,0.9575164429089459,0.8824,warn:Ap_below,112.72
2.35,1.1,120.0,74,0.017430872271224987,-536.0806467202715,-536.6912056184894,-536.7256899124453,0.4824291872004236,A',-0.0040580543551896504,0.9642899929714077,0.8886,warn:Ap_below,64.96
2.35,1.1,75.0,74,0.021805757519760355,-536.0920456960996,-536.6989694915006,-536.7326091461342,0.5696278404559527,"A""",0.38310162126194985,1.0647083519695093,0.9032,warn:t1,111.4
2.35,1.05,135.0,74,0.01821772894343553,-536.0723789886773,-536.6854359013993,-536.7219510369983,0.31055827732188096,A',-0.24641419972581863,0.9595214361030459,0.8789,warn:Ap_below,116.39
2.35,1.1,80.0,74,0.02071242948072283,-536.0935891659636,-536.7005018612064,-536.7338846183492,0.5993851348560916,"A""",0.35911719001722975,1.0376633493005516,0.9013,warn:t1,100.6
2.35,1.1,85.0,74,0.01983949876440073,-536.0945111405974,-536.701407260833,-536.7346061127066,0.6179280229135435,"A""",0.3311088814805748,1.0175367664484691,0.8997,ok,101.68
2.35,1.1,95.0,74,0.018570707926975794,-536.0942590041353,-536.7013823347494,-536.7344626937172,0.624781062227883,"A""",0.262713359652584,0.990638927341304,0.897,ok,99.6
2.35,1.1,100.0,74,0.018119122079840993,-536.0930241104727,-536.700470540281,-536.7336260202857,0.6139843721882394,"A""",0.22119428214411035,0.9816449857563684,0.8957,ok,100.62
2.35,1.1,90.0,74,0.01913716237088208,-536.094747711861,-536.701697801642,-536.7347940790363,0.6262070489368916,"A""",0.2991320427553619,1.0023117670101886,0.8984,ok,112.52
2.35,1.1,115.0,74,0.017412242189587625,-536.0848324026441,-536.6943180053746,-536.7282993265599,0.5279029792469456,"A""",0.06136650712389851,0.9662627791363011,0.8907,ok,97.23
2.35,1.1,110.0,74,0.01753365190637617,-536.0883019986464,-536.6969173249628,-536.7305162863687,0.5652584049698091,"A""",0.12075285231040297,0.9697208507767182,0.8926,ok,109.49
2.35,1.1,125.0,74,0.01762624134302363,-536.0757681491915,-536.6876114792339,-536.7227341747329,0.4294090656833098,A',-0.07523237936263147,0.9637165862003673,0.8861,warn:Ap_below,97.65
2.35,1.15,80.0,74,0.021501654259257336,-536.0831867861599,-536.6921478483781,-536.7260063270904,0.5901127487933532,"A""",0.37262627128594633,1.0479717245326012,0.9023,warn:t1,98.75
2.35,1.2,75.0,74,0.023858271011836938,-536.0703393352118,-536.6811065127324,-536.7157633467828,0.5476716864565722,"A""",0.41419088578482804,1.0917504106963836,0.9055,warn:t1,71.05
2.35,1.15,75.0,74,0.022767723296245213,-536.0818009021032,-536.6906389345232,-536.7247653231256,0.5589697597966938,"A""",0.39901650299520475,1.0783101392525782,0.9044,warn:t1,111.07
2.35,1.1,130.0,74,0.01805407539287685,-536.0702237161275,-536.6835705116516,-536.7194874290617,0.36956576184212364,A',-0.1517460782051627,0.9644488614350887,0.8831,warn:Ap_below,114.12
2.35,1.15,95.0,74,0.019138135784663488,-536.0837290157981,-536.6930437389882,-536.726572370993,0.6167706038177159,"A""",0.27320441159313325,0.997363055900604,0.8977,ok,99.96
2.35,1.1,135.0,74,0.018792671297949235,-536.0640440036572,-536.6791216705057,-536.7160170426007,0.30379695597804873,A',-0.2331541939627249,0.9663295194055144,0.8797,warn:Ap_below,116.39
2.35,1.15,90.0,74,0.01974546313258623,-536.084224669878,-536.6933455941315,-536.7268978180397,0.6180019926113668,"A""",0.31005813963556306,1.0096183234318468,0.8991,ok,110.67
2.35,1.15,85.0,74,0.02051720833011678,-536.0840250568642,-536.6930485146662,-536.7267124831069,0.6093641055079414,"A""",0.3429866980008154,1.0259285629109776,0.9005,warn:t1,114.18
2.35,1.2,95.0,74,0.019733769400951864,-536.071945129286,-536.6835155839952,-536.7175243501068,0.608799753964862,"A""",0.28280238219968784,1.0035068344315998,0.8982,ok,70.29
2.35,1.15,100.0,74,0.018665361398469554,-536.0825072401389,-536.6921505970994,-536.7257479081482,0.6061023398201281,"A""",0.23161271353639423,0.9880925263724151,0.8963,ok,100.72
2.35,1.15,115.0,74,0.01796692454890245,-536.0744270008528,-536.6860781336999,-536.720486707505,0.5204119033501905,"A""",0.07272582044059987,0.9726951063540971,0.8913,ok,99.35
2.35,1.15,125.0,74,0.01822802043129778,-536.0654737185487,-536.679441137448,-536.7149833970827,0.4223264267052007,A',-0.06286444129436877,0.9702704102333345,0.8867,warn:Ap_below,99.62
2.35,1.15,120.0,74,0.018006032793758408,-536.0702941491859,-536.6829992583928,-536.7179068589779,0.4751227039045255,"A""",0.007795145554003273,0.9707954071771203,0.8892,ok,107.89
2.35,1.15,130.0,74,0.01868840961487635,-536.0599916496099,-536.6754380473501,-536.7117708882971,0.3627530462507289,A',-0.13887949095009766,0.970994867447966,0.8838,warn:Ap_below,108.67
2.35,1.15,110.0,74,0.01807656916238588,-536.0778503780282,-536.6886470967717,-536.7226776304851,0.557616533005781,"A""",0.13167926308552452,0.9760884364699618,0.8932,ok,110.76
2.35,1.15,105.0,74,0.018312301041229644,-536.0805472824985,-536.6906789623234,-536.7244416683808,0.586292202103673,"A""",0.18458695678546452,0.981137853398255,0.8948,ok,112.04
2.35,1.15,135.0,74,0.019467645169574162,-536.0538775822183,-536.6710282034155,-536.7083359800645,0.29730306001758183,A',-0.21981407067581643,0.9727869629880337,0.8805,warn:Ap_below,113.89
2.35,1.2,80.0,74,0.02237063895430181,-536.0715459006483,-536.6825941567545,-536.7169670633979,0.5805483336138945,"A""",0.3852834624992152,1.0578195265578365,0.9031,warn:t1,113.0
2.35,1.2,85.0,74,0.02124565048775487,-536.0722901027256,-536.6834933753843,-536.7176576858011,0.600688806981887,"A""",0.3539441712426108,1.0337533611883478,0.9012,warn:t1,111.12
2.35,1.2,110.0,74,0.018654720829172206,-536.0661533499064,-536.6791994573299,-536.7136930265182,0.5501145555392277,"A""",0.14194871177177285,0.9819422255065262,0.8937,ok,97.22
2.35,1.2,90.0,74,0.020388891491609763,-536.0724485131167,-536.683800407713,-536.717841649406,0.6097817799734817,"A""",0.32005541796404163,1.0163346700891758,0.8997,warn:t1,113.08
2.35,1.2,105.0,74,0.018880862611707242,-536.0688081472841,-536.6812000174947,-536.7154302877417,0.5786330906555945,"A""",0.19442693917383108,0.986956204810941,0.8953,ok,107.43
2.35,1.2,115.0,74,0.0185652878817387,-536.0627814609677,-536.676665904406,-536.7115336741114,0.5130952692406424,"A""",0.08352607724092112,0.9786366126590963,0.8918,ok,100.45
2.35,1.2,100.0,74,0.019238499585697892,-536.0707378587422,-536.6826447394175,-536.7167152005036,0.5982975815713237,"A""",0.24120135614295649,0.9939803471427155,0.8968,ok,111.44
2.35,1.2,125.0,74,0.018896617981707706,-536.0539528041414,-536.6701102196603,-536.7061057293012,0.4154984475045182,A',-0.050830108570850824,0.976391630756338,0.8873,warn:Ap_below,98.27
2.35,1.2,120.0,74,0.018633638849444533,-536.0587077517201,-536.6736260995638,-536.7089896515272,0.4680284180945905,"A""",0.019196386066443142,0.9768374868188612,0.8897,ok,101.02
2.35,1.25,95.0,74,0.02036502161300819,-536.0593711887439,-536.6732681609827,-536.7077928903879,0.6009514953812836,"A""",0.29130381111733317,1.0090294117948688,0.8987,warn:t1,69.17
2.35,1.25,130.0,74,0.020216403527873683,-536.0363338306518,-536.6561829829233,-536.6934586805817,0.35009462705058875,A',-0.11396579833145058,0.9828903050093024,0.885,warn:t1+Ap_below,68.67
2.35,1.2,135.0,74,0.020247358228272352,-536.0425025049639,-536.661787934315,-536.6995451320579,0.2911562158570302,A',-0.20655665434367024,0.9788910603838158,0.8812,warn:t1+Ap_below,107.5
2.35,1.2,130.0,74,0.019406962171655814,-536.0485414838255,-536.6661516688544,-536.7029355317574,0.35624016540499664,A',-0.12622010531758376,0.977142900961006,0.8844,warn:Ap_below,117.08
2.35,1.25,85.0,74,0.02204007165781262,-536.0597710525416,-536.6732110563854,-536.7079155874558,0.5919928148985638,"A""",0.36378294926032206,1.0409555887434863,0.9019,warn:t1,98.45
2.35,1.25,90.0,74,0.021077511128197817,-536.0598835344596,-536.673532111894,-536.7080996017863,0.6016338283990975,"A""",0.32891970289883427,1.0224134481145057,0.9002,warn:t1,95.01
2.35,1.25,80.0,74,0.023343684980431458,-536.0591319762335,-536.6723087025401,-536.707240336073,0.5707750022589549,"A""",0.3969012552364492,1.0671483058700422,0.9039,warn:t1,109.06
2.35,1.25,110.0,74,0.01927270171970963,-536.0536732992451,-536.6690450226364,-536.7040372117798,0.542819933793456,"A""",0.15135600645700656,0.987257544058272,0.8941,ok,101.11
2.35,1.25,105.0,74,0.019484869427721034,-536.0562823186063,-536.6710097074122,-536.7057427949334,0.5711535517220472,"A""",0.20331756529729986,0.99220730023927,0.8957,ok,110.77
2.35,1.25,100.0,74,0.019844832702521548,-536.0581793426967,-536.6724234164736,-536.7070022932888,0.5906467610118464,"A""",0.24975754704059464,0.9992730446823969,0.8972,ok,112.93
2.35,1.25,115.0,74,0.01921182154021542,-536.0503576745108,-536.6665520579569,-536.7019154112554,0.5060184765958612,"A""",0.09357102657765498,0.9840672015790635,0.8922,ok,110.95
2.4,0.8,75.0,74,0.018623093472487872,-536.0642284066713,-536.6635706511792,-536.6966476253735,0.5317011230970916,"A""",0.12611254933194607,0.8855990751092241,0.8884,ok,99.4
2.35,1.25,120.0,74,0.019322071227528378,-536.0463489499629,-536.663557167553,-536.699414186086,0.4612122109850427,"A""",0.02994938070799214,0.9823971439340041,0.8902,ok,108.77
2.4,0.8,80.0,74,0.018002646601473406,-536.0660932818857,-536.6649968080884,-536.6978121721373,0.556373512143886,"A""",0.11735013680577648,0.8743660900107914,0.8878,ok,100.56
2.35,1.25,125.0,74,0.0196382132832747,-536.0416663985677,-536.6600898806888,-536.6965775392837,0.4089910340241838,A',-0.03933271288267388,0.9820654556257887,0.8878,warn:Ap_below,112.03
2.35,1.25,135.0,74,0.021138688268035076,-536.0303790632912,-536.6518729586195,-536.6901229475426,0.28542908735777417,A',-0.1935730834597305,0.9846433972810216,0.8818,warn:t1+Ap_below,111.88
2.4,0.8,90.0,74,0.016994350801491444,-536.0674137480402,-536.6660103889411,-536.6985870089155,0.5796084954157608,"A""",0.07842927468968941,0.8561605109758588,0.8863,ok,100.11
2.4,0.8,85.0,74,0.017462170562234116,-536.067151757273,-536.6658021566761,-536.698450475988,0.5723213093225016,"A""",0.10137964453340097,0.8646345868449093,0.8871,ok,105.27
2.4,0.8,100.0,74,0.016266898626088325,-536.0655902959389,-536.6647079433338,-536.6974361093139,0.5685267730713844,"A""",0.011956457972351701,0.8424120664721501,0.8842,ok,103.95
2.4,0.8,120.0,74,0.015882379258873033,-536.0529851753366,-536.6557572745338,-536.6901244299629,0.4488949494785699,A',-0.19993107173641417,0.8274334793786711,0.8766,warn:Ap_below,93.05
2.4,0.85,90.0,74,0.01752224775877214,-536.0886712624718,-536.6888398016673,-536.7217065488087,0.5739529744689462,"A""",0.09119643662555957,0.8656062735066403,0.8875,ok,69.39
2.4,0.8,105.0,74,0.016015223426200032,-536.0635308215178,-536.6632310546344,-536.6961905326363,0.5504136441510551,A',-0.031436283118643965,0.8370401637316782,0.8828,warn:Ap_below,104.78
2.4,0.8,95.0,74,0.0165956882222085,-536.0668893879119,-536.6656401727421,-536.6982423357445,0.5783095614023586,"A""",0.0486058611448085,0.8487806956831182,0.8854,ok,109.87
2.4,0.8,115.0,74,0.015798502826547246,-536.0572053211577,-536.6587291032533,-536.6924970241096,0.4902125759670037,A',-0.13770900745522735,0.8294743081270913,0.879,warn:Ap_below,101.63
2.4,0.8,110.0,74,0.01585240713765962,-536.0607287334287,-536.6612299383074,-536.6945328692398,0.5241998019861047,A',-0.08141659617480912,0.8327038407699201,0.8811,warn:Ap_below,106.06
2.4,0.8,135.0,74,0.017432536536416184,-536.0364346889507,-536.6443635103029,-536.6815372229756,0.2874344069187398,A',-0.4173297702080981,0.8288078298827154,0.8661,warn:Ap_below,98.16
2.4,0.85,95.0,74,0.017085841587082227,-536.0881336835233,-536.6884703510282,-536.7213597466505,0.5725214908416549,"A""",0.060787034841150056,0.8576908494905396,0.8865,ok,68.95
2.4,0.85,80.0,74,0.01862413704745725,-536.087414712477,-536.6878297011593,-536.7209367664303,0.5509179174048505,"A""",0.13223107227341235,0.8858697617420359,0.8893,ok,99.55
2.4,0.85,85.0,74,0.01803300252643177,-536.0884336222205,-536.6886324088686,-536.7215725609004,0.5667894584410299,"A""",0.11501909706884161,0.8749088909291304,0.8884,ok,100.37
2.4,0.8,125.0,74,0.016144078922370755,-536.0480959174777,-536.6523471812558,-536.6874648993644,0.4008192380479223,A',-0.26761776635310797,0.8266467528339897,0.8736,warn:Ap_below,109.98
2.4,0.8,130.0,74,0.016637393073365512,-536.0425680116836,-536.6485355924481,-536.6845783098454,0.3467041162909587,A',-0.3402563726239919,0.8271302378026227,0.8702,warn:Ap_below,109.12
2.4,0.85,75.0,74,0.019306075668066056,-536.0856096166099,-536.6864072976495,-536.719772960379,0.5262061971551002,"A""",0.14268743140501344,0.8988747465991156,0.8901,ok,111.08
2.4,0.85,100.0,74,0.016722089795352973,-536.0868293226173,-536.6875399700015,-536.7205516512851,0.5626162582965096,"A""",0.023758080176438788,0.8509972178210778,0.8853,ok,94.79
2.4,0.85,110.0,74,0.016236667283458836,-536.0819722054398,-536.6840672594021,-536.7176442980124,0.5181023703176973,A',-0.06999867388415303,0.8410279817011124,0.8821,warn:Ap_below,100.94
2.4,0.85,115.0,74,0.016142814695296975,-536.0784554515109,-536.6815694522691,-536.7156057058752,0.4840563210044808,A',-0.12638351743034942,0.8377663096540117,0.88,warn:Ap_below,98.46
2.4,0.85,105.0,74,0.01643557075844281,-536.0847701552161,-536.6860655473926,-536.719304152184,0.5443987901673082,A',-0.01987343495089661,0.8454474331698953,0.8838,warn:Ap_below,109.82
2.4,0.85,125.0,74,0.016387202026614048,-536.0693629433193,-536.6751938214557,-536.7105650164165,0.3946315239651693,A',-0.25643757698314307,0.8348747363620809,0.8746,warn:Ap_below,98.72
2.4,0.85,120.0,74,0.01618045785695651,-536.0742434466928,-536.6786007521591,-536.7132294844038,0.4427068797696771,A',-0.18867634646132583,0.8357051535522251,0.8775,warn:Ap_below,110.34
2.4,0.9,130.0,74,0.017084132620126112,-536.0747993463956,-536.6840551315903,-536.7206173941926,0.3340819212139304,A',-0.3176939902653276,0.8432407475395424,0.8722,warn:Ap_below,68.85
2.4,0.9,80.0,74,0.01928150397915396,-536.098378700525,-536.7004586921458,-536.7338937140534,0.5445007079227785,"A""",0.1469868898098042,0.8974351565105618,0.8907,ok,99.84
2.4,0.95,95.0,74,0.01815669235369428,-536.1024109414033,-536.7063627721135,-536.7399220812001,0.5591252873430378,"A""",0.0847701515310446,0.875072848224329,0.8886,ok,69.98
2.4,0.9,90.0,74,0.018081473772564617,-536.0995666018517,-536.7014655593649,-536.7346560670834,0.5675618210586612,"A""",0.10382627399225183,0.874964311605012,0.8887,ok,101.54
2.4,0.9,75.0,74,0.020032161912335866,-536.0966441073556,-536.6990435136239,-536.732735718768,0.5195709687960934,"A""",0.1592347058032504,0.9124006865391858,0.8918,warn:t1,106.92
2.4,0.9,105.0,74,0.016896654615313086,-536.0956574272055,-536.6987028725391,-536.7322521051084,0.537846354588236,A',-0.008281024126098229,0.8537359295867766,0.8848,warn:Ap_below,96.69
2.4,0.85,130.0,74,0.0168145670940066,-536.0638436436968,-536.6713853099752,-536.7076714863371,0.3405545244314935,A',-0.3291754507845925,0.8352594555955869,0.8712,warn:Ap_below,112.01
2.4,0.85,135.0,74,0.017530982890717233,-536.0577180944584,-536.6672160872326,-536.704620436722,0.2813655432564061,A',-0.4063881959018227,0.8367566326739141,0.8671,warn:Ap_below,111.9
2.4,0.9,100.0,74,0.017212662095434206,-536.0977117381801,-536.7001722994784,-536.7334994755314,0.5561127629764407,"A""",0.03552189228825606,0.8594655608185282,0.8863,ok,101.52
2.4,0.9,85.0,74,0.01863607401157949,-536.0993536928054,-536.7012580895041,-536.7345249026565,0.5604247203923214,"A""",0.12850497416504833,0.8851446507915052,0.8897,ok,112.92
2.4,0.9,125.0,74,0.016708435470795025,-536.0803026548416,-536.6878566828623,-536.7235131742369,0.38808434747286574,A',-0.24493033628509447,0.8429661403634253,0.8756,warn:Ap_below,98.27
2.4,0.9,95.0,74,0.017608305393269134,-536.0990178354203,-536.7010986224865,-536.734307937353,0.5660755416394092,"A""",0.07287067611225981,0.866491807767473,0.8875,ok,112.96
2.4,0.9,110.0,74,0.01666798991264939,-536.0928689349502,-536.6967103198104,-536.7305926930193,0.511517971728897,A',-0.058478925269407116,0.8492320944763992,0.883,warn:Ap_below,109.87
2.4,0.9,135.0,74,0.01773787167791715,-536.0686893110105,-536.6798927145703,-536.7175616277342,0.27500758843874523,A',-0.39497575898464454,0.8445439217642947,0.8682,warn:Ap_below,105.02
2.4,0.95,75.0,74,0.020800561466599986,-536.1002057507092,-536.7043167722024,-536.7383710893049,0.5119278361591322,"A""",0.17570943391587954,0.9260831123066467,0.8934,warn:t1,109.35
2.4,0.9,120.0,74,0.01654431498113855,-536.0851674298301,-536.6912567235247,-536.7261784018883,0.4361203110164183,A',-0.1771696452105835,0.8438486226950577,0.8785,warn:Ap_below,114.63
2.4,0.95,90.0,74,0.01866580296741931,-536.102969431961,-536.7067254520771,-536.7402707449048,0.5605937662402734,"A""",0.11623205411820389,0.8841209903195645,0.8898,ok,101.52
2.4,0.95,105.0,74,0.017390728536842565,-536.0990613125855,-536.7039811748812,-536.7378699471657,0.5309012167875242,"A""",0.0032481887057577066,0.8618004062976248,0.8857,ok,94.6
2.4,0.95,80.0,74,0.019971179721735365,-536.1018570313881,-536.7057214822771,-536.7395182801791,0.5372771362199824,"A""",0.1615518126974067,0.9089514656839192,0.8921,ok,113.06
2.4,0.95,100.0,74,0.017732185807875753,-536.1011063142342,-536.7054428011139,-536.7391148624556,0.5491644443836611,"A""",0.04715771969852415,0.8677087886398724,0.8872,ok,101.07
2.4,0.95,85.0,74,0.01926615456011391,-536.1027824819844,-536.706516974919,-536.7401427158535,0.5533875113601434,"A""",0.14175834200902845,0.8952270356944724,0.8909,ok,114.27
2.4,0.95,110.0,74,0.017138918428593514,-536.0962877131905,-536.7019975706796,-536.7362139283816,0.5045873917014094,A',-0.04695050476777049,0.8572126044660656,0.8839,warn:Ap_below,108.39
2.4,0.95,115.0,74,0.016990127134626755,-536.0928024411023,-536.6995159448659,-536.7341798007044,0.47055891550270024,A',-0.1032934135808282,0.8538817054979507,0.8818,warn:Ap_below,108.27
2.4,1.0,90.0,74,0.0192714490643491,-536.1009651643636,-536.7066720366009,-536.740601474037,0.5531968787471473,"A""",0.1282912515648567,0.8929710309476854,0.8908,ok,69.56
2.4,0.95,125.0,74,0.0171008806364694,-536.0837852083963,-536.6931758198076,-536.729146770258,0.3813155238683465,A',-0.23317502234149706,0.8508295842332009,0.8765,warn:Ap_below,102.69
2.4,0.95,120.0,74,0.01696648196274411,-536.0886266807836,-536.696564620678,-536.7318079767074,0.42927252074773253,A',-0.16549666977512828,0.8517673691964913,0.8794,warn:Ap_below,117.43
2.4,0.95,130.0,74,0.017440329225329586,-536.0783059990109,-536.6893857005957,-536.7262539604252,0.3274236265010375,A',-0.3058821123079127,0.8509905262882446,0.8732,warn:Ap_below,99.74
2.4,1.0,100.0,74,0.01827393260672917,-536.099097678172,-536.7054043597933,-536.7394489435633,0.5419096314524303,"A""",0.05853055180546471,0.8756296455301908,0.8881,ok,68.07
2.4,0.95,135.0,74,0.01804948759796473,-536.07222005209,-536.6852346195599,-536.7231992473032,0.26849746159480736,A',-0.38315234310915114,0.8520954256311335,0.8693,warn:Ap_below,100.12
2.4,1.0,80.0,74,0.020693597242534136,-536.0999370010876,-536.7056700796757,-536.7398611206041,0.5293896971739818,"A""",0.17582427716676188,0.9203156506309058,0.8935,warn:t1,97.05
2.4,1.0,75.0,74,0.02161592833553998,-536.098383781961,-536.7042786894757,-536.738729726564,0.5033994088521359,"A""",0.1920289790898094,0.9398380623375706,0.895,warn:t1,112.89
2.4,1.0,95.0,74,0.018726014608253353,-536.1003979214087,-536.7063155093973,-536.7402531750813,0.5518145416955831,"A""",0.09635651922593308,0.8833318053446318,0.8895,ok,98.48
2.4,1.0,85.0,74,0.019921057060799274,-536.100806144199,-536.7064614306303,-536.7404768108714,0.5458272476931906,"A""",0.15466517507799704,0.9050490563879016,0.8921,ok,113.89
2.4,1.0,105.0,74,0.01791160668800095,-536.0970663157557,-536.7039535962348,-536.738209113342,0.5236979665915145,"A""",0.014585492622989195,0.8695440465260439,0.8866,ok,98.23
2.4,1.0,115.0,74,0.01747918727362377,-536.0908530453464,-536.6995148854163,-536.7345337368725,0.46348534608588554,A',-0.09173967434559434,0.8615162794955704,0.8827,warn:Ap_below,94.73
2.4,1.05,75.0,74,0.02248934844520353,-536.0927196630255,-536.7004423422152,-536.7353255034152,0.49407890089775935,"A""",0.20810945518013899,0.9536051030713529,0.8966,warn:t1,96.33
2.4,1.0,130.0,74,0.017877477991274208,-536.0764492480604,-536.6894321658054,-536.7266345910758,0.32070779925523074,A',-0.2938367558897788,0.8584403657831108,0.8741,warn:Ap_below,102.89
2.4,1.0,110.0,74,0.017643130818959504,-536.0943130605028,-536.7019825100671,-536.7365597972585,0.4974407504664703,A',-0.03553570999513398,0.86487921248349,0.8848,warn:Ap_below,108.64
2.4,1.0,125.0,74,0.017558357635774707,-536.0818958182248,-536.6932059171306,-536.7295187727594,0.3744521553069455,A',-0.2212777446733971,0.8583885309274201,0.8774,warn:Ap_below,113.06
2.4,1.0,135.0,74,0.018461155013335475,-536.0703965042761,-536.6852974017166,-536.7235870660643,0.261963282791017,A',-0.3710030146347579,0.8593541242175691,0.8703,warn:Ap_below,111.28
2.4,1.0,120.0,74,0.017440406732215353,-536.0867060828168,-536.6965787300958,-536.732170813159,0.42229128115311015,A',-0.1537713643217537,0.8593786275134985,0.8803,warn:Ap_below,118.35
2.4,1.1,75.0,74,0.023439261340224338,-536.0843575362635,-536.6939356038132,-536.7292889931359,0.4840390653446605,"A""",0.22386555321274393,0.9673390406931356,0.898,warn:t1,70.1
2.4,1.05,80.0,74,0.02145420144547773,-536.0941582575223,-536.7018184592208,-536.7364365327643,0.5209579829238811,"A""",0.18969914881982783,0.9314472213594784,0.8948,warn:t1,111.86
2.4,1.05,110.0,74,0.01817643540057116,-536.0884816535535,-536.6981811128867,-536.733146084632,0.4901918800263573,A',-0.02436952875736141,0.8721610814560368,0.8856,warn:Ap_below,97.16
2.4,1.05,105.0,74,0.018456824754931676,-536.0912093157609,-536.7001358568582,-536.7347851088576,0.516351635498043,"A""",0.02560151301097554,0.8768943846119335,0.8874,ok,100.12
2.4,1.05,85.0,74,0.020603064456791786,-536.094963300335,-536.702606049703,-536.7370418265793,0.5378723962389519,"A""",0.1671049127252067,0.914525182402942,0.8932,warn:t1,113.24
2.4,1.05,90.0,74,0.019898435648983703,-536.0950917551365,-536.7028202862983,-536.7371630987134,0.5454997945469193,"A""",0.13987474605946745,0.9014302414678782,0.8918,ok,111.2
2.4,1.1,100.0,74,0.01941983631586293,-536.0846220934108,-536.6950782429387,-536.7299513718157,0.5269492352545763,"A""",0.07996512217295249,0.8902068283739237,0.8898,ok,68.62
2.4,1.05,100.0,74,0.018836436808318053,-536.0932229701779,-536.7015725013074,-536.7360170422196,0.5344696177876338,"A""",0.06951279975540484,0.8831492987830855,0.889,ok,109.75
2.4,1.05,95.0,74,0.019314887825966298,-536.0945162608973,-536.7024720981676,-536.7368162812866,0.5442687002348017,"A""",0.10749658451540343,0.8911876566374797,0.8905,ok,110.08
2.4,1.05,120.0,74,0.017961923824761635,-536.0809420675336,-536.6928154587582,-536.7287831944426,0.4152864739331748,A',-0.14211527982922548,0.8666208820165805,0.8811,warn:Ap_below,107.23
2.4,1.05,115.0,74,0.018005703866890557,-536.0850531320888,-536.6957317660712,-536.7311323420138,0.4563481455541014,A',-0.08034300772485982,0.8687753112178516,0.8835,warn:Ap_below,109.88
2.4,1.05,125.0,74,0.018075793470329147,-536.076170892141,-536.6894636073825,-536.7261456929662,0.3676029943589187,A',-0.2093515907867876,0.8655907437855395,0.8783,warn:Ap_below,113.5
2.4,1.1,80.0,74,0.022263964596277237,-536.0856632005284,-536.6952956992167,-536.730375624224,0.5120839845121752,"A""",0.20306756697307923,0.9422798127904453,0.896,warn:t1,96.37
2.4,1.05,130.0,74,0.018390637726321383,-536.0707655666733,-536.6857114147354,-536.7232760570257,0.3140432427854997,A',-0.2816642513177189,0.865546747868724,0.8751,warn:Ap_below,111.15
2.4,1.05,135.0,74,0.0189685670256943,-536.0647553117575,-536.6815982737854,-536.7202422013227,0.25551543147210537,A',-0.3586248503245264,0.8662863443882376,0.8713,warn:Ap_below,111.37
2.4,1.1,95.0,74,0.019924048591996413,-536.0859062810072,-536.695963275885,-536.7307433026903,0.5365962075595997,"A""",0.11805796285930856,0.8985772718136263,0.8913,ok,98.94
2.4,1.1,105.0,74,0.019025457936411992,-536.0826298258917,-536.6936591897844,-536.7287303724919,0.5089634828489427,"A""",0.03615666125351019,0.8837937961695198,0.8882,ok,99.69
2.4,1.1,85.0,74,0.021317205048277634,-536.0863953881352,-536.6960806582604,-536.7309690648126,0.5296333314475389,"A""",0.1789569774336265,0.9235872194129565,0.8943,warn:t1,112.29
2.4,1.1,110.0,74,0.01873868622616117,-536.0799326345707,-536.6917247298942,-536.7271054356935,0.48293867912946,A',-0.013583547780359511,0.8790015347859605,0.8864,warn:Ap_below,98.55
2.4,1.15,105.0,74,0.019618955535524826,-536.0721724079805,-536.6853690371038,-536.7208927047329,0.5016226811009412,"A""",0.04610253056415375,0.8901948642745623,0.8889,ok,69.63
2.4,1.1,115.0,74,0.01856752297527588,-536.0765414935377,-536.6892980714919,-536.7251084380955,0.44924303900870305,A',-0.06923946939048672,0.8756083160810944,0.8843,warn:Ap_below,111.04
2.4,1.1,130.0,74,0.018977655347717243,-536.0623930227496,-536.6793555162981,-536.7173120230608,0.3075257672147963,A',-0.26948045389810193,0.8722777104314127,0.876,warn:Ap_below,101.0
2.4,1.1,135.0,74,0.01956951513296411,-536.0564344787558,-536.6752696043028,-536.7142986951316,0.2492517200125874,A',-0.3461265942818286,0.8728687800899816,0.8723,warn:Ap_below,101.93
2.4,1.1,120.0,74,0.018529364886957184,-536.072473117077,-536.686406446767,-536.7227781719795,0.40835082143545653,A',-0.1306502418758383,0.873452542504839,0.8819,warn:Ap_below,106.7
2.4,1.15,135.0,74,0.02026481559740261,-536.046276483106,-536.6671580817048,-536.7066065687856,0.2432600809856396,A',-0.33363538250587355,0.8790868260948286,0.8732,warn:t1+Ap_below,67.3
2.4,1.15,80.0,74,0.023136530238253773,-536.075299393595,-536.6869447878114,-536.7225246376312,0.5028565405028004,"A""",0.215814554447933,0.9527553534898726,0.8971,warn:t1,93.82
2.4,1.15,75.0,74,0.024489386072678823,-536.0741467060648,-536.6856000619459,-536.7214660250938,0.47333845748010295,"A""",0.23920392307527835,0.9810044124104846,0.8994,warn:t1,95.97
2.4,1.1,125.0,74,0.018651054880004847,-536.0677486636881,-536.6830807042372,-536.7201608497156,0.36086223549219804,A',-0.19752227758672583,0.8723974830836155,0.8792,warn:Ap_below,121.37
2.4,1.15,85.0,74,0.022072988148726814,-536.0759490292693,-536.6877293451057,-536.7231054722121,0.5212112593347956,"A""",0.19008564204556536,0.9321713021985082,0.8952,warn:t1,111.87
2.4,1.15,115.0,74,0.019166762274948113,-536.06616179486,-536.6810595260931,-536.717310379105,0.4422543799600927,A',-0.05857079178275099,0.8819743076054107,0.885,warn:Ap_below,97.67
2.4,1.15,90.0,74,0.021229265567997615,-536.0760059278159,-536.6879576060763,-536.7232211571664,0.5296407703821095,"A""",0.1610848364837438,0.9169168175398081,0.8936,warn:t1,113.42
2.4,1.15,120.0,74,0.019142666893025698,-536.0621424943187,-536.6781975211348,-536.7150042920571,0.4015679807463349,A',-0.11952352326011977,0.879838082284205,0.8827,warn:Ap_below,104.25
2.4,1.15,95.0,74,0.02055731714751759,-536.0754134737386,-536.6876341099511,-536.7228816886952,0.5288951207500975,"A""",0.12789294842071244,0.9054444635133838,0.8921,warn:t1,113.25
2.4,1.15,100.0,74,0.020026181434801314,-536.0741400700612,-536.6867668779936,-536.7220995310086,0.519441580291628,"A""",0.08974359517053355,0.8967515009932738,0.8905,warn:t1,112.26
2.4,1.15,110.0,74,0.019331081118920682,-536.069510107528,-536.6834589580811,-536.7192859181642,0.47576653036997885,A',-0.0033188712840391465,0.8853592992186681,0.8871,warn:Ap_below,110.75
2.4,1.15,130.0,74,0.019639025348259984,-536.0521742683156,-536.6712107842544,-536.7095918969655,0.3012403984533959,A',-0.2574207962181468,0.8786110131285803,0.8768,warn:Ap_below,107.06
2.4,1.2,85.0,74,0.022882577264220525,-536.0642516662577,-536.6781817241276,-536.7140846420796,0.5126997484611793,"A""",0.20033738594588218,0.9402183337618502,0.8961,warn:t1,99.19
2.4,1.2,80.0,74,0.024093542256599428,-536.0636952375542,-536.6773943345754,-536.7135171669447,0.49336066262725997,"A""",0.22780078801555556,0.9628133586578118,0.8982,warn:t1,108.39
2.4,1.2,75.0,74,0.025671873682880767,-536.0627173839599,-536.6760624164599,-536.7124892716386,0.46202325829492125,"A""",0.25401884748739206,0.9945659011763605,0.9007,warn:t1,110.77
2.4,1.15,125.0,74,0.01928637115653788,-536.0574720517764,-536.6749032920482,-536.7124132810446,0.3543137056403081,A',-0.18592018857754103,0.8787782634507962,0.8799,warn:Ap_below,117.19
2.4,1.2,90.0,74,0.021946743885761774,-536.0642663182325,-536.6784216183557,-536.7141985919263,0.5216736693577397,"A""",0.17040443644351194,0.9238291536546936,0.8944,warn:t1,106.15
2.4,1.2,100.0,74,0.020660150763953142,-536.0624026975902,-536.677269287786,-536.7130957517813,0.5120324105673679,"A""",0.09867746204434202,0.9027384544524932,0.8912,warn:t1,97.57
2.4,1.2,95.0,74,0.02122044773041636,-536.0636641283838,-536.6781152527905,-536.7138654650441,0.5212553521501734,"A""",0.13683380229325445,0.9117396204825167,0.8928,warn:t1,99.9
2.4,1.2,110.0,74,0.019957320385357146,-536.0578388957136,-536.6740149059701,-536.7103221439758,0.46875356592026035,"A""",0.006254201216588678,0.8911973309331722,0.8877,ok,99.49
2.4,1.2,105.0,74,0.020241964758136284,-536.0604623693243,-536.6758964206002,-536.7119065588242,0.49441085966360837,"A""",0.055274933924776185,0.8960558807543836,0.8895,warn:t1,100.27
2.4,1.2,115.0,74,0.019807441049566513,-536.0545383935909,-536.6716473555258,-536.7083730997123,0.43545826734604676,A',-0.0485016161093529,0.8878401901980342,0.8856,warn:Ap_below,96.15
2.4,1.25,75.0,74,0.027028497796869354,-536.0505377330699,-536.6657889166377,-536.7028331798966,0.45012915985995056,"A""",0.26819142839113713,1.0079955196529924,0.902,warn:t1,72.54
2.4,1.2,135.0,74,0.021058912055165156,-536.0349043389441,-536.6578960628495,-536.6978030673401,0.23762099176688598,A',-0.32129874363323824,0.8849319007718511,0.874,warn:t1+Ap_below,73.49
2.4,1.2,125.0,74,0.01998362141176377,-536.0459646105364,-536.665562978511,-536.7035386902697,0.348032516749172,A',-0.1747105585226004,0.8847142135285638,0.8807,warn:Ap_below,94.56
2.4,1.25,95.0,74,0.021920816039610217,-536.0511222433605,-536.6678770426494,-536.7041693342936,0.513760544678287,"A""",0.1446864113711347,0.9174184551708505,0.8934,warn:t1,66.08
2.4,1.2,120.0,74,0.019806863745043847,-536.0505741287145,-536.6688201153543,-536.7060969513878,0.39501434347905606,A',-0.10889672203690577,0.8857467946040187,0.8833,warn:Ap_below,103.37
2.4,1.2,130.0,74,0.020380125001245017,-536.0407325482987,-536.6619092121637,-536.700752219165,0.2952647763450593,A',-0.245630940527264,0.8845300873692893,0.8776,warn:t1+Ap_below,94.32
2.4,1.25,110.0,74,0.020622898344181358,-536.0453815286006,-536.6638633260978,-536.7006893765882,0.4619711566787519,"A""",0.014936921709590587,0.8964862358535121,0.8882,warn:t1,56.82
2.4,1.25,115.0,74,0.02049455079309158,-536.0421333578064,-536.6615324368456,-536.6987721839765,0.42892372562862346,A',-0.03922294085518893,0.8931820095488612,0.8862,warn:t1+Ap_below,53.59
2.4,1.25,100.0,74,0.02132781375983792,-536.0498734769661,-536.6670559538496,-536.7034147906911,0.5047995431483152,"A""",0.10657274794220165,0.9081284211723248,0.8917,warn:t1,74.64
2.4,1.25,80.0,74,0.025160326110386582,-536.0513169308595,-536.6671124931843,-536.7038276940941,0.4836713934901146,"A""",0.238874714295848,0.9724001214979733,0.8991,warn:t1,81.33
2.4,1.25,125.0,74,0.020751547127526502,-536.0336875890407,-536.6555311295594,-536.6940139971035,0.3420893141101186,A',-0.1640827594627687,0.8901845777264396,0.8813,warn:t1+Ap_below,50.87
2.4,1.25,120.0,74,0.020528549208496748,-536.0382296574959,-536.6587453068786,-536.696532313279,0.38875835577047424,A',-0.0989607199511288,0.8911579609971437,0.8839,warn:t1+Ap_below,59.26
2.4,1.25,90.0,74,0.022713234574971267,-536.0517357097802,-536.6681626812795,-536.7044944047714,0.5138011807187988,"A""",0.17862005239162396,0.9301170194663794,0.895,warn:t1,83.81
2.4,1.25,85.0,74,0.02376321497613355,-536.0517684803659,-536.6679071832615,-536.7043813526257,0.5041867125275192,"A""",0.20953222776321934,0.9476707089677668,0.8969,warn:t1,84.41
2.4,1.25,105.0,74,0.020900344470216846,-536.047962720796,-536.6657119958826,-536.7022469788576,0.48740284305497916,"A""",0.06347650036931979,0.9013423159285507,0.8901,warn:t1,81.16
2.4,1.25,130.0,74,0.02120717219676833,-536.0285287753587,-536.6519224646671,-536.6912705162913,0.2896698233707986,A',-0.23430642951292815,0.8900266656050091,0.8783,warn:t1+Ap_below,62.13
