E_eV,lambda_nm,sigma_200K,sigma_250K,sigma_298K
1.5,826.5613226666666,0.0,0.0,0.0
1.5020010005002502,825.4601585398833,0.0,0.0,0.0
1.5040020010005002,824.3619245022451,1.1234332949928241e-35,9.118982009998383e-35,3.485432160682839e-34
1.5060030015007504,823.2666088742733,2.747370675693385e-35,2.2300588631392755e-34,8.523669498721622e-34
1.5080040020010006,822.1742000384805,5.358705642415045e-34,1.7346327768953422e-33,3.971557892649794e-33
1.5100050025012506,821.0846864389597,9.509911365891084e-34,2.9417260894151296e-33,6.386884096384425e-33
1.5120060030015008,819.9980565809759,3.799701643184105e-33,6.188414237403147e-33,1.0163228221256501e-32
1.5140070035017508,818.9142990305634,9.934184864038089e-33,1.2230842644533027e-32,1.5924161445893234e-32
1.516008004002001,817.833402414123,1.4264813370285764e-32,1.6026707356611802e-32,1.8724529780643196e-32
1.5180090045022512,816.7553554180259,1.5938070517427088e-32,1.6882901123845938e-32,1.8259242235641543e-32
1.5200100050025012,815.6801467882178,1.459191511595136e-32,1.459841825912952e-32,1.4603017727202285e-32
1.5220110055027514,814.6077653298274,1.0884017643732788e-32,1.0780676375119983e-32,1.0625888999972188e-32
1.5240120060030016,813.5381999067781,5.117573822696761e-33,5.068983624815036e-33,4.996203899067676e-33
1.5260130065032516,812.471439441403,0.0,0.0,0.0
1.5280140070035018,811.4074729140611,0.0,0.0,0.0
1.530015007503752,810.3462893627594,0.0,0.0,0.0
1.532016008004002,809.2878778827754,6.890860357508748e-36,5.593356714065936e-35,2.137877381049922e-34
1.5340170085042522,808.2322276262839,2.618691147137599e-35,2.1256088427254883e-34,8.124443510628838e-34
1.5360180090045024,807.1793278019866,4.594643426836105e-34,1.527276181359935e-33,3.5987013996046754e-33
1.5380190095047523,806.1291676747438,9.627829472598193e-34,3.0022942968949015e-33,6.582655644269039e-33
1.5400200100050025,805.0817365652102,2.3615075765053343e-33,4.987208320314285e-33,9.399334502824063e-33
1.5420210105052525,804.0370238494728,9.501444542734874e-33,1.2160038813485267e-32,1.6482620485774165e-32
1.5440220110055027,802.995018958691,1.4937057272725912e-32,1.7118197150903164e-32,2.051929859585983e-32
1.546023011505753,801.9557113787412,1.7597586231352024e-32,1.8902873969624342e-32,2.0805783191511237e-32
1.548024012006003,800.9190906498626,1.6940314956436177e-32,1.7230096787080037e-32,1.7648168045803177e-32
1.5500250125062531,799.8851463663062,1.338363924470624e-32,1.325656463829925e-32,1.3066228821469152e-32
1.5520260130065033,798.853868175987,7.452399542712724e-33,7.381640706393041e-33,7.275656188402724e-33
1.5540270135067533,797.8252457801384,8.051120430358907e-36,7.974676875574074e-36,7.860177630974667e-36
1.5560280140070035,796.7992689329689,0.0,0.0,0.0
1.5580290145072537,795.7759274413228,0.0,0.0,0.0
1.5600300150075037,794.7552111643417,1.0172865962453722e-36,8.25738226872944e-36,3.156113883208211e-35
1.562031015507754,793.7371100131304,2.359594256169071e-35,1.9152981907162288e-34,7.3205999352785e-34
1.564032016008004,792.7216139504238,3.5017208125957378e-34,1.2216441804282932e-33,3.0216840851312898e-33
1.566033016508254,791.7087129902571,9.513404905141282e-34,2.995594698581893e-33,6.644659893864419e-33
1.5680340170085043,790.6983971976391,1.3800668472992075e-33,4.2247074391636655e-33,9.054259621698613e-33
1.5700350175087543,789.6906566882268,8.739222056719778e-33,1.17830832104546e-32,1.6783539262668793e-32
1.5720360180090045,788.6854816280031,1.5418361042162155e-32,1.807154081520919e-32,2.2272733758199984e-32
1.5740370185092547,787.6828622329572,1.9245865694922242e-32,2.099187687127587e-32,2.3573117306209588e-32
1.5760380190095047,786.6827887687668,1.9459698505660264e-32,2.010112172191924e-32,2.1032579716688538e-32
1.578039019509755,785.6852515504834,1.617440393481002e-32,1.6020831653287518e-32,1.5790806894820593e-32
1.580040020010005,784.6902409422194,1.018267178778461e-32,1.0085989638337396e-32,9.941176473785954e-33
1.582041020510255,783.6977473568379,2.1471225662365946e-33,2.1267361264930097e-33,2.0962007601396e-33
1.5840420210105053,782.707761255645,0.0,0.0,0.0
1.5860430215107553,781.720273148084,0.0,0.0,0.0
1.5880440220110055,780.7352735914317,0.0,0.0,0.0
1.5900450225112557,779.7527531904985,1.9311478208040506e-35,1.5675253987084478e-34,5.991352358580409e-34
1.5920460230115057,778.7727025973292,2.0093184358729485e-34,7.955332357230315e-34,2.1913422842319204e-33
1.5940470235117559,777.7951125109054,9.096498311258403e-34,2.899970804375495e-33,6.525984127946622e-33
1.596048024012006,776.8199736768531,1.4560815761306958e-33,4.4845808017374113e-33,9.684464041125911e-33
1.598049024512256,775.8472768871497,7.575133894776437e-33,1.10226338284673e-32,1.6742464815879804e-32
1.6000500250125063,774.8770129798343,1.5644090773401183e-32,1.8824018749671592e-32,2.392732526135107e-32
1.6020510255127565,773.9091728387197,2.0841875989336813e-32,2.3138468402933667e-32,2.6634226519700754e-32
1.6040520260130064,772.9437473931077,2.213544223268467e-32,2.320760006649562e-32,2.4768056820279594e-32
1.6060530265132567,771.980727617505,1.9267761241759675e-32,1.9084818237142382e-32,1.8810801207290939e-32
1.6080540270135066,771.0201045313423,1.335010411505212e-32,1.3223347917063326e-32,1.3033489021060106e-32
1.6100550275137568,770.061869198695,4.77578158581613e-33,4.73043662737791e-33,4.662517709920687e-33
1.612056028014007,769.1060127280061,0.0,0.0,0.0
1.614057028514257,768.1525262718116,0.0,0.0,0.0
1.6160580290145072,767.2014010264664,0.0,0.0,0.0
1.6180590295147574,766.2526282318751,1.2848193115685895e-35,1.0428962930431318e-34,3.986129456165131e-34
1.6200600300150074,765.3061991712212,4.043042677688297e-35,3.2817643564436786e-34,1.2543469237235007e-33
1.6220610305152576,764.3621051707015,8.290417879490667e-34,2.6882770788209027e-33,6.16681426391719e-33
1.6240620310155078,763.4203375992606,1.510349661528828e-33,4.6826809865188555e-33,1.019521274265125e-32
1.6260630315157578,762.480887868328,5.923481025627176e-33,9.785038436996663e-33,1.6253146910351536e-32
1.628064032016008,761.5437474315562,1.5535057554748638e-32,1.9296753607943636e-32,2.540670539718645e-32
1.6300650325162582,760.6089077845634,2.23246192221565e-32,2.5261870098803874e-32,2.9834071421692205e-32
1.6320660330165082,759.6763604646743,2.4943959356656345e-32,2.6537884640374654e-32,2.8860420389296526e-32
1.6340670335167584,758.7460970506658,2.283285664545906e-32,2.291837459007291e-32,2.3035750678997683e-32
1.6360680340170084,757.8181091625133,1.6998389893289377e-32,1.6836994052759927e-32,1.6595250953892745e-32
1.6380690345172586,756.892388461139,7.966566004467664e-33,7.890925274698781e-33,7.777628523339392e-33
1.6400700350175088,755.9689266481622,0.0,0.0,0.0
1.6420710355177588,755.0477154656512,0.0,0.0,0.0
1.644072036018009,754.128746695877,0.0,0.0,0.0
1.6460730365182592,753.2120121610697,3.606419447330328e-36,2.92735440611306e-35,1.1188853296997437e-34
1.6480740370185092,752.2975037231749,3.6333302535062e-35,2.9491980846372843e-34,1.127234360277112e-33
1.6500750375187594,751.3852132836137,6.987875685795573e-34,2.3263705193999866e-33,5.49047271291118e-33
1.6520760380190094,750.4751327830431,1.5333422768410962e-33,4.789136686184968e-33,1.0520595939426111e-32
1.6540770385192596,749.567254201119,3.682758249467008e-33,7.956473427741391e-33,1.5180785229501012e-32
1.6560780390195098,748.6615695562604,1.499423789835821e-32,1.9390325144153201e-32,2.660900429247631e-32
1.6580790395197598,747.7580709054156,2.3620722403230172e-32,2.729702501155641e-32,3.312481332965853e-32
1.66008004002001,746.85675034383,2.7852285944161874e-32,3.0089587018857304e-32,3.3382765905897955e-32
1.6620810405202602,745.9576000048156,2.683028658296333e-32,2.7407100849217815e-32,2.8241595350740927e-32
1.6640820410205102,745.060612059522,2.1172605231962276e-32,2.097157616750013e-32,2.0670469343148093e-32
1.6660830415207604,744.1657787167092,1.1800928450108839e-32,1.168888132222262e-32,1.1521054073233264e-32
1.6680840420210106,743.273092222522,5.997642498282245e-36,5.940696248767898e-36,5.8554006006192076e-36
1.6700850425212606,742.3825448602665,0.0,0.0,0.0
1.6720860430215108,741.4941289501869,0.0,0.0,0.0
1.674087043521761,740.6078368492454,0.0,0.0,0.0
1.676088044022011,739.7236609509029,2.887844466622373e-35,2.344082363961894e-34,8.959486979669664e-34
1.6780890445222612,738.8415936849008,5.05593972893323e-34,1.7711290551735306e-33,4.397995373136759e-33
1.6800900450225114,737.9616275170462,1.5125941957905803e-33,4.76394358298464e-33,1.0569903299177546e-32
1.6820910455227613,737.0837549489962,2.247961229658065e-33,6.898765935188908e-33,1.4831664952589692e-32
1.6840920460230115,736.2079685180454,1.3902491196441976e-32,1.8978667976471936e-32,2.7396827884297836e-32
1.6860930465232615,735.3342607969144,2.4635768907548192e-32,2.915621064155454e-32,3.6433153505083377e-32
1.6880940470235117,734.4626243935397,3.081907945651082e-32,3.3905692870433855e-32,3.8625141470874734e-32
1.690095047523762,733.5930519508657,3.120292999099465e-32,3.2402626025177427e-32,3.414654106333746e-32
1.692096048024012,732.7255361466371,2.5918183403235064e-32,2.5672096154876737e-32,2.5303499951810497e-32
1.6940970485242621,731.8600696931935,1.6370123571630196e-32,1.621469297673266e-32,1.5981884785728234e-32
1.6960980490245123,730.9966453372658,3.509861135591661e-33,3.476535803505703e-33,3.426620210744392e-33
1.6980990495247623,730.1352558597731,0.0,0.0,0.0
1.7001000500250125,729.2758940756215,0.0,0.0,0.0
1.7021010505252625,728.4185528335048,0.0,0.0,0.0
1.7041020510255127,727.5632250157053,1.6806790913794666e-35,1.3642182822227712e-34,5.214277503604361e-34
1.7061030515257627,726.7099035378977,2.329876848139203e-34,9.678532339743678e-34,2.7606397232852444e-33
1.7081040520260131,725.8585813489528,1.4317377440950159e-33,4.553086199775949e-33,1.021683016192982e-32
1.710105052526263,725.0092514307445,2.378708193629613e-33,7.334412844936479e-33,1.5860754143237272e-32
1.7121060530265133,724.1619067979547,1.211288870836699e-32,1.7900316365162356e-32,2.7581503034176655e-32
1.7141070535267633,723.3165404978841,2.524824221313321e-32,3.07207408685487e-32,3.9647153229828984e-32
1.7161080540270137,722.4731456102608,3.3764294031253457e-32,3.786642252431303e-32,4.431533055137016e-32
1.7181090545272635,721.6317152470519,3.5943106595479773e-32,3.792157887550802e-32,4.0802768287453645e-32
1.7201100550275135,720.7922425522758,3.1279018624854914e-32,3.0982031467036647e-32,3.0537195989125774e-32
1.722111055527764,719.9547207018155,2.177578739756955e-32,2.1569031255824103e-32,2.1259346258668014e-32
1.724112056028014,719.1191429032351,7.913780886549056e-33,7.838641339452616e-33,7.72609527319104e-33
1.726113056528264,718.2855023955948,0.0,0.0,0.0
1.728114057028514,717.4537924492691,0.0,0.0,0.0
1.7301150575287645,716.6240063657654,0.0,0.0,0.0
1.7321160580290145,715.7961374775451,0.0,0.0,0.0
1.7341170585292647,714.9701791478436,4.660460291024962e-35,3.7829262975902733e-34,1.4458996590471765e-33
1.7361180590295147,714.1461247704941,1.2691744733178443e-33,4.082786435717242e-33,9.282608671846324e-33
1.738119059529765,713.3239677697509,2.462061991426907e-33,7.620435461622738e-33,1.6556927824878e-32
1.7401200600300148,712.503701600115,9.443493455552527e-33,1.5945764116696773e-32,2.6897468453090865e-32
1.7421210605302648,711.6853197461594,2.5301075396690923e-32,3.18281658286997e-32,4.259337489928043e-32
1.7441220610305153,710.8688157223576,3.6587309288801806e-32,4.189001815077556e-32,5.041018286086435e-32
1.7461230615307652,710.0541830729122,4.10401035989169e-32,4.407952922863182e-32,4.8685046952061025e-32
1.7481240620310154,709.2414153715839,3.771075613755626e-32,3.8129602426627316e-32,3.8729425545928444e-32
1.7501250625312659,708.4305062215234,2.8130140712232936e-32,2.7863051433015093e-32,2.746299781440562e-32
1.7521260630315159,707.6214492551034,1.3382878807153264e-32,1.3255811420927645e-32,1.306548641868244e-32
1.7541270635317658,706.8142381337516,0.0,0.0,0.0
1.756128064032016,706.0088665477851,0.0,0.0,0.0
1.758129064532266,705.2053282162469,0.0,0.0,0.0
1.7601300650325165,704.4036168867414,0.0,0.0,0.0
1.7621310655327662,703.6037263352732,2.6239650579462516e-35,2.1298897108465235e-34,8.140805726727452e-34
1.7641320660330162,702.8056503660854,9.962327929747205e-34,3.2506787937509e-33,7.50850965859916e-33
1.7661330665332666,702.0093828114998,2.471024584049741e-33,7.659920473400073e-33,1.6674028778292032e-32
1.7681340670335168,701.2149175317583,5.667374273820026e-33,1.2837491632849692e-32,2.495709323121383e-32
1.7701350675337668,700.4222484148651,2.458998181691182e-32,3.225186573806757e-32,4.4995101317740757e-32
1.7721360680340172,699.6313693764289,3.9147196537453166e-32,4.5847301224004857e-32,5.680391298228558e-32
1.7741370685342672,698.8422743595092,4.644769829521183e-32,5.088786872767284e-32,5.794098381193995e-32
1.776138069034517,698.05495733446,4.495477927040175e-32,4.632013055662917e-32,4.8301669199661754e-32
1.7781390695347674,697.2694122987762,3.5555104591374325e-32,3.5217516971213736e-32,3.471186901170559e-32
1.7801400700350178,696.4856332769424,2.0109921582100816e-32,1.9918982456860147e-32,1.9632988619105416e-32
1.7821410705352676,695.7036143202806,5.039367093393655e-34,4.99151945059451e-34,4.919851944134546e-34
1.7841420710355176,694.9233495067994,0.0,0.0,0.0
1.7861430715357676,694.1448329410448,0.0,0.0,0.0
1.788144072036018,693.3680587539516,0.0,0.0,0.0
1.790145072536268,692.5930211026966,0.0,0.0,0.0
1.7921460730365182,691.8197141705513,5.745808415571498e-34,1.9116198694079307e-33,4.508526565431363e-33
1.7941470735367686,691.0481321667362,2.366035716510364e-33,7.301564514064732e-33,1.5806380311427063e-32
1.7961480740370186,690.2782693262776,3.7409706832107044e-33,1.1407920760326898e-32,2.4330311753437378e-32
1.7981490745372684,689.5101199098624,2.2846602219267774e-32,3.1665688210296125e-32,4.63891673158828e-32
1.8001500750375188,688.7436782036959,4.124568168498764e-32,4.953110951933097e-32,6.326436534718563e-32
1.8021510755377688,687.9789385193616,5.207058518035257e-32,5.8237028690705e-32,6.837074438286629e-32
1.804152076038019,687.2158951936781,5.30839338285901e-32,5.591863220877898e-32,6.047430357220547e-32
1.806153076538269,686.4545425885611,4.417952057460875e-32,4.3760046088961025e-32,4.313174574538621e-32
1.8081540770385194,685.6948750908839,2.831854074654338e-32,2.804966265190924e-32,2.7646929696703374e-32
1.8101550775387694,684.9368871123394,6.697255675738823e-33,6.633666758446532e-33,6.538421541039319e-33
1.8121560780390196,684.1805730893029,0.0,0.0,0.0
1.8141570785392696,683.4259274826968,0.0,0.0,0.0
1.81615807903952,682.6729447778541,0.0,0.0,0.0
1.8181590795397697,681.9216194843857,0.0,0.0,0.0
1.8201600800400197,681.1719461360451,0.0,0.0,0.0
1.8221610805402702,680.423919290597,2.0875988752555478e-33,6.298258770220151e-33,1.324923602825939e-32
1.8241620810405204,679.6775335296859,3.867356573994582e-33,1.1676836487300168e-32,2.4588611742579152e-32
1.8261630815407703,678.9327834587043,1.97130065969568e-32,2.9576031852055783e-32,4.594261071657676e-32
1.8281640820410203,678.189663706663,4.2600228875589407e-32,5.259523560045228e-32,6.928276678752361e-32
1.8301650825412707,677.4481689260625,5.775978338737662e-32,6.600496980856665e-32,7.99157802300557e-32
1.8321660830415207,676.7082937927645,6.211183203278339e-32,6.70215529794331e-32,7.552254034835487e-32
1.834167083541771,675.9700330058638,5.459615210928109e-32,5.518497330676492e-32,5.660392550917768e-32
1.836168084042021,675.233381287563,3.826497987707175e-32,3.7901662608267333e-32,3.7357476078152174e-32
1.8381690845422713,674.4983333830452,1.471045788955566e-32,1.4570785442308453e-32,1.4361580235327038e-32
1.840170085042521,673.7648840603507,0.0,0.0,0.0
1.842171085542771,673.0330281102513,0.0,0.0,0.0
1.8441720860430215,672.3027603461277,0.0,0.0,0.0
1.8461730865432715,671.5740756038477,0.0,0.0,0.0
1.8481740870435217,670.846968741643,0.0,0.0,0.0
1.8501750875437721,670.121434639989,1.5781773597030925e-33,4.508729155182593e-33,8.79378884832013e-33
1.8521760880440221,669.3974682014854,3.780151473988831e-33,1.1031012913911811e-32,2.218321908274922e-32
1.854177088544272,668.6750643507352,1.4699087093335686e-32,2.517028765859831e-32,4.198952761690024e-32
1.8561780890445223,667.9542180342271,4.279730848004741e-32,5.441279006898414e-32,7.366908449002579e-32
1.8581790895447723,667.2349242202181,6.326258285606023e-32,7.388902800810933e-32,9.214836435865964e-32
1.8601800900450227,666.5171778986149,7.199266243220867e-32,7.96484518536436e-32,9.3611871240076e-32
1.8621810905452725,665.8009740808596,6.705842553244176e-32,7.028267902299023e-32,7.738001982446511e-32
1.8641820910455225,665.0863077998122,5.036443041270035e-32,5.08032294136988e-32,5.303641624055591e-32
1.8661830915457729,664.3731741096367,2.498937779365995e-32,2.503402663008486e-32,2.558540263159698e-32
1.868184092046023,663.6615680856875,0.0,0.0,0.0
1.870185092546273,662.9514848243948,0.0,0.0,0.0
1.8721860930465235,662.2429194431528,0.0,0.0,0.0
1.8741870935467735,661.5358670802082,0.0,0.0,0.0
1.8761880940470232,660.8303228945474,0.0,0.0,0.0
1.8781890945472737,660.1262820657877,8.414795337331486e-34,2.404041145252444e-33,4.688822390168068e-33
1.8801900950475237,659.4237397940668,3.4632796544715034e-33,9.894318819529928e-33,1.9297799335960033e-32
1.8821910955477739,658.7226912999336,7.145855715617499e-33,1.7296091999179598e-32,3.213722597799866e-32
1.8841920960480238,658.0231318242401,4.119585900965571e-32,5.366861110141134e-32,7.323392936412578e-32
1.8861930965482738,657.3250566280335,6.813459193375358e-32,8.110073413666793e-32,1.0335674232172053e-31
1.8881940970485243,656.6284609924493,8.257822916421734e-32,9.37577258888205e-32,1.150729980305855e-31
1.8901950975487742,655.9333402186053,8.147853191224404e-32,8.889158628665874e-32,1.0574818661316926e-31
1.8921960980490244,655.2396896274951,6.503097791867527e-32,6.794413116864823e-32,7.83751925989339e-32
1.8941970985492749,654.5475045598837,3.8318598004995116e-32,4.0965635083938277e-32,5.010487424884845e-32
1.8961980990495249,653.8567803762036,3.6609710483847895e-33,5.508953284483279e-33,1.1512570510476949e-32
1.8981990995497746,653.1675124564501,3.473030811325413e-35,2.81908197218321e-34,1.077501738535649e-33
1.900200100050025,652.4796962000789,0.0,0.0,0.0
1.902201100550275,651.793327025904,0.0,0.0,0.0
1.9042021010505252,651.1084003719952,0.0,0.0,0.0
1.9062031015507752,650.424911695578,0.0,0.0,0.0
1.9082041020510256,649.7428564729321,2.7599330435769725e-33,7.884912619877157e-33,1.5378669749313512e-32
1.9102051025512756,649.0622301992929,5.3358870559370557e-33,1.524421155198357e-32,2.973218681658361e-32
1.9122061030515258,648.3830283887507,3.700357786722942e-32,4.96143220278432e-32,6.804361427229098e-32
1.9142071035517758,647.7052465741539,7.14844887672123e-32,8.505276307094817e-32,1.0605021916982393e-31
1.9162081040520262,647.0288803070094,9.344586756675844e-32,1.0859378581678748e-31,1.3839857273725482e-31
1.918209104552276,646.3539251573869,9.804312758361658e-32,1.1261909839642374e-31,1.4788593292147085e-31
1.920210105052526,645.6803767138206,8.401371763350134e-32,9.593380385644736e-32,1.3219958870371111e-31
1.9222111055527764,645.008230583214,5.578433335888475e-32,6.729127493661265e-32,1.0521264837443272e-31
1.9242121060530266,644.3374823907448,1.7316193808411816e-32,2.841501380408847e-32,6.439599071540182e-32
1.9262131065532766,643.6681277797688,1.1408117225037621e-33,9.260043850109964e-33,3.539348428269607e-32
1.9282141070535266,643.0001624117266,3.781353192169513e-34,3.0693492783711736e-33,1.1731582182609711e-32
1.930215107553777,642.3335819660489,0.0,0.0,0.0
1.932216108054027,641.6683821400646,0.0,0.0,0.0
1.9342171085542768,641.0045586489074,0.0,0.0,0.0
1.9362181090545272,640.3421072254231,1.353166434695467e-33,3.865890559394253e-33,7.540001654557249e-33
1.9382191095547776,639.6810236200799,4.398130337975521e-33,1.2565114029296414e-32,2.4506896694313155e-32
1.9402201100550274,639.0213036008766,2.9015336993233403e-32,4.114227518766702e-32,5.886674582110526e-32
1.9422211105552774,638.3629429532518,7.235122732925681e-32,8.600300361905453e-32,1.0594278859007706e-31
1.9442221110555278,637.7059374799948,1.0299923863883465e-31,1.1708315864676392e-31,1.4008601354844787e-31
1.9462231115557778,637.0502830011567,1.17783920189529e-31,1.522920773802047e-31,2.467352515325237e-31
1.948224112056028,636.3959753539607,1.118466985333692e-31,1.7134220223720263e-31,3.5486660767063127e-31
1.9502251125562784,635.7430103927151,8.670944735579326e-32,1.7568917593370177e-31,4.632998561529256e-31
1.9522261130565284,635.091383988725,5.008242886069788e-32,1.7701204000799102e-31,5.8608765047033205e-31
1.9542271135567784,634.441092030206,2.324516622433657e-32,1.886825444500478e-31,7.211772189753257e-31
1.9562281140570286,633.7921304221966,2.840833112971871e-32,2.3059229387325274e-31,8.813635076703107e-31
1.9582291145572785,633.1444950864734,3.313344251886158e-32,2.689463340684986e-31,1.0279592625934591e-30
1.9602301150575288,632.4981819614648,3.729532928887415e-32,3.027286429537247e-31,1.1570810721568378e-30
1.9622311155577787,631.853187002167,4.091248648626034e-32,3.3208934603891463e-31,1.269302741945392e-30
1.9642321160580287,631.2095061800586,4.4165417521835815e-32,3.5849360139202626e-31,1.3702243587286164e-30
1.9662331165582791,630.5671354830174,4.9191199946206533e-32,3.898348524549716e-31,1.480405620960761e-30
1.9682341170585294,629.9260709152369,6.586499608408689e-32,4.3738837869499195e-31,1.6190990583418425e-30
1.9702351175587793,629.2863084971435,1.239984376784276e-31,5.317281453794309e-31,1.825042622397382e-30
1.9722361180590298,628.6478442653138,1.7191712896652494e-31,6.254471411213119e-31,2.0645312886874143e-30
1.9742371185592797,628.0106742723932,2.020340961086164e-31,7.149288431228801e-31,2.346759963165843e-30
1.9762381190595295,627.3747945870143,2.103035381367278e-31,7.997198592397437e-31,2.682297032166375e-30
1.97823911955978,626.7402012937159,1.9709401294220627e-31,8.82946242616607e-31,3.0821897684410925e-30
1.98024012006003,626.1068904928635,1.6722906647437623e-31,9.710033837987633e-31,3.556753725352562e-30
1.9822411205602801,625.4748583005678,1.3296880118080063e-31,1.0793165123938381e-30,4.125333814376269e-30
1.98424212106053,624.8441008486071,1.5590620652624893e-31,1.2655009415303448e-30,4.836962805879095e-30
1.9862431215607805,624.214614284347,1.8130679594180727e-31,1.4716791979129913e-30,5.62501165260526e-30
1.9882441220610305,623.5863947706629,2.087910182758361e-31,1.6947704398584293e-30,6.477704846418727e-30
1.9902451225612805,622.9594384858615,2.3801270052400045e-31,1.931964758302233e-30,7.384302430369247e-30
1.9922461230615307,622.3337416236033,2.687372070014972e-31,2.181357599945013e-30,8.337524873348913e-30
1.9942471235617811,621.7093003928256,3.009072091880083e-31,2.4424836254134647e-30,9.335593568035579e-30
1.9962481240620311,621.0861110176669,3.346860809970022e-31,2.7166689515179617e-30,1.0383577161537696e-29
1.9982491245622809,620.4641697373889,4.2510540013827704e-31,3.0612607285540797e-30,1.1547168631533783e-29
2.0002501250625313,619.8434728063023,5.162114882463696e-31,3.4252227831417065e-30,1.279023551453889e-29
2.0022511255627813,619.2240164936915,5.9353218770197245e-31,3.803995943991497e-30,1.4132539628785705e-29
2.0042521260630313,618.6057970837389,6.494033225790945e-31,4.192999457509155e-30,1.5585084335351933e-29
2.0062531265632817,617.9888108754519,6.826081212763524e-31,4.597045933870486e-30,1.7172799839225126e-29
2.0082541270635317,617.3730541825881,6.970765613956589e-31,5.025331569067504e-30,1.8923089270357923e-29
2.0102551275637817,616.7585233335822,7.0119387405656285e-31,5.490135881814473e-30,2.0862781756574508e-29
2.012256128064032,616.1452146714729,7.54453197704466e-31,6.0528144298239235e-30,2.3062586875871762e-29
2.014257128564282,615.5331245538308,8.319374364239021e-31,6.689701043470495e-30,2.550495121616037e-29
2.016258129064532,614.9222493526858,9.14406723232243e-31,7.381821877023497e-30,2.8173445902127955e-29
2.0182591295647825,614.3125854544553,1.0016659837041684e-30,8.128895161935989e-30,3.106831725362023e-29
2.0202601300650325,613.7041292598736,1.1038277362966187e-30,8.959842399446065e-30,3.4246062575228775e-29
2.0222611305652824,613.0968771839208,1.214206032355201e-30,9.855790294651464e-30,3.7670529916891564e-29
2.024262131065533,612.4908256557518,1.3326411286979498e-30,1.0817135768134917e-29,4.1344958079083645e-29
2.026263131565783,611.8859711186273,1.4993667179471077e-30,1.1886201215473299e-29,4.5319044111699404e-29
2.028264132066033,611.2823100298434,1.7005978971317763e-30,1.3053395668739664e-29,4.9596461548441827e-29
2.0302651325662833,610.6798388606627,1.892703757652318e-30,1.428119932726379e-29,5.415863449978574e-29
2.0322661330665333,610.0785540962461,2.067479341355015e-30,1.5568613025536428e-29,5.90276067390463e-29
2.0342671335667832,609.4784522355834,2.2279220832245826e-30,1.6937644504229565e-29,6.426747110985756e-29
2.0362681340670337,608.8795297914261,2.4093921379467516e-30,1.8491763609605154e-29,7.009637869723513e-29
2.0382691345672836,608.2817832902197,2.5961498334835954e-30,2.0177573727071454e-29,7.642069891337611e-29
2.0402701350675336,607.6852092720363,2.8277723025265938e-30,2.2037671126775175e-29,8.330102632136697e-29
2.042271135567784,607.0898042905081,3.129972196605573e-30,2.4097369293262658e-29,9.077373610039972e-29
2.044272136068034,606.4955649127614,3.4519118120116776e-30,2.630331140166291e-29,9.879119844027423e-29
2.046273136568284,605.9024877193497,3.789548678921392e-30,2.864700888774588e-29,1.0734569711374075e-28
2.0482741370685345,605.3105693041884,4.1393869067049505e-30,3.112088941866003e-29,1.1642943901606998e-28
2.0502751375687844,604.7198062744906,4.4993772194843214e-30,3.37212688080279e-29,1.2604150760831622e-28
2.0522761380690344,604.1301952507008,4.869708288031959e-30,3.6451104397490556e-29,1.3619465593687288e-28
2.054277138569285,603.5417328664312,5.268285361508818e-30,3.93368421788769e-29,1.4693535422500708e-28
2.056278139069535,602.9544157683979,5.747170413700863e-30,4.244546894763176e-29,1.583627755819428e-28
2.058279139569785,602.3682406163567,6.2372832298960854e-30,4.573052030785547e-29,1.7047747982178827e-28
2.0602801400700352,601.7832040830399,6.737920575080557e-30,4.921865389487569e-29,1.8336387517370252e-28
2.062281140570285,601.1993028540933,7.254686241376524e-30,5.294616299607172e-29,1.9712444134887594e-28
2.064282141070535,600.616533628014,7.799459309817337e-30,5.695635298588794e-29,2.118726073056368e-28
2.066283141570785,600.0348931160877,8.389082932216276e-30,6.129545354026404e-29,2.277235350438516e-28
2.0682841420710356,599.4543780423267,9.042975823034005e-30,6.60077138905434e-29,2.4478427505830533e-28
2.0702851425712856,598.8749851434094,9.855833044107248e-30,7.120555661859174e-29,2.6321891753759205e-28
2.0722861430715356,598.296711168618,1.0754614591483131e-29,7.682804239165063e-29,2.830082513083403e-28
2.074287143571786,597.719552879778,1.173488478194796e-29,8.287535154455921e-29,3.0418077695385996e-28
2.076288144072036,597.1435070511986,1.2792022687503495e-29,8.934225158828219e-29,3.267493070828409e-28
2.078289144572286,596.5685704696112,1.3920531118571707e-29,9.622003400262497e-29,3.5071706537047316e-28
2.080290145072536,595.994739934111,1.5115609208572023e-29,1.0350133368904618e-28,3.7608803002353132e-28
2.0822911455727864,595.4220122560961,1.63747270301377e-29,1.111850934815725e-28,4.028779623855643e-28
2.0842921460730364,594.8503842592104,1.775213295315706e-29,1.193335621813736e-28,4.311762887369264e-28
2.0862931465732864,594.2798527792831,1.9207505227422552e-29,1.2792450184129808e-28,4.610047697606853e-28
2.0882941470735368,593.7104146642711,2.072000596466017e-29,1.3696502643266725e-28,4.924319591962982e-28
2.0902951475737868,593.1420667742012,2.2298372145023848e-29,1.4650104867754671e-28,5.255822926652285e-28
2.0922961480740367,592.5748059811118,2.3960847296864653e-29,1.5659550397839166e-28,5.606119411531815e-28
2.094297148574287,592.0086291689955,2.5733383613085917e-29,1.673236143264151e-28,5.976994290638607e-28
2.096298149074537,591.443533233743,2.76463106515977e-29,1.7876605337790585e-28,6.370329325158316e-28
2.098299149574787,590.879515083085,2.974976731894351e-29,1.910207020612118e-28,6.788156536682676e-28
2.1003001500750376,590.3165716365368,3.2073474896878873e-29,2.04159876236721e-28,7.232182621476646e-28
2.1023011505752875,589.7546998253421,3.459305495087229e-29,2.1819514706695505e-28,7.70340567173411e-28
2.1043021510755375,589.1938965924165,3.731581881699714e-29,2.33161937280643e-28,8.202936392101274e-28
2.106303151575788,588.634158892293,4.024597992941302e-29,2.490862130614786e-28,8.731683541508147e-28
2.108304152076038,588.0754836910666,4.338597540470134e-29,2.6598829900438287e-28,9.290429474711418e-28
2.110305152576288,587.5178679663387,4.673821008376688e-29,2.838880597830996e-28,9.879936955230357e-28
2.1123061530765384,586.961308707164,5.0306935568457006e-29,3.0281058338159278e-28,1.0501069098230514e-27
2.1143071535767883,586.405802913995,5.409994715098266e-29,3.22791396064939e-28,1.1154901682616003e-27
2.1163081540770383,585.851347598629,5.812980568246188e-29,3.4388030019169296e-28,1.1842808026991411e-27
2.1183091545772887,585.2979397841539,6.241436675925842e-29,3.661431464349432e-28,1.2566501075633392e-27
2.1203101550775387,584.7455765048956,6.697651456999972e-29,3.8966119795422976e-28,1.3328024594849543e-27
2.1223111555777887,584.1942548063641,7.184313358341454e-29,4.145281587089673e-28,1.4129694234878216e-27
2.124312156078039,583.6439717452018,7.704348503420753e-29,4.408453510195585e-28,1.497399815341045e-27
2.126313156578289,583.0947243891306,8.269735118257407e-29,4.688050987985974e-28,1.586435386524284e-27
2.128314157078539,582.5465098168997,8.894093177849437e-29,4.9861338628256005e-28,1.6804279402129288e-27
2.1303151575787895,581.9993251182341,9.572085965971382e-29,5.302825869185487e-28,1.779529456545844e-27
2.1323161580790395,581.4531673937829,1.0304642136585517e-28,5.638793602184297e-28,1.883932995270164e-27
2.1343171585792895,580.9080337550686,1.109069404133936e-28,5.994426067797573e-28,1.9937912605621143e-27
2.13631815907954,580.363921324435,1.1927623386767576e-28,6.3698950076010005e-28,2.109225081069717e-27
2.13831915957979,579.8208272349982,1.281208503457157e-28,6.765268971868544e-28,2.2303399838377104e-27
2.14032016008004,579.2787486305948,1.374109487728758e-28,7.180664929488134e-28,2.357248455029337e-27
2.1423211605802903,578.7376826657326,1.4713208185145873e-28,7.616413185682436e-28,2.4900943153159326e-27
2.1443221610805403,578.1976265055406,1.5729582974216852e-28,8.073207269191992e-28,2.6290750552618056e-27
2.1463231615807903,577.6585773257196,1.6794726770659966e-28,8.552211234414542e-28,2.7744581091222694e-27
2.1483241620810407,577.1205323124926,1.7916766472661496e-28,9.055102643995857e-28,2.9265879041537007e-27
2.1503251625812907,576.5834886625566,1.9107154851565548e-28,9.5840395897171e-28,3.085881987091948e-27
2.1523261630815407,576.0474435830331,2.037982220624669e-28,1.014155288779102e-27,3.252816365683941e-27
2.154327163581791,575.5123942914198,2.17498818350253e-28,1.0730377896604706e-27,3.427902100720988e-27
2.156328164082041,574.9783380155434,2.3232085386157696e-28,1.1353251887037155e-27,3.611656808170928e-27
2.158329164582291,574.4452719935102,2.4839282080123568e-28,1.2012710392822683e-27,3.80457578186832e-27
2.1603301650825415,573.9131934736597,2.6581151990518233e-28,1.2710917941875076e-27,4.0071077154918364e-27
2.1623311655827915,573.382099714517,2.8463452566333323e-28,1.3449564391883425e-27,4.219639409483563e-27
2.1643321660830415,572.8519879847452,3.048794218511637e-28,1.4229848212323237e-27,4.442492465586506e-27
2.1663331665832914,572.322855563099,3.26530358287023e-28,1.5052553968449883e-27,4.675933014087999e-27
2.168334167083542,571.7946997383781,3.4955123504350283e-28,1.5918215271980612e-27,4.920193310123492e-27
2.170335167583792,571.267517809381,3.7390363237277395e-28,1.6827339323862578e-27,5.1755019562496096e-27
2.172336168084042,570.7413070848589,3.9956668869497056e-28,1.7780657609194753e-27,5.442117929836495e-27
2.174337168584292,570.2160648834695,4.265556600341032e-28,1.8779361487382994e-27,5.720362807741274e-27
2.1763381690845423,569.6917885337317,4.549359792392893e-28,1.982528262661509e-27,6.010645751821957e-27
2.1783391695847922,569.168475373981,4.848302813248029e-28,2.0920986497625725e-27,6.3134769434885086e-27
2.180340170085042,568.6461227523231,5.164169831921144e-28,2.2069761269453205e-27,6.629467062864863e-27
2.1823411705852926,568.1247280265902,5.499204231235289e-28,2.3275502143699205e-27,6.959312782521106e-27
2.1843421710855426,567.6042885642963,5.855940389556917e-28,2.4542509414984982e-27,7.303770680054002e-27
2.1863431715857926,567.0848017425924,6.2369933364937946e-28,2.58752341284374e-27,7.663624037832342e-27
2.188344172086043,566.5662649482226,6.6448421004914965e-28,2.7278015274462692e-27,8.03964831765572e-27
2.190345172586293,566.0486755774808,7.081644872464819e-28,2.8754855045674296e-27,8.432581420053717e-27
2.192346173086543,565.5320310361666,7.549119753284405e-28,3.0309273089859877e-27,8.843104082122888e-27
2.1943471735867934,565.0163287395417,8.048514362806729e-28,3.194426767481559e-27,9.271834044518364e-27
2.1963481740870434,564.5015661122878,8.580672604489918e-28,3.3662393331991034e-27,9.719335213437985e-27
2.1983491745872934,563.9877405884629,9.146189919579615e-28,3.546594399570246e-27,1.0186140373842318e-26
2.200350175087544,563.4748496114584,9.745632380677292e-28,3.735721151333076e-27,1.0672783549058386e-26
2.202351175587794,562.962890633958,1.037978286268568e-27,3.933877515172084e-27,1.1179836298305585e-26
2.204352176088044,562.451861117894,1.1049871587485374e-27,4.141377106716018e-27,1.1707941437970505e-26
2.206353176588294,561.9417585344065,1.1757749845570642e-27,4.3586093065188006e-27,1.2257838033895615e-26
2.208354177088544,561.4325803638011,1.2505974638625353e-27,4.5860487194273746e-27,1.2830373002463123e-26
2.210355177588794,560.9243240955076,1.329778701290391e-27,4.824252103562994e-27,1.3426497034212847e-26
2.2123561780890446,560.4169872280384,1.4136985472803617e-27,5.073843087262029e-27,1.4047245403914846e-26
2.2143571785892946,559.9105672689484,1.5027714863732872e-27,5.335487234145115e-27,1.4693707048213945e-26
2.2163581790895446,559.4050617347929,1.5974207087513505e-27,5.609861862146774e-27,1.5366987559979837e-26
2.218359179589795,558.900468151088,1.6980520004877494e-27,5.897626127034734e-27,1.6068173039277854e-26
2.220360180090045,558.3967840522699,1.8050322878261277e-27,6.199397020350417e-27,1.679830179016812e-26
2.222361180590295,557.8940069816545,1.9186770109878665e-27,6.515736052636243e-27,1.7558349618838377e-26
2.2243621810905454,557.3921344913977,2.0392490712513364e-27,6.847149620386464e-27,1.8349232159404697e-26
2.2263631815907954,556.8911641424559,2.166970124765134e-27,7.194103683903515e-27,1.9171824626054359e-26
2.2283641820910454,556.391093504546,2.3020428212949523e-27,7.557050820956748e-27,2.0026996196142267e-26
2.230365182591296,555.8919201561063,2.4446805910699704e-27,7.93646542679557e-27,2.0915653450413786e-26
2.2323661830915458,555.3936416842577,2.595140128729496e-27,8.332881224938511e-27,2.1838785452684215e-26
2.2343671835917958,554.8962556847644,2.753751088883581e-27,8.746924647855608e-27,2.2797502509295904e-26
2.236368184092046,554.3997597619953,2.920937830137843e-27,9.179338180362108e-27,2.3793061545699976e-26
2.238369184592296,553.9041515288859,3.097229295461684e-27,9.630989370051319e-27,2.4826873253928713e-26
2.240370185092546,553.4094286068996,3.283255100212731e-27,1.0102863640029065e-26,2.59004893352814e-26
2.2423711855927966,552.9155886259899,3.4797282807577185e-27,1.0596041874913374e-26,2.7015571735860777e-26
2.2443721860930466,552.4226292245626,3.687417523991324e-27,1.1111666494408818e-26,2.8173849109417373e-26
2.2463731865932965,551.9305480494377,3.9071136261191156e-27,1.1650901881658133e-26,2.9377068223622393e-26
2.248374187093547,551.4393427558126,4.139596063427772e-27,1.2214896193801142e-26,3.0626949174430923e-26
2.250375187593797,550.9490110072246,4.385605675172296e-27,1.2804751513923369e-26,3.192515283836457e-26
2.252376188094047,550.4595504755135,4.6458285121662884e-27,1.3421507985907248e-26,3.3273267005340166e-26
2.2543771885942974,549.9709588407854,4.920894039473965e-27,1.4066145213243374e-26,3.46728144134033e-26
2.2563781890945473,549.4832337913756,5.2113884090122415e-27,1.4739601197392096e-26,3.6125282002278775e-26
2.2583791895947973,548.9963730238121,5.517880868748841e-27,1.5442805968362382e-26,3.7632166810386904e-26
2.2603801900950473,548.5103742427797,5.8409590202671094e-27,1.6176724379968776e-26,3.919503077198422e-26
2.2623811905952977,548.0252351610834,6.1812670066592675e-27,1.694240080111925e-26,4.081555483077289e-26
2.2643821910955477,547.5409534996134,6.53954011598307e-27,1.774099796906166e-26,4.249558265032279e-26
2.2663831915957977,547.0575269873083,6.916629851937949e-27,1.8573823196045362e-26,4.423714584778574e-26
2.2683841920960477,546.5749533611204,7.31351517255492e-27,1.9442337299782872e-26,4.604246585617377e-26
2.270385192596298,546.0932303659799,7.731298053883447e-27,2.034814469429193e-26,4.7913931696481985e-26
2.272386193096548,545.6123557547606,8.171184366446832e-27,2.129296649021658e-26,4.985405737472048e-26
2.274387193596798,545.1323272882437,8.634453749652219e-27,2.2278601597304972e-26,5.1865426502561e-26
2.2763881940970485,544.653142735084,9.122424237302306e-27,2.3306883113824e-26,5.395063433984072e-26
2.2783891945972985,544.1747998717751,9.636418432715884e-27,2.4379638286189637e-26,5.611223825009854e-26
2.2803901950975485,543.6972964826149,1.0177737841375711e-26,2.5498659812370267e-26,5.835272634067309e-26
2.282391195597799,543.2206303596712,1.0747650550252996e-26,2.6665694300937636e-26,6.06745109835578e-26
2.284392196098049,542.7447993027482,1.1347395031320715e-26,2.7882450610508494e-26,6.30799494876494e-26
2.286393196598299,542.2698011193525,1.1978199865810997e-26,2.915062712406289e-26,6.557138918832408e-26
2.2883941970985493,541.7956336246584,1.2641316176223628e-26,3.0471953425701164e-26,6.815122954287189e-26
2.2903951975987993,541.3222946414764,1.3338057075647142e-26,3.1848239014392505e-26,7.082199034932805e-26
2.2923961980990493,540.8497820002183,1.406983697398346e-26,3.328142015896001e-26,7.358637362875149e-26
2.2943971985992997,540.378093538864,1.4838203423417198e-26,3.477359609826705e-26,7.644730739423153e-26
2.2963981990995497,539.9072271029299,1.5644855406863905e-26,3.6327047551038286e-26,7.940796243430916e-26
2.2983991995997997,539.4371805454348,1.6491644386895633e-26,3.7944233646391614e-26,8.247173791626092e-26
2.30040020010005,538.9679517268675,1.7380557624139814e-26,3.962776737702462e-26,8.564221727354718e-26
2.3024012006003,538.4995385151548,1.8313686668789822e-26,4.13803737930051e-26,8.892310147604601e-26
2.30440220110055,538.031938785629,1.9293186897398784e-26,4.320483862996226e-26,9.231813135215626e-26
2.3064032016008005,537.5651504209955,2.0321235936160978e-26,4.510395722559929e-26,9.583101325056743e-26
2.3084042021010505,537.0991713113013,2.1399999376889535e-26,4.7080493969958064e-26,9.94653624328361e-26
2.3104052026013004,536.6339993539028,2.2531611193197075e-26,4.913716101480777e-26,1.0322467604802703e-25
2.312406203101551,536.1696324534342,2.3718173830017976e-26,5.1276621745248615e-26,1.0711234271044243e-25
2.314407203601801,535.7060685217767,2.49617794687936e-26,5.35015201253157e-26,1.1113168936674513e-25
2.316408204102051,535.2433054780262,2.6264550070448156e-26,5.581453224032495e-26,1.152860593928478e-25
2.3184092046023013,534.7813412484626,2.762869017859494e-26,5.821843204762134e-26,1.1957890991758076e-25
2.3204102051025512,534.3201737665194,2.905654381237591e-26,6.071616033745845e-26,1.2401391234832328e-25
2.3224112056028012,533.8598009727517,3.055064562363906e-26,6.331088481046931e-26,1.2859503878706627e-25
2.3244122061030517,533.4002208148067,3.211375711321603e-26,6.600604028300455e-26,1.3332661882481527e-25
2.3264132066033016,532.9414312473928,3.374888105378405e-26,6.880534122545145e-26,1.3821335589109875e-25
2.3284142071035516,532.4834302322483,3.5459250987995574e-26,7.171276361918094e-26,1.4326029918325325e-25
2.330415207603802,532.026215738113,3.724829712893307e-26,7.473249866818771e-26,1.4847277505397098e-25
2.332416208104052,531.5697857406971,3.911959439341914e-26,7.786888622843219e-26,1.5385628921182313e-25
2.334417208604302,531.1141382226508,4.107680183261738e-26,8.112633992552945e-26,1.5941641681405363e-25
2.3364182091045524,530.6592711735359,4.312360470345903e-26,8.450927800774636e-26,1.6515870039206154e-25
2.3384192096048024,530.2051825897956,4.526367042089602e-26,8.802207355215347e-26,1.7108857490742906e-25
2.3404202101050524,529.7518704747248,4.750062756575947e-26,9.166903467527761e-26,1.7721133505977802e-25
2.342421210605303,529.2993328384409,4.9838073291757214e-26,9.545442032869671e-26,1.8353215286580844e-25
2.344422211105553,528.8475676978555,5.227960951154667e-26,9.938249092618296e-26,1.9005614466892241e-25
2.346423211605803,528.3965730766442,5.482890300960593e-26,1.034575865607618e-25,1.967884776543171e-25
2.3484242121060532,527.9463470052187,5.748976007884537e-26,1.0768422011719082e-25,2.0373449827893686e-25
2.350425212606303,527.496887520698,6.026620326933721e-26,1.1206716921980883e-25,2.108998602356962e-25
2.352426213106553,527.0481926668793,6.316253698205402e-26,1.166115503933785e-25,2.182906286553578e-25
2.354427213606803,526.6002604942101,6.618339018027255e-26,1.2132286129232492e-25,2.2591334055038517e-25
2.3564282141070536,526.1530890597601,6.933372823522958e-26,1.262069820587951e-25,2.337750086139729e-25
2.3584292146073036,525.7066764271926,7.261883127024925e-26,1.312701339775313e-25,2.418830652892094e-25
2.3604302151075536,525.2610206667373,7.604424239829902e-26,1.3651880139155918e-25,2.5024525486170668e-25
2.362431215607804,524.8161198551614,7.961569488016835e-26,1.4195962992987081e-25,2.588694912831987e-25
2.364432216108054,524.3719720757431,8.333903141317424e-26,1.4759931914204347e-25,2.6776370665185544e-25
2.366433216608304,523.9285754182433,8.722013066598882e-26,1.5344452960776601e-25,2.7693571830965236e-25
2.368434217108554,523.4859279788785,9.12648553648549e-26,1.5950182297707096e-25,2.8639314060769055e-25
2.3704352176088044,523.0440278602933,9.547903274929472e-26,1.6577764830926147e-25,2.961433606262694e-25
2.3724362181090544,522.602873171534,9.98684725918633e-26,1.722783802692218e-25,3.0619358649149915e-25
2.3744372186093043,522.1624620280206,1.0443902116743217e-25,1.7901040549020569e-25,3.1655096411931754e-25
2.3764382191095548,521.7227925515209,1.0919664277739154e-25,1.8598024433461544e-25,3.272227454363604e-25
2.3784392196098048,521.283862870123,1.1414751494247496e-25,1.9319468804075246e-25,3.3821648067748277e-25
2.3804402201100547,520.8456711182096,1.192981202492034e-25,2.0066092724782697e-25,3.4954020124540744e-25
2.382441220610305,520.4082154364304,1.2465531775701386e-25,2.0838664804613326e-25,3.612025591773884e-25
2.384442221110555,519.9714939716773,1.3022637999657408e-25,2.163800762009651e-25,3.732128948933758e-25
2.386443221610805,519.535504877057,1.3601898748146263e-25,2.2464995847319692e-25,3.8558121594222068e-25
2.3884442221110556,519.100246311865,1.4204118034664469e-25,2.332054807209492e-25,3.983180842644757e-25
2.3904452226113055,518.6657164415611,1.483012748716433e-25,2.4205613391751266e-25,4.1143442565036445e-25
2.3924462231115555,518.2319134377418,1.5480775974551378e-25,2.512115493418185e-25,4.249412898181179e-25
2.394447223611806,517.7988354781155,1.6156919160743415e-25,2.6068133110344116e-25,4.388496002025736e-25
2.396448224112056,517.3664807464774,1.6859411065215846e-25,2.7047491644218995e-25,4.5316993702983495e-25
2.398449224612306,516.9348474326833,1.7589099450727715e-25,2.806014912304112e-25,4.679123944307712e-25
2.4004502251125563,516.5039337326248,1.834682624423043e-25,2.91069980047985e-25,4.830865422955691e-25
2.4024512256128063,516.073737848204,1.9133433320599248e-25,3.0188911824803857e-25,4.987015076315536e-25
2.4044522261130563,515.6442579873088,1.9949772989265693e-25,3.1306759948842646e-25,5.147661707810692e-25
2.4064532266133067,515.2154923637875,2.0796721598612324e-25,3.2461427862295036e-25,5.312894521277511e-25
2.4084542271135567,514.7874391974244,2.167519398816007e-25,3.3653839904127385e-25,5.482806482256567e-25
2.4104552276138067,514.3600967139151,2.258615621569695e-25,3.488498075646445e-25,5.657497656269392e-25
2.412456228114057,513.9334631448419,2.3530634145230714e-25,3.6155912015186764e-25,5.837077981772667e-25
2.414457228614307,513.5075367276494,2.4509716101354514e-25,3.7467780824228767e-25,6.02166900023169e-25
2.416458229114557,513.0823157056205,2.5524548790800794e-25,3.8821818774358e-25,6.211404213737252e-25
2.4184592296148075,512.6577983278519,2.657632690284016e-25,4.0219330862143395e-25,6.406427950809207e-25
2.4204602301150575,512.2339828492301,2.7666278017426006e-25,4.1661676017383285e-25,6.606892861033485e-25
2.4224612306153075,511.81086753040785,2.8795645449542267e-25,4.3150242244505565e-25,6.812956390043062e-25
2.424462231115558,511.3884506377798,2.9965672241270584e-25,4.468642050837946e-25,7.024776769029451e-25
2.426463231615808,510.9667304434594,3.1177589543623133e-25,4.627158191561201e-25,7.242509154878653e-25
2.428464232116058,510.5457052252549,3.2432612063472914e-25,4.790706239187221e-25,7.4663025578101395e-25
2.4304652326163083,510.125373266646,3.3731942147408206e-25,4.959415795604541e-25,7.696298088850206e-25
2.4324662331165583,509.7057328567609,3.507678259599861e-25,5.13341319967216e-25,7.9326288629030095e-25
2.4344672336168083,509.2867822903524,3.6468356689196186e-25,5.3128233930131435e-25,8.1754216337927015e-25
2.4364682341170587,508.8685198677753,3.790793243826334e-25,5.497772659679548e-25,8.424799956291311e-25
2.4384692346173087,508.45094389496353,3.9396847036833086e-25,5.688391808825783e-25,8.680888412824321e-25
2.4404702351175587,508.0340526834068,4.0936527083154697e-25,5.884819269307653e-25,8.943817252932316e-25
2.442471235617809,507.6178445501279,4.252850050827623e-25,6.087203552084354e-25,9.213726705531623e-25
2.444472236118059,507.20231781766086,4.417439726583066e-25,6.295704617262369e-25,9.490770255657772e-25
2.446473236618309,506.7874708140272,4.587593757876578e-25,6.510493848473952e-25,9.775116327356806e-25
2.448474237118559,506.3733018727143,4.763490863877466e-25,6.731752563823326e-25,1.0066948061561493e-24
2.4504752376188095,505.9598093326528,4.945313277509152e-25,6.959669243909958e-25,1.036646118400418e-24
2.4524762381190595,505.5469915381948,5.133243188229072e-25,7.194435891388416e-25,1.0673860274199395e-24
2.4544772386193094,505.134846839091,5.327459398631208e-25,7.436244111821397e-25,1.0989354019718698e-24
2.45647823911956,504.72337359046935,5.528134799234852e-25,7.685281588802198e-25,1.1313150223293256e-24
2.45847923961981,504.31257015281307,5.735435179667872e-25,7.94172959801539e-25,1.1645451390160711e-24
2.46048024012006,503.9024348919386,5.9495197124355e-25,8.20576206365823e-25,1.1986451645600369e-24
2.46248124062031,503.49296617897414,6.170543191086681e-25,8.47754642422575e-25,1.2336335526460794e-24
2.4644822411205602,503.08416239033795,6.39865981531617e-25,8.757246278040516e-25,1.26952788863236e-24
2.4664832416208102,502.67602190771726,6.634028037347638e-25,9.045025469158302e-25,1.3063451799897334e-24
2.46848424212106,502.2685431180464,6.876815764231891e-25,9.341053003327803e-25,1.3441023006501797e-24
2.4704852426213106,501.86172441348583,7.127205090421052e-25,9.645507999758345e-25,1.382816515388806e-24
2.4724862431215606,501.4555641914011,7.385395741440082e-25,9.958583823811133e-25,1.4225059941712713e-24
2.4744872436218106,501.0500608543415,7.651606550922289e-25,1.0280490625967364e-24,1.4631902250444436e-24
2.476488244122061,500.64521281001913,7.926074556326729e-25,1.061145572852953e-24,1.5048902484177638e-24
2.478489244622311,500.2410184712887,8.209051649169931e-25,1.0951721625548685e-24,1.5476286636612805e-24
2.480490245122561,499.83747625612585,8.500799102967156e-25,1.1301541746016307e-24,1.591429396625045e-24
2.4824912456228114,499.434584587607,8.801580666425592e-25,1.1661174515323758e-24,1.6363172579752202e-24
2.4844922461230614,499.03234189388905,9.111655190823184e-25,1.2030876571896147e-24,1.68231736031254e-24
2.4864932466233114,498.6307466081883,9.431269908546791e-25,1.24108961980892e-24,1.729454490313631e-24
2.488494247123562,498.2297971687606,9.760655462269242e-25,1.2801468066706164e-24,1.7777525454058624e-24
2.490495247623812,497.8294920188812,1.0100023593393758e-24,1.3202810270476862e-24,1.8272341398227213e-24
2.492496248124062,497.4298296068239,1.0449568053314204e-24,1.361512430284843e-24,1.8779204622169436e-24
2.494497248624312,497.03080838584174,1.0809468846219124e-24,1.4038598232973818e-24,1.9298314292417176e-24
2.496498249124562,496.63242681414687,1.1179899411785283e-24,1.4473412826702648e-24,1.9829861321800416e-24
2.498499249624812,496.23468335489036,1.1561035884899322e-24,1.4919749883137098e-24,2.037403524159321e-24
2.5005002501250626,495.8375764761428,1.1953067201694645e-24,1.5377801659786298e-24,2.0931032517774344e-24
2.5025012506253126,495.44110465087454,1.235620461867493e-24,1.5847780015669077e-24,2.1501065045410613e-24
2.5045022511255626,495.045266356936,1.2770689214122737e-24,1.632992385721618e-24,2.2084367440053014e-24
2.506503251625813,494.6500600770382,1.3196796158419671e-24,1.6824503643809995e-24,2.2681201847263285e-24
2.508504252126063,494.2554842987336,1.3634834950052153e-24,1.7331822082622468e-24,2.329185930547773e-24
2.510505252626313,493.86153751439673,1.4085145364300101e-24,1.785221066846236e-24,2.3916657183688555e-24
2.5125062531265634,493.4682182212045,1.4548089475787853e-24,1.8386022330246742e-24,2.4555932805083722e-24
2.5145072536268134,493.075524921118,1.5024040705286507e-24,1.8933621042664407e-24,2.52100339727182e-24
2.5165082541270634,492.68345612086273,1.5513371316691506e-24,1.949536975850866e-24,2.5879307639273203e-24
2.518509254627314,492.29201033190975,1.601644007695327e-24,2.0071618334597974e-24,2.6564088324302924e-24
2.5205102551275638,491.90118607045747,1.653358184038615e-24,2.0662693206995594e-24,2.7264688015630624e-24
2.5225112556278138,491.510981857412,1.7065100613488314e-24,2.1268890397712148e-24,2.798138916621715e-24
2.524512256128064,491.1213962183691,1.761126721858736e-24,2.189047302139758e-24,2.8714442022078128e-24
2.526513256628314,490.73242768359563,1.8172322060813775e-24,2.252767385950428e-24,2.9464066937633322e-24
2.528514257128564,490.3440747880107,1.8748482797124704e-24,2.3180702863406307e-24,3.023046163176851e-24
2.5305152576288146,489.9563360711673,1.9339956008219375e-24,2.3849758737488346e-24,3.101381261191104e-24
2.5325162581290646,489.5692100772345,1.9946951385316927e-24,2.4535043142128815e-24,3.1814309352121394e-24
2.5345172586293145,489.18269535497876,2.0569696551413104e-24,2.5236775636649947e-24,3.2632159352600604e-24
2.536518259129565,488.7967904577457,2.1208450501400963e-24,2.5955207319493552e-24,3.346760200542702e-24
2.5385192596298145,488.41149394344274,2.1863513791707768e-24,2.6690631246636925e-24,3.4320919281882705e-24
2.540520260130065,488.02680437452,2.2535234021746075e-24,2.744338810772067e-24,3.519244163490477e-24
2.5425212606303154,487.6427203179537,2.3224005771732853e-24,2.8213866260392238e-24,3.6082548127950476e-24
2.544522261130565,487.2592403452276,2.3930264908468497e-24,2.9002495981751122e-24,3.6991660574796864e-24
2.5465232616308153,486.87636303231506,2.4654477937735195e-24,2.980973858520584e-24,3.792023229516361e-24
2.5485242621310658,486.4940869596623,2.539712776071236e-24,3.063607175971341e-24,3.886873284190431e-24
2.5505252626313153,486.1124107121703,2.615869768591844e-24,3.148197301516803e-24,3.98376306288747e-24
2.5525262631315657,485.7313328791769,2.693965578759013e-24,3.234790338716118e-24,4.0827375701170324e-24
2.554527263631816,485.35085205444034,2.774044165249742e-24,3.323429352773069e-24,4.1838384895036736e-24
2.5565282641320657,484.97096683612176,2.8561457227752725e-24,3.414153398980843e-24,4.287103133121454e-24
2.558529264632316,484.591675826767,2.9403062920029e-24,3.506997094739202e-24,4.3925639614868895e-24
2.560530265132566,484.212977633291,3.02655793826986e-24,3.601990786177897e-24,4.500248735799572e-24
2.562531265632816,483.83487086695953,3.1149294663583486e-24,3.69916128103496e-24,4.610181280295039e-24
2.5645322661330665,483.45735414337264,3.20544756800886e-24,3.7985330450089774e-24,4.722382752585318e-24
2.5665332666333165,483.0804260824481,3.2981382438543304e-24,3.900129699662109e-24,4.836873254701978e-24
2.5685342671335665,482.70408530840393,3.393028309458164e-24,4.003975624076142e-24,4.953673576053965e-24
2.570535267633817,482.3283304497421,3.490146790092417e-24,4.11009745437045e-24,5.072806846994302e-24
2.572536268134067,481.9531601392319,3.589526030789961e-24,4.218525295320199e-24,5.19429989925684e-24
2.574537268634317,481.57857301389294,3.691202393144497e-24,4.3292935030406376e-24,5.3181841739603056e-24
2.5765382691345673,481.2045677149791,3.795216471184882e-24,4.4424409599656084e-24,5.444496082218052e-24
2.5785392696348173,480.83114288796196,3.9016128261797915e-24,4.558010833755406e-24,5.5732767980244355e-24
2.5805402701350673,480.4582971825143,4.010439304516598e-24,4.6760498800482694e-24,5.7045715372232355e-24
2.5825412706353177,480.0860292524939,4.121746054736232e-24,4.79660740550972e-24,5.8384284396519204e-24
2.5845422711355677,479.7143377559276,4.2355843924428416e-24,4.91973404489982e-24,5.974897215607646e-24
2.5865432716358177,479.3432213549947,4.352005671317514e-24,5.045480519459127e-24,6.114027737327006e-24
2.588544272136068,478.97267871601116,4.471060304644504e-24,5.173896533096153e-24,6.255868749751704e-24
2.590545272636318,478.6027085094139,4.592797047928232e-24,5.305029930597383e-24,6.4004668448828014e-24
2.592546273136568,478.2333094097443,4.7172626055686035e-24,5.438926194424032e-24,6.547865796291095e-24
2.5945472736368185,477.86448009563287,4.8445015712417946e-24,5.575628301704164e-24,6.698106292984485e-24
2.5965482741370685,477.4962192497832,4.9745566612100785e-24,5.715176909603401e-24,6.851226053990264e-24
2.5985492746373184,477.1285255589566,5.107469160019445e-24,5.8576107935091424e-24,7.007260255403004e-24
2.600550275137569,476.7613977139559,5.243279474659963e-24,6.002967434607192e-24,7.166242167216283e-24
2.602551275637819,476.3948344096107,5.382027689104445e-24,6.151283644845842e-24,7.328203882166215e-24
2.604552276138069,476.0288343447614,5.523754025782327e-24,6.302596128057065e-24,7.493177023901412e-24
2.6065532766383193,475.6633962222435,5.668499150475611e-24,6.456941903048833e-24,7.661193344590674e-24
2.6085542771385692,475.29851874887333,5.816304296387491e-24,6.614358552130377e-24,7.83228515734353e-24
2.6105552776388192,474.93420063543164,5.9672112243746416e-24,6.774884299552263e-24,8.006485589503809e-24
2.6125562781390697,474.57044059664906,6.121262072035093e-24,6.938557961176696e-24,8.183828681361743e-24
2.6145572786393196,474.207237351191,6.278499168096337e-24,7.105418832735573e-24,8.364349384224332e-24
2.6165582791395696,473.8445896216423,6.438964896102586e-24,7.275506594718184e-24,8.548083527056777e-24
2.61855927963982,473.48249613449224,6.602701681366321e-24,7.448861305475232e-24,8.735067819704769e-24
2.62056028014007,473.12095562012024,6.769752149230504e-24,7.62552353181946e-24,8.925339943708285e-24
2.62256128064032,472.75996681278014,6.940159465389907e-24,7.805534632361397e-24,9.118938752467325e-24
2.6245622811405704,472.39952845058605,7.1139678269133e-24,7.988937169291623e-24,9.315904566798271e-24
2.6265632816408204,472.03963927549756,7.291223033258556e-24,8.175775386653655e-24,9.51627951674757e-24
2.6285642821410704,471.6802980333048,7.471973037272082e-24,8.36609566453128e-24,9.720107852938108e-24
2.630565282641321,471.3215034736141,7.656268362740542e-24,8.559946844842059e-24,9.927436136572128e-24
2.6325662831415704,470.9632543498338,7.844162280874313e-24,8.757380329060818e-24,1.0138313220147066e-23
2.634567283641821,470.6055494191588,8.035710663435069e-24,8.958449871678757e-24,1.0352789951733633e-23
2.6365682841420712,470.24838744255754,8.230971472162783e-24,9.163211032875104e-24,1.0570918572021888e-23
2.6385692846423208,469.8917671847569,8.430003896988993e-24,9.371720304287093e-24,1.0792751820202876e-23
2.640570285142571,469.5356874142275,8.632867211508877e-24,9.584033975432255e-24,1.1018341815016226e-23
2.6425712856428216,469.1801469031708,8.839619464762461e-24,9.80020685691997e-24,1.1247738822933255e-23
2.644572286143071,468.82514442750403,9.050316165429944e-24,1.0020291012132066e-23,1.1480990058740757e-23
2.6465732866433216,468.4706787668462,9.26500913165274e-24,1.0244334665220678e-23,1.1718138678546822e-23
2.648574287143572,468.1167487045046,9.483745673155455e-24,1.0472381446393962e-23,1.195922311781109e-23
2.6505752876438216,467.76335302746065,9.706568241799034e-24,1.0704470105129693e-23,1.220427689694665e-23
2.652576288144072,467.4104905263555,9.933514635237112e-24,1.0940634771177366e-23,1.245332896722326e-23
2.6545772886443224,467.0581599954772,1.0164618772188651e-23,1.1180905778067453e-23,1.2706404606026723e-23
2.656578289144572,466.7063602327465,1.0399911985455428e-23,1.1425310992674208e-23,1.2963526801123096e-23
2.6585792896448224,466.35509003970265,1.0639424709784309e-23,1.1673877526614406e-23,1.3224717997667433e-23
2.6605802901450724,466.004348221491,1.0883188385384327e-23,1.1926633650163967e-23,1.349000202835371e-23
2.6625812906453223,465.65413358684833,1.1131237362207667e-23,1.218361069468677e-23,1.375940601392311e-23
2.6645822911455728,465.3044449480897,1.1383610580225185e-23,1.2444844720460543e-23,1.4032962013294417e-23
2.6665832916458228,464.9552811210956,1.1640352818775985e-23,1.2710377745127342e-23,1.4310708221676716e-23
2.6685842921460727,464.6066409252976,1.1901515351917764e-23,1.2980258372064404e-23,1.4592689559444535e-23
2.670585292646323,464.2585231836658,1.2167155911437045e-23,1.325454172268454e-23,1.4878957559261942e-23
2.672586293146573,463.91092672269536,1.2437337936983776e-23,1.3533288654275514e-23,1.516956953625523e-23
2.674587293646823,463.5638503723932,1.2712129174174539e-23,1.3816564326042988e-23,1.5464587106616388e-23
2.6765882941470736,463.2172929662648,1.2991599756550028e-23,1.4104436250687384e-23,1.5764074194130852e-23
2.6785892946473235,462.8712533413017,1.327581996692159e-23,1.439697202813033e-23,1.6068094722864198e-23
2.6805902951475735,462.52573033796773,1.3564857910833095e-23,1.469423699489342e-23,1.6376710230669736e-23
2.682591295647824,462.18072280018646,1.38587773453948e-23,1.4996292032945915e-23,1.6689977648162387e-23
2.684592296148074,461.8362295753284,1.4157635889727576e-23,1.5303191764698742e-23,1.7007947470476675e-23
2.686593296648324,461.49224951419797,1.4461483801131468e-23,1.5614983318656816e-23,1.7330662506896797e-23
2.6885942971485743,461.1487814710205,1.4770363439248392e-23,1.593170578840645e-23,1.7658157331625294e-23
2.6905952976488243,460.8058243034303,1.5084309466476424e-23,1.625339043361715e-23,1.7990458484988252e-23
2.6925962981490743,460.46337687245705,1.540334975543485e-23,1.658006159425437e-23,1.8327585396867467e-23
2.6945972986493247,460.12143804251366,1.572750690215732e-23,1.6911738216972024e-23,1.866955193177994e-23
2.6965982991495747,459.7800066813839,1.6056800184700926e-23,1.7248435833448957e-23,1.9016368395516478e-23
2.6985992996498247,459.43908166020947,1.6391247766915746e-23,1.759016879015538e-23,1.9368043802490545e-23
2.700600300150075,459.0986618534778,1.6730868929661804e-23,1.7936952511136747e-23,1.9724588184404343e-23
2.702601300650325,458.7587461390097,1.707568611751888e-23,1.828880558064847e-23,2.0086014725328968e-23
2.704602301150575,458.4193333979469,1.7425726616070173e-23,1.864575145898221e-23,2.045234153401531e-23
2.7066033016508255,458.0804225147398,1.7781023719006222e-23,1.9007819688512968e-23,2.0823592907224265e-23
2.7086043021510755,457.74201237713544,1.8141617299842963e-23,1.9375046502191534e-23,2.1199799992521904e-23
2.7106053026513255,457.404101876165,1.850755376342736e-23,1.9747474806924585e-23,2.15810008189447e-23
2.712606303151576,457.0666899061318,1.8878885411063074e-23,2.012515357302306e-23,2.1967239722775508e-23
2.714607303651826,456.7297753645996,1.9255669304249867e-23,2.0508136712406925e-23,2.2358566247673103e-23
2.716608304152076,456.3933571523801,1.963796575121098e-23,2.089648156804361e-23,2.275503363907365e-23
2.7186093046523263,456.05743417352096,2.0025836564824684e-23,2.129024716237303e-23,2.3156697079282862e-23
2.7206103051525763,455.7220053352946,2.041934324933042e-23,2.1689492362218183e-23,2.356361182088794e-23
2.7226113056528263,455.3870695481856,2.0818545267022884e-23,2.209427411258188e-23,2.3975831372588242e-23
2.7246123061530767,455.05262572587895,2.1223498517278853e-23,2.2504645873881725e-23,2.4393405875210816e-23
2.7266133066533267,454.718672785249,2.1634254131907112e-23,2.292065636969513e-23,2.481638077949946e-23
2.7286143071535767,454.38520964634705,2.205085765669129e-23,2.3342348718597532e-23,2.524479590472246e-23
2.730615307653827,454.05223523238976,2.2473348652899327e-23,2.3769759987894885e-23,2.5678684921838737e-23
2.7326163081540766,453.7197484697483,2.29017607178647e-23,2.4202921172338237e-23,2.6118075270192273e-23
2.734617308654327,453.3877482879356,2.333612189323706e-23,2.4641857569990613e-23,2.656298848519005e-23
2.7366183091545775,453.05623361959596,2.3776455405026033e-23,2.5086589502200378e-23,2.701344088811305e-23
2.738619309654827,452.7252034004932,2.4222780662119455e-23,2.5537133306187805e-23,2.7469444569282335e-23
2.7406203101550775,452.3946565694989,2.4675114429687764e-23,2.5993502517307852e-23,2.793100858262889e-23
2.742621310655328,452.06459206858176,2.5133472090289656e-23,2.6455709153225906e-23,2.8398140263077007e-23
2.7446223111555774,451.735008842796,2.5597868907621725e-23,2.692376501320092e-23,2.887084657738481e-23
2.746623311655828,451.40590584026955,2.6068321214482164e-23,2.739768291129546e-23,2.9349135423235356e-23
2.7486243121560783,451.07728201219396,2.6544847456437155e-23,2.7877477771504423e-23,2.983301679944535e-23
2.750625312656328,450.7491363128126,2.702746903477194e-23,2.8363167524456575e-23,3.0322503781188644e-23
2.7526263131565782,450.42146769940933,2.7516210905669467e-23,2.885477375861579e-23,3.081761324727519e-23
2.7546273136568282,450.0942751322982,2.801110190654988e-23,2.9352322093145625e-23,3.131836632112637e-23
2.756628314157078,449.76755757481175,2.851217479471122e-23,2.9855842254352206e-23,3.182478850263651e-23
2.7586293146573286,449.4413139932904,2.9019465997542487e-23,3.036536785252819e-23,3.2336909484157896e-23
2.7606303151575786,449.11554335707166,2.95330150875004e-23,3.0880935870872164e-23,3.2854762660059474e-23
2.7626313156578286,448.79024463847895,3.0052864008521275e-23,3.140258589263545e-23,3.3378384355244685e-23
2.764632316158079,448.465416812811,3.057905609332596e-23,3.1930359106413143e-23,3.390781281320524e-23
2.766633316658329,448.14105885833106,3.111163492276542e-23,3.2464297142069184e-23,3.444308699804758e-23
2.768634317158579,447.81716975625625,3.1650643088408047e-23,3.3004440800566924e-23,3.498424527676929e-23
2.7706353176588294,447.49374849074655,3.2196120927321247e-23,3.355082874925927e-23,3.5531324057118314e-23
2.7726363181590794,447.1707940488949,3.2748105302764817e-23,3.4103496259271756e-23,3.608435646190404e-23
2.7746373186593294,446.8483054207158,3.330662850558331e-23,3.466247406277592e-23,3.664337112193199e-23
2.77663831915958,446.5262815991352,3.387171734790836e-23,3.522778740466369e-23,3.720839116628967e-23
2.77863931965983,446.2047215799802,3.444339251301371e-23,3.579945535507659e-23,3.777943348023916e-23
2.78064032016008,445.88362436196815,3.502166821275576e-23,3.637749043640216e-23,3.8356508287508687e-23
2.78264132066033,445.5629889466966,3.560655218728954e-23,3.6961898601071993e-23,3.8939619095725774e-23
2.78464232116058,445.24281433863285,3.6198046061397654e-23,3.755267957554634e-23,3.952876302192247e-23
2.78664332166083,444.9230995451037,3.6796146048873475e-23,3.8149827562353344e-23,4.0123931490627376e-23
2.7886443221610806,444.6038435762848,3.740084397240618e-23,3.875333226744906e-23,4.072511127157604e-23
2.7906453226613306,444.2850454451913,3.8012128542986893e-23,3.9363180196173537e-23,4.1332285799260207e-23
2.7926463231615806,443.9667041676668,3.862998682180646e-23,3.997935613953715e-23,4.194543669427764e-23
2.794647323661831,443.64881876237354,3.925440577072897e-23,4.060184475528702e-23,4.256454538857511e-23
2.796648324162081,443.33138825078254,3.9885373786330765e-23,4.123063213682004e-23,4.3189594744867534e-23
2.798649324662331,443.0144116571633,4.052288210847514e-23,4.186570725882061e-23,4.382057055607497e-23
2.8006503251625814,442.69788800857367,4.116692599824657e-23,4.2507063192310455e-23,4.4457462814357646e-23
2.8026513256628314,442.3818163348505,4.1817505592048383e-23,4.3154697993855617e-23,4.5100266651493136e-23
2.8046523261630814,442.06619566859894,4.2474626358313657e-23,4.3808615193512e-23,4.5748982872450246e-23
2.806653326663332,441.7510250451831,4.313829910950566e-23,4.4468823832606764e-23,4.640361803094624e-23
2.8086543271635818,441.43630350271616,4.380853955317363e-23,4.5135338033908266e-23,4.706418402776112e-23
2.8106553276638317,441.12203008205034,4.44853673995512e-23,4.580817612087783e-23,4.773069724733112e-23
2.812656328164082,440.8082038267674,4.516880507695411e-23,4.648735933691043e-23,4.8403177283002494e-23
2.814657328664332,440.4948237831689,4.5858876137368085e-23,4.7172910247047214e-23,4.9081645333544404e-23
2.816658329164582,440.1818890002664,4.655560346048045e-23,4.7864850930919864e-23,4.9766122380396643e-23
2.8186593296648326,439.8693985297719,4.7259007382731847e-23,4.856320109437295e-23,5.0456627274341907e-23
2.8206603301650826,439.5573514260885,4.796910388702653e-23,4.9267976236569466e-23,5.115317487008033e-23
2.8226613306653325,439.24574674630037,4.868590298752522e-23,4.9979186008389295e-23,5.185577434650623e-23
2.824662331165583,438.9345835501638,4.9409407432283465e-23,5.069683288640531e-23,5.2564427839160806e-23
2.8266633316658325,438.6238609000974,5.0139611825105145e-23,5.142091126538305e-23,5.327912949007783e-23
2.828664332166083,438.3135778611725,5.087650223836283e-23,5.215140704261052e-23,5.399986499057297e-23
2.8306653326663334,438.0037335011045,5.16200563529437e-23,5.2888297731680126e-23,5.472661165672045e-23
2.832666333166583,437.69432689024285,5.237024412266902e-23,5.363155310438508e-23,5.545933903809314e-23
2.8346673336668333,437.3853571015618,5.312702892152534e-23,5.438113632018327e-23,5.619801002085663e-23
2.8366683341670837,437.0768232106516,5.389036909591377e-23,5.513700546631111e-23,5.694258234960181e-23
2.8386693346673333,436.7687242957089,5.466021981369372e-23,5.589911540092781e-23,5.76930104612157e-23
2.8406703351675837,436.4610594375275,5.543653507939612e-23,5.666741976897495e-23,5.84492475009747e-23
2.842671335667834,436.1538277194896,5.621926977230077e-23,5.744187304744363e-23,5.921124737760324e-23
2.8446723361680837,435.8470282275565,5.700838156202679e-23,5.822243247437845e-23,5.997896671121585e-23
2.846673336668334,435.5406600502592,5.780383256487692e-23,5.900905972422397e-23,6.075236653587444e-23
2.848674337168584,435.23472227868996,5.86055906226688e-23,5.980172221031549e-23,6.153141363624692e-23
2.850675337668834,434.92921400649294,5.941363011266405e-23,6.06003939219286e-23,6.23160814240665e-23
2.8526763381690845,434.6241343298553,6.022793223033781e-23,6.140505573621879e-23,6.310635029267899e-23
2.8546773386693345,434.3194823474985,6.104848472365443e-23,6.221569518215547e-23,6.390220742450346e-23
2.8566783391695845,434.01525716066897,6.187528109549258e-23,6.303230567146497e-23,6.470364606402559e-23
2.858679339669835,433.71145787312975,6.270831932720193e-23,6.385488524795804e-23,6.551066430532496e-23
2.860680340170085,433.4080835911515,6.354760020850421e-23,6.468343493897023e-23,6.632326347565466e-23
2.862681340670335,433.10513342350373,6.439312538492835e-23,6.551795681883568e-23,6.714144622309423e-23
2.8646823411705853,432.8026064814459,6.524489525208438e-23,6.635845191273271e-23,6.796521443515259e-23
2.8666833416708353,432.50050187871915,6.610290683530175e-23,6.720491807883141e-23,6.879456712533339e-23
2.8686843421710853,432.1988187315372,6.696715179307065e-23,6.805734800700321e-23,6.962949842561731e-23
2.8706853426713357,431.89755615857797,6.783761467353053e-23,6.891572746359096e-23,7.046999581469529e-23
2.8726863431715857,431.59671328097517,6.871427153576257e-23,6.978003389467132e-23,7.13160386953418e-23
2.8746873436718356,431.29628922230927,6.959708902313978e-23,7.065023547611547e-23,7.216759741075308e-23
2.876688344172086,430.99628310859924,7.048602394617653e-23,7.152629066925228e-23,7.30246327606338e-23
2.878689344672336,430.6966940682944,7.138102339920837e-23,7.240814830804635e-23,7.388709604525541e-23
2.880690345172586,430.3975212322654,7.228202540096149e-23,7.32957482095518e-23,7.475492963173797e-23
2.8826913456728365,430.09876373379603,7.318896001582441e-23,7.418902226616717e-23,7.56280680035982e-23
2.8846923461730865,429.80042070857536,7.410175088251181e-23,7.508789594800298e-23,7.650643922426429e-23
2.8866933466733364,429.5024912946885,7.502031705163631e-23,7.59922901183143e-23,7.738996671963544e-23
2.888694347173587,429.20497463260887,7.594457501502205e-23,7.690212304600658e-23,7.827857126544048e-23
2.890695347673837,428.9078698651899,7.687444079848748e-23,7.781731248779456e-23,7.917217305325727e-23
2.892696348174087,428.61117613765674,7.780983198691068e-23,7.873777770932233e-23,8.007069370526161e-23
2.8946973486743373,428.3148925975978,7.875066955573961e-23,7.966344131952695e-23,8.097405811220376e-23
2.8966983491745872,428.01901839495724,7.969687939631192e-23,8.059423080536144e-23,8.188219598140309e-23
2.8986993496748372,427.7235526820261,8.064839344246525e-23,8.153007967376144e-23,8.279504300081002e-23
2.9007003501750876,427.42849461343445,8.160515033158678e-23,8.247092813310035e-23,8.371254155008815e-23
2.9027013506753376,427.13384334614386,8.256709556281833e-23,8.341672327568806e-23,8.463464091859645e-23
2.9047023511755876,426.83959803943856,8.353418114666344e-23,8.436741875420376e-23,8.556129702119123e-23
2.906703351675838,426.5457578549178,8.450636477174405e-23,8.532297397632967e-23,8.649247163394873e-23
2.908704352176088,426.25232195648806,8.548360854397752e-23,8.628335287132627e-23,8.742813120129839e-23
2.910705352676338,425.9592895103549,8.646587737918534e-23,8.724852230805736e-23,8.836824529185254e-23
2.9127063531765884,425.66665968501496,8.745313715056364e-23,8.821845026449884e-23,8.931278480088848e-23
2.9147073536768384,425.3744316512486,8.844535270642893e-23,8.9193103862927e-23,9.026172001185517e-23
2.9167083541770884,425.0826045821113,8.944248588043114e-23,9.017244739200684e-23,9.121501863665714e-23
2.918709354677339,424.7911776529265,9.044449361574214e-23,9.115644043661875e-23,9.217264395452489e-23
2.9207103551775884,424.5001500412778,9.145132631677799e-23,9.214503622865182e-23,9.313455316217453e-23
2.922711355677839,424.2095209270004,9.246292652739672e-23,9.313818031773958e-23,9.410069603424146e-23
2.9247123561780892,423.91928949217476,9.34792280142059e-23,9.413580964096856e-23,9.507101397356997e-23
2.9267133566783388,423.6294549211179,9.450015530895494e-23,9.513785204627363e-23,9.604543950713284e-23
2.928714357178589,423.34001640037576,9.552562373640402e-23,9.614422629694953e-23,9.70238962565217e-23
2.9307153576788396,423.05097311871634,9.655553992525948e-23,9.71548425561463e-23,9.800629938374496e-23
2.932716358179089,422.7623242671216,9.758980277137359e-23,9.816960332198376e-23,9.899255648508462e-23
2.9347173586793396,422.4740690387795,9.862830479602417e-23,9.918840475761534e-23,9.998256887957815e-23
2.93671835917959,422.1862066290775,9.967093381920321e-23,1.0021113833767183e-22,1.0097623321577626e-22
2.9387193596798395,421.8987362355945,1.0071757484971818e-22,1.012376927142883e-22,1.0197344330205971e-22
2.94072036018009,421.61165705809304,1.0176811208149975e-22,1.0226795569332973e-22,1.0297409205294923e-22
2.94272136068034,421.32496829851254,1.0282243087950497e-22,1.0330181620518286e-22,1.039780734372415e-22
2.94472236118059,421.03866916096155,1.0388041963933832e-22,1.0433916615492342e-22,1.0498528431381825e-22
2.9467233616808404,420.7527588517104,1.0494197141208187e-22,1.0537990204371804e-22,1.059956260475587e-22
2.9487243621810904,420.467236579184,1.060069851994622e-22,1.0642392626662776e-22,1.070090058106093e-22
2.9507253626813403,420.1821015539544,1.0707536684359163e-22,1.074711480107712e-22,1.0802533749258708e-22
2.9527263631815908,419.8973529887336,1.0814702945900787e-22,1.0852148370099855e-22,1.090445421660516e-22
2.9547273636818407,419.6129900983662,1.0922189338129583e-22,1.0957485696653343e-22,1.100665480795102e-22
2.9567283641820907,419.32901209982236,1.102998856346538e-22,1.1063119812991173e-22,1.1109129017778382e-22
2.958729364682341,419.0454182121903,1.1138093894872992e-22,1.11690443247361e-22,1.1211870917715067e-22
2.960730365182591,418.7622076566698,1.1246499038131235e-22,1.1275253275593284e-22,1.1314875024871147e-22
2.962731365682841,418.47937965656394,1.1355197962641653e-22,1.1381740980563036e-22,1.141813613863009e-22
2.9647323661830915,418.19693343727323,1.1464184710565564e-22,1.1488501837314983e-22,1.1521649155368392e-22
2.9667333666833415,417.9148682262878,1.1573453195341258e-22,1.1595530126657845e-22,1.162540887186248e-22
2.9687343671835915,417.63318325318056,1.1682997001252028e-22,1.170281981367238e-22,1.1729409788795657e-22
2.970735367683842,417.3518777496,1.1792809195652574e-22,1.1810364361031406e-22,1.1833645925762316e-22
2.972736368184092,417.07095094926376,1.190288216472586e-22,1.191815656531892e-22,1.1938110658489035e-22
2.974737368684342,416.7904020879509,1.2013207482277433e-22,1.2026188425821778e-22,1.2042796587692977e-22
2.9767383691845923,416.5102304034955,1.2123775819163316e-22,1.2134451053385344e-22,1.214769544715824e-22
2.9787393696848423,416.23043513577966,1.2234576898607748e-22,1.2242934624613694e-22,1.2252798056343675e-22
2.9807403701850923,415.9510155267265,1.2345599500035103e-22,1.2351628384091414e-22,1.2358094320274497e-22
2.9827413706853427,415.67197082029344,1.2456831511270484e-22,1.2460520694560148e-22,1.2463573276765057e-22
2.9847423711855927,415.3933002624654,1.2568260026218798e-22,1.2569599132260038e-22,1.256922318833036e-22
2.9867433716858427,415.1150031012478,1.2679871482564372e-22,1.2678850622095271e-22,1.2675031673618352e-22
2.988744372186093,414.8370785866599,1.2791651831790672e-22,1.2788261605050557e-22,1.2780985870978337e-22
2.990745372686343,414.55952597072843,1.2903586732022248e-22,1.2897818228491189e-22,1.2887072624992273e-22
2.992746373186593,414.28234450748016,1.3015661752938802e-22,1.300750654872286e-22,1.2993278685533556e-22
2.9947473736868435,414.0055334529357,1.312786258136478e-22,1.311731273453018e-22,1.3099590908244647e-22
2.9967483741870935,413.72909206510303,1.3240175216133666e-22,1.322722326039066e-22,1.3205996445277436e-22
2.9987493746873435,413.4530196039703,1.3352586141455747e-22,1.3337225078668591e-22,1.3312482915714411e-22
3.000750375187594,413.17731533149947,1.3465082469243672e-22,1.3447305761291968e-22,1.3419038546248874e-22
3.002751375687844,412.90197851162014,1.3577652042603807e-22,1.355745360314123e-22,1.3525652274385893e-22
3.004752376188094,412.62700841022223,1.3690283494881077e-22,1.3667657681529261e-22,1.363231380853371e-22
3.0067533766883443,412.3524042951501,1.3802966261131027e-22,1.3777907868610683e-22,1.3739013641772796e-22
3.0087543771885943,412.07816543619583,1.391569054154846e-22,1.3888194796188718e-22,1.3845743018682837e-22
3.0107553776888443,411.8042911050926,1.4028447219059156e-22,1.3998509775044203e-22,1.3952493857232232e-22
3.0127563781890947,411.53078057550846,1.4141227735830642e-22,1.410884467344382e-22,1.405925863024248e-22
3.0147573786893442,411.2576331230399,1.42540239357418e-22,1.4219191761757371e-22,1.416603021319509e-22
3.0167583791895947,410.9848480252052,1.4366827881738099e-22,1.432954353199496e-22,1.4272801707020596e-22
3.018759379689845,410.71242456143835,1.4479631658385156e-22,1.4439892502460796e-22,1.437956624589424e-22
3.0207603801900946,410.44036201308273,1.4592427170742746e-22,1.455023101853496e-22,1.4486316800884522e-22
3.022761380690345,410.16865966338435,1.4705205950865116e-22,1.466055106078856e-22,1.459304599050962e-22
3.0247623811905955,409.8973167974861,1.4817958982784163e-22,1.47708440712033e-22,1.4699745908843794e-22
3.026763381690845,409.62633270242134,1.4930676555778459e-22,1.4881100807231844e-22,1.48064079808088e-22
3.0287643821910955,409.3557066671071,1.5043348154128244e-22,1.499131123185439e-22,1.4913022852736515e-22
3.030765382691346,409.0854379823388,1.5155962389504293e-22,1.5101464445758966e-22,1.50195803242973e-22
3.0327663831915954,408.8155259407835,1.5268506979751838e-22,1.5211548665411606e-22,1.51260693255647e-22
3.034767383691846,408.54596983697354,1.538096877524544e-22,1.5321551248222692e-22,1.5232477940465472e-22
3.036768384192096,408.2767689673009,1.5493333831356363e-22,1.5431458763405568e-22,1.5338793475290033e-22
3.038769384692346,408.00792263001074,1.5605587523039401e-22,1.5541257104610665e-22,1.5445002568458309e-22
3.0407703851925962,407.7394301251953,1.5717714695248179e-22,1.5650931638138192e-22,1.5551091335482975e-22
3.042771385692846,407.4712907547883,1.582969984095808e-22,1.5760467378615977e-22,1.5657045541175897e-22
3.044772386193096,407.20350382255816,1.5941527297111785e-22,1.5869849182572109e-22,1.5762850789698107e-22
3.0467733866933466,406.93606863410224,1.6053181447882343e-22,1.5979061949413365e-22,1.5868492722137712e-22
3.0487743871935966,406.6689844968414,1.616464692431504e-22,1.6088090818981768e-22,1.5973957210954015e-22
3.0507753876938466,406.4022507200131,1.6275908789673047e-22,1.6196921355114004e-22,1.6079230540862643e-22
3.052776388194097,406.1358666146661,1.6386952700650018e-22,1.6305539705450203e-22,1.618429956653356e-22
3.054777388694347,405.8698314936543,1.6497765035974266e-22,1.6413932729079086e-22,1.6289151838783185e-22
3.056778389194597,405.6041446716308,1.6608332985733908e-22,1.6522088085386826e-22,1.6393775692686627e-22
3.0587793896948474,405.33880546504207,1.6718644596896083e-22,1.66299942795952e-22,1.6498160293115508e-22
3.0607803901950974,405.07381319212226,1.6828688772863368e-22,1.6737640662818435e-22,1.6602295635512254e-22
3.0627813906953474,404.80916717288693,1.6938455227373493e-22,1.6845017386906566e-22,1.6706172502113337e-22
3.064782391195598,404.54486672912753,1.7047934395476422e-22,1.695211531674908e-22,1.6809782376206979e-22
3.066783391695848,404.28091118440585,1.7157117306587329e-22,1.7058925904958878e-22,1.691311731922991e-22
3.0687843921960978,404.01729986404763,1.7265995426598024e-22,1.7165441035826693e-22,1.7016169817456916e-22
3.070785392696348,403.75403209513723,1.7374560477627726e-22,1.7271652847025934e-22,1.7118932606613644e-22
3.072786393196598,403.49110720651197,1.7482804245130402e-22,1.7377553538680518e-22,1.7221398483870043e-22
3.074787393696848,403.2285245287562,1.7590718382689707e-22,1.7483135180023904e-22,1.732356011728932e-22
3.0767883941970986,402.96628339419556,1.7698294224895803e-22,1.7588389523947042e-22,1.74254098628862e-22
3.0787893946973486,402.7043831368917,1.7805522618213615e-22,1.7693307839259299e-22,1.7526939598990107e-22
3.0807903951975986,402.4428230926362,1.7912393778746674e-22,1.7797880769495512e-22,1.7628140586639436e-22
3.082791395697849,402.1816025989452,1.8018897184331856e-22,1.7902098225651217e-22,1.77290033633079e-22
3.084792396198099,401.9207209950539,1.8125021506552349e-22,1.8005949318399995e-22,1.782951767546535e-22
3.086793396698349,401.6601776219107,1.8230754586126323e-22,1.8109422333238507e-22,1.7929672453398608e-22
3.0887943971985994,401.3999718221718,1.8336083452836548e-22,1.8212504749734046e-22,1.8029455829479822e-22
3.0907953976988494,401.14010294019585,1.8440994388832998e-22,1.831518330373785e-22,1.8128855198789932e-22
3.0927963981990994,400.880570322038,1.8545473031890927e-22,1.841744408919748e-22,1.8227857318804982e-22
3.0947973986993498,400.6213733154449,1.8649504513159005e-22,1.8519272694171143e-22,1.8326448442848767e-22
3.0967983991995998,400.36251126984894,1.8753073622191426e-22,1.8620654363920284e-22,1.8424614480310293e-22
3.0987993996998497,400.1039835363629,1.8856164990712034e-22,1.872157418262084e-22,1.852234117530396e-22
3.1008004002001,399.8457894677744,1.895876328566977e-22,1.8822017264350302e-22,1.8619614294575409e-22
3.10280140070035,399.5879284185409,1.9060853401756262e-22,1.8921968943619346e-22,1.8716419815068627e-22
3.1048024012006,399.3303997447837,1.9162420643675965e-22,1.9021414955831758e-22,1.881274410167774e-22
3.1068034017008506,399.073202804283,1.9263450889074678e-22,1.9120341598662157e-22,1.8908574066298746e-22
3.1088044022011,398.8163369564728,1.9363930724103265e-22,1.921873586639791e-22,1.9003897300332405e-22
3.1108054027013505,398.55980156243464,1.946384754505911e-22,1.9316585550739968e-22,1.9098702174211905e-22
3.112806403201601,398.3035959848935,1.9563189621322896e-22,1.941387930331232e-22,1.9192977899254e-22
3.1148074037018505,398.0477195882117,1.9661946116809297e-22,1.9510606657109518e-22,1.9286714549080196e-22
3.116808404202101,397.79217173838373,1.9760107069260704e-22,1.9606758006200728e-22,1.937990303991162e-22
3.1188094047023514,397.53695180303146,1.9857663328838457e-22,1.9702324545113796e-22,1.9472535071115627e-22
3.120810405202601,397.2820591513986,1.9954606459496394e-22,1.9797298171334827e-22,1.9564603029367054e-22
3.1228114057028513,397.0274931543452,2.0050928608457577e-22,1.989167135617962e-22,1.9656099861584947e-22
3.1248124062031017,396.77325318434316,2.014662235067085e-22,1.9985436990837479e-22,1.9747018923332246e-22
3.1268134067033513,396.51933861547076,2.0241680516328358e-22,2.00785882155847e-22,1.9837353810551387e-22
3.1288144072036017,396.26574882340714,2.0336096010315277e-22,2.0171118240951896e-22,1.9927098183290288e-22
3.130815407703852,396.01248318542775,2.0429861632811666e-22,2.0263020169978705e-22,2.0016245590423506e-22
3.1328164082041017,395.75954108039923,2.0522969910153954e-22,2.0354286830581626e-22,2.0104789304272341e-22
3.134817408704352,395.5069218887736,2.0615412944498705e-22,2.0444910626504228e-22,2.0192722173483086e-22
3.136818409204602,395.2546249925843,2.0707182289845189e-22,2.0534883414343983e-22,2.0280036501564264e-22
3.138819409704852,395.0026497754403,2.079826886061696e-22,2.062419641280771e-22,2.036672395716188e-22
3.1408204102051025,394.75099562252126,2.0888662877340251e-22,2.0712840148700692e-22,2.045277552052813e-22
3.1428214107053525,394.49966192057303,2.0978353852079286e-22,2.0800804442294296e-22,2.0538181468804174e-22
3.1448224112056025,394.24864805790185,2.106733061428267e-22,2.08880784327283e-22,2.0622931400775493e-22
3.146823411705853,393.99795342437005,2.1155581375667565e-22,2.0974650642094684e-22,2.070701429977524e-22
3.148824412206103,393.74757741139086,2.124309383081673e-22,2.1060509074914571e-22,2.0790418631501296e-22
3.150825412706353,393.49751941192346,2.132985528838851e-22,2.1145641347960605e-22,2.0873132471776388e-22
3.1528264132066033,393.24777882046806,2.1415852826327e-22,2.123003484387684e-22,2.0955143657800065e-22
3.1548274137068533,392.9983550330611,2.150107346328553e-22,2.131367688088459e-22,2.1036439955292902e-22
3.1568284142071033,392.7492474472704,2.1585504337698027e-22,2.139655489009012e-22,2.111700923317087e-22
3.1588294147073537,392.5004554621902,2.1669132885583934e-22,2.147865659156427e-22,2.1196839637045544e-22
3.1608304152076037,392.25197847843634,2.175194700827205e-22,2.1559970160461576e-22,2.1275919752941424e-22
3.1628314157078536,392.00381589814157,2.183393522176558e-22,2.1640484374977844e-22,2.1354238753143963e-22
3.164832416208104,391.7559671249506,2.191508678041606e-22,2.172018873888064e-22,2.143178651701278e-22
3.166833416708354,391.5084315640155,2.199539176887958e-22,2.1799073572639498e-22,2.150855372086722e-22
3.168834417208604,391.2612086219907,2.2074841157926894e-22,2.187713006876493e-22,2.158453189260947e-22
3.1708354177088545,391.01429770702845,2.215342682148763e-22,2.195435030875605e-22,2.165971342851467e-22
3.1728364182091044,390.7676982287741,2.2231141514242365e-22,2.203072724097145e-22,2.1734091571504037e-22
3.1748374187093544,390.5214095983613,2.2307978811033755e-22,2.2106254620676605e-22,2.180766035212814e-22
3.176838419209605,390.2754312284072,2.2383933011257417e-22,2.2180926915393614e-22,2.1880414495333697e-22
3.178839419709855,390.02976253300807,2.2458999013120483e-22,2.2254739180390317e-22,2.195234929777582e-22
3.180840420210105,389.7844029277345,2.253317216413737e-22,2.232768691061535e-22,2.202346048188809e-22
3.1828414207103553,389.5393518296267,2.2606448095394544e-22,2.239976587653818e-22,2.20937440340616e-22
3.1848424212106052,389.29460865718994,2.2678822547904833e-22,2.247097195213651e-22,2.2163196035058864e-22
3.186843421710855,389.05017283039007,2.2750291199744366e-22,2.254130094364427e-22,2.223181249115658e-22
3.1888444222111056,388.8060437706486,2.282084950260736e-22,2.261074842761692e-22,2.2299589174457717e-22
3.1908454227113556,388.5622209008387,2.2890492535923993e-22,2.2679309606387075e-22,2.236652148033744e-22
3.1928464232116056,388.31870364528004,2.295921488579293e-22,2.274697918809796e-22,2.2432604309115405e-22
3.194847423711856,388.07549142973454,2.302701055472239e-22,2.281375129725656e-22,2.249783197781793e-22
3.196848424212106,387.83258368140207,2.3093872906620096e-22,2.287961942020846e-22,2.2562198166375055e-22
3.198849424712356,387.5899798289155,2.3159794649697946e-22,2.2944576388177697e-22,2.262569590086123e-22
3.2008504252126064,387.3476793023364,2.322476785805283e-22,2.3008614398627155e-22,2.2688317574526463e-22
3.2028514257128564,387.1056815331511,2.328878403075018e-22,2.3071725073777213e-22,2.2750055005471378e-22
3.2048524262131064,386.8639859542652,2.33518341853678e-22,2.3133899553267927e-22,2.281089952799275e-22
3.206853426713357,386.62259199999994,2.3413908981250693e-22,2.319512861625881e-22,2.287084211295767e-22
3.2088544272136064,386.3814991060878,2.34749988662727e-22,2.325540282681848e-22,2.292987351114288e-22
3.210855427713857,386.14070670966737,2.353509423976677e-22,2.3314712695333593e-22,2.2987984412369436e-22
3.212856428214107,385.9002142492798,2.3594185623531875e-22,2.3373048847920145e-22,2.304516561252766e-22
3.2148574287143568,385.66002116486425,2.36522638324874e-22,2.343040219548658e-22,2.310140818025953e-22
3.216858429214607,385.4201268977529,2.3709320136634416e-22,2.3486764094186978e-22,2.3156703615154236e-22
3.2188594297148576,385.18053089066746,2.376534640649375e-22,2.3542126489508243e-22,2.3211043989811734e-22
3.220860430215107,384.9412325877145,2.3820335235088284e-22,2.359648203712508e-22,2.3264422069006965e-22
3.2228614307153576,384.702231434381,2.387428003077264e-22,2.3649824194880147e-22,2.3316831400393325e-22
3.224862431215608,384.4635268775304,2.3927175076717815e-22,2.3702147281737135e-22,2.336826637265294e-22
3.2268634317158575,384.22511836539803,2.397901555455483e-22,2.3753446501234345e-22,2.341872223865646e-22
3.228864432216108,383.98700534758694,2.402979753147543e-22,2.380371792874299e-22,2.3468195102945674e-22
3.230865432716358,383.7491872750639,2.407951791189313e-22,2.385295846362215e-22,2.351668187461405e-22
3.232866433216608,383.51166360015475,2.4128174356490203e-22,2.3901165749068227e-22,2.35641801883414e-22
3.2348674337168584,383.2744337765406,2.417576517303037e-22,2.3948338063996125e-22,2.3610688297856594e-22
3.2368684342171083,383.03749725925354,2.4222289184630594e-22,2.3994474192590814e-22,2.3656204947385517e-22
3.2388694347173583,382.8008535046722,2.4267745582194375e-22,2.403957327816812e-22,2.3700729227628395e-22
3.2408704352176088,382.5645019705178,2.4312133768369973e-22,2.4083634668638936e-22,2.374426042345763e-22
3.2428714357178587,382.32844211585035,2.4355453200684065e-22,2.4126657761155943e-22,2.378679786080914e-22
3.2448724362181087,382.09267340106373,2.439770324140456e-22,2.416864185342703e-22,2.3828340760147825e-22
3.246873436718359,381.8571952878823,2.4438883021221127e-22,2.4209586008718664e-22,2.3868888103433376e-22
3.248874437218609,381.6220072393564,2.4478991323025664e-22,2.424948894077445e-22,2.390843852072642e-22
3.250875437718859,381.3871087198584,2.451802649097766e-22,2.4288348923785914e-22,2.3946990201501306e-22
3.2528764382191095,381.1524991950788,2.45559863687085e-22,2.432616373123469e-22,2.3984540834431923e-22
3.2548774387193595,380.9181781320218,2.459286826903014e-22,2.436293060594885e-22,2.4021087577959678e-22
3.2568784392196095,380.6841449990016,2.462866897594149e-22,2.4398646262158545e-22,2.4056627062416277e-22
3.25887943971986,380.45039926563817,2.466338477815365e-22,2.4433306918777507e-22,2.4091155422935693e-22
3.26088044022011,380.2169404028534,2.469701153186154e-22,2.4466908361657017e-22,2.412466836092995e-22
3.26288144072036,379.983767882867,2.4729544749145485e-22,2.449944603122711e-22,2.415716123058984e-22
3.2648824412206103,379.7508811791925,2.4760979707257963e-22,2.4530915130821976e-22,2.418862914576997e-22
3.2668834417208603,379.5182797666335,2.479131157318452e-22,2.4561310750129467e-22,2.421906710177319e-22
3.2688844422211103,379.2859631212794,2.4820535537302523e-22,2.4590627997644453e-22,2.424847010599863e-22
3.2708854427213607,379.0539307205016,2.484864694971042e-22,2.461886213575898e-22,2.427683331117553e-22
3.2728864432216107,378.8221820429499,2.4875641452868175e-22,2.4646008712189844e-22,2.430415214497353e-22
3.2748874437218607,378.5907165685481,2.490151510455875e-22,2.4672063681811293e-22,2.4330422430143283e-22
3.276888444222111,378.3595337784902,2.4926264485821104e-22,2.469702351359568e-22,2.4355640489968457e-22
3.278889444722361,378.12863315523686,2.4949886789374135e-22,2.4720885278226167e-22,2.437980323465986e-22
3.280890445222611,377.89801418251125,2.497237988509724e-22,2.4743646712981997e-22,2.4402908225344536e-22
3.2828914457228615,377.6676763452952,2.4993742360295804e-22,2.476530626164887e-22,2.442495371343771e-22
3.2848924462231115,377.43761912982563,2.5013973533701373e-22,2.478586308841578e-22,2.4445938654377048e-22
3.2868934467233615,377.2078420235903,2.5033073443373206e-22,2.480531706592555e-22,2.4465862695886607e-22
3.288894447223612,376.9783445153243,2.505104280982592e-22,2.482366873879242e-22,2.448472614206678e-22
3.290895447723862,376.74912609500643,2.5067882976755628e-22,2.4840919264937544e-22,2.450252989562948e-22
3.292896448224112,376.5201862538549,2.5083595832633334e-22,2.485707033798125e-22,2.451927538147196e-22
3.2948974487243623,376.29152448432393,2.5098183717145685e-22,2.4872124094634984e-22,2.453496445547754e-22
3.2968984492246123,376.06314028010013,2.511164931696978e-22,2.4886083011537907e-22,2.45495993029258e-22
3.2988994497248623,375.8350331360983,2.512399555565687e-22,2.489894979626854e-22,2.4563182331176446e-22
3.3009004502251127,375.60720254845796,2.513522548247062e-22,2.491072727733181e-22,2.4575716061359995e-22
3.3029014507253622,375.37964801453995,2.514534216488675e-22,2.4921418297784127e-22,2.458720302367205e-22
3.3049024512256127,375.15236903292214,2.515434858912927e-22,2.493102561683027e-22,2.459764566054332e-22
3.306903451725863,374.9253651033961,2.516224757261927e-22,2.4939551823230455e-22,2.460704624146774e-22
3.3089044522261126,374.6986357269635,2.5169041691574374e-22,2.494699926372345e-22,2.461540679264652e-22
3.310905452726363,374.47218040583215,2.517473322625454e-22,2.495336998893505e-22,2.462272904387788e-22
3.3129064532266135,374.2459986434126,2.5179324125538725e-22,2.4958665718436816e-22,2.4629014394328046e-22
3.314907453726863,374.0200899443145,2.5182815991674054e-22,2.4962887825784147e-22,2.4634263897993695e-22
3.3169084542271134,373.7944538143428,2.518521008519919e-22,2.496603734353035e-22,2.4638478268844714e-22
3.318909454727364,373.56908976049436,2.518650734924051e-22,2.4968114987417653e-22,2.4641657904851574e-22
3.3209104552276134,373.3439972909543,2.5186708451642007e-22,2.4969121198215794e-22,2.464380292938249e-22
3.322911455727864,373.11917591509217,2.518581384274289e-22,2.4969056199038886e-22,2.4644913247825764e-22
3.324912456228114,372.89462514345894,2.518382382607981e-22,2.4967920065440595e-22,2.464498861677199e-22
3.326913456728364,372.67034448778287,2.518073863887696e-22,2.496571280517942e-22,2.464402872269061e-22
3.3289144572286142,372.44633346096623,2.517655853890586e-22,2.496243444426896e-22,2.4642033266765196e-22
3.330915457728864,372.2225915770819,2.5171283894149596e-22,2.495808511578424e-22,2.463900205241263e-22
3.332916458229114,371.99911835136965,2.5164915271692383e-22,2.4952665147882752e-22,2.4634935072001755e-22
3.3349174587293646,371.7759133002325,2.515745352236795e-22,2.4946175147611966e-22,2.462983258939998e-22
3.3369184592296146,371.5529759412338,2.5148899857930094e-22,2.493861607730349e-22,2.462369521520317e-22
3.3389194597298646,371.33030579309315,2.513925591784529e-22,2.492998932068768e-22,2.4616523971833355e-22
3.340920460230115,371.1079023756831,2.5128523823233193e-22,2.4920296736284664e-22,2.4608320346104593e-22
3.342921460730365,370.8857652100262,2.5116706215985824e-22,2.4909540696127186e-22,2.4599086327349535e-22
3.344922461230615,370.6638938182906,2.510380628165859e-22,2.489772410842717e-22,2.4588824429745895e-22
3.3469234617308654,370.44228772378744,2.508982775533407e-22,2.4884850423398907e-22,2.4577537698073794e-22
3.3489244622311154,370.2209464509672,2.507477491028954e-22,2.48709236220747e-22,2.4565229696746874e-22
3.3509254627313654,369.99986952541616,2.5058652529938424e-22,2.485594818858109e-22,2.455190448258197e-22
3.352926463231616,369.779056473853,2.5041465864139507e-22,2.483992906695988e-22,2.4537566562377716e-22
3.354927463731866,369.55850682412586,2.5023220571561034e-22,2.4822871604205405e-22,2.452222083694963e-22
3.3569284642321158,369.3382201052083,2.5003922650325367e-22,2.480478148172101e-22,2.450587253379147e-22
3.358929464732366,369.1181958471963,2.4983578359627597e-22,2.478566463786059e-22,2.448852713098724e-22
3.360930465232616,368.8984335813053,2.496219413539715e-22,2.4765527184591215e-22,2.447019027536132e-22
3.362931465732866,368.67893283986615,2.4939776503338963e-22,2.47443753215774e-22,2.445086769811302e-22
3.3649324662331166,368.459693156322,2.4916331992835737e-22,2.472221525112945e-22,2.4430565131320313e-22
3.3669334667333666,368.24071406522546,2.4891867055205715e-22,2.46990530974704e-22,2.4409288228707493e-22
3.3689344672336166,368.02199510223477,2.486638798968222e-22,2.467489483364846e-22,2.43870424939447e-22
3.370935467733867,367.80353580411065,2.4839900880216907e-22,2.4649746219159315e-22,2.4363833219487868e-22
3.372936468234117,367.5853357087134,2.4812411545807545e-22,2.462361275094559e-22,2.4339665438576264e-22
3.374937468734367,367.3673943549989,2.478392550652976e-22,2.4596499629924966e-22,2.4314543892496865e-22
3.3769384692346174,367.149711283016,2.4754447966826628e-22,2.456841174457963e-22,2.4288473014617122e-22
3.3789394697348674,366.9322860339033,2.472398381690184e-22,2.453935367244005e-22,2.426145693199987e-22
3.3809404702351173,366.7151181498853,2.469253765230243e-22,2.450932969954572e-22,2.4233499484677846e-22
3.3829414707353678,366.49820717426985,2.4660113810995507e-22,2.447834385719336e-22,2.420460426190768e-22
3.3849424712356178,366.2815526514446,2.462671642647313e-22,2.4446399974522764e-22,2.4174774653977513e-22
3.3869434717358677,366.06515412687395,2.45923494946973e-22,2.4413501744777345e-22,2.4144013917442686e-22
3.388944472236118,365.84901114709567,2.4557016952054396e-22,2.43796528024419e-22,2.411232525104191e-22
3.390945472736368,365.6331232597182,2.452072276095729e-22,2.4344856807935768e-22,2.407971187903141e-22
3.392946473236618,365.41749001341685,2.448347099934106e-22,2.4309117536151807e-22,2.404617713829416e-22
3.3949474737368686,365.20211095793115,2.4445265950065745e-22,2.427243896490183e-22,2.4011724565355065e-22
3.396948474237118,364.9869856440616,2.4406112186183096e-22,2.423482535927301e-22,2.397635797937749e-22
3.3989494747373685,364.7721136236662,2.4366014648148174e-22,2.419628134802157e-22,2.394008155733515e-22
3.400950475237619,364.55749444965795,2.432497870936542e-22,2.415681198843478e-22,2.3902899897852078e-22
3.4029514757378685,364.3431276760015,2.4283010226935456e-22,2.4116422816563026e-22,2.38648180706651e-22
3.404952476238119,364.12901285770954,2.4240115575102415e-22,2.407511988034921e-22,2.382584164927716e-22
3.4069534767383693,363.91514955084057,2.41963016596612e-22,2.4032909753933725e-22,2.3785976725107717e-22
3.408954477238619,363.7015373124954,2.4151575912437825e-22,2.398979953225713e-22,2.3745229902275666e-22
3.410955477738869,363.488175700814,2.410594626586573e-22,2.394579680598206e-22,2.3703608273034543e-22
3.4129564782391193,363.2750642749725,2.4059421108603064e-22,2.3900909617668085e-22,2.366111937477691e-22
3.414957478739369,363.0622025951806,2.4012009224024896e-22,2.385514640101236e-22,2.3617771130389537e-22
3.41695847923962,362.84959022267765,2.3963719714237654e-22,2.3808515905773716e-22,2.357357177453267e-22
3.4189594797398697,362.6372267197308,2.391456191295861e-22,2.3761027111685578e-22,2.3528529769093414e-22
3.42096048024012,362.4251116496307,2.3864545291142686e-22,2.3712689135197107e-22,2.348265371158832e-22
3.42296148074037,362.2132445766898,2.381367935959844e-22,2.3663511133237194e-22,2.3435952240639814e-22
3.4249624812406196,362.00162506623826,2.3761973572988427e-22,2.3613502208348096e-22,2.3388433942800444e-22
3.42696348174087,361.7902526846216,2.3709437239552717e-22,2.3562671319478974e-22,2.3340107264943206e-22
3.4289644822411205,361.57912699919757,2.3656079440626046e-22,2.351102720246482e-22,2.329098043617564e-22
3.430965482741371,361.3682475783334,2.3601908963552867e-22,2.34585783037544e-22,2.3241061402781096e-22
3.4329664832416205,361.15761399140257,2.3546934250963583e-22,2.340533273031761e-22,2.3190357779067857e-22
3.434967483741871,360.94722580878175,2.349116336859178e-22,2.335129821788729e-22,2.3138876816244443e-22
3.436968484242121,360.7370826018485,2.3434603992925124e-22,2.329648211881386e-22,2.308662539057789e-22
3.4389694847423704,360.52718394297773,2.3377263419037663e-22,2.324089140987655e-22,2.3033610011172724e-22
3.440970485242621,360.317529405539,2.3319148587995695e-22,2.3184532719450237e-22,2.2979836846780336e-22
3.4429714857428713,360.1081185638939,2.326026613231128e-22,2.312741237251915e-22,2.2925311770155496e-22
3.4449724862431217,359.8989509933928,2.320062243708038e-22,2.3069536451201016e-22,2.287004041766324e-22
3.446973486743372,359.6900262703722,2.3140223713731365e-22,2.30109108677415e-22,2.2814028261147216e-22
3.4489744872436217,359.4813439721517,2.3079076082752853e-22,2.29515414463878e-22,2.275728068852818e-22
3.4509754877438716,359.27290367703125,2.301718566139723e-22,2.28914340101818e-22,2.2699803089238198e-22
3.452976488244122,359.0647049642883,2.2954558652182843e-22,2.2830594468540406e-22,2.2641600940425775e-22
3.4549774887443716,358.85674741417506,2.289120142804671e-22,2.2769028901519517e-22,2.2582679889894e-22
3.456978489244622,358.6490306079155,2.2827120610231204e-22,2.270674363688596e-22,2.252304583195775e-22
3.4589794897448725,358.4415541277026,2.2762323135403817e-22,2.2643745316533063e-22,2.246270497280973e-22
3.460980490245123,358.23431755669577,2.2696816309086103e-22,2.25800409493459e-22,2.2401663882546155e-22
3.4629814907453724,358.0273204790177,2.2630607843177795e-22,2.251563794832469e-22,2.2339929531694305e-22
3.464982491245623,357.82056247975163,2.256370587616218e-22,2.245054415056698e-22,2.2277509310864e-22
3.466983491745873,357.61404314493905,2.2496118975433106e-22,2.238476781955488e-22,2.2214411032978314e-22
3.4689844922461224,357.40776206157625,2.242785612204433e-22,2.231831763004586e-22,2.2150642918378613e-22
3.470985492746373,357.2017188176119,2.235892667900765e-22,2.225120263668339e-22,2.208621356390523e-22
3.4729864932466232,356.99591300194453,2.228934034501689e-22,2.21834322281873e-22,2.2021131897788034e-22
3.4749874937468737,356.79034420441945,2.221910709611106e-22,2.2115016069614235e-22,2.19554071228027e-22
3.4769884942471236,356.5850120158262,2.2148237118287853e-22,2.2045964035671363e-22,2.188904865063417e-22
3.4789894947473736,356.3799160278956,2.2076740734411436e-22,2.1976286138396057e-22,2.1822066030713444e-22
3.4809904952476236,356.1750558332974,2.2004628328917004e-22,2.1905992452671222e-22,2.1754468876947543e-22
3.482991495747874,355.9704310256373,2.1931910273796437e-22,2.18350930430269e-22,2.168626679574357e-22
3.4849924962481236,355.76604119945455,2.185859685915796e-22,2.1763597894989147e-22,2.1617469318539287e-22
3.486993496748374,355.56188595021877,2.178469823130893e-22,2.1691516853895513e-22,2.154808584171516e-22
3.4889944972486244,355.3579648743279,2.171022434083397e-22,2.161885957362363e-22,2.1478125576295677e-22
3.490995497748874,355.15427756910515,2.1635184902561303e-22,2.1545635477104664e-22,2.140759750928017e-22
3.4929964982491244,354.95082363279624,2.1559589368664392e-22,2.147185372985343e-22,2.13365103778119e-22
3.4949974987493744,354.7476026645674,2.1483446915467365e-22,2.139752322707405e-22,2.1264872656730215e-22
3.496998499249624,354.5446142645019,2.1406766443847606e-22,2.1322652594231327e-22,2.1192692559391095e-22
3.4989994997498743,354.3418580335979,2.13295565924933e-22,2.1247250200347803e-22,2.111997805101992e-22
3.5010005002501248,354.13933357376584,2.1251825762706997e-22,2.1171324182725424e-22,2.1046736873307174e-22
3.503001500750375,353.93704048782575,2.1173582152971153e-22,2.1094882481319917e-22,2.0972976578493772e-22
3.5050025012506256,353.7349783795047,2.1094833801131975e-22,2.101793288063977e-22,2.0898704570841612e-22
3.507003501750875,353.5331468534341,2.1015588631820622e-22,2.0940483056806997e-22,2.0823928153153844e-22
3.509004502251125,353.3315455151472,2.093585450662237e-22,2.0862540627309713e-22,2.074865457590429e-22
3.5110055027513756,353.13017397107643,2.0855639274524194e-22,2.078411320099669e-22,2.0672891086555768e-22
3.513006503251625,352.9290318285511,2.0774950820306028e-22,2.0705208425998342e-22,2.059664497678069e-22
3.5150075037518764,352.7281186957944,2.0693797108781767e-22,2.062583403349812e-22,2.051992362553474e-22
3.517008504252126,352.5274341819216,2.0612186223120743e-22,2.0545997875601223e-22,2.0442734536254688e-22
3.5190095047523764,352.32697789693646,2.05301263958662e-22,2.0465707955931222e-22,2.036508536683193e-22
3.5210105052526264,352.1267494517297,2.044762603169686e-22,2.038497245201261e-22,2.0286983951437486e-22
3.5230115057528764,351.92674845807596,2.0364693721416957e-22,2.0303799728934292e-22,2.0208438313707733e-22
3.5250125062531263,351.7269745286312,2.028133824709555e-22,2.022219834422246e-22,2.012945667123045e-22
3.527013506753376,351.5274272769308,2.0197568578680657e-22,2.0140177044253981e-22,2.0050047431670464e-22
3.529014507253627,351.328106317386,2.0113393862769334e-22,2.0057744752895236e-22,1.997021918122518e-22
3.5310155077538767,351.129011265283,2.002882340451174e-22,1.9974910553346508e-22,1.9889980666392883e-22
3.533016508254127,350.93014173677875,1.994386664384715e-22,1.9891683664390485e-22,1.9809340770252708e-22
3.535017508754377,350.7314973488997,1.9858533127418693e-22,1.980807341239044e-22,1.972830848459981e-22
3.537018509254627,350.53307771953894,1.9772832477577264e-22,1.9724089200446078e-22,1.9646892879339394e-22
3.539019509754877,350.33488246745355,1.9686774359880451e-22,1.9639740476108714e-22,1.95651030705347e-22
3.5410205102551275,350.1369112122625,1.960036845041863e-22,1.955503669898233e-22,1.9482948188426638e-22
3.543021510755377,349.9391635744441,1.9513624404171357e-22,1.9469987309406644e-22,1.9400437346610378e-22
3.5450225112556275,349.7416391753334,1.94265518254278e-22,1.9384601699247403e-22,1.9317579613381283e-22
3.547023511755878,349.54433763712007,1.9339160241107855e-22,1.9298889185620938e-22,1.9234383986062544e-22
3.5490245122561284,349.3472585828458,1.925145907760965e-22,1.921285898816785e-22,1.9150859368913487e-22
3.551025512756378,349.1504016364021,1.9163457641601985e-22,1.912652021028273e-22,1.9067014555008084e-22
3.553026513256628,348.9537664225273,1.9075165104984035e-22,1.9039881824509857e-22,1.8982858212275622e-22
3.5550275137568783,348.757352566805,1.8986590494063367e-22,1.8952952662143115e-22,1.8898398873723098e-22
3.557028514257128,348.5611596956614,1.88977426828585e-22,1.8865741406923469e-22,1.8813644931713967e-22
3.559029514757379,348.3651874363623,1.8808630390322973e-22,1.877825659261804e-22,1.8728604636068815e-22
3.5610305152576287,348.169435417012,1.871926218120955e-22,1.8690506604187117e-22,1.8643286095676429e-22
3.563031515757879,347.9739032665496,1.8629646470243582e-22,1.860249968219655e-22,1.8557697283256164e-22
3.565032516258129,347.77859061474777,1.8539791529254838e-22,1.8514243930114443e-22,1.847184604289555e-22
3.5670335167583787,347.58349709220954,1.8449705496910362e-22,1.8425747324126072e-22,1.8385740099984672e-22
3.569034517258629,347.3886223303665,1.8359396390701344e-22,1.8337017725113445e-22,1.8299387073184254e-22
3.5710355177588795,347.19396596147647,1.826887212085007e-22,1.8248062892461718e-22,1.8212794488083991e-22
3.57303651825913,346.99952761862085,1.8178140505814275e-22,1.8158890499368876e-22,1.8125969792226508e-22
3.5750375187593795,346.8053069357028,1.8087209289073338e-22,1.8069508149345924e-22,1.8038920371188004e-22
3.57703851925963,346.6113035474442,1.7996086156875684e-22,1.7979923393593327e-22,1.795165356541086e-22
3.57903951975988,346.41751708938426,1.7904778756612867e-22,1.7890143748929547e-22,1.7864176687479242e-22
3.5810405202601294,346.22394719787667,1.781329471545816e-22,1.7800176715923716e-22,1.7776497039510485e-22
3.58304152076038,346.0305935100873,1.772164165887431e-22,1.7710029796854725e-22,1.7688621930310435e-22
3.5850425212606303,345.83745566399216,1.7629827228555188e-22,1.7619710513082006e-22,1.760055869190835e-22
3.5870435217608807,345.6445332983752,1.7537859099326217e-22,1.7529226421375675e-22,1.7512314695052235e-22
3.5890445222611302,345.451826052826,1.74457449944963e-22,1.7438585128722485e-22,1.7423897363216245e-22
3.5910455227613807,345.259333567737,1.7353492699131813e-22,1.7347794305102146e-22,1.733531418464957e-22
3.5930465232616307,345.0670554843021,1.7261110070721269e-22,1.7256861693725074e-22,1.7246572721991265e-22
3.5950475237618806,344.874991444514,1.7168605046717697e-22,1.7165795118239033e-22,1.7157680618988079e-22
3.5970485242621306,344.683141091162,1.7075985648494169e-22,1.707460248645677e-22,1.7068645603892087e-22
3.599049524762381,344.49150406782957,1.6983259981324764e-22,1.6983291790229247e-22,1.6979475489180573e-22
3.6010505252626306,344.30008001889286,1.6890436230109202e-22,1.6891871101189834e-22,1.6890178167334225e-22
3.603051525762882,344.10886858951744,1.67975226506959e-22,1.6800348562225829e-22,1.6800761602531955e-22
3.6050525262631314,343.9178694256574,1.6704527556819227e-22,1.6708732374688558e-22,1.6711233818267453e-22
3.607053526763382,343.7270821740517,1.661145930284383e-22,1.661703078152522e-22,1.662160288105585e-22
3.609054527263632,343.5365064822233,1.651832626270221e-22,1.6525252046703105e-22,1.6531876880578761e-22
3.6110555277638814,343.3461419984762,1.642513680560019e-22,1.643340443148096e-22,1.6442063906793188e-22
3.613056528264132,343.1559883718934,1.6331899269248208e-22,1.6341496168261664e-22,1.635217202470345e-22
3.6150575287643822,342.9660452523351,1.6238621931537459e-22,1.6249535432918564e-22,1.6262209247649603e-22
3.6170585292646327,342.7763122904363,1.6145312981707645e-22,1.615753031661409e-22,1.6172183510089354e-22
3.619059529764882,342.5867891376045,1.6051980492141873e-22,1.6065488798217419e-22,1.6082102640938203e-22
3.6210605302651326,342.3974754460178,1.595863239196036e-22,1.5973418718465206e-22,1.5991974338570752e-22
3.6230615307653826,342.2083708686227,1.586527644356702e-22,1.5881327756993638e-22,1.59018061485736e-22
3.625062531265632,342.01947505913205,1.5771920223224862e-22,1.5789223413295402e-22,1.5811605445270239e-22
3.6270635317658826,341.8307876720226,1.5678571106602483e-22,1.5697112992525877e-22,1.572137941791541e-22
3.629064532266133,341.6423083625336,1.558523626004525e-22,1.5605003596899295e-22,1.5631135062280814e-22
3.6310655327663834,341.4540367866639,1.5491922638089589e-22,1.5512902123186633e-22,1.5540879178133506e-22
3.633066533266633,341.2659726011704,1.5398636987469771e-22,1.542081526656425e-22,1.5450618372855438e-22
3.6350675337668834,341.07811546356567,1.5305385857573166e-22,1.5328749530775364e-22,1.5360359071174988e-22
3.6370685342671334,340.8904650321161,1.521217561699992e-22,1.5236711244272976e-22,1.5270107530697574e-22
3.639069534767383,340.70302096583964,1.5119012475589666e-22,1.5144706581725024e-22,1.5179869862643016e-22
3.6410705352676334,340.5157829245037,1.5025902511008102e-22,1.5052741589998093e-22,1.5089652056940424e-22
3.643071535767884,340.3287505686234,1.4932851698754908e-22,1.496082221750815e-22,1.4999460010609162e-22
3.645072536268134,340.14192355945926,1.483986594427092e-22,1.4868954345645933e-22,1.4909299558177354e-22
3.6470735367683846,339.9553015590151,1.4746951115702918e-22,1.4777143820865806e-22,1.4819176502772145e-22
3.649074537268634,339.7688842300363,1.4654113075829495e-22,1.4685396485971766e-22,1.4729096646459693e-22
3.651075537768884,339.5826712360074,1.456135771166994e-22,1.4593718209150163e-22,1.4639065818426043e-22
3.6530765382691346,339.39666224115024,1.4468690960387824e-22,1.4502114909385398e-22,1.454908989967116e-22
3.655077538769384,339.21085691042225,1.4376118830257768e-22,1.4410592577046623e-22,1.4459174843033537e-22
3.6570785392696346,339.0252549095137,1.428364741568364e-22,1.4319157288647867e-22,1.4369326687568742e-22
3.659079539769885,338.8398559048465,1.4191282905526315e-22,1.422781521504757e-22,1.4279551566559806e-22
3.6610805402701354,338.6546595635717,1.4099031584307034e-22,1.413657262265514e-22,1.4189855708729448e-22
3.663081540770385,338.4696655535678,1.4006899826185255e-22,1.4045435867538623e-22,1.410024543254141e-22
3.6650825412706354,338.28487354343815,1.39148940819489e-22,1.395441138266073e-22,1.4010727133802548e-22
3.6670835417708854,338.10028320251007,1.382302085958641e-22,1.3863505658796886e-22,1.3921307267096124e-22
3.669084542271135,337.9158942008317,1.37312866993136e-22,1.3772725219988267e-22,1.3831992321869742e-22
3.6710855427713853,337.7317062091708,1.3639698144193653e-22,1.3682076594644874e-22,1.3742788794258812e-22
3.6730865432716358,337.5477188990126,1.3548261707698118e-22,1.3591566283621573e-22,1.3653703155931202e-22
3.675087543771886,337.36393194255766,1.345698383970078e-22,1.350120072673293e-22,1.356474182138059e-22
3.6770885442721357,337.18034501272024,1.3365870892469333e-22,1.3410986269246562e-22,1.3475911115170605e-22
3.679089544772386,336.99695778312594,1.3274929088214672e-22,1.3320929129891088e-22,1.3387217240630447e-22
3.681090545272636,336.81376992811033,1.3184164489677935e-22,1.3231035371837828e-22,1.3298666251429763e-22
3.6830915457728857,336.63078112271654,1.3093582975081547e-22,1.3141310877965243e-22,1.3210264027315747e-22
3.685092546273136,336.4479910426933,1.3003190218554868e-22,1.305176133150365e-22,1.3122016255090304e-22
3.6870935467733865,336.2653993644936,1.2912991676875423e-22,1.2962392202893175e-22,1.3033928415647726e-22
3.689094547273637,336.08300576527216,1.2822992583057876e-22,1.2873208743384056e-22,1.294600577759733e-22
3.6910955477738874,335.900809922884,1.2733197946993347e-22,1.278421598558414e-22,1.2858253397678717e-22
3.693096548274137,335.7188115158821,1.2643612563004706e-22,1.2695418750826428e-22,1.2770676127852863e-22
3.695097548774387,335.5370102235159,1.2554241023859188e-22,1.260682166290947e-22,1.2683278628639008e-22
3.6970985492746373,335.35540572572893,1.2465087740483066e-22,1.2518429167470818e-22,1.259606538798012e-22
3.699099549774887,335.1739977031578,1.237615696636773e-22,1.2430245556000957e-22,1.2509040744671489e-22
3.7011005502751373,334.99278583712913,1.2287452825456367e-22,1.234227499330688e-22,1.2422208915191287e-22
3.7031015507753877,334.81176980965887,1.2198979342162997e-22,1.2254521547097541e-22,1.23355740226361e-22
3.705102551275638,334.6309493034496,1.2110740472105008e-22,1.2166989218292349e-22,1.224914012639268e-22
3.7071035517758877,334.4503240018892,1.2022740132131946e-22,1.2079681970653904e-22,1.2162911251174782e-22
3.7091045522761377,334.2698935890485,1.193498222830103e-22,1.1992603758411188e-22,1.2076891414115264e-22
3.711105552776388,334.0896577496798,1.184747068058255e-22,1.1905758550668966e-22,1.1991084648728321e-22
3.7131065532766376,333.90961616921527,1.1760209443263656e-22,1.1819150351580652e-22,1.1905495024732373e-22
3.715107553776889,333.7297685337642,1.1673202520251042e-22,1.1732783215489637e-22,1.1820126662946048e-22
3.7171085542771385,333.55011453011235,1.1586453974735918e-22,1.1646661256503202e-22,1.1734983744722609e-22
3.719109554777389,333.37065384571923,1.1499967932964168e-22,1.1560788652238654e-22,1.16500705156579e-22
3.7211105552776385,333.1913861687168,1.1413748582142662e-22,1.1475169641766052e-22,1.1565391283587003e-22
3.7231115557778884,333.0123111879073,1.132780016278468e-22,1.1389808518041342e-22,1.1480950411149705e-22
3.725112556278139,332.8334285927617,1.1242126956052147e-22,1.130470961537641e-22,1.1396752303454948e-22
3.7271135567783884,332.65473807341795,1.1156733266867822e-22,1.121987729270686e-22,1.1312801391586705e-22
3.7291145572786397,332.4762393206787,1.1071623403743728e-22,1.1135315913591206e-22,1.1229102112866167e-22
3.7311155577788893,332.2979320260106,1.0986801656393365e-22,1.105102982399672e-22,1.1145658888906838e-22
3.7331165582791397,332.119815881541,1.0902272272257119e-22,1.0967023328990158e-22,1.1062476102563938e-22
3.7351175587793897,331.9418905800576,1.0818039433079527e-22,1.0883300669462462e-22,1.0979558074892227e-22
3.7371185592796397,331.76415581500567,1.0734107232623428e-22,1.079986599996481e-22,1.0896909043177932e-22
3.7391195597798896,331.586611280487,1.065047965650563e-22,1.0716723368635448e-22,1.0814533141015561e-22
3.74112056028014,331.4092566712576,1.0567160564990715e-22,1.0633876700051052e-22,1.073243438125844e-22
3.7431215607803896,331.2320916827264,1.048415367939585e-22,1.0551329781655098e-22,1.065061664249421e-22
3.74512256128064,331.05511601095304,1.0401462572552252e-22,1.0469086254210844e-22,1.0569083659495071e-22
3.7471235617808905,330.8783293526467,1.0319090663548268e-22,1.038714960650789e-22,1.0487839017877133e-22
3.749124562281141,330.70173140516374,1.0237041216756761e-22,1.0305523174330708e-22,1.0406886152985352e-22
3.7511255627813904,330.52532186650666,1.015531734494001e-22,1.0224210143489317e-22,1.0326228352814313e-22
3.7531265632816404,330.3491004353216,1.0073922016036186e-22,1.0143213556523841e-22,1.0245868764587917e-22
3.755127563781891,330.1730668108972,9.992858063073586e-23,1.006253632253695e-22,1.0165810404463705e-22
3.7571285642821404,329.99722069316294,9.912128196537915e-23,9.982181229486761e-23,1.0086056169705575e-22
3.7591295647823917,329.82156178268673,9.831735018438962e-23,9.902150958192932e-23,1.0006608852587417e-22
3.7611305652826412,329.64608978067434,9.751681037288814e-23,9.822448097272744e-23,9.92747115525217e-23
3.7631315657828917,329.47080438896637,9.671968683209171e-23,9.743075158227654e-23,9.848645704751562e-23
3.765132566283141,329.2957053100379,9.592600322436511e-23,9.664034589949612e-23,9.770135067537556e-23
3.767133566783391,329.12079224699556,9.513578270573267e-23,9.58532879199367e-23,9.691941762750269e-23
3.7691345672836416,328.9460649035769,9.434904804047685e-23,9.50696012607571e-23,9.614068273756245e-23
3.771135567783891,328.7715229841481,9.356582169375338e-23,9.428930925382456e-23,9.536517057516369e-23
3.7731365682841425,328.5971661937023,9.278612589961532e-23,9.351243501425789e-23,9.459290551505321e-23
3.775137568784392,328.42299423785863,9.200998270333262e-23,9.2739001483218e-23,9.382391178051375e-23
3.7771385692846424,328.24900682285937,9.12374139783286e-23,9.196903144518293e-23,9.305821346108174e-23
3.7791395697848924,328.0752036555695,9.046844141941676e-23,9.120254752130985e-23,9.22958345060701e-23
3.781140570285142,327.9015844434743,8.9703086515148e-23,9.043957214162386e-23,9.153679869653359e-23
3.7831415707853924,327.7281488946777,8.894137050301371e-23,8.968012749972502e-23,9.078112959928752e-23
3.785142571285643,327.5548967179013,8.818331431189358e-23,8.8924235494369e-23,9.00288505072843e-23
3.7871435717858932,327.381827622482,8.742893849648259e-23,8.817191766264616e-23,8.927998437105511e-23
3.7891445722861428,327.2089413183709,8.667826316849363e-23,8.742319510957129e-23,8.853455372604717e-23
3.791145572786393,327.0362375161311,8.593130792919397e-23,8.667808843868273e-23,8.779258062050944e-23
3.793146573286643,326.863715926937,8.518809180735063e-23,8.593661768778963e-23,8.705408654815248e-23
3.795147573786893,326.6913762625717,8.444863320594199e-23,8.519880227330831e-23,8.631909238913922e-23
3.797148574287143,326.51921823542585,8.371294986013491e-23,8.446466094578577e-23,8.558761836214238e-23
3.7991495747873936,326.34724155849625,8.298105880805619e-23,8.373421175824842e-23,8.485968398926022e-23
3.801150575287643,326.175445945384,8.225297637487606e-23,8.300747204800722e-23,8.413530807458215e-23
3.8031515757878944,326.0038311102926,8.152871816975852e-23,8.228445843158593e-23,8.341450869622961e-23
3.805152576288144,325.8323967680273,8.080829909435671e-23,8.156518681155522e-23,8.269730321080454e-23
3.8071535767883944,325.6611426339925,8.009173336078817e-23,8.084967239329854e-23,8.198370826840232e-23
3.8091545772886444,325.49006842419067,7.937903451650895e-23,8.013792970920096e-23,8.127373983578662e-23
3.811155577788894,325.31917385522087,7.867021547316063e-23,7.942997264738541e-23,8.056741322492382e-23
3.8131565782891443,325.1484586442768,7.796528853639015e-23,7.87258144820186e-23,7.986474312393604e-23
3.815157578789394,324.9779225091458,7.726426543377592e-23,7.802546790231473e-23,7.916574362759584e-23
3.817158579289645,324.8075651682065,7.656715733832999e-23,7.73289450376703e-23,7.847042826474792e-23
3.8191595797898947,324.6373863404283,7.58739748855835e-23,7.663625747687198e-23,7.777881002050855e-23
3.821160580290145,324.4673857453688,7.518472818289118e-23,7.594741627991936e-23,7.709090135165329e-23
3.823161580790395,324.29756310317305,7.449942681035351e-23,7.526243198174374e-23,7.640671419430714e-23
3.8251625812906447,324.1279181345714,7.381807981349236e-23,7.45813145878218e-23,7.57262599637406e-23
3.827163581790895,323.95845056087836,7.314069568856984e-23,7.390407356242452e-23,7.504954954679795e-23
3.8291645822911455,323.7891601039911,7.246728236210043e-23,7.323071781089698e-23,7.437659328813109e-23
3.831165582791396,323.62004648638765,7.179784716664542e-23,7.256125565790692e-23,7.370740097195817e-23
3.8331665832916455,323.4511094311256,7.113239681538059e-23,7.189569482401279e-23,7.304198180149547e-23
3.835167583791896,323.28234866184044,7.047093737813814e-23,7.123404240313214e-23,7.238034437846857e-23
3.837168584292146,323.11376390274427,6.981347426166036e-23,7.057630484355347e-23,7.172249668520837e-23
3.8391695847923955,322.9453548786241,6.916001219663345e-23,6.992248793499799e-23,7.106844607174742e-23
3.841170585292646,322.77712131484014,6.851055523373647e-23,6.927259680393958e-23,7.041819925008514e-23
3.8431715857928963,322.60906293732506,6.786510675044366e-23,6.862663591893244e-23,6.977176229738554e-23
3.8451725862931467,322.4411794725818,6.722366946967988e-23,6.798460910709413e-23,6.912914066932362e-23
3.847173586793397,322.27347064768213,6.658624549071973e-23,6.7346519582218e-23,6.849033922417189e-23
3.8491745872936467,322.10593619026577,6.595283633193839e-23,6.671236998423566e-23,6.785536225751108e-23
3.8511755877938967,321.93857582853803,6.532344298424594e-23,6.608216242900068e-23,6.722421354673315e-23
3.853176588294147,321.77138929126903,6.469806597330305e-23,6.545589856664638e-23,6.659689640381459e-23
3.8551775887943966,321.60437630779217,6.407670542795368e-23,6.483357964612003e-23,6.597341373420062e-23
3.857178589294647,321.43753660800206,6.345936115179442e-23,6.421520658298153e-23,6.535376809913124e-23
3.8591795897948966,321.27086992235405,6.28460326944368e-23,6.360078002718549e-23,6.473796177836294e-23
3.861180590295148,321.1043759818617,6.223671941883785e-23,6.299030042737143e-23,6.412599683002714e-23
3.8631815907953975,320.93805451809646,6.163142056112201e-23,6.238376808821548e-23,6.351787514436755e-23
3.8651825912956475,320.77190526318515,6.103013527954097e-23,6.17811832175938e-23,6.291359848825893e-23
3.867183591795898,320.6059279498092,6.043286268968464e-23,6.118254596074512e-23,6.231316853780343e-23
3.8691845922961474,320.4401223112031,5.983960188366168e-23,6.05878564191913e-23,6.171658689682471e-23
3.871185592796398,320.2744880811527,5.925035193175425e-23,5.999711465292524e-23,6.112385509977861e-23
3.8731865932966483,320.1090249939942,5.866511186593241e-23,5.941032066522021e-23,6.053497459839294e-23
3.8751875937968987,319.94373278461234,5.808388064554479e-23,5.88274743703123e-23,5.994994673219442e-23
3.8771885942971482,319.77861118843947,5.750665710645704e-23,5.824857554512831e-23,5.936877268395616e-23
3.8791895947973987,319.6136599414533,5.693343989579657e-23,5.767362376709276e-23,5.879145342191866e-23
3.8811905952976486,319.4488787801766,5.636422739526713e-23,5.710261834082954e-23,5.821798963138629e-23
3.883191595797898,319.2842674416748,5.579901763664043e-23,5.653555821720197e-23,5.764838163890732e-23
3.8851925962981486,319.11982566355505,5.523780821351048e-23,5.597244190860726e-23,5.708262933270573e-23
3.887193596798399,318.955553183965,5.468059619366224e-23,5.54132674047068e-23,5.652073208329963e-23
3.8891945972986495,318.79144974159107,5.412737803644507e-23,5.485803209282322e-23,5.59626886683031e-23
3.8911955977989,318.6275150756572,5.357814951937056e-23,5.430673268708079e-23,5.540849720527969e-23
3.8931965982991494,318.46374892592354,5.303290567776169e-23,5.375936516999803e-23,5.485815509618227e-23
3.8951975987993994,318.30015103268477,5.249164076069548e-23,5.321592474968632e-23,5.431165898640325e-23
3.89719859929965,318.1367211367691,5.1954348205740877e-23,5.267640583510307e-23,5.376900474080338e-23
3.8991995997998994,317.9734589795369,5.142102063411678e-23,5.214080203096626e-23,5.32301874382988e-23
3.90120060030015,317.8103643028788,5.0891649866945436e-23,5.160910615302545e-23,5.269520138572696e-23
3.9032016008004002,317.64743684921496,5.0366226962287997e-23,5.1081310263429856e-23,5.2164040150809046e-23
3.9052026013006507,317.4846763614936,4.984474227166326e-23,5.055740572497963e-23,5.1636696613116426e-23
3.9072036018009,317.3220825831893,4.932718551383549e-23,5.003738327215802e-23,5.1113163031099355e-23
3.90920460230115,317.1596552583019,4.8813545862831805e-23,4.9521233096036066e-23,5.059343112245883e-23
3.9112056028014006,316.9973941313551,4.830381204647485e-23,4.900894493948008e-23,5.007749215450085e-23
3.91320660330165,316.83529894739536,4.779797245120335e-23,4.8500508198585285e-23,4.9565337040614237e-23
3.9152076038019006,316.67336945199,4.729601522865358e-23,4.7995912025957615e-23,4.9056956438711073e-23
3.917208604302151,316.5116053912266,4.679792839938066e-23,4.7495145431364303e-23,4.855234084735618e-23
3.9192096048024014,316.350006511711,4.630369994922532e-23,4.6998197375386053e-23,4.805148069540505e-23
3.921210605302651,316.18857256056646,4.5813317914181475e-23,4.650505685203438e-23,4.755436642127283e-23
3.923211605802901,316.02730328543197,4.5326770450160875e-23,4.6015712956815047e-23,4.706098853844108e-23
3.9252126063031514,315.86619843446124,4.484404588477386e-23,4.55301549374145e-23,4.657133768446673e-23
3.927213606803401,315.7052577563213,4.4365132749094706e-23,4.5048372225007e-23,4.6085404651537054e-23
3.9292146073036522,315.5444810001909,4.389001978833488e-23,4.4570354445105734e-23,4.5603180397497345e-23
3.931215607803902,315.38386791576,4.341869595134558e-23,4.409609140784965e-23,4.512465603720441e-23
3.933216608304152,315.2234182532273,4.295115035985268e-23,4.3625573078573034e-23,4.464982281497362e-23
3.935217608804402,315.0631317633,4.2487372259280355e-23,4.315878953043269e-23,4.417867205977969e-23
3.937218609304652,314.90300819719204,4.2027350953841193e-23,4.269573088166957e-23,4.371119512564253e-23
3.939219609804902,314.74304730662266,4.1571075729275085e-23,4.223638722077041e-23,4.3247383320295467e-23
3.9412206103051526,314.5832488438154,4.111853576714049e-23,4.1780748523307163e-23,4.2787227825730647e-23
3.943221610805402,314.423612561497,4.066972005488352e-23,4.132880456455065e-23,4.233071961453012e-23
3.9452226113056525,314.26413821289543,4.0224617296034667e-23,4.088054483208295e-23,4.1877849366023145e-23
3.947223611805903,314.1048255517394,3.9783215824795007e-23,4.043595844255493e-23,4.142860738624635e-23
3.9492246123061534,313.9456743322566,3.934550352898429e-23,3.9995034066461236e-23,4.098298353543141e-23
3.951225612806403,313.78668430917264,3.8911467784863935e-23,3.955775986436684e-23,4.054096716633589e-23
3.953226613306653,313.6278552377096,3.84810954067286e-23,3.91241234374233e-23,4.010254707617237e-23
3.9552276138069034,313.469186873585,3.805437261342951e-23,3.86941117943089e-23,3.966771147422434e-23
3.957228614307153,313.31067897301057,3.7631285013170404e-23,3.826771133593161e-23,3.923644796648144e-23
3.9592296148074033,313.15233129269063,3.721181760706275e-23,3.784490785840482e-23,3.8808743557835387e-23
3.9612306153076537,312.9941435898213,3.6795954811065937e-23,3.742568657396904e-23,3.838458467157511e-23
3.963231615807904,312.8361156220889,3.638368049510695e-23,3.701003214872123e-23,3.796395718513773e-23
3.9652326163081537,312.6782471476692,3.5974978037428096e-23,3.659792875528309e-23,3.7546846480364695e-23
3.9672336168084037,312.5205379252254,3.5569830391558877e-23,3.618936013789792e-23,3.713323750588614e-23
3.969234617308654,312.3629877139076,3.516822016279591e-23,3.578430968693913e-23,3.672311484875893e-23
3.9712356178089037,312.20559627335143,3.477012969070845e-23,3.5382760519446843e-23,3.6316462812118376e-23
3.973236618309155,312.04836336367634,3.4375541133996435e-23,3.498469556211487e-23,3.591326549540341e-23
3.9752376188094045,311.89128874548544,3.398443655400956e-23,3.459009763312247e-23,3.5513506873675856e-23
3.977238619309655,311.7343721798629,3.3596797993380534e-23,3.419894951933797e-23,3.511717087266966e-23
3.979239619809905,311.57761342837387,3.321260754655574e-23,3.381123404573615e-23,3.4724241436500064e-23
3.9812406203101545,311.42101225306277,3.283184741945372e-23,3.342693413430117e-23,3.433470258536756e-23
3.983241620810405,311.2645684164521,3.245449997607311e-23,3.3046032850259315e-23,3.394853846113798e-23
3.9852426213106553,311.1082816815414,3.20805477705409e-23,3.266851343413585e-23,3.35657333593026e-23
3.9872436218109057,310.952151811806,3.170997356381387e-23,3.229435931883376e-23,3.318627174649786e-23
3.9892446223111553,310.7961785711957,3.134276032499292e-23,3.192355413166046e-23,3.281013826346715e-23
3.9912456228114057,310.6403617241336,3.097889121792744e-23,3.155608168193071e-23,3.2437317714025335e-23
3.9932466233116557,310.4847010355152,3.06183495744543e-23,3.119192593542773e-23,3.2067795041220473e-23
3.9952476238119057,310.3291962707068,3.026111885618817e-23,3.0831070977566533e-23,3.170155529243368e-23
3.9972486243121557,310.17384719554474,2.990718260724535e-23,3.0473500967562506e-23,3.1338583575607427e-23
3.999249624812406,310.0186535763337,2.955652440061261e-23,3.01192000862361e-23,3.0978865009116216e-23
4.001250625312656,309.86361517984625,2.920912778105581e-23,2.97681524802695e-23,3.0622384667981185e-23
4.003251625812906,309.70873177332084,2.8864976207506736e-23,2.942034220578172e-23,3.026912752918986e-23
4.0052526263131565,309.55400312446136,2.8524052997765686e-23,2.907575317399844e-23,2.991907841880673e-23
4.007253626813407,309.3994290014356,2.8186341278123516e-23,2.873436910157264e-23,2.957222196335968e-23
4.0092546273136564,309.2450091728742,2.7851823940168995e-23,2.839617346779097e-23,2.922854254768976e-23
4.011255627813907,309.0907434078693,2.7520483606610323e-23,2.8061149480481466e-23,2.888802428105788e-23
4.013256628314156,308.93663147597385,2.71923026074437e-23,2.772928005196038e-23,2.855065097285008e-23
4.015257628814407,308.7826731471999,2.6867262967257246e-23,2.740054778582871e-23,2.8216406118721075e-23
4.017258629314657,308.62886819201793,2.654534640391082e-23,2.707493497489655e-23,2.7885272897505466e-23
4.019259629814908,308.4752163813554,2.6226534338284414e-23,2.6752423609978426e-23,2.755723417870925e-23
4.021260630315157,308.3217174865958,2.5910807914283062e-23,2.643299539880729e-23,2.7232272539912905e-23
4.023261630815408,308.16837127957723,2.559814802783732e-23,2.6116631793871682e-23,2.691037029298204e-23
4.025262631315657,308.01517753259185,2.5288535363262706e-23,2.580331402760673e-23,2.65915095176113e-23
4.027263631815908,307.862136018384,2.4981950435054666e-23,2.5493023153081072e-23,2.627567210043594e-23
4.029264632316158,307.70924651014957,2.4678373633018425e-23,2.5185740088139408e-23,2.5962839777756712e-23
4.0312656328164085,307.556508781535,2.4377785268550786e-23,2.48814456608702e-23,2.5652994179822468e-23
4.033266633316658,307.40392260663566,2.408016561992831e-23,2.4580120654295076e-23,2.5346116874628205e-23
4.0352676338169085,307.25148775999503,2.3785494974590434e-23,2.4281745848298925e-23,2.504218940929215e-23
4.037268634317158,307.0992040166037,2.3493753666641734e-23,2.3986302057042282e-23,2.4741193347280515e-23
4.039269634817408,306.94707115189794,2.320492210810649e-23,2.3693770160393136e-23,2.4443110300025322e-23
4.041270635317659,306.795088941759,2.2918980812851927e-23,2.3404131128285444e-23,2.4147921951832244e-23
4.043271635817909,306.64325716251153,2.263591041250935e-23,2.3117366037311368e-23,2.3855610077357183e-23
4.045272636318159,306.49157559092316,2.2355691664164286e-23,2.2833456079284826e-23,2.3566156551344203e-23
4.047273636818409,306.3400440042024,2.207830545001295e-23,2.2552382561929722e-23,2.3279543350718392e-23
4.049274637318659,306.1886621799988,2.1803732769591416e-23,2.227412690224751e-23,2.299575254951674e-23
4.051275637818909,306.03742989640057,2.1531954725528162e-23,2.1998670613456832e-23,2.2714766307469306e-23
4.05327663831916,305.88634693193455,2.1262952504064834e-23,2.1725995286689576e-23,2.243656685332994e-23
4.05527763881941,305.7354130655646,2.0996707351790273e-23,2.1456082568827943e-23,2.2161136464255277e-23
4.05727863931966,305.5846280766907,2.073320055015886e-23,2.1188914137995978e-23,2.188845744266422e-23
4.059279639819909,305.43399174514764,2.047241338939277e-23,2.0924471678254556e-23,2.1618512092053626e-23
4.06128064032016,305.28350385120405,2.0214327143318654e-23,2.0662736855008372e-23,2.135128269321887e-23
4.06328164082041,305.1331641755617,1.9958923046557852e-23,2.0403691292514176e-23,2.1086751482224714e-23
4.06528264132066,304.98297249935393,1.9706182275293756e-23,2.014731655469716e-23,2.082490063130874e-23
4.067283641820911,304.83292860414485,1.94560859325937e-23,1.9893594130250875e-23,2.0565712233688638e-23
4.06928464232116,304.6830322719282,1.92086150389769e-23,1.9642505422724527e-23,2.0309168292993777e-23
4.07128564282141,304.5332832851263,1.896375052861393e-23,1.9394031746009443e-23,2.005525071776916e-23
4.07328664332166,304.3836814265889,1.8721473251234565e-23,1.9148154325339962e-23,1.9803941321220462e-23
4.075287643821911,304.23422647959245,1.848176397951639e-23,1.8904854303629373e-23,1.9555221826088535e-23
4.077288644322161,304.0849182278387,1.824460342145006e-23,1.8664112752692268e-23,1.9309073874281987e-23
4.079289644822412,303.935756455454,1.800997223693256e-23,1.8425910688663635e-23,1.9065479040661314e-23
4.081290645322661,303.7867409469878,1.7777851057643032e-23,1.819022909072936e-23,1.8824418850173037e-23
4.083291645822911,303.637871487412,1.754822050910754e-23,1.7957048922131962e-23,1.8585874797378066e-23
4.085292646323161,303.48914786211964,1.7321061233775806e-23,1.7726351152326837e-23,1.8349828367323067e-23
4.087293646823412,303.3405698569243,1.7096353913906083e-23,1.749811677913028e-23,1.8116261056658638e-23
4.089294647323662,303.19213725805855,1.6874079293093252e-23,1.7272326849729844e-23,1.7885154393925072e-23
4.091295647823912,303.0438498521733,1.6654218195375296e-23,1.7048962479517316e-23,1.7656489958001266e-23
4.093296648324162,302.8957074263367,1.643675154100533e-23,1.6828004867845306e-23,1.7430249393837355e-23
4.0952976488244115,302.7477097680328,1.6221660358177952e-23,1.6609435309998403e-23,1.7206414424765887e-23
4.097298649324662,302.59985666516087,1.600892579023525e-23,1.6393235204895e-23,1.6984966860895218e-23
4.099299649824912,302.4521479060345,1.579852909813642e-23,1.6179386058283573e-23,1.6765888603321582e-23
4.101300650325163,302.3045832793803,1.5590451658240628e-23,1.5967869481452923e-23,1.6549161644137606e-23
4.103301650825412,302.1571625743371,1.538467495571498e-23,1.5758667185729217e-23,1.6334768062456254e-23
4.105302651325663,302.0098855804545,1.5181180574111833e-23,1.555176097325785e-23,1.6122690016883466e-23
4.107303651825912,301.8627520876926,1.4979950181867178e-23,1.534713272477025e-23,1.5912909735067474e-23
4.109304652326163,301.71576188642035,1.478096551661942e-23,1.514476438518006e-23,1.5705409501091903e-23
4.111305652826413,301.568914767415,1.4584208368355325e-23,1.4944637947959878e-23,1.5500171641585226e-23
4.113306653326664,301.42221052186073,1.438966056242648e-23,1.4746735439287968e-23,1.5297178511459738e-23
4.115307653826913,301.2756489413481,1.4197303943467378e-23,1.4551038902946692e-23,1.5096412480191307e-23
4.1173086543271635,301.12922981787256,1.400712036117179e-23,1.4357530386886598e-23,1.4897855919493455e-23
4.119309654827413,300.9829529438339,1.381909165876594e-23,1.416619193226145e-23,1.470149119314333e-23
4.1213106553276635,300.83681811203496,1.3633199664852965e-23,1.3977005565586064e-23,1.4507300649579373e-23
4.123311655827914,300.6908251156809,1.3449426189117114e-23,1.3789953294495112e-23,1.4315266617734262e-23
4.125312656328164,300.5449737483781,1.326775302216247e-23,1.3605017107380023e-23,1.4125371406383436e-23
4.127313656828414,300.39926380413306,1.3088161939547836e-23,1.3422178976980253e-23,1.3937597307106738e-23
4.129314657328664,300.2536950773517,1.2910634709864173e-23,1.3241420867801572e-23,1.3751926600772906e-23
4.131315657828914,300.1082673628383,1.2735153106502218e-23,1.3062724747044999e-23,1.356834156728202e-23
4.133316658329164,299.96298045579425,1.2561698922575138e-23,1.2886072598554893e-23,1.3386824498136284e-23
4.135317658829415,299.8178341518176,1.2390253988316068e-23,1.2711446439155197e-23,1.3207357711277683e-23
4.137318659329665,299.6728282469016,1.2220800190145416e-23,1.2538828336620252e-23,1.3029923567511753e-23
4.139319659829915,299.5279625374343,1.2053319490531577e-23,1.2368200428455555e-23,1.2854504487765778e-23
4.141320660330165,299.3832368201969,1.1887793947725887e-23,1.2199544940618715e-23,1.2681082970381024e-23
4.143321660830415,299.2386508923634,1.1724205734461781e-23,1.2032844205315442e-23,1.2509641607636997e-23
4.145322661330665,299.09420455149944,1.1562537154753747e-23,1.1868080677045013e-23,1.2340163100736525e-23
4.1473236618309155,298.94989759556114,1.1402770658024436e-23,1.1705236946154877e-23,1.2172630272555392e-23
4.149324662331166,298.80572982289465,1.1244888849913805e-23,1.1544295749281243e-23,1.2007026077565619e-23
4.1513256628314155,298.66170103223476,1.1088874499285537e-23,1.1385239976204943e-23,1.1843333608481628e-23
4.153326663331665,298.51781102270405,1.0934710541130566e-23,1.1228052672827248e-23,1.1681536099341043e-23
4.155327663831915,298.3740595938121,1.0782380075269351e-23,1.107271704016297e-23,1.1521616924911943e-23
4.157328664332166,298.2304465454545,1.0631866360959805e-23,1.0919216429444738e-23,1.1363559596502345e-23
4.159329664832416,298.08697167791206,1.0483152807720153e-23,1.0767534333626263e-23,1.120734775443006e-23
4.161330665332667,297.94363479184943,1.0336222962859939e-23,1.0617654375749012e-23,1.105296515757699e-23
4.163331665832916,297.8004356883148,1.0191060496370867e-23,1.0469560294788761e-23,1.0900395670594727e-23
4.165332666333166,297.6573741687384,1.0047649183951739e-23,1.0323235929716121e-23,1.0749623249438815e-23
4.167333666833416,297.5144500349319,9.905972889023773e-24,1.0178665202583734e-23,1.0600631925982486e-23
4.169334667333667,297.3716630890875,9.766015544628322e-24,1.0035832101487295e-23,1.0453405792493188e-23
4.171335667833917,297.229013133777,9.627761136090108e-24,9.894720664239175e-24,1.0307928986747377e-23
4.1733366683341675,297.0864999719508,9.4911936852757e-24,9.755314963542888e-24,1.0164185678512605e-23
4.175337668834417,296.944123406937,9.356297237186046e-24,9.617599094370588e-24,1.0022160058046651e-23
4.177338669334667,296.8018832424406,9.223055849494596e-24,9.48155716412515e-24,9.881836327152486e-24
4.179339669834917,296.65977928254233,9.091453585496357e-24,9.347173286030448e-24,9.743198693201641e-24
4.181340670335167,296.5178113316983,8.961474510764976e-24,9.214431576034337e-24,9.606231366392627e-24
4.183341670835418,296.37597919473836,8.83310269364189e-24,9.083316153345392e-24,9.470918560361385e-24
4.185342671335668,296.23428267686603,8.706322209509806e-24,8.953811144562278e-24,9.337244496112164e-24
4.187343671835918,296.0927215836569,8.581117148635788e-24,8.825900691196282e-24,9.20519340909132e-24
4.189344672336167,295.951295721058,8.457471627216851e-24,8.699568960242836e-24,9.074749559092519e-24
4.191345672836418,295.810004895387,8.335369801130714e-24,8.574800157333718e-24,8.94589724256623e-24
4.193346673336668,295.6688489133313,8.214795881782774e-24,8.451578541894186e-24,8.818620806804886e-24
4.195347673836919,295.5278275819471,8.095734153357297e-24,8.329888443648774e-24,8.692904665397697e-24
4.197348674337168,295.3869407086586,7.978168990731119e-24,8.20971427977044e-24,8.56873331430118e-24
4.199349674837419,295.24618810125673,7.86208487728267e-24,8.091040571941252e-24,8.446091347843175e-24
4.201350675337668,295.10556956789907,7.747466421843231e-24,7.973851962604645e-24,8.324963473986958e-24
4.203351675837919,294.965084917108,7.634298374077683e-24,7.858133229726003e-24,8.20533452821367e-24
4.205352676338169,294.8247339577708,7.522565637659769e-24,7.743869299451854e-24,8.087189485448935e-24
4.207353676838419,294.68451649913794,7.412253280706523e-24,7.631045256152464e-24,7.970513469547006e-24
4.209354677338669,294.544432350823,7.303346543066698e-24,7.519646349457216e-24,7.855291759962894e-24
4.211355677838919,294.40448132280096,7.195830840202435e-24,7.40965799803092e-24,7.741509795373413e-24
4.213356678339169,294.2646632254082,7.089691763562549e-24,7.301065789991967e-24,7.629153174152644e-24
4.215357678839419,294.1249778693408,6.984915077505621e-24,7.193855480027284e-24,7.518207651752603e-24
4.21735867933967,293.98542506565445,6.881486712990203e-24,7.088012983411849e-24,7.408659135184248e-24
4.21935967983992,293.8460046257632,6.77939275839062e-24,6.983524367276247e-24,7.300493674921474e-24
4.22136068034017,293.7067163614386,6.678619447921555e-24,6.88037583958502e-24,7.193697454662491e-24
4.22336168084042,293.567560084809,6.5791531482505005e-24,6.77855373638039e-24,7.088256779468439e-24
4.22536268134067,293.4285356083585,6.480980343942301e-24,6.678044507907437e-24,6.984158062855669e-24
4.22736368184092,293.2896427449263,6.384087622410836e-24,6.578834704265957e-24,6.881387813444302e-24
4.229364682341171,293.15088130770596,6.288461659053435e-24,6.480910961234075e-24,6.779932621764778e-24
4.231365682841421,293.0122511102441,6.194089203208146e-24,6.384259986874432e-24,6.679779147791235e-24
4.2333666833416705,292.8737519664402,6.100957065515293e-24,6.288868549477718e-24,6.580914109718559e-24
4.235367683841921,292.73538369054506,6.009052107179953e-24,6.19472346731761e-24,6.48332427442489e-24
4.2373686843421705,292.59714609716076,5.918361231531919e-24,6.101811600596349e-24,6.3869964499742166e-24
4.239369684842421,292.45903900123903,5.828871378166149e-24,6.010119845852596e-24,6.2919174804146365e-24
4.241370685342671,292.321062218081,5.740569519829617e-24,5.9196351329925294e-24,6.198074243026298e-24
4.243371685842922,292.18321556333626,5.653442662099383e-24,5.830344424990282e-24,6.1054536480670854e-24
4.245372686343171,292.04549885300185,5.5674778457813694e-24,5.742234720194347e-24,6.014042640962851e-24
4.247373686843421,291.9079119034215,5.48266215184954e-24,5.655293057071767e-24,5.9238282067910904e-24
4.249374687343671,291.77045453128494,5.3989827086469055e-24,5.569506521127666e-24,5.834797376818321e-24
4.251375687843922,291.6331265536271,5.316426700983904e-24,5.484862253654686e-24,5.746937236772213e-24
4.253376688344172,291.4959277878271,5.234981380698734e-24,5.4013474618975976e-24,5.660234936462514e-24
4.255377688844423,291.35885805160757,5.1546340781941084e-24,5.3189494301689825e-24,5.574677700316325e-24
4.257378689344672,291.2219171630339,5.075372214432043e-24,5.237655531418734e-24,5.490252838359694e-24
4.259379689844922,291.0851049405133,4.997183312858099e-24,5.1574532387489275e-24,5.406947757164937e-24
4.261380690345172,290.94842120279395,4.9200550107402e-24,5.0783301363777375e-24,5.3247499702930424e-24
4.2633816908454225,290.8118657689645,4.8439750694416164e-24,5.0002739295883765e-24,5.243647107790117e-24
4.265382691345673,290.675438458453,4.768931383205224e-24,4.9232724532541374e-24,5.163626924348506e-24
4.267383691845923,290.53913909102624,4.6949119861027524e-24,4.8473136786043025e-24,5.084677305813291e-24
4.269384692346173,290.4029674867889,4.621905056894806e-24,4.7723857179846316e-24,5.0067862737993935e-24
4.271385692846422,290.2669234661826,4.549898921649481e-24,4.6984768274646444e-24,4.929941988278336e-24
4.273386693346673,290.1310068499854,4.478882054077e-24,4.625575407249853e-24,4.854132748094413e-24
4.275387693846923,289.9952174593108,4.408843073643088e-24,4.5536699999584364e-24,4.7793469894658625e-24
4.277388694347174,289.85955511560724,4.3397707416245504e-24,4.4827492869187064e-24,4.7055732826178695e-24
4.279389694847424,289.72401964065693,4.2716539553583026e-24,4.41280208272778e-24,4.63280032677287e-24
4.281390695347674,289.5886108565753,4.204481741005645e-24,4.343817328379067e-24,4.5610169437860316e-24
4.283391695847923,289.45332858581025,4.138243245204727e-24,4.275784083314702e-24,4.4902120707583544e-24
4.285392696348174,289.3181726511411,4.0729277260143865e-24,4.208691516787518e-24,4.420374751985729e-24
4.287393696848424,289.1831428756782,4.008524543562181e-24,4.142528898926043e-24,4.3514941306101605e-24
4.2893946973486745,289.0482390828619,3.945023150798141e-24,4.077285591885216e-24,4.2835594403291254e-24
4.291395697848924,288.9134610964621,3.882413084729861e-24,4.01295104144107e-24,4.216559997496981e-24
4.2933966983491745,288.7788087405767,3.820683958472077e-24,3.949514769347833e-24,4.1504851939161786e-24
4.295397698849424,288.644281839632,3.7598254543933644e-24,3.8869663667286925e-24,4.0853244905738064e-24
4.2973986993496744,288.5098802183808,3.6998273185815636e-24,3.825295488714341e-24,4.0210674125273005e-24
4.299399699849925,288.3756037019024,3.640679356787683e-24,3.764491850485658e-24,3.957703545091344e-24
4.301400700350175,288.24145211560153,3.582371431939605e-24,3.704545224812443e-24,3.8952225314189584e-24
4.303401700850425,288.1074252852078,3.52489346325212e-24,3.645445441118874e-24,3.833614071513624e-24
4.305402701350675,287.9735230367745,3.4682354268936246e-24,3.587182386043211e-24,3.772867922650107e-24
4.307403701850925,287.8397451966785,3.412387358108724e-24,3.529746005400535e-24,3.71297390112606e-24
4.309404702351175,287.70609159161876,3.357339354637693e-24,3.473126307400547e-24,3.653921885211711e-24
4.311405702851426,287.5725620486163,3.3030815812238376e-24,3.417313366923572e-24,3.5957018191172405e-24
4.313406703351676,287.439156395013,3.249604274956918e-24,3.362297330615349e-24,3.538303717755213e-24
4.315407703851926,287.305874458471,3.196897751169773e-24,3.3080684225300994e-24,3.4817176720442466e-24
4.317408704352176,287.17271606697176,3.1449524095856035e-24,3.254616950031261e-24,3.425933854479361e-24
4.319409704852426,287.0396810488158,3.093758740409457e-24,3.201933309654708e-24,3.370942524689079e-24
4.321410705352676,286.9067692326214,3.043307330066169e-24,3.1500079926470308e-24,3.31673403470598e-24
4.3234117058529264,286.7739804473243,2.9935888663136683e-24,3.0988315899170424e-24,3.2632988337016517e-24
4.325412706353177,286.6413145221766,2.9445941424980824e-24,3.048394796174783e-24,3.2106274719712802e-24
4.327413706853426,286.5087712867464,2.896314060768288e-24,2.998688413081808e-24,3.1587106040004918e-24
4.329414707353677,286.3763505709168,2.848739634126189e-24,2.9497033512931713e-24,3.1075389905008428e-24
4.331415707853926,286.2440522048854,2.8018619872525385e-24,2.901430631332663e-24,3.057103499358291e-24
4.333416708354177,286.11187601916305,2.7556723561109616e-24,2.8538613833030442e-24,3.007395105495315e-24
4.335417708854427,285.9798218445739,2.7101620863947428e-24,2.8069868454921518e-24,2.9584048897025945e-24
4.337418709354678,285.84788951225414,2.6653226309309446e-24,2.760798361982946e-24,2.910124036539187e-24
4.339419709854927,285.7160788536515,2.6211455462015875e-24,2.7152873794181886e-24,2.8625438314392187e-24
4.341420710355177,285.5843897005243,2.5776224881710537e-24,2.6704454430977925e-24,2.8156556571873476e-24
4.343421710855427,285.452821884941,2.5347452076285515e-24,2.6262641926050883e-24,2.7694509899414695e-24
4.345422711355678,285.32137523927935,2.492505545261302e-24,2.5827353571644524e-24,2.723921394986453e-24
4.347423711855928,285.1900495962257,2.4508954266709107e-24,2.5398507509297356e-24,2.6790585224001105e-24
4.3494247123561784,285.0588447887745,2.4099068575334968e-24,2.4976022683921237e-24,2.6348541028034403e-24
4.351425712856428,284.92776065022707,2.369531919085589e-24,2.4559818800792665e-24,2.5912999433530464e-24
4.3534267133566775,284.7967970141914,2.3297627640934852e-24,2.4149816286955512e-24,2.5483879241151488e-24
4.355427713856928,284.66595371458106,2.2905916134373995e-24,2.3745936258296856e-24,2.5061099949407055e-24
4.357428714357178,284.53523058561507,2.2520107534111114e-24,2.3348100493278885e-24,2.4644581729371922e-24
4.359429714857429,284.40462746181646,2.2140125338068167e-24,2.2956231414025513e-24,2.4234245406077427e-24
4.361430715357679,284.27414417801225,2.1765893668216406e-24,2.2570252075152935e-24,2.3830012447005056e-24
4.363431715857929,284.1437805693322,2.1397337267884605e-24,2.2190086160413404e-24,2.3431804957814375e-24
4.365432716358178,284.0135364712084,2.103438150699097e-24,2.18156579868896e-24,2.3039545685123234e-24
4.367433716858429,283.88341171937464,2.0676952394539108e-24,2.1446892516145982e-24,2.265315802583772e-24
4.369434717358679,283.75340614986544,2.032497659739951e-24,2.108371537143047e-24,2.2272566042222718e-24
4.37143571785893,283.6235195990158,1.9978381464100644e-24,2.072605285972537e-24,2.189769448161239e-24
4.37343671835918,283.49375190346007,1.9637095052125424e-24,2.0373831997219974e-24,2.1528468799435015e-24
4.37543771885943,283.36410290013146,1.9301046157038976e-24,2.0026980536607467e-24,2.116481518405758e-24
4.377438719359679,283.23457242626137,1.8970164341698773e-24,1.9685426994533907e-24,2.0806660581880927e-24
4.3794397198599295,283.1051603193786,1.864437996381957e-24,1.9349100677547096e-24,2.0453932721136034e-24
4.38144072036018,282.9758664173089,1.8323624200288496e-24,1.9017931705013004e-24,2.0106560132948887e-24
4.38344172086043,282.84669055817403,1.800782906684132e-24,1.8691851027677906e-24,1.976447216844562e-24
4.38544272136068,282.7176325803913,1.769692743201209e-24,1.837079044084677e-24,1.9427599010950954e-24
4.38744372186093,282.58869232267256,1.7390853024614504e-24,1.805468259148221e-24,1.909587168264888e-24
4.38944472236118,282.4598696240242,1.7089540434405103e-24,1.7743460978903306e-24,1.876922204542679e-24
4.39144572286143,282.3311643237455,1.6792925105942037e-24,1.7437059949107577e-24,1.844758279593891e-24
4.393446723361681,282.202576261429,1.6500943326028112e-24,1.713541468309248e-24,1.813088745524642e-24
4.395447723861931,282.07410527695896,1.6213532205401198e-24,1.6838461179803506e-24,1.7819070353608862e-24
4.397448724362181,281.94575121051133,1.5930629655588555e-24,1.654613623456938e-24,1.7512066611204614e-24
4.399449724862431,281.8175139025527,1.5652174361993754e-24,1.6258377414017811e-24,1.7209812115665375e-24
4.401450725362681,281.68939319383986,1.5378105754375881e-24,1.597512302854428e-24,1.691224349737097e-24
4.403451725862931,281.5613889254189,1.5108363975901387e-24,1.5696312103419728e-24,1.661929810345594e-24
4.4054527263631815,281.4335009386249,1.4842889851932962e-24,1.5421884349607635e-24,1.6330913971465765e-24
4.407453726863432,281.3057290750808,1.4581624859639928e-24,1.515178013528717e-24,1.6047029803537613e-24
4.4094547273636815,281.17807317669747,1.4324511099436177e-24,1.4885940459012788e-24,1.5767584941932837e-24
4.411455727863932,281.05053308567216,1.407149126913442e-24,1.4624306925338625e-24,1.5492519346669862e-24
4.4134567283641815,280.92310864448854,1.382250864158582e-24,1.4366821723634211e-24,1.5221773575929927e-24
4.415457728864432,280.7957996959157,1.3577507046442348e-24,1.4113427610703255e-24,1.4955288769818076e-24
4.417458729364682,280.6686060830077,1.3336430856523451e-24,1.3864067897678212e-24,1.4693006637945322e-24
4.419459729864933,280.54152764910293,1.309922497910595e-24,1.3618686441513495e-24,1.4434869451165252e-24
4.421460730365182,280.4145642378232,1.2865834852266787e-24,1.3377227641222034e-24,1.418082003763407e-24
4.423461730865433,280.2877156930732,1.2636206446194817e-24,1.3139636438793772e-24,1.3930801783165283e-24
4.425462731365682,280.1609818590403,1.2410286269169222e-24,1.2905858324522233e-24,1.3684758635644871e-24
4.427463731865933,280.0343625801932,1.2188021377677748e-24,1.2675839346244578e-24,1.3442635113055608e-24
4.429464732366183,279.90785770128184,1.1969359389927673e-24,1.2449526121785271e-24,1.320437631445014e-24
4.4314657328664335,279.7814670673364,1.1754248501824573e-24,1.2226865853718922e-24,1.2969927933042356e-24
4.433466733366683,279.65519052366716,1.1542637504350196e-24,1.2007806345430035e-24,1.2739236270457113e-24
4.435467733866933,279.52902791586314,1.1334475801201866e-24,1.1792296017382832e-24,1.2512248251121454e-24
4.437468734367183,279.40297908979204,1.1129713425545715e-24,1.1580283922509815e-24,1.2288911435783994e-24
4.4394697348674335,279.27704389159953,1.0928301054814185e-24,1.13717197597089e-24,1.2069174033236328e-24
4.441470735367684,279.1512221677085,1.0730190022611083e-24,1.1166553884572876e-24,1.1852984909446082e-24
4.443471735867934,279.0255137648184,1.0535332326986283e-24,1.0964737316671265e-24,1.1640293593504309e-24
4.445472736368184,278.8999185299049,1.0343680634582936e-24,1.0766221742938522e-24,1.1431050280013988e-24
4.447473736868433,278.7744363102188,1.015518828039224e-24,1.0570959516943918e-24,1.1225205827751285e-24
4.449474737368684,278.64906695328574,9.969809263120359e-25,1.0378903654073123e-24,1.1022711754664583e-24
4.451475737868934,278.52381030690566,9.78749823636944e-25,1.0190007822831754e-24,1.0823520229430458e-24
4.453476738369185,278.3986662191519,9.608210496024196e-25,1.0004226332652285e-24,1.0627584059930457e-24
4.455477738869435,278.2736345383708,9.431901964377143e-25,9.821514118710086e-25,1.0434856679111603e-24
4.457478739369685,278.1487151131811,9.258529171600046e-25,9.641826724313697e-25,1.0245292128731765e-24
4.459479739869934,278.023907792473,9.08804923522932e-25,9.46512028148393e-25,1.005884504152577e-24
4.461480740370185,277.8992124254079,8.920419838337157e-25,9.291351490333935e-25,9.875470622317848e-25
4.463481740870435,277.77462886141774,8.755599207059835e-25,9.120477597861393e-25,9.695124628605786e-25
4.4654827413706855,277.6501569502044,8.59354608813345e-25,8.952456376745504e-25,9.517763351129026e-25
4.467483741870936,277.52579654173894,8.434219727058699e-25,8.7872461047206e-25,9.34334359492519e-25
4.469484742371185,277.4015474862611,8.277579847499608e-25,8.624805545089735e-25,9.171822661383594e-25
4.471485742871435,277.2774096342787,8.123586632477373e-25,8.465093928908422e-25,9.00315833178715e-25
4.473486743371685,277.15338283656695,7.9722007078868435e-25,8.308070939343544e-25,8.837308852820733e-25
4.475487743871936,277.0294669441681,7.823383128799694e-25,8.153696698657077e-25,8.674232924479668e-25
4.477488744372186,276.90566180839056,7.677095368935039e-25,8.001931758186267e-25,8.51388969074027e-25
4.479489744872436,276.78196728080854,7.5332993135634715e-25,7.852737091580932e-25,8.356238733247483e-25
4.481490745372686,276.6583832132611,7.391957255970254e-25,7.706074091420685e-25,8.201240068138514e-25
4.483491745872936,276.53490945785217,7.253031897432985e-25,7.561904569166608e-25,8.048854145954865e-25
4.485492746373186,276.4115458669492,7.116486350491672e-25,7.420190758226881e-25,7.899041854422703e-25
4.487493746873437,276.2882922931832,6.982284145108267e-25,7.280895319738896e-25,7.751764523709719e-25
4.489494747373687,276.1651485894478,6.850389237153138e-25,7.143981350516391e-25,7.606983933620664e-25
4.491495747873937,276.04211460889906,6.720766018526886e-25,7.009412392488242e-25,7.464662322082832e-25
4.493496748374187,275.9191902049541,6.593379328148683e-25,6.877152442886593e-25,7.324762394216273e-25
4.4954977488744365,275.7963752312914,6.468194463016927e-25,6.747165964425023e-25,7.1872473312795945e-25
4.497498749374687,275.67366954184973,6.3451771885801565e-25,6.619417894746739e-25,7.052080798832148e-25
4.499499749874937,275.5510729908277,6.224293747745655e-25,6.493873654517085e-25,6.919226953555028e-25
4.501500750375188,275.4285854326832,6.10551086797046e-25,6.370499153653391e-25,6.788650448293819e-25
4.503501750875437,275.30620672213274,5.9887957660358405e-25,6.249260795338773e-25,6.660316435035192e-25
4.505502751375688,275.1839367141509,5.874116150258429e-25,6.130125477612078e-25,6.534190565664556e-25
4.507503751875937,275.0617752639698,5.761440220048584e-25,6.013060592473413e-25,6.41023899048371e-25
4.509504752376188,274.9397222270786,5.650736662846639e-25,5.898034022552339e-25,6.288428354556248e-25
4.511505752876438,274.81777745922267,5.541974648571143e-25,5.78501413547599e-25,6.168725792018783e-25
4.513506753376689,274.6959408164034,5.4351238217889815e-25,5.673969776137521e-25,6.051098918541007e-25
4.515507753876938,274.57421215487733,5.330154291853927e-25,5.564870257091234e-25,5.935515822128357e-25
4.517508754377189,274.45259133115553,5.227036621290097e-25,5.457685347323446e-25,5.821945052474246e-25
4.519509754877438,274.3310782020034,5.125741812712962e-25,5.35238525966023e-25,5.710355609076518e-25
4.5215107553776885,274.2096726244399,5.026241294591705e-25,5.248940637084172e-25,5.6007169283446785e-25
4.523511755877939,274.08837445573675,4.928506906180651e-25,5.147322538258751e-25,5.492998869956637e-25
4.525512756378189,273.9671835534184,4.832510881977062e-25,5.047502422592995e-25,5.387171702764927e-25
4.527513756878439,273.84609977526105,4.738225836090198e-25,4.949452135211831e-25,5.283206090593792e-25
4.5295147573786885,273.7251229792921,4.645624746945415e-25,4.853143892241159e-25,5.181073078319009e-25
4.531515757878939,273.60425302378985,4.554680942767159e-25,4.758550266839902e-25,5.080744078649991e-25
4.533516758379189,273.4834897672828,4.465368088285179e-25,4.665644176413525e-25,4.982190860037469e-25
4.53551775887944,273.36283306854904,4.377660173083485e-25,4.574398871418187e-25,4.88538553610319e-25
4.53751875937969,273.24228278661593,4.291531501946704e-25,4.484787926098499e-25,4.790300556918481e-25
4.53951975987994,273.1218387807593,4.206956687473784e-25,4.396785231415304e-25,4.696908702368395e-25
4.541520760380189,273.00150091050284,4.123910645089261e-25,4.3103649902790025e-25,4.605183077694671e-25
4.54352176088044,272.88126903561795,4.0423685904649018e-25,4.225501715086868e-25,4.515097111193783e-25
4.54552276138069,272.7611430161228,3.962306039191798e-25,4.14217022739297e-25,4.426624553880785e-25
4.5475237618809405,272.641122712282,3.883698808438063e-25,4.0603456594392606e-25,4.339739480837049e-25
4.549524762381191,272.52120798460606,3.8065230201988155e-25,3.980003457155493e-25,4.254416293850757e-25
4.5515257628814405,272.40139869385064,3.7307551056865293e-25,3.9011193841854935e-25,4.1706297249218135e-25
4.55352676338169,272.28169470101625,3.6563718103736103e-25,3.8236695264701623e-25,4.0883548401894953e-25
4.5555277638819405,272.1620958673475,3.5833501992206763e-25,3.7476302969469754e-25,4.0075670438820552e-25
4.557528764382191,272.0426020543329,3.5116676616597096e-25,3.672978439967252e-25,3.9282420819373533e-25
4.559529764882441,271.923213123704,3.441301915991994e-25,3.599691035125604e-25,3.850356045039682e-25
4.561530765382692,271.8039289374348,3.3722310129330066e-25,3.5277455002673873e-25,3.773885370887303e-25
4.563531765882941,271.68474935774185,3.3044333381332373e-25,3.45711959353225e-25,3.6988068455898424e-25
4.565532766383191,271.5656742470827,3.237887613570448e-25,3.387791414351369e-25,3.625097604142936e-25
4.567533766883441,271.4467034681562,3.1725728977663995e-25,3.319739403364592e-25,3.5527351299623767e-25
4.569534767383692,271.3278368839017,3.108468584821285e-25,3.2529423412546238e-25,3.4816972534769844e-25
4.571535767883942,271.2090743574985,3.045554402263251e-25,3.1873793464914116e-25,3.411962149763571e-25
4.573536768384192,271.09041575236535,2.983810407722639e-25,3.123029871985694e-25,3.343508335204375e-25
4.575537768884442,270.9718609321598,2.9232169844406012e-25,3.0598737006470764e-25,3.2763146631393834e-25
4.577538769384692,270.8534097607781,2.8637548356236135e-25,2.9978909398431314e-25,3.210360318487225e-25
4.579539769884942,270.73506210235405,2.8054049776825467e-25,2.9370620147845224e-25,3.145624811340113e-25
4.5815407703851925,270.6168178212589,2.748148732430877e-25,2.8773676609004266e-25,3.08208796958377e-25
4.583541770885443,270.4986767821009,2.6919677183648104e-25,2.8187889153205496e-25,3.01972993065163e-25
4.585542771385692,270.38063884972456,2.6368438412206913e-25,2.7613071076558197e-25,2.9585311326036325e-25
4.587543771885943,270.26270388920994,2.5827592840653253e-25,2.704903850332122e-25,2.898472304785148e-25
4.589544772386192,270.14487176587284,2.5296964972301953e-25,2.649561028786919e-25,2.839534458376731e-25
4.591545772886443,270.02714234526337,2.4776381884404184e-25,2.5952607918761994e-25,2.7816988771790565e-25
4.593546773386693,269.90951549316634,2.4265673134871735e-25,2.5419855428339863e-25,2.72494710896665e-25
4.595547773886944,269.79199107560004,2.3764670677764526e-25,2.489717931105978e-25,2.669260957715571e-25
4.597548774387193,269.67456895881617,2.327320879016768e-25,2.438440845304845e-25,2.6146224769299113e-25
4.599549774887444,269.557249009299,2.2791124012312126e-25,2.3881374074544877e-25,2.561013964207021e-25
4.601550775387693,269.4400310937653,2.2318255101706267e-25,2.3387909685812594e-25,2.508417957071195e-25
4.603551775887944,269.3229150791633,2.185444300104686e-25,2.2903851056120414e-25,2.456817230010441e-25
4.605552776388194,269.20590083267257,2.139953081871086e-25,2.2429036194469973e-25,2.406194792566268e-25
4.6075537768884445,269.08898822170346,2.0953363819842165e-25,2.196330534002714e-25,2.3565338882647425e-25
4.609554777388694,268.9721771138966,2.0515789425685459e-25,2.1506500959930106e-25,2.3078179941605827e-25
4.611555777888944,268.85546737712207,2.0086657218589017e-25,2.1058467751999407e-25,2.260030820763859e-25
4.613556778389194,268.73885887947955,1.9665818950344362e-25,2.0619052650187342e-25,2.2131563121597613e-25
4.615557778889444,268.62235148929716,1.9253128551852786e-25,2.0188104830974743e-25,2.1671786461756834e-25
4.617558779389695,268.50594507513136,1.884844214259874e-25,1.9765475719434106e-25,2.1220822345033444e-25
4.619559779889945,268.3896395057664,1.8451618039003923e-25,1.9351018994257436e-25,2.077851722738489e-25
4.621560780390195,268.2734346502138,1.8062516761027457e-25,1.8944590591304386e-25,2.034471990320392e-25
4.623561780890444,268.1573303777117,1.7681001036731927e-25,1.8546048705520358e-25,1.9919281503729514e-25
4.625562781390695,268.0413265577246,1.7306935804516456e-25,1.8155253790991106e-25,1.9502055494307247e-25
4.627563781890945,267.9254230599427,1.694018821265679e-25,1.777206855877377e-25,1.9092897670106871e-25
4.629564782391196,267.8096197542817,1.6580627615506285e-25,1.739635797180878e-25,1.869166614949841e-25
4.631565782891446,267.6939165108819,1.6228125565488756e-25,1.7027989235963317e-25,1.8298221363994641e-25
4.633566783391696,267.57831320010797,1.5882555799779805e-25,1.6666831786017337e-25,1.7912426043429178e-25
4.635567783891945,267.46280969254843,1.5543794220538213e-25,1.6312757265383516e-25,1.7534145195052578e-25
4.6375687843921956,267.34740585901517,1.5211718867799602e-25,1.5965639498635174e-25,1.7163246075569438e-25
4.639569784892446,267.2321015705429,1.4886209884297435e-25,1.5625354456109841e-25,1.6799598155401003e-25
4.641570785392696,267.1168966983887,1.4567149472391395e-25,1.5291780210804395e-25,1.6443073075460596e-25
4.643571785892947,267.00179111403173,1.4254421843632236e-25,1.496479688815341e-25,1.6093544597145417e-25
4.645572786393196,266.88678468917243,1.3947913162473405e-25,1.4644286610264895e-25,1.5750888547230428e-25
4.647573786893446,266.7718772957322,1.364751148607518e-25,1.4330133436607748e-25,1.541498275974241e-25
4.649574787393696,266.65706880585293,1.3353106702618835e-25,1.40222233035784e-25,1.508570701726126e-25
4.651575787893947,266.5423590918965,1.30645904706785e-25,1.3720443965454192e-25,1.4762942994095159e-25
4.653576788394197,266.4277480264445,1.2781856162082755e-25,1.3424684939071063e-25,1.4446574203520402e-25
4.655577788894448,266.3132354822973,1.2504798810181856e-25,1.3134837453997799e-25,1.413648595063593e-25
4.657578789394697,266.1988213324741,1.223331506485822e-25,1.2850794409371055e-25,1.383256529173149e-25
4.659579789894947,266.0845054502121,1.1967303154897262e-25,1.2572450337823073e-25,1.3534701000321937e-25
4.661580790395197,265.97028770896605,1.1706662857495995e-25,1.2299701376116737e-25,1.3242783539222941e-25
4.6635817908954476,265.8561679824081,1.14512954742054e-25,1.2032445241657562e-25,1.2956705037658589e-25
4.665582791395698,265.7421461444271,1.1201103812065244e-25,1.1770581213580272e-25,1.2676359272024004e-25
4.667583791895948,265.62822206912807,1.0955992168639957e-25,1.1514010117124078e-25,1.240164164904511e-25
4.669584792396198,265.51439563083187,1.071586631961515e-25,1.126263431002725e-25,1.2132449190193993e-25
4.6715857928964475,265.4006667040746,1.0480633508000314e-25,1.1016357670113997e-25,1.1868680516741953e-25
4.673586793396698,265.2870351636072,1.0250202434379141e-25,1.0775085583669897e-25,1.1610235835291436e-25
4.675587793896948,265.1735008843952,1.0024483247909888e-25,1.0538724934475835e-25,1.1357016923912113e-25
4.677588794397199,265.0600637416181,9.80338753834953e-26,1.0307184093915904e-25,1.1108927119504783e-25
4.679589794897448,264.94672361066864,9.586828329326566e-26,1.0080372912492924e-25,1.0865871306876458e-25
4.681590795397699,264.83348036715284,9.374720073250308e-26,9.858202713192672e-26,1.062775591002767e-25
4.683591795897948,264.7203338868892,9.166978647868416e-26,9.640586286714047e-26,1.0394488885653782e-25
4.685592796398199,264.6072840459083,8.963521354290517e-26,9.427437888338465e-26,1.0165979718542891e-25
4.687593796898449,264.49433072045247,8.764266915706655e-26,9.218673235601298e-26,9.942139417913462e-26
4.6895947973986996,264.3814737869753,8.569135475765374e-26,9.014209505654792e-26,9.722880513453415e-26
4.691595797898949,264.2687131221411,8.37804859519054e-26,8.813965330841587e-26,9.508117049482602e-26
4.6935967983991995,264.1560486028244,8.190929245197017e-26,8.617860791014727e-26,9.297764575738638e-26
4.695597798899449,264.0434801061099,8.007701796416648e-26,8.425817401329562e-26,9.091740133539504e-26
4.6975987993996995,263.9310075092913,7.828292002323542e-26,8.237758094557897e-26,8.889962236476182e-26
4.69959979989995,263.8186306898717,7.652626976828708e-26,8.05360719768378e-26,8.692350845541297e-26
4.7016008004002,263.70634952556253,7.480635166294175e-26,7.873290403140262e-26,8.498827339226938e-26
4.70360180090045,263.59416389428344,7.312246316804938e-26,7.696734735626213e-26,8.30931447968827e-26
4.7056028014007,263.4820736741615,7.147391438164102e-26,7.523868516042773e-26,8.123736376623975e-26
4.70760380190095,263.37007874353117,6.986002766309986e-26,7.354621324273816e-26,7.942018450631101e-26
4.7096048024012,263.2581789809337,6.82801372596455e-26,7.188923962593674e-26,7.764087397768286e-26
4.711605802901451,263.1463742651165,6.673358895143616e-26,7.026708421249589e-26,7.589871156737874e-26
4.713606803401701,263.03466447503314,6.521973972745647e-26,6.867907847304376e-26,7.419298879563752e-26
4.715607803901951,262.92304948984247,6.373795749944475e-26,6.712456517311049e-26,7.252300906097636e-26
4.7176088044022,262.81152918890837,6.228762085450505e-26,6.560289813722258e-26,7.088808742011508e-26
4.719609804902451,262.70010345179924,6.086811884290624e-26,6.411344204547193e-26,6.928755039586939e-26
4.721610805402701,262.58877215828784,5.947885079284089e-26,6.265557225334373e-26,6.772073580242773e-26
4.7236118059029515,262.47753518835054,5.811922614311398e-26,6.122867462535119e-26,6.618699257810081e-26
4.725612806403202,262.3663924221669,5.6788664284685e-26,5.983214537355534e-26,6.468568061705689e-26
4.7276138069034515,262.25534374011954,5.548659440473559e-26,5.846539089531482e-26,6.321617059560567e-26
4.729614807403701,262.1443890227934,5.421245533066048e-26,5.712782760870858e-26,6.177784379321487e-26
4.731615807903951,262.0335281509753,5.296569537529811e-26,5.581888178814435e-26,6.037009191268763e-26
4.733616808404202,261.9227610056539,5.174577218902361e-26,5.453798940689123e-26,5.89923169079518e-26
4.735617808904452,261.8120874680188,5.05521526255182e-26,5.328459599419954e-26,5.76439308283634e-26
4.737618809404703,261.70150741946037,4.9384312629370194e-26,5.205815651558341e-26,5.632435568862038e-26
4.739619809904952,261.5910207415695,4.824173715141245e-26,5.0858135282127863e-26,5.503302336992881e-26
4.741620810405202,261.4806273161365,4.7123920094487954e-26,4.9684005891043874e-26,5.376937555376602e-26
4.743621810905452,261.3703270251516,4.603036428749381e-26,4.853525119456584e-26,5.25328636840379e-26
4.745622811405703,261.26011975080377,4.4960581480808327e-26,4.741136328944361e-26,5.132294894847937e-26
4.747623811905953,261.1500053754807,4.3914092352321925e-26,4.63118435154957e-26,5.0139102266568845e-26
4.7496248124062035,261.03998378176834,4.2890426509825045e-26,4.52362024485463e-26,4.898080426863394e-26
4.751625812906453,260.9300548524504,4.1889122476093503e-26,4.418395987405769e-26,4.784754525247819e-26
4.753626813406703,260.82021847050777,4.0909727643596894e-26,4.315464472884726e-26,4.6738825105715334e-26
4.755627813906953,260.7104745191185,3.9951798190673757e-26,4.214779500360399e-26,4.5654153187951607e-26
4.757628814407203,260.6008228816571,3.9014898954869805e-26,4.116295760305304e-26,4.459304817149856e-26
4.759629814907454,260.49126344169423,3.809860326636392e-26,4.0199688167930696e-26,4.35550378467014e-26
4.761630815407704,260.38179608299623,3.7202492748521666e-26,3.925755086689965e-26,4.2539658901659306e-26
4.763631815907954,260.2724206895248,3.632615709701678e-26,3.833611817060941e-26,4.154645668963566e-26
4.765632816408203,260.16313714543645,3.54691938511017e-26,3.743497062174285e-26,4.057498499828194e-26
4.767633816908454,260.0539453350821,3.4631208169175294e-26,3.655369661294627e-26,3.9624805832049626e-26
4.769634817408704,259.94484514300694,3.381181262059646e-26,3.5691892183797575e-26,3.869548921759808e-26
4.771635817908955,259.83583645394975,3.301062699909327e-26,3.4849160841036776e-26,3.7786613034594227e-26
4.773636818409204,259.7269191528425,3.222727815964954e-26,3.402511340261625e-26,3.689776287038276e-26
4.775637818909455,259.6180931248101,3.146139987649577e-26,3.321936786190929e-26,3.602853189290316e-26
4.777638819409704,259.5093582551699,3.071263271512525e-26,3.243154926399458e-26,3.517852073230894e-26
4.779639819909955,259.40071442943116,2.998062391002508e-26,3.166128958509542e-26,3.434733736156153e-26
4.781640820410205,259.292161533295,2.926502723980898e-26,3.090822760675982e-26,3.3534596967590704e-26
4.783641820910455,259.18369945265357,2.8565502893591363e-26,3.0172008779005804e-26,3.2739921808004564e-26
4.785642821410705,259.07532807359013,2.7881717326074907e-26,2.945228507066178e-26,3.196294105288698e-26
4.787643821910955,258.96704728237813,2.721334310247884e-26,2.874871480899899e-26,3.120329061537086e-26
4.789644822411205,258.85885696548127,2.6560058739372146e-26,2.8060962515696347e-26,3.0460612979569446e-26
4.791645822911455,258.7507570095527,2.5921548549977165e-26,2.7388698748454025e-26,2.973455703631753e-26
4.793646823411706,258.6427473014349,2.5297502503798527e-26,2.673159995854125e-26,2.902477793759653e-26
4.795647823911956,258.53482772815937,2.4687616110324927e-26,2.6089348373976786e-26,2.833093697915909e-26
4.797648824412206,258.4269981769459,2.4091590332894518e-26,2.5461631913976586e-26,2.765270151616495e-26
4.799649824912456,258.31925853520244,2.350913153605225e-26,2.484814413719298e-26,2.69897449130088e-26
4.801650825412706,258.2116086905246,2.2939951463531145e-26,2.424858421990269e-26,2.634174652192442e-26
4.803651825912956,258.10404853069514,2.2383767240115304e-26,2.3662656956454582e-26,2.5708391681194594e-26
4.805652826413207,257.996577943684,2.184030138682064e-26,2.3090072770691664e-26,2.5089371720597684e-26
4.807653826913457,257.88919681764736,2.1309281836325354e-26,2.253054772494858e-26,2.4484383960254362e-26
4.8096548274137065,257.78190504092777,2.0790441936644707e-26,2.1983803514742568e-26,2.3893131691282966e-26
4.811655827913957,257.6747025020533,2.0283520432296952e-26,2.1449567439004533e-26,2.331532412913903e-26
4.8136568284142065,257.5675890897376,1.9788261416735471e-26,2.092757234059782e-26,2.275067633597244e-26
4.815657828914457,257.460564692879,1.9304414254441807e-26,2.0417556516680535e-26,2.2198909113396925e-26
4.817658829414707,257.3536292005607,1.8831733476092794e-26,1.9919263603508926e-26,2.1659748872091925e-26
4.819659829914958,257.2467825020499,1.8369978654055555e-26,1.9432442443904613e-26,2.1132927487896676e-26
4.821660830415207,257.14002448679776,1.791891426860592e-26,1.8956846948380046e-26,2.061818215621064e-26
4.823661830915457,257.03335504443874,1.747830957536029e-26,1.8492235960525168e-26,2.0115255255344585e-26
4.825662831415707,256.9267740647903,1.7047938483041354e-26,1.8038373135418397e-26,1.9623894226893606e-26
4.827663831915958,256.82028143785294,1.662757944823591e-26,1.7595026836934457e-26,1.914385147767049e-26
4.829664832416208,256.7138770538091,1.6217015388443257e-26,1.7161970054213488e-26,1.8674884301785336e-26
4.831665832916459,256.6075608030232,1.581603361181091e-26,1.6738980334575727e-26,1.8216754818410538e-26
4.833666833416708,256.50133257604136,1.5424425756707243e-26,1.632583972508056e-26,1.7769229915990976e-26
4.835667833916958,256.3951922635908,1.5041987733470374e-26,1.5922334714409698e-26,1.7332081193644404e-26
4.837668834417208,256.2891397565793,1.4668519658802168e-26,1.552825616532646e-26,1.69050848897876e-26
4.8396698349174585,256.1831749460954,1.4303825775848062e-26,1.514339923098797e-26,1.6488021791763805e-26
4.841670835417709,256.0772977234075,1.3947714355346995e-26,1.4767563251104702e-26,1.6080677123533613e-26
4.843671835917959,255.9715079799638,1.3599997577609893e-26,1.4400551628603591e-26,1.5682840413564927e-26
4.845672836418209,255.86580560739174,1.326049139966036e-26,1.4042171692060708e-26,1.529430534967567e-26
4.847673836918458,255.76019049749758,1.2929015414889882e-26,1.3692234552096908e-26,1.4914869630315172e-26
4.849674837418709,255.65466254226624,1.2605392715658019e-26,1.3350554962687555e-26,1.4544334823984605e-26
4.851675837918959,255.5492216338609,1.2289449769670475e-26,1.301695119833978e-26,1.4182506247845088e-26
4.85367683841921,255.4438676646225,1.1981016318329497e-26,1.2691244955018092e-26,1.3829192872803332e-26
4.85567783891946,255.33860052706945,1.167992530422068e-26,1.2373261281262766e-26,1.348420726030807e-26
4.85767883941971,255.23342011389732,1.1386012827898898e-26,1.206282853872066e-26,1.314736552854832e-26
4.859679839919959,255.1283263179783,1.1099118132522104e-26,1.1759778389579265e-26,1.2818487343882524e-26
4.86168084042021,255.02331903236097,1.0819083607439433e-26,1.1463945801121655e-26,1.2497395926364311e-26
4.86368184092046,254.91839815026998,1.0545754801697333e-26,1.1175169057737429e-26,1.2183918058797999e-26
4.8656828414207105,254.81356356510562,1.0278980436462669e-26,1.0893289769200215e-26,1.1877884087944623e-26
4.86768384192096,254.70881517044344,1.0018612405145058e-26,1.061815286426172e-26,1.1579127907459425e-26
4.8696848424212105,254.60415286003388,9.764505755081275e-27,1.0349606564100727e-26,1.1287486918250081e-26
4.87168584292146,254.49957652780205,9.516518646263439e-27,1.0087502332088297e-26,1.1002801964308964e-26
4.87368684342171,254.39508606784707,9.274512288791702e-27,9.831694802629692e-27,1.0724917248481201e-26
4.875687843921961,254.2906813744421,9.03835086377384e-27,9.582041694807778e-27,1.0453680235422196e-26
4.877688844422211,254.1863623420337,8.807901435958573e-27,9.338403719864591e-27,1.0188941551868741e-26
4.879689844922461,254.08212886524169,8.583033867405784e-27,9.100644492155878e-27,9.930554894263205e-27
4.881690845422711,253.97798083885843,8.363620741189319e-27,8.86863045247226e-27,9.678376952339061e-27
4.883691845922961,253.87391815784892,8.14953730141208e-27,8.642230809477683e-27,9.432267353477031e-27
4.885692846423211,253.76994071735012,7.940661412368954e-27,8.421317501280013e-27,9.192088628479581e-27
4.887693846923462,253.6660484126708,7.736873535824345e-27,8.205765175101406e-27,8.957706195133225e-27
4.889694847423712,253.562241139291,7.538056720863563e-27,7.995451178590591e-27,8.728988351679395e-27
4.891695847923962,253.4585187928619,7.344096598516244e-27,7.790255554269166e-27,8.50580627064214e-27
4.893696848424212,253.3548812692052,7.154881371616801e-27,7.590061027231835e-27,8.288033982688784e-27
4.895697848924462,253.2513284643131,6.970301791438277e-27,7.394752977738175e-27,8.075548342426815e-27
4.897698849424712,253.14786027434758,6.790251114427502e-27,7.204219392483892e-27,7.868228970751867e-27
4.899699849924962,253.0444765956404,6.614625036594521e-27,7.018350792937892e-27,7.665958173509525e-27
4.901700850425213,252.94117732469252,6.443321606792271e-27,6.837040142887238e-27,7.468620840071086e-27
4.903701850925462,252.83796235817394,6.276241124755599e-27,6.660182742000025e-27,7.276104330090974e-27
4.905702851425713,252.73483159292306,6.113286032102258e-27,6.487676114261861e-27,7.088298358272065e-27
4.907703851925962,252.6317849259467,5.9543608070519014e-27,6.319419902404833e-27,6.905094888734856e-27
4.909704852426213,252.52882225441948,5.799371871794522e-27,6.1553157771432656e-27,6.726388047522478e-27
4.911705852926463,252.42594347568365,5.648227521023992e-27,5.99526736924602e-27,6.552074060413611e-27
4.913706853426714,252.32314848724863,5.500837874747406e-27,5.839180226728979e-27,6.382051216962702e-27
4.915707853926963,252.2204371867908,5.357114856416571e-27,5.686961797216581e-27,6.216219859227361e-27
4.917708854427213,252.11780947215303,5.2169721905922004e-27,5.538521428723872e-27,6.054482386948673e-27
4.919709854927463,252.01526524134425,5.080325413920274e-27,5.393770381854626e-27,5.896743271017293e-27
4.921710855427714,251.9128043925395,4.9470918888322325e-27,5.252621842409152e-27,5.742909063658467e-27
4.923711855927964,251.81042682407923,4.817190810846671e-27,5.1149909252650126e-27,5.592888396290446e-27
4.925712856428214,251.70813243446906,4.690543202092822e-27,4.980794662566995e-27,5.446591958849138e-27
4.927713856928464,251.60592112237956,4.567071885520185e-27,4.849951971451943e-27,5.303932457080147e-27
4.9297148574287135,251.50379278664573,4.446701440168693e-27,4.722383602630487e-27,5.1648245506443536e-27
4.931715857928964,251.40174732626667,4.329358140304379e-27,4.598012073583743e-27,5.029184777284682e-27
4.933716858429214,251.29978464040556,4.214969885490108e-27,4.476761594282229e-27,4.89693147221557e-27
4.935717858929465,251.19790462838898,4.103466130000096e-27,4.358557994266749e-27,4.76798469216711e-27
4.937718859429715,251.09610718970666,3.994777820528803e-27,4.24332866018912e-27,4.642266153295889e-27
4.939719859929965,250.99439222401134,3.888837349860139e-27,4.1310024910771315e-27,4.5196991894975846e-27
4.941720860430214,250.8927596311181,3.7855785298474525e-27,4.021509874076899e-27,4.4002087328428066e-27
4.943721860930465,250.7912093110043,3.684936585394964e-27,3.914782681406909e-27,4.283721315328931e-27
4.945722861430715,250.68974116380923,3.586848164590814e-27,3.810754282815568e-27,4.1701650848836664e-27
4.947723861930966,250.58835508983367,3.4912513590660845e-27,3.709359566807002e-27,4.059469827659807e-27
4.949724862431216,250.4870509895396,3.398085725318586e-27,3.6105349608989944e-27,3.951566986217878e-27
4.9517258629314655,250.38582876355002,3.307292297720156e-27,3.5142184415548825e-27,3.846389664214096e-27
4.953726863431715,250.28468831264834,3.218813585571949e-27,3.4203495264433136e-27,3.743872610803716e-27
4.9557278639319655,250.18362953777824,3.1325935495799798e-27,3.3288692450780346e-27,3.6439521819559516e-27
4.957728864432216,250.08265234004338,3.0485775562181987e-27,3.239720087173909e-27,3.546566279428166e-27
4.959729864932466,249.98175662070702,2.9667123136725007e-27,3.152845933333395e-27,3.4516542734592416e-27
4.961730865432716,249.88094228119172,2.886945795319053e-27,3.068191974839449e-27,3.359156917206773e-27
4.963731865932966,249.78020922307886,2.8092271601921535e-27,2.985704632501746e-27,3.269016263568692e-27
4.965732866433216,249.67955734810863,2.7335066790916928e-27,2.905331483366541e-27,3.181175593352259e-27
4.967733866933466,249.57898655817934,2.659735675203482e-27,2.8270212038715345e-27,3.095579362812664e-27
4.969734867433717,249.47849675534752,2.587866484418262e-27,2.750723534017682e-27,3.01217317408699e-27
4.971735867933967,249.3780878418272,2.517852437277683e-27,2.6763892636115855e-27,2.9309037681549082e-27
4.973736868434217,249.27775971998994,2.4496478604345494e-27,2.6039702375156226e-27,2.8517190357681856e-27
4.975737868934467,249.17751229236413,2.3832080919464915e-27,2.5334193733981307e-27,2.7745680385812502e-27
4.977738869434717,249.0773454616351,2.3184895022060016e-27,2.4646906831964295e-27,2.6994010308481274e-27
4.979739869934967,248.97725913064443,2.2554495116973354e-27,2.3977392892724833e-27,2.6261694724352107e-27
4.9817408704352175,248.8772532023899,2.1940465974183557e-27,2.3325214272964052e-27,2.554826025599216e-27
4.983741870935468,248.77732758002506,2.1342402824449552e-27,2.268994430884993e-27,2.4853245315112924e-27
4.9857428714357175,248.67748216685897,2.0759911063929525e-27,2.2071166965718605e-27,2.4176199664507302e-27
4.987743871935968,248.57771686635573,2.01926057892494e-27,2.1468476321529862e-27,2.351668382136646e-27
4.9897448724362174,248.47803158213446,1.9640111206923098e-27,2.0881475936523318e-27,2.2874268367522945e-27
4.991745872936468,248.37842621796864,1.9102060009454054e-27,2.0309778207064897e-27,2.2248533272847745e-27
4.993746873436718,248.2789006777861,1.8578092788182464e-27,1.9753003776604522e-27,2.1639067308234085e-27
4.995747873936969,248.17945486566862,1.806785757752396e-27,1.921078109659261e-27,2.104546763721578e-27
4.997748874437218,248.08008868585156,1.7571009578137945e-27,1.8682746180022325e-27,2.046733962032548e-27
4.999749874937469,247.98080204272347,1.7087211086704867e-27,1.8168542567444236e-27,1.9904296839153186e-27
5.001750875437718,247.88159484082612,1.6616131616499908e-27,1.766782148075754e-27,1.935596130126006e-27
5.003751875937969,247.78246698485378,1.615744815486595e-27,1.7180242102671827e-27,1.8821963751182568e-27
5.005752876438219,247.6834183796532,1.571084548652344e-27,1.6705471904610803e-27,1.8301944001248452e-27
5.0077538769384695,247.58444893022323,1.527601648536574e-27,1.6243186922963012e-27,1.7795551178686924e-27
5.009754877438719,247.4855585417145,1.4852662301711415e-27,1.5793071911866892e-27,1.7302443820099664e-27
5.011755877938969,247.3867471194291,1.4440492374185349e-27,1.5354820306408301e-27,1.6822289755448235e-27
5.013756878439219,247.28801456882016,1.4039224242482114e-27,1.4928133980153286e-27,1.6354765778113992e-27
5.0157578789394694,247.18936079549195,1.3648583166532501e-27,1.4512722811349912e-27,1.5899557129427531e-27
5.01775887943972,247.09078570519912,1.3268301600010036e-27,1.4108304114239378e-27,1.545635686723658e-27
5.01975987993997,246.9922892038467,1.28981185871021e-27,1.371460201090208e-27,1.5024865203540057e-27
5.02176088044022,246.89387119748966,1.2537779171536587e-27,1.3331346835884753e-27,1.4604788907656e-27
5.023761880940469,246.79553159233262,1.218703390047912e-27,1.2958274655650412e-27,1.4195840855075358e-27
5.02576288144072,246.69727029472952,1.1845638488727508e-27,1.2595126963967372e-27,1.3797739775432753e-27
5.02776388194097,246.59908721118353,1.1513353673270978e-27,1.224165057618412e-27,1.3410210210698253e-27
5.029764882441221,246.5009822483465,1.1189945261399988e-27,1.1897597716826366e-27,1.303298266401123e-27
5.031765882941471,246.4029553130188,1.0875184328008782e-27,1.1562726247638153e-27,1.26657938730448e-27
5.033766883441721,246.30500631214906,1.0568847496036756e-27,1.1236799963300723e-27,1.2308387125145453e-27
5.03576788394197,246.20713515283367,1.0270717218231568e-27,1.0919588869184095e-27,1.1960512523442301e-27
5.037768884442221,246.10934174231667,9.980581977494128e-28,1.0610869358488474e-27,1.1621927122412365e-27
5.039769884942471,246.01162598798948,9.698236340541702e-28,1.0310424227176047e-27,1.1292394877988871e-27
5.0417708854427215,245.91398779739046,9.423480829306248e-28,1.0018042497838282e-27,1.0971686394617932e-27
5.043771885942972,245.81642707820478,9.156121610056645e-28,9.733519060775603e-28,1.0659578490906857e-27
5.045772886443221,245.71894373826402,8.895970033783338e-28,9.456654174326072e-28,1.0355853639158764e-27
5.047773886943471,245.62153768554583,8.642842100149894e-28,9.187252903507776e-28,1.0060299367999125e-27
5.049774887443721,245.52420882817376,8.396557914102138e-28,8.92512457012348e-28,9.77270770682634e-28
5.051775887943972,245.42695707441698,8.156941229944963e-28,8.670082309436668e-28,9.492874766725715e-28
5.053776888444222,245.32978233268992,7.923819141831616e-28,8.421942789069908e-28,9.220600507411412e-28
5.055777888944472,245.23268451155198,7.697021963773732e-28,8.180526126823164e-28,8.955688716125181e-28
5.057778889444722,245.13566351970724,7.476383302105621e-28,7.945656002227505e-28,8.69794718018461e-28
5.059779889944972,245.03871926600428,7.261740290763134e-28,7.717159923703089e-28,8.44718800176477e-28
5.061780890445222,244.94185165943568,7.05293392245232e-28,7.494869577451276e-28,8.203227970572519e-28
5.063781890945473,244.84506060913805,6.849809403722525e-28,7.278621181658785e-28,7.965888911790272e-28
5.065782891445723,244.74834602439142,6.652216442858307e-28,7.068255754323758e-28,7.734997917559189e-28
5.067783891945973,244.65170781461921,6.460009406384529e-28,6.863619233159221e-28,7.510387405579626e-28
5.069784892446223,244.55514588938772,6.273047298957156e-28,6.664562408638722e-28,7.291894976476511e-28
5.0717858929464725,244.4586601584061,6.091193553756896e-28,6.470940665085629e-28,7.079363077482625e-28
5.073786893446723,244.36225053152577,5.914315663833555e-28,6.282613568819585e-28,6.872638524896373e-28
5.075787893946973,244.26591691874043,5.74228471152674e-28,6.099444367586911e-28,6.671571960303864e-28
5.077788894447224,244.1696592301857,5.5749748666470455e-28,5.921299476907325e-28,6.476017323221596e-28
5.079789894947473,244.07347737613867,5.412262940899456e-28,5.7480480418643575e-28,6.285831429435567e-28
5.081790895447724,243.97737126701776,5.254028066087338e-28,5.579561639686954e-28,6.100873715998792e-28
5.083791895947973,243.88134081338254,5.100151546330213e-28,5.4157141676083625e-28,5.921006187597396e-28
5.085792896448224,243.7853859259332,4.9505168896689495e-28,5.256381913918577e-28,5.746093550014078e-28
5.087793896948474,243.68950651551054,4.805010007148975e-28,5.101443791793615e-28,5.576003496860917e-28
5.089794897448725,243.59370249309546,4.663519519157001e-28,4.95078166845935e-28,5.410607071135178e-28
5.091795897948974,243.4979737698089,4.525937098850855e-28,4.804280714435596e-28,5.249779019020609e-28
5.093796898449225,243.40232025691137,4.392157771286299e-28,4.661829689882438e-28,5.093398051349494e-28
5.095797898949474,243.3067418658028,4.262080096278787e-28,4.5233210978785275e-28,4.941346946292307e-28
5.0977988994497245,243.21123850802218,4.135606188110133e-28,4.388651162993013e-28,4.793512460657915e-28
5.099799899949975,243.1158100952474,4.0126415531497204e-28,4.257719623543634e-28,4.649785050190959e-28
5.101800900450225,243.02045653929497,3.8930947639686697e-28,4.1304293642926075e-28,4.51005843856985e-28
5.103801900950475,242.92517775211957,3.776877020331097e-28,4.0066859474246175e-28,4.374229104372561e-28
5.1058029014507245,242.82997364581396,3.66390166634598e-28,3.886397116279482e-28,4.24219576801008e-28
5.107803901950975,242.7348441326086,3.554083750673324e-28,3.7694723607341936e-28,4.113858969816243e-28
5.109804902451225,242.6397891248715,3.4473396854642495e-28,3.655822598624156e-28,3.989120790735438e-28
5.111805902951476,242.54480853510788,3.343587081641029e-28,3.5453600456280743e-28,3.8678847791420594e-28
5.113806903451726,242.44990227595986,3.2427447558752178e-28,3.4379982622993973e-28,3.750056061427869e-28
5.115807903951976,242.35507026020633,3.144732915578735e-28,3.333652376049553e-28,3.6355416206885585e-28
5.117808904452225,242.26031240076244,3.049473462036822e-28,3.232239411000276e-28,3.5242506653121875e-28
5.119809904952476,242.16562861067956,2.956890354603863e-28,3.1336786629418296e-28,3.4160950163883215e-28
5.121810905452726,242.071018803145,2.8669099500410897e-28,3.0378920309042963e-28,3.3109894222463342e-28
5.1238119059529765,241.97648289148157,2.7794612456067e-28,2.9448042354063463e-28,3.208851733330983e-28
5.125812906453227,241.88202078914748,2.694475971845842e-28,2.8543428731197626e-28,3.109602893976839e-28
5.1278139069534765,241.7876324097361,2.6118885108024914e-28,2.766438291067673e-28,3.013166746303468e-28
5.129814907453726,241.6933176669755,2.531635644199098e-28,2.6810232923592757e-28,2.9194696702105157e-28
5.1318159079539765,241.5990764747283,2.4536561780545802e-28,2.598032727861012e-28,2.828440126086259e-28
5.133816908454227,241.50490874699148,2.377890508481218e-28,2.517403044245667e-28,2.740008179093116e-28
5.135817908954477,241.41081439789605,2.3042801957757854e-28,2.439071858237201e-28,2.65410507830742e-28
5.137818909454728,241.31679334170678,2.2327676349772777e-28,2.3629776447316e-28,2.5706629767161737e-28
5.139819909954977,241.22284549282202,2.1632958683383427e-28,2.289059580486798e-28,2.489614827032757e-28
5.141820910455227,241.12897076577323,2.095808569004895e-28,2.2172575657963796e-28,2.4108944643938034e-28
5.143821910955477,241.0351690752249,2.030250204364047e-28,2.1475124252963266e-28,2.334436865308536e-28
5.145822911455728,240.94144033597433,1.9665663132157143e-28,2.0797662141433543e-28,2.260178496835112e-28
5.147823911955978,240.84778446295124,1.9047038689169778e-28,2.0139625958500427e-28,2.188057713556036e-28
5.149824912456228,240.75420137121765,1.8446116270350013e-28,1.9500471871786546e-28,2.1180150935717306e-28
5.151825912956478,240.66069097596736,1.7862403982640322e-28,1.8879678109938403e-28,2.049993655541315e-28
5.153826913456728,240.5672531925261,1.7295431797511713e-28,1.8276745937188856e-28,1.9839388997118455e-28
5.155827913956978,240.47388793635085,1.674475119180252e-28,1.7691198879653958e-28,1.9197986639079201e-28
5.1578289144572285,240.3805951230299,1.6209933109299085e-28,1.7122580271425904e-28,1.857522813321027e-28
5.159829914957479,240.2873746682825,1.5690564536736936e-28,1.6570449491723307e-28,1.7970628133285637e-28
5.161830915457728,240.19422648795853,1.5186244351018634e-28,1.6034377609661236e-28,1.7383712659213824e-28
5.163831915957979,240.10115049803827,1.4696579091660686e-28,1.5513943127815851e-28,1.6814014839714541e-28
5.165832916458228,240.00814661463227,1.4221179500640735e-28,1.5008728666260896e-28,1.6261071865666912e-28
5.167833916958479,239.91521475398093,1.3759658337319836e-28,1.4518319066460162e-28,1.5724423580817723e-28
5.169834917458729,239.82235483245438,1.331162986333473e-28,1.4042301249596564e-28,1.5203612943287762e-28
5.17183591795898,239.72956676655218,1.2876711025811e-28,1.358026578451319e-28,1.4698188194927034e-28
5.173836918459229,239.63685047290306,1.2454524063744737e-28,1.3131809813795082e-28,1.4207706267564576e-28
5.17583791895948,239.5442058682646,1.2044699947883789e-28,1.26965406837256e-28,1.3731736674781856e-28
5.177838919459729,239.45163286952322,1.164688197537553e-28,1.2274079565076532e-28,1.3269865128726574e-28
5.17983991995998,239.35913139369356,1.1260728736449428e-28,1.186406426874318e-28,1.2821696074372136e-28
5.18184092046023,239.2667013579186,1.0885915927331864e-28,1.146615076470008e-28,1.2386853711056131e-28
5.1838419209604805,239.17434267946922,1.052213649557193e-28,1.1080012938518445e-28,1.1964981118352315e-28
5.18584292146073,239.08205527574398,1.0169099168108505e-28,1.070534071348428e-28,1.1555737739449762e-28
5.18784392196098,238.98983906426884,9.826525545746377e-29,1.034183679270526e-28,1.1158795587975842e-28
5.18984492246123,238.89769396269702,9.494146297137326e-29,9.989212622069054e-29,1.077383488164956e-28
5.19184592296148,238.8056198888086,9.17169715158933e-29,9.647184314195098e-29,1.0400539900467708e-28
5.193846923461731,238.71361676051046,8.858915416370898e-29,9.31546926782106e-29,1.0038595809609803e-28
5.195847923961981,238.62168449583592,8.55553763953728e-29,8.993784083698282e-29,9.687687008139474e-29
5.197848924462231,238.52982301294452,8.261298849761531e-29,8.681844154240292e-29,9.34749728915528e-29
5.19984992496248,238.43803223012173,7.975933447214968e-29,8.379364934295488e-29,9.017711709586692e-29
5.201850925462731,238.34631206577873,7.699177553477115e-29,8.086064623938317e-29,8.698019779358926e-29
5.203851925962981,238.2546624384523,7.430772352412124e-29,7.801667730348801e-29,8.388119338025456e-29
5.205852926463232,238.1630832668044,7.170467705141896e-29,7.525908747476484e-29,8.087720294196451e-29
5.207853926963482,238.071574469622,6.91802535969959e-29,7.258535260533813e-29,7.796547521276666e-29
5.209854927463732,237.98013596581688,6.673221067988904e-29,6.999309805706024e-29,7.514342276403896e-29
5.211855927963981,237.8887676744253,6.435845247145471e-29,6.74801017050552e-29,7.240861910592696e-29
5.2138569284642315,237.79746951460783,6.205701933055905e-29,6.504427949626656e-29,6.975877794926528e-29
5.215857928964482,237.70624140564905,5.982606312800949e-29,6.268365716899732e-29,6.719171940141233e-29
5.217858929464732,237.61508326695747,5.766381198548553e-29,6.039633243502697e-29,6.470532843214837e-29
5.219859929964983,237.52399501806505,5.556853139295839e-29,5.8180435047779e-29,6.22975136976665e-29
5.221860930465232,237.4329765786272,5.35384886585543e-29,5.603409189301228e-29,5.99661740672457e-29
5.223861930965482,237.34202786842232,5.157192699809406e-29,5.395540326645313e-29,5.770917870970119e-29
5.225862931465732,237.25114880735174,4.9667054694649447e-29,5.19424353188619e-29,5.552436494397027e-29
5.227863931965983,237.16033931543944,4.782204988318472e-29,4.9993228588154994e-29,5.340955272651357e-29
5.229864932466233,237.06959931283177,4.6035080621403747e-29,4.8105821541989366e-29,5.13625735279178e-29
5.231865932966484,236.97892871979727,4.430433584876987e-29,4.6278284053037065e-29,4.938130747665933e-29
5.233866933466733,236.8883274567264,4.2628060889787175e-29,4.450875397535984e-29,4.746372122562915e-29
5.235867933966983,236.79779544413128,4.1004590278165994e-29,4.279546938814193e-29,4.560789885304001e-29
5.237868934467233,236.70733260264552,3.9432372216817244e-29,4.113679091167244e-29,4.381206042643998e-29
5.2398699349674835,236.616938853024,3.790997844496159e-29,3.953120829254233e-29,4.2074563166457774e-29
5.241870935467734,236.52661411614255,3.6436098909043496e-29,3.7977331248698514e-29,4.0393886185691817e-29
5.2438719359679835,236.43635831299787,3.5009520761746055e-29,3.6473864841206174e-29,3.8768600251484155e-29
5.245872936468234,236.346171364707,3.3629096720483933e-29,3.501957506972917e-29,3.719732929830417e-29
5.2478739369684835,236.25605319250752,3.229370755216411e-29,3.361324998210452e-29,3.567870975137382e-29
5.249874937468734,236.16600371775692,3.100222686317074e-29,3.2253664718046206e-29,3.421135638808266e-29
5.251875937968984,236.07602286193264,2.9753493456890427e-29,3.0939555688277056e-29,3.279383976165926e-29
5.253876938469235,235.98611054663172,2.8546297481839694e-29,2.966960974135853e-29,3.1424680383595206e-29
5.255877938969484,235.89626669357065,2.737938210784564e-29,2.844246947076178e-29,3.010235984542007e-29
5.257878939469735,235.80649122458493,2.62514602221318e-29,2.725675344047732e-29,2.8825346516784506e-29
5.259879939969984,235.7167840616292,2.5161243230013807e-29,2.611108773261705e-29,2.7592131166423734e-29
5.261880940470235,235.62714512677664,2.410747577769402e-29,2.5004142098940266e-29,2.640126499322957e-29
5.263881940970485,235.53757434221905,2.3088969473415658e-29,2.393466351356922e-29,2.5251392496580033e-29
5.2658829414707355,235.44807163026644,2.2104629679517956e-29,2.2901501231407314e-29,2.4141273418896978e-29
5.267883941970985,235.35863691334694,2.1153469558980387e-29,2.1903617849864785e-29,2.306978882819033e-29
5.2698849424712355,235.26927011400636,2.0234608589808787e-29,2.0940084170945617e-29,2.203593010684746e-29
5.271885942971485,235.1799711549082,1.934725630013286e-29,2.0010059287007532e-29,2.1038773350456452e-29
5.2738869434717355,235.0907399588333,1.8490683704858508e-29,1.911275907373531e-29,2.0077443453237776e-29
5.275887943971986,235.00157644867966,1.7664187667312003e-29,1.8247418860973013e-29,1.9151074468223483e-29
5.277888944472236,234.91248054746217,1.6867055900068014e-29,1.7413258298570823e-29,1.8258774669189172e-29
5.279889944972486,234.82345217831258,1.6098537829432742e-29,1.6609453665608744e-29,1.739960152065005e-29
5.281890945472736,234.73449126447883,1.5357828002245733e-29,1.5835123999143558e-29,1.6572552383084476e-29
5.283891945972986,234.64559772932546,1.4644063816573505e-29,1.5089332300701751e-29,1.5776571331064266e-29
5.285892946473236,234.55677149633274,1.395633893856713e-29,1.4371102504787444e-29,1.50105716749575e-29
5.287893946973487,234.468012489097,1.3293729074160984e-29,1.3679448184595218e-29,1.4273469077934475e-29
5.289894947473737,234.37932063133005,1.2655324994388136e-29,1.301340733893325e-29,1.3564218777906086e-29
5.291895947973987,234.2906958468592,1.2040266647608343e-29,1.2372076744737871e-29,1.2881849914923616e-29
5.293896948474236,234.20213805962678,1.1447771497950884e-29,1.1754638967838268e-29,1.2225490060380368e-29
5.295897948974487,234.1136471936901,1.0877151558194281e-29,1.1160376761235833e-29,1.1594375161657698e-29
5.297898949474737,234.0252231732213,1.0327816147957667e-29,1.0588672365848906e-29,1.0987843239272747e-29
5.2998999499749875,233.93686592250694,9.799259124932538e-30,1.0038991138014199e-29,1.0405312353473835e-29
5.301900950475238,233.848575365948,9.291033811489016e-30,9.510853396755088e-30,9.846247787464511e-30
5.3039019509754874,233.7603514280594,8.802719580289368e-30,9.00379903845102e-30,9.310123877956978e-30
5.305902951475737,233.67219403347008,8.333887021293378e-30,8.517352213068528e-30,8.796388310205967e-30
5.307903951975987,233.58410310692238,7.884067803179286e-30,8.050992248503986e-30,8.304435105926344e-30
5.309904952476238,233.4960785732724,7.452735273799123e-30,7.604136666325324e-30,7.833591753480667e-30
5.311905952976488,233.40812035748928,7.039299064213141e-30,7.176139068500415e-30,7.383122439005132e-30
5.313906953476739,233.3202283846552,6.643114842511535e-30,6.766302415981346e-30,6.95224687956919e-30
5.315907953976988,233.23240257996517,6.2635070082606946e-30,6.37390480304038e-30,6.540170781190305e-30
5.317908954477238,233.1446428687268,5.899800026494523e-30,5.9982328388448935e-30,6.146122139342847e-30
5.319909954977488,233.05694917635998,5.551352397090134e-30,5.6386162347070736e-30,5.7693864140067586e-30
5.321910955477739,232.96932142839685,5.217586242268964e-30,5.2944564624123534e-30,5.409333333081929e-30
5.323911955977989,232.88175955048155,4.8980071986653e-30,4.9652443542591454e-30,5.065430559230317e-30
5.3259129564782395,232.79426346836985,4.592211050353518e-30,4.650563505071497e-30,4.737241810370245e-30
5.327913956978489,232.70683310792919,4.299874732201921e-30,4.350077739795348e-30,4.4244087312718765e-30
5.329914957478739,232.61946839513823,4.020734913115703e-30,4.06350650958074e-30,4.126621413877328e-30
5.331915957978989,232.5321692560867,3.7545568094664255e-30,3.790591489937306e-30,3.8435817921649184e-30
5.333916958479239,232.44493561697539,3.501100210318133e-30,3.5310617599860095e-30,3.574967862366655e-30
5.33591795897949,232.35776740411566,3.260088559895902e-30,3.284603576123189e-30,3.3204049333670335e-30
5.337918959479739,232.27066454392954,3.0311873076324087e-30,3.0508407974043617e-30,3.079449650298509e-30
5.33991995997999,232.18362696294906,2.813995212373612e-30,2.829329254466601e-30,2.8515893970764707e-30
5.341920960480239,232.09665458781666,2.608050375309363e-30,2.6195662348555694e-30,2.6362572649757724e-30
5.34392196098049,232.00974734528435,2.412850299518209e-30,2.4210137184418218e-30,2.432860166208804e-30
5.34592296148074,231.922905162214,2.2278803759801066e-30,2.2331291645963877e-30,2.2408129745439336e-30
5.347923961980991,231.83612796557688,2.052647494587804e-30,2.0554000853212128e-30,2.059574251214206e-30
5.34992496248124,231.7494156824536,1.8867103853520943e-30,1.8873738570962543e-30,1.888674833918962e-30
5.351925962981491,231.66276824003364,1.7297021304299038e-30,1.7286782824585468e-30,1.7277349893962417e-30
5.35392696348174,231.57618556561553,1.5813398135481007e-30,1.57902826837308e-30,1.5764661882952953e-30
5.355927963981991,231.48966758660626,1.4414193914974185e-30,1.4382172673651287e-30,1.4346570754280627e-30
5.357928964482241,231.40321423052143,1.309797771085348e-30,1.3060960994015225e-30,1.3021472675374195e-30
5.359929964982491,231.3168254249848,1.18636407893756e-30,1.182541798693425e-30,1.1787926323186883e-30
5.361930965482741,231.23050109772822,1.0710069530114581e-30,1.0674237286581275e-30,1.0644299020526873e-30
5.363931965982991,231.14424117659127,9.635825793283634e-31,9.605719516523257e-31,9.58845948961555e-31
5.365932966483241,231.0580455895213,8.638916706912348e-31,8.617559292542022e-31,8.617595409783837e-31
5.367933966983491,230.97191426457294,7.716672838846683e-31,7.7067516425495584e-31,7.728166677354265e-31
5.369934967483742,230.88584712990823,6.865777509048718e-31,6.869654714756954e-31,6.916021568580532e-31
5.371935967983992,230.79984411379613,6.082428752323573e-31,6.102184058878816e-31,6.17664111028078e-31
5.373936968484242,230.7139051446125,5.362605549250795e-31,5.400103976003832e-31,5.505467653709903e-31
5.375937968984492,230.6280301508398,4.702389387724584e-31,4.759361899971727e-31,4.898256071656401e-31
5.377938969484742,230.54221906106693,4.098275383190432e-31,4.176397991840555e-31,4.351377137277242e-31
5.379939969984992,230.45647180398902,3.5474146395139293e-31,3.648371542300819e-31,3.8620153206127975e-31
5.381940970485243,230.3707883084073,3.047742285398186e-31,3.1732620530761563e-31,3.42822490180502e-31
5.383941970985493,230.2851685032288,2.5979642686392422e-31,2.749823025892382e-31,3.048830726306211e-31
5.3859429714857425,230.1996123174662,2.197411235786964e-31,2.3774030796548207e-31,2.723198324195554e-31
5.387943971985992,230.1141196802377,1.8457781642457604e-31,2.05565953744118e-31,2.4509085943734302e-31
5.3899449724862425,230.02869052076665,1.54281017708264e-31,1.7842295524989671e-31,2.2314090404137086e-31
5.391945972986493,229.9433247683815,1.2879874235694085e-31,1.5624145726536196e-31,2.0637013209772217e-31
5.393946973486743,229.85802235251563,1.0802699028365866e-31,1.3889390991270066e-31,1.9461254537744679e-31
5.395947973986994,229.77278320270705,9.179557984735472e-32,1.2618343694716226e-31,1.8762860454488253e-31
5.397948974487243,229.6876072485983,7.986702674694703e-32,1.1784592064553712e-31,1.8511248502307535e-31
5.399949974987493,229.6024944199361,7.194978263925516e-32,1.1356648845704095e-31,1.8671363908745178e-31
5.401950975487743,229.51744464657128,6.772220235024952e-32,1.1300614798431592e-31,1.9206743857945616e-31
5.403951975987994,229.4324578584587,6.686298447663721e-32,1.1583382361929809e-31,2.0082941284122873e-31
5.405952976488244,229.34753398565675,6.908269393176259e-32,1.2175805990402333e-31,2.12706870196751e-31
5.407953976988495,229.26267295832753,7.414933811908656e-32,1.3055138504620386e-31,2.27480995542028e-31
5.409954977488744,229.17787470673633,8.190412265941061e-32,1.420636385057739e-31,2.450160815546307e-31
5.411955977988994,229.09313916125157,9.226352438513161e-32,1.5622092320252622e-31,2.652534240270701e-31
5.413956978489244,229.00846625234465,1.0520790110145813e-31,1.730109520304032e-31,2.881915484604035e-31
5.4159579789894945,228.92385591058977,1.2075868035574083e-31,1.9245747414874241e-31,3.1385646015426697e-31
5.417958979489745,228.83930806666356,1.3894837495669746e-31,2.145885680668375e-31,3.422675190250167e-31
5.419959979989995,228.75482265134522,1.5978922011257823e-31,2.394048907597392e-31,3.734054379954907e-31
5.421960980490245,228.670399595516,1.8324660713669652e-31,2.668541474644592e-31,4.071887396390126e-31
5.423961980990494,228.5860388301591,2.0922194493452267e-31,2.9681620444569804e-31,4.434626970689656e-31
5.425962981490745,228.50174028635965,2.3754895562779396e-31,3.2910241210788705e-31,4.820035812736806e-31
5.427963981990995,228.41750389530435,2.6800287029637103e-31,3.6346802302007425e-31,5.225361542846078e-31
5.429964982491246,228.33332958828134,3.003219035655262e-31,3.996364735286514e-31,5.647622157485335e-31
5.431965982991495,228.24921729668003,3.3423613370262487e-31,4.373301010799606e-31,6.083939334310102e-31
5.433966983491746,228.16516695199078,3.694983442665468e-31,4.763015244362939e-31,6.531857189392712e-31
5.435967983991995,228.08117848580503,4.05911150805336e-31,5.163598978381579e-31,6.989587513246545e-31
5.437968984492246,227.99725182981464,4.433449600464403e-31,5.5738675717494955e-31,7.456132037444772e-31
5.439969984992496,227.91338691581223,4.81743441376263e-31,5.993385502985123e-31,7.931259689444862e-31
5.4419709854927465,227.82958367569057,5.211155495169239e-31,6.422354503014694e-31,8.415343980908245e-31
5.443971985992996,227.7458420414427,5.615154747034458e-31,6.861384435418142e-31,8.909090163191054e-31
5.4459729864932465,227.66216194516142,6.030148581545148e-31,7.311195722808261e-31,9.413209232746836e-31
5.447973986993496,227.57854331903954,6.456716489925909e-31,7.772300851430076e-31,9.928091736187245e-31
5.449974987493746,227.49498609536923,6.895028969099391e-31,8.24473919136268e-31,1.0453556995977972e-30
5.451975987993997,227.41149020654217,7.344652083540465e-31,8.727901006239861e-31,1.0988710744410355e-30
5.453976988494247,227.32805558504927,7.804479464877276e-31,9.220487718750577e-31,1.1531951775769254e-30
5.455977988994497,227.2446821634805,8.27279122849036e-31,9.720602493898056e-31,1.2081112778634398e-30
5.457978989494747,227.16136987452452,8.747439967681795e-31,1.0225965131706874e-30,1.263371958645561e-30
5.459979989994997,227.07811865096892,9.226118240530618e-31,1.0734200295421424e-30,1.3187309571991064e-30
5.461980990495247,226.9949284256995,9.70666259150004e-31,1.124315005801579e-30,1.37397542901194e-30
5.463981990995498,226.9117991317006,1.0187330994561948e-30,1.1751146098284032e-30,1.4289519870910994e-30
5.465982991495748,226.8287307020546,1.0667003952492647e-30,1.2257192820974172e-30,1.4835818754610806e-30
5.467983991995998,226.7457230699419,1.1145270840549528e-30,1.276102647379473e-30,1.537862391881204e-30
5.469984992496248,226.66277616864053,1.1622381216107864e-30,1.3263035164662401e-30,1.5918539037787906e-30
5.471985992996498,226.57988993152628,1.2099077019178537e-30,1.3764061765354005e-30,1.6456556209410582e-30
5.473986993496748,226.4970642920722,1.2576334599283396e-30,1.4265124098038746e-30,1.6993744073463696e-30
5.475987993996998,226.4142991838487,1.3055062483353045e-30,1.4767102694134443e-30,1.753092301581388e-30
5.477988994497249,226.33159454052324,1.3535822455409385e-30,1.5270465251242089e-30,1.80683984635385e-30
5.479989994997498,226.24895029586014,1.4018616211437933e-30,1.5775069679700986e-30,1.860579285688218e-30
5.481990995497748,226.16636638372043,1.4502787575647263e-30,1.6280092257510407e-30,1.9142016803419542e-30
5.483991995997998,226.08384273806158,1.4987050281667198e-30,1.6784086159969133e-30,1.9675376770583917e-30
5.485992996498249,226.00137929293757,1.5469642070361311e-30,1.7285164992121113e-30,2.0203804203172388e-30
5.487993996998499,225.9189759824985,1.5948571443003937e-30,1.778127215971e-30,2.0725158360011557e-30
5.48999499749875,225.83663274099044,1.6421910929706478e-30,1.82704856221106e-30,2.1237546038894488e-30
5.491995997998999,225.7543495027554,1.6888080573654575e-30,1.875129948328029e-30,2.173959671466951e-30
5.493996998499249,225.67212620223086,1.734606588893218e-30,1.92228271733013e-30,2.2230639279333727e-30
5.495997998999499,225.58996277394985,1.779553220244593e-30,1.9684890926905532e-30,2.271075009965836e-30
5.49799899949975,225.50785915254082,1.8236809601373256e-30,2.013797654532112e-30,2.3180659319535683e-30
5.5,225.42581527272725,1.8670754566079895e-30,2.0583065387251158e-30,2.3641536754795452e-30
