E_eV,lambda_nm,sigma_total,sigma_triplet,sigma_1,sigma_2,sigma_3,sigma_4,sigma_5,sigma_6,sigma_7,sigma_8
1.50000,826.56,1.3612e-29,1.3496e-29,6.5322e-32,2.9886e-31,1.3132e-29,1.6789e-32,1.2724e-35,1.0222e-33,1.2449e-32,8.5925e-32
1.50138,825.80,1.3718e-29,1.3602e-29,1.2316e-30,2.5725e-31,1.2113e-29,1.6790e-32,1.2727e-35,1.0228e-33,1.2482e-32,8.5994e-32
1.50275,825.05,1.3063e-29,1.2947e-29,2.8012e-30,1.9107e-31,9.9544e-30,1.6799e-32,1.2730e-35,1.0236e-33,1.2483e-32,8.6155e-32
1.50413,824.29,1.1201e-29,1.1085e-29,4.1468e-30,1.0589e-31,6.8319e-30,1.6809e-32,1.2734e-35,1.0243e-33,1.2488e-32,8.6232e-32
1.50550,823.54,8.3044e-30,8.1877e-30,5.1391e-30,3.3768e-32,3.0149e-30,1.6814e-32,1.2737e-35,1.0249e-33,1.2481e-32,8.6379e-32
1.50688,822.79,7.1593e-30,7.0424e-30,5.6786e-30,7.9650e-32,1.2842e-30,1.6823e-32,1.2741e-35,1.0256e-33,1.2474e-32,8.6522e-32
1.50825,822.04,1.0099e-29,9.9822e-30,5.7055e-30,1.3155e-31,4.1451e-30,1.6830e-32,1.2746e-35,1.0259e-33,1.2482e-32,8.6634e-32
1.50963,821.29,1.7597e-29,1.7480e-29,5.2058e-30,1.7246e-31,1.2102e-29,1.6849e-32,1.2750e-35,1.0261e-33,1.2468e-32,8.6739e-32
1.51100,820.54,2.3616e-29,2.3499e-29,4.2137e-30,1.9837e-31,1.9086e-29,1.6870e-32,1.2755e-35,1.0266e-33,1.2472e-32,8.6916e-32
1.51238,819.80,2.7570e-29,2.7452e-29,2.8099e-30,2.0657e-31,2.4436e-29,1.6892e-32,1.2760e-35,1.0269e-33,1.2473e-32,8.7007e-32
1.51376,819.05,2.9052e-29,2.8934e-29,1.1146e-30,1.9590e-31,2.7624e-29,1.6917e-32,1.2765e-35,1.0271e-33,1.2480e-32,8.7105e-32
1.51513,818.31,2.9502e-29,2.9385e-29,9.0214e-31,1.6692e-31,2.8315e-29,1.6954e-32,1.2770e-35,1.0274e-33,1.2476e-32,8.7276e-32
1.51651,817.56,2.8626e-29,2.8508e-29,1.9865e-30,1.2190e-31,2.6399e-29,1.6992e-32,1.2775e-35,1.0277e-33,1.2471e-32,8.7398e-32
1.51788,816.82,2.5099e-29,2.4981e-29,2.9127e-30,6.4619e-32,2.2004e-29,1.7030e-32,1.2780e-35,1.0280e-33,1.2478e-32,8.7542e-32
1.51926,816.08,1.9198e-29,1.9080e-29,3.5916e-30,8.1222e-35,1.5488e-29,1.7074e-32,1.2785e-35,1.0284e-33,1.2482e-32,8.7616e-32
1.52063,815.35,1.2397e-29,1.2279e-29,3.9547e-30,6.0569e-32,8.2638e-30,1.7114e-32,1.2789e-35,1.0290e-33,1.2478e-32,8.7778e-32
1.52201,814.61,9.7129e-30,9.5943e-30,3.9609e-30,1.6852e-31,5.4649e-30,1.7147e-32,1.2794e-35,1.0297e-33,1.2484e-32,8.7897e-32
1.52338,813.87,1.2679e-29,1.2560e-29,3.6013e-30,2.6329e-31,8.6955e-30,1.7185e-32,1.2798e-35,1.0305e-33,1.2483e-32,8.8010e-32
1.52476,813.14,1.5701e-29,1.5583e-29,2.9003e-30,3.3586e-31,1.2346e-29,1.7209e-32,1.2803e-35,1.0313e-33,1.2491e-32,8.8139e-32
1.52614,812.41,1.7344e-29,1.7225e-29,1.9144e-30,3.7905e-31,1.4931e-29,1.7232e-32,1.2807e-35,1.0323e-33,1.2494e-32,8.8228e-32
1.52751,811.67,1.7424e-29,1.7305e-29,7.2797e-31,3.8824e-31,1.6189e-29,1.7254e-32,1.2812e-35,1.0333e-33,1.2484e-32,8.8401e-32
1.52889,810.94,1.6748e-29,1.6629e-29,2.9313e-31,3.6183e-31,1.5974e-29,1.7263e-32,1.2816e-35,1.0343e-33,1.2486e-32,8.8508e-32
1.53026,810.22,1.6843e-29,1.6724e-29,2.1455e-30,3.0146e-31,1.4277e-29,1.7265e-32,1.2821e-35,1.0354e-33,1.2488e-32,8.8637e-32
1.53164,809.49,1.5624e-29,1.5505e-29,4.0712e-30,2.1193e-31,1.1222e-29,1.7278e-32,1.2826e-35,1.0362e-33,1.2491e-32,8.8833e-32
1.53301,808.76,1.2950e-29,1.2830e-29,5.6666e-30,1.0086e-31,7.0625e-30,1.7284e-32,1.2832e-35,1.0371e-33,1.2484e-32,8.8887e-32
1.53439,808.04,9.3729e-30,9.2530e-30,6.7763e-30,4.7086e-32,2.4297e-30,1.7288e-32,1.2838e-35,1.0379e-33,1.2482e-32,8.9003e-32
1.53576,807.31,9.8697e-30,9.7497e-30,7.2860e-30,1.1897e-31,2.3447e-30,1.7296e-32,1.2844e-35,1.0386e-33,1.2488e-32,8.9132e-32
1.53714,806.59,1.5715e-29,1.5595e-29,7.1341e-30,1.8158e-31,8.2791e-30,1.7309e-32,1.2850e-35,1.0392e-33,1.2476e-32,8.9313e-32
1.53852,805.87,2.4350e-29,2.4230e-29,6.3185e-30,2.2892e-31,1.7682e-29,1.7328e-32,1.2857e-35,1.0397e-33,1.2480e-32,8.9397e-32
1.53989,805.15,3.0909e-29,3.0788e-29,4.8984e-30,2.5626e-31,2.5634e-29,1.7348e-32,1.2864e-35,1.0402e-33,1.2478e-32,8.9526e-32
1.54127,804.43,3.4739e-29,3.4619e-29,2.9902e-30,2.6061e-31,3.1368e-29,1.7373e-32,1.2872e-35,1.0408e-33,1.2465e-32,8.9650e-32
1.54264,803.71,3.5549e-29,3.5428e-29,8.7764e-31,2.4101e-31,3.4309e-29,1.7408e-32,1.2878e-35,1.0410e-33,1.2469e-32,8.9780e-32
1.54402,803.00,3.6004e-29,3.5883e-29,1.5545e-30,1.9870e-31,3.4130e-29,1.7445e-32,1.2885e-35,1.0414e-33,1.2480e-32,8.9869e-32
1.54539,802.28,3.3944e-29,3.3823e-29,2.9035e-30,1.3704e-31,3.0783e-29,1.7491e-32,1.2892e-35,1.0418e-33,1.2468e-32,9.0032e-32
1.54677,801.57,2.8715e-29,2.8594e-29,4.0181e-30,6.1243e-32,2.4514e-29,1.7530e-32,1.2899e-35,1.0424e-33,1.2474e-32,9.0155e-32
1.54815,800.86,2.0757e-29,2.0636e-29,4.7893e-30,0.0000e+00,1.5846e-29,1.7573e-32,1.2906e-35,1.0429e-33,1.2472e-32,9.0277e-32
1.54952,800.15,1.4215e-29,1.4093e-29,5.1372e-30,1.1344e-31,8.8428e-30,1.7619e-32,1.2913e-35,1.0438e-33,1.2478e-32,9.0392e-32
1.55090,799.44,1.2545e-29,1.2423e-29,5.0188e-30,2.4662e-31,7.1577e-30,1.7674e-32,1.2919e-35,1.0447e-33,1.2448e-32,9.0558e-32
1.55227,798.73,1.7298e-29,1.7177e-29,4.4332e-30,3.6020e-31,1.2383e-29,1.7695e-32,1.2926e-35,1.0456e-33,1.2478e-32,9.0595e-32
1.55365,798.02,2.0566e-29,2.0444e-29,3.4224e-30,4.4326e-31,1.6578e-29,1.7719e-32,1.2932e-35,1.0468e-33,1.2480e-32,9.0756e-32
1.55502,797.31,2.2009e-29,2.1887e-29,2.0690e-30,4.8740e-31,1.9331e-29,1.7739e-32,1.2939e-35,1.0480e-33,1.2483e-32,9.0892e-32
1.55640,796.61,2.1453e-29,2.1330e-29,4.8897e-31,4.8764e-31,2.0354e-29,1.7753e-32,1.2945e-35,1.0492e-33,1.2493e-32,9.0960e-32
1.55777,795.91,2.0944e-29,2.0822e-29,8.6501e-31,4.4289e-31,1.9514e-29,1.7769e-32,1.2952e-35,1.0505e-33,1.2476e-32,9.1142e-32
1.55915,795.20,2.0841e-29,2.0718e-29,3.5158e-30,3.5619e-31,1.6846e-29,1.7770e-32,1.2959e-35,1.0516e-33,1.2487e-32,9.1224e-32
1.56053,794.50,1.8825e-29,1.8702e-29,5.9106e-30,2.3453e-31,1.2557e-29,1.7774e-32,1.2966e-35,1.0527e-33,1.2481e-32,9.1357e-32
1.56190,793.80,1.5038e-29,1.4916e-29,7.8212e-30,8.8254e-32,7.0060e-30,1.7775e-32,1.2974e-35,1.0538e-33,1.2479e-32,9.1521e-32
1.56328,793.10,1.1238e-29,1.1115e-29,9.0581e-30,8.5119e-32,1.9718e-30,1.7785e-32,1.2982e-35,1.0548e-33,1.2479e-32,9.1593e-32
1.56465,792.41,1.3813e-29,1.3690e-29,9.4889e-30,1.7529e-31,4.0256e-30,1.7786e-32,1.2990e-35,1.0556e-33,1.2488e-32,9.1690e-32
1.56603,791.71,2.3669e-29,2.3545e-29,9.0523e-30,2.5158e-31,1.4241e-29,1.7805e-32,1.2999e-35,1.0563e-33,1.2463e-32,9.1858e-32
1.56740,791.02,3.3569e-29,3.3446e-29,7.7654e-30,3.0659e-31,2.5374e-29,1.7820e-32,1.3008e-35,1.0569e-33,1.2472e-32,9.1939e-32
1.56878,790.32,4.0571e-29,4.0448e-29,5.7243e-30,3.3470e-31,3.4388e-29,1.7838e-32,1.3017e-35,1.0576e-33,1.2471e-32,9.2091e-32
1.57015,789.63,4.3957e-29,4.3833e-29,3.0974e-30,3.3264e-31,4.0403e-29,1.7867e-32,1.3027e-35,1.0584e-33,1.2472e-32,9.2176e-32
1.57153,788.94,4.4344e-29,4.4221e-29,1.1262e-30,2.9981e-31,4.2795e-29,1.7917e-32,1.3036e-35,1.0587e-33,1.2460e-32,9.2302e-32
1.57291,788.25,4.4166e-29,4.4042e-29,2.5398e-30,2.3845e-31,4.1263e-29,1.7948e-32,1.3045e-35,1.0592e-33,1.2477e-32,9.2439e-32
1.57428,787.56,4.0383e-29,4.0259e-29,4.2394e-30,1.5348e-31,3.5866e-29,1.7993e-32,1.3054e-35,1.0598e-33,1.2466e-32,9.2541e-32
1.57566,786.87,3.2789e-29,3.2665e-29,5.5931e-30,5.2120e-32,2.7019e-29,1.8043e-32,1.3063e-35,1.0604e-33,1.2477e-32,9.2667e-32
1.57703,786.19,2.2505e-29,2.2381e-29,6.4662e-30,1.1852e-32,1.5903e-29,1.8085e-32,1.3072e-35,1.0612e-33,1.2483e-32,9.2758e-32
1.57841,785.50,1.7086e-29,1.6961e-29,6.7648e-30,1.9180e-31,1.0005e-29,1.8144e-32,1.3080e-35,1.0621e-33,1.2469e-32,9.2968e-32
1.57978,784.82,1.8186e-29,1.8061e-29,6.4452e-30,3.5870e-31,1.1257e-29,1.8189e-32,1.3089e-35,1.0634e-33,1.2485e-32,9.3021e-32
1.58116,784.14,2.3681e-29,2.3556e-29,5.5199e-30,4.9685e-31,1.7539e-29,1.8229e-32,1.3097e-35,1.0645e-33,1.2488e-32,9.3178e-32
1.58253,783.45,2.7119e-29,2.6994e-29,4.0576e-30,5.9275e-31,2.2344e-29,1.8234e-32,1.3105e-35,1.0660e-33,1.2485e-32,9.3268e-32
1.58391,782.77,2.8132e-29,2.8006e-29,2.1784e-30,6.3648e-31,2.5191e-29,1.8249e-32,1.3114e-35,1.0674e-33,1.2487e-32,9.3389e-32
1.58529,782.09,2.6562e-29,2.6437e-29,4.4378e-32,6.2262e-31,2.5770e-29,1.8254e-32,1.3123e-35,1.0689e-33,1.2483e-32,9.3460e-32
1.58666,781.42,2.6813e-29,2.6687e-29,2.1663e-30,5.5093e-31,2.3970e-29,1.8263e-32,1.3131e-35,1.0702e-33,1.2487e-32,9.3601e-32
1.58804,780.74,2.6078e-29,2.5952e-29,5.6239e-30,4.2649e-31,1.9902e-29,1.8266e-32,1.3140e-35,1.0716e-33,1.2490e-32,9.3706e-32
1.58941,780.06,2.2933e-29,2.2807e-29,8.6614e-30,2.5935e-31,1.3887e-29,1.8262e-32,1.3150e-35,1.0729e-33,1.2484e-32,9.3825e-32
1.59079,779.39,1.7627e-29,1.7501e-29,1.0985e-29,8.1847e-32,6.4345e-30,1.8261e-32,1.3160e-35,1.0742e-33,1.2470e-32,9.3858e-32
1.59216,778.72,1.5719e-29,1.5593e-29,1.2359e-29,1.4262e-31,3.0918e-30,1.8272e-32,1.3170e-35,1.0753e-33,1.2484e-32,9.4003e-32
1.59354,778.04,2.0967e-29,2.0841e-29,1.2627e-29,2.5744e-31,7.9567e-30,1.8279e-32,1.3180e-35,1.0762e-33,1.2478e-32,9.4164e-32
1.59491,777.37,3.5168e-29,3.5042e-29,1.1732e-29,3.5164e-31,2.2959e-29,1.8286e-32,1.3191e-35,1.0770e-33,1.2485e-32,9.4229e-32
1.59629,776.70,4.6435e-29,4.6309e-29,9.7213e-30,4.1598e-31,3.6172e-29,1.8304e-32,1.3202e-35,1.0779e-33,1.2473e-32,9.4383e-32
1.59767,776.03,5.3642e-29,5.3516e-29,6.7475e-30,4.4368e-31,4.6324e-29,1.8321e-32,1.3213e-35,1.0787e-33,1.2475e-32,9.4471e-32
1.59904,775.37,5.6016e-29,5.5889e-29,3.0567e-30,4.3118e-31,5.2402e-29,1.8352e-32,1.3224e-35,1.0794e-33,1.2477e-32,9.4600e-32
1.60042,774.70,5.5825e-29,5.5698e-29,1.5777e-30,3.7849e-31,5.3742e-29,1.8394e-32,1.3235e-35,1.0800e-33,1.2478e-32,9.4693e-32
1.60179,774.03,5.4582e-29,5.4455e-29,4.0567e-30,2.8935e-31,5.0109e-29,1.8439e-32,1.3246e-35,1.0805e-33,1.2478e-32,9.4822e-32
1.60317,773.37,4.8254e-29,4.8127e-29,6.2337e-30,1.7096e-31,4.1722e-29,1.8486e-32,1.3257e-35,1.0811e-33,1.2476e-32,9.4965e-32
1.60454,772.71,3.7309e-29,3.7182e-29,7.8983e-30,3.3406e-32,2.9250e-29,1.8537e-32,1.3268e-35,1.0821e-33,1.2490e-32,9.5007e-32
1.60592,772.05,2.5033e-29,2.4906e-29,8.8808e-30,7.4146e-32,1.5951e-29,1.8591e-32,1.3279e-35,1.0831e-33,1.2489e-32,9.5159e-32
1.60729,771.38,2.1107e-29,2.0980e-29,9.0698e-30,3.1002e-31,1.1600e-29,1.8653e-32,1.3289e-35,1.0843e-33,1.2499e-32,9.5226e-32
1.60867,770.72,2.6364e-29,2.6237e-29,8.4236e-30,5.2411e-31,1.7289e-29,1.8709e-32,1.3299e-35,1.0856e-33,1.2486e-32,9.5391e-32
1.61005,770.07,3.2679e-29,3.2551e-29,6.9767e-30,6.9605e-31,2.4878e-29,1.8728e-32,1.3309e-35,1.0872e-33,1.2499e-32,9.5458e-32
1.61142,769.41,3.6128e-29,3.6000e-29,4.8383e-30,8.0879e-31,3.0353e-29,1.8735e-32,1.3319e-35,1.0885e-33,1.2494e-32,9.5628e-32
1.61280,768.75,3.6311e-29,3.6183e-29,2.1852e-30,8.5022e-31,3.3148e-29,1.8720e-32,1.3330e-35,1.0905e-33,1.2487e-32,9.5638e-32
1.61417,768.10,3.4235e-29,3.4107e-29,3.5829e-31,8.1442e-31,3.2934e-29,1.8735e-32,1.3340e-35,1.0919e-33,1.2505e-32,9.5785e-32
1.61555,767.44,3.4827e-29,3.4699e-29,4.3447e-30,7.0241e-31,2.9652e-29,1.8733e-32,1.3350e-35,1.0935e-33,1.2509e-32,9.5868e-32
1.61692,766.79,3.3170e-29,3.3042e-29,8.9942e-30,5.2224e-31,2.3526e-29,1.8733e-32,1.3361e-35,1.0948e-33,1.2514e-32,9.5988e-32
1.61830,766.14,2.8429e-29,2.8301e-29,1.2964e-29,2.8846e-31,1.5048e-29,1.8723e-32,1.3372e-35,1.0965e-33,1.2504e-32,9.6087e-32
1.61967,765.49,2.1896e-29,2.1767e-29,1.5864e-29,8.6527e-32,5.8166e-30,1.8727e-32,1.3384e-35,1.0979e-33,1.2504e-32,9.6202e-32
1.62105,764.84,2.4071e-29,2.3943e-29,1.7389e-29,2.3102e-31,6.3229e-30,1.8728e-32,1.3396e-35,1.0990e-33,1.2509e-32,9.6274e-32
1.62243,764.19,3.5252e-29,3.5123e-29,1.7350e-29,3.8014e-31,1.7393e-29,1.8724e-32,1.3408e-35,1.1000e-33,1.2526e-32,9.6350e-32
1.62380,763.54,5.2337e-29,5.2208e-29,1.5698e-29,4.9864e-31,3.6011e-29,1.8742e-32,1.3421e-35,1.1010e-33,1.2505e-32,9.6520e-32
1.62518,762.90,6.4977e-29,6.4848e-29,1.2530e-29,5.7467e-31,5.1743e-29,1.8757e-32,1.3433e-35,1.1020e-33,1.2506e-32,9.6603e-32
1.62655,762.25,7.1862e-29,7.1733e-29,8.0860e-30,5.9991e-31,6.3047e-29,1.8781e-32,1.3446e-35,1.1029e-33,1.2497e-32,9.6737e-32
1.62793,761.61,7.2187e-29,7.2057e-29,2.7339e-30,5.7048e-31,6.8753e-29,1.8804e-32,1.3459e-35,1.1036e-33,1.2510e-32,9.6799e-32
1.62930,760.96,7.1914e-29,7.1785e-29,3.1161e-30,4.8741e-31,6.8182e-29,1.8850e-32,1.3472e-35,1.1043e-33,1.2505e-32,9.6924e-32
1.63068,760.32,6.8163e-29,6.8034e-29,6.4558e-30,3.5672e-31,6.1221e-29,1.8900e-32,1.3485e-35,1.1049e-33,1.2511e-32,9.7018e-32
1.63206,759.68,5.7978e-29,5.7849e-29,9.3068e-30,1.8899e-31,4.8353e-29,1.8961e-32,1.3497e-35,1.1057e-33,1.2483e-32,9.7164e-32
1.63343,759.04,4.2140e-29,4.2010e-29,1.1389e-29,0.0000e+00,3.0621e-29,1.9004e-32,1.3509e-35,1.1067e-33,1.2523e-32,9.7271e-32
1.63481,758.40,3.0523e-29,3.0393e-29,1.2483e-29,1.7357e-31,1.7737e-29,1.9079e-32,1.3521e-35,1.1080e-33,1.2519e-32,9.7322e-32
1.63618,757.77,2.8071e-29,2.7941e-29,1.2455e-29,4.9315e-31,1.4993e-29,1.9141e-32,1.3533e-35,1.1094e-33,1.2522e-32,9.7406e-32
1.63756,757.13,3.8528e-29,3.8397e-29,1.1269e-29,7.7782e-31,2.6351e-29,1.9181e-32,1.3545e-35,1.1111e-33,1.2517e-32,9.7504e-32
1.63893,756.49,4.5702e-29,4.5572e-29,8.9965e-30,1.0003e-30,3.5575e-29,1.9206e-32,1.3556e-35,1.1125e-33,1.2525e-32,9.7638e-32
1.64031,755.86,4.8826e-29,4.8696e-29,5.8110e-30,1.1380e-30,4.1747e-29,1.9194e-32,1.3567e-35,1.1143e-33,1.2528e-32,9.7695e-32
1.64168,755.23,4.7487e-29,4.7356e-29,1.9764e-30,1.1755e-30,4.4204e-29,1.9181e-32,1.3579e-35,1.1161e-33,1.2525e-32,9.7819e-32
1.64306,754.59,4.5193e-29,4.5063e-29,1.3443e-30,1.1059e-30,4.2613e-29,1.9169e-32,1.3591e-35,1.1179e-33,1.2543e-32,9.7839e-32
1.64444,753.96,4.6195e-29,4.6064e-29,8.1297e-30,9.3208e-31,3.7002e-29,1.9165e-32,1.3603e-35,1.1197e-33,1.2540e-32,9.8005e-32
1.64581,753.33,4.3265e-29,4.3134e-29,1.4688e-29,6.6637e-31,2.7780e-29,1.9151e-32,1.3615e-35,1.1213e-33,1.2544e-32,9.8037e-32
1.64719,752.70,3.6299e-29,3.6168e-29,2.0140e-29,3.3002e-31,1.5698e-29,1.9154e-32,1.3627e-35,1.1228e-33,1.2532e-32,9.8209e-32
1.64856,752.07,3.0315e-29,3.0184e-29,2.3939e-29,1.4455e-31,6.1007e-30,1.9149e-32,1.3640e-35,1.1242e-33,1.2539e-32,9.8283e-32
1.64994,751.45,3.8546e-29,3.8415e-29,2.5665e-29,3.7021e-31,1.2380e-29,1.9144e-32,1.3654e-35,1.1255e-33,1.2540e-32,9.8388e-32
1.65131,750.82,5.8678e-29,5.8546e-29,2.5075e-29,5.6919e-31,3.2902e-29,1.9152e-32,1.3667e-35,1.1266e-33,1.2542e-32,9.8437e-32
1.65269,750.20,7.9299e-29,7.9168e-29,2.2130e-29,7.2223e-31,5.6316e-29,1.9151e-32,1.3681e-35,1.1277e-33,1.2548e-32,9.8563e-32
1.65406,749.57,9.3076e-29,9.2945e-29,1.7004e-29,8.1367e-31,7.5127e-29,1.9165e-32,1.3695e-35,1.1286e-33,1.2543e-32,9.8655e-32
1.65544,748.95,9.8483e-29,9.8351e-29,1.0083e-29,8.3298e-31,8.7435e-29,1.9183e-32,1.3710e-35,1.1296e-33,1.2550e-32,9.8746e-32
1.65682,748.33,9.5490e-29,9.5358e-29,2.6874e-30,7.7594e-31,9.1895e-29,1.9217e-32,1.3724e-35,1.1304e-33,1.2549e-32,9.8879e-32
1.65819,747.71,9.4378e-29,9.4246e-29,5.7495e-30,6.4520e-31,8.7852e-29,1.9264e-32,1.3738e-35,1.1310e-33,1.2556e-32,9.8920e-32
1.65957,747.09,8.6404e-29,8.6272e-29,1.0392e-29,4.5028e-31,7.5429e-29,1.9316e-32,1.3752e-35,1.1317e-33,1.2549e-32,9.9062e-32
1.66094,746.47,7.0118e-29,6.9986e-29,1.4241e-29,2.0697e-31,5.5538e-29,1.9369e-32,1.3765e-35,1.1325e-33,1.2566e-32,9.9115e-32
1.66232,745.85,4.9005e-29,4.8872e-29,1.6910e-29,0.0000e+00,3.1963e-29,1.9454e-32,1.3778e-35,1.1337e-33,1.2551e-32,9.9273e-32
1.66369,745.23,4.0749e-29,4.0616e-29,1.8106e-29,3.3018e-31,2.2180e-29,1.9526e-32,1.3791e-35,1.1351e-33,1.2576e-32,9.9315e-32
1.66507,744.62,4.4344e-29,4.4211e-29,1.7664e-29,7.8640e-31,2.5761e-29,1.9590e-32,1.3804e-35,1.1366e-33,1.2576e-32,9.9404e-32
1.66644,744.00,5.7243e-29,5.7110e-29,1.5561e-29,1.1883e-30,4.0361e-29,1.9620e-32,1.3816e-35,1.1383e-33,1.2583e-32,9.9483e-32
1.66782,743.39,6.5207e-29,6.5075e-29,1.1930e-29,1.4970e-30,5.1647e-29,1.9630e-32,1.3829e-35,1.1401e-33,1.2575e-32,9.9588e-32
1.66920,742.78,6.7326e-29,6.7193e-29,7.0497e-30,1.6806e-30,5.8463e-29,1.9607e-32,1.3841e-35,1.1419e-33,1.2588e-32,9.9676e-32
1.67057,742.17,6.3204e-29,6.3070e-29,1.3237e-30,1.7174e-30,6.0029e-29,1.9576e-32,1.3853e-35,1.1440e-33,1.2596e-32,9.9763e-32
1.67195,741.56,6.1890e-29,6.1757e-29,4.1256e-30,1.5982e-30,5.6033e-29,1.9563e-32,1.3866e-35,1.1459e-33,1.2590e-32,9.9834e-32
1.67332,740.95,6.3153e-29,6.3020e-29,1.5024e-29,1.3276e-30,4.6669e-29,1.9541e-32,1.3878e-35,1.1476e-33,1.2616e-32,9.9893e-32
1.67470,740.34,5.8755e-29,5.8622e-29,2.5061e-29,9.2407e-31,3.2637e-29,1.9537e-32,1.3892e-35,1.1494e-33,1.2594e-32,1.0002e-31
1.67607,739.73,4.8919e-29,4.8786e-29,3.3270e-29,4.1898e-31,1.5097e-29,1.9528e-32,1.3906e-35,1.1510e-33,1.2595e-32,1.0010e-31
1.67745,739.12,5.1015e-29,5.0882e-29,3.8807e-29,2.7774e-31,1.1797e-29,1.9517e-32,1.3920e-35,1.1525e-33,1.2596e-32,1.0022e-31
1.67882,738.52,6.7017e-29,6.6883e-29,4.1031e-29,5.9664e-31,2.5256e-29,1.9503e-32,1.3934e-35,1.1536e-33,1.2617e-32,1.0026e-31
1.68020,737.91,1.0039e-28,1.0026e-28,3.9571e-29,8.7236e-31,5.9815e-29,1.9509e-32,1.3948e-35,1.1547e-33,1.2606e-32,1.0041e-31
1.68158,737.31,1.2550e-28,1.2536e-28,3.4375e-29,1.0779e-30,8.9910e-29,1.9507e-32,1.3963e-35,1.1561e-33,1.2615e-32,1.0041e-31
1.68295,736.71,1.3960e-28,1.3947e-28,2.5729e-29,1.1916e-30,1.1255e-28,1.9525e-32,1.3978e-35,1.1571e-33,1.2601e-32,1.0057e-31
1.68433,736.11,1.4091e-28,1.4078e-28,1.4247e-29,1.1994e-30,1.2533e-28,1.9539e-32,1.3993e-35,1.1578e-33,1.2606e-32,1.0067e-31
1.68570,735.50,1.3187e-28,1.3174e-28,3.9329e-30,1.0967e-30,1.2671e-28,1.9575e-32,1.4008e-35,1.1587e-33,1.2617e-32,1.0073e-31
1.68708,734.90,1.2758e-28,1.2745e-28,1.0435e-29,8.8862e-31,1.1613e-28,1.9624e-32,1.4023e-35,1.1594e-33,1.2617e-32,1.0076e-31
1.68845,734.31,1.1206e-28,1.1193e-28,1.7177e-29,5.9024e-31,9.4161e-29,1.9680e-32,1.4037e-35,1.1599e-33,1.2619e-32,1.0088e-31
1.68983,733.71,8.5429e-29,8.5294e-29,2.2606e-29,2.2556e-31,6.2462e-29,1.9749e-32,1.4051e-35,1.1609e-33,1.2624e-32,1.0099e-31
1.69120,733.11,5.9955e-29,5.9820e-29,2.6162e-29,1.9941e-32,3.3638e-29,1.9848e-32,1.4065e-35,1.1620e-33,1.2628e-32,1.0105e-31
1.69258,732.52,5.7672e-29,5.7537e-29,2.7434e-29,5.5463e-31,2.9549e-29,1.9930e-32,1.4079e-35,1.1636e-33,1.2637e-32,1.0115e-31
1.69396,731.92,7.1359e-29,7.1224e-29,2.6204e-29,1.2667e-30,4.3753e-29,1.9996e-32,1.4091e-35,1.1647e-33,1.2663e-32,1.0130e-31
1.69533,731.33,8.7398e-29,8.7263e-29,2.2479e-29,1.8990e-30,6.2885e-29,2.0016e-32,1.4104e-35,1.1670e-33,1.2649e-32,1.0131e-31
1.69671,730.73,9.5815e-29,9.5680e-29,1.6494e-29,2.3910e-30,7.6795e-29,2.0001e-32,1.4117e-35,1.1688e-33,1.2662e-32,1.0138e-31
1.69808,730.14,9.5526e-29,9.5391e-29,8.7059e-30,2.6916e-30,8.3993e-29,1.9968e-32,1.4130e-35,1.1709e-33,1.2652e-32,1.0148e-31
1.69946,729.55,8.6466e-29,8.6331e-29,0.0000e+00,2.7645e-30,8.3566e-29,1.9919e-32,1.4142e-35,1.1730e-33,1.2668e-32,1.0156e-31
1.70083,728.96,8.6079e-29,8.5943e-29,8.0739e-30,2.5918e-30,7.5278e-29,1.9899e-32,1.4155e-35,1.1752e-33,1.2675e-32,1.0165e-31
1.70221,728.37,8.9187e-29,8.9052e-29,2.7257e-29,2.1764e-30,5.9619e-29,1.9873e-32,1.4169e-35,1.1770e-33,1.2670e-32,1.0170e-31
1.70358,727.78,8.4687e-29,8.4551e-29,4.5221e-29,1.5430e-30,3.7787e-29,1.9855e-32,1.4182e-35,1.1784e-33,1.2689e-32,1.0179e-31
1.70496,727.20,7.8591e-29,7.8455e-29,6.0301e-29,7.4450e-31,1.7410e-29,1.9847e-32,1.4196e-35,1.1801e-33,1.2668e-32,1.0192e-31
1.70634,726.61,1.0093e-28,1.0080e-28,7.0987e-29,5.9188e-31,2.9217e-29,1.9832e-32,1.4211e-35,1.1814e-33,1.2675e-32,1.0197e-31
1.70771,726.03,1.3941e-28,1.3927e-28,7.6069e-29,9.8089e-31,6.2221e-29,1.9817e-32,1.4225e-35,1.1827e-33,1.2679e-32,1.0206e-31
1.70909,725.44,1.8739e-28,1.8726e-28,7.4755e-29,1.3846e-30,1.1112e-28,1.9809e-32,1.4240e-35,1.1838e-33,1.2695e-32,1.0214e-31
1.71046,724.86,2.2015e-28,2.2001e-28,6.6758e-29,1.6779e-30,1.5158e-28,1.9810e-32,1.4256e-35,1.1851e-33,1.2680e-32,1.0226e-31
1.71184,724.28,2.3369e-28,2.3355e-28,5.2346e-29,1.8291e-30,1.7938e-28,1.9818e-32,1.4271e-35,1.1860e-33,1.2688e-32,1.0232e-31
1.71321,723.69,2.2561e-28,2.2547e-28,3.2345e-29,1.8181e-30,1.9131e-28,1.9841e-32,1.4287e-35,1.1869e-33,1.2674e-32,1.0241e-31
1.71459,723.11,2.0364e-28,2.0350e-28,1.6357e-29,1.6387e-30,1.8550e-28,1.9886e-32,1.4301e-35,1.1873e-33,1.2694e-32,1.0245e-31
1.71596,722.53,1.8236e-28,1.8222e-28,1.9235e-29,1.2999e-30,1.6169e-28,1.9939e-32,1.4316e-35,1.1879e-33,1.2694e-32,1.0255e-31
1.71734,721.95,1.5189e-28,1.5176e-28,2.9674e-29,8.2581e-31,1.2126e-28,1.9997e-32,1.4331e-35,1.1886e-33,1.2699e-32,1.0261e-31
1.71872,721.38,1.0551e-28,1.0538e-28,3.7867e-29,2.5386e-31,6.7254e-29,2.0104e-32,1.4345e-35,1.1895e-33,1.2706e-32,1.0271e-31
1.72009,720.80,8.6358e-29,8.6221e-29,4.2942e-29,1.3868e-31,4.3141e-29,2.0214e-32,1.4359e-35,1.1906e-33,1.2714e-32,1.0283e-31
1.72147,720.22,8.8808e-29,8.8671e-29,4.4269e-29,6.1565e-31,4.3787e-29,2.0295e-32,1.4372e-35,1.1922e-33,1.2715e-32,1.0288e-31
1.72284,719.65,1.1896e-28,1.1882e-28,4.1534e-29,1.9247e-30,7.5359e-29,2.0346e-32,1.4385e-35,1.1940e-33,1.2733e-32,1.0295e-31
1.72422,719.07,1.3919e-28,1.3905e-28,3.4783e-29,3.1604e-30,1.0111e-28,2.0355e-32,1.4397e-35,1.1956e-33,1.2743e-32,1.0303e-31
1.72559,718.50,1.4716e-28,1.4702e-28,2.4433e-29,4.2147e-30,1.1837e-28,2.0333e-32,1.4410e-35,1.1979e-33,1.2738e-32,1.0312e-31
1.72697,717.93,1.4156e-28,1.4143e-28,1.1259e-29,4.9884e-30,1.2518e-28,2.0267e-32,1.4422e-35,1.2000e-33,1.2750e-32,1.0319e-31
1.72835,717.36,1.2599e-28,1.2586e-28,0.0000e+00,5.3992e-30,1.2046e-28,2.0214e-32,1.4435e-35,1.2026e-33,1.2746e-32,1.0328e-31
1.72972,716.79,1.1601e-28,1.1588e-28,6.3253e-30,5.3891e-30,1.0416e-28,2.0184e-32,1.4448e-35,1.2049e-33,1.2755e-32,1.0336e-31
1.73110,716.22,9.7170e-29,9.7033e-29,1.4760e-29,4.9297e-30,7.7343e-29,2.0156e-32,1.4461e-35,1.2065e-33,1.2762e-32,1.0346e-31
1.73247,715.65,8.9032e-29,8.8895e-29,4.2793e-29,4.0257e-30,4.2076e-29,2.0132e-32,1.4475e-35,1.2076e-33,1.2771e-32,1.0351e-31
1.73385,715.08,1.1334e-28,1.1320e-28,8.5638e-29,2.8256e-30,2.4741e-29,2.0112e-32,1.4489e-35,1.2092e-33,1.2768e-32,1.0360e-31
1.73522,714.51,2.0521e-28,2.0507e-28,1.3012e-28,2.4788e-30,7.2470e-29,2.0093e-32,1.4503e-35,1.2106e-33,1.2770e-32,1.0368e-31
1.73660,713.95,3.2535e-28,3.2521e-28,1.7636e-28,1.8681e-30,1.4698e-28,2.0073e-32,1.4518e-35,1.2117e-33,1.2766e-32,1.0375e-31
1.73797,713.38,4.5385e-28,4.5371e-28,2.2560e-28,2.3111e-30,2.2579e-28,2.0064e-32,1.4533e-35,1.2128e-33,1.2783e-32,1.0385e-31
1.73935,712.82,5.7157e-28,5.7144e-28,2.8047e-28,2.7744e-30,2.8819e-28,2.0061e-32,1.4548e-35,1.2140e-33,1.2785e-32,1.0393e-31
1.74073,712.26,6.7556e-28,6.7542e-28,3.4512e-28,3.0066e-30,3.2729e-28,2.0079e-32,1.4563e-35,1.2148e-33,1.2778e-32,1.0403e-31
1.74210,711.69,7.6643e-28,7.6629e-28,4.2538e-28,2.9744e-30,3.3794e-28,2.0097e-32,1.4578e-35,1.2153e-33,1.2786e-32,1.0410e-31
1.74348,711.13,8.6931e-28,8.6917e-28,5.4925e-28,2.6670e-30,3.1726e-28,2.0149e-32,1.4593e-35,1.2160e-33,1.2787e-32,1.0412e-31
1.74485,710.57,9.8256e-28,9.8242e-28,7.1524e-28,2.0980e-30,2.6509e-28,2.0212e-32,1.4608e-35,1.2161e-33,1.2792e-32,1.0432e-31
1.74623,710.01,1.1062e-27,1.1061e-27,9.2066e-28,1.3055e-30,1.8410e-28,2.0289e-32,1.4622e-35,1.2167e-33,1.2794e-32,1.0435e-31
1.74760,709.45,1.2547e-27,1.2545e-27,1.1744e-27,3.4974e-31,7.9762e-29,2.0426e-32,1.4635e-35,1.2175e-33,1.2806e-32,1.0440e-31
1.74898,708.89,1.5532e-27,1.5531e-27,1.4866e-27,3.4479e-31,6.6115e-29,2.0546e-32,1.4649e-35,1.2190e-33,1.2807e-32,1.0448e-31
1.75035,708.34,1.9581e-27,1.9579e-27,1.8685e-27,9.7641e-31,8.8448e-29,2.0629e-32,1.4661e-35,1.2205e-33,1.2820e-32,1.0460e-31
1.75173,707.78,2.4691e-27,2.4689e-27,2.3323e-27,1.5406e-30,1.3510e-28,2.0667e-32,1.4674e-35,1.2223e-33,1.2825e-32,1.0467e-31
1.75311,707.23,3.0642e-27,3.0640e-27,2.8908e-27,1.9828e-30,1.7119e-28,2.0667e-32,1.4686e-35,1.2243e-33,1.2841e-32,1.0481e-31
1.75448,706.67,3.7561e-27,3.7560e-27,3.5576e-27,5.5918e-30,1.9278e-28,2.0628e-32,1.4697e-35,1.2260e-33,1.2841e-32,1.0482e-31
1.75586,706.12,4.5541e-27,4.5540e-27,4.3462e-27,1.0645e-29,1.9712e-28,2.0542e-32,1.4710e-35,1.2292e-33,1.2839e-32,1.0491e-31
1.75723,705.57,5.4800e-27,5.4799e-27,5.2805e-27,1.6472e-29,1.8294e-28,2.0467e-32,1.4722e-35,1.2318e-33,1.2857e-32,1.0500e-31
1.75861,705.01,6.5684e-27,6.5683e-27,6.3945e-27,2.3162e-29,1.5065e-28,2.0421e-32,1.4734e-35,1.2339e-33,1.2845e-32,1.0505e-31
1.75998,704.46,7.8021e-27,7.8019e-27,7.6687e-27,3.0851e-29,1.0239e-28,2.0397e-32,1.4747e-35,1.2352e-33,1.2862e-32,1.0515e-31
1.76136,703.91,9.1938e-27,9.1937e-27,9.1121e-27,3.9736e-29,4.1892e-29,2.0370e-32,1.4760e-35,1.2362e-33,1.2861e-32,1.0525e-31
1.76273,703.36,1.0784e-26,1.0784e-26,1.0734e-26,5.0369e-29,0.0000e+00,2.0334e-32,1.4774e-35,1.2374e-33,1.2877e-32,1.0528e-31
1.76411,702.81,1.2708e-26,1.2708e-26,1.2544e-26,6.4667e-29,9.9046e-29,2.0309e-32,1.4788e-35,1.2388e-33,1.2872e-32,1.0538e-31
1.76549,702.27,1.4931e-26,1.4931e-26,1.4554e-26,8.0999e-29,2.9620e-28,2.0288e-32,1.4802e-35,1.2399e-33,1.2869e-32,1.0551e-31
1.76686,701.72,1.7369e-26,1.7369e-26,1.6775e-26,9.9598e-29,4.9397e-28,2.0278e-32,1.4817e-35,1.2411e-33,1.2865e-32,1.0557e-31
1.76824,701.17,2.0027e-26,2.0027e-26,1.9224e-26,1.2076e-28,6.8197e-28,2.0275e-32,1.4832e-35,1.2420e-33,1.2877e-32,1.0561e-31
1.76961,700.63,2.2917e-26,2.2916e-26,2.1919e-26,1.4483e-28,8.5246e-28,2.0290e-32,1.4846e-35,1.2425e-33,1.2876e-32,1.0572e-31
1.77099,700.08,2.6055e-26,2.6055e-26,2.4881e-26,1.7225e-28,1.0018e-27,2.0321e-32,1.4861e-35,1.2430e-33,1.2879e-32,1.0581e-31
1.77236,699.54,2.9513e-26,2.9513e-26,2.8178e-26,2.0351e-28,1.1316e-27,2.0384e-32,1.4875e-35,1.2431e-33,1.2878e-32,1.0591e-31
1.77374,699.00,3.3299e-26,3.3299e-26,3.1810e-26,2.3916e-28,1.2501e-27,2.0453e-32,1.4889e-35,1.2433e-33,1.2890e-32,1.0603e-31
1.77511,698.46,3.7443e-26,3.7443e-26,3.5791e-26,2.7981e-28,1.3723e-27,2.0593e-32,1.4902e-35,1.2436e-33,1.2922e-32,1.0610e-31
1.77649,697.92,4.2007e-26,4.2007e-26,4.0153e-26,3.2612e-28,1.5275e-27,2.0740e-32,1.4915e-35,1.2448e-33,1.2907e-32,1.0611e-31
1.77787,697.38,4.7135e-26,4.7135e-26,4.4933e-26,3.8052e-28,1.8221e-27,2.0860e-32,1.4927e-35,1.2460e-33,1.2906e-32,1.0622e-31
1.77924,696.84,5.2863e-26,5.2863e-26,5.0169e-26,4.4310e-28,2.2502e-27,2.0945e-32,1.4940e-35,1.2477e-33,1.2914e-32,1.0629e-31
1.78062,696.30,5.9233e-26,5.9233e-26,5.5907e-26,5.1316e-28,2.8131e-27,2.0975e-32,1.4951e-35,1.2495e-33,1.2929e-32,1.0637e-31
1.78199,695.76,6.6303e-26,6.6303e-26,6.2191e-26,5.9114e-28,3.5207e-27,2.0951e-32,1.4962e-35,1.2513e-33,1.2943e-32,1.0647e-31
1.78337,695.22,7.4154e-26,7.4154e-26,6.9071e-26,6.7748e-28,4.4058e-27,2.0883e-32,1.4973e-35,1.2542e-33,1.2943e-32,1.0653e-31
1.78474,694.69,8.2873e-26,8.2873e-26,7.6597e-26,7.7262e-28,5.5037e-27,2.0770e-32,1.4985e-35,1.2572e-33,1.2947e-32,1.0665e-31
1.78612,694.15,9.2558e-26,9.2558e-26,8.4830e-26,8.7707e-28,6.8512e-27,2.0689e-32,1.4996e-35,1.2597e-33,1.2948e-32,1.0674e-31
1.78749,693.62,1.0336e-25,1.0336e-25,9.3881e-26,9.9138e-28,8.4863e-27,2.0645e-32,1.5008e-35,1.2614e-33,1.2951e-32,1.0683e-31
1.78887,693.09,1.1529e-25,1.1529e-25,1.0373e-25,1.1162e-27,1.0446e-26,2.0613e-32,1.5020e-35,1.2624e-33,1.2955e-32,1.0689e-31
1.79025,692.55,1.2842e-25,1.2842e-25,1.1440e-25,1.2521e-27,1.2767e-26,2.0573e-32,1.5032e-35,1.2630e-33,1.2968e-32,1.0698e-31
1.79162,692.02,1.4294e-25,1.4294e-25,1.2596e-25,1.4003e-27,1.5580e-26,2.0534e-32,1.5045e-35,1.2644e-33,1.2961e-32,1.0707e-31
1.79300,691.49,1.5885e-25,1.5885e-25,1.3841e-25,1.5645e-27,1.8877e-26,2.0504e-32,1.5059e-35,1.2654e-33,1.2966e-32,1.0716e-31
1.79437,690.96,1.7621e-25,1.7621e-25,1.5180e-25,1.7430e-27,2.2662e-26,2.0470e-32,1.5073e-35,1.2668e-33,1.2958e-32,1.0718e-31
1.79575,690.43,1.9500e-25,1.9500e-25,1.6617e-25,1.9358e-27,2.6894e-26,2.0466e-32,1.5087e-35,1.2676e-33,1.2967e-32,1.0723e-31
1.79712,689.90,2.1525e-25,2.1525e-25,1.8152e-25,2.1438e-27,3.1580e-26,2.0463e-32,1.5101e-35,1.2683e-33,1.2986e-32,1.0737e-31
1.79850,689.38,2.3701e-25,2.3701e-25,1.9791e-25,2.3678e-27,3.6728e-26,2.0480e-32,1.5115e-35,1.2686e-33,1.2976e-32,1.0744e-31
1.79987,688.85,2.6031e-25,2.6031e-25,2.1535e-25,2.6088e-27,4.2353e-26,2.0523e-32,1.5129e-35,1.2688e-33,1.2986e-32,1.0756e-31
1.80125,688.32,2.8525e-25,2.8525e-25,2.3390e-25,2.8678e-27,4.8478e-26,2.0602e-32,1.5143e-35,1.2689e-33,1.2992e-32,1.0765e-31
1.80263,687.80,3.1192e-25,3.1192e-25,2.5363e-25,3.1461e-27,5.5141e-26,2.0695e-32,1.5156e-35,1.2689e-33,1.2995e-32,1.0774e-31
1.80400,687.27,3.4039e-25,3.4039e-25,2.7455e-25,3.4450e-27,6.2391e-26,2.0891e-32,1.5169e-35,1.2691e-33,1.3007e-32,1.0781e-31
1.80538,686.75,3.7081e-25,3.7081e-25,2.9667e-25,3.7657e-27,7.0376e-26,2.1063e-32,1.5180e-35,1.2699e-33,1.3007e-32,1.0796e-31
1.80675,686.23,4.0335e-25,4.0335e-25,3.2002e-25,4.1111e-27,7.9214e-26,2.1191e-32,1.5192e-35,1.2715e-33,1.3006e-32,1.0799e-31
1.80813,685.70,4.3811e-25,4.3811e-25,3.4465e-25,4.4848e-27,8.8976e-26,2.1263e-32,1.5203e-35,1.2731e-33,1.3019e-32,1.0809e-31
1.80950,685.18,4.7518e-25,4.7518e-25,3.7062e-25,4.8859e-27,9.9673e-26,2.1280e-32,1.5213e-35,1.2752e-33,1.3028e-32,1.0816e-31
1.81088,684.66,5.1472e-25,5.1472e-25,3.9798e-25,5.3142e-27,1.1142e-25,2.1229e-32,1.5224e-35,1.2773e-33,1.3046e-32,1.0822e-31
1.81226,684.14,5.5693e-25,5.5693e-25,4.2682e-25,5.7706e-27,1.2435e-25,2.1133e-32,1.5233e-35,1.2806e-33,1.3051e-32,1.0832e-31
1.81363,683.62,6.0206e-25,6.0206e-25,4.5719e-25,6.2559e-27,1.3861e-25,2.0977e-32,1.5244e-35,1.2836e-33,1.3052e-32,1.0843e-31
1.81501,683.11,6.5035e-25,6.5034e-25,4.8922e-25,6.7708e-27,1.5436e-25,2.0882e-32,1.5255e-35,1.2863e-33,1.3064e-32,1.0848e-31
1.81638,682.59,7.0207e-25,7.0207e-25,5.2298e-25,7.3163e-27,1.7177e-25,2.0858e-32,1.5266e-35,1.2877e-33,1.3058e-32,1.0858e-31
1.81776,682.07,7.5749e-25,7.5749e-25,5.5856e-25,7.8931e-27,1.9104e-25,2.0814e-32,1.5277e-35,1.2883e-33,1.3065e-32,1.0867e-31
1.81913,681.56,8.1688e-25,8.1688e-25,5.9604e-25,8.5020e-27,2.1234e-25,2.0767e-32,1.5289e-35,1.2885e-33,1.3069e-32,1.0879e-31
1.82051,681.04,8.8079e-25,8.8079e-25,6.3551e-25,9.1446e-27,2.3613e-25,2.0719e-32,1.5302e-35,1.2896e-33,1.3076e-32,1.0883e-31
1.82188,680.53,9.4930e-25,9.4930e-25,6.7707e-25,9.8221e-27,2.6241e-25,2.0674e-32,1.5315e-35,1.2910e-33,1.3071e-32,1.0895e-31
1.82326,680.01,1.0226e-24,1.0226e-24,7.2079e-25,1.0534e-26,2.9125e-25,2.0654e-32,1.5328e-35,1.2920e-33,1.3078e-32,1.0904e-31
1.82464,679.50,1.1008e-24,1.1008e-24,7.6676e-25,1.1289e-26,3.2274e-25,2.0639e-32,1.5342e-35,1.2927e-33,1.3079e-32,1.0903e-31
1.82601,678.99,1.1841e-24,1.1841e-24,8.1505e-25,1.2084e-26,3.5697e-25,2.0643e-32,1.5356e-35,1.2930e-33,1.3075e-32,1.0925e-31
1.82739,678.48,1.2727e-24,1.2727e-24,8.6572e-25,1.2918e-26,3.9404e-25,2.0662e-32,1.5369e-35,1.2932e-33,1.3081e-32,1.0926e-31
1.82876,677.97,1.3666e-24,1.3666e-24,9.1884e-25,1.3792e-26,4.3402e-25,2.0730e-32,1.5382e-35,1.2929e-33,1.3083e-32,1.0935e-31
1.83014,677.46,1.4662e-24,1.4662e-24,9.7451e-25,1.4708e-26,4.7698e-25,2.0821e-32,1.5396e-35,1.2929e-33,1.3082e-32,1.0943e-31
1.83151,676.95,1.5714e-24,1.5714e-24,1.0327e-24,1.5666e-26,5.2299e-25,2.0992e-32,1.5408e-35,1.2929e-33,1.3094e-32,1.0955e-31
1.83289,676.44,1.6823e-24,1.6823e-24,1.0935e-24,1.6669e-26,5.7213e-25,2.1214e-32,1.5419e-35,1.2929e-33,1.3109e-32,1.0960e-31
1.83426,675.93,1.7992e-24,1.7992e-24,1.1570e-24,1.7718e-26,6.2452e-25,2.1397e-32,1.5431e-35,1.2940e-33,1.3117e-32,1.0973e-31
1.83564,675.43,1.9226e-24,1.9226e-24,1.2231e-24,1.8818e-26,6.8071e-25,2.1548e-32,1.5440e-35,1.2949e-33,1.3110e-32,1.0984e-31
1.83702,674.92,2.0524e-24,2.0524e-24,1.2920e-24,1.9970e-26,7.4040e-25,2.1603e-32,1.5451e-35,1.2972e-33,1.3127e-32,1.0989e-31
1.83839,674.42,2.1885e-24,2.1885e-24,1.3637e-24,2.1174e-26,8.0361e-25,2.1591e-32,1.5461e-35,1.2993e-33,1.3135e-32,1.0998e-31
1.83977,673.91,2.3311e-24,2.3311e-24,1.4382e-24,2.2434e-26,8.7048e-25,2.1522e-32,1.5470e-35,1.3024e-33,1.3144e-32,1.1009e-31
1.84114,673.41,2.4806e-24,2.4806e-24,1.5157e-24,2.3751e-26,9.4116e-25,2.1376e-32,1.5479e-35,1.3060e-33,1.3152e-32,1.1015e-31
1.84252,672.91,2.6373e-24,2.6373e-24,1.5963e-24,2.5129e-26,1.0159e-24,2.1180e-32,1.5489e-35,1.3092e-33,1.3159e-32,1.1023e-31
1.84389,672.40,2.8015e-24,2.8015e-24,1.6802e-24,2.6569e-26,1.0948e-24,2.1106e-32,1.5499e-35,1.3112e-33,1.3167e-32,1.1032e-31
1.84527,671.90,2.9738e-24,2.9738e-24,1.7674e-24,2.8074e-26,1.1783e-24,2.1058e-32,1.5510e-35,1.3126e-33,1.3176e-32,1.1030e-31
1.84664,671.40,3.1545e-24,3.1545e-24,1.8581e-24,2.9647e-26,1.2668e-24,2.1008e-32,1.5520e-35,1.3127e-33,1.3161e-32,1.1051e-31
1.84802,670.90,3.3442e-24,3.3442e-24,1.9524e-24,3.1290e-26,1.3605e-24,2.0951e-32,1.5532e-35,1.3128e-33,1.3169e-32,1.1058e-31
1.84940,670.40,3.5437e-24,3.5437e-24,2.0506e-24,3.3006e-26,1.4600e-24,2.0898e-32,1.5544e-35,1.3137e-33,1.3167e-32,1.1066e-31
1.85077,669.91,3.7535e-24,3.7535e-24,2.1528e-24,3.4800e-26,1.5659e-24,2.0852e-32,1.5557e-35,1.3151e-33,1.3166e-32,1.1074e-31
1.85215,669.41,3.9743e-24,3.9743e-24,2.2593e-24,3.6670e-26,1.6783e-24,2.0822e-32,1.5571e-35,1.3161e-33,1.3172e-32,1.1085e-31
1.85352,668.91,4.2066e-24,4.2066e-24,2.3701e-24,3.8619e-26,1.7979e-24,2.0809e-32,1.5584e-35,1.3165e-33,1.3169e-32,1.1093e-31
1.85490,668.42,4.4510e-24,4.4510e-24,2.4855e-24,4.0648e-26,1.9249e-24,2.0814e-32,1.5598e-35,1.3166e-33,1.3182e-32,1.1109e-31
1.85627,667.92,4.7083e-24,4.7083e-24,2.6056e-24,4.2761e-26,2.0599e-24,2.0844e-32,1.5611e-35,1.3169e-33,1.3186e-32,1.1110e-31
1.85765,667.43,4.9788e-24,4.9788e-24,2.7306e-24,4.4959e-26,2.2032e-24,2.0931e-32,1.5624e-35,1.3163e-33,1.3191e-32,1.1114e-31
1.85902,666.93,5.2633e-24,5.2633e-24,2.8608e-24,4.7244e-26,2.3553e-24,2.1049e-32,1.5636e-35,1.3158e-33,1.3189e-32,1.1127e-31
1.86040,666.44,5.5621e-24,5.5621e-24,2.9961e-24,4.9620e-26,2.5164e-24,2.1316e-32,1.5648e-35,1.3155e-33,1.3195e-32,1.1134e-31
1.86178,665.95,5.8755e-24,5.8755e-24,3.1367e-24,5.2090e-26,2.6867e-24,2.1570e-32,1.5659e-35,1.3158e-33,1.3210e-32,1.1139e-31
1.86315,665.45,6.2038e-24,6.2038e-24,3.2825e-24,5.4657e-26,2.8667e-24,2.1774e-32,1.5669e-35,1.3169e-33,1.3215e-32,1.1153e-31
1.86453,664.96,6.5476e-24,6.5476e-24,3.4337e-24,5.7329e-26,3.0566e-24,2.1908e-32,1.5679e-35,1.3185e-33,1.3226e-32,1.1160e-31
1.86590,664.47,6.9068e-24,6.9068e-24,3.5902e-24,6.0106e-26,3.2565e-24,2.1959e-32,1.5688e-35,1.3204e-33,1.3229e-32,1.1169e-31
1.86728,663.98,7.2815e-24,7.2815e-24,3.7521e-24,6.2992e-26,3.4664e-24,2.1927e-32,1.5698e-35,1.3230e-33,1.3233e-32,1.1178e-31
1.86865,663.49,7.6719e-24,7.6719e-24,3.9194e-24,6.5990e-26,3.6865e-24,2.1808e-32,1.5707e-35,1.3272e-33,1.3239e-32,1.1188e-31
1.87003,663.01,8.0781e-24,8.0781e-24,4.0921e-24,6.9103e-26,3.9169e-24,2.1620e-32,1.5715e-35,1.3308e-33,1.3243e-32,1.1200e-31
1.87140,662.52,8.5003e-24,8.5003e-24,4.2701e-24,7.2335e-26,4.1578e-24,2.1390e-32,1.5725e-35,1.3337e-33,1.3261e-32,1.1207e-31
1.87278,662.03,8.9387e-24,8.9387e-24,4.4536e-24,7.5690e-26,4.4094e-24,2.1329e-32,1.5735e-35,1.3357e-33,1.3262e-32,1.1210e-31
1.87416,661.55,9.3938e-24,9.3938e-24,4.6427e-24,7.9170e-26,4.6720e-24,2.1273e-32,1.5745e-35,1.3365e-33,1.3256e-32,1.1226e-31
1.87553,661.06,9.8660e-24,9.8660e-24,4.8373e-24,8.2779e-26,4.9459e-24,2.1204e-32,1.5756e-35,1.3360e-33,1.3265e-32,1.1231e-31
1.87691,660.58,1.0356e-23,1.0356e-23,5.0375e-24,8.6519e-26,5.2317e-24,2.1134e-32,1.5768e-35,1.3366e-33,1.3264e-32,1.1237e-31
1.87828,660.09,1.0864e-23,1.0864e-23,5.2435e-24,9.0393e-26,5.5302e-24,2.1065e-32,1.5780e-35,1.3375e-33,1.3267e-32,1.1244e-31
1.87966,659.61,1.1392e-23,1.1392e-23,5.4554e-24,9.4408e-26,5.8418e-24,2.1020e-32,1.5793e-35,1.3386e-33,1.3260e-32,1.1258e-31
1.88103,659.13,1.1939e-23,1.1939e-23,5.6733e-24,9.8561e-26,6.1672e-24,2.0984e-32,1.5807e-35,1.3395e-33,1.3266e-32,1.1262e-31
1.88241,658.65,1.2508e-23,1.2508e-23,5.8976e-24,1.0285e-25,6.5073e-24,2.0967e-32,1.5820e-35,1.3399e-33,1.3269e-32,1.1272e-31
1.88378,658.17,1.3098e-23,1.3098e-23,6.1284e-24,1.0728e-25,6.8628e-24,2.0982e-32,1.5834e-35,1.3397e-33,1.3277e-32,1.1281e-31
1.88516,657.69,1.3713e-23,1.3713e-23,6.3660e-24,1.1185e-25,7.2349e-24,2.1034e-32,1.5847e-35,1.3392e-33,1.3276e-32,1.1288e-31
1.88654,657.21,1.4352e-23,1.4352e-23,6.6108e-24,1.1655e-25,7.6245e-24,2.1160e-32,1.5860e-35,1.3385e-33,1.3267e-32,1.1311e-31
1.88791,656.73,1.5017e-23,1.5017e-23,6.8630e-24,1.2140e-25,8.0325e-24,2.1368e-32,1.5872e-35,1.3381e-33,1.3277e-32,1.1305e-31
1.88929,656.25,1.5709e-23,1.5709e-23,7.1230e-24,1.2638e-25,8.4601e-24,2.1694e-32,1.5884e-35,1.3377e-33,1.3286e-32,1.1315e-31
1.89066,655.77,1.6431e-23,1.6431e-23,7.3911e-24,1.3151e-25,8.9081e-24,2.1978e-32,1.5895e-35,1.3382e-33,1.3296e-32,1.1323e-31
1.89204,655.29,1.7182e-23,1.7182e-23,7.6676e-24,1.3678e-25,9.3777e-24,2.2207e-32,1.5905e-35,1.3395e-33,1.3308e-32,1.1330e-31
1.89341,654.82,1.7965e-23,1.7965e-23,7.9528e-24,1.4219e-25,9.8699e-24,2.2337e-32,1.5914e-35,1.3411e-33,1.3314e-32,1.1338e-31
1.89479,654.34,1.8780e-23,1.8780e-23,8.2469e-24,1.4776e-25,1.0385e-23,2.2358e-32,1.5924e-35,1.3433e-33,1.3324e-32,1.1345e-31
1.89617,653.87,1.9628e-23,1.9628e-23,8.5502e-24,1.5350e-25,1.0924e-23,2.2272e-32,1.5933e-35,1.3475e-33,1.3336e-32,1.1346e-31
1.89754,653.39,2.0509e-23,2.0509e-23,8.8629e-24,1.5941e-25,1.1487e-23,2.2122e-32,1.5941e-35,1.3516e-33,1.3321e-32,1.1358e-31
1.89892,652.92,2.1425e-23,2.1425e-23,9.1852e-24,1.6548e-25,1.2074e-23,2.1856e-32,1.5950e-35,1.3555e-33,1.3343e-32,1.1370e-31
1.90029,652.45,2.2376e-23,2.2376e-23,9.5174e-24,1.7174e-25,1.2686e-23,2.1626e-32,1.5959e-35,1.3581e-33,1.3343e-32,1.1380e-31
1.90167,651.98,2.3361e-23,2.3361e-23,9.8596e-24,1.7819e-25,1.3324e-23,2.1565e-32,1.5970e-35,1.3600e-33,1.3350e-32,1.1387e-31
1.90304,651.50,2.4383e-23,2.4383e-23,1.0212e-23,1.8484e-25,1.3986e-23,2.1486e-32,1.5980e-35,1.3605e-33,1.3349e-32,1.1396e-31
1.90442,651.03,2.5440e-23,2.5440e-23,1.0575e-23,1.9169e-25,1.4674e-23,2.1406e-32,1.5992e-35,1.3598e-33,1.3345e-32,1.1406e-31
1.90579,650.56,2.6534e-23,2.6534e-23,1.0948e-23,1.9877e-25,1.5388e-23,2.1320e-32,1.6004e-35,1.3597e-33,1.3351e-32,1.1407e-31
1.90717,650.10,2.7666e-23,2.7666e-23,1.1332e-23,2.0607e-25,1.6128e-23,2.1244e-32,1.6017e-35,1.3613e-33,1.3351e-32,1.1422e-31
1.90855,649.63,2.8836e-23,2.8836e-23,1.1727e-23,2.1362e-25,1.6896e-23,2.1185e-32,1.6031e-35,1.3623e-33,1.3356e-32,1.1424e-31
1.90992,649.16,3.0045e-23,3.0045e-23,1.2133e-23,2.2142e-25,1.7690e-23,2.1149e-32,1.6045e-35,1.3628e-33,1.3350e-32,1.1437e-31
1.91130,648.69,3.1293e-23,3.1293e-23,1.2551e-23,2.2947e-25,1.8512e-23,2.1141e-32,1.6059e-35,1.3630e-33,1.3351e-32,1.1438e-31
1.91267,648.23,3.2582e-23,3.2582e-23,1.2982e-23,2.3780e-25,1.9362e-23,2.1156e-32,1.6073e-35,1.3626e-33,1.3357e-32,1.1446e-31
1.91405,647.76,3.3913e-23,3.3913e-23,1.3425e-23,2.4641e-25,2.0242e-23,2.1248e-32,1.6087e-35,1.3619e-33,1.3357e-32,1.1457e-31
1.91542,647.29,3.5289e-23,3.5289e-23,1.3881e-23,2.5530e-25,2.1152e-23,2.1391e-32,1.6100e-35,1.3610e-33,1.3378e-32,1.1463e-31
1.91680,646.83,3.6710e-23,3.6710e-23,1.4352e-23,2.6448e-25,2.2094e-23,2.1754e-32,1.6113e-35,1.3604e-33,1.3367e-32,1.1471e-31
1.91817,646.37,3.8179e-23,3.8179e-23,1.4837e-23,2.7397e-25,2.3069e-23,2.2140e-32,1.6125e-35,1.3598e-33,1.3369e-32,1.1478e-31
1.91955,645.90,3.9699e-23,3.9699e-23,1.5337e-23,2.8376e-25,2.4078e-23,2.2464e-32,1.6136e-35,1.3607e-33,1.3380e-32,1.1486e-31
1.92093,645.44,4.1272e-23,4.1272e-23,1.5854e-23,2.9387e-25,2.5125e-23,2.2706e-32,1.6146e-35,1.3622e-33,1.3386e-32,1.1495e-31
1.92230,644.98,4.2901e-23,4.2901e-23,1.6388e-23,3.0431e-25,2.6209e-23,2.2821e-32,1.6156e-35,1.3642e-33,1.3403e-32,1.1503e-31
1.92368,644.52,4.4588e-23,4.4588e-23,1.6939e-23,3.1507e-25,2.7334e-23,2.2818e-32,1.6165e-35,1.3671e-33,1.3403e-32,1.1504e-31
1.92505,644.06,4.6335e-23,4.6335e-23,1.7509e-23,3.2617e-25,2.8500e-23,2.2683e-32,1.6174e-35,1.3724e-33,1.3401e-32,1.1515e-31
1.92643,643.60,4.8145e-23,4.8145e-23,1.8098e-23,3.3763e-25,2.9710e-23,2.2430e-32,1.6183e-35,1.3772e-33,1.3434e-32,1.1507e-31
1.92780,643.14,5.0021e-23,5.0021e-23,1.8707e-23,3.4945e-25,3.0965e-23,2.2092e-32,1.6192e-35,1.3808e-33,1.3421e-32,1.1529e-31
1.92918,642.68,5.1964e-23,5.1964e-23,1.9336e-23,3.6164e-25,3.2266e-23,2.1889e-32,1.6202e-35,1.3836e-33,1.3430e-32,1.1533e-31
1.93055,642.22,5.3977e-23,5.3977e-23,1.9987e-23,3.7423e-25,3.3616e-23,2.1816e-32,1.6212e-35,1.3849e-33,1.3433e-32,1.1545e-31
1.93193,641.76,5.6061e-23,5.6061e-23,2.0659e-23,3.8722e-25,3.5015e-23,2.1719e-32,1.6224e-35,1.3849e-33,1.3431e-32,1.1548e-31
1.93331,641.31,5.8218e-23,5.8218e-23,2.1354e-23,4.0065e-25,3.6464e-23,2.1610e-32,1.6237e-35,1.3837e-33,1.3431e-32,1.1554e-31
1.93468,640.85,6.0449e-23,6.0449e-23,2.2070e-23,4.1452e-25,3.7964e-23,2.1510e-32,1.6250e-35,1.3842e-33,1.3439e-32,1.1560e-31
1.93606,640.40,6.2755e-23,6.2755e-23,2.2809e-23,4.2885e-25,3.9517e-23,2.1409e-32,1.6264e-35,1.3860e-33,1.3459e-32,1.1569e-31
1.93743,639.94,6.5138e-23,6.5138e-23,2.3571e-23,4.4368e-25,4.1122e-23,2.1364e-32,1.6279e-35,1.3867e-33,1.3414e-32,1.1584e-31
1.93881,639.49,6.7597e-23,6.7597e-23,2.4357e-23,4.5901e-25,4.2782e-23,2.1305e-32,1.6294e-35,1.3872e-33,1.3443e-32,1.1579e-31
1.94018,639.03,7.0135e-23,7.0135e-23,2.5165e-23,4.7487e-25,4.4496e-23,2.1299e-32,1.6309e-35,1.3869e-33,1.3436e-32,1.1590e-31
1.94156,638.58,7.2753e-23,7.2753e-23,2.5996e-23,4.9127e-25,4.6266e-23,2.1322e-32,1.6325e-35,1.3863e-33,1.3442e-32,1.1592e-31
1.94293,638.13,7.5452e-23,7.5452e-23,2.6852e-23,5.0824e-25,4.8092e-23,2.1473e-32,1.6339e-35,1.3852e-33,1.3445e-32,1.1600e-31
1.94431,637.68,7.8234e-23,7.8234e-23,2.7730e-23,5.2579e-25,4.9978e-23,2.1728e-32,1.6353e-35,1.3844e-33,1.3453e-32,1.1605e-31
1.94569,637.23,8.1101e-23,8.1101e-23,2.8633e-23,5.4393e-25,5.1924e-23,2.2227e-32,1.6367e-35,1.3833e-33,1.3457e-32,1.1611e-31
1.94706,636.78,8.4056e-23,8.4056e-23,2.9561e-23,5.6267e-25,5.3932e-23,2.2680e-32,1.6379e-35,1.3829e-33,1.3455e-32,1.1618e-31
1.94844,636.33,8.7101e-23,8.7101e-23,3.0513e-23,5.8201e-25,5.6006e-23,2.3042e-32,1.6390e-35,1.3842e-33,1.3463e-32,1.1626e-31
1.94981,635.88,9.0240e-23,9.0240e-23,3.1491e-23,6.0197e-25,5.8147e-23,2.3289e-32,1.6401e-35,1.3859e-33,1.3482e-32,1.1630e-31
1.95119,635.43,9.3478e-23,9.3478e-23,3.2494e-23,6.2254e-25,6.0361e-23,2.3392e-32,1.6411e-35,1.3883e-33,1.3494e-32,1.1637e-31
1.95256,634.98,9.6818e-23,9.6818e-23,3.3525e-23,6.4373e-25,6.2649e-23,2.3330e-32,1.6421e-35,1.3931e-33,1.3507e-32,1.1644e-31
1.95394,634.53,1.0027e-22,1.0027e-22,3.4583e-23,6.6553e-25,6.5017e-23,2.3119e-32,1.6430e-35,1.3990e-33,1.3507e-32,1.1640e-31
1.95531,634.09,1.0383e-22,1.0383e-22,3.5669e-23,6.8794e-25,6.7468e-23,2.2780e-32,1.6440e-35,1.4040e-33,1.3508e-32,1.1652e-31
1.95669,633.64,1.0750e-22,1.0750e-22,3.6785e-23,7.1097e-25,7.0007e-23,2.2333e-32,1.6449e-35,1.4075e-33,1.3551e-32,1.1660e-31
1.95807,633.20,1.1130e-22,1.1130e-22,3.7930e-23,7.3461e-25,7.2639e-23,2.2153e-32,1.6461e-35,1.4108e-33,1.3502e-32,1.1656e-31
1.95944,632.75,1.1524e-22,1.1524e-22,3.9107e-23,7.5886e-25,7.5369e-23,2.2056e-32,1.6472e-35,1.4112e-33,1.3536e-32,1.1663e-31
1.96082,632.31,1.1930e-22,1.1930e-22,4.0317e-23,7.8373e-25,7.8200e-23,2.1932e-32,1.6485e-35,1.4108e-33,1.3524e-32,1.1673e-31
1.96219,631.87,1.2351e-22,1.2351e-22,4.1559e-23,8.0924e-25,8.1137e-23,2.1811e-32,1.6498e-35,1.4086e-33,1.3528e-32,1.1673e-31
1.96357,631.42,1.2786e-22,1.2786e-22,4.2835e-23,8.3538e-25,8.4185e-23,2.1677e-32,1.6513e-35,1.4103e-33,1.3534e-32,1.1679e-31
1.96494,630.98,1.3236e-22,1.3236e-22,4.4146e-23,8.6218e-25,8.7348e-23,2.1561e-32,1.6529e-35,1.4118e-33,1.3534e-32,1.1684e-31
1.96632,630.54,1.3701e-22,1.3701e-22,4.5492e-23,8.8965e-25,9.0629e-23,2.1479e-32,1.6545e-35,1.4126e-33,1.3550e-32,1.1688e-31
1.96769,630.10,1.4182e-22,1.4182e-22,4.6874e-23,9.1783e-25,9.4032e-23,2.1533e-32,1.6562e-35,1.4127e-33,1.3537e-32,1.1693e-31
1.96907,629.66,1.4680e-22,1.4680e-22,4.8293e-23,9.4675e-25,9.7560e-23,2.1741e-32,1.6578e-35,1.4123e-33,1.3537e-32,1.1699e-31
1.97045,629.22,1.5194e-22,1.5194e-22,4.9749e-23,9.7642e-25,1.0122e-22,2.2029e-32,1.6595e-35,1.4113e-33,1.3540e-32,1.1702e-31
1.97182,628.78,1.5725e-22,1.5725e-22,5.1243e-23,1.0069e-24,1.0500e-22,2.2398e-32,1.6610e-35,1.4100e-33,1.3544e-32,1.1706e-31
1.97320,628.34,1.6274e-22,1.6274e-22,5.2775e-23,1.0382e-24,1.0892e-22,2.3068e-32,1.6625e-35,1.4088e-33,1.3551e-32,1.1708e-31
1.97457,627.90,1.6839e-22,1.6839e-22,5.4346e-23,1.0704e-24,1.1298e-22,2.3920e-32,1.6639e-35,1.4076e-33,1.3577e-32,1.1713e-31
1.97595,627.47,1.7423e-22,1.7423e-22,5.5956e-23,1.1035e-24,1.1717e-22,2.4762e-32,1.6652e-35,1.4075e-33,1.3581e-32,1.1718e-31
1.97732,627.03,1.8025e-22,1.8025e-22,5.7606e-23,1.1375e-24,1.2151e-22,2.5565e-32,1.6664e-35,1.4089e-33,1.3613e-32,1.1708e-31
1.97870,626.59,1.8645e-22,1.8645e-22,5.9296e-23,1.1725e-24,1.2598e-22,2.6329e-32,1.6675e-35,1.4111e-33,1.3572e-32,1.1730e-31
1.98008,626.16,1.9284e-22,1.9284e-22,6.1027e-23,1.2085e-24,1.3061e-22,2.7018e-32,1.6686e-35,1.4142e-33,1.3620e-32,1.1730e-31
1.98145,625.72,1.9943e-22,1.9943e-22,6.2800e-23,1.2456e-24,1.3538e-22,2.7673e-32,1.6696e-35,1.4212e-33,1.3637e-32,1.1733e-31
1.98283,625.29,2.0621e-22,2.0621e-22,6.4616e-23,1.2837e-24,1.4031e-22,2.8350e-32,1.6706e-35,1.4276e-33,1.3625e-32,1.1737e-31
1.98420,624.86,2.1320e-22,2.1320e-22,6.6477e-23,1.3229e-24,1.4540e-22,2.9109e-32,1.6716e-35,1.4328e-33,1.3631e-32,1.1737e-31
1.98558,624.42,2.2040e-22,2.2040e-22,6.8383e-23,1.3632e-24,1.5065e-22,3.0073e-32,1.6727e-35,1.4367e-33,1.3653e-32,1.1743e-31
1.98695,623.99,2.2781e-22,2.2781e-22,7.0335e-23,1.4045e-24,1.5607e-22,3.1758e-32,1.6739e-35,1.4388e-33,1.3667e-32,1.1740e-31
1.98833,623.56,2.3545e-22,2.3545e-22,7.2337e-23,1.4470e-24,1.6167e-22,3.3871e-32,1.6752e-35,1.4393e-33,1.3654e-32,1.1749e-31
1.98970,623.13,2.4332e-22,2.4332e-22,7.4389e-23,1.4907e-24,1.6744e-22,3.6533e-32,1.6766e-35,1.4379e-33,1.3669e-32,1.1750e-31
1.99108,622.70,2.5143e-22,2.5143e-22,7.6494e-23,1.5354e-24,1.7340e-22,3.9877e-32,1.6781e-35,1.4358e-33,1.3672e-32,1.1754e-31
1.99246,622.27,2.5979e-22,2.5979e-22,7.8653e-23,1.5813e-24,1.7956e-22,4.4056e-32,1.6798e-35,1.4381e-33,1.3660e-32,1.1757e-31
1.99383,621.84,2.6841e-22,2.6841e-22,8.0868e-23,1.6284e-24,1.8592e-22,4.9252e-32,1.6815e-35,1.4395e-33,1.3667e-32,1.1756e-31
1.99521,621.41,2.7730e-22,2.7730e-22,8.3142e-23,1.6766e-24,1.9248e-22,5.5657e-32,1.6832e-35,1.4401e-33,1.3678e-32,1.1757e-31
1.99658,620.98,2.8646e-22,2.8646e-22,8.5476e-23,1.7260e-24,1.9925e-22,6.3488e-32,1.6850e-35,1.4399e-33,1.3684e-32,1.1762e-31
1.99796,620.55,2.9590e-22,2.9590e-22,8.7873e-23,1.7766e-24,2.0625e-22,7.3014e-32,1.6869e-35,1.4391e-33,1.3681e-32,1.1765e-31
1.99933,620.13,3.0563e-22,3.0563e-22,9.0333e-23,1.8285e-24,2.1347e-22,8.4529e-32,1.6886e-35,1.4377e-33,1.3669e-32,1.1767e-31
2.00071,619.70,3.1567e-22,3.1567e-22,9.2860e-23,1.8817e-24,2.2093e-22,9.8388e-32,1.6903e-35,1.4362e-33,1.3680e-32,1.1771e-31
2.00208,619.28,3.2601e-22,3.2601e-22,9.5455e-23,1.9362e-24,2.2862e-22,1.1546e-31,1.6919e-35,1.4346e-33,1.3695e-32,1.1773e-31
2.00346,618.85,3.3666e-22,3.3666e-22,9.8118e-23,1.9920e-24,2.3655e-22,1.3573e-31,1.6933e-35,1.4332e-33,1.3708e-32,1.1773e-31
2.00484,618.43,3.4764e-22,3.4764e-22,1.0085e-22,2.0493e-24,2.4474e-22,1.5973e-31,1.6947e-35,1.4336e-33,1.3726e-32,1.1771e-31
2.00621,618.00,3.5894e-22,3.5894e-22,1.0366e-22,2.1081e-24,2.5317e-22,1.8815e-31,1.6960e-35,1.4358e-33,1.3731e-32,1.1775e-31
2.00759,617.58,3.7057e-22,3.7057e-22,1.0653e-22,2.1685e-24,2.6187e-22,2.2179e-31,1.6971e-35,1.4383e-33,1.3763e-32,1.1774e-31
2.00896,617.16,3.8254e-22,3.8254e-22,1.0948e-22,2.2305e-24,2.7083e-22,2.6167e-31,1.6982e-35,1.4439e-33,1.3754e-32,1.1783e-31
2.01034,616.73,3.9486e-22,3.9486e-22,1.1251e-22,2.2942e-24,2.8005e-22,3.0898e-31,1.6993e-35,1.4515e-33,1.3785e-32,1.1779e-31
2.01171,616.31,4.0752e-22,4.0752e-22,1.1561e-22,2.3596e-24,2.8956e-22,3.6519e-31,1.7004e-35,1.4585e-33,1.3791e-32,1.1782e-31
2.01309,615.89,4.2055e-22,4.2055e-22,1.1878e-22,2.4268e-24,2.9934e-22,4.3202e-31,1.7015e-35,1.4638e-33,1.3806e-32,1.1779e-31
2.01446,615.47,4.3394e-22,4.3394e-22,1.2203e-22,2.4959e-24,3.0941e-22,5.1173e-31,1.7027e-35,1.4676e-33,1.3799e-32,1.1782e-31
2.01584,615.05,4.4770e-22,4.4770e-22,1.2536e-22,2.5670e-24,3.1977e-22,6.0696e-31,1.7039e-35,1.4694e-33,1.3808e-32,1.1783e-31
2.01722,614.63,4.6184e-22,4.6184e-22,1.2876e-22,2.6399e-24,3.3044e-22,7.2014e-31,1.7053e-35,1.4689e-33,1.3839e-32,1.1783e-31
2.01859,614.21,4.7638e-22,4.7638e-22,1.3224e-22,2.7149e-24,3.4143e-22,8.5461e-31,1.7069e-35,1.4669e-33,1.3796e-32,1.1797e-31
2.01997,613.79,4.9132e-22,4.9132e-22,1.3580e-22,2.7919e-24,3.5273e-22,1.0142e-30,1.7085e-35,1.4653e-33,1.3828e-32,1.1784e-31
2.02134,613.38,5.0668e-22,5.0668e-22,1.3944e-22,2.8708e-24,3.6437e-22,1.2035e-30,1.7103e-35,1.4676e-33,1.3829e-32,1.1781e-31
2.02272,612.96,5.2247e-22,5.2247e-22,1.4316e-22,2.9518e-24,3.7635e-22,1.4278e-30,1.7122e-35,1.4691e-33,1.3824e-32,1.1786e-31
2.02409,612.54,5.3870e-22,5.3870e-22,1.4697e-22,3.0349e-24,3.8870e-22,1.6933e-30,1.7141e-35,1.4692e-33,1.3847e-32,1.1782e-31
2.02547,612.13,5.5539e-22,5.5539e-22,1.5085e-22,3.1199e-24,4.0141e-22,2.0071e-30,1.7160e-35,1.4685e-33,1.3851e-32,1.1779e-31
2.02684,611.71,5.7255e-22,5.7255e-22,1.5483e-22,3.2070e-24,4.1452e-22,2.3776e-30,1.7179e-35,1.4670e-33,1.3853e-32,1.1781e-31
2.02822,611.30,5.9021e-22,5.9021e-22,1.5889e-22,3.2961e-24,4.2802e-22,2.8145e-30,1.7198e-35,1.4652e-33,1.3858e-32,1.1782e-31
2.02960,610.88,6.0837e-22,6.0837e-22,1.6303e-22,3.3873e-24,4.4195e-22,3.3293e-30,1.7215e-35,1.4633e-33,1.3848e-32,1.1786e-31
2.03097,610.47,6.2706e-22,6.2706e-22,1.6727e-22,3.4804e-24,4.5630e-22,3.9350e-30,1.7232e-35,1.4612e-33,1.3872e-32,1.1783e-31
2.03235,610.05,6.4629e-22,6.4629e-22,1.7160e-22,3.5755e-24,4.7111e-22,4.6463e-30,1.7247e-35,1.4595e-33,1.3896e-32,1.1780e-31
2.03372,609.64,6.6607e-22,6.6607e-22,1.7603e-22,3.6727e-24,4.8637e-22,5.4802e-30,1.7261e-35,1.4611e-33,1.3909e-32,1.1783e-31
2.03510,609.23,6.8644e-22,6.8644e-22,1.8055e-22,3.7718e-24,5.0212e-22,6.4567e-30,1.7274e-35,1.4634e-33,1.3909e-32,1.1781e-31
2.03647,608.82,7.0739e-22,7.0739e-22,1.8517e-22,3.8731e-24,5.1835e-22,7.5985e-30,1.7285e-35,1.4666e-33,1.3933e-32,1.1780e-31
2.03785,608.41,7.2895e-22,7.2895e-22,1.8988e-22,3.9764e-24,5.3509e-22,8.9318e-30,1.7296e-35,1.4751e-33,1.3986e-32,1.1775e-31
2.03922,608.00,7.5113e-22,7.5113e-22,1.9470e-22,4.0819e-24,5.5236e-22,1.0486e-29,1.7308e-35,1.4841e-33,1.3919e-32,1.1775e-31
2.04060,607.59,7.7395e-22,7.7395e-22,1.9961e-22,4.1896e-24,5.7015e-22,1.2297e-29,1.7318e-35,1.4910e-33,1.3988e-32,1.1773e-31
2.04198,607.18,7.9742e-22,7.9742e-22,2.0463e-22,4.2995e-24,5.8849e-22,1.4402e-29,1.7329e-35,1.4967e-33,1.3978e-32,1.1774e-31
2.04335,606.77,8.2155e-22,8.2155e-22,2.0974e-22,4.4117e-24,6.0739e-22,1.6848e-29,1.7341e-35,1.4999e-33,1.3988e-32,1.1772e-31
2.04473,606.36,8.4635e-22,8.4635e-22,2.1496e-22,4.5263e-24,6.2686e-22,1.9684e-29,1.7355e-35,1.5010e-33,1.3996e-32,1.1771e-31
2.04610,605.95,8.7184e-22,8.7184e-22,2.2029e-22,4.6433e-24,6.4691e-22,2.2969e-29,1.7370e-35,1.4994e-33,1.4009e-32,1.1768e-31
2.04748,605.55,8.9803e-22,8.9803e-22,2.2571e-22,4.7629e-24,6.6756e-22,2.6767e-29,1.7386e-35,1.4958e-33,1.4019e-32,1.1765e-31
2.04885,605.14,9.2493e-22,9.2493e-22,2.3124e-22,4.8850e-24,6.8881e-22,3.1155e-29,1.7404e-35,1.4962e-33,1.4016e-32,1.1765e-31
2.05023,604.73,9.5256e-22,9.5256e-22,2.3687e-22,5.0097e-24,7.1068e-22,3.6217e-29,1.7423e-35,1.4984e-33,1.4017e-32,1.1765e-31
2.05160,604.33,9.8092e-22,9.8092e-22,2.4261e-22,5.1372e-24,7.3318e-22,4.2050e-29,1.7443e-35,1.4993e-33,1.4013e-32,1.1764e-31
2.05298,603.92,1.0100e-21,1.0100e-21,2.4845e-22,5.2673e-24,7.5632e-22,4.8763e-29,1.7463e-35,1.4990e-33,1.4035e-32,1.1757e-31
2.05436,603.52,1.0399e-21,1.0399e-21,2.5439e-22,5.4002e-24,7.8012e-22,5.6481e-29,1.7484e-35,1.4979e-33,1.4040e-32,1.1758e-31
2.05573,603.11,1.0706e-21,1.0706e-21,2.6044e-22,5.5359e-24,8.0459e-22,6.5346e-29,1.7503e-35,1.4958e-33,1.4047e-32,1.1754e-31
2.05711,602.71,1.1020e-21,1.1020e-21,2.6659e-22,5.6744e-24,8.2975e-22,7.5517e-29,1.7522e-35,1.4933e-33,1.4058e-32,1.1755e-31
2.05848,602.31,1.1343e-21,1.1343e-21,2.7285e-22,5.8157e-24,8.5561e-22,8.7175e-29,1.7539e-35,1.4899e-33,1.4106e-32,1.1733e-31
2.05986,601.91,1.1674e-21,1.1674e-21,2.7922e-22,5.9597e-24,8.8219e-22,1.0052e-28,1.7557e-35,1.4885e-33,1.4040e-32,1.1752e-31
2.06123,601.50,1.2013e-21,1.2013e-21,2.8569e-22,6.1065e-24,9.0951e-22,1.1580e-28,1.7572e-35,1.4870e-33,1.4105e-32,1.1747e-31
2.06261,601.10,1.2361e-21,1.2361e-21,2.9228e-22,6.2561e-24,9.3759e-22,1.3326e-28,1.7585e-35,1.4887e-33,1.4122e-32,1.1739e-31
2.06398,600.70,1.2718e-21,1.2718e-21,2.9898e-22,6.4084e-24,9.6645e-22,1.5320e-28,1.7597e-35,1.4917e-33,1.4126e-32,1.1740e-31
2.06536,600.30,1.3084e-21,1.3084e-21,3.0579e-22,6.5633e-24,9.9610e-22,1.7596e-28,1.7608e-35,1.4981e-33,1.4143e-32,1.1738e-31
2.06674,599.90,1.3460e-21,1.3460e-21,3.1271e-22,6.7209e-24,1.0266e-21,2.0191e-28,1.7619e-35,1.5083e-33,1.4156e-32,1.1733e-31
2.06811,599.50,1.3845e-21,1.3845e-21,3.1975e-22,6.8811e-24,1.0579e-21,2.3148e-28,1.7629e-35,1.5174e-33,1.4183e-32,1.1727e-31
2.06949,599.11,1.4240e-21,1.4240e-21,3.2691e-22,7.0439e-24,1.0900e-21,2.6513e-28,1.7639e-35,1.5251e-33,1.4190e-32,1.1727e-31
2.07086,598.71,1.4644e-21,1.4644e-21,3.3419e-22,7.2094e-24,1.1230e-21,3.0341e-28,1.7650e-35,1.5303e-33,1.4223e-32,1.1720e-31
2.07224,598.31,1.5059e-21,1.5059e-21,3.4159e-22,7.3773e-24,1.1570e-21,3.4691e-28,1.7663e-35,1.5330e-33,1.4216e-32,1.1719e-31
2.07361,597.91,1.5485e-21,1.5485e-21,3.4912e-22,7.5479e-24,1.1918e-21,3.9629e-28,1.7676e-35,1.5327e-33,1.4234e-32,1.1714e-31
2.07499,597.52,1.5920e-21,1.5920e-21,3.5676e-22,7.7211e-24,1.2276e-21,4.5232e-28,1.7691e-35,1.5296e-33,1.4241e-32,1.1707e-31
2.07637,597.12,1.6367e-21,1.6367e-21,3.6453e-22,7.8969e-24,1.2643e-21,5.1581e-28,1.7709e-35,1.5260e-33,1.4247e-32,1.1711e-31
2.07774,596.73,1.6825e-21,1.6825e-21,3.7243e-22,8.0754e-24,1.3020e-21,5.8771e-28,1.7727e-35,1.5272e-33,1.4246e-32,1.1707e-31
2.07912,596.33,1.7293e-21,1.7293e-21,3.8045e-22,8.2566e-24,1.3406e-21,6.6904e-28,1.7746e-35,1.5286e-33,1.4288e-32,1.1689e-31
2.08049,595.94,1.7773e-21,1.7773e-21,3.8860e-22,8.4405e-24,1.3803e-21,7.6096e-28,1.7767e-35,1.5296e-33,1.4252e-32,1.1701e-31
2.08187,595.54,1.8265e-21,1.8265e-21,3.9687e-22,8.6273e-24,1.4210e-21,8.6475e-28,1.7787e-35,1.5286e-33,1.4267e-32,1.1691e-31
2.08324,595.15,1.8768e-21,1.8768e-21,4.0527e-22,8.8171e-24,1.4627e-21,9.8181e-28,1.7808e-35,1.5265e-33,1.4283e-32,1.1687e-31
2.08462,594.76,1.9283e-21,1.9283e-21,4.1379e-22,9.0097e-24,1.5055e-21,1.1137e-27,1.7828e-35,1.5236e-33,1.4284e-32,1.1688e-31
2.08599,594.37,1.9810e-21,1.9810e-21,4.2243e-22,9.2055e-24,1.5494e-21,1.2622e-27,1.7846e-35,1.5200e-33,1.4310e-32,1.1676e-31
2.08737,593.97,2.0349e-21,2.0349e-21,4.3119e-22,9.4043e-24,1.5943e-21,1.4293e-27,1.7864e-35,1.5168e-33,1.4305e-32,1.1679e-31
2.08875,593.58,2.0901e-21,2.0901e-21,4.4008e-22,9.6063e-24,1.6404e-21,1.6169e-27,1.7879e-35,1.5138e-33,1.4342e-32,1.1673e-31
2.09012,593.19,2.1465e-21,2.1465e-21,4.4909e-22,9.8115e-24,1.6876e-21,1.8275e-27,1.7893e-35,1.5134e-33,1.4345e-32,1.1666e-31
2.09150,592.80,2.2042e-21,2.2042e-21,4.5821e-22,1.0020e-23,1.7359e-21,2.0637e-27,1.7905e-35,1.5156e-33,1.4375e-32,1.1661e-31
2.09287,592.41,2.2631e-21,2.2631e-21,4.6745e-22,1.0232e-23,1.7854e-21,2.3282e-27,1.7916e-35,1.5192e-33,1.4382e-32,1.1665e-31
2.09425,592.02,2.3234e-21,2.3234e-21,4.7680e-22,1.0447e-23,1.8362e-21,2.6243e-27,1.7926e-35,1.5297e-33,1.4417e-32,1.1654e-31
2.09562,591.63,2.3851e-21,2.3850e-21,4.8627e-22,1.0665e-23,1.8881e-21,2.9554e-27,1.7934e-35,1.5410e-33,1.4438e-32,1.1648e-31
2.09700,591.25,2.4480e-21,2.4480e-21,4.9585e-22,1.0887e-23,1.9413e-21,3.3252e-27,1.7943e-35,1.5510e-33,1.4444e-32,1.1645e-31
2.09837,590.86,2.5124e-21,2.5124e-21,5.0554e-22,1.1112e-23,1.9958e-21,3.7380e-27,1.7952e-35,1.5587e-33,1.4476e-32,1.1642e-31
2.09975,590.47,2.5782e-21,2.5782e-21,5.1534e-22,1.1340e-23,2.0516e-21,4.1983e-27,1.7964e-35,1.5643e-33,1.4444e-32,1.1649e-31
2.10113,590.08,2.6455e-21,2.6455e-21,5.2526e-22,1.1571e-23,2.1087e-21,4.7111e-27,1.7975e-35,1.5651e-33,1.4487e-32,1.1631e-31
2.10250,589.70,2.7142e-21,2.7142e-21,5.3528e-22,1.1805e-23,2.1671e-21,5.2820e-27,1.7988e-35,1.5633e-33,1.4506e-32,1.1625e-31
2.10388,589.31,2.7844e-21,2.7844e-21,5.4541e-22,1.2042e-23,2.2270e-21,5.9171e-27,1.8003e-35,1.5585e-33,1.4499e-32,1.1624e-31
2.10525,588.93,2.8562e-21,2.8562e-21,5.5565e-22,1.2282e-23,2.2882e-21,6.6229e-27,1.8020e-35,1.5542e-33,1.4518e-32,1.1616e-31
2.10663,588.54,2.9295e-21,2.9295e-21,5.6600e-22,1.2525e-23,2.3510e-21,7.4068e-27,1.8038e-35,1.5571e-33,1.4524e-32,1.1611e-31
2.10800,588.16,3.0044e-21,3.0044e-21,5.7645e-22,1.2771e-23,2.4151e-21,8.2768e-27,1.8059e-35,1.5586e-33,1.4534e-32,1.1611e-31
2.10938,587.78,3.0809e-21,3.0809e-21,5.8701e-22,1.3020e-23,2.4808e-21,9.2415e-27,1.8079e-35,1.5580e-33,1.4557e-32,1.1599e-31
2.11075,587.39,3.1590e-21,3.1590e-21,5.9768e-22,1.3271e-23,2.5480e-21,1.0311e-26,1.8100e-35,1.5564e-33,1.4549e-32,1.1601e-31
2.11213,587.01,3.2388e-21,3.2388e-21,6.0845e-22,1.3524e-23,2.6168e-21,1.1494e-26,1.8120e-35,1.5530e-33,1.4573e-32,1.1592e-31
2.11351,586.63,3.3202e-21,3.3202e-21,6.1933e-22,1.3780e-23,2.6871e-21,1.2804e-26,1.8140e-35,1.5493e-33,1.4574e-32,1.1590e-31
2.11488,586.25,3.4034e-21,3.4034e-21,6.3032e-22,1.4038e-23,2.7590e-21,1.4253e-26,1.8158e-35,1.5446e-33,1.4610e-32,1.1580e-31
2.11626,585.87,3.4883e-21,3.4882e-21,6.4141e-22,1.4299e-23,2.8325e-21,1.5854e-26,1.8175e-35,1.5402e-33,1.4624e-32,1.1577e-31
2.11763,585.49,3.5749e-21,3.5748e-21,6.5260e-22,1.4562e-23,2.9077e-21,1.7622e-26,1.8190e-35,1.5363e-33,1.4634e-32,1.1567e-31
2.11901,585.10,3.6632e-21,3.6632e-21,6.6390e-22,1.4827e-23,2.9845e-21,1.9573e-26,1.8202e-35,1.5375e-33,1.4694e-32,1.1556e-31
2.12038,584.73,3.7533e-21,3.7533e-21,6.7529e-22,1.5094e-23,3.0629e-21,2.1725e-26,1.8215e-35,1.5405e-33,1.4649e-32,1.1571e-31
2.12176,584.35,3.8452e-21,3.8452e-21,6.8679e-22,1.5364e-23,3.1430e-21,2.4097e-26,1.8224e-35,1.5469e-33,1.4725e-32,1.1553e-31
2.12313,583.97,3.9389e-21,3.9389e-21,6.9838e-22,1.5635e-23,3.2248e-21,2.6708e-26,1.8234e-35,1.5605e-33,1.4727e-32,1.1550e-31
2.12451,583.59,4.0344e-21,4.0343e-21,7.1007e-22,1.5909e-23,3.3084e-21,2.9583e-26,1.8243e-35,1.5732e-33,1.4755e-32,1.1543e-31
2.12589,583.21,4.1317e-21,4.1316e-21,7.2185e-22,1.6185e-23,3.3936e-21,3.2745e-26,1.8253e-35,1.5837e-33,1.4772e-32,1.1540e-31
2.12726,582.83,4.2308e-21,4.2307e-21,7.3372e-22,1.6463e-23,3.4805e-21,3.6220e-26,1.8264e-35,1.5912e-33,1.4791e-32,1.1530e-31
2.12864,582.46,4.3317e-21,4.3317e-21,7.4568e-22,1.6743e-23,3.5693e-21,4.0037e-26,1.8277e-35,1.5950e-33,1.4810e-32,1.1526e-31
2.13001,582.08,4.4345e-21,4.4345e-21,7.5772e-22,1.7026e-23,3.6597e-21,4.4227e-26,1.8292e-35,1.5950e-33,1.4821e-32,1.1524e-31
2.13139,581.71,4.5392e-21,4.5391e-21,7.6985e-22,1.7311e-23,3.7520e-21,4.8822e-26,1.8310e-35,1.5912e-33,1.4833e-32,1.1517e-31
2.13276,581.33,4.6458e-21,4.6457e-21,7.8206e-22,1.7597e-23,3.8460e-21,5.3859e-26,1.8332e-35,1.5847e-33,1.4844e-32,1.1510e-31
2.13414,580.96,4.7542e-21,4.7542e-21,7.9435e-22,1.7886e-23,3.9419e-21,5.9376e-26,1.8357e-35,1.5819e-33,1.4853e-32,1.1503e-31
2.13551,580.58,4.8646e-21,4.8645e-21,8.0672e-22,1.8177e-23,4.0397e-21,6.5414e-26,1.8384e-35,1.5844e-33,1.4867e-32,1.1501e-31
2.13689,580.21,4.9770e-21,4.9769e-21,8.1916e-22,1.8470e-23,4.1392e-21,7.2018e-26,1.8415e-35,1.5849e-33,1.4878e-32,1.1493e-31
2.13827,579.84,5.0913e-21,5.0912e-21,8.3167e-22,1.8766e-23,4.2407e-21,7.9236e-26,1.8448e-35,1.5836e-33,1.4886e-32,1.1494e-31
2.13964,579.46,5.2076e-21,5.2075e-21,8.4425e-22,1.9063e-23,4.3442e-21,8.7119e-26,1.8483e-35,1.5803e-33,1.4914e-32,1.1474e-31
2.14102,579.09,5.3259e-21,5.3258e-21,8.5690e-22,1.9362e-23,4.4495e-21,9.5723e-26,1.8523e-35,1.5762e-33,1.4887e-32,1.1488e-31
2.14239,578.72,5.4463e-21,5.4462e-21,8.6961e-22,1.9663e-23,4.5569e-21,1.0511e-25,1.8562e-35,1.5704e-33,1.4920e-32,1.1472e-31
2.14377,578.35,5.5687e-21,5.5686e-21,8.8238e-22,1.9966e-23,4.6662e-21,1.1533e-25,1.8603e-35,1.5646e-33,1.4953e-32,1.1467e-31
2.14514,577.98,5.6933e-21,5.6931e-21,8.9522e-22,2.0270e-23,4.7776e-21,1.2647e-25,1.8647e-35,1.5590e-33,1.4960e-32,1.1460e-31
2.14652,577.61,5.8199e-21,5.8198e-21,9.0811e-22,2.0577e-23,4.8911e-21,1.3859e-25,1.8693e-35,1.5572e-33,1.4985e-32,1.1455e-31
2.14789,577.24,5.9487e-21,5.9486e-21,9.2105e-22,2.0885e-23,5.0067e-21,1.5177e-25,1.8744e-35,1.5592e-33,1.5004e-32,1.1450e-31
2.14927,576.87,6.0797e-21,6.0796e-21,9.3405e-22,2.1194e-23,5.1243e-21,1.6610e-25,1.8798e-35,1.5628e-33,1.5043e-32,1.1442e-31
2.15065,576.50,6.2129e-21,6.2127e-21,9.4709e-22,2.1505e-23,5.2441e-21,1.8166e-25,1.8859e-35,1.5762e-33,1.5052e-32,1.1437e-31
2.15202,576.13,6.3483e-21,6.3481e-21,9.6018e-22,2.1817e-23,5.3661e-21,1.9854e-25,1.8928e-35,1.5922e-33,1.5087e-32,1.1435e-31
2.15340,575.76,6.4859e-21,6.4857e-21,9.7332e-22,2.2130e-23,5.4903e-21,2.1685e-25,1.9007e-35,1.6062e-33,1.5107e-32,1.1431e-31
2.15477,575.39,6.6258e-21,6.6256e-21,9.8649e-22,2.2445e-23,5.6166e-21,2.3670e-25,1.9098e-35,1.6176e-33,1.5136e-32,1.1425e-31
2.15615,575.03,6.7679e-21,6.7677e-21,9.9970e-22,2.2760e-23,5.7452e-21,2.5819e-25,1.9204e-35,1.6252e-33,1.5161e-32,1.1416e-31
2.15752,574.66,6.9123e-21,6.9120e-21,1.0129e-21,2.3077e-23,5.8760e-21,2.8145e-25,1.9328e-35,1.6283e-33,1.5169e-32,1.1410e-31
2.15890,574.29,7.0590e-21,7.0587e-21,1.0262e-21,2.3394e-23,6.0090e-21,3.0661e-25,1.9473e-35,1.6268e-33,1.5183e-32,1.1408e-31
2.16028,573.93,7.2079e-21,7.2075e-21,1.0395e-21,2.3712e-23,6.1443e-21,3.3380e-25,1.9641e-35,1.6207e-33,1.5224e-32,1.1394e-31
2.16165,573.56,7.3591e-21,7.3587e-21,1.0528e-21,2.4030e-23,6.2819e-21,3.6318e-25,1.9838e-35,1.6110e-33,1.5198e-32,1.1399e-31
2.16303,573.20,7.5125e-21,7.5121e-21,1.0661e-21,2.4349e-23,6.4216e-21,3.9489e-25,2.0066e-35,1.6056e-33,1.5209e-32,1.1389e-31
2.16440,572.83,7.6683e-21,7.6678e-21,1.0795e-21,2.4668e-23,6.5637e-21,4.2909e-25,2.0328e-35,1.6077e-33,1.5220e-32,1.1382e-31
2.16578,572.47,7.8263e-21,7.8258e-21,1.0928e-21,2.4988e-23,6.7080e-21,4.6596e-25,2.0629e-35,1.6075e-33,1.5222e-32,1.1381e-31
2.16715,572.11,7.9865e-21,7.9860e-21,1.1061e-21,2.5307e-23,6.8546e-21,5.0568e-25,2.0975e-35,1.6045e-33,1.5244e-32,1.1373e-31
2.16853,571.74,8.1491e-21,8.1485e-21,1.1195e-21,2.5627e-23,7.0034e-21,5.4845e-25,2.1373e-35,1.5998e-33,1.5243e-32,1.1372e-31
2.16990,571.38,8.3139e-21,8.3133e-21,1.1328e-21,2.5946e-23,7.1545e-21,5.9446e-25,2.1828e-35,1.5948e-33,1.5275e-32,1.1360e-31
2.17128,571.02,8.4809e-21,8.4803e-21,1.1461e-21,2.6265e-23,7.3079e-21,6.4393e-25,2.2348e-35,1.5939e-33,1.5276e-32,1.1353e-31
2.17266,570.66,8.6502e-21,8.6495e-21,1.1594e-21,2.6583e-23,7.4636e-21,6.9710e-25,2.2943e-35,1.5948e-33,1.5301e-32,1.1350e-31
2.17403,570.30,8.8218e-21,8.8210e-21,1.1726e-21,2.6901e-23,7.6215e-21,7.5418e-25,2.3625e-35,1.5975e-33,1.5320e-32,1.1351e-31
2.17541,569.94,8.9956e-21,8.9948e-21,1.1858e-21,2.7219e-23,7.7818e-21,8.1545e-25,2.4407e-35,1.6021e-33,1.5338e-32,1.1341e-31
2.17678,569.58,9.1717e-21,9.1708e-21,1.1990e-21,2.7535e-23,7.9443e-21,8.8115e-25,2.5302e-35,1.6090e-33,1.5378e-32,1.1336e-31
2.17816,569.22,9.3501e-21,9.3491e-21,1.2121e-21,2.7850e-23,8.1091e-21,9.5157e-25,2.6331e-35,1.6213e-33,1.5406e-32,1.1330e-31
2.17953,568.86,9.5307e-21,9.5297e-21,1.2252e-21,2.8165e-23,8.2763e-21,1.0270e-24,2.7511e-35,1.6459e-33,1.5429e-32,1.1325e-31
2.18091,568.50,9.7136e-21,9.7125e-21,1.2382e-21,2.8478e-23,8.4458e-21,1.1078e-24,2.8869e-35,1.6708e-33,1.5428e-32,1.1329e-31
2.18228,568.14,9.8989e-21,9.8977e-21,1.2512e-21,2.8789e-23,8.6177e-21,1.1941e-24,3.0426e-35,1.6935e-33,1.5479e-32,1.1321e-31
2.18366,567.78,1.0086e-20,1.0085e-20,1.2641e-21,2.9099e-23,8.7919e-21,1.2865e-24,3.2216e-35,1.7134e-33,1.5504e-32,1.1314e-31
2.18504,567.42,1.0276e-20,1.0275e-20,1.2769e-21,2.9407e-23,8.9685e-21,1.3852e-24,3.4273e-35,1.7296e-33,1.5519e-32,1.1311e-31
2.18641,567.07,1.0468e-20,1.0467e-20,1.2896e-21,2.9714e-23,9.1476e-21,1.4906e-24,3.6633e-35,1.7415e-33,1.5540e-32,1.1305e-31
2.18779,566.71,1.0663e-20,1.0661e-20,1.3022e-21,3.0018e-23,9.3290e-21,1.6030e-24,3.9342e-35,1.7492e-33,1.5562e-32,1.1302e-31
2.18916,566.35,1.0860e-20,1.0858e-20,1.3148e-21,3.0320e-23,9.5128e-21,1.7230e-24,4.2447e-35,1.7539e-33,1.5577e-32,1.1300e-31
2.19054,566.00,1.1059e-20,1.1057e-20,1.3272e-21,3.0620e-23,9.6991e-21,1.8508e-24,4.6004e-35,1.7561e-33,1.5612e-32,1.1291e-31
2.19191,565.64,1.1260e-20,1.1258e-20,1.3396e-21,3.0918e-23,9.8878e-21,1.9870e-24,5.0078e-35,1.7714e-33,1.5585e-32,1.1289e-31
2.19329,565.29,1.1464e-20,1.1462e-20,1.3518e-21,3.1212e-23,1.0079e-20,2.1321e-24,5.4738e-35,1.7901e-33,1.5614e-32,1.1280e-31
2.19466,564.93,1.1670e-20,1.1668e-20,1.3640e-21,3.1505e-23,1.0272e-20,2.2864e-24,6.0065e-35,1.8109e-33,1.5610e-32,1.1277e-31
2.19604,564.58,1.1879e-20,1.1876e-20,1.3760e-21,3.1794e-23,1.0469e-20,2.4505e-24,6.6149e-35,1.8346e-33,1.5641e-32,1.1269e-31
2.19742,564.23,1.2090e-20,1.2087e-20,1.3879e-21,3.2081e-23,1.0667e-20,2.6250e-24,7.3096e-35,1.8624e-33,1.5665e-32,1.1268e-31
2.19879,563.87,1.2303e-20,1.2300e-20,1.3997e-21,3.2364e-23,1.0868e-20,2.8103e-24,8.1022e-35,1.8953e-33,1.5688e-32,1.1259e-31
2.20017,563.52,1.2518e-20,1.2515e-20,1.4113e-21,3.2644e-23,1.1071e-20,3.0071e-24,9.0060e-35,1.9345e-33,1.5717e-32,1.1245e-31
2.20154,563.17,1.2736e-20,1.2733e-20,1.4229e-21,3.2922e-23,1.1277e-20,3.2160e-24,1.0036e-34,1.9817e-33,1.5716e-32,1.1256e-31
2.20292,562.82,1.2956e-20,1.2953e-20,1.4342e-21,3.3195e-23,1.1485e-20,3.4375e-24,1.1210e-34,2.0370e-33,1.5788e-32,1.1246e-31
2.20429,562.47,1.3178e-20,1.3175e-20,1.4455e-21,3.3465e-23,1.1696e-20,3.6723e-24,1.2546e-34,2.1022e-33,1.5811e-32,1.1247e-31
2.20567,562.12,1.3403e-20,1.3399e-20,1.4566e-21,3.3732e-23,1.1909e-20,3.9211e-24,1.4068e-34,2.1779e-33,1.5867e-32,1.1239e-31
2.20704,561.77,1.3630e-20,1.3625e-20,1.4675e-21,3.3995e-23,1.2124e-20,4.1846e-24,1.5799e-34,2.2766e-33,1.5895e-32,1.1237e-31
2.20842,561.42,1.3858e-20,1.3854e-20,1.4783e-21,3.4254e-23,1.2341e-20,4.4636e-24,1.7767e-34,2.3923e-33,1.5945e-32,1.1233e-31
2.20980,561.07,1.4089e-20,1.4085e-20,1.4889e-21,3.4509e-23,1.2561e-20,4.7587e-24,2.0005e-34,2.5183e-33,1.5993e-32,1.1228e-31
2.21117,560.72,1.4323e-20,1.4317e-20,1.4994e-21,3.4760e-23,1.2783e-20,5.0709e-24,2.2548e-34,2.6552e-33,1.6041e-32,1.1226e-31
2.21255,560.37,1.4558e-20,1.4552e-20,1.5097e-21,3.5007e-23,1.3008e-20,5.4008e-24,2.5437e-34,2.8029e-33,1.6099e-32,1.1222e-31
2.21392,560.02,1.4795e-20,1.4789e-20,1.5198e-21,3.5250e-23,1.3234e-20,5.7494e-24,2.8716e-34,2.9627e-33,1.6138e-32,1.1220e-31
2.21530,559.67,1.5034e-20,1.5028e-20,1.5297e-21,3.5488e-23,1.3462e-20,6.1176e-24,3.2437e-34,3.1366e-33,1.6176e-32,1.1215e-31
2.21667,559.33,1.5275e-20,1.5268e-20,1.5395e-21,3.5722e-23,1.3693e-20,6.5063e-24,3.6658e-34,3.3274e-33,1.6244e-32,1.1215e-31
2.21805,558.98,1.5518e-20,1.5511e-20,1.5491e-21,3.5951e-23,1.3926e-20,6.9164e-24,4.1443e-34,3.5391e-33,1.6290e-32,1.1209e-31
2.21942,558.63,1.5762e-20,1.5755e-20,1.5585e-21,3.6176e-23,1.4160e-20,7.3489e-24,4.6865e-34,3.7815e-33,1.6332e-32,1.1211e-31
2.22080,558.29,1.6009e-20,1.6001e-20,1.5677e-21,3.6396e-23,1.4397e-20,7.8049e-24,5.3005e-34,4.0710e-33,1.6390e-32,1.1201e-31
2.22218,557.94,1.6257e-20,1.6248e-20,1.5767e-21,3.6611e-23,1.4635e-20,8.2855e-24,5.9957e-34,4.3961e-33,1.6491e-32,1.1195e-31
2.22355,557.60,1.6506e-20,1.6498e-20,1.5856e-21,3.6821e-23,1.4875e-20,8.7917e-24,6.7823e-34,4.7664e-33,1.6560e-32,1.1188e-31
2.22493,557.25,1.6758e-20,1.6749e-20,1.5942e-21,3.7026e-23,1.5117e-20,9.3248e-24,7.6719e-34,5.1859e-33,1.6638e-32,1.1190e-31
2.22630,556.91,1.7011e-20,1.7001e-20,1.6027e-21,3.7225e-23,1.5361e-20,9.8859e-24,8.6776e-34,5.6620e-33,1.6737e-32,1.1188e-31
2.22768,556.56,1.7265e-20,1.7255e-20,1.6109e-21,3.7420e-23,1.5607e-20,1.0476e-23,9.8139e-34,6.2028e-33,1.6872e-32,1.1188e-31
2.22905,556.22,1.7521e-20,1.7510e-20,1.6189e-21,3.7609e-23,1.5854e-20,1.1097e-23,1.1097e-33,6.8172e-33,1.6997e-32,1.1183e-31
2.23043,555.88,1.7779e-20,1.7767e-20,1.6268e-21,3.7793e-23,1.6102e-20,1.1750e-23,1.2546e-33,7.5150e-33,1.7140e-32,1.1180e-31
2.23180,555.53,1.8037e-20,1.8025e-20,1.6344e-21,3.7971e-23,1.6353e-20,1.2436e-23,1.4181e-33,8.3070e-33,1.7296e-32,1.1176e-31
2.23318,555.19,1.8297e-20,1.8284e-20,1.6418e-21,3.8144e-23,1.6604e-20,1.3156e-23,1.6024e-33,9.2049e-33,1.7513e-32,1.1176e-31
2.23456,554.85,1.8559e-20,1.8545e-20,1.6490e-21,3.8311e-23,1.6858e-20,1.3913e-23,1.8102e-33,1.0222e-32,1.7733e-32,1.1173e-31
2.23593,554.51,1.8821e-20,1.8807e-20,1.6560e-21,3.8473e-23,1.7112e-20,1.4707e-23,2.0443e-33,1.1390e-32,1.7960e-32,1.1164e-31
2.23731,554.17,1.9085e-20,1.9070e-20,1.6628e-21,3.8628e-23,1.7368e-20,1.5541e-23,2.3080e-33,1.2708e-32,1.8244e-32,1.1169e-31
2.23868,553.83,1.9350e-20,1.9334e-20,1.6693e-21,3.8779e-23,1.7625e-20,1.6415e-23,2.6048e-33,1.4191e-32,1.8510e-32,1.1167e-31
2.24006,553.49,1.9616e-20,1.9599e-20,1.6757e-21,3.8923e-23,1.7884e-20,1.7332e-23,2.9387e-33,1.5858e-32,1.8848e-32,1.1164e-31
2.24143,553.15,1.9883e-20,1.9865e-20,1.6818e-21,3.9062e-23,1.8144e-20,1.8292e-23,3.3141e-33,1.7730e-32,1.9206e-32,1.1156e-31
2.24281,552.81,2.0151e-20,2.0131e-20,1.6877e-21,3.9194e-23,1.8404e-20,1.9299e-23,3.7361e-33,1.9835e-32,1.9567e-32,1.1168e-31
2.24419,552.47,2.0419e-20,2.0399e-20,1.6934e-21,3.9321e-23,1.8666e-20,2.0353e-23,4.2100e-33,2.2201e-32,2.0022e-32,1.1159e-31
2.24556,552.13,2.0689e-20,2.0668e-20,1.6989e-21,3.9443e-23,1.8929e-20,2.1457e-23,4.7421e-33,2.4864e-32,2.0513e-32,1.1153e-31
2.24694,551.79,2.0959e-20,2.0937e-20,1.7041e-21,3.9558e-23,1.9193e-20,2.2611e-23,5.3392e-33,2.7876e-32,2.1053e-32,1.1155e-31
2.24831,551.45,2.1231e-20,2.1207e-20,1.7092e-21,3.9667e-23,1.9458e-20,2.3820e-23,6.0087e-33,3.1285e-32,2.1663e-32,1.1150e-31
2.24969,551.12,2.1502e-20,2.1477e-20,1.7140e-21,3.9771e-23,1.9724e-20,2.5083e-23,6.7593e-33,3.5127e-32,2.2339e-32,1.1146e-31
2.25106,550.78,2.1775e-20,2.1748e-20,1.7186e-21,3.9869e-23,1.9990e-20,2.6404e-23,7.6001e-33,3.9457e-32,2.3104e-32,1.1142e-31
2.25244,550.44,2.2048e-20,2.2020e-20,1.7229e-21,3.9961e-23,2.0257e-20,2.7784e-23,8.5415e-33,4.4337e-32,2.3957e-32,1.1135e-31
2.25381,550.11,2.2321e-20,2.2292e-20,1.7270e-21,4.0047e-23,2.0525e-20,2.9225e-23,9.5950e-33,4.9837e-32,2.4898e-32,1.1146e-31
2.25519,549.77,2.2595e-20,2.2565e-20,1.7309e-21,4.0127e-23,2.0793e-20,3.0730e-23,1.0773e-32,5.6034e-32,2.5969e-32,1.1142e-31
2.25657,549.44,2.2870e-20,2.2837e-20,1.7346e-21,4.0201e-23,2.1062e-20,3.2301e-23,1.2090e-32,6.3017e-32,2.7164e-32,1.1139e-31
2.25794,549.10,2.3144e-20,2.3110e-20,1.7381e-21,4.0269e-23,2.1332e-20,3.3940e-23,1.3562e-32,7.0881e-32,2.8522e-32,1.1140e-31
2.25932,548.77,2.3419e-20,2.3383e-20,1.7413e-21,4.0332e-23,2.1602e-20,3.5650e-23,1.5205e-32,7.9737e-32,3.0033e-32,1.1138e-31
2.26069,548.43,2.3694e-20,2.3657e-20,1.7443e-21,4.0388e-23,2.1872e-20,3.7432e-23,1.7039e-32,8.9707e-32,3.1721e-32,1.1138e-31
2.26207,548.10,2.3969e-20,2.3930e-20,1.7470e-21,4.0438e-23,2.2143e-20,3.9289e-23,1.9084e-32,1.0093e-31,3.3606e-32,1.1139e-31
2.26344,547.77,2.4245e-20,2.4203e-20,1.7495e-21,4.0483e-23,2.2413e-20,4.1225e-23,2.1364e-32,1.1355e-31,3.5706e-32,1.1147e-31
2.26482,547.44,2.4520e-20,2.4477e-20,1.7518e-21,4.0522e-23,2.2684e-20,4.3240e-23,2.3905e-32,1.2776e-31,3.8056e-32,1.1136e-31
2.26619,547.10,2.4795e-20,2.4750e-20,1.7539e-21,4.0554e-23,2.2956e-20,4.5339e-23,2.6734e-32,1.4373e-31,4.0664e-32,1.1137e-31
2.26757,546.77,2.5071e-20,2.5023e-20,1.7557e-21,4.0581e-23,2.3227e-20,4.7523e-23,2.9883e-32,1.6168e-31,4.3589e-32,1.1139e-31
2.26895,546.44,2.5346e-20,2.5296e-20,1.7574e-21,4.0602e-23,2.3498e-20,4.9795e-23,3.3386e-32,1.8186e-31,4.6827e-32,1.1138e-31
2.27032,546.11,2.5621e-20,2.5568e-20,1.7587e-21,4.0617e-23,2.3769e-20,5.2158e-23,3.7281e-32,2.0454e-31,5.0446e-32,1.1135e-31
2.27170,545.78,2.5895e-20,2.5841e-20,1.7599e-21,4.0626e-23,2.4040e-20,5.4615e-23,4.1610e-32,2.3002e-31,5.4491e-32,1.1137e-31
2.27307,545.45,2.6170e-20,2.6112e-20,1.7608e-21,4.0629e-23,2.4311e-20,5.7169e-23,4.6417e-32,2.5863e-31,5.8952e-32,1.1125e-31
2.27445,545.12,2.6443e-20,2.6384e-20,1.7615e-21,4.0626e-23,2.4581e-20,5.9823e-23,5.1754e-32,2.9077e-31,6.3927e-32,1.1141e-31
2.27582,544.79,2.6717e-20,2.6654e-20,1.7620e-21,4.0617e-23,2.4852e-20,6.2579e-23,5.7675e-32,3.2685e-31,6.9463e-32,1.1133e-31
2.27720,544.46,2.6990e-20,2.6925e-20,1.7623e-21,4.0602e-23,2.5122e-20,6.5442e-23,6.4242e-32,3.6735e-31,7.5659e-32,1.1132e-31
2.27857,544.13,2.7262e-20,2.7194e-20,1.7623e-21,4.0582e-23,2.5391e-20,6.8414e-23,7.1521e-32,4.1281e-31,8.2547e-32,1.1136e-31
2.27995,543.80,2.7534e-20,2.7463e-20,1.7622e-21,4.0555e-23,2.5660e-20,7.1498e-23,7.9585e-32,4.6382e-31,9.0206e-32,1.1134e-31
2.28133,543.47,2.7806e-20,2.7731e-20,1.7618e-21,4.0523e-23,2.5929e-20,7.4699e-23,8.8515e-32,5.2106e-31,9.8739e-32,1.1128e-31
2.28270,543.15,2.8076e-20,2.7998e-20,1.7612e-21,4.0485e-23,2.6196e-20,7.8019e-23,9.8398e-32,5.8526e-31,1.0821e-31,1.1133e-31
2.28408,542.82,2.8346e-20,2.8264e-20,1.7603e-21,4.0441e-23,2.6464e-20,8.1462e-23,1.0933e-31,6.5727e-31,1.1873e-31,1.1136e-31
2.28545,542.49,2.8615e-20,2.8530e-20,1.7593e-21,4.0391e-23,2.6730e-20,8.5032e-23,1.2142e-31,7.3800e-31,1.3047e-31,1.1137e-31
2.28683,542.17,2.8883e-20,2.8794e-20,1.7581e-21,4.0336e-23,2.6996e-20,8.8733e-23,1.3478e-31,8.2851e-31,1.4348e-31,1.1142e-31
2.28820,541.84,2.9150e-20,2.9057e-20,1.7566e-21,4.0274e-23,2.7260e-20,9.2568e-23,1.4953e-31,9.2994e-31,1.5797e-31,1.1138e-31
2.28958,541.52,2.9416e-20,2.9319e-20,1.7550e-21,4.0208e-23,2.7524e-20,9.6542e-23,1.6583e-31,1.0436e-30,1.7404e-31,1.1146e-31
2.29095,541.19,2.9681e-20,2.9580e-20,1.7531e-21,4.0136e-23,2.7787e-20,1.0066e-22,1.8380e-31,1.1709e-30,1.9190e-31,1.1145e-31
2.29233,540.87,2.9945e-20,2.9840e-20,1.7510e-21,4.0058e-23,2.8049e-20,1.0492e-22,2.0364e-31,1.3136e-30,2.1171e-31,1.1148e-31
2.29371,540.54,3.0208e-20,3.0098e-20,1.7488e-21,3.9975e-23,2.8309e-20,1.0934e-22,2.2550e-31,1.4732e-30,2.3366e-31,1.1146e-31
2.29508,540.22,3.0469e-20,3.0355e-20,1.7463e-21,3.9886e-23,2.8569e-20,1.1391e-22,2.4959e-31,1.6520e-30,2.5800e-31,1.1153e-31
2.29646,539.89,3.0729e-20,3.0611e-20,1.7436e-21,3.9792e-23,2.8827e-20,1.1864e-22,2.7613e-31,1.8521e-30,2.8502e-31,1.1148e-31
2.29783,539.57,3.0988e-20,3.0865e-20,1.7408e-21,3.9693e-23,2.9084e-20,1.2354e-22,3.0534e-31,2.0760e-30,3.1497e-31,1.1151e-31
2.29921,539.25,3.1246e-20,3.1117e-20,1.7377e-21,3.9589e-23,2.9340e-20,1.2861e-22,3.3749e-31,2.3264e-30,3.4815e-31,1.1152e-31
2.30058,538.92,3.1502e-20,3.1368e-20,1.7344e-21,3.9480e-23,2.9594e-20,1.3385e-22,3.7284e-31,2.6066e-30,3.8489e-31,1.1153e-31
2.30196,538.60,3.1756e-20,3.1617e-20,1.7310e-21,3.9365e-23,2.9846e-20,1.3928e-22,4.1171e-31,2.9198e-30,4.2554e-31,1.1169e-31
2.30333,538.28,3.2009e-20,3.1864e-20,1.7273e-21,3.9246e-23,3.0098e-20,1.4489e-22,4.5442e-31,3.2699e-30,4.7066e-31,1.1155e-31
2.30471,537.96,3.2260e-20,3.2110e-20,1.7234e-21,3.9121e-23,3.0347e-20,1.5070e-22,5.0134e-31,3.6611e-30,5.2052e-31,1.1159e-31
2.30609,537.64,3.2510e-20,3.2354e-20,1.7194e-21,3.8992e-23,3.0595e-20,1.5671e-22,5.5283e-31,4.0983e-30,5.7571e-31,1.1163e-31
2.30746,537.32,3.2758e-20,3.2596e-20,1.7152e-21,3.8858e-23,3.0841e-20,1.6292e-22,6.0934e-31,4.5866e-30,6.3679e-31,1.1162e-31
2.30884,537.00,3.3005e-20,3.2836e-20,1.7108e-21,3.8719e-23,3.1086e-20,1.6934e-22,6.7132e-31,5.1319e-30,7.0436e-31,1.1163e-31
2.31021,536.68,3.3250e-20,3.3074e-20,1.7061e-21,3.8575e-23,3.1329e-20,1.7598e-22,7.3926e-31,5.7407e-30,7.7903e-31,1.1170e-31
2.31159,536.36,3.3492e-20,3.3310e-20,1.7014e-21,3.8427e-23,3.1570e-20,1.8284e-22,8.1371e-31,6.4202e-30,8.6157e-31,1.1174e-31
2.31296,536.04,3.3734e-20,3.3544e-20,1.6964e-21,3.8273e-23,3.1809e-20,1.8994e-22,8.9525e-31,7.1784e-30,9.5279e-31,1.1173e-31
2.31434,535.72,3.3973e-20,3.3776e-20,1.6912e-21,3.8116e-23,3.2046e-20,1.9727e-22,9.8451e-31,8.0241e-30,1.0536e-30,1.1177e-31
2.31571,535.40,3.4210e-20,3.4006e-20,1.6859e-21,3.7954e-23,3.2282e-20,2.0486e-22,1.0822e-30,8.9673e-30,1.1649e-30,1.1185e-31
2.31709,535.09,3.4446e-20,3.4233e-20,1.6804e-21,3.7787e-23,3.2515e-20,2.1269e-22,1.1890e-30,1.0019e-29,1.2877e-30,1.1182e-31
2.31847,534.77,3.4680e-20,3.4459e-20,1.6747e-21,3.7616e-23,3.2747e-20,2.2079e-22,1.3058e-30,1.1191e-29,1.4234e-30,1.1187e-31
2.31984,534.45,3.4911e-20,3.4682e-20,1.6688e-21,3.7441e-23,3.2976e-20,2.2917e-22,1.4334e-30,1.2497e-29,1.5730e-30,1.1191e-31
2.32122,534.13,3.5141e-20,3.4903e-20,1.6628e-21,3.7261e-23,3.3203e-20,2.3782e-22,1.5727e-30,1.3951e-29,1.7380e-30,1.1198e-31
2.32259,533.82,3.5369e-20,3.5122e-20,1.6566e-21,3.7077e-23,3.3429e-20,2.4676e-22,1.7248e-30,1.5571e-29,1.9199e-30,1.1211e-31
2.32397,533.50,3.5595e-20,3.5339e-20,1.6502e-21,3.6889e-23,3.3652e-20,2.5599e-22,1.8907e-30,1.7375e-29,2.1205e-30,1.1206e-31
2.32534,533.19,3.5818e-20,3.5553e-20,1.6437e-21,3.6697e-23,3.3873e-20,2.6554e-22,2.0717e-30,1.9382e-29,2.3415e-30,1.1210e-31
2.32672,532.87,3.6040e-20,3.5765e-20,1.6370e-21,3.6501e-23,3.4091e-20,2.7540e-22,2.2690e-30,2.1615e-29,2.5850e-30,1.1210e-31
2.32810,532.56,3.6260e-20,3.5974e-20,1.6302e-21,3.6301e-23,3.4308e-20,2.8559e-22,2.4839e-30,2.4099e-29,2.8531e-30,1.1209e-31
2.32947,532.24,3.6477e-20,3.6181e-20,1.6232e-21,3.6097e-23,3.4522e-20,2.9612e-22,2.7179e-30,2.6861e-29,3.1483e-30,1.1210e-31
2.33085,531.93,3.6693e-20,3.6386e-20,1.6160e-21,3.5889e-23,3.4734e-20,3.0700e-22,2.9726e-30,2.9931e-29,3.4732e-30,1.1220e-31
2.33222,531.61,3.6906e-20,3.6588e-20,1.6087e-21,3.5677e-23,3.4943e-20,3.1823e-22,3.2497e-30,3.3342e-29,3.8306e-30,1.1222e-31
2.33360,531.30,3.7117e-20,3.6787e-20,1.6013e-21,3.5462e-23,3.5150e-20,3.2984e-22,3.5510e-30,3.7133e-29,4.2237e-30,1.1218e-31
2.33497,530.99,3.7325e-20,3.6984e-20,1.5937e-21,3.5243e-23,3.5355e-20,3.4183e-22,3.8784e-30,4.1342e-29,4.6560e-30,1.1228e-31
2.33635,530.68,3.7532e-20,3.7178e-20,1.5860e-21,3.5020e-23,3.5557e-20,3.5421e-22,4.2341e-30,4.6015e-29,5.1311e-30,1.1239e-31
2.33772,530.36,3.7736e-20,3.7369e-20,1.5781e-21,3.4795e-23,3.5756e-20,3.6700e-22,4.6202e-30,5.1203e-29,5.6532e-30,1.1236e-31
2.33910,530.05,3.7938e-20,3.7558e-20,1.5701e-21,3.4565e-23,3.5953e-20,3.8021e-22,5.0392e-30,5.6958e-29,6.2267e-30,1.1245e-31
2.34048,529.74,3.8137e-20,3.7744e-20,1.5620e-21,3.4333e-23,3.6147e-20,3.9385e-22,5.4937e-30,6.3342e-29,6.8565e-30,1.1250e-31
2.34185,529.43,3.8335e-20,3.7927e-20,1.5537e-21,3.4097e-23,3.6339e-20,4.0794e-22,5.9863e-30,7.0421e-29,7.5480e-30,1.1256e-31
2.34323,529.12,3.8529e-20,3.8107e-20,1.5454e-21,3.3858e-23,3.6527e-20,4.2249e-22,6.5200e-30,7.8268e-29,8.3068e-30,1.1260e-31
2.34460,528.81,3.8721e-20,3.8284e-20,1.5369e-21,3.3617e-23,3.6713e-20,4.3751e-22,7.0979e-30,8.6965e-29,9.1394e-30,1.1267e-31
2.34598,528.50,3.8911e-20,3.8458e-20,1.5283e-21,3.3372e-23,3.6896e-20,4.5302e-22,7.7234e-30,9.6599e-29,1.0053e-29,1.1271e-31
2.34735,528.19,3.9098e-20,3.8629e-20,1.5195e-21,3.3125e-23,3.7077e-20,4.6903e-22,8.4001e-30,1.0727e-28,1.1054e-29,1.1274e-31
2.34873,527.88,3.9283e-20,3.8797e-20,1.5107e-21,3.2875e-23,3.7254e-20,4.8556e-22,9.1316e-30,1.1908e-28,1.2151e-29,1.1281e-31
2.35010,527.57,3.9465e-20,3.8962e-20,1.5017e-21,3.2622e-23,3.7428e-20,5.0263e-22,9.9221e-30,1.3215e-28,1.3354e-29,1.1281e-31
2.35148,527.26,3.9644e-20,3.9124e-20,1.4926e-21,3.2367e-23,3.7599e-20,5.2024e-22,1.0776e-29,1.4662e-28,1.4671e-29,1.1285e-31
2.35286,526.95,3.9821e-20,3.9283e-20,1.4835e-21,3.2109e-23,3.7767e-20,5.3843e-22,1.1697e-29,1.6262e-28,1.6114e-29,1.1302e-31
2.35423,526.64,3.9996e-20,3.9438e-20,1.4742e-21,3.1849e-23,3.7932e-20,5.5719e-22,1.2691e-29,1.8031e-28,1.7693e-29,1.1294e-31
2.35561,526.34,4.0167e-20,3.9591e-20,1.4648e-21,3.1586e-23,3.8094e-20,5.7656e-22,1.3763e-29,1.9987e-28,1.9421e-29,1.1306e-31
2.35698,526.03,4.0336e-20,3.9740e-20,1.4553e-21,3.1322e-23,3.8253e-20,5.9654e-22,1.4919e-29,2.2148e-28,2.1313e-29,1.1310e-31
2.35836,525.72,4.0502e-20,3.9885e-20,1.4457e-21,3.1055e-23,3.8408e-20,6.1717e-22,1.6163e-29,2.4535e-28,2.3381e-29,1.1314e-31
2.35973,525.42,4.0666e-20,4.0027e-20,1.4361e-21,3.0787e-23,3.8561e-20,6.3844e-22,1.7502e-29,2.7172e-28,2.5643e-29,1.1324e-31
2.36111,525.11,4.0827e-20,4.0166e-20,1.4263e-21,3.0516e-23,3.8710e-20,6.6040e-22,1.8943e-29,3.0082e-28,2.8116e-29,1.1328e-31
2.36248,524.80,4.0985e-20,4.0302e-20,1.4165e-21,3.0243e-23,3.8855e-20,6.8305e-22,2.0492e-29,3.3294e-28,3.0818e-29,1.1333e-31
2.36386,524.50,4.1140e-20,4.0434e-20,1.4065e-21,2.9969e-23,3.8998e-20,7.0641e-22,2.2157e-29,3.6838e-28,3.3770e-29,1.1330e-31
2.36524,524.19,4.1293e-20,4.0563e-20,1.3965e-21,2.9693e-23,3.9137e-20,7.3051e-22,2.3945e-29,4.0746e-28,3.6994e-29,1.1343e-31
2.36661,523.89,4.1443e-20,4.0688e-20,1.3864e-21,2.9416e-23,3.9272e-20,7.5536e-22,2.5865e-29,4.5055e-28,4.0514e-29,1.1354e-31
2.36799,523.58,4.1591e-20,4.0810e-20,1.3762e-21,2.9137e-23,3.9405e-20,7.8100e-22,2.7924e-29,4.9804e-28,4.4357e-29,1.1364e-31
2.36936,523.28,4.1736e-20,4.0928e-20,1.3659e-21,2.8856e-23,3.9534e-20,8.0744e-22,3.0132e-29,5.5037e-28,4.8550e-29,1.1366e-31
2.37074,522.98,4.1878e-20,4.1043e-20,1.3556e-21,2.8575e-23,3.9659e-20,8.3470e-22,3.2498e-29,6.0800e-28,5.3125e-29,1.1368e-31
2.37211,522.67,4.2018e-20,4.1155e-20,1.3452e-21,2.8291e-23,3.9781e-20,8.6281e-22,3.5033e-29,6.7146e-28,5.8114e-29,1.1375e-31
2.37349,522.37,4.2155e-20,4.1263e-20,1.3347e-21,2.8007e-23,3.9900e-20,8.9179e-22,3.7745e-29,7.4130e-28,6.3553e-29,1.1386e-31
2.37486,522.07,4.2289e-20,4.1367e-20,1.3242e-21,2.7721e-23,4.0015e-20,9.2167e-22,4.0647e-29,8.1816e-28,6.9483e-29,1.1392e-31
2.37624,521.77,4.2421e-20,4.1468e-20,1.3136e-21,2.7435e-23,4.0127e-20,9.5248e-22,4.3750e-29,9.0269e-28,7.5944e-29,1.1401e-31
2.37762,521.46,4.2550e-20,4.1566e-20,1.3030e-21,2.7147e-23,4.0236e-20,9.8423e-22,4.7066e-29,9.9564e-28,8.2983e-29,1.1413e-31
2.37899,521.16,4.2677e-20,4.1660e-20,1.2923e-21,2.6859e-23,4.0341e-20,1.0170e-21,5.0607e-29,1.0978e-27,9.0649e-29,1.1418e-31
2.38037,520.86,4.2801e-20,4.1750e-20,1.2815e-21,2.6570e-23,4.0442e-20,1.0507e-21,5.4387e-29,1.2101e-27,9.8996e-29,1.1423e-31
2.38174,520.56,4.2923e-20,4.1837e-20,1.2707e-21,2.6280e-23,4.0540e-20,1.0855e-21,5.8419e-29,1.3334e-27,1.0808e-28,1.1430e-31
2.38312,520.26,4.3042e-20,4.1921e-20,1.2598e-21,2.5989e-23,4.0635e-20,1.1213e-21,6.2718e-29,1.4688e-27,1.1797e-28,1.1445e-31
2.38449,519.96,4.3159e-20,4.2000e-20,1.2489e-21,2.5698e-23,4.0726e-20,1.1582e-21,6.7299e-29,1.6174e-27,1.2872e-28,1.1440e-31
2.38587,519.66,4.3273e-20,4.2077e-20,1.2380e-21,2.5406e-23,4.0813e-20,1.1963e-21,7.2178e-29,1.7804e-27,1.4042e-28,1.1459e-31
2.38724,519.36,4.3385e-20,4.2149e-20,1.2270e-21,2.5114e-23,4.0897e-20,1.2355e-21,7.7371e-29,1.9592e-27,1.5314e-28,1.1465e-31
2.38862,519.06,4.3494e-20,4.2218e-20,1.2160e-21,2.4821e-23,4.0977e-20,1.2759e-21,8.2896e-29,2.1553e-27,1.6696e-28,1.1476e-31
2.39000,518.76,4.3601e-20,4.2284e-20,1.2050e-21,2.4528e-23,4.1054e-20,1.3175e-21,8.8771e-29,2.3702e-27,1.8199e-28,1.1481e-31
2.39137,518.46,4.3706e-20,4.2345e-20,1.1939e-21,2.4235e-23,4.1127e-20,1.3603e-21,9.5015e-29,2.6056e-27,1.9831e-28,1.1492e-31
2.39275,518.17,4.3808e-20,4.2403e-20,1.1828e-21,2.3942e-23,4.1197e-20,1.4045e-21,1.0165e-28,2.8634e-27,2.1604e-28,1.1504e-31
2.39412,517.87,4.3908e-20,4.2458e-20,1.1717e-21,2.3649e-23,4.1262e-20,1.4500e-21,1.0869e-28,3.1457e-27,2.3528e-28,1.1509e-31
2.39550,517.57,4.4005e-20,4.2508e-20,1.1606e-21,2.3356e-23,4.1324e-20,1.4968e-21,1.1616e-28,3.4545e-27,2.5617e-28,1.1519e-31
2.39687,517.27,4.4100e-20,4.2555e-20,1.1494e-21,2.3063e-23,4.1383e-20,1.5450e-21,1.2408e-28,3.7924e-27,2.7884e-28,1.1534e-31
2.39825,516.98,4.4193e-20,4.2599e-20,1.1383e-21,2.2771e-23,4.1438e-20,1.5947e-21,1.3248e-28,4.1618e-27,3.0344e-28,1.1542e-31
2.39962,516.68,4.4284e-20,4.2638e-20,1.1271e-21,2.2478e-23,4.1489e-20,1.6459e-21,1.4138e-28,4.5656e-27,3.3011e-28,1.1549e-31
2.40100,516.39,4.4373e-20,4.2674e-20,1.1159e-21,2.2187e-23,4.1536e-20,1.6986e-21,1.5081e-28,5.0068e-27,3.5904e-28,1.1562e-31
2.40238,516.09,4.4459e-20,4.2706e-20,1.1047e-21,2.1895e-23,4.1579e-20,1.7528e-21,1.6078e-28,5.4887e-27,3.9039e-28,1.1575e-31
2.40375,515.79,4.4543e-20,4.2734e-20,1.0935e-21,2.1604e-23,4.1619e-20,1.8087e-21,1.7134e-28,6.0147e-27,4.2436e-28,1.1609e-31
2.40513,515.50,4.4625e-20,4.2759e-20,1.0823e-21,2.1314e-23,4.1655e-20,1.8662e-21,1.8250e-28,6.5888e-27,4.6117e-28,1.1598e-31
2.40650,515.20,4.4705e-20,4.2779e-20,1.0712e-21,2.1024e-23,4.1687e-20,1.9254e-21,1.9431e-28,7.2150e-27,5.0103e-28,1.1616e-31
2.40788,514.91,4.4783e-20,4.2796e-20,1.0600e-21,2.0736e-23,4.1716e-20,1.9863e-21,2.0678e-28,7.8978e-27,5.4419e-28,1.1630e-31
2.40925,514.62,4.4858e-20,4.2809e-20,1.0488e-21,2.0448e-23,4.1740e-20,2.0491e-21,2.1995e-28,8.6419e-27,5.9091e-28,1.1641e-31
2.41063,514.32,4.4932e-20,4.2819e-20,1.0376e-21,2.0161e-23,4.1761e-20,2.1136e-21,2.3385e-28,9.4527e-27,6.4147e-28,1.1655e-31
2.41201,514.03,4.5004e-20,4.2824e-20,1.0264e-21,1.9875e-23,4.1778e-20,2.1801e-21,2.4853e-28,1.0336e-26,6.9616e-28,1.1676e-31
2.41338,513.74,4.5074e-20,4.2826e-20,1.0153e-21,1.9590e-23,4.1791e-20,2.2484e-21,2.6401e-28,1.1297e-26,7.5531e-28,1.1693e-31
2.41476,513.44,4.5143e-20,4.2824e-20,1.0042e-21,1.9306e-23,4.1800e-20,2.3188e-21,2.8033e-28,1.2342e-26,8.1926e-28,1.1711e-31
2.41613,513.15,4.5209e-20,4.2818e-20,9.9304e-22,1.9023e-23,4.1806e-20,2.3912e-21,2.9754e-28,1.3479e-26,8.8839e-28,1.1724e-31
2.41751,512.86,4.5274e-20,4.2808e-20,9.8194e-22,1.8741e-23,4.1808e-20,2.4657e-21,3.1566e-28,1.4716e-26,9.6309e-28,1.1747e-31
2.41888,512.57,4.5337e-20,4.2795e-20,9.7086e-22,1.8461e-23,4.1806e-20,2.5423e-21,3.3476e-28,1.6059e-26,1.0438e-27,1.1757e-31
2.42026,512.28,4.5399e-20,4.2778e-20,9.5980e-22,1.8182e-23,4.1800e-20,2.6211e-21,3.5486e-28,1.7518e-26,1.1309e-27,1.1780e-31
2.42163,511.99,4.5459e-20,4.2757e-20,9.4877e-22,1.7904e-23,4.1790e-20,2.7022e-21,3.7601e-28,1.9101e-26,1.2250e-27,1.1804e-31
2.42301,511.70,4.5518e-20,4.2733e-20,9.3777e-22,1.7628e-23,4.1777e-20,2.7856e-21,3.9827e-28,2.0820e-26,1.3266e-27,1.1829e-31
2.42439,511.40,4.5576e-20,4.2704e-20,9.2679e-22,1.7353e-23,4.1760e-20,2.8714e-21,4.2167e-28,2.2684e-26,1.4362e-27,1.1851e-31
2.42576,511.11,4.5632e-20,4.2672e-20,9.1585e-22,1.7080e-23,4.1740e-20,2.9596e-21,4.4628e-28,2.4704e-26,1.5544e-27,1.1869e-31
2.42714,510.83,4.5687e-20,4.2637e-20,9.0494e-22,1.6809e-23,4.1715e-20,3.0502e-21,4.7213e-28,2.6893e-26,1.6819e-27,1.1904e-31
2.42851,510.54,4.5741e-20,4.2598e-20,8.9407e-22,1.6539e-23,4.1687e-20,3.1435e-21,4.9929e-28,2.9264e-26,1.8194e-27,1.1935e-31
2.42989,510.25,4.5794e-20,4.2555e-20,8.8323e-22,1.6270e-23,4.1656e-20,3.2393e-21,5.2781e-28,3.1831e-26,1.9676e-27,1.1970e-31
2.43126,509.96,4.5847e-20,4.2509e-20,8.7243e-22,1.6004e-23,4.1620e-20,3.3378e-21,5.5776e-28,3.4608e-26,2.1272e-27,1.1993e-31
2.43264,509.67,4.5898e-20,4.2459e-20,8.6168e-22,1.5739e-23,4.1582e-20,3.4391e-21,5.8917e-28,3.7610e-26,2.2993e-27,1.2035e-31
2.43401,509.38,4.5949e-20,4.2406e-20,8.5096e-22,1.5476e-23,4.1539e-20,3.5431e-21,6.2213e-28,4.0855e-26,2.4845e-27,1.2068e-31
2.43539,509.09,4.5999e-20,4.2349e-20,8.4030e-22,1.5215e-23,4.1493e-20,3.6500e-21,6.5669e-28,4.4361e-26,2.6840e-27,1.2100e-31
2.43677,508.81,4.6049e-20,4.2289e-20,8.2968e-22,1.4956e-23,4.1444e-20,3.7599e-21,6.9292e-28,4.8146e-26,2.8987e-27,1.2149e-31
2.43814,508.52,4.6098e-20,4.2225e-20,8.1911e-22,1.4699e-23,4.1391e-20,3.8728e-21,7.3088e-28,5.2230e-26,3.1297e-27,1.2196e-31
2.43952,508.23,4.6146e-20,4.2158e-20,8.0859e-22,1.4444e-23,4.1335e-20,3.9888e-21,7.7064e-28,5.6635e-26,3.3783e-27,1.2233e-31
2.44089,507.95,4.6195e-20,4.2087e-20,7.9812e-22,1.4190e-23,4.1275e-20,4.1079e-21,8.1228e-28,6.1383e-26,3.6456e-27,1.2289e-31
2.44227,507.66,4.6243e-20,4.2013e-20,7.8771e-22,1.3939e-23,4.1211e-20,4.2302e-21,8.5586e-28,6.6498e-26,3.9331e-27,1.2337e-31
2.44364,507.37,4.6292e-20,4.1936e-20,7.7735e-22,1.3690e-23,4.1145e-20,4.3559e-21,9.0147e-28,7.2005e-26,4.2421e-27,1.2401e-31
2.44502,507.09,4.6340e-20,4.1855e-20,7.6705e-22,1.3443e-23,4.1074e-20,4.4850e-21,9.4917e-28,7.7931e-26,4.5741e-27,1.2460e-31
2.44639,506.80,4.6389e-20,4.1771e-20,7.5681e-22,1.3199e-23,4.1001e-20,4.6175e-21,9.9905e-28,8.4305e-26,4.9309e-27,1.2521e-31
2.44777,506.52,4.6437e-20,4.1684e-20,7.4663e-22,1.2956e-23,4.0924e-20,4.7535e-21,1.0512e-27,9.1156e-26,5.3141e-27,1.2592e-31
2.44915,506.23,4.6486e-20,4.1593e-20,7.3651e-22,1.2716e-23,4.0844e-20,4.8932e-21,1.1057e-27,9.8515e-26,5.7257e-27,1.2665e-31
2.45052,505.95,4.6536e-20,4.1499e-20,7.2645e-22,1.2478e-23,4.0760e-20,5.0365e-21,1.1626e-27,1.0642e-25,6.1674e-27,1.2750e-31
2.45190,505.67,4.6586e-20,4.1402e-20,7.1646e-22,1.2242e-23,4.0674e-20,5.1837e-21,1.2220e-27,1.1489e-25,6.6416e-27,1.2827e-31
2.45327,505.38,4.6637e-20,4.1302e-20,7.0654e-22,1.2009e-23,4.0584e-20,5.3347e-21,1.2840e-27,1.2398e-25,7.1504e-27,1.2914e-31
2.45465,505.10,4.6688e-20,4.1199e-20,6.9668e-22,1.1778e-23,4.0490e-20,5.4897e-21,1.3487e-27,1.3373e-25,7.6961e-27,1.3018e-31
2.45602,504.82,4.6741e-20,4.1092e-20,6.8689e-22,1.1550e-23,4.0394e-20,5.6487e-21,1.4162e-27,1.4416e-25,8.2814e-27,1.3116e-31
2.45740,504.53,4.6794e-20,4.0982e-20,6.7717e-22,1.1324e-23,4.0294e-20,5.8119e-21,1.4866e-27,1.5533e-25,8.9089e-27,1.3233e-31
2.45877,504.25,4.6849e-20,4.0870e-20,6.6753e-22,1.1100e-23,4.0191e-20,5.9793e-21,1.5600e-27,1.6728e-25,9.5815e-27,1.3358e-31
2.46015,503.97,4.6905e-20,4.0754e-20,6.5795e-22,1.0879e-23,4.0085e-20,6.1509e-21,1.6364e-27,1.8006e-25,1.0302e-26,1.3487e-31
2.46153,503.69,4.6962e-20,4.0635e-20,6.4844e-22,1.0660e-23,3.9976e-20,6.3270e-21,1.7160e-27,1.9371e-25,1.1075e-26,1.3625e-31
2.46290,503.41,4.7021e-20,4.0513e-20,6.3901e-22,1.0444e-23,3.9864e-20,6.5076e-21,1.7989e-27,2.0829e-25,1.1902e-26,1.3776e-31
2.46428,503.13,4.7081e-20,4.0388e-20,6.2966e-22,1.0230e-23,3.9748e-20,6.6928e-21,1.8852e-27,2.2385e-25,1.2787e-26,1.3942e-31
2.46565,502.85,4.7143e-20,4.0260e-20,6.2038e-22,1.0019e-23,3.9630e-20,6.8827e-21,1.9750e-27,2.4044e-25,1.3735e-26,1.4091e-31
2.46703,502.57,4.7207e-20,4.0130e-20,6.1117e-22,9.8103e-24,3.9509e-20,7.0774e-21,2.0683e-27,2.5814e-25,1.4750e-26,1.4292e-31
2.46840,502.28,4.7273e-20,3.9996e-20,6.0204e-22,9.6042e-24,3.9384e-20,7.2769e-21,2.1654e-27,2.7699e-25,1.5835e-26,1.4489e-31
2.46978,502.01,4.7341e-20,3.9860e-20,5.9299e-22,9.4007e-24,3.9257e-20,7.4815e-21,2.2663e-27,2.9706e-25,1.6996e-26,1.4702e-31
2.47115,501.73,4.7412e-20,3.9721e-20,5.8402e-22,9.1998e-24,3.9127e-20,7.6911e-21,2.3711e-27,3.1842e-25,1.8238e-26,1.4923e-31
2.47253,501.45,4.7485e-20,3.9579e-20,5.7512e-22,9.0015e-24,3.8994e-20,7.9059e-21,2.4800e-27,3.4114e-25,1.9566e-26,1.5170e-31
2.47391,501.17,4.7560e-20,3.9434e-20,5.6631e-22,8.8058e-24,3.8859e-20,8.1260e-21,2.5931e-27,3.6530e-25,2.0984e-26,1.5442e-31
2.47528,500.89,4.7639e-20,3.9287e-20,5.5757e-22,8.6126e-24,3.8721e-20,8.3515e-21,2.7104e-27,3.9096e-25,2.2500e-26,1.5719e-31
2.47666,500.61,4.7720e-20,3.9137e-20,5.4892e-22,8.4221e-24,3.8580e-20,8.5824e-21,2.8322e-27,4.1820e-25,2.4120e-26,1.6017e-31
2.47803,500.33,4.7804e-20,3.8984e-20,5.4034e-22,8.2343e-24,3.8436e-20,8.8190e-21,2.9585e-27,4.4712e-25,2.5849e-26,1.6348e-31
2.47941,500.06,4.7891e-20,3.8829e-20,5.3185e-22,8.0490e-24,3.8290e-20,9.0613e-21,3.0895e-27,4.7779e-25,2.7696e-26,1.6702e-31
2.48078,499.78,4.7982e-20,3.8672e-20,5.2344e-22,7.8663e-24,3.8141e-20,9.3093e-21,3.2253e-27,5.1030e-25,2.9667e-26,1.7081e-31
2.48216,499.50,4.8076e-20,3.8512e-20,5.1511e-22,7.6863e-24,3.7989e-20,9.5633e-21,3.3660e-27,5.4476e-25,3.1770e-26,1.7479e-31
2.48353,499.22,4.8174e-20,3.8350e-20,5.0686e-22,7.5089e-24,3.7836e-20,9.8233e-21,3.5117e-27,5.8124e-25,3.4014e-26,1.7916e-31
2.48491,498.95,4.8276e-20,3.8185e-20,4.9870e-22,7.3341e-24,3.7679e-20,1.0089e-20,3.6627e-27,6.1986e-25,3.6407e-26,1.8406e-31
2.48629,498.67,4.8381e-20,3.8019e-20,4.9062e-22,7.1619e-24,3.7521e-20,1.0362e-20,3.8190e-27,6.6072e-25,3.8959e-26,1.8877e-31
2.48766,498.40,4.8491e-20,3.7850e-20,4.8263e-22,6.9923e-24,3.7360e-20,1.0640e-20,3.9808e-27,7.0392e-25,4.1679e-26,1.9431e-31
2.48904,498.12,4.8605e-20,3.7678e-20,4.7472e-22,6.8253e-24,3.7197e-20,1.0925e-20,4.1483e-27,7.4958e-25,4.4577e-26,2.0007e-31
2.49041,497.85,4.8723e-20,3.7505e-20,4.6689e-22,6.6609e-24,3.7032e-20,1.1217e-20,4.3215e-27,7.9782e-25,4.7665e-26,2.0622e-31
2.49179,497.57,4.8846e-20,3.7330e-20,4.5915e-22,6.4991e-24,3.6864e-20,1.1515e-20,4.5007e-27,8.4874e-25,5.0955e-26,2.1294e-31
2.49316,497.30,4.8974e-20,3.7152e-20,4.5149e-22,6.3399e-24,3.6694e-20,1.1820e-20,4.6861e-27,9.0249e-25,5.4457e-26,2.2013e-31
2.49454,497.02,4.9106e-20,3.6973e-20,4.4392e-22,6.1833e-24,3.6523e-20,1.2132e-20,4.8777e-27,9.5919e-25,5.8186e-26,2.2788e-31
2.49591,496.75,4.9243e-20,3.6791e-20,4.3643e-22,6.0293e-24,3.6349e-20,1.2451e-20,5.0757e-27,1.0190e-24,6.2154e-26,2.3613e-31
2.49729,496.47,4.9386e-20,3.6608e-20,4.2903e-22,5.8778e-24,3.6173e-20,1.2777e-20,5.2804e-27,1.0820e-24,6.6376e-26,2.4494e-31
2.49867,496.20,4.9534e-20,3.6423e-20,4.2171e-22,5.7288e-24,3.5996e-20,1.3110e-20,5.4919e-27,1.1483e-24,7.0867e-26,2.5452e-31
2.50004,495.93,4.9687e-20,3.6236e-20,4.1448e-22,5.5824e-24,3.5816e-20,1.3450e-20,5.7103e-27,1.2182e-24,7.5643e-26,2.6472e-31
2.50142,495.66,4.9846e-20,3.6047e-20,4.0733e-22,5.4386e-24,3.5635e-20,1.3798e-20,5.9360e-27,1.2917e-24,8.0720e-26,2.7570e-31
2.50279,495.38,5.0011e-20,3.5857e-20,4.0027e-22,5.2972e-24,3.5451e-20,1.4153e-20,6.1691e-27,1.3691e-24,8.6117e-26,2.8745e-31
2.50417,495.11,5.0182e-20,3.5665e-20,3.9329e-22,5.1584e-24,3.5266e-20,1.4515e-20,6.4098e-27,1.4504e-24,9.1852e-26,3.0017e-31
2.50554,494.84,5.0359e-20,3.5471e-20,3.8640e-22,5.0220e-24,3.5080e-20,1.4886e-20,6.6583e-27,1.5359e-24,9.7944e-26,3.1382e-31
2.50692,494.57,5.0542e-20,3.5276e-20,3.7959e-22,4.8881e-24,3.4891e-20,1.5264e-20,6.9148e-27,1.6257e-24,1.0441e-25,3.2815e-31
2.50830,494.30,5.0731e-20,3.5079e-20,3.7287e-22,4.7567e-24,3.4701e-20,1.5650e-20,7.1797e-27,1.7200e-24,1.1128e-25,3.4380e-31
2.50967,494.03,5.0926e-20,3.4881e-20,3.6624e-22,4.6277e-24,3.4510e-20,1.6044e-20,7.4531e-27,1.8190e-24,1.1858e-25,3.6060e-31
2.51105,493.76,5.1129e-20,3.4681e-20,3.5968e-22,4.5012e-24,3.4317e-20,1.6446e-20,7.7352e-27,1.9229e-24,1.2632e-25,3.7849e-31
2.51242,493.48,5.1338e-20,3.4480e-20,3.5322e-22,4.3770e-24,3.4122e-20,1.6856e-20,8.0264e-27,2.0319e-24,1.3453e-25,3.9780e-31
2.51380,493.21,5.1554e-20,3.4277e-20,3.4683e-22,4.2553e-24,3.3926e-20,1.7274e-20,8.3269e-27,2.1461e-24,1.4324e-25,4.1845e-31
2.51517,492.95,5.1777e-20,3.4073e-20,3.4053e-22,4.1359e-24,3.3729e-20,1.7701e-20,8.6369e-27,2.2658e-24,1.5247e-25,4.4049e-31
2.51655,492.68,5.2007e-20,3.3868e-20,3.3431e-22,4.0189e-24,3.3530e-20,1.8136e-20,8.9569e-27,2.3912e-24,1.6226e-25,4.6427e-31
2.51792,492.41,5.2245e-20,3.3662e-20,3.2818e-22,3.9042e-24,3.3330e-20,1.8580e-20,9.2870e-27,2.5225e-24,1.7264e-25,4.8975e-31
2.51930,492.14,5.2490e-20,3.3454e-20,3.2213e-22,3.7919e-24,3.3128e-20,1.9033e-20,9.6276e-27,2.6599e-24,1.8364e-25,5.1690e-31
2.52068,491.87,5.2742e-20,3.3245e-20,3.1616e-22,3.6818e-24,3.2926e-20,1.9494e-20,9.9790e-27,2.8036e-24,1.9529e-25,5.4605e-31
2.52205,491.60,5.3003e-20,3.3036e-20,3.1027e-22,3.5740e-24,3.2722e-20,1.9964e-20,1.0342e-26,2.9540e-24,2.0763e-25,5.7741e-31
2.52343,491.33,5.3271e-20,3.2825e-20,3.0446e-22,3.4685e-24,3.2517e-20,2.0443e-20,1.0716e-26,3.1111e-24,2.2070e-25,6.1087e-31
2.52480,491.07,5.3548e-20,3.2613e-20,2.9874e-22,3.3652e-24,3.2311e-20,2.0931e-20,1.1102e-26,3.2753e-24,2.3453e-25,6.4678e-31
2.52618,490.80,5.3832e-20,3.2400e-20,2.9309e-22,3.2640e-24,3.2104e-20,2.1429e-20,1.1500e-26,3.4469e-24,2.4917e-25,6.8523e-31
2.52755,490.53,5.4125e-20,3.2186e-20,2.8752e-22,3.1651e-24,3.1895e-20,2.1935e-20,1.1910e-26,3.6260e-24,2.6466e-25,7.2636e-31
2.52893,490.26,5.4427e-20,3.1972e-20,2.8204e-22,3.0684e-24,3.1686e-20,2.2451e-20,1.2334e-26,3.8129e-24,2.8105e-25,7.7044e-31
2.53030,490.00,5.4737e-20,3.1756e-20,2.7663e-22,2.9737e-24,3.1476e-20,2.2977e-20,1.2771e-26,4.0078e-24,2.9838e-25,8.1760e-31
2.53168,489.73,5.5056e-20,3.1540e-20,2.7130e-22,2.8812e-24,3.1266e-20,2.3511e-20,1.3222e-26,4.2112e-24,3.1670e-25,8.6806e-31
2.53306,489.47,5.5384e-20,3.1323e-20,2.6605e-22,2.7908e-24,3.1054e-20,2.4056e-20,1.3687e-26,4.4231e-24,3.3607e-25,9.2212e-31
2.53443,489.20,5.5721e-20,3.1105e-20,2.6088e-22,2.7024e-24,3.0842e-20,2.4610e-20,1.4167e-26,4.6439e-24,3.5654e-25,9.7993e-31
2.53581,488.93,5.6067e-20,3.0887e-20,2.5578e-22,2.6161e-24,3.0629e-20,2.5174e-20,1.4662e-26,4.8739e-24,3.7817e-25,1.0420e-30
2.53718,488.67,5.6422e-20,3.0668e-20,2.5076e-22,2.5318e-24,3.0415e-20,2.5748e-20,1.5172e-26,5.1133e-24,4.0102e-25,1.1081e-30
2.53856,488.40,5.6787e-20,3.0449e-20,2.4582e-22,2.4494e-24,3.0201e-20,2.6332e-20,1.5698e-26,5.3624e-24,4.2514e-25,1.1790e-30
2.53993,488.14,5.7161e-20,3.0229e-20,2.4095e-22,2.3690e-24,2.9986e-20,2.6926e-20,1.6242e-26,5.6215e-24,4.5061e-25,1.2548e-30
2.54131,487.88,5.7546e-20,3.0009e-20,2.3615e-22,2.2906e-24,2.9770e-20,2.7531e-20,1.6802e-26,5.8909e-24,4.7750e-25,1.3358e-30
2.54268,487.61,5.7940e-20,2.9788e-20,2.3143e-22,2.2140e-24,2.9554e-20,2.8145e-20,1.7380e-26,6.1709e-24,5.0587e-25,1.4225e-30
2.54406,487.35,5.8343e-20,2.9567e-20,2.2678e-22,2.1394e-24,2.9338e-20,2.8770e-20,1.7975e-26,6.4618e-24,5.3580e-25,1.5152e-30
2.54544,487.08,5.8757e-20,2.9345e-20,2.2221e-22,2.0666e-24,2.9121e-20,2.9405e-20,1.8590e-26,6.7638e-24,5.6738e-25,1.6144e-30
2.54681,486.82,5.9182e-20,2.9124e-20,2.1770e-22,1.9956e-24,2.8904e-20,3.0050e-20,1.9224e-26,7.0773e-24,6.0067e-25,1.7203e-30
2.54819,486.56,5.9616e-20,2.8902e-20,2.1327e-22,1.9264e-24,2.8686e-20,3.0706e-20,1.9877e-26,7.4026e-24,6.3578e-25,1.8335e-30
2.54956,486.30,6.0061e-20,2.8680e-20,2.0891e-22,1.8590e-24,2.8469e-20,3.1373e-20,2.0552e-26,7.7399e-24,6.7277e-25,1.9546e-30
2.55094,486.03,6.0516e-20,2.8457e-20,2.0462e-22,1.7934e-24,2.8251e-20,3.2050e-20,2.1247e-26,8.0896e-24,7.1176e-25,2.0839e-30
2.55231,485.77,6.0982e-20,2.8235e-20,2.0040e-22,1.7294e-24,2.8033e-20,3.2738e-20,2.1963e-26,8.4520e-24,7.5284e-25,2.2221e-30
2.55369,485.51,6.1459e-20,2.8012e-20,1.9625e-22,1.6672e-24,2.7814e-20,3.3437e-20,2.2702e-26,8.8273e-24,7.9610e-25,2.3697e-30
2.55506,485.25,6.1946e-20,2.7790e-20,1.9216e-22,1.6066e-24,2.7596e-20,3.4146e-20,2.3464e-26,9.2160e-24,8.4166e-25,2.5274e-30
2.55644,484.99,6.2444e-20,2.7567e-20,1.8814e-22,1.5477e-24,2.7378e-20,3.4866e-20,2.4249e-26,9.6182e-24,8.8962e-25,2.6959e-30
2.55782,484.73,6.2953e-20,2.7345e-20,1.8419e-22,1.4903e-24,2.7159e-20,3.5597e-20,2.5059e-26,1.0034e-23,9.4010e-25,2.8757e-30
2.55919,484.47,6.3473e-20,2.7122e-20,1.8031e-22,1.4346e-24,2.6941e-20,3.6339e-20,2.5894e-26,1.0465e-23,9.9322e-25,3.0678e-30
2.56057,484.21,6.4004e-20,2.6900e-20,1.7649e-22,1.3804e-24,2.6722e-20,3.7092e-20,2.6754e-26,1.0910e-23,1.0491e-24,3.2730e-30
2.56194,483.95,6.4546e-20,2.6678e-20,1.7274e-22,1.3278e-24,2.6504e-20,3.7855e-20,2.7641e-26,1.1370e-23,1.1079e-24,3.4919e-30
2.56332,483.69,6.5099e-20,2.6456e-20,1.6905e-22,1.2766e-24,2.6286e-20,3.8630e-20,2.8554e-26,1.1845e-23,1.1697e-24,3.7256e-30
2.56469,483.43,6.5663e-20,2.6234e-20,1.6542e-22,1.2269e-24,2.6067e-20,3.9416e-20,2.9496e-26,1.2335e-23,1.2347e-24,3.9750e-30
2.56607,483.17,6.6239e-20,2.6012e-20,1.6186e-22,1.1787e-24,2.5849e-20,4.0212e-20,3.0467e-26,1.2842e-23,1.3030e-24,4.2414e-30
2.56744,482.91,6.6826e-20,2.5791e-20,1.5835e-22,1.1319e-24,2.5632e-20,4.1020e-20,3.1467e-26,1.3365e-23,1.3748e-24,4.5251e-30
2.56882,482.65,6.7424e-20,2.5570e-20,1.5491e-22,1.0865e-24,2.5414e-20,4.1838e-20,3.2497e-26,1.3904e-23,1.4502e-24,4.8285e-30
2.57020,482.39,6.8033e-20,2.5349e-20,1.5153e-22,1.0425e-24,2.5197e-20,4.2668e-20,3.3558e-26,1.4461e-23,1.5294e-24,5.1518e-30
2.57157,482.13,6.8654e-20,2.5129e-20,1.4821e-22,9.9985e-25,2.4980e-20,4.3508e-20,3.4652e-26,1.5035e-23,1.6126e-24,5.4967e-30
2.57295,481.88,6.9286e-20,2.4909e-20,1.4495e-22,9.5850e-25,2.4763e-20,4.4360e-20,3.5779e-26,1.5626e-23,1.7000e-24,5.8645e-30
2.57432,481.62,6.9930e-20,2.4690e-20,1.4175e-22,9.1843e-25,2.4547e-20,4.5222e-20,3.6939e-26,1.6236e-23,1.7917e-24,6.2568e-30
2.57570,481.36,7.0585e-20,2.4470e-20,1.3860e-22,8.7964e-25,2.4331e-20,4.6096e-20,3.8134e-26,1.6865e-23,1.8879e-24,6.6751e-30
2.57707,481.10,7.1251e-20,2.4252e-20,1.3551e-22,8.4209e-25,2.4115e-20,4.6980e-20,3.9365e-26,1.7512e-23,1.9889e-24,7.1210e-30
2.57845,480.85,7.1929e-20,2.4034e-20,1.3248e-22,8.0575e-25,2.3900e-20,4.7875e-20,4.0633e-26,1.8179e-23,2.0948e-24,7.5964e-30
2.57982,480.59,7.2619e-20,2.3816e-20,1.2950e-22,7.7060e-25,2.3686e-20,4.8781e-20,4.1939e-26,1.8866e-23,2.2059e-24,8.1031e-30
2.58120,480.34,7.3319e-20,2.3599e-20,1.2658e-22,7.3662e-25,2.3472e-20,4.9698e-20,4.3284e-26,1.9573e-23,2.3224e-24,8.6432e-30
2.58258,480.08,7.4031e-20,2.3382e-20,1.2371e-22,7.0378e-25,2.3258e-20,5.0626e-20,4.4668e-26,2.0301e-23,2.4445e-24,9.2186e-30
2.58395,479.82,7.4755e-20,2.3167e-20,1.2089e-22,6.7205e-25,2.3045e-20,5.1564e-20,4.6094e-26,2.1051e-23,2.5725e-24,9.8319e-30
2.58533,479.57,7.5489e-20,2.2951e-20,1.1813e-22,6.4141e-25,2.2833e-20,5.2513e-20,4.7562e-26,2.1822e-23,2.7067e-24,1.0485e-29
2.58670,479.31,7.6235e-20,2.2737e-20,1.1542e-22,6.1184e-25,2.2621e-20,5.3473e-20,4.9073e-26,2.2617e-23,2.8473e-24,1.1181e-29
2.58808,479.06,7.6993e-20,2.2523e-20,1.1276e-22,5.8331e-25,2.2410e-20,5.4443e-20,5.0629e-26,2.3434e-23,2.9945e-24,1.1922e-29
2.58945,478.80,7.7761e-20,2.2310e-20,1.1015e-22,5.5580e-25,2.2199e-20,5.5424e-20,5.2231e-26,2.4275e-23,3.1487e-24,1.2711e-29
2.59083,478.55,7.8540e-20,2.2097e-20,1.0759e-22,5.2928e-25,2.1989e-20,5.6414e-20,5.3880e-26,2.5140e-23,3.3102e-24,1.3552e-29
2.59221,478.30,7.9330e-20,2.1886e-20,1.0508e-22,5.0373e-25,2.1780e-20,5.7415e-20,5.5577e-26,2.6030e-23,3.4792e-24,1.4447e-29
2.59358,478.04,8.0132e-20,2.1675e-20,1.0262e-22,4.7913e-25,2.1572e-20,5.8426e-20,5.7325e-26,2.6946e-23,3.6562e-24,1.5400e-29
2.59496,477.79,8.0943e-20,2.1465e-20,1.0020e-22,4.5545e-25,2.1364e-20,5.9447e-20,5.9123e-26,2.7889e-23,3.8413e-24,1.6414e-29
2.59633,477.54,8.1766e-20,2.1255e-20,9.7835e-23,4.3267e-25,2.1157e-20,6.0478e-20,6.0974e-26,2.8858e-23,4.0351e-24,1.7493e-29
2.59771,477.28,8.2599e-20,2.1047e-20,9.5514e-23,4.1076e-25,2.0951e-20,6.1518e-20,6.2879e-26,2.9856e-23,4.2377e-24,1.8642e-29
2.59908,477.03,8.3443e-20,2.0839e-20,9.3238e-23,3.8971e-25,2.0746e-20,6.2568e-20,6.4839e-26,3.0882e-23,4.4496e-24,1.9865e-29
2.60046,476.78,8.4297e-20,2.0633e-20,9.1007e-23,3.6950e-25,2.0541e-20,6.3627e-20,6.6856e-26,3.1937e-23,4.6712e-24,2.1165e-29
2.60183,476.53,8.5161e-20,2.0427e-20,8.8820e-23,3.5010e-25,2.0338e-20,6.4696e-20,6.8932e-26,3.3023e-23,4.9029e-24,2.2549e-29
2.60321,476.27,8.6034e-20,2.0222e-20,8.6677e-23,3.3148e-25,2.0135e-20,6.5773e-20,7.1069e-26,3.4140e-23,5.1450e-24,2.4020e-29
2.60459,476.02,8.6918e-20,2.0018e-20,8.4576e-23,3.1363e-25,1.9933e-20,6.6859e-20,7.3266e-26,3.5289e-23,5.3981e-24,2.5586e-29
2.60596,475.77,8.7811e-20,1.9815e-20,8.2519e-23,2.9653e-25,1.9733e-20,6.7954e-20,7.5528e-26,3.6471e-23,5.6624e-24,2.7250e-29
2.60734,475.52,8.8714e-20,1.9614e-20,8.0502e-23,2.8016e-25,1.9533e-20,6.9057e-20,7.7854e-26,3.7687e-23,5.9386e-24,2.9020e-29
2.60871,475.27,8.9626e-20,1.9413e-20,7.8527e-23,2.6449e-25,1.9334e-20,7.0168e-20,8.0248e-26,3.8939e-23,6.2270e-24,3.0902e-29
2.61009,475.02,9.0547e-20,1.9213e-20,7.6592e-23,2.4951e-25,1.9136e-20,7.1288e-20,8.2710e-26,4.0226e-23,6.5282e-24,3.2902e-29
2.61146,474.77,9.1477e-20,1.9014e-20,7.4697e-23,2.3520e-25,1.8939e-20,7.2415e-20,8.5243e-26,4.1550e-23,6.8426e-24,3.5029e-29
2.61284,474.52,9.2416e-20,1.8816e-20,7.2840e-23,2.2153e-25,1.8743e-20,7.3550e-20,8.7848e-26,4.2912e-23,7.1707e-24,3.7289e-29
2.61421,474.27,9.3363e-20,1.8619e-20,7.1023e-23,2.0848e-25,1.8548e-20,7.4692e-20,9.0527e-26,4.4313e-23,7.5132e-24,3.9690e-29
2.61559,474.02,9.4318e-20,1.8424e-20,6.9243e-23,1.9605e-25,1.8354e-20,7.5841e-20,9.3282e-26,4.5755e-23,7.8705e-24,4.2242e-29
2.61697,473.77,9.5281e-20,1.8229e-20,6.7500e-23,1.8421e-25,1.8161e-20,7.6997e-20,9.6116e-26,4.7238e-23,8.2432e-24,4.4953e-29
2.61834,473.52,9.6252e-20,1.8036e-20,6.5794e-23,1.7293e-25,1.7970e-20,7.8159e-20,9.9030e-26,4.8764e-23,8.6319e-24,4.7833e-29
2.61972,473.27,9.7231e-20,1.7843e-20,6.4124e-23,1.6221e-25,1.7779e-20,7.9328e-20,1.0203e-25,5.0333e-23,9.0372e-24,5.0892e-29
2.62109,473.02,9.8216e-20,1.7652e-20,6.2490e-23,1.5203e-25,1.7589e-20,8.0503e-20,1.0511e-25,5.1948e-23,9.4598e-24,5.4142e-29
2.62247,472.78,9.9209e-20,1.7462e-20,6.0890e-23,1.4236e-25,1.7401e-20,8.1684e-20,1.0828e-25,5.3608e-23,9.9003e-24,5.7592e-29
2.62384,472.53,1.0021e-19,1.7273e-20,5.9325e-23,1.3319e-25,1.7213e-20,8.2870e-20,1.1153e-25,5.5317e-23,1.0359e-23,6.1255e-29
2.62522,472.28,1.0122e-19,1.7085e-20,5.7793e-23,1.2451e-25,1.7027e-20,8.4062e-20,1.1488e-25,5.7074e-23,1.0838e-23,6.5145e-29
2.62659,472.03,1.0223e-19,1.6898e-20,5.6295e-23,1.1629e-25,1.6842e-20,8.5259e-20,1.1832e-25,5.8881e-23,1.1336e-23,6.9274e-29
2.62797,471.79,1.0325e-19,1.6713e-20,5.4829e-23,1.0852e-25,1.6658e-20,8.6461e-20,1.2186e-25,6.0740e-23,1.1855e-23,7.3657e-29
2.62935,471.54,1.0427e-19,1.6529e-20,5.3395e-23,1.0119e-25,1.6475e-20,8.7667e-20,1.2549e-25,6.2651e-23,1.2395e-23,7.8309e-29
2.63072,471.29,1.0530e-19,1.6345e-20,5.1992e-23,9.4282e-26,1.6293e-20,8.8878e-20,1.2923e-25,6.4617e-23,1.2958e-23,8.3245e-29
2.63210,471.05,1.0634e-19,1.6164e-20,5.0621e-23,8.7774e-26,1.6113e-20,9.0092e-20,1.3307e-25,6.6638e-23,1.3544e-23,8.8484e-29
2.63347,470.80,1.0738e-19,1.5983e-20,4.9279e-23,8.1656e-26,1.5933e-20,9.1310e-20,1.3701e-25,6.8716e-23,1.4154e-23,9.4041e-29
2.63485,470.56,1.0842e-19,1.5803e-20,4.7968e-23,7.5912e-26,1.5755e-20,9.2532e-20,1.4106e-25,7.0852e-23,1.4788e-23,9.9937e-29
2.63622,470.31,1.0947e-19,1.5625e-20,4.6685e-23,7.0527e-26,1.5578e-20,9.3757e-20,1.4523e-25,7.3048e-23,1.5448e-23,1.0619e-28
2.63760,470.06,1.1052e-19,1.5448e-20,4.5432e-23,6.5488e-26,1.5402e-20,9.4985e-20,1.4951e-25,7.5306e-23,1.6135e-23,1.1282e-28
2.63897,469.82,1.1158e-19,1.5272e-20,4.4207e-23,6.0782e-26,1.5228e-20,9.6215e-20,1.5390e-25,7.7626e-23,1.6849e-23,1.1986e-28
2.64035,469.57,1.1264e-19,1.5098e-20,4.3009e-23,5.6393e-26,1.5055e-20,9.7448e-20,1.5842e-25,8.0010e-23,1.7592e-23,1.2732e-28
2.64173,469.33,1.1371e-19,1.4924e-20,4.1839e-23,5.2310e-26,1.4882e-20,9.8683e-20,1.6305e-25,8.2460e-23,1.8364e-23,1.3523e-28
2.64310,469.09,1.1478e-19,1.4752e-20,4.0695e-23,4.8519e-26,1.4711e-20,9.9920e-20,1.6781e-25,8.4978e-23,1.9167e-23,1.4361e-28
2.64448,468.84,1.1585e-19,1.4581e-20,3.9577e-23,4.5008e-26,1.4542e-20,1.0116e-19,1.7270e-25,8.7564e-23,2.0002e-23,1.5250e-28
2.64585,468.60,1.1692e-19,1.4412e-20,3.8486e-23,4.1764e-26,1.4373e-20,1.0240e-19,1.7773e-25,9.0222e-23,2.0869e-23,1.6192e-28
2.64723,468.35,1.1800e-19,1.4244e-20,3.7419e-23,3.8775e-26,1.4206e-20,1.0364e-19,1.8288e-25,9.2951e-23,2.1770e-23,1.7190e-28
2.64860,468.11,1.1907e-19,1.4076e-20,3.6378e-23,3.6030e-26,1.4040e-20,1.0488e-19,1.8817e-25,9.5754e-23,2.2705e-23,1.8248e-28
2.64998,467.87,1.2015e-19,1.3911e-20,3.5360e-23,3.3517e-26,1.3875e-20,1.0612e-19,1.9361e-25,9.8632e-23,2.3678e-23,1.9369e-28
2.65135,467.63,1.2123e-19,1.3746e-20,3.4367e-23,3.1225e-26,1.3712e-20,1.0736e-19,1.9919e-25,1.0159e-22,2.4687e-23,2.0557e-28
2.65273,467.38,1.2231e-19,1.3583e-20,3.3396e-23,2.9144e-26,1.3550e-20,1.0860e-19,2.0491e-25,1.0462e-22,2.5735e-23,2.1815e-28
2.65411,467.14,1.2339e-19,1.3421e-20,3.2449e-23,2.7261e-26,1.3389e-20,1.0984e-19,2.1079e-25,1.0774e-22,2.6823e-23,2.3148e-28
2.65548,466.90,1.2448e-19,1.3261e-20,3.1524e-23,2.5569e-26,1.3229e-20,1.1108e-19,2.1682e-25,1.1094e-22,2.7953e-23,2.4559e-28
2.65686,466.66,1.2556e-19,1.3101e-20,3.0622e-23,2.4055e-26,1.3071e-20,1.1231e-19,2.2302e-25,1.1422e-22,2.9125e-23,2.6054e-28
2.65823,466.42,1.2664e-19,1.2943e-20,2.9741e-23,2.2711e-26,1.2913e-20,1.1355e-19,2.2937e-25,1.1759e-22,3.0342e-23,2.7637e-28
2.65961,466.17,1.2772e-19,1.2787e-20,2.8881e-23,2.1527e-26,1.2758e-20,1.1478e-19,2.3588e-25,1.2105e-22,3.1604e-23,2.9312e-28
2.66098,465.93,1.2880e-19,1.2631e-20,2.8042e-23,2.0494e-26,1.2603e-20,1.1602e-19,2.4257e-25,1.2459e-22,3.2913e-23,3.1086e-28
2.66236,465.69,1.2988e-19,1.2477e-20,2.7223e-23,1.9604e-26,1.2450e-20,1.1725e-19,2.4943e-25,1.2823e-22,3.4270e-23,3.2964e-28
2.66373,465.45,1.3096e-19,1.2324e-20,2.6424e-23,1.8847e-26,1.2298e-20,1.1847e-19,2.5647e-25,1.3197e-22,3.5678e-23,3.4952e-28
2.66511,465.21,1.3204e-19,1.2173e-20,2.5645e-23,1.8215e-26,1.2147e-20,1.1969e-19,2.6368e-25,1.3580e-22,3.7138e-23,3.7055e-28
2.66649,464.97,1.3312e-19,1.2022e-20,2.4886e-23,1.7700e-26,1.1997e-20,1.2091e-19,2.7109e-25,1.3973e-22,3.8652e-23,3.9281e-28
2.66786,464.73,1.3419e-19,1.1873e-20,2.4144e-23,1.7294e-26,1.1849e-20,1.2213e-19,2.7868e-25,1.4376e-22,4.0221e-23,4.1636e-28
2.66924,464.49,1.3526e-19,1.1726e-20,2.3422e-23,1.6990e-26,1.1702e-20,1.2334e-19,2.8646e-25,1.4789e-22,4.1847e-23,4.4128e-28
2.67061,464.25,1.3632e-19,1.1579e-20,2.2717e-23,1.6780e-26,1.1557e-20,1.2455e-19,2.9444e-25,1.5213e-22,4.3531e-23,4.6764e-28
2.67199,464.01,1.3739e-19,1.1434e-20,2.2030e-23,1.6657e-26,1.1412e-20,1.2575e-19,3.0262e-25,1.5647e-22,4.5277e-23,4.9552e-28
2.67336,463.78,1.3845e-19,1.1291e-20,2.1361e-23,1.6615e-26,1.1269e-20,1.2695e-19,3.1100e-25,1.6093e-22,4.7085e-23,5.2501e-28
2.67474,463.54,1.3951e-19,1.1148e-20,2.0708e-23,1.6646e-26,1.1127e-20,1.2814e-19,3.1960e-25,1.6549e-22,4.8959e-23,5.5619e-28
2.67612,463.30,1.4056e-19,1.1007e-20,2.0072e-23,1.6745e-26,1.0987e-20,1.2933e-19,3.2841e-25,1.7018e-22,5.0898e-23,5.8917e-28
2.67749,463.06,1.4161e-19,1.0867e-20,1.9453e-23,1.6906e-26,1.0848e-20,1.3051e-19,3.3743e-25,1.7497e-22,5.2907e-23,6.2403e-28
2.67887,462.82,1.4265e-19,1.0729e-20,1.8849e-23,1.7121e-26,1.0710e-20,1.3169e-19,3.4668e-25,1.7989e-22,5.4987e-23,6.6089e-28
2.68024,462.59,1.4369e-19,1.0591e-20,1.8261e-23,1.7387e-26,1.0573e-20,1.3286e-19,3.5615e-25,1.8493e-22,5.7139e-23,6.9985e-28
2.68162,462.35,1.4473e-19,1.0455e-20,1.7688e-23,1.7697e-26,1.0438e-20,1.3402e-19,3.6586e-25,1.9010e-22,5.9368e-23,7.4103e-28
2.68299,462.11,1.4575e-19,1.0321e-20,1.7130e-23,1.8047e-26,1.0303e-20,1.3518e-19,3.7580e-25,1.9539e-22,6.1674e-23,7.8454e-28
2.68437,461.87,1.4678e-19,1.0187e-20,1.6586e-23,1.8430e-26,1.0170e-20,1.3633e-19,3.8597e-25,2.0082e-22,6.4060e-23,8.3053e-28
2.68574,461.64,1.4780e-19,1.0055e-20,1.6057e-23,1.8843e-26,1.0039e-20,1.3747e-19,3.9640e-25,2.0637e-22,6.6529e-23,8.7912e-28
2.68712,461.40,1.4881e-19,9.9240e-21,1.5543e-23,1.9282e-26,9.9084e-21,1.3860e-19,4.0707e-25,2.1207e-22,6.9083e-23,9.3045e-28
2.68850,461.17,1.4981e-19,9.7943e-21,1.5041e-23,1.9741e-26,9.7792e-21,1.3973e-19,4.1799e-25,2.1790e-22,7.1725e-23,9.8468e-28
2.68987,460.93,1.5081e-19,9.6659e-21,1.4553e-23,2.0216e-26,9.6513e-21,1.4085e-19,4.2917e-25,2.2387e-22,7.4457e-23,1.0420e-27
2.69125,460.69,1.5181e-19,9.5388e-21,1.4079e-23,2.0704e-26,9.5247e-21,1.4196e-19,4.4062e-25,2.2999e-22,7.7283e-23,1.1025e-27
2.69262,460.46,1.5279e-19,9.4129e-21,1.3617e-23,2.1202e-26,9.3992e-21,1.4306e-19,4.5233e-25,2.3626e-22,8.0204e-23,1.1663e-27
2.69400,460.22,1.5377e-19,9.2882e-21,1.3167e-23,2.1704e-26,9.2750e-21,1.4416e-19,4.6431e-25,2.4268e-22,8.3225e-23,1.2338e-27
2.69537,459.99,1.5474e-19,9.1648e-21,1.2730e-23,2.2209e-26,9.1520e-21,1.4524e-19,4.7656e-25,2.4925e-22,8.6347e-23,1.3050e-27
2.69675,459.75,1.5570e-19,9.0426e-21,1.2305e-23,2.2713e-26,9.0303e-21,1.4632e-19,4.8910e-25,2.5598e-22,8.9574e-23,1.3802e-27
2.69812,459.52,1.5666e-19,8.9217e-21,1.1892e-23,2.3212e-26,8.9098e-21,1.4738e-19,5.0192e-25,2.6287e-22,9.2909e-23,1.4596e-27
2.69950,459.29,1.5761e-19,8.8019e-21,1.1490e-23,2.3705e-26,8.7904e-21,1.4844e-19,5.1503e-25,2.6992e-22,9.6355e-23,1.5434e-27
2.70088,459.05,1.5855e-19,8.6835e-21,1.1099e-23,2.4189e-26,8.6723e-21,1.4949e-19,5.2843e-25,2.7714e-22,9.9916e-23,1.6318e-27
2.70225,458.82,1.5948e-19,8.5662e-21,1.0719e-23,2.4661e-26,8.5554e-21,1.5052e-19,5.4213e-25,2.8453e-22,1.0359e-22,1.7251e-27
2.70363,458.58,1.6040e-19,8.4501e-21,1.0350e-23,2.5118e-26,8.4397e-21,1.5155e-19,5.5614e-25,2.9210e-22,1.0739e-22,1.8235e-27
2.70500,458.35,1.6131e-19,8.3352e-21,9.9915e-24,2.5560e-26,8.3252e-21,1.5257e-19,5.7045e-25,2.9984e-22,1.1132e-22,1.9274e-27
2.70638,458.12,1.6222e-19,8.2216e-21,9.6431e-24,2.5983e-26,8.2119e-21,1.5357e-19,5.8508e-25,3.0777e-22,1.1537e-22,2.0370e-27
2.70775,457.89,1.6311e-19,8.1091e-21,9.3046e-24,2.6386e-26,8.0998e-21,1.5457e-19,6.0002e-25,3.1587e-22,1.1956e-22,2.1526e-27
2.70913,457.65,1.6400e-19,7.9978e-21,8.9759e-24,2.6768e-26,7.9888e-21,1.5555e-19,6.1528e-25,3.2417e-22,1.2388e-22,2.2745e-27
2.71050,457.42,1.6487e-19,7.8878e-21,8.6567e-24,2.7126e-26,7.8791e-21,1.5652e-19,6.3088e-25,3.3265e-22,1.2834e-22,2.4030e-27
2.71188,457.19,1.6574e-19,7.7789e-21,8.3468e-24,2.7461e-26,7.7705e-21,1.5748e-19,6.4680e-25,3.4133e-22,1.3295e-22,2.5386e-27
2.71326,456.96,1.6659e-19,7.6711e-21,8.0460e-24,2.7769e-26,7.6630e-21,1.5843e-19,6.6306e-25,3.5021e-22,1.3770e-22,2.6815e-27
2.71463,456.73,1.6743e-19,7.5646e-21,7.7540e-24,2.8051e-26,7.5568e-21,1.5937e-19,6.7966e-25,3.5930e-22,1.4261e-22,2.8322e-27
2.71601,456.49,1.6827e-19,7.4592e-21,7.4707e-24,2.8305e-26,7.4517e-21,1.6029e-19,6.9660e-25,3.6858e-22,1.4767e-22,2.9911e-27
2.71738,456.26,1.6909e-19,7.3549e-21,7.1958e-24,2.8531e-26,7.3477e-21,1.6120e-19,7.1390e-25,3.7808e-22,1.5290e-22,3.1585e-27
2.71876,456.03,1.6990e-19,7.2518e-21,6.9292e-24,2.8727e-26,7.2448e-21,1.6210e-19,7.3155e-25,3.8779e-22,1.5829e-22,3.3350e-27
2.72013,455.80,1.7070e-19,7.1499e-21,6.6705e-24,2.8894e-26,7.1432e-21,1.6299e-19,7.4956e-25,3.9772e-22,1.6385e-22,3.5210e-27
2.72151,455.57,1.7149e-19,7.0490e-21,6.4198e-24,2.9030e-26,7.0426e-21,1.6386e-19,7.6794e-25,4.0786e-22,1.6959e-22,3.7170e-27
2.72288,455.34,1.7227e-19,6.9494e-21,6.1767e-24,2.9136e-26,6.9432e-21,1.6472e-19,7.8668e-25,4.1823e-22,1.7551e-22,3.9235e-27
2.72426,455.11,1.7303e-19,6.8508e-21,5.9410e-24,2.9212e-26,6.8448e-21,1.6557e-19,8.0581e-25,4.2883e-22,1.8161e-22,4.1410e-27
2.72564,454.88,1.7379e-19,6.7534e-21,5.7127e-24,2.9256e-26,6.7476e-21,1.6641e-19,8.2531e-25,4.3966e-22,1.8790e-22,4.3702e-27
2.72701,454.65,1.7453e-19,6.6570e-21,5.4914e-24,2.9269e-26,6.6515e-21,1.6723e-19,8.4519e-25,4.5073e-22,1.9440e-22,4.6116e-27
2.72839,454.42,1.7526e-19,6.5618e-21,5.2771e-24,2.9252e-26,6.5565e-21,1.6803e-19,8.6547e-25,4.6204e-22,2.0109e-22,4.8659e-27
2.72976,454.19,1.7598e-19,6.4677e-21,5.0695e-24,2.9204e-26,6.4626e-21,1.6882e-19,8.8613e-25,4.7359e-22,2.0799e-22,5.1336e-27
2.73114,453.97,1.7668e-19,6.3746e-21,4.8685e-24,2.9125e-26,6.3698e-21,1.6960e-19,9.0720e-25,4.8538e-22,2.1510e-22,5.4155e-27
2.73251,453.74,1.7737e-19,6.2827e-21,4.6739e-24,2.9017e-26,6.2780e-21,1.7037e-19,9.2867e-25,4.9743e-22,2.2243e-22,5.7124e-27
2.73389,453.51,1.7805e-19,6.1918e-21,4.4856e-24,2.8878e-26,6.1873e-21,1.7112e-19,9.5055e-25,5.0973e-22,2.2999e-22,6.0249e-27
2.73526,453.28,1.7872e-19,6.1020e-21,4.3034e-24,2.8710e-26,6.0977e-21,1.7185e-19,9.7285e-25,5.2229e-22,2.3778e-22,6.3539e-27
2.73664,453.05,1.7937e-19,6.0133e-21,4.1271e-24,2.8514e-26,6.0091e-21,1.7257e-19,9.9556e-25,5.3511e-22,2.4581e-22,6.7001e-27
2.73802,452.82,1.8001e-19,5.9256e-21,3.9566e-24,2.8290e-26,5.9216e-21,1.7328e-19,1.0187e-24,5.4820e-22,2.5408e-22,7.0646e-27
2.73939,452.60,1.8064e-19,5.8389e-21,3.7918e-24,2.8038e-26,5.8351e-21,1.7397e-19,1.0423e-24,5.6155e-22,2.6260e-22,7.4481e-27
2.74077,452.37,1.8125e-19,5.7533e-21,3.6325e-24,2.7760e-26,5.7496e-21,1.7465e-19,1.0663e-24,5.7518e-22,2.7138e-22,7.8517e-27
2.74214,452.14,1.8185e-19,5.6687e-21,3.4785e-24,2.7456e-26,5.6652e-21,1.7531e-19,1.0907e-24,5.8908e-22,2.8043e-22,8.2763e-27
2.74352,451.92,1.8243e-19,5.5852e-21,3.3297e-24,2.7127e-26,5.5818e-21,1.7595e-19,1.1156e-24,6.0327e-22,2.8974e-22,8.7231e-27
2.74489,451.69,1.8300e-19,5.5026e-21,3.1859e-24,2.6775e-26,5.4994e-21,1.7658e-19,1.1409e-24,6.1773e-22,2.9934e-22,9.1930e-27
2.74627,451.46,1.8356e-19,5.4211e-21,3.0472e-24,2.6400e-26,5.4180e-21,1.7720e-19,1.1667e-24,6.3249e-22,3.0922e-22,9.6873e-27
2.74764,451.24,1.8411e-19,5.3405e-21,2.9132e-24,2.6002e-26,5.3376e-21,1.7780e-19,1.1929e-24,6.4753e-22,3.1940e-22,1.0207e-26
2.74902,451.01,1.8464e-19,5.2610e-21,2.7839e-24,2.5585e-26,5.2582e-21,1.7838e-19,1.2196e-24,6.6287e-22,3.2989e-22,1.0754e-26
2.75040,450.79,1.8515e-19,5.1824e-21,2.6591e-24,2.5147e-26,5.1797e-21,1.7895e-19,1.2468e-24,6.7850e-22,3.4068e-22,1.1329e-26
2.75177,450.56,1.8565e-19,5.1048e-21,2.5388e-24,2.4691e-26,5.1022e-21,1.7950e-19,1.2744e-24,6.9443e-22,3.5179e-22,1.1933e-26
2.75315,450.34,1.8614e-19,5.0282e-21,2.4228e-24,2.4218e-26,5.0257e-21,1.8004e-19,1.3025e-24,7.1066e-22,3.6323e-22,1.2569e-26
2.75452,450.11,1.8661e-19,4.9525e-21,2.3109e-24,2.3729e-26,4.9501e-21,1.8056e-19,1.3311e-24,7.2720e-22,3.7501e-22,1.3237e-26
2.75590,449.89,1.8707e-19,4.8777e-21,2.2032e-24,2.3225e-26,4.8755e-21,1.8106e-19,1.3602e-24,7.4405e-22,3.8713e-22,1.3939e-26
2.75727,449.66,1.8751e-19,4.8040e-21,2.0993e-24,2.2708e-26,4.8018e-21,1.8155e-19,1.3897e-24,7.6120e-22,3.9961e-22,1.4677e-26
2.75865,449.44,1.8794e-19,4.7311e-21,1.9994e-24,2.2179e-26,4.7291e-21,1.8202e-19,1.4198e-24,7.7867e-22,4.1245e-22,1.5453e-26
2.76003,449.21,1.8836e-19,4.6592e-21,1.9031e-24,2.1638e-26,4.6572e-21,1.8247e-19,1.4504e-24,7.9646e-22,4.2567e-22,1.6267e-26
2.76140,448.99,1.8876e-19,4.5881e-21,1.8105e-24,2.1089e-26,4.5863e-21,1.8291e-19,1.4814e-24,8.1456e-22,4.3927e-22,1.7124e-26
2.76278,448.77,1.8914e-19,4.5180e-21,1.7215e-24,2.0531e-26,4.5163e-21,1.8333e-19,1.5130e-24,8.3298e-22,4.5327e-22,1.8023e-26
2.76415,448.54,1.8951e-19,4.4488e-21,1.6358e-24,1.9967e-26,4.4472e-21,1.8374e-19,1.5451e-24,8.5172e-22,4.6767e-22,1.8968e-26
2.76553,448.32,1.8986e-19,4.3805e-21,1.5535e-24,1.9397e-26,4.3789e-21,1.8413e-19,1.5777e-24,8.7079e-22,4.8248e-22,1.9961e-26
2.76690,448.10,1.9020e-19,4.3131e-21,1.4744e-24,1.8823e-26,4.3116e-21,1.8450e-19,1.6108e-24,8.9019e-22,4.9773e-22,2.1003e-26
2.76828,447.87,1.9052e-19,4.2465e-21,1.3984e-24,1.8247e-26,4.2451e-21,1.8485e-19,1.6445e-24,9.0991e-22,5.1341e-22,2.2098e-26
2.76965,447.65,1.9083e-19,4.1809e-21,1.3255e-24,1.7669e-26,4.1795e-21,1.8519e-19,1.6786e-24,9.2996e-22,5.2954e-22,2.3248e-26
2.77103,447.43,1.9112e-19,4.1160e-21,1.2555e-24,1.7092e-26,4.1148e-21,1.8551e-19,1.7133e-24,9.5034e-22,5.4613e-22,2.4455e-26
2.77241,447.21,1.9140e-19,4.0521e-21,1.1884e-24,1.6516e-26,4.0509e-21,1.8581e-19,1.7486e-24,9.7105e-22,5.6319e-22,2.5722e-26
2.77378,446.99,1.9166e-19,3.9889e-21,1.1241e-24,1.5943e-26,3.9878e-21,1.8610e-19,1.7844e-24,9.9209e-22,5.8074e-22,2.7052e-26
2.77516,446.76,1.9191e-19,3.9267e-21,1.0624e-24,1.5375e-26,3.9256e-21,1.8637e-19,1.8207e-24,1.0135e-21,5.9879e-22,2.8449e-26
2.77653,446.54,1.9214e-19,3.8652e-21,1.0034e-24,1.4812e-26,3.8642e-21,1.8662e-19,1.8576e-24,1.0352e-21,6.1735e-22,2.9914e-26
2.77791,446.32,1.9236e-19,3.8046e-21,9.4685e-25,1.4256e-26,3.8036e-21,1.8686e-19,1.8950e-24,1.0572e-21,6.3643e-22,3.1452e-26
2.77928,446.10,1.9256e-19,3.7447e-21,8.9278e-25,1.3709e-26,3.7438e-21,1.8707e-19,1.9329e-24,1.0796e-21,6.5605e-22,3.3066e-26
2.78066,445.88,1.9274e-19,3.6857e-21,8.4108e-25,1.3172e-26,3.6849e-21,1.8728e-19,1.9714e-24,1.1023e-21,6.7622e-22,3.4759e-26
2.78203,445.66,1.9291e-19,3.6275e-21,7.9168e-25,1.2646e-26,3.6267e-21,1.8746e-19,2.0105e-24,1.1254e-21,6.9696e-22,3.6535e-26
2.78341,445.44,1.9306e-19,3.5701e-21,7.4450e-25,1.2132e-26,3.5693e-21,1.8762e-19,2.0501e-24,1.1488e-21,7.1828e-22,3.8399e-26
2.78479,445.22,1.9320e-19,3.5135e-21,6.9947e-25,1.1632e-26,3.5128e-21,1.8777e-19,2.0903e-24,1.1725e-21,7.4020e-22,4.0354e-26
2.78616,445.00,1.9332e-19,3.4576e-21,6.5652e-25,1.1147e-26,3.4569e-21,1.8791e-19,2.1310e-24,1.1966e-21,7.6273e-22,4.2404e-26
2.78754,444.78,1.9343e-19,3.4025e-21,6.1559e-25,1.0677e-26,3.4019e-21,1.8802e-19,2.1723e-24,1.2210e-21,7.8589e-22,4.4554e-26
2.78891,444.56,1.9352e-19,3.3482e-21,5.7660e-25,1.0226e-26,3.3476e-21,1.8812e-19,2.2141e-24,1.2457e-21,8.0968e-22,4.6808e-26
2.79029,444.34,1.9360e-19,3.2946e-21,5.3949e-25,9.7924e-27,3.2940e-21,1.8820e-19,2.2565e-24,1.2708e-21,8.3414e-22,4.9172e-26
2.79166,444.12,1.9366e-19,3.2418e-21,5.0420e-25,9.3788e-27,3.2412e-21,1.8826e-19,2.2995e-24,1.2962e-21,8.5928e-22,5.1651e-26
2.79304,443.90,1.9371e-19,3.1897e-21,4.7067e-25,8.9860e-27,3.1892e-21,1.8831e-19,2.3430e-24,1.3220e-21,8.8511e-22,5.4249e-26
2.79441,443.69,1.9374e-19,3.1383e-21,4.3883e-25,8.6151e-27,3.1379e-21,1.8834e-19,2.3870e-24,1.3480e-21,9.1165e-22,5.6972e-26
2.79579,443.47,1.9375e-19,3.0877e-21,4.0863e-25,8.2672e-27,3.0872e-21,1.8835e-19,2.4316e-24,1.3744e-21,9.3891e-22,5.9826e-26
2.79717,443.25,1.9375e-19,3.0377e-21,3.8001e-25,7.9432e-27,3.0373e-21,1.8834e-19,2.4768e-24,1.4012e-21,9.6693e-22,6.2818e-26
2.79854,443.03,1.9374e-19,2.9885e-21,3.5291e-25,7.6441e-27,2.9881e-21,1.8832e-19,2.5225e-24,1.4282e-21,9.9572e-22,6.5952e-26
2.79992,442.81,1.9371e-19,2.9400e-21,3.2729e-25,7.3710e-27,2.9396e-21,1.8828e-19,2.5687e-24,1.4556e-21,1.0253e-21,6.9237e-26
2.80129,442.60,1.9366e-19,2.8921e-21,3.0307e-25,7.1248e-27,2.8918e-21,1.8823e-19,2.6155e-24,1.4834e-21,1.0557e-21,7.2678e-26
2.80267,442.38,1.9360e-19,2.8450e-21,2.8023e-25,6.9063e-27,2.8447e-21,1.8816e-19,2.6628e-24,1.5114e-21,1.0869e-21,7.6283e-26
2.80404,442.16,1.9353e-19,2.7985e-21,2.5869e-25,6.7164e-27,2.7983e-21,1.8807e-19,2.7106e-24,1.5398e-21,1.1189e-21,8.0059e-26
2.80542,441.95,1.9344e-19,2.7527e-21,2.3843e-25,6.5560e-27,2.7525e-21,1.8796e-19,2.7590e-24,1.5685e-21,1.1518e-21,8.4014e-26
2.80679,441.73,1.9333e-19,2.7076e-21,2.1938e-25,6.4257e-27,2.7073e-21,1.8784e-19,2.8079e-24,1.5975e-21,1.1856e-21,8.8156e-26
2.80817,441.51,1.9322e-19,2.6631e-21,2.0150e-25,6.3264e-27,2.6629e-21,1.8770e-19,2.8574e-24,1.6268e-21,1.2204e-21,9.2494e-26
2.80955,441.30,1.9308e-19,2.6192e-21,1.8474e-25,6.2587e-27,2.6190e-21,1.8755e-19,2.9073e-24,1.6565e-21,1.2560e-21,9.7036e-26
2.81092,441.08,1.9294e-19,2.5760e-21,1.6907e-25,6.2233e-27,2.5759e-21,1.8738e-19,2.9578e-24,1.6864e-21,1.2926e-21,1.0179e-25
2.81230,440.86,1.9277e-19,2.5335e-21,1.5443e-25,6.2208e-27,2.5333e-21,1.8719e-19,3.0087e-24,1.7167e-21,1.3302e-21,1.0677e-25
2.81367,440.65,1.9260e-19,2.4915e-21,1.4079e-25,6.2518e-27,2.4914e-21,1.8699e-19,3.0602e-24,1.7473e-21,1.3688e-21,1.1198e-25
2.81505,440.43,1.9241e-19,2.4502e-21,1.2810e-25,6.3168e-27,2.4500e-21,1.8677e-19,3.1122e-24,1.7781e-21,1.4084e-21,1.1744e-25
2.81642,440.22,1.9220e-19,2.4094e-21,1.1634e-25,6.4163e-27,2.4093e-21,1.8653e-19,3.1646e-24,1.8093e-21,1.4491e-21,1.2314e-25
2.81780,440.00,1.9199e-19,2.3693e-21,1.0544e-25,6.5508e-27,2.3692e-21,1.8628e-19,3.2176e-24,1.8408e-21,1.4909e-21,1.2912e-25
2.81917,439.79,1.9175e-19,2.3298e-21,9.5391e-26,6.7207e-27,2.3297e-21,1.8601e-19,3.2710e-24,1.8726e-21,1.5338e-21,1.3537e-25
2.82055,439.57,1.9151e-19,2.2908e-21,8.6142e-26,6.9263e-27,2.2907e-21,1.8573e-19,3.3248e-24,1.9047e-21,1.5778e-21,1.4191e-25
2.82193,439.36,1.9125e-19,2.2525e-21,7.7661e-26,7.1680e-27,2.2524e-21,1.8543e-19,3.3792e-24,1.9370e-21,1.6229e-21,1.4875e-25
2.82330,439.15,1.9098e-19,2.2147e-21,6.9913e-26,7.4460e-27,2.2146e-21,1.8512e-19,3.4340e-24,1.9697e-21,1.6693e-21,1.5591e-25
2.82468,438.93,1.9069e-19,2.1774e-21,6.2866e-26,7.7606e-27,2.1774e-21,1.8479e-19,3.4892e-24,2.0026e-21,1.7169e-21,1.6340e-25
2.82605,438.72,1.9039e-19,2.1408e-21,5.6486e-26,8.1120e-27,2.1407e-21,1.8445e-19,3.5449e-24,2.0358e-21,1.7657e-21,1.7123e-25
2.82743,438.51,1.9008e-19,2.1047e-21,5.0741e-26,8.5004e-27,2.1046e-21,1.8409e-19,3.6009e-24,2.0693e-21,1.8158e-21,1.7942e-25
2.82880,438.29,1.8976e-19,2.0691e-21,4.5602e-26,8.9259e-27,2.0690e-21,1.8371e-19,3.6575e-24,2.1030e-21,1.8672e-21,1.8798e-25
2.83018,438.08,1.8942e-19,2.0341e-21,4.1039e-26,9.3885e-27,2.0340e-21,1.8333e-19,3.7144e-24,2.1370e-21,1.9200e-21,1.9694e-25
2.83155,437.87,1.8907e-19,1.9995e-21,3.7022e-26,9.8883e-27,1.9995e-21,1.8292e-19,3.7717e-24,2.1713e-21,1.9741e-21,2.0630e-25
2.83293,437.65,1.8871e-19,1.9656e-21,3.3524e-26,1.0425e-26,1.9655e-21,1.8250e-19,3.8294e-24,2.2058e-21,2.0297e-21,2.1608e-25
2.83431,437.44,1.8833e-19,1.9321e-21,3.0517e-26,1.1000e-26,1.9321e-21,1.8207e-19,3.8875e-24,2.2406e-21,2.0867e-21,2.2631e-25
2.83568,437.23,1.8795e-19,1.8992e-21,2.7976e-26,1.1611e-26,1.8991e-21,1.8162e-19,3.9459e-24,2.2756e-21,2.1451e-21,2.3701e-25
2.83706,437.02,1.8755e-19,1.8667e-21,2.5874e-26,1.2259e-26,1.8667e-21,1.8116e-19,4.0047e-24,2.3109e-21,2.2051e-21,2.4818e-25
2.83843,436.81,1.8714e-19,1.8348e-21,2.4188e-26,1.2944e-26,1.8347e-21,1.8069e-19,4.0639e-24,2.3463e-21,2.2666e-21,2.5986e-25
2.83981,436.59,1.8672e-19,1.8033e-21,2.2893e-26,1.3666e-26,1.8033e-21,1.8020e-19,4.1234e-24,2.3821e-21,2.3297e-21,2.7206e-25
2.84118,436.38,1.8629e-19,1.7723e-21,2.1967e-26,1.4423e-26,1.7723e-21,1.7970e-19,4.1832e-24,2.4180e-21,2.3944e-21,2.8480e-25
2.84256,436.17,1.8584e-19,1.7418e-21,2.1386e-26,1.5217e-26,1.7418e-21,1.7918e-19,4.2433e-24,2.4541e-21,2.4608e-21,2.9812e-25
2.84393,435.96,1.8539e-19,1.7118e-21,2.1130e-26,1.6047e-26,1.7118e-21,1.7865e-19,4.3038e-24,2.4905e-21,2.5289e-21,3.1203e-25
2.84531,435.75,1.8492e-19,1.6823e-21,2.1177e-26,1.6912e-26,1.6822e-21,1.7811e-19,4.3645e-24,2.5270e-21,2.5987e-21,3.2656e-25
2.84669,435.54,1.8445e-19,1.6532e-21,2.1508e-26,1.7813e-26,1.6531e-21,1.7755e-19,4.4255e-24,2.5637e-21,2.6703e-21,3.4174e-25
2.84806,435.33,1.8396e-19,1.6246e-21,2.2102e-26,1.8747e-26,1.6245e-21,1.7699e-19,4.4868e-24,2.6006e-21,2.7437e-21,3.5758e-25
2.84944,435.12,1.8346e-19,1.5964e-21,2.2942e-26,1.9716e-26,1.5963e-21,1.7641e-19,4.5483e-24,2.6377e-21,2.8189e-21,3.7413e-25
2.85081,434.91,1.8296e-19,1.5686e-21,2.4008e-26,2.0719e-26,1.5686e-21,1.7581e-19,4.6101e-24,2.6749e-21,2.8961e-21,3.9141e-25
2.85219,434.70,1.8244e-19,1.5413e-21,2.5283e-26,2.1755e-26,1.5413e-21,1.7521e-19,4.6721e-24,2.7123e-21,2.9752e-21,4.0944e-25
2.85356,434.49,1.8192e-19,1.5144e-21,2.6750e-26,2.2823e-26,1.5144e-21,1.7459e-19,4.7344e-24,2.7498e-21,3.0563e-21,4.2827e-25
2.85494,434.28,1.8138e-19,1.4880e-21,2.8394e-26,2.3924e-26,1.4879e-21,1.7396e-19,4.7968e-24,2.7875e-21,3.1394e-21,4.4792e-25
2.85632,434.07,1.8084e-19,1.4620e-21,3.0197e-26,2.5055e-26,1.4619e-21,1.7332e-19,4.8595e-24,2.8253e-21,3.2246e-21,4.6844e-25
2.85769,433.86,1.8029e-19,1.4363e-21,3.2146e-26,2.6218e-26,1.4363e-21,1.7267e-19,4.9223e-24,2.8631e-21,3.3120e-21,4.8984e-25
2.85907,433.65,1.7973e-19,1.4111e-21,3.4225e-26,2.7411e-26,1.4111e-21,1.7201e-19,4.9853e-24,2.9011e-21,3.4015e-21,5.1218e-25
2.86044,433.44,1.7916e-19,1.3863e-21,3.6421e-26,2.8633e-26,1.3863e-21,1.7133e-19,5.0485e-24,2.9392e-21,3.4932e-21,5.3549e-25
2.86182,433.24,1.7858e-19,1.3619e-21,3.8720e-26,2.9883e-26,1.3618e-21,1.7065e-19,5.1119e-24,2.9773e-21,3.5872e-21,5.5980e-25
2.86319,433.03,1.7799e-19,1.3379e-21,4.1109e-26,3.1162e-26,1.3378e-21,1.6995e-19,5.1753e-24,3.0155e-21,3.6836e-21,5.8517e-25
2.86457,432.82,1.7740e-19,1.3143e-21,4.3576e-26,3.2468e-26,1.3142e-21,1.6925e-19,5.2390e-24,3.0537e-21,3.7823e-21,6.1163e-25
2.86594,432.61,1.7680e-19,1.2910e-21,4.6110e-26,3.3800e-26,1.2909e-21,1.6853e-19,5.3027e-24,3.0920e-21,3.8834e-21,6.3923e-25
2.86732,432.40,1.7619e-19,1.2681e-21,4.8698e-26,3.5158e-26,1.2681e-21,1.6780e-19,5.3665e-24,3.1302e-21,3.9870e-21,6.6802e-25
2.86870,432.20,1.7558e-19,1.2456e-21,5.1331e-26,3.6540e-26,1.2455e-21,1.6707e-19,5.4305e-24,3.1685e-21,4.0932e-21,6.9803e-25
2.87007,431.99,1.7496e-19,1.2235e-21,5.3997e-26,3.7947e-26,1.2234e-21,1.6632e-19,5.4945e-24,3.2068e-21,4.2020e-21,7.2933e-25
2.87145,431.78,1.7433e-19,1.2017e-21,5.6688e-26,3.9376e-26,1.2016e-21,1.6557e-19,5.5586e-24,3.2451e-21,4.3134e-21,7.6197e-25
2.87282,431.58,1.7370e-19,1.1803e-21,5.9393e-26,4.0827e-26,1.1802e-21,1.6480e-19,5.6228e-24,3.2833e-21,4.4275e-21,7.9599e-25
2.87420,431.37,1.7306e-19,1.1592e-21,6.2105e-26,4.2300e-26,1.1591e-21,1.6403e-19,5.6870e-24,3.3214e-21,4.5443e-21,8.3145e-25
2.87557,431.16,1.7241e-19,1.1385e-21,6.4813e-26,4.3793e-26,1.1384e-21,1.6325e-19,5.7512e-24,3.3595e-21,4.6641e-21,8.6842e-25
2.87695,430.96,1.7176e-19,1.1181e-21,6.7511e-26,4.5305e-26,1.1180e-21,1.6245e-19,5.8155e-24,3.3975e-21,4.7866e-21,9.0695e-25
2.87832,430.75,1.7111e-19,1.0980e-21,7.0190e-26,4.6835e-26,1.0979e-21,1.6166e-19,5.8799e-24,3.4354e-21,4.9122e-21,9.4711e-25
2.87970,430.55,1.7045e-19,1.0783e-21,7.2844e-26,4.8383e-26,1.0782e-21,1.6085e-19,5.9442e-24,3.4732e-21,5.0407e-21,9.8895e-25
2.88108,430.34,1.6978e-19,1.0589e-21,7.5465e-26,4.9947e-26,1.0588e-21,1.6003e-19,6.0085e-24,3.5109e-21,5.1724e-21,1.0325e-24
2.88245,430.13,1.6911e-19,1.0398e-21,7.8047e-26,5.1527e-26,1.0397e-21,1.5921e-19,6.0729e-24,3.5484e-21,5.3071e-21,1.0780e-24
2.88383,429.93,1.6844e-19,1.0210e-21,8.0584e-26,5.3121e-26,1.0209e-21,1.5838e-19,6.1372e-24,3.5858e-21,5.4451e-21,1.1253e-24
2.88520,429.72,1.6776e-19,1.0026e-21,8.3071e-26,5.4728e-26,1.0024e-21,1.5754e-19,6.2014e-24,3.6229e-21,5.5863e-21,1.1746e-24
2.88658,429.52,1.6708e-19,9.8443e-22,8.5501e-26,5.6347e-26,9.8428e-22,1.5669e-19,6.2656e-24,3.6599e-21,5.7309e-21,1.2259e-24
2.88795,429.32,1.6639e-19,9.6657e-22,8.7870e-26,5.7978e-26,9.6643e-22,1.5584e-19,6.3298e-24,3.6967e-21,5.8789e-21,1.2794e-24
2.88933,429.11,1.6570e-19,9.4902e-22,9.0173e-26,5.9619e-26,9.4887e-22,1.5498e-19,6.3939e-24,3.7332e-21,6.0304e-21,1.3351e-24
2.89070,428.91,1.6501e-19,9.3175e-22,9.2406e-26,6.1269e-26,9.3160e-22,1.5411e-19,6.4580e-24,3.7695e-21,6.1854e-21,1.3931e-24
2.89208,428.70,1.6431e-19,9.1477e-22,9.4564e-26,6.2928e-26,9.1462e-22,1.5324e-19,6.5219e-24,3.8055e-21,6.3441e-21,1.4535e-24
2.89346,428.50,1.6362e-19,8.9808e-22,9.6645e-26,6.4593e-26,8.9792e-22,1.5236e-19,6.5858e-24,3.8413e-21,6.5065e-21,1.5163e-24
2.89483,428.30,1.6292e-19,8.8166e-22,9.8645e-26,6.6264e-26,8.8150e-22,1.5148e-19,6.6495e-24,3.8767e-21,6.6726e-21,1.5818e-24
2.89621,428.09,1.6222e-19,8.6552e-22,1.0056e-25,6.7941e-26,8.6535e-22,1.5059e-19,6.7132e-24,3.9119e-21,6.8426e-21,1.6499e-24
2.89758,427.89,1.6151e-19,8.4965e-22,1.0239e-25,6.9621e-26,8.4948e-22,1.4969e-19,6.7767e-24,3.9467e-21,7.0166e-21,1.7208e-24
2.89896,427.69,1.6081e-19,8.3405e-22,1.0413e-25,7.1305e-26,8.3387e-22,1.4879e-19,6.8401e-24,3.9812e-21,7.1945e-21,1.7946e-24
2.90033,427.48,1.6010e-19,8.1870e-22,1.0578e-25,7.2990e-26,8.1852e-22,1.4788e-19,6.9033e-24,4.0153e-21,7.3766e-21,1.8713e-24
2.90171,427.28,1.5940e-19,8.0362e-22,1.0733e-25,7.4676e-26,8.0344e-22,1.4697e-19,6.9664e-24,4.0491e-21,7.5628e-21,1.9512e-24
2.90308,427.08,1.5869e-19,7.8879e-22,1.0879e-25,7.6361e-26,7.8860e-22,1.4606e-19,7.0293e-24,4.0824e-21,7.7533e-21,2.0344e-24
2.90446,426.88,1.5798e-19,7.7421e-22,1.1015e-25,7.8046e-26,7.7402e-22,1.4513e-19,7.0921e-24,4.1154e-21,7.9481e-21,2.1208e-24
2.90584,426.67,1.5727e-19,7.5987e-22,1.1141e-25,7.9728e-26,7.5968e-22,1.4421e-19,7.1547e-24,4.1479e-21,8.1473e-21,2.2108e-24
2.90721,426.47,1.5657e-19,7.4578e-22,1.1258e-25,8.1406e-26,7.4559e-22,1.4328e-19,7.2170e-24,4.1801e-21,8.3511e-21,2.3044e-24
2.90859,426.27,1.5586e-19,7.3193e-22,1.1364e-25,8.3080e-26,7.3173e-22,1.4235e-19,7.2792e-24,4.2117e-21,8.5595e-21,2.4017e-24
2.90996,426.07,1.5515e-19,7.1831e-22,1.1460e-25,8.4749e-26,7.1811e-22,1.4141e-19,7.3412e-24,4.2429e-21,8.7725e-21,2.5029e-24
2.91134,425.87,1.5445e-19,7.0493e-22,1.1547e-25,8.6411e-26,7.0472e-22,1.4047e-19,7.4029e-24,4.2737e-21,8.9904e-21,2.6082e-24
2.91271,425.67,1.5375e-19,6.9177e-22,1.1623e-25,8.8066e-26,6.9156e-22,1.3953e-19,7.4644e-24,4.3039e-21,9.2131e-21,2.7177e-24
2.91409,425.46,1.5304e-19,6.7883e-22,1.1689e-25,8.9712e-26,6.7863e-22,1.3858e-19,7.5257e-24,4.3337e-21,9.4408e-21,2.8314e-24
2.91546,425.26,1.5235e-19,6.6612e-22,1.1745e-25,9.1349e-26,6.6591e-22,1.3763e-19,7.5868e-24,4.3629e-21,9.6735e-21,2.9497e-24
2.91684,425.06,1.5165e-19,6.5362e-22,1.1791e-25,9.2976e-26,6.5341e-22,1.3668e-19,7.6475e-24,4.3916e-21,9.9114e-21,3.0727e-24
2.91822,424.86,1.5095e-19,6.4134e-22,1.1826e-25,9.4591e-26,6.4113e-22,1.3573e-19,7.7081e-24,4.4198e-21,1.0155e-20,3.2005e-24
2.91959,424.66,1.5026e-19,6.2927e-22,1.1852e-25,9.6194e-26,6.2906e-22,1.3477e-19,7.7683e-24,4.4475e-21,1.0403e-20,3.3334e-24
2.92097,424.46,1.4957e-19,6.1741e-22,1.1869e-25,9.7783e-26,6.1719e-22,1.3381e-19,7.8283e-24,4.4746e-21,1.0657e-20,3.4714e-24
2.92234,424.26,1.4889e-19,6.0575e-22,1.1875e-25,9.9359e-26,6.0553e-22,1.3285e-19,7.8880e-24,4.5011e-21,1.0917e-20,3.6149e-24
2.92372,424.06,1.4820e-19,5.9429e-22,1.1872e-25,1.0092e-25,5.9407e-22,1.3189e-19,7.9474e-24,4.5270e-21,1.1182e-20,3.7640e-24
2.92509,423.86,1.4752e-19,5.8302e-22,1.1859e-25,1.0246e-25,5.8280e-22,1.3092e-19,8.0065e-24,4.5524e-21,1.1453e-20,3.9188e-24
2.92647,423.66,1.4685e-19,5.7196e-22,1.1837e-25,1.0399e-25,5.7173e-22,1.2996e-19,8.0652e-24,4.5772e-21,1.1729e-20,4.0797e-24
2.92784,423.47,1.4618e-19,5.6108e-22,1.1806e-25,1.0550e-25,5.6086e-22,1.2899e-19,8.1237e-24,4.6013e-21,1.2012e-20,4.2468e-24
2.92922,423.27,1.4551e-19,5.5039e-22,1.1766e-25,1.0699e-25,5.5017e-22,1.2803e-19,8.1818e-24,4.6249e-21,1.2301e-20,4.4204e-24
2.93060,423.07,1.4485e-19,5.3989e-22,1.1717e-25,1.0846e-25,5.3966e-22,1.2706e-19,8.2396e-24,4.6479e-21,1.2596e-20,4.6007e-24
2.93197,422.87,1.4420e-19,5.2957e-22,1.1659e-25,1.0992e-25,5.2934e-22,1.2609e-19,8.2971e-24,4.6702e-21,1.2897e-20,4.7879e-24
2.93335,422.67,1.4355e-19,5.1943e-22,1.1593e-25,1.1135e-25,5.1920e-22,1.2512e-19,8.3542e-24,4.6919e-21,1.3205e-20,4.9824e-24
2.93472,422.47,1.4290e-19,5.0946e-22,1.1519e-25,1.1276e-25,5.0924e-22,1.2415e-19,8.4109e-24,4.7129e-21,1.3519e-20,5.1842e-24
2.93610,422.28,1.4227e-19,4.9967e-22,1.1436e-25,1.1414e-25,4.9944e-22,1.2318e-19,8.4673e-24,4.7334e-21,1.3840e-20,5.3938e-24
2.93747,422.08,1.4164e-19,4.9005e-22,1.1346e-25,1.1551e-25,4.8982e-22,1.2221e-19,8.5233e-24,4.7531e-21,1.4168e-20,5.6114e-24
2.93885,421.88,1.4101e-19,4.8060e-22,1.1249e-25,1.1685e-25,4.8037e-22,1.2124e-19,8.5789e-24,4.7723e-21,1.4502e-20,5.8372e-24
2.94023,421.68,1.4039e-19,4.7132e-22,1.1144e-25,1.1816e-25,4.7109e-22,1.2027e-19,8.6341e-24,4.7907e-21,1.4844e-20,6.0716e-24
2.94160,421.49,1.3978e-19,4.6219e-22,1.1032e-25,1.1945e-25,4.6196e-22,1.1930e-19,8.6889e-24,4.8085e-21,1.5192e-20,6.3149e-24
2.94298,421.29,1.3918e-19,4.5323e-22,1.0913e-25,1.2072e-25,4.5300e-22,1.1833e-19,8.7433e-24,4.8257e-21,1.5548e-20,6.5674e-24
2.94435,421.09,1.3858e-19,4.4442e-22,1.0787e-25,1.2196e-25,4.4419e-22,1.1737e-19,8.7973e-24,4.8421e-21,1.5911e-20,6.8293e-24
2.94573,420.90,1.3799e-19,4.3577e-22,1.0656e-25,1.2317e-25,4.3554e-22,1.1640e-19,8.8508e-24,4.8579e-21,1.6281e-20,7.1012e-24
2.94710,420.70,1.3741e-19,4.2727e-22,1.0518e-25,1.2435e-25,4.2704e-22,1.1543e-19,8.9040e-24,4.8731e-21,1.6659e-20,7.3832e-24
2.94848,420.50,1.3684e-19,4.1892e-22,1.0375e-25,1.2551e-25,4.1870e-22,1.1447e-19,8.9566e-24,4.8875e-21,1.7045e-20,7.6758e-24
2.94985,420.31,1.3627e-19,4.1072e-22,1.0226e-25,1.2664e-25,4.1050e-22,1.1351e-19,9.0088e-24,4.9013e-21,1.7439e-20,7.9792e-24
2.95123,420.11,1.3572e-19,4.0267e-22,1.0072e-25,1.2773e-25,4.0244e-22,1.1254e-19,9.0606e-24,4.9144e-21,1.7840e-20,8.2940e-24
2.95261,419.91,1.3517e-19,3.9475e-22,9.9128e-26,1.2880e-25,3.9453e-22,1.1158e-19,9.1119e-24,4.9268e-21,1.8250e-20,8.6205e-24
2.95398,419.72,1.3464e-19,3.8698e-22,9.7492e-26,1.2984e-25,3.8675e-22,1.1062e-19,9.1627e-24,4.9385e-21,1.8668e-20,8.9591e-24
2.95536,419.52,1.3411e-19,3.7935e-22,9.5812e-26,1.3085e-25,3.7912e-22,1.0967e-19,9.2130e-24,4.9496e-21,1.9094e-20,9.3101e-24
2.95673,419.33,1.3359e-19,3.7185e-22,9.4092e-26,1.3182e-25,3.7162e-22,1.0871e-19,9.2628e-24,4.9599e-21,1.9528e-20,9.6742e-24
2.95811,419.13,1.3308e-19,3.6448e-22,9.2333e-26,1.3277e-25,3.6426e-22,1.0776e-19,9.3122e-24,4.9696e-21,1.9972e-20,1.0052e-23
2.95948,418.94,1.3259e-19,3.5725e-22,9.0540e-26,1.3369e-25,3.5702e-22,1.0681e-19,9.3610e-24,4.9786e-21,2.0423e-20,1.0443e-23
2.96086,418.74,1.3210e-19,3.5014e-22,8.8715e-26,1.3457e-25,3.4992e-22,1.0586e-19,9.4093e-24,4.9869e-21,2.0884e-20,1.0848e-23
2.96223,418.55,1.3163e-19,3.4316e-22,8.6861e-26,1.3542e-25,3.4294e-22,1.0491e-19,9.4570e-24,4.9945e-21,2.1354e-20,1.1269e-23
2.96361,418.36,1.3116e-19,3.3631e-22,8.4980e-26,1.3624e-25,3.3609e-22,1.0397e-19,9.5042e-24,5.0014e-21,2.1833e-20,1.1704e-23
2.96499,418.16,1.3071e-19,3.2958e-22,8.3076e-26,1.3702e-25,3.2936e-22,1.0303e-19,9.5509e-24,5.0077e-21,2.2321e-20,1.2156e-23
2.96636,417.97,1.3027e-19,3.2297e-22,8.1151e-26,1.3777e-25,3.2275e-22,1.0209e-19,9.5971e-24,5.0133e-21,2.2819e-20,1.2624e-23
2.96774,417.77,1.2984e-19,3.1648e-22,7.9208e-26,1.3849e-25,3.1626e-22,1.0116e-19,9.6426e-24,5.0182e-21,2.3326e-20,1.3109e-23
2.96911,417.58,1.2942e-19,3.1010e-22,7.7249e-26,1.3918e-25,3.0989e-22,1.0022e-19,9.6877e-24,5.0224e-21,2.3843e-20,1.3611e-23
2.97049,417.39,1.2902e-19,3.0384e-22,7.5278e-26,1.3983e-25,3.0363e-22,9.9295e-20,9.7321e-24,5.0260e-21,2.4370e-20,1.4131e-23
2.97186,417.19,1.2863e-19,2.9770e-22,7.3297e-26,1.4045e-25,2.9748e-22,9.8369e-20,9.7760e-24,5.0288e-21,2.4907e-20,1.4670e-23
2.97324,417.00,1.2825e-19,2.9166e-22,7.1308e-26,1.4103e-25,2.9145e-22,9.7447e-20,9.8192e-24,5.0310e-21,2.5453e-20,1.5229e-23
2.97461,416.81,1.2788e-19,2.8574e-22,6.9315e-26,1.4158e-25,2.8553e-22,9.6528e-20,9.8619e-24,5.0326e-21,2.6010e-20,1.5807e-23
2.97599,416.61,1.2753e-19,2.7992e-22,6.7320e-26,1.4210e-25,2.7971e-22,9.5612e-20,9.9040e-24,5.0335e-21,2.6578e-20,1.6406e-23
2.97737,416.42,1.2719e-19,2.7420e-22,6.5324e-26,1.4258e-25,2.7400e-22,9.4700e-20,9.9455e-24,5.0337e-21,2.7156e-20,1.7026e-23
2.97874,416.23,1.2687e-19,2.6860e-22,6.3332e-26,1.4303e-25,2.6839e-22,9.3792e-20,9.9863e-24,5.0333e-21,2.7745e-20,1.7668e-23
2.98012,416.04,1.2656e-19,2.6309e-22,6.1345e-26,1.4344e-25,2.6288e-22,9.2887e-20,1.0027e-23,5.0322e-21,2.8344e-20,1.8333e-23
2.98149,415.85,1.2626e-19,2.5768e-22,5.9365e-26,1.4382e-25,2.5748e-22,9.1987e-20,1.0066e-23,5.0305e-21,2.8955e-20,1.9022e-23
2.98287,415.65,1.2598e-19,2.5237e-22,5.7395e-26,1.4417e-25,2.5217e-22,9.1090e-20,1.0105e-23,5.0282e-21,2.9576e-20,1.9734e-23
2.98424,415.46,1.2571e-19,2.4716e-22,5.5437e-26,1.4448e-25,2.4696e-22,9.0197e-20,1.0144e-23,5.0252e-21,3.0209e-20,2.0472e-23
2.98562,415.27,1.2546e-19,2.4205e-22,5.3494e-26,1.4476e-25,2.4185e-22,8.9309e-20,1.0181e-23,5.0216e-21,3.0854e-20,2.1235e-23
2.98699,415.08,1.2522e-19,2.3703e-22,5.1568e-26,1.4500e-25,2.3683e-22,8.8425e-20,1.0218e-23,5.0174e-21,3.1510e-20,2.2025e-23
2.98837,414.89,1.2500e-19,2.3210e-22,4.9660e-26,1.4521e-25,2.3191e-22,8.7545e-20,1.0255e-23,5.0125e-21,3.2177e-20,2.2843e-23
2.98975,414.70,1.2479e-19,2.2726e-22,4.7773e-26,1.4539e-25,2.2707e-22,8.6669e-20,1.0290e-23,5.0070e-21,3.2857e-20,2.3689e-23
2.99112,414.51,1.2460e-19,2.2251e-22,4.5908e-26,1.4553e-25,2.2232e-22,8.5798e-20,1.0325e-23,5.0010e-21,3.3548e-20,2.4564e-23
2.99250,414.32,1.2443e-19,2.1785e-22,4.4068e-26,1.4565e-25,2.1766e-22,8.4931e-20,1.0360e-23,4.9943e-21,3.4252e-20,2.5469e-23
2.99387,414.13,1.2427e-19,2.1328e-22,4.2254e-26,1.4572e-25,2.1309e-22,8.4069e-20,1.0394e-23,4.9870e-21,3.4968e-20,2.6406e-23
2.99525,413.94,1.2413e-19,2.0879e-22,4.0468e-26,1.4577e-25,2.0861e-22,8.3211e-20,1.0427e-23,4.9791e-21,3.5696e-20,2.7375e-23
2.99662,413.75,1.2401e-19,2.0439e-22,3.8712e-26,1.4578e-25,2.0420e-22,8.2358e-20,1.0459e-23,4.9707e-21,3.6437e-20,2.8377e-23
2.99800,413.56,1.2390e-19,2.0006e-22,3.6988e-26,1.4576e-25,1.9988e-22,8.1509e-20,1.0490e-23,4.9616e-21,3.7191e-20,2.9414e-23
2.99937,413.37,1.2381e-19,1.9582e-22,3.5296e-26,1.4571e-25,1.9564e-22,8.0666e-20,1.0521e-23,4.9520e-21,3.7957e-20,3.0486e-23
3.00075,413.18,1.2374e-19,1.9166e-22,3.3638e-26,1.4562e-25,1.9148e-22,7.9827e-20,1.0552e-23,4.9418e-21,3.8737e-20,3.1594e-23
3.00213,412.99,1.2368e-19,1.8757e-22,3.2016e-26,1.4551e-25,1.8739e-22,7.8993e-20,1.0581e-23,4.9310e-21,3.9530e-20,3.2740e-23
3.00350,412.80,1.2365e-19,1.8356e-22,3.0431e-26,1.4536e-25,1.8339e-22,7.8164e-20,1.0610e-23,4.9197e-21,4.0336e-20,3.3925e-23
3.00488,412.61,1.2363e-19,1.7963e-22,2.8885e-26,1.4518e-25,1.7946e-22,7.7340e-20,1.0638e-23,4.9079e-21,4.1155e-20,3.5149e-23
3.00625,412.42,1.2363e-19,1.7577e-22,2.7377e-26,1.4497e-25,1.7560e-22,7.6521e-20,1.0665e-23,4.8954e-21,4.1989e-20,3.6415e-23
3.00763,412.23,1.2364e-19,1.7199e-22,2.5910e-26,1.4473e-25,1.7182e-22,7.5706e-20,1.0692e-23,4.8825e-21,4.2836e-20,3.7724e-23
3.00900,412.04,1.2368e-19,1.6827e-22,2.4484e-26,1.4447e-25,1.6810e-22,7.4897e-20,1.0717e-23,4.8690e-21,4.3696e-20,3.9077e-23
3.01038,411.86,1.2374e-19,1.6463e-22,2.3101e-26,1.4417e-25,1.6446e-22,7.4093e-20,1.0743e-23,4.8550e-21,4.4571e-20,4.0474e-23
3.01175,411.67,1.2381e-19,1.6106e-22,2.1761e-26,1.4384e-25,1.6089e-22,7.3294e-20,1.0767e-23,4.8405e-21,4.5460e-20,4.1918e-23
3.01313,411.48,1.2390e-19,1.5755e-22,2.0465e-26,1.4349e-25,1.5739e-22,7.2500e-20,1.0790e-23,4.8254e-21,4.6364e-20,4.3411e-23
3.01451,411.29,1.2401e-19,1.5411e-22,1.9214e-26,1.4310e-25,1.5395e-22,7.1712e-20,1.0813e-23,4.8099e-21,4.7282e-20,4.4953e-23
3.01588,411.10,1.2414e-19,1.5074e-22,1.8008e-26,1.4269e-25,1.5058e-22,7.0929e-20,1.0835e-23,4.7938e-21,4.8214e-20,4.6545e-23
3.01726,410.92,1.2430e-19,1.4743e-22,1.6849e-26,1.4225e-25,1.4727e-22,7.0150e-20,1.0856e-23,4.7772e-21,4.9162e-20,4.8191e-23
3.01863,410.73,1.2447e-19,1.4419e-22,1.5735e-26,1.4179e-25,1.4403e-22,6.9378e-20,1.0877e-23,4.7602e-21,5.0124e-20,4.9890e-23
3.02001,410.54,1.2466e-19,1.4101e-22,1.4669e-26,1.4130e-25,1.4085e-22,6.8610e-20,1.0897e-23,4.7427e-21,5.1101e-20,5.1646e-23
3.02138,410.36,1.2487e-19,1.3789e-22,1.3650e-26,1.4078e-25,1.3773e-22,6.7848e-20,1.0915e-23,4.7247e-21,5.2094e-20,5.3459e-23
3.02276,410.17,1.2510e-19,1.3483e-22,1.2678e-26,1.4024e-25,1.3467e-22,6.7091e-20,1.0934e-23,4.7062e-21,5.3102e-20,5.5331e-23
3.02414,409.98,1.2535e-19,1.3183e-22,1.1754e-26,1.3967e-25,1.3168e-22,6.6339e-20,1.0951e-23,4.6873e-21,5.4125e-20,5.7264e-23
3.02551,409.80,1.2562e-19,1.2889e-22,1.0878e-26,1.3908e-25,1.2874e-22,6.5593e-20,1.0967e-23,4.6680e-21,5.5164e-20,5.9260e-23
3.02689,409.61,1.2592e-19,1.2600e-22,1.0050e-26,1.3846e-25,1.2585e-22,6.4853e-20,1.0983e-23,4.6481e-21,5.6219e-20,6.1321e-23
3.02826,409.42,1.2623e-19,1.2317e-22,9.2689e-27,1.3783e-25,1.2303e-22,6.4117e-20,1.0998e-23,4.6279e-21,5.7289e-20,6.3448e-23
3.02964,409.24,1.2657e-19,1.2040e-22,8.5359e-27,1.3716e-25,1.2026e-22,6.3388e-20,1.1012e-23,4.6072e-21,5.8376e-20,6.5644e-23
3.03101,409.05,1.2692e-19,1.1768e-22,7.8503e-27,1.3648e-25,1.1754e-22,6.2663e-20,1.1026e-23,4.5861e-21,5.9479e-20,6.7910e-23
3.03239,408.87,1.2730e-19,1.1502e-22,7.2121e-27,1.3577e-25,1.1488e-22,6.1945e-20,1.1038e-23,4.5646e-21,6.0598e-20,7.0250e-23
3.03376,408.68,1.2770e-19,1.1241e-22,6.6209e-27,1.3505e-25,1.1227e-22,6.1231e-20,1.1050e-23,4.5427e-21,6.1733e-20,7.2664e-23
3.03514,408.50,1.2813e-19,1.0985e-22,6.0763e-27,1.3430e-25,1.0971e-22,6.0524e-20,1.1061e-23,4.5204e-21,6.2886e-20,7.5155e-23
3.03652,408.31,1.2857e-19,1.0734e-22,5.5780e-27,1.3353e-25,1.0720e-22,5.9821e-20,1.1071e-23,4.4977e-21,6.4054e-20,7.7726e-23
3.03789,408.13,1.2904e-19,1.0488e-22,5.1256e-27,1.3275e-25,1.0475e-22,5.9125e-20,1.1080e-23,4.4746e-21,6.5240e-20,8.0378e-23
3.03927,407.94,1.2952e-19,1.0248e-22,4.7186e-27,1.3194e-25,1.0234e-22,5.8433e-20,1.1089e-23,4.4512e-21,6.6443e-20,8.3115e-23
3.04064,407.76,1.3003e-19,1.0011e-22,4.3564e-27,1.3112e-25,9.9979e-23,5.7748e-20,1.1097e-23,4.4274e-21,6.7662e-20,8.5938e-23
3.04202,407.57,1.3057e-19,9.7802e-23,4.0383e-27,1.3028e-25,9.7667e-23,5.7068e-20,1.1104e-23,4.4032e-21,6.8899e-20,8.8850e-23
3.04339,407.39,1.3112e-19,9.5535e-23,3.7638e-27,1.2942e-25,9.5402e-23,5.6393e-20,1.1110e-23,4.3787e-21,7.0153e-20,9.1853e-23
3.04477,407.20,1.3170e-19,9.3315e-23,3.5322e-27,1.2855e-25,9.3183e-23,5.5724e-20,1.1115e-23,4.3538e-21,7.1425e-20,9.4951e-23
3.04614,407.02,1.3230e-19,9.1139e-23,3.3426e-27,1.2766e-25,9.1008e-23,5.5061e-20,1.1120e-23,4.3286e-21,7.2713e-20,9.8146e-23
3.04752,406.84,1.3293e-19,8.9008e-23,3.1944e-27,1.2675e-25,8.8878e-23,5.4404e-20,1.1123e-23,4.3031e-21,7.4020e-20,1.0144e-22
3.04890,406.65,1.3358e-19,8.6920e-23,3.0865e-27,1.2583e-25,8.6792e-23,5.3751e-20,1.1126e-23,4.2773e-21,7.5344e-20,1.0484e-22
3.05027,406.47,1.3425e-19,8.4876e-23,3.0182e-27,1.2489e-25,8.4748e-23,5.3105e-20,1.1128e-23,4.2512e-21,7.6686e-20,1.0834e-22
3.05165,406.29,1.3494e-19,8.2873e-23,2.9884e-27,1.2394e-25,8.2746e-23,5.2464e-20,1.1130e-23,4.2247e-21,7.8046e-20,1.1195e-22
3.05302,406.10,1.3566e-19,8.0912e-23,2.9962e-27,1.2298e-25,8.0786e-23,5.1828e-20,1.1130e-23,4.1980e-21,7.9425e-20,1.1567e-22
3.05440,405.92,1.3640e-19,7.8991e-23,3.0406e-27,1.2201e-25,7.8866e-23,5.1199e-20,1.1130e-23,4.1710e-21,8.0821e-20,1.1951e-22
3.05577,405.74,1.3716e-19,7.7110e-23,3.1204e-27,1.2102e-25,7.6986e-23,5.0574e-20,1.1129e-23,4.1437e-21,8.2235e-20,1.2346e-22
3.05715,405.55,1.3795e-19,7.5268e-23,3.2347e-27,1.2002e-25,7.5145e-23,4.9956e-20,1.1127e-23,4.1161e-21,8.3668e-20,1.2754e-22
3.05852,405.37,1.3877e-19,7.3465e-23,3.3823e-27,1.1901e-25,7.3342e-23,4.9342e-20,1.1125e-23,4.0883e-21,8.5119e-20,1.3174e-22
3.05990,405.19,1.3960e-19,7.1699e-23,3.5620e-27,1.1799e-25,7.1578e-23,4.8735e-20,1.1121e-23,4.0603e-21,8.6588e-20,1.3607e-22
3.06128,405.01,1.4046e-19,6.9971e-23,3.7727e-27,1.1696e-25,6.9850e-23,4.8133e-20,1.1117e-23,4.0319e-21,8.8076e-20,1.4053e-22
3.06265,404.83,1.4135e-19,6.8279e-23,4.0132e-27,1.1592e-25,6.8159e-23,4.7536e-20,1.1112e-23,4.0034e-21,8.9583e-20,1.4513e-22
3.06403,404.64,1.4226e-19,6.6623e-23,4.2824e-27,1.1488e-25,6.6504e-23,4.6945e-20,1.1106e-23,3.9746e-21,9.1108e-20,1.4986e-22
3.06540,404.46,1.4319e-19,6.5002e-23,4.5789e-27,1.1382e-25,6.4884e-23,4.6359e-20,1.1100e-23,3.9456e-21,9.2652e-20,1.5474e-22
3.06678,404.28,1.4414e-19,6.3416e-23,4.9016e-27,1.1276e-25,6.3298e-23,4.5779e-20,1.1092e-23,3.9164e-21,9.4215e-20,1.5976e-22
3.06815,404.10,1.4513e-19,6.1864e-23,5.2492e-27,1.1169e-25,6.1747e-23,4.5204e-20,1.1084e-23,3.8870e-21,9.5796e-20,1.6494e-22
3.06953,403.92,1.4613e-19,6.0345e-23,5.6205e-27,1.1061e-25,6.0228e-23,4.4635e-20,1.1075e-23,3.8574e-21,9.7397e-20,1.7027e-22
3.07090,403.74,1.4716e-19,5.8858e-23,6.0142e-27,1.0953e-25,5.8743e-23,4.4071e-20,1.1066e-23,3.8276e-21,9.9017e-20,1.7576e-22
3.07228,403.56,1.4822e-19,5.7404e-23,6.4290e-27,1.0844e-25,5.7289e-23,4.3513e-20,1.1056e-23,3.7976e-21,1.0066e-19,1.8141e-22
3.07366,403.38,1.4929e-19,5.5982e-23,6.8637e-27,1.0734e-25,5.5868e-23,4.2960e-20,1.1044e-23,3.7675e-21,1.0231e-19,1.8723e-22
3.07503,403.20,1.5040e-19,5.4590e-23,7.3169e-27,1.0624e-25,5.4477e-23,4.2412e-20,1.1032e-23,3.7372e-21,1.0399e-19,1.9323e-22
3.07641,403.02,1.5153e-19,5.3229e-23,7.7874e-27,1.0514e-25,5.3116e-23,4.1870e-20,1.1020e-23,3.7067e-21,1.0569e-19,1.9940e-22
3.07778,402.84,1.5268e-19,5.1898e-23,8.2739e-27,1.0404e-25,5.1786e-23,4.1332e-20,1.1006e-23,3.6761e-21,1.0740e-19,2.0575e-22
3.07916,402.66,1.5386e-19,5.0596e-23,8.7750e-27,1.0293e-25,5.0485e-23,4.0801e-20,1.0992e-23,3.6453e-21,1.0914e-19,2.1229e-22
3.08053,402.48,1.5506e-19,4.9323e-23,9.2894e-27,1.0181e-25,4.9212e-23,4.0274e-20,1.0977e-23,3.6144e-21,1.1089e-19,2.1902e-22
3.08191,402.30,1.5628e-19,4.8079e-23,9.8158e-27,1.0070e-25,4.7968e-23,3.9753e-20,1.0962e-23,3.5834e-21,1.1266e-19,2.2595e-22
3.08328,402.12,1.5754e-19,4.6862e-23,1.0353e-26,9.9585e-26,4.6752e-23,3.9237e-20,1.0945e-23,3.5523e-21,1.1446e-19,2.3308e-22
3.08466,401.94,1.5881e-19,4.5672e-23,1.0900e-26,9.8468e-26,4.5562e-23,3.8726e-20,1.0928e-23,3.5211e-21,1.1627e-19,2.4042e-22
3.08604,401.76,1.6011e-19,4.4509e-23,1.1454e-26,9.7350e-26,4.4400e-23,3.8220e-20,1.0911e-23,3.4897e-21,1.1810e-19,2.4797e-22
3.08741,401.58,1.6144e-19,4.3372e-23,1.2016e-26,9.6231e-26,4.3264e-23,3.7720e-20,1.0892e-23,3.4583e-21,1.1995e-19,2.5574e-22
3.08879,401.40,1.6279e-19,4.2261e-23,1.2583e-26,9.5113e-26,4.2153e-23,3.7224e-20,1.0873e-23,3.4268e-21,1.2182e-19,2.6373e-22
3.09016,401.22,1.6416e-19,4.1175e-23,1.3155e-26,9.3995e-26,4.1068e-23,3.6734e-20,1.0853e-23,3.3952e-21,1.2371e-19,2.7196e-22
3.09154,401.04,1.6556e-19,4.0114e-23,1.3730e-26,9.2878e-26,4.0007e-23,3.6249e-20,1.0832e-23,3.3635e-21,1.2562e-19,2.8042e-22
3.09291,400.87,1.6699e-19,3.9077e-23,1.4307e-26,9.1762e-26,3.8971e-23,3.5769e-20,1.0811e-23,3.3318e-21,1.2755e-19,2.8912e-22
3.09429,400.69,1.6844e-19,3.8064e-23,1.4885e-26,9.0648e-26,3.7958e-23,3.5294e-20,1.0789e-23,3.3000e-21,1.2950e-19,2.9807e-22
3.09566,400.51,1.6991e-19,3.7074e-23,1.5462e-26,8.9536e-26,3.6969e-23,3.4823e-20,1.0767e-23,3.2682e-21,1.3146e-19,3.0728e-22
3.09704,400.33,1.7141e-19,3.6107e-23,1.6038e-26,8.8427e-26,3.6003e-23,3.4358e-20,1.0743e-23,3.2364e-21,1.3345e-19,3.1675e-22
3.09842,400.15,1.7293e-19,3.5163e-23,1.6612e-26,8.7320e-26,3.5059e-23,3.3898e-20,1.0719e-23,3.2045e-21,1.3546e-19,3.2649e-22
3.09979,399.98,1.7448e-19,3.4241e-23,1.7182e-26,8.6216e-26,3.4138e-23,3.3443e-20,1.0695e-23,3.1726e-21,1.3748e-19,3.3650e-22
3.10117,399.80,1.7605e-19,3.3340e-23,1.7747e-26,8.5116e-26,3.3238e-23,3.2993e-20,1.0669e-23,3.1407e-21,1.3953e-19,3.4680e-22
3.10254,399.62,1.7765e-19,3.2461e-23,1.8306e-26,8.4020e-26,3.2359e-23,3.2547e-20,1.0644e-23,3.1087e-21,1.4159e-19,3.5738e-22
3.10392,399.44,1.7927e-19,3.1603e-23,1.8859e-26,8.2927e-26,3.1501e-23,3.2107e-20,1.0617e-23,3.0768e-21,1.4368e-19,3.6827e-22
3.10529,399.27,1.8092e-19,3.0764e-23,1.9405e-26,8.1840e-26,3.0663e-23,3.1671e-20,1.0590e-23,3.0449e-21,1.4578e-19,3.7946e-22
3.10667,399.09,1.8259e-19,2.9946e-23,1.9942e-26,8.0757e-26,2.9845e-23,3.1240e-20,1.0562e-23,3.0130e-21,1.4790e-19,3.9096e-22
3.10805,398.91,1.8428e-19,2.9147e-23,2.0469e-26,7.9679e-26,2.9047e-23,3.0814e-20,1.0534e-23,2.9811e-21,1.5005e-19,4.0279e-22
3.10942,398.74,1.8600e-19,2.8368e-23,2.0986e-26,7.8606e-26,2.8268e-23,3.0392e-20,1.0505e-23,2.9492e-21,1.5221e-19,4.1494e-22
3.11080,398.56,1.8774e-19,2.7607e-23,2.1492e-26,7.7540e-26,2.7508e-23,2.9975e-20,1.0476e-23,2.9174e-21,1.5439e-19,4.2743e-22
3.11217,398.38,1.8951e-19,2.6865e-23,2.1986e-26,7.6479e-26,2.6767e-23,2.9563e-20,1.0446e-23,2.8856e-21,1.5658e-19,4.4027e-22
3.11355,398.21,1.9130e-19,2.6141e-23,2.2467e-26,7.5424e-26,2.6043e-23,2.9156e-20,1.0415e-23,2.8539e-21,1.5880e-19,4.5346e-22
3.11492,398.03,1.9311e-19,2.5434e-23,2.2934e-26,7.4376e-26,2.5337e-23,2.8753e-20,1.0384e-23,2.8222e-21,1.6104e-19,4.6702e-22
3.11630,397.86,1.9495e-19,2.4745e-23,2.3387e-26,7.3335e-26,2.4648e-23,2.8355e-20,1.0352e-23,2.7906e-21,1.6329e-19,4.8095e-22
3.11767,397.68,1.9681e-19,2.4073e-23,2.3825e-26,7.2300e-26,2.3977e-23,2.7961e-20,1.0320e-23,2.7591e-21,1.6556e-19,4.9526e-22
3.11905,397.51,1.9870e-19,2.3417e-23,2.4247e-26,7.1273e-26,2.3322e-23,2.7572e-20,1.0287e-23,2.7276e-21,1.6785e-19,5.0996e-22
3.12043,397.33,2.0060e-19,2.2778e-23,2.4654e-26,7.0253e-26,2.2683e-23,2.7187e-20,1.0254e-23,2.6962e-21,1.7016e-19,5.2507e-22
3.12180,397.16,2.0254e-19,2.2154e-23,2.5043e-26,6.9241e-26,2.2060e-23,2.6807e-20,1.0220e-23,2.6649e-21,1.7249e-19,5.4059e-22
3.12318,396.98,2.0449e-19,2.1546e-23,2.5415e-26,6.8236e-26,2.1453e-23,2.6431e-20,1.0185e-23,2.6337e-21,1.7484e-19,5.5653e-22
3.12455,396.81,2.0647e-19,2.0954e-23,2.5770e-26,6.7240e-26,2.0861e-23,2.6059e-20,1.0150e-23,2.6026e-21,1.7720e-19,5.7290e-22
3.12593,396.63,2.0846e-19,2.0376e-23,2.6106e-26,6.6251e-26,2.0284e-23,2.5692e-20,1.0115e-23,2.5716e-21,1.7958e-19,5.8972e-22
3.12730,396.46,2.1049e-19,1.9813e-23,2.6424e-26,6.5271e-26,1.9721e-23,2.5330e-20,1.0079e-23,2.5406e-21,1.8198e-19,6.0699e-22
3.12868,396.28,2.1253e-19,1.9264e-23,2.6723e-26,6.4300e-26,1.9173e-23,2.4971e-20,1.0043e-23,2.5098e-21,1.8439e-19,6.2472e-22
3.13005,396.11,2.1460e-19,1.8730e-23,2.7003e-26,6.3337e-26,1.8639e-23,2.4617e-20,1.0006e-23,2.4792e-21,1.8683e-19,6.4293e-22
3.13143,395.93,2.1668e-19,1.8209e-23,2.7263e-26,6.2383e-26,1.8119e-23,2.4267e-20,9.9690e-24,2.4486e-21,1.8928e-19,6.6163e-22
3.13281,395.76,2.1879e-19,1.7701e-23,2.7503e-26,6.1439e-26,1.7612e-23,2.3921e-20,9.9313e-24,2.4182e-21,1.9174e-19,6.8084e-22
3.13418,395.59,2.2092e-19,1.7207e-23,2.7723e-26,6.0503e-26,1.7119e-23,2.3579e-20,9.8932e-24,2.3879e-21,1.9423e-19,7.0055e-22
3.13556,395.41,2.2307e-19,1.6725e-23,2.7923e-26,5.9576e-26,1.6638e-23,2.3242e-20,9.8547e-24,2.3577e-21,1.9673e-19,7.2079e-22
3.13693,395.24,2.2525e-19,1.6256e-23,2.8103e-26,5.8659e-26,1.6169e-23,2.2909e-20,9.8157e-24,2.3277e-21,1.9924e-19,7.4157e-22
3.13831,395.07,2.2744e-19,1.5799e-23,2.8262e-26,5.7751e-26,1.5713e-23,2.2579e-20,9.7763e-24,2.2979e-21,2.0178e-19,7.6289e-22
3.13968,394.89,2.2966e-19,1.5355e-23,2.8401e-26,5.6853e-26,1.5269e-23,2.2254e-20,9.7366e-24,2.2681e-21,2.0432e-19,7.8479e-22
3.14106,394.72,2.3189e-19,1.4922e-23,2.8519e-26,5.5964e-26,1.4837e-23,2.1932e-20,9.6964e-24,2.2386e-21,2.0689e-19,8.0726e-22
3.14243,394.55,2.3415e-19,1.4500e-23,2.8617e-26,5.5086e-26,1.4416e-23,2.1615e-20,9.6558e-24,2.2092e-21,2.0947e-19,8.3032e-22
3.14381,394.38,2.3642e-19,1.4090e-23,2.8694e-26,5.4217e-26,1.4007e-23,2.1302e-20,9.6149e-24,2.1800e-21,2.1206e-19,8.5399e-22
3.14519,394.20,2.3872e-19,1.3690e-23,2.8750e-26,5.3357e-26,1.3608e-23,2.0992e-20,9.5735e-24,2.1509e-21,2.1467e-19,8.7827e-22
3.14656,394.03,2.4103e-19,1.3301e-23,2.8786e-26,5.2508e-26,1.3220e-23,2.0686e-20,9.5319e-24,2.1220e-21,2.1730e-19,9.0320e-22
3.14794,393.86,2.4336e-19,1.2923e-23,2.8802e-26,5.1669e-26,1.2843e-23,2.0384e-20,9.4898e-24,2.0933e-21,2.1993e-19,9.2877e-22
3.14931,393.69,2.4571e-19,1.2555e-23,2.8797e-26,5.0840e-26,1.2476e-23,2.0086e-20,9.4475e-24,2.0648e-21,2.2259e-19,9.5501e-22
3.15069,393.51,2.4809e-19,1.2197e-23,2.8773e-26,5.0021e-26,1.2118e-23,1.9792e-20,9.4047e-24,2.0364e-21,2.2525e-19,9.8193e-22
3.15206,393.34,2.5048e-19,1.1849e-23,2.8729e-26,4.9212e-26,1.1771e-23,1.9501e-20,9.3617e-24,2.0083e-21,2.2794e-19,1.0096e-21
3.15344,393.17,2.5288e-19,1.1510e-23,2.8665e-26,4.8413e-26,1.1433e-23,1.9214e-20,9.3184e-24,1.9803e-21,2.3063e-19,1.0379e-21
3.15481,393.00,2.5531e-19,1.1180e-23,2.8583e-26,4.7624e-26,1.1104e-23,1.8930e-20,9.2747e-24,1.9525e-21,2.3334e-19,1.0669e-21
3.15619,392.83,2.5775e-19,1.0860e-23,2.8481e-26,4.6846e-26,1.0785e-23,1.8651e-20,9.2308e-24,1.9250e-21,2.3606e-19,1.0968e-21
3.15757,392.66,2.6021e-19,1.0549e-23,2.8361e-26,4.6078e-26,1.0474e-23,1.8375e-20,9.1865e-24,1.8976e-21,2.3879e-19,1.1273e-21
3.15894,392.49,2.6269e-19,1.0246e-23,2.8223e-26,4.5320e-26,1.0172e-23,1.8102e-20,9.1420e-24,1.8704e-21,2.4154e-19,1.1587e-21
3.16032,392.32,2.6518e-19,9.9511e-24,2.8067e-26,4.4572e-26,9.8785e-24,1.7833e-20,9.0972e-24,1.8435e-21,2.4430e-19,1.1909e-21
3.16169,392.15,2.6769e-19,9.6648e-24,2.7894e-26,4.3834e-26,9.5931e-24,1.7567e-20,9.0521e-24,1.8167e-21,2.4707e-19,1.2239e-21
3.16307,391.97,2.7022e-19,9.3866e-24,2.7704e-26,4.3107e-26,9.3158e-24,1.7305e-20,9.0068e-24,1.7902e-21,2.4985e-19,1.2577e-21
3.16444,391.80,2.7276e-19,9.1162e-24,2.7497e-26,4.2390e-26,9.0463e-24,1.7046e-20,8.9613e-24,1.7639e-21,2.5264e-19,1.2924e-21
3.16582,391.63,2.7532e-19,8.8535e-24,2.7275e-26,4.1683e-26,8.7845e-24,1.6791e-20,8.9155e-24,1.7378e-21,2.5545e-19,1.3279e-21
3.16719,391.46,2.7789e-19,8.5982e-24,2.7037e-26,4.0986e-26,8.5302e-24,1.6539e-20,8.8695e-24,1.7119e-21,2.5826e-19,1.3644e-21
3.16857,391.29,2.8048e-19,8.3502e-24,2.6784e-26,4.0300e-26,8.2831e-24,1.6290e-20,8.8233e-24,1.6863e-21,2.6109e-19,1.4018e-21
3.16995,391.12,2.8309e-19,8.1092e-24,2.6517e-26,3.9623e-26,8.0431e-24,1.6044e-20,8.7768e-24,1.6609e-21,2.6392e-19,1.4401e-21
3.17132,390.95,2.8570e-19,7.8752e-24,2.6236e-26,3.8957e-26,7.8100e-24,1.5802e-20,8.7302e-24,1.6357e-21,2.6677e-19,1.4794e-21
3.17270,390.78,2.8833e-19,7.6479e-24,2.5941e-26,3.8300e-26,7.5837e-24,1.5563e-20,8.6834e-24,1.6107e-21,2.6962e-19,1.5197e-21
3.17407,390.62,2.9098e-19,7.4272e-24,2.5634e-26,3.7654e-26,7.3639e-24,1.5327e-20,8.6363e-24,1.5859e-21,2.7249e-19,1.5610e-21
3.17545,390.45,2.9363e-19,7.2128e-24,2.5314e-26,3.7017e-26,7.1505e-24,1.5094e-20,8.5892e-24,1.5614e-21,2.7536e-19,1.6033e-21
3.17682,390.28,2.9630e-19,7.0047e-24,2.4983e-26,3.6391e-26,6.9434e-24,1.4865e-20,8.5418e-24,1.5372e-21,2.7824e-19,1.6467e-21
3.17820,390.11,2.9898e-19,6.8027e-24,2.4641e-26,3.5774e-26,6.7423e-24,1.4638e-20,8.4943e-24,1.5131e-21,2.8113e-19,1.6911e-21
3.17957,389.94,3.0168e-19,6.6066e-24,2.4288e-26,3.5167e-26,6.5471e-24,1.4415e-20,8.4466e-24,1.4893e-21,2.8402e-19,1.7367e-21
3.18095,389.77,3.0438e-19,6.4162e-24,2.3926e-26,3.4570e-26,6.3577e-24,1.4194e-20,8.3988e-24,1.4658e-21,2.8692e-19,1.7834e-21
3.18233,389.60,3.0710e-19,6.2314e-24,2.3555e-26,3.3982e-26,6.1739e-24,1.3977e-20,8.3509e-24,1.4424e-21,2.8983e-19,1.8312e-21
3.18370,389.43,3.0982e-19,6.0521e-24,2.3175e-26,3.3404e-26,5.9956e-24,1.3763e-20,8.3028e-24,1.4194e-21,2.9275e-19,1.8803e-21
3.18508,389.27,3.1256e-19,5.8782e-24,2.2788e-26,3.2835e-26,5.8225e-24,1.3551e-20,8.2546e-24,1.3965e-21,2.9567e-19,1.9305e-21
3.18645,389.10,3.1531e-19,5.7093e-24,2.2393e-26,3.2276e-26,5.6547e-24,1.3342e-20,8.2063e-24,1.3739e-21,2.9860e-19,1.9820e-21
3.18783,388.93,3.1806e-19,5.5456e-24,2.1992e-26,3.1726e-26,5.4918e-24,1.3137e-20,8.1579e-24,1.3515e-21,3.0153e-19,2.0347e-21
3.18920,388.76,3.2083e-19,5.3867e-24,2.1585e-26,3.1186e-26,5.3339e-24,1.2934e-20,8.1094e-24,1.3294e-21,3.0446e-19,2.0888e-21
3.19058,388.59,3.2360e-19,5.2326e-24,2.1173e-26,3.0654e-26,5.1807e-24,1.2734e-20,8.0608e-24,1.3075e-21,3.0740e-19,2.1441e-21
3.19195,388.43,3.2638e-19,5.0831e-24,2.0756e-26,3.0132e-26,5.0322e-24,1.2536e-20,8.0121e-24,1.2859e-21,3.1035e-19,2.2008e-21
3.19333,388.26,3.2917e-19,4.9381e-24,2.0335e-26,2.9619e-26,4.8882e-24,1.2342e-20,7.9633e-24,1.2645e-21,3.1330e-19,2.2589e-21
3.19471,388.09,3.3197e-19,4.7976e-24,1.9912e-26,2.9114e-26,4.7486e-24,1.2150e-20,7.9145e-24,1.2434e-21,3.1624e-19,2.3184e-21
3.19608,387.93,3.3477e-19,4.6613e-24,1.9485e-26,2.8619e-26,4.6132e-24,1.1960e-20,7.8656e-24,1.2225e-21,3.1920e-19,2.3794e-21
3.19746,387.76,3.3758e-19,4.5291e-24,1.9057e-26,2.8132e-26,4.4820e-24,1.1774e-20,7.8166e-24,1.2018e-21,3.2215e-19,2.4418e-21
3.19883,387.59,3.4040e-19,4.4010e-24,1.8627e-26,2.7654e-26,4.3548e-24,1.1590e-20,7.7676e-24,1.1814e-21,3.2511e-19,2.5058e-21
3.20021,387.43,3.4322e-19,4.2769e-24,1.8196e-26,2.7185e-26,4.2315e-24,1.1408e-20,7.7185e-24,1.1612e-21,3.2806e-19,2.5713e-21
3.20158,387.26,3.4604e-19,4.1565e-24,1.7766e-26,2.6724e-26,4.1120e-24,1.1230e-20,7.6694e-24,1.1413e-21,3.3102e-19,2.6383e-21
3.20296,387.09,3.4887e-19,4.0398e-24,1.7335e-26,2.6271e-26,3.9962e-24,1.1053e-20,7.6203e-24,1.1216e-21,3.3398e-19,2.7070e-21
3.20434,386.93,3.5170e-19,3.9268e-24,1.6906e-26,2.5827e-26,3.8840e-24,1.0879e-20,7.5711e-24,1.1021e-21,3.3693e-19,2.7774e-21
3.20571,386.76,3.5454e-19,3.8172e-24,1.6478e-26,2.5391e-26,3.7754e-24,1.0708e-20,7.5219e-24,1.0829e-21,3.3989e-19,2.8494e-21
3.20709,386.59,3.5738e-19,3.7111e-24,1.6053e-26,2.4963e-26,3.6701e-24,1.0539e-20,7.4727e-24,1.0639e-21,3.4284e-19,2.9231e-21
3.20846,386.43,3.6022e-19,3.6082e-24,1.5630e-26,2.4543e-26,3.5681e-24,1.0373e-20,7.4235e-24,1.0452e-21,3.4579e-19,2.9986e-21
3.20984,386.26,3.6306e-19,3.5086e-24,1.5210e-26,2.4131e-26,3.4693e-24,1.0209e-20,7.3743e-24,1.0267e-21,3.4874e-19,3.0760e-21
3.21121,386.10,3.6591e-19,3.4121e-24,1.4795e-26,2.3726e-26,3.3736e-24,1.0047e-20,7.3250e-24,1.0085e-21,3.5169e-19,3.1551e-21
3.21259,385.93,3.6876e-19,3.3186e-24,1.4383e-26,2.3330e-26,3.2809e-24,9.8874e-21,7.2758e-24,9.9046e-22,3.5463e-19,3.2362e-21
3.21396,385.77,3.7160e-19,3.2281e-24,1.3977e-26,2.2941e-26,3.1911e-24,9.7303e-21,7.2266e-24,9.7269e-22,3.5757e-19,3.3191e-21
3.21534,385.60,3.7445e-19,3.1404e-24,1.3576e-26,2.2559e-26,3.1042e-24,9.5754e-21,7.1775e-24,9.5515e-22,3.6051e-19,3.4040e-21
3.21672,385.44,3.7730e-19,3.0555e-24,1.3180e-26,2.2185e-26,3.0201e-24,9.4228e-21,7.1283e-24,9.3785e-22,3.6344e-19,3.4910e-21
3.21809,385.27,3.8015e-19,2.9732e-24,1.2791e-26,2.1818e-26,2.9386e-24,9.2724e-21,7.0792e-24,9.2078e-22,3.6636e-19,3.5800e-21
3.21947,385.11,3.8299e-19,2.8936e-24,1.2409e-26,2.1458e-26,2.8598e-24,9.1241e-21,7.0301e-24,9.0394e-22,3.6928e-19,3.6710e-21
3.22084,384.94,3.8583e-19,2.8166e-24,1.2034e-26,2.1106e-26,2.7834e-24,8.9780e-21,6.9810e-24,8.8734e-22,3.7219e-19,3.7643e-21
3.22222,384.78,3.8868e-19,2.7420e-24,1.1666e-26,2.0760e-26,2.7095e-24,8.8341e-21,6.9320e-24,8.7096e-22,3.7510e-19,3.8597e-21
3.22359,384.61,3.9151e-19,2.6697e-24,1.1306e-26,2.0421e-26,2.6380e-24,8.6922e-21,6.8831e-24,8.5482e-22,3.7800e-19,3.9573e-21
3.22497,384.45,3.9435e-19,2.5998e-24,1.0955e-26,2.0089e-26,2.5688e-24,8.5524e-21,6.8342e-24,8.3891e-22,3.8089e-19,4.0573e-21
3.22634,384.29,3.9718e-19,2.5322e-24,1.0612e-26,1.9763e-26,2.5018e-24,8.4147e-21,6.7854e-24,8.2322e-22,3.8378e-19,4.1595e-21
3.22772,384.12,4.0001e-19,2.4667e-24,1.0277e-26,1.9444e-26,2.4370e-24,8.2790e-21,6.7366e-24,8.0776e-22,3.8665e-19,4.2642e-21
3.22910,383.96,4.0283e-19,2.4034e-24,9.9524e-27,1.9132e-26,2.3743e-24,8.1453e-21,6.6879e-24,7.9252e-22,3.8952e-19,4.3712e-21
3.23047,383.80,4.0565e-19,2.3421e-24,9.6367e-27,1.8826e-26,2.3136e-24,8.0135e-21,6.6393e-24,7.7750e-22,3.9237e-19,4.4808e-21
3.23185,383.63,4.0847e-19,2.2828e-24,9.3307e-27,1.8526e-26,2.2550e-24,7.8838e-21,6.5907e-24,7.6271e-22,3.9522e-19,4.5929e-21
3.23322,383.47,4.1127e-19,2.2254e-24,9.0345e-27,1.8232e-26,2.1982e-24,7.7559e-21,6.5423e-24,7.4813e-22,3.9805e-19,4.7076e-21
3.23460,383.31,4.1408e-19,2.1700e-24,8.7485e-27,1.7945e-26,2.1433e-24,7.6299e-21,6.4939e-24,7.3377e-22,4.0088e-19,4.8250e-21
3.23597,383.14,4.1687e-19,2.1163e-24,8.4727e-27,1.7663e-26,2.0902e-24,7.5058e-21,6.4457e-24,7.1963e-22,4.0369e-19,4.9450e-21
3.23735,382.98,4.1966e-19,2.0644e-24,8.2074e-27,1.7387e-26,2.0388e-24,7.3836e-21,6.3975e-24,7.0571e-22,4.0649e-19,5.0678e-21
3.23872,382.82,4.2244e-19,2.0142e-24,7.9528e-27,1.7117e-26,1.9891e-24,7.2632e-21,6.3495e-24,6.9199e-22,4.0928e-19,5.1935e-21
3.24010,382.66,4.2521e-19,1.9657e-24,7.7088e-27,1.6852e-26,1.9411e-24,7.1446e-21,6.3015e-24,6.7849e-22,4.1205e-19,5.3220e-21
3.24148,382.49,4.2797e-19,1.9188e-24,7.4758e-27,1.6593e-26,1.8947e-24,7.0277e-21,6.2537e-24,6.6520e-22,4.1481e-19,5.4535e-21
3.24285,382.33,4.3072e-19,1.8734e-24,7.2537e-27,1.6340e-26,1.8498e-24,6.9126e-21,6.2059e-24,6.5211e-22,4.1756e-19,5.5879e-21
3.24423,382.17,4.3347e-19,1.8296e-24,7.0426e-27,1.6092e-26,1.8064e-24,6.7993e-21,6.1583e-24,6.3923e-22,4.2029e-19,5.7255e-21
3.24560,382.01,4.3620e-19,1.7872e-24,6.8426e-27,1.5849e-26,1.7645e-24,6.6876e-21,6.1109e-24,6.2655e-22,4.2301e-19,5.8662e-21
3.24698,381.84,4.3892e-19,1.7462e-24,6.6538e-27,1.5611e-26,1.7240e-24,6.5777e-21,6.0635e-24,6.1408e-22,4.2571e-19,6.0100e-21
3.24835,381.68,4.4163e-19,1.7067e-24,6.4760e-27,1.5378e-26,1.6848e-24,6.4694e-21,6.0163e-24,6.0180e-22,4.2840e-19,6.1572e-21
3.24973,381.52,4.4433e-19,1.6684e-24,6.3092e-27,1.5151e-26,1.6470e-24,6.3627e-21,5.9692e-24,5.8973e-22,4.3107e-19,6.3077e-21
3.25110,381.36,4.4702e-19,1.6315e-24,6.1535e-27,1.4928e-26,1.6104e-24,6.2577e-21,5.9223e-24,5.7784e-22,4.3372e-19,6.4615e-21
3.25248,381.20,4.4970e-19,1.5958e-24,6.0088e-27,1.4710e-26,1.5751e-24,6.1542e-21,5.8755e-24,5.6616e-22,4.3635e-19,6.6189e-21
3.25386,381.04,4.5236e-19,1.5614e-24,5.8749e-27,1.4497e-26,1.5410e-24,6.0523e-21,5.8289e-24,5.5466e-22,4.3897e-19,6.7798e-21
3.25523,380.88,4.5501e-19,1.5281e-24,5.7519e-27,1.4288e-26,1.5080e-24,5.9520e-21,5.7824e-24,5.4335e-22,4.4156e-19,6.9444e-21
3.25661,380.72,4.5764e-19,1.4959e-24,5.6394e-27,1.4084e-26,1.4762e-24,5.8532e-21,5.7360e-24,5.3224e-22,4.4414e-19,7.1126e-21
3.25798,380.56,4.6026e-19,1.4649e-24,5.5374e-27,1.3884e-26,1.4455e-24,5.7560e-21,5.6898e-24,5.2130e-22,4.4670e-19,7.2847e-21
3.25936,380.39,4.6287e-19,1.4350e-24,5.4458e-27,1.3689e-26,1.4159e-24,5.6602e-21,5.6438e-24,5.1055e-22,4.4923e-19,7.4605e-21
3.26073,380.23,4.6546e-19,1.4061e-24,5.3644e-27,1.3498e-26,1.3872e-24,5.5658e-21,5.5979e-24,4.9999e-22,4.5175e-19,7.6404e-21
3.26211,380.07,4.6804e-19,1.3782e-24,5.2930e-27,1.3311e-26,1.3596e-24,5.4730e-21,5.5522e-24,4.8960e-22,4.5424e-19,7.8242e-21
3.26348,379.91,4.7060e-19,1.3513e-24,5.2313e-27,1.3129e-26,1.3330e-24,5.3815e-21,5.5067e-24,4.7939e-22,4.5672e-19,8.0122e-21
3.26486,379.75,4.7314e-19,1.3254e-24,5.1792e-27,1.2950e-26,1.3073e-24,5.2915e-21,5.4613e-24,4.6936e-22,4.5917e-19,8.2043e-21
3.26624,379.59,4.7567e-19,1.3004e-24,5.1365e-27,1.2775e-26,1.2825e-24,5.2029e-21,5.4161e-24,4.5950e-22,4.6160e-19,8.4007e-21
3.26761,379.43,4.7817e-19,1.2762e-24,5.1029e-27,1.2605e-26,1.2585e-24,5.1156e-21,5.3711e-24,4.4981e-22,4.6400e-19,8.6015e-21
3.26899,379.27,4.8067e-19,1.2530e-24,5.0782e-27,1.2438e-26,1.2355e-24,5.0297e-21,5.3262e-24,4.4029e-22,4.6638e-19,8.8068e-21
3.27036,379.11,4.8314e-19,1.2306e-24,5.0622e-27,1.2274e-26,1.2132e-24,4.9451e-21,5.2815e-24,4.3093e-22,4.6874e-19,9.0165e-21
3.27174,378.96,4.8559e-19,1.2090e-24,5.0544e-27,1.2115e-26,1.1918e-24,4.8618e-21,5.2371e-24,4.2175e-22,4.7107e-19,9.2310e-21
3.27311,378.80,4.8803e-19,1.1882e-24,5.0547e-27,1.1959e-26,1.1711e-24,4.7798e-21,5.1928e-24,4.1272e-22,4.7338e-19,9.4501e-21
3.27449,378.64,4.9045e-19,1.1681e-24,5.0628e-27,1.1806e-26,1.1512e-24,4.6991e-21,5.1486e-24,4.0386e-22,4.7566e-19,9.6741e-21
3.27586,378.48,4.9284e-19,1.1488e-24,5.0783e-27,1.1657e-26,1.1321e-24,4.6196e-21,5.1047e-24,3.9515e-22,4.7792e-19,9.9030e-21
3.27724,378.32,4.9522e-19,1.1302e-24,5.1009e-27,1.1511e-26,1.1136e-24,4.5414e-21,5.0610e-24,3.8660e-22,4.8015e-19,1.0137e-20
3.27862,378.16,4.9758e-19,1.1123e-24,5.1302e-27,1.1369e-26,1.0959e-24,4.4644e-21,5.0174e-24,3.7821e-22,4.8235e-19,1.0376e-20
3.27999,378.00,4.9991e-19,1.0951e-24,5.1661e-27,1.1229e-26,1.0788e-24,4.3886e-21,4.9741e-24,3.6997e-22,4.8453e-19,1.0620e-20
3.28137,377.84,5.0223e-19,1.0786e-24,5.2080e-27,1.1093e-26,1.0623e-24,4.3140e-21,4.9309e-24,3.6188e-22,4.8668e-19,1.0870e-20
3.28274,377.68,5.0452e-19,1.0627e-24,5.2556e-27,1.0960e-26,1.0465e-24,4.2405e-21,4.8880e-24,3.5394e-22,4.8880e-19,1.1125e-20
3.28412,377.53,5.0680e-19,1.0474e-24,5.3085e-27,1.0830e-26,1.0313e-24,4.1682e-21,4.8452e-24,3.4615e-22,4.9089e-19,1.1386e-20
3.28549,377.37,5.0905e-19,1.0327e-24,5.3664e-27,1.0703e-26,1.0166e-24,4.0971e-21,4.8027e-24,3.3850e-22,4.9296e-19,1.1652e-20
3.28687,377.21,5.1128e-19,1.0186e-24,5.4289e-27,1.0579e-26,1.0026e-24,4.0270e-21,4.7603e-24,3.3099e-22,4.9499e-19,1.1924e-20
3.28825,377.05,5.1349e-19,1.0050e-24,5.4957e-27,1.0457e-26,9.8906e-25,3.9581e-21,4.7182e-24,3.2362e-22,4.9700e-19,1.2202e-20
3.28962,376.90,5.1567e-19,9.9199e-25,5.5663e-27,1.0338e-26,9.7609e-25,3.8902e-21,4.6763e-24,3.1640e-22,4.9898e-19,1.2486e-20
3.29100,376.74,5.1784e-19,9.7950e-25,5.6403e-27,1.0222e-26,9.6364e-25,3.8234e-21,4.6346e-24,3.0931e-22,5.0092e-19,1.2777e-20
3.29237,376.58,5.1998e-19,9.6752e-25,5.7174e-27,1.0109e-26,9.5169e-25,3.7577e-21,4.5931e-24,3.0235e-22,5.0284e-19,1.3073e-20
3.29375,376.42,5.2209e-19,9.5603e-25,5.7973e-27,9.9978e-27,9.4023e-25,3.6930e-21,4.5518e-24,2.9553e-22,5.0472e-19,1.3376e-20
3.29512,376.27,5.2419e-19,9.4501e-25,5.8795e-27,9.8893e-27,9.2925e-25,3.6293e-21,4.5107e-24,2.8884e-22,5.0658e-19,1.3685e-20
3.29650,376.11,5.2626e-19,9.3446e-25,5.9637e-27,9.7833e-27,9.1871e-25,3.5666e-21,4.4698e-24,2.8227e-22,5.0840e-19,1.4001e-20
3.29787,375.95,5.2831e-19,9.2435e-25,6.0495e-27,9.6797e-27,9.0862e-25,3.5049e-21,4.4292e-24,2.7584e-22,5.1020e-19,1.4324e-20
3.29925,375.80,5.3033e-19,9.1468e-25,6.1365e-27,9.5784e-27,8.9896e-25,3.4442e-21,4.3888e-24,2.6953e-22,5.1196e-19,1.4654e-20
3.30063,375.64,5.3233e-19,9.0541e-25,6.2245e-27,9.4794e-27,8.8971e-25,3.3845e-21,4.3486e-24,2.6334e-22,5.1368e-19,1.4990e-20
3.30200,375.48,5.3430e-19,8.9656e-25,6.3129e-27,9.3825e-27,8.8086e-25,3.3257e-21,4.3086e-24,2.5727e-22,5.1538e-19,1.5334e-20
3.30338,375.33,5.3625e-19,8.8809e-25,6.4015e-27,9.2878e-27,8.7240e-25,3.2678e-21,4.2689e-24,2.5133e-22,5.1704e-19,1.5685e-20
3.30475,375.17,5.3818e-19,8.8000e-25,6.4900e-27,9.1952e-27,8.6431e-25,3.2109e-21,4.2293e-24,2.4550e-22,5.1867e-19,1.6044e-20
3.30613,375.01,5.4008e-19,8.7227e-25,6.5778e-27,9.1046e-27,8.5658e-25,3.1548e-21,4.1900e-24,2.3978e-22,5.2027e-19,1.6410e-20
3.30750,374.86,5.4196e-19,8.6489e-25,6.6648e-27,9.0160e-27,8.4921e-25,3.0997e-21,4.1509e-24,2.3418e-22,5.2183e-19,1.6784e-20
3.30888,374.70,5.4381e-19,8.5785e-25,6.7506e-27,8.9294e-27,8.4217e-25,3.0454e-21,4.1121e-24,2.2870e-22,5.2336e-19,1.7166e-20
3.31025,374.55,5.4564e-19,8.5113e-25,6.8348e-27,8.8446e-27,8.3545e-25,2.9920e-21,4.0735e-24,2.2332e-22,5.2486e-19,1.7555e-20
3.31163,374.39,5.4744e-19,8.4473e-25,6.9171e-27,8.7616e-27,8.2905e-25,2.9395e-21,4.0351e-24,2.1805e-22,5.2632e-19,1.7953e-20
3.31301,374.23,5.4921e-19,8.3863e-25,6.9971e-27,8.6804e-27,8.2295e-25,2.8878e-21,3.9969e-24,2.1289e-22,5.2775e-19,1.8360e-20
3.31438,374.08,5.5096e-19,8.3282e-25,7.0747e-27,8.6010e-27,8.1714e-25,2.8369e-21,3.9590e-24,2.0783e-22,5.2914e-19,1.8775e-20
3.31576,373.92,5.5269e-19,8.2728e-25,7.1493e-27,8.5232e-27,8.1161e-25,2.7868e-21,3.9213e-24,2.0288e-22,5.3050e-19,1.9198e-20
3.31713,373.77,5.5439e-19,8.2202e-25,7.2209e-27,8.4471e-27,8.0635e-25,2.7376e-21,3.8839e-24,1.9803e-22,5.3182e-19,1.9631e-20
3.31851,373.61,5.5606e-19,8.1701e-25,7.2891e-27,8.3725e-27,8.0135e-25,2.6891e-21,3.8466e-24,1.9328e-22,5.3310e-19,2.0072e-20
3.31988,373.46,5.5771e-19,8.1225e-25,7.3537e-27,8.2995e-27,7.9660e-25,2.6414e-21,3.8097e-24,1.8862e-22,5.3435e-19,2.0523e-20
3.32126,373.30,5.5934e-19,8.0772e-25,7.4143e-27,8.2279e-27,7.9208e-25,2.5945e-21,3.7729e-24,1.8407e-22,5.3557e-19,2.0983e-20
3.32263,373.15,5.6093e-19,8.0342e-25,7.4708e-27,8.1578e-27,7.8780e-25,2.5484e-21,3.7364e-24,1.7961e-22,5.3675e-19,2.1452e-20
3.32401,373.00,5.6250e-19,7.9934e-25,7.5230e-27,8.0892e-27,7.8373e-25,2.5029e-21,3.7001e-24,1.7524e-22,5.3789e-19,2.1931e-20
3.32539,372.84,5.6405e-19,7.9546e-25,7.5707e-27,8.0218e-27,7.7986e-25,2.4583e-21,3.6641e-24,1.7096e-22,5.3900e-19,2.2420e-20
3.32676,372.69,5.6557e-19,7.9177e-25,7.6136e-27,7.9558e-27,7.7620e-25,2.4143e-21,3.6282e-24,1.6677e-22,5.4007e-19,2.2919e-20
3.32814,372.53,5.6706e-19,7.8827e-25,7.6515e-27,7.8911e-27,7.7273e-25,2.3710e-21,3.5927e-24,1.6268e-22,5.4110e-19,2.3429e-20
3.32951,372.38,5.6853e-19,7.8495e-25,7.6845e-27,7.8275e-27,7.6943e-25,2.3285e-21,3.5573e-24,1.5866e-22,5.4209e-19,2.3948e-20
3.33089,372.23,5.6997e-19,7.8179e-25,7.7121e-27,7.7652e-27,7.6631e-25,2.2866e-21,3.5222e-24,1.5474e-22,5.4305e-19,2.4479e-20
3.33226,372.07,5.7139e-19,7.7879e-25,7.7345e-27,7.7040e-27,7.6335e-25,2.2455e-21,3.4874e-24,1.5090e-22,5.4397e-19,2.5020e-20
3.33364,371.92,5.7278e-19,7.7594e-25,7.7513e-27,7.6439e-27,7.6054e-25,2.2049e-21,3.4528e-24,1.4714e-22,5.4485e-19,2.5572e-20
3.33501,371.77,5.7415e-19,7.7323e-25,7.7625e-27,7.5849e-27,7.5788e-25,2.1651e-21,3.4184e-24,1.4346e-22,5.4570e-19,2.6136e-20
3.33639,371.61,5.7549e-19,7.7065e-25,7.7680e-27,7.5268e-27,7.5535e-25,2.1259e-21,3.3842e-24,1.3986e-22,5.4651e-19,2.6711e-20
3.33777,371.46,5.7680e-19,7.6819e-25,7.7677e-27,7.4698e-27,7.5295e-25,2.0873e-21,3.3503e-24,1.3634e-22,5.4728e-19,2.7297e-20
3.33914,371.31,5.7809e-19,7.6585e-25,7.7615e-27,7.4137e-27,7.5067e-25,2.0494e-21,3.3167e-24,1.3290e-22,5.4801e-19,2.7896e-20
3.34052,371.15,5.7936e-19,7.6361e-25,7.7493e-27,7.3585e-27,7.4850e-25,2.0121e-21,3.2833e-24,1.2953e-22,5.4870e-19,2.8506e-20
3.34189,371.00,5.8060e-19,7.6147e-25,7.7312e-27,7.3042e-27,7.4644e-25,1.9754e-21,3.2501e-24,1.2623e-22,5.4936e-19,2.9129e-20
3.34327,370.85,5.8181e-19,7.5942e-25,7.7071e-27,7.2507e-27,7.4447e-25,1.9393e-21,3.2171e-24,1.2301e-22,5.4998e-19,2.9765e-20
3.34464,370.69,5.8300e-19,7.5746e-25,7.6769e-27,7.1980e-27,7.4258e-25,1.9038e-21,3.1844e-24,1.1986e-22,5.5056e-19,3.0413e-20
3.34602,370.54,5.8416e-19,7.5557e-25,7.6407e-27,7.1461e-27,7.4078e-25,1.8688e-21,3.1519e-24,1.1678e-22,5.5110e-19,3.1074e-20
3.34739,370.39,5.8531e-19,7.5374e-25,7.5985e-27,7.0948e-27,7.3905e-25,1.8345e-21,3.1197e-24,1.1377e-22,5.5160e-19,3.1748e-20
3.34877,370.24,5.8642e-19,7.5197e-25,7.5504e-27,7.0443e-27,7.3738e-25,1.8007e-21,3.0877e-24,1.1082e-22,5.5207e-19,3.2436e-20
3.35015,370.09,5.8751e-19,7.5026e-25,7.4963e-27,6.9945e-27,7.3577e-25,1.7675e-21,3.0559e-24,1.0795e-22,5.5250e-19,3.3138e-20
3.35152,369.93,5.8858e-19,7.4859e-25,7.4365e-27,6.9452e-27,7.3420e-25,1.7348e-21,3.0244e-24,1.0513e-22,5.5289e-19,3.3853e-20
3.35290,369.78,5.8963e-19,7.4695e-25,7.3708e-27,6.8966e-27,7.3268e-25,1.7026e-21,2.9931e-24,1.0238e-22,5.5324e-19,3.4583e-20
3.35427,369.63,5.9065e-19,7.4535e-25,7.2996e-27,6.8485e-27,7.3120e-25,1.6710e-21,2.9621e-24,9.9693e-23,5.5355e-19,3.5327e-20
3.35565,369.48,5.9165e-19,7.4377e-25,7.2228e-27,6.8010e-27,7.2974e-25,1.6399e-21,2.9313e-24,9.7066e-23,5.5382e-19,3.6085e-20
3.35702,369.33,5.9263e-19,7.4220e-25,7.1406e-27,6.7539e-27,7.2831e-25,1.6094e-21,2.9007e-24,9.4499e-23,5.5406e-19,3.6859e-20
3.35840,369.18,5.9358e-19,7.4065e-25,7.0532e-27,6.7074e-27,7.2689e-25,1.5793e-21,2.8704e-24,9.1991e-23,5.5426e-19,3.7648e-20
3.35977,369.03,5.9451e-19,7.3909e-25,6.9606e-27,6.6612e-27,7.2547e-25,1.5497e-21,2.8403e-24,8.9541e-23,5.5442e-19,3.8452e-20
3.36115,368.87,5.9542e-19,7.3754e-25,6.8632e-27,6.6155e-27,7.2406e-25,1.5207e-21,2.8104e-24,8.7147e-23,5.5454e-19,3.9272e-20
3.36253,368.72,5.9631e-19,7.3598e-25,6.7610e-27,6.5701e-27,7.2265e-25,1.4921e-21,2.7808e-24,8.4809e-23,5.5463e-19,4.0107e-20
3.36390,368.57,5.9718e-19,7.3440e-25,6.6542e-27,6.5251e-27,7.2122e-25,1.4639e-21,2.7514e-24,8.2525e-23,5.5467e-19,4.0960e-20
3.36528,368.42,5.9803e-19,7.3280e-25,6.5431e-27,6.4804e-27,7.1978e-25,1.4363e-21,2.7223e-24,8.0295e-23,5.5468e-19,4.1828e-20
3.36665,368.27,5.9886e-19,7.3118e-25,6.4278e-27,6.4360e-27,7.1831e-25,1.4091e-21,2.6934e-24,7.8116e-23,5.5465e-19,4.2714e-20
3.36803,368.12,5.9966e-19,7.2952e-25,6.3085e-27,6.3919e-27,7.1682e-25,1.3824e-21,2.6647e-24,7.5989e-23,5.5459e-19,4.3616e-20
3.36940,367.97,6.0045e-19,7.2783e-25,6.1856e-27,6.3480e-27,7.1530e-25,1.3561e-21,2.6362e-24,7.3912e-23,5.5448e-19,4.4536e-20
3.37078,367.82,6.0122e-19,7.2610e-25,6.0591e-27,6.3043e-27,7.1373e-25,1.3303e-21,2.6080e-24,7.1885e-23,5.5434e-19,4.5473e-20
3.37216,367.67,6.0197e-19,7.2431e-25,5.9295e-27,6.2609e-27,7.1212e-25,1.3049e-21,2.5800e-24,6.9905e-23,5.5416e-19,4.6429e-20
3.37353,367.52,6.0270e-19,7.2248e-25,5.7968e-27,6.2176e-27,7.1046e-25,1.2799e-21,2.5523e-24,6.7973e-23,5.5395e-19,4.7403e-20
3.37491,367.37,6.0342e-19,7.2059e-25,5.6615e-27,6.1744e-27,7.0875e-25,1.2553e-21,2.5247e-24,6.6087e-23,5.5370e-19,4.8395e-20
3.37628,367.22,6.0411e-19,7.1863e-25,5.5237e-27,6.1314e-27,7.0698e-25,1.2312e-21,2.4974e-24,6.4246e-23,5.5341e-19,4.9406e-20
3.37766,367.07,6.0479e-19,7.1661e-25,5.3838e-27,6.0885e-27,7.0514e-25,1.2075e-21,2.4704e-24,6.2450e-23,5.5308e-19,5.0436e-20
3.37903,366.92,6.0545e-19,7.1452e-25,5.2421e-27,6.0457e-27,7.0323e-25,1.1841e-21,2.4435e-24,6.0697e-23,5.5272e-19,5.1485e-20
3.38041,366.77,6.0610e-19,7.1235e-25,5.0989e-27,6.0029e-27,7.0125e-25,1.1612e-21,2.4169e-24,5.8987e-23,5.5232e-19,5.2555e-20
3.38178,366.62,6.0673e-19,7.1010e-25,4.9544e-27,5.9602e-27,6.9919e-25,1.1387e-21,2.3906e-24,5.7318e-23,5.5189e-19,5.3644e-20
3.38316,366.47,6.0735e-19,7.0777e-25,4.8091e-27,5.9175e-27,6.9705e-25,1.1165e-21,2.3644e-24,5.5690e-23,5.5142e-19,5.4754e-20
3.38454,366.33,6.0795e-19,7.0536e-25,4.6633e-27,5.8748e-27,6.9482e-25,1.0947e-21,2.3385e-24,5.4102e-23,5.5091e-19,5.5885e-20
3.38591,366.18,6.0853e-19,7.0285e-25,4.5172e-27,5.8320e-27,6.9250e-25,1.0733e-21,2.3128e-24,5.2554e-23,5.5037e-19,5.7036e-20
3.38729,366.03,6.0911e-19,7.0025e-25,4.3712e-27,5.7893e-27,6.9009e-25,1.0523e-21,2.2873e-24,5.1043e-23,5.4979e-19,5.8209e-20
3.38866,365.88,6.0967e-19,6.9755e-25,4.2257e-27,5.7465e-27,6.8758e-25,1.0316e-21,2.2620e-24,4.9570e-23,5.4918e-19,5.9404e-20
3.39004,365.73,6.1021e-19,6.9476e-25,4.0810e-27,5.7036e-27,6.8497e-25,1.0113e-21,2.2370e-24,4.8134e-23,5.4853e-19,6.0620e-20
3.39141,365.58,6.1075e-19,6.9186e-25,3.9374e-27,5.6607e-27,6.8226e-25,9.9130e-22,2.2122e-24,4.6734e-23,5.4785e-19,6.1859e-20
3.39279,365.43,6.1127e-19,6.8886e-25,3.7952e-27,5.6176e-27,6.7945e-25,9.7167e-22,2.1876e-24,4.5368e-23,5.4713e-19,6.3121e-20
3.39416,365.29,6.1178e-19,6.8575e-25,3.6549e-27,5.5744e-27,6.7652e-25,9.5238e-22,2.1632e-24,4.4038e-23,5.4637e-19,6.4406e-20
3.39554,365.14,6.1228e-19,6.8253e-25,3.5167e-27,5.5311e-27,6.7348e-25,9.3343e-22,2.1391e-24,4.2740e-23,5.4559e-19,6.5715e-20
3.39692,364.99,6.1277e-19,6.7920e-25,3.3809e-27,5.4877e-27,6.7033e-25,9.1480e-22,2.1152e-24,4.1476e-23,5.4476e-19,6.7047e-20
3.39829,364.84,6.1325e-19,6.7576e-25,3.2479e-27,5.4441e-27,6.6707e-25,8.9650e-22,2.0914e-24,4.0244e-23,5.4391e-19,6.8403e-20
3.39967,364.70,6.1372e-19,6.7220e-25,3.1181e-27,5.4003e-27,6.6368e-25,8.7852e-22,2.0679e-24,3.9044e-23,5.4302e-19,6.9784e-20
3.40104,364.55,6.1419e-19,6.6853e-25,2.9917e-27,5.3564e-27,6.6018e-25,8.6086e-22,2.0447e-24,3.7874e-23,5.4210e-19,7.1189e-20
3.40242,364.40,6.1464e-19,6.6474e-25,2.8691e-27,5.3123e-27,6.5656e-25,8.4350e-22,2.0216e-24,3.6734e-23,5.4114e-19,7.2620e-20
3.40379,364.25,6.1509e-19,6.6083e-25,2.7506e-27,5.2680e-27,6.5281e-25,8.2645e-22,1.9987e-24,3.5624e-23,5.4015e-19,7.4077e-20
3.40517,364.11,6.1553e-19,6.5680e-25,2.6366e-27,5.2235e-27,6.4894e-25,8.0970e-22,1.9761e-24,3.4543e-23,5.3913e-19,7.5560e-20
3.40654,363.96,6.1597e-19,6.5265e-25,2.5274e-27,5.1787e-27,6.4494e-25,7.9324e-22,1.9536e-24,3.3489e-23,5.3807e-19,7.7069e-20
3.40792,363.81,6.1640e-19,6.4838e-25,2.4232e-27,5.1338e-27,6.4082e-25,7.7708e-22,1.9314e-24,3.2464e-23,5.3698e-19,7.8604e-20
3.40930,363.67,6.1682e-19,6.4398e-25,2.3244e-27,5.0886e-27,6.3657e-25,7.6120e-22,1.9094e-24,3.1465e-23,5.3586e-19,8.0167e-20
3.41067,363.52,6.1725e-19,6.3947e-25,2.2314e-27,5.0432e-27,6.3219e-25,7.4561e-22,1.8875e-24,3.0493e-23,5.3471e-19,8.1758e-20
3.41205,363.37,6.1766e-19,6.3483e-25,2.1444e-27,4.9975e-27,6.2769e-25,7.3029e-22,1.8659e-24,2.9546e-23,5.3353e-19,8.3377e-20
3.41342,363.23,6.1808e-19,6.3007e-25,2.0637e-27,4.9516e-27,6.2306e-25,7.1524e-22,1.8445e-24,2.8625e-23,5.3231e-19,8.5023e-20
3.41480,363.08,6.1849e-19,6.2519e-25,1.9897e-27,4.9055e-27,6.1829e-25,7.0047e-22,1.8233e-24,2.7728e-23,5.3106e-19,8.6699e-20
3.41617,362.93,6.1891e-19,6.2019e-25,1.9225e-27,4.8591e-27,6.1341e-25,6.8596e-22,1.8023e-24,2.6855e-23,5.2979e-19,8.8404e-20
3.41755,362.79,6.1932e-19,6.1507e-25,1.8625e-27,4.8124e-27,6.0839e-25,6.7171e-22,1.7815e-24,2.6006e-23,5.2848e-19,9.0139e-20
3.41892,362.64,6.1973e-19,6.0983e-25,1.8100e-27,4.7655e-27,6.0325e-25,6.5772e-22,1.7609e-24,2.5180e-23,5.2714e-19,9.1903e-20
3.42030,362.50,6.2014e-19,6.0447e-25,1.7651e-27,4.7183e-27,5.9798e-25,6.4399e-22,1.7405e-24,2.4376e-23,5.2577e-19,9.3698e-20
3.42168,362.35,6.2056e-19,5.9899e-25,1.7282e-27,4.6709e-27,5.9259e-25,6.3050e-22,1.7203e-24,2.3594e-23,5.2438e-19,9.5524e-20
3.42305,362.20,6.2097e-19,5.9340e-25,1.6993e-27,4.6231e-27,5.8707e-25,6.1726e-22,1.7002e-24,2.2833e-23,5.2295e-19,9.7381e-20
3.42443,362.06,6.2139e-19,5.8769e-25,1.6789e-27,4.5752e-27,5.8144e-25,6.0426e-22,1.6804e-24,2.2093e-23,5.2149e-19,9.9269e-20
3.42580,361.91,6.2181e-19,5.8187e-25,1.6670e-27,4.5269e-27,5.7568e-25,5.9149e-22,1.6608e-24,2.1374e-23,5.2001e-19,1.0119e-19
3.42718,361.77,6.2224e-19,5.7594e-25,1.6638e-27,4.4784e-27,5.6980e-25,5.7896e-22,1.6413e-24,2.0675e-23,5.1850e-19,1.0314e-19
3.42855,361.62,6.2268e-19,5.6991e-25,1.6696e-27,4.4296e-27,5.6381e-25,5.6667e-22,1.6221e-24,1.9995e-23,5.1696e-19,1.0513e-19
3.42993,361.48,6.2312e-19,5.6376e-25,1.6844e-27,4.3806e-27,5.5770e-25,5.5460e-22,1.6030e-24,1.9334e-23,5.1539e-19,1.0715e-19
3.43130,361.33,6.2356e-19,5.5752e-25,1.7085e-27,4.3313e-27,5.5148e-25,5.4275e-22,1.5841e-24,1.8692e-23,5.1379e-19,1.0920e-19
3.43268,361.19,6.2402e-19,5.5117e-25,1.7420e-27,4.2817e-27,5.4514e-25,5.3112e-22,1.5655e-24,1.8068e-23,5.1217e-19,1.1129e-19
3.43406,361.04,6.2448e-19,5.4472e-25,1.7851e-27,4.2319e-27,5.3870e-25,5.1971e-22,1.5470e-24,1.7461e-23,5.1052e-19,1.1341e-19
3.43543,360.90,6.2495e-19,5.3817e-25,1.8378e-27,4.1819e-27,5.3215e-25,5.0851e-22,1.5286e-24,1.6872e-23,5.0885e-19,1.1557e-19
3.43681,360.75,6.2543e-19,5.3153e-25,1.9002e-27,4.1316e-27,5.2550e-25,4.9753e-22,1.5105e-24,1.6300e-23,5.0715e-19,1.1777e-19
3.43818,360.61,6.2592e-19,5.2481e-25,1.9726e-27,4.0811e-27,5.1875e-25,4.8674e-22,1.4926e-24,1.5744e-23,5.0542e-19,1.1999e-19
3.43956,360.47,6.2643e-19,5.1799e-25,2.0548e-27,4.0303e-27,5.1190e-25,4.7617e-22,1.4748e-24,1.5205e-23,5.0367e-19,1.2226e-19
3.44093,360.32,6.2694e-19,5.1109e-25,2.1471e-27,3.9794e-27,5.0496e-25,4.6579e-22,1.4572e-24,1.4681e-23,5.0190e-19,1.2456e-19
3.44231,360.18,6.2747e-19,5.0410e-25,2.2495e-27,3.9282e-27,4.9793e-25,4.5561e-22,1.4398e-24,1.4172e-23,5.0010e-19,1.2690e-19
3.44368,360.03,6.2802e-19,4.9704e-25,2.3620e-27,3.8768e-27,4.9080e-25,4.4562e-22,1.4225e-24,1.3678e-23,4.9827e-19,1.2928e-19
3.44506,359.89,6.2858e-19,4.8991e-25,2.4846e-27,3.8253e-27,4.8360e-25,4.3583e-22,1.4055e-24,1.3199e-23,4.9643e-19,1.3170e-19
3.44644,359.75,6.2915e-19,4.8270e-25,2.6174e-27,3.7735e-27,4.7631e-25,4.2622e-22,1.3886e-24,1.2733e-23,4.9456e-19,1.3415e-19
3.44781,359.60,6.2974e-19,4.7543e-25,2.7604e-27,3.7216e-27,4.6895e-25,4.1679e-22,1.3718e-24,1.2282e-23,4.9266e-19,1.3665e-19
3.44919,359.46,6.3035e-19,4.6810e-25,2.9134e-27,3.6695e-27,4.6152e-25,4.0755e-22,1.3553e-24,1.1844e-23,4.9074e-19,1.3918e-19
3.45056,359.32,6.3097e-19,4.6071e-25,3.0766e-27,3.6172e-27,4.5402e-25,3.9849e-22,1.3389e-24,1.1420e-23,4.8881e-19,1.4176e-19
3.45194,359.17,6.3162e-19,4.5326e-25,3.2497e-27,3.5648e-27,4.4645e-25,3.8960e-22,1.3227e-24,1.1008e-23,4.8685e-19,1.4437e-19
3.45331,359.03,6.3228e-19,4.4577e-25,3.4328e-27,3.5123e-27,4.3882e-25,3.8089e-22,1.3067e-24,1.0609e-23,4.8486e-19,1.4703e-19
3.45469,358.89,6.3297e-19,4.3823e-25,3.6258e-27,3.4596e-27,4.3114e-25,3.7235e-22,1.2908e-24,1.0221e-23,4.8286e-19,1.4972e-19
3.45607,358.74,6.3368e-19,4.3064e-25,3.8285e-27,3.4068e-27,4.2341e-25,3.6397e-22,1.2751e-24,9.8462e-24,4.8084e-19,1.5246e-19
3.45744,358.60,6.3440e-19,4.2302e-25,4.0408e-27,3.3540e-27,4.1563e-25,3.5576e-22,1.2595e-24,9.4826e-24,4.7879e-19,1.5524e-19
3.45882,358.46,6.3516e-19,4.1537e-25,4.2626e-27,3.3010e-27,4.0781e-25,3.4771e-22,1.2441e-24,9.1302e-24,4.7673e-19,1.5807e-19
3.46019,358.32,6.3593e-19,4.0769e-25,4.4939e-27,3.2480e-27,3.9995e-25,3.3982e-22,1.2289e-24,8.7888e-24,4.7464e-19,1.6094e-19
3.46157,358.17,6.3673e-19,3.9998e-25,4.7343e-27,3.1949e-27,3.9206e-25,3.3209e-22,1.2138e-24,8.4582e-24,4.7254e-19,1.6385e-19
3.46294,358.03,6.3756e-19,3.9226e-25,4.9838e-27,3.1418e-27,3.8413e-25,3.2452e-22,1.1989e-24,8.1379e-24,4.7042e-19,1.6680e-19
3.46432,357.89,6.3841e-19,3.8452e-25,5.2421e-27,3.0886e-27,3.7619e-25,3.1709e-22,1.1841e-24,7.8278e-24,4.6828e-19,1.6981e-19
3.46569,357.75,6.3929e-19,3.7677e-25,5.5091e-27,3.0354e-27,3.6822e-25,3.0982e-22,1.1695e-24,7.5276e-24,4.6612e-19,1.7285e-19
3.46707,357.61,6.4020e-19,3.6901e-25,5.7846e-27,2.9823e-27,3.6024e-25,3.0269e-22,1.1551e-24,7.2371e-24,4.6394e-19,1.7594e-19
3.46845,357.46,6.4113e-19,3.6125e-25,6.0683e-27,2.9291e-27,3.5226e-25,2.9571e-22,1.1408e-24,6.9559e-24,4.6175e-19,1.7908e-19
3.46982,357.32,6.4210e-19,3.5350e-25,6.3601e-27,2.8760e-27,3.4426e-25,2.8886e-22,1.1266e-24,6.6839e-24,4.5954e-19,1.8226e-19
3.47120,357.18,6.4309e-19,3.4575e-25,6.6596e-27,2.8229e-27,3.3627e-25,2.8216e-22,1.1126e-24,6.4207e-24,4.5731e-19,1.8550e-19
3.47257,357.04,6.4412e-19,3.3802e-25,6.9667e-27,2.7699e-27,3.2828e-25,2.7560e-22,1.0988e-24,6.1662e-24,4.5506e-19,1.8877e-19
3.47395,356.90,6.4518e-19,3.3030e-25,7.2810e-27,2.7170e-27,3.2030e-25,2.6917e-22,1.0851e-24,5.9201e-24,4.5280e-19,1.9210e-19
3.47532,356.76,6.4627e-19,3.2261e-25,7.6023e-27,2.6641e-27,3.1234e-25,2.6287e-22,1.0715e-24,5.6822e-24,4.5053e-19,1.9548e-19
3.47670,356.61,6.4740e-19,3.1494e-25,7.9302e-27,2.6114e-27,3.0440e-25,2.5671e-22,1.0581e-24,5.4523e-24,4.4823e-19,1.9890e-19
3.47807,356.47,6.4856e-19,3.0730e-25,8.2646e-27,2.5588e-27,2.9648e-25,2.5067e-22,1.0448e-24,5.2301e-24,4.4593e-19,2.0237e-19
3.47945,356.33,6.4976e-19,2.9970e-25,8.6050e-27,2.5064e-27,2.8859e-25,2.4476e-22,1.0317e-24,5.0155e-24,4.4361e-19,2.0590e-19
3.48083,356.19,6.5099e-19,2.9214e-25,8.9511e-27,2.4541e-27,2.8074e-25,2.3898e-22,1.0187e-24,4.8081e-24,4.4127e-19,2.0947e-19
3.48220,356.05,6.5226e-19,2.8463e-25,9.3025e-27,2.4020e-27,2.7292e-25,2.3331e-22,1.0058e-24,4.6080e-24,4.3892e-19,2.1310e-19
3.48358,355.91,6.5356e-19,2.7716e-25,9.6590e-27,2.3501e-27,2.6515e-25,2.2777e-22,9.9311e-25,4.4147e-24,4.3656e-19,2.1677e-19
3.48495,355.77,6.5491e-19,2.6975e-25,1.0020e-26,2.2984e-27,2.5743e-25,2.2234e-22,9.8053e-25,4.2282e-24,4.3418e-19,2.2050e-19
3.48633,355.63,6.5630e-19,2.6240e-25,1.0386e-26,2.2469e-27,2.4976e-25,2.1703e-22,9.6808e-25,4.0482e-24,4.3180e-19,2.2428e-19
3.48770,355.49,6.5772e-19,2.5511e-25,1.0755e-26,2.1957e-27,2.4216e-25,2.1183e-22,9.5576e-25,3.8746e-24,4.2940e-19,2.2811e-19
3.48908,355.35,6.5919e-19,2.4788e-25,1.1128e-26,2.1447e-27,2.3461e-25,2.0675e-22,9.4358e-25,3.7072e-24,4.2698e-19,2.3199e-19
3.49045,355.21,6.6070e-19,2.4073e-25,1.1504e-26,2.0941e-27,2.2713e-25,2.0177e-22,9.3153e-25,3.5458e-24,4.2456e-19,2.3593e-19
3.49183,355.07,6.6225e-19,2.3365e-25,1.1883e-26,2.0437e-27,2.1973e-25,1.9690e-22,9.1961e-25,3.3902e-24,4.2212e-19,2.3992e-19
3.49321,354.93,6.6385e-19,2.2666e-25,1.2264e-26,1.9937e-27,2.1240e-25,1.9214e-22,9.0781e-25,3.2402e-24,4.1968e-19,2.4397e-19
3.49458,354.79,6.6549e-19,2.1974e-25,1.2648e-26,1.9440e-27,2.0515e-25,1.8748e-22,8.9614e-25,3.0958e-24,4.1722e-19,2.4807e-19
3.49596,354.65,6.6717e-19,2.1291e-25,1.3032e-26,1.8946e-27,1.9798e-25,1.8292e-22,8.8460e-25,2.9567e-24,4.1476e-19,2.5223e-19
3.49733,354.51,6.6890e-19,2.0617e-25,1.3418e-26,1.8457e-27,1.9091e-25,1.7847e-22,8.7318e-25,2.8228e-24,4.1228e-19,2.5644e-19
3.49871,354.37,6.7068e-19,1.9953e-25,1.3805e-26,1.7971e-27,1.8392e-25,1.7411e-22,8.6189e-25,2.6939e-24,4.0980e-19,2.6071e-19
3.50008,354.23,6.7251e-19,1.9298e-25,1.4192e-26,1.7489e-27,1.7704e-25,1.6985e-22,8.5072e-25,2.5698e-24,4.0730e-19,2.6503e-19
3.50146,354.09,6.7438e-19,1.8653e-25,1.4580e-26,1.7012e-27,1.7025e-25,1.6568e-22,8.3967e-25,2.4506e-24,4.0480e-19,2.6942e-19
3.50283,353.95,6.7631e-19,1.8019e-25,1.4966e-26,1.6539e-27,1.6357e-25,1.6161e-22,8.2874e-25,2.3359e-24,4.0229e-19,2.7385e-19
3.50421,353.81,6.7828e-19,1.7396e-25,1.5352e-26,1.6070e-27,1.5700e-25,1.5763e-22,8.1792e-25,2.2256e-24,3.9977e-19,2.7835e-19
3.50559,353.68,6.8031e-19,1.6783e-25,1.5737e-26,1.5607e-27,1.5054e-25,1.5374e-22,8.0723e-25,2.1196e-24,3.9724e-19,2.8291e-19
3.50696,353.54,6.8238e-19,1.6183e-25,1.6119e-26,1.5148e-27,1.4419e-25,1.4994e-22,7.9665e-25,2.0179e-24,3.9471e-19,2.8752e-19
3.50834,353.40,6.8451e-19,1.5593e-25,1.6500e-26,1.4694e-27,1.3796e-25,1.4622e-22,7.8619e-25,1.9202e-24,3.9217e-19,2.9219e-19
3.50971,353.26,6.8669e-19,1.5016e-25,1.6878e-26,1.4245e-27,1.3186e-25,1.4259e-22,7.7583e-25,1.8264e-24,3.8963e-19,2.9692e-19
3.51109,353.12,6.8893e-19,1.4451e-25,1.7253e-26,1.3802e-27,1.2588e-25,1.3904e-22,7.6560e-25,1.7364e-24,3.8708e-19,3.0171e-19
3.51246,352.98,6.9122e-19,1.3899e-25,1.7624e-26,1.3364e-27,1.2003e-25,1.3557e-22,7.5547e-25,1.6500e-24,3.8452e-19,3.0656e-19
3.51384,352.85,6.9357e-19,1.3359e-25,1.7992e-26,1.2932e-27,1.1431e-25,1.3218e-22,7.4546e-25,1.5673e-24,3.8196e-19,3.1147e-19
3.51521,352.71,6.9597e-19,1.2832e-25,1.8355e-26,1.2506e-27,1.0872e-25,1.2887e-22,7.3555e-25,1.4879e-24,3.7939e-19,3.1645e-19
3.51659,352.57,6.9843e-19,1.2319e-25,1.8714e-26,1.2086e-27,1.0326e-25,1.2564e-22,7.2575e-25,1.4120e-24,3.7682e-19,3.2148e-19
3.51797,352.43,7.0094e-19,1.1819e-25,1.9068e-26,1.1672e-27,9.7950e-26,1.2248e-22,7.1606e-25,1.3392e-24,3.7424e-19,3.2657e-19
3.51934,352.29,7.0351e-19,1.1332e-25,1.9416e-26,1.1264e-27,9.2776e-26,1.1940e-22,7.0648e-25,1.2696e-24,3.7166e-19,3.3173e-19
3.52072,352.16,7.0615e-19,1.0859e-25,1.9758e-26,1.0863e-27,8.7744e-26,1.1639e-22,6.9700e-25,1.2029e-24,3.6908e-19,3.3694e-19
3.52209,352.02,7.0884e-19,1.0400e-25,2.0094e-26,1.0468e-27,8.2856e-26,1.1345e-22,6.8762e-25,1.1392e-24,3.6650e-19,3.4222e-19
3.52347,351.88,7.1159e-19,9.9545e-26,2.0423e-26,1.0080e-27,7.8113e-26,1.1058e-22,6.7835e-25,1.0783e-24,3.6391e-19,3.4757e-19
3.52484,351.74,7.1440e-19,9.5234e-26,2.0746e-26,9.6981e-28,7.3519e-26,1.0778e-22,6.6918e-25,1.0201e-24,3.6132e-19,3.5297e-19
3.52622,351.61,7.1727e-19,9.1066e-26,2.1060e-26,9.3237e-28,6.9073e-26,1.0505e-22,6.6011e-25,9.6455e-25,3.5873e-19,3.5844e-19
3.52759,351.47,7.2021e-19,8.7041e-26,2.1368e-26,8.9562e-28,6.4778e-26,1.0238e-22,6.5114e-25,9.1152e-25,3.5613e-19,3.6397e-19
3.52897,351.33,7.2320e-19,8.3160e-26,2.1667e-26,8.5960e-28,6.0634e-26,9.9778e-23,6.4227e-25,8.6094e-25,3.5353e-19,3.6957e-19
3.53035,351.20,7.2626e-19,7.9424e-26,2.1957e-26,8.2429e-28,5.6643e-26,9.7237e-23,6.3350e-25,8.1271e-25,3.5094e-19,3.7522e-19
3.53172,351.06,7.2938e-19,7.5833e-26,2.2239e-26,7.8973e-28,5.2805e-26,9.4758e-23,6.2483e-25,7.6676e-25,3.4834e-19,3.8095e-19
3.53310,350.92,7.3257e-19,7.2389e-26,2.2512e-26,7.5590e-28,4.9121e-26,9.2339e-23,6.1625e-25,7.2300e-25,3.4574e-19,3.8673e-19
3.53447,350.79,7.3582e-19,6.9090e-26,2.2775e-26,7.2284e-28,4.5592e-26,8.9979e-23,6.0776e-25,6.8136e-25,3.4314e-19,3.9259e-19
3.53585,350.65,7.3914e-19,6.5938e-26,2.3029e-26,6.9053e-28,4.2219e-26,8.7678e-23,5.9937e-25,6.4174e-25,3.4055e-19,3.9850e-19
3.53722,350.51,7.4252e-19,6.2932e-26,2.3272e-26,6.5900e-28,3.9001e-26,8.5433e-23,5.9108e-25,6.0409e-25,3.3795e-19,4.0448e-19
3.53860,350.38,7.4597e-19,6.0073e-26,2.3506e-26,6.2825e-28,3.5939e-26,8.3243e-23,5.8287e-25,5.6832e-25,3.3535e-19,4.1053e-19
3.53997,350.24,7.4948e-19,5.7359e-26,2.3728e-26,5.9829e-28,3.3033e-26,8.1108e-23,5.7476e-25,5.3437e-25,3.3276e-19,4.1664e-19
3.54135,350.10,7.5306e-19,5.4791e-26,2.3940e-26,5.6913e-28,3.0282e-26,7.9026e-23,5.6674e-25,5.0216e-25,3.3016e-19,4.2282e-19
3.54273,349.97,7.5671e-19,5.2368e-26,2.4141e-26,5.4077e-28,2.7686e-26,7.6996e-23,5.5880e-25,4.7163e-25,3.2757e-19,4.2906e-19
3.54410,349.83,7.6043e-19,5.0088e-26,2.4330e-26,5.1323e-28,2.5245e-26,7.5017e-23,5.5096e-25,4.4270e-25,3.2498e-19,4.3537e-19
3.54548,349.70,7.6421e-19,4.7952e-26,2.4508e-26,4.8650e-28,2.2958e-26,7.3088e-23,5.4320e-25,4.1533e-25,3.2239e-19,4.4175e-19
3.54685,349.56,7.6807e-19,4.5958e-26,2.4674e-26,4.6059e-28,2.0823e-26,7.1208e-23,5.3553e-25,3.8944e-25,3.1981e-19,4.4819e-19
3.54823,349.43,7.7199e-19,4.4104e-26,2.4828e-26,4.3552e-28,1.8841e-26,6.9375e-23,5.2795e-25,3.6497e-25,3.1723e-19,4.5469e-19
3.54960,349.29,7.7598e-19,4.2390e-26,2.4970e-26,4.1127e-28,1.7009e-26,6.7589e-23,5.2045e-25,3.4187e-25,3.1465e-19,4.6127e-19
3.55098,349.15,7.8005e-19,4.0814e-26,2.5099e-26,3.8787e-28,1.5327e-26,6.5849e-23,5.1303e-25,3.2008e-25,3.1207e-19,4.6791e-19
3.55236,349.02,7.8418e-19,3.9375e-26,2.5216e-26,3.6530e-28,1.3793e-26,6.4153e-23,5.0570e-25,2.9955e-25,3.0950e-19,4.7461e-19
3.55373,348.88,7.8838e-19,3.8070e-26,2.5321e-26,3.4358e-28,1.2406e-26,6.2501e-23,4.9845e-25,2.8021e-25,3.0693e-19,4.8138e-19
3.55511,348.75,7.9265e-19,3.6898e-26,2.5413e-26,3.2271e-28,1.1163e-26,6.0891e-23,4.9129e-25,2.6202e-25,3.0437e-19,4.8822e-19
3.55648,348.61,7.9700e-19,3.5858e-26,2.5492e-26,3.0268e-28,1.0064e-26,5.9323e-23,4.8420e-25,2.4493e-25,3.0181e-19,4.9513e-19
3.55786,348.48,8.0142e-19,3.4947e-26,2.5558e-26,2.8350e-28,9.1055e-27,5.7796e-23,4.7719e-25,2.2889e-25,2.9926e-19,5.0210e-19
3.55923,348.35,8.0590e-19,3.4162e-26,2.5611e-26,2.6518e-28,8.2865e-27,5.6309e-23,4.7027e-25,2.1385e-25,2.9671e-19,5.0914e-19
3.56061,348.21,8.1046e-19,3.3503e-26,2.5650e-26,2.4770e-28,7.6046e-27,5.4860e-23,4.6342e-25,1.9977e-25,2.9416e-19,5.1625e-19
3.56198,348.08,8.1510e-19,3.2966e-26,2.5677e-26,2.3107e-28,7.0576e-27,5.3450e-23,4.5665e-25,1.8660e-25,2.9162e-19,5.2342e-19
3.56336,347.94,8.1980e-19,3.2549e-26,2.5691e-26,2.1529e-28,6.6432e-27,5.2077e-23,4.4996e-25,1.7429e-25,2.8909e-19,5.3066e-19
3.56474,347.81,8.2458e-19,3.2250e-26,2.5691e-26,2.0036e-28,6.3588e-27,5.0740e-23,4.4334e-25,1.6282e-25,2.8657e-19,5.3796e-19
3.56611,347.67,8.2943e-19,3.2067e-26,2.5678e-26,1.8627e-28,6.2019e-27,4.9438e-23,4.3680e-25,1.5212e-25,2.8405e-19,5.4533e-19
3.56749,347.54,8.3435e-19,3.1995e-26,2.5652e-26,1.7302e-28,6.1697e-27,4.8171e-23,4.3034e-25,1.4218e-25,2.8153e-19,5.5277e-19
3.56886,347.41,8.3935e-19,3.2033e-26,2.5613e-26,1.6062e-28,6.2595e-27,4.6937e-23,4.2395e-25,1.3294e-25,2.7903e-19,5.6028e-19
3.57024,347.27,8.4442e-19,3.2178e-26,2.5561e-26,1.4905e-28,6.4684e-27,4.5737e-23,4.1763e-25,1.2438e-25,2.7653e-19,5.6785e-19
3.57161,347.14,8.4956e-19,3.2427e-26,2.5495e-26,1.3832e-28,6.7931e-27,4.4569e-23,4.1139e-25,1.1646e-25,2.7404e-19,5.7548e-19
3.57299,347.00,8.5478e-19,3.2776e-26,2.5417e-26,1.2841e-28,7.2308e-27,4.3432e-23,4.0521e-25,1.0913e-25,2.7155e-19,5.8319e-19
3.57436,346.87,8.6007e-19,3.3223e-26,2.5325e-26,1.1934e-28,7.7779e-27,4.2326e-23,3.9911e-25,1.0238e-25,2.6907e-19,5.9095e-19
3.57574,346.74,8.6544e-19,3.3764e-26,2.5221e-26,1.1108e-28,8.4314e-27,4.1250e-23,3.9308e-25,9.6169e-26,2.6661e-19,5.9879e-19
3.57712,346.60,8.7088e-19,3.4395e-26,2.5104e-26,1.0364e-28,9.1876e-27,4.0202e-23,3.8712e-25,9.0465e-26,2.6415e-19,6.0669e-19
3.57849,346.47,8.7639e-19,3.5115e-26,2.4974e-26,9.7012e-29,1.0043e-26,3.9184e-23,3.8123e-25,8.5239e-26,2.6169e-19,6.1465e-19
3.57987,346.34,8.8197e-19,3.5918e-26,2.4832e-26,9.1185e-29,1.0995e-26,3.8193e-23,3.7541e-25,8.0464e-26,2.5925e-19,6.2268e-19
3.58124,346.20,8.8763e-19,3.6802e-26,2.4678e-26,8.6154e-29,1.2038e-26,3.7229e-23,3.6966e-25,7.6112e-26,2.5682e-19,6.3078e-19
3.58262,346.07,8.9337e-19,3.7763e-26,2.4511e-26,8.1912e-29,1.3171e-26,3.6292e-23,3.6397e-25,7.2156e-26,2.5439e-19,6.3894e-19
3.58399,345.94,8.9917e-19,3.8799e-26,2.4332e-26,7.8449e-29,1.4388e-26,3.5380e-23,3.5835e-25,6.8572e-26,2.5197e-19,6.4716e-19
3.58537,345.81,9.0505e-19,3.9904e-26,2.4142e-26,7.5758e-29,1.5686e-26,3.4494e-23,3.5280e-25,6.5335e-26,2.4957e-19,6.5545e-19
3.58674,345.67,9.1100e-19,4.1076e-26,2.3940e-26,7.3828e-29,1.7062e-26,3.3632e-23,3.4732e-25,6.2422e-26,2.4717e-19,6.6380e-19
3.58812,345.54,9.1703e-19,4.2311e-26,2.3727e-26,7.2651e-29,1.8512e-26,3.2793e-23,3.4190e-25,5.9810e-26,2.4478e-19,6.7221e-19
3.58950,345.41,9.2313e-19,4.3606e-26,2.3502e-26,7.2216e-29,2.0032e-26,3.1978e-23,3.3654e-25,5.7479e-26,2.4241e-19,6.8069e-19
3.59087,345.28,9.2930e-19,4.4957e-26,2.3267e-26,7.2513e-29,2.1617e-26,3.1186e-23,3.3125e-25,5.5406e-26,2.4004e-19,6.8923e-19
3.59225,345.14,9.3554e-19,4.6360e-26,2.3021e-26,7.3530e-29,2.3266e-26,3.0416e-23,3.2602e-25,5.3574e-26,2.3769e-19,6.9783e-19
3.59362,345.01,9.4186e-19,4.7812e-26,2.2765e-26,7.5257e-29,2.4972e-26,2.9667e-23,3.2085e-25,5.1962e-26,2.3534e-19,7.0649e-19
3.59500,344.88,9.4825e-19,4.9310e-26,2.2499e-26,7.7683e-29,2.6733e-26,2.8940e-23,3.1575e-25,5.0553e-26,2.3300e-19,7.1521e-19
3.59637,344.75,9.5471e-19,5.0849e-26,2.2223e-26,8.0795e-29,2.8545e-26,2.8233e-23,3.1071e-25,4.9330e-26,2.3068e-19,7.2400e-19
3.59775,344.62,9.6124e-19,5.2425e-26,2.1937e-26,8.4582e-29,3.0403e-26,2.7545e-23,3.0573e-25,4.8276e-26,2.2837e-19,7.3284e-19
3.59912,344.48,9.6784e-19,5.4036e-26,2.1643e-26,8.9031e-29,3.2304e-26,2.6877e-23,3.0081e-25,4.7376e-26,2.2607e-19,7.4174e-19
3.60050,344.35,9.7451e-19,5.5678e-26,2.1339e-26,9.4130e-29,3.4244e-26,2.6228e-23,2.9595e-25,4.6614e-26,2.2378e-19,7.5071e-19
3.60188,344.22,9.8125e-19,5.7346e-26,2.1027e-26,9.9866e-29,3.6219e-26,2.5598e-23,2.9115e-25,4.5978e-26,2.2150e-19,7.5973e-19
3.60325,344.09,9.8806e-19,5.9038e-26,2.0707e-26,1.0623e-28,3.8224e-26,2.4985e-23,2.8640e-25,4.5452e-26,2.1923e-19,7.6880e-19
3.60463,343.96,9.9494e-19,6.0749e-26,2.0379e-26,1.1320e-28,4.0257e-26,2.4390e-23,2.8172e-25,4.5026e-26,2.1698e-19,7.7794e-19
3.60600,343.83,1.0019e-18,6.2476e-26,2.0044e-26,1.2076e-28,4.2312e-26,2.3812e-23,2.7710e-25,4.4686e-26,2.1473e-19,7.8713e-19
3.60738,343.70,1.0089e-18,6.4216e-26,1.9701e-26,1.2891e-28,4.4386e-26,2.3250e-23,2.7253e-25,4.4421e-26,2.1250e-19,7.9638e-19
3.60875,343.57,1.0160e-18,6.5965e-26,1.9352e-26,1.3763e-28,4.6475e-26,2.2704e-23,2.6802e-25,4.4221e-26,2.1028e-19,8.0568e-19
3.61013,343.43,1.0231e-18,6.7719e-26,1.8996e-26,1.4690e-28,4.8576e-26,2.2174e-23,2.6357e-25,4.4076e-26,2.0808e-19,8.1504e-19
3.61150,343.30,1.0304e-18,6.9475e-26,1.8634e-26,1.5671e-28,5.0685e-26,2.1660e-23,2.5917e-25,4.3976e-26,2.0588e-19,8.2445e-19
3.61288,343.17,1.0376e-18,7.1230e-26,1.8267e-26,1.6704e-28,5.2797e-26,2.1160e-23,2.5483e-25,4.3911e-26,2.0370e-19,8.3391e-19
3.61426,343.04,1.0450e-18,7.2981e-26,1.7894e-26,1.7787e-28,5.4909e-26,2.0674e-23,2.5054e-25,4.3875e-26,2.0153e-19,8.4343e-19
3.61563,342.91,1.0524e-18,7.4724e-26,1.7517e-26,1.8919e-28,5.7018e-26,2.0203e-23,2.4631e-25,4.3859e-26,1.9938e-19,8.5300e-19
3.61701,342.78,1.0599e-18,7.6457e-26,1.7135e-26,2.0099e-28,5.9120e-26,1.9745e-23,2.4213e-25,4.3855e-26,1.9724e-19,8.6261e-19
3.61838,342.65,1.0674e-18,7.8175e-26,1.6750e-26,2.1324e-28,6.1212e-26,1.9300e-23,2.3801e-25,4.3858e-26,1.9511e-19,8.7228e-19
3.61976,342.52,1.0750e-18,7.9877e-26,1.6360e-26,2.2593e-28,6.3290e-26,1.8869e-23,2.3394e-25,4.3861e-26,1.9299e-19,8.8200e-19
3.62113,342.39,1.0827e-18,8.1559e-26,1.5968e-26,2.3904e-28,6.5352e-26,1.8450e-23,2.2992e-25,4.3858e-26,1.9089e-19,8.9176e-19
3.62251,342.26,1.0904e-18,8.3218e-26,1.5573e-26,2.5256e-28,6.7392e-26,1.8043e-23,2.2595e-25,4.3845e-26,1.8880e-19,9.0157e-19
3.62388,342.13,1.0982e-18,8.4852e-26,1.5176e-26,2.6647e-28,6.9410e-26,1.7648e-23,2.2204e-25,4.3815e-26,1.8672e-19,9.1143e-19
3.62526,342.00,1.1060e-18,8.6458e-26,1.4776e-26,2.8075e-28,7.1401e-26,1.7265e-23,2.1818e-25,4.3766e-26,1.8466e-19,9.2134e-19
3.62664,341.87,1.1139e-18,8.8032e-26,1.4375e-26,2.9539e-28,7.3362e-26,1.6893e-23,2.1437e-25,4.3694e-26,1.8261e-19,9.3128e-19
3.62801,341.74,1.1219e-18,8.9574e-26,1.3973e-26,3.1036e-28,7.5290e-26,1.6532e-23,2.1061e-25,4.3594e-26,1.8057e-19,9.4128e-19
3.62939,341.61,1.1299e-18,9.1079e-26,1.3571e-26,3.2565e-28,7.7183e-26,1.6182e-23,2.0690e-25,4.3463e-26,1.7855e-19,9.5131e-19
3.63076,341.48,1.1379e-18,9.2546e-26,1.3168e-26,3.4125e-28,7.9037e-26,1.5842e-23,2.0323e-25,4.3300e-26,1.7654e-19,9.6138e-19
3.63214,341.35,1.1461e-18,9.3972e-26,1.2765e-26,3.5714e-28,8.0850e-26,1.5512e-23,1.9962e-25,4.3102e-26,1.7454e-19,9.7150e-19
3.63351,341.22,1.1542e-18,9.5355e-26,1.2363e-26,3.7329e-28,8.2619e-26,1.5192e-23,1.9606e-25,4.2866e-26,1.7256e-19,9.8166e-19
3.63489,341.09,1.1625e-18,9.6693e-26,1.1962e-26,3.8969e-28,8.4341e-26,1.4881e-23,1.9255e-25,4.2591e-26,1.7060e-19,9.9185e-19
3.63627,340.97,1.1707e-18,9.7983e-26,1.1562e-26,4.0633e-28,8.6015e-26,1.4580e-23,1.8908e-25,4.2277e-26,1.6864e-19,1.0021e-18
3.63764,340.84,1.1791e-18,9.9224e-26,1.1164e-26,4.2319e-28,8.7637e-26,1.4288e-23,1.8566e-25,4.1921e-26,1.6670e-19,1.0123e-18
3.63902,340.71,1.1874e-18,1.0041e-25,1.0768e-26,4.4024e-28,8.9205e-26,1.4004e-23,1.8229e-25,4.1523e-26,1.6478e-19,1.0227e-18
3.64039,340.58,1.1959e-18,1.0155e-25,1.0375e-26,4.5748e-28,9.0717e-26,1.3729e-23,1.7896e-25,4.1084e-26,1.6287e-19,1.0330e-18
3.64177,340.45,1.2043e-18,1.0263e-25,9.9849e-27,4.7488e-28,9.2172e-26,1.3462e-23,1.7569e-25,4.0602e-26,1.6097e-19,1.0434e-18
3.64314,340.32,1.2129e-18,1.0366e-25,9.5982e-27,4.9242e-28,9.3567e-26,1.3203e-23,1.7245e-25,4.0078e-26,1.5909e-19,1.0538e-18
3.64452,340.19,1.2214e-18,1.0463e-25,9.2152e-27,5.1009e-28,9.4900e-26,1.2952e-23,1.6927e-25,3.9512e-26,1.5722e-19,1.0642e-18
3.64589,340.07,1.2300e-18,1.0553e-25,8.8364e-27,5.2787e-28,9.6171e-26,1.2709e-23,1.6612e-25,3.8905e-26,1.5537e-19,1.0746e-18
3.64727,339.94,1.2387e-18,1.0638e-25,8.4622e-27,5.4575e-28,9.7376e-26,1.2473e-23,1.6303e-25,3.8258e-26,1.5353e-19,1.0851e-18
3.64865,339.81,1.2474e-18,1.0717e-25,8.0928e-27,5.6370e-28,9.8515e-26,1.2244e-23,1.5998e-25,3.7572e-26,1.5171e-19,1.0956e-18
3.65002,339.68,1.2561e-18,1.0790e-25,7.7287e-27,5.8170e-28,9.9587e-26,1.2022e-23,1.5697e-25,3.6848e-26,1.4989e-19,1.1062e-18
3.65140,339.55,1.2649e-18,1.0856e-25,7.3703e-27,5.9975e-28,1.0059e-25,1.1807e-23,1.5400e-25,3.6088e-26,1.4810e-19,1.1167e-18
3.65277,339.42,1.2737e-18,1.0916e-25,7.0177e-27,6.1782e-28,1.0152e-25,1.1599e-23,1.5108e-25,3.5293e-26,1.4632e-19,1.1273e-18
3.65415,339.30,1.2825e-18,1.0969e-25,6.6714e-27,6.3590e-28,1.0239e-25,1.1397e-23,1.4820e-25,3.4464e-26,1.4455e-19,1.1379e-18
3.65552,339.17,1.2914e-18,1.1016e-25,6.3317e-27,6.5397e-28,1.0318e-25,1.1201e-23,1.4537e-25,3.3605e-26,1.4280e-19,1.1486e-18
3.65690,339.04,1.3003e-18,1.1056e-25,5.9989e-27,6.7201e-28,1.0389e-25,1.1011e-23,1.4257e-25,3.2716e-26,1.4106e-19,1.1592e-18
3.65827,338.91,1.3092e-18,1.1090e-25,5.6733e-27,6.9002e-28,1.0454e-25,1.0827e-23,1.3982e-25,3.1801e-26,1.3934e-19,1.1699e-18
3.65965,338.79,1.3182e-18,1.1117e-25,5.3551e-27,7.0796e-28,1.0511e-25,1.0649e-23,1.3711e-25,3.0861e-26,1.3763e-19,1.1805e-18
3.66103,338.66,1.3272e-18,1.1137e-25,5.0448e-27,7.2583e-28,1.0560e-25,1.0476e-23,1.3444e-25,2.9899e-26,1.3593e-19,1.1912e-18
3.66240,338.53,1.3362e-18,1.1151e-25,4.7425e-27,7.4362e-28,1.0602e-25,1.0309e-23,1.3181e-25,2.8918e-26,1.3425e-19,1.2019e-18
3.66378,338.41,1.3452e-18,1.1158e-25,4.4485e-27,7.6130e-28,1.0637e-25,1.0147e-23,1.2922e-25,2.7919e-26,1.3259e-19,1.2126e-18
3.66515,338.28,1.3543e-18,1.1158e-25,4.1632e-27,7.7886e-28,1.0664e-25,9.9895e-24,1.2667e-25,2.6907e-26,1.3094e-19,1.2234e-18
3.66653,338.15,1.3634e-18,1.1152e-25,3.8866e-27,7.9629e-28,1.0683e-25,9.8374e-24,1.2416e-25,2.5883e-26,1.2930e-19,1.2341e-18
3.66790,338.02,1.3725e-18,1.1138e-25,3.6191e-27,8.1357e-28,1.0695e-25,9.6901e-24,1.2169e-25,2.4850e-26,1.2768e-19,1.2448e-18
3.66928,337.90,1.3817e-18,1.1119e-25,3.3609e-27,8.3069e-28,1.0699e-25,9.5474e-24,1.1925e-25,2.3812e-26,1.2607e-19,1.2556e-18
3.67065,337.77,1.3908e-18,1.1092e-25,3.1122e-27,8.4763e-28,1.0696e-25,9.4092e-24,1.1686e-25,2.2771e-26,1.2448e-19,1.2663e-18
3.67203,337.64,1.4000e-18,1.1059e-25,2.8732e-27,8.6438e-28,1.0686e-25,9.2754e-24,1.1450e-25,2.1729e-26,1.2290e-19,1.2771e-18
3.67341,337.52,1.4092e-18,1.1020e-25,2.6440e-27,8.8092e-28,1.0668e-25,9.1458e-24,1.1218e-25,2.0691e-26,1.2133e-19,1.2878e-18
3.67478,337.39,1.4183e-18,1.0974e-25,2.4250e-27,8.9724e-28,1.0642e-25,9.0204e-24,1.0990e-25,1.9660e-26,1.1978e-19,1.2986e-18
3.67616,337.27,1.4275e-18,1.0922e-25,2.2161e-27,9.1333e-28,1.0610e-25,8.8990e-24,1.0766e-25,1.8637e-26,1.1825e-19,1.3093e-18
3.67753,337.14,1.4368e-18,1.0864e-25,2.0176e-27,9.2917e-28,1.0570e-25,8.7814e-24,1.0545e-25,1.7626e-26,1.1673e-19,1.3200e-18
3.67891,337.01,1.4460e-18,1.0800e-25,1.8296e-27,9.4476e-28,1.0523e-25,8.6677e-24,1.0328e-25,1.6631e-26,1.1522e-19,1.3307e-18
3.68028,336.89,1.4552e-18,1.0730e-25,1.6522e-27,9.6007e-28,1.0469e-25,8.5576e-24,1.0114e-25,1.5653e-26,1.1373e-19,1.3415e-18
3.68166,336.76,1.4644e-18,1.0654e-25,1.4855e-27,9.7511e-28,1.0408e-25,8.4510e-24,9.9040e-26,1.4697e-26,1.1225e-19,1.3522e-18
3.68303,336.64,1.4737e-18,1.0572e-25,1.3295e-27,9.8984e-28,1.0340e-25,8.3479e-24,9.6974e-26,1.3764e-26,1.1078e-19,1.3629e-18
3.68441,336.51,1.4829e-18,1.0485e-25,1.1845e-27,1.0043e-27,1.0266e-25,8.2480e-24,9.4943e-26,1.2859e-26,1.0933e-19,1.3735e-18
3.68579,336.38,1.4921e-18,1.0392e-25,1.0504e-27,1.0184e-27,1.0185e-25,8.1515e-24,9.2945e-26,1.1983e-26,1.0790e-19,1.3842e-18
3.68716,336.26,1.5013e-18,1.0294e-25,9.2729e-28,1.0322e-27,1.0098e-25,8.0580e-24,9.0982e-26,1.1139e-26,1.0647e-19,1.3948e-18
3.68854,336.13,1.5105e-18,1.0191e-25,8.1522e-28,1.0456e-27,1.0005e-25,7.9676e-24,8.9052e-26,1.0332e-26,1.0506e-19,1.4055e-18
3.68991,336.01,1.5198e-18,1.0082e-25,7.1421e-28,1.0588e-27,9.9051e-26,7.8801e-24,8.7156e-26,9.5615e-27,1.0367e-19,1.4161e-18
3.69129,335.88,1.5290e-18,9.9693e-26,6.2427e-28,1.0715e-27,9.7997e-26,7.7954e-24,8.5292e-26,8.8322e-27,1.0229e-19,1.4267e-18
3.69266,335.76,1.5381e-18,9.8514e-26,5.4542e-28,1.0839e-27,9.6885e-26,7.7135e-24,8.3461e-26,8.1461e-27,1.0092e-19,1.4372e-18
3.69404,335.63,1.5473e-18,9.7290e-26,4.7765e-28,1.0959e-27,9.5717e-26,7.6343e-24,8.1662e-26,7.5057e-27,9.9572e-20,1.4477e-18
3.69541,335.51,1.5565e-18,9.6023e-26,4.2093e-28,1.1076e-27,9.4495e-26,7.5576e-24,7.9894e-26,6.9135e-27,9.8233e-20,1.4582e-18
3.69679,335.38,1.5656e-18,9.4714e-26,3.7524e-28,1.1188e-27,9.3220e-26,7.4834e-24,7.8158e-26,6.3716e-27,9.6908e-20,1.4687e-18
3.69817,335.26,1.5748e-18,9.3366e-26,3.4053e-28,1.1297e-27,9.1895e-26,7.4116e-24,7.6453e-26,5.8825e-27,9.5596e-20,1.4792e-18
3.69954,335.13,1.5839e-18,9.1979e-26,3.1675e-28,1.1401e-27,9.0522e-26,7.3421e-24,7.4779e-26,5.4482e-27,9.4298e-20,1.4896e-18
3.70092,335.01,1.5929e-18,9.0557e-26,3.0381e-28,1.1502e-27,8.9103e-26,7.2749e-24,7.3135e-26,5.0708e-27,9.3014e-20,1.4999e-18
3.70229,334.88,1.6020e-18,8.9101e-26,3.0164e-28,1.1598e-27,8.7640e-26,7.2098e-24,7.1521e-26,4.7523e-27,9.1743e-20,1.5103e-18
3.70367,334.76,1.6110e-18,8.7614e-26,3.1015e-28,1.1690e-27,8.6134e-26,7.1468e-24,6.9936e-26,4.4945e-27,9.0486e-20,1.5205e-18
3.70504,334.64,1.6200e-18,8.6097e-26,3.2921e-28,1.1778e-27,8.4590e-26,7.0858e-24,6.8381e-26,4.2992e-27,8.9242e-20,1.5308e-18
3.70642,334.51,1.6290e-18,8.4552e-26,3.5870e-28,1.1861e-27,8.3007e-26,7.0267e-24,6.6855e-26,4.1680e-27,8.8011e-20,1.5410e-18
3.70779,334.39,1.6380e-18,8.2982e-26,3.9849e-28,1.1940e-27,8.1390e-26,6.9695e-24,6.5357e-26,4.1024e-27,8.6793e-20,1.5512e-18
3.70917,334.26,1.6469e-18,8.1389e-26,4.4842e-28,1.2015e-27,7.9740e-26,6.9140e-24,6.3887e-26,4.1040e-27,8.5589e-20,1.5613e-18
3.71055,334.14,1.6557e-18,7.9776e-26,5.0835e-28,1.2085e-27,7.8059e-26,6.8603e-24,6.2445e-26,4.1739e-27,8.4397e-20,1.5713e-18
3.71192,334.02,1.6646e-18,7.8143e-26,5.7809e-28,1.2150e-27,7.6350e-26,6.8082e-24,6.1030e-26,4.3133e-27,8.3219e-20,1.5813e-18
3.71330,333.89,1.6734e-18,7.6494e-26,6.5747e-28,1.2211e-27,7.4615e-26,6.7577e-24,5.9643e-26,4.5235e-27,8.2053e-20,1.5913e-18
3.71467,333.77,1.6821e-18,7.4830e-26,7.4630e-28,1.2268e-27,7.2857e-26,6.7087e-24,5.8282e-26,4.8052e-27,8.0900e-20,1.6012e-18
3.71605,333.65,1.6908e-18,7.3154e-26,8.4437e-28,1.2320e-27,7.1078e-26,6.6611e-24,5.6948e-26,5.1594e-27,7.9761e-20,1.6111e-18
3.71742,333.52,1.6995e-18,7.1468e-26,9.5148e-28,1.2367e-27,6.9280e-26,6.6150e-24,5.5640e-26,5.5867e-27,7.8633e-20,1.6208e-18
3.71880,333.40,1.7081e-18,6.9774e-26,1.0674e-27,1.2409e-27,6.7466e-26,6.5701e-24,5.4357e-26,6.0878e-27,7.7519e-20,1.6306e-18
3.72018,333.28,1.7167e-18,6.8075e-26,1.1919e-27,1.2447e-27,6.5638e-26,6.5265e-24,5.3100e-26,6.6632e-27,7.6417e-20,1.6402e-18
3.72155,333.15,1.7252e-18,6.6371e-26,1.3248e-27,1.2481e-27,6.3798e-26,6.4841e-24,5.1868e-26,7.3130e-27,7.5327e-20,1.6499e-18
3.72293,333.03,1.7336e-18,6.4666e-26,1.4659e-27,1.2509e-27,6.1949e-26,6.4429e-24,5.0661e-26,8.0377e-27,7.4250e-20,1.6594e-18
3.72430,332.91,1.7421e-18,6.2962e-26,1.6148e-27,1.2533e-27,6.0094e-26,6.4027e-24,4.9478e-26,8.8373e-27,7.3185e-20,1.6689e-18
3.72568,332.78,1.7504e-18,6.1260e-26,1.7713e-27,1.2552e-27,5.8233e-26,6.3635e-24,4.8318e-26,9.7118e-27,7.2133e-20,1.6783e-18
3.72705,332.66,1.7587e-18,5.9563e-26,1.9352e-27,1.2567e-27,5.6371e-26,6.3253e-24,4.7183e-26,1.0661e-26,7.1092e-20,1.6876e-18
3.72843,332.54,1.7669e-18,5.7873e-26,2.1061e-27,1.2577e-27,5.4509e-26,6.2881e-24,4.6071e-26,1.1685e-26,7.0064e-20,1.6969e-18
3.72980,332.41,1.7751e-18,5.6192e-26,2.2839e-27,1.2582e-27,5.2650e-26,6.2516e-24,4.4981e-26,1.2782e-26,6.9048e-20,1.7061e-18
3.73118,332.29,1.7832e-18,5.4522e-26,2.4682e-27,1.2583e-27,5.0796e-26,6.2160e-24,4.3915e-26,1.3954e-26,6.8043e-20,1.7152e-18
3.73256,332.17,1.7912e-18,5.2866e-26,2.6587e-27,1.2579e-27,4.8949e-26,6.1812e-24,4.2870e-26,1.5198e-26,6.7051e-20,1.7242e-18
3.73393,332.05,1.7992e-18,5.1225e-26,2.8552e-27,1.2570e-27,4.7112e-26,6.1470e-24,4.1848e-26,1.6515e-26,6.6070e-20,1.7331e-18
3.73531,331.93,1.8071e-18,4.9601e-26,3.0573e-27,1.2557e-27,4.5288e-26,6.1135e-24,4.0847e-26,1.7903e-26,6.5101e-20,1.7420e-18
3.73668,331.80,1.8150e-18,4.7996e-26,3.2647e-27,1.2540e-27,4.3477e-26,6.0806e-24,3.9868e-26,1.9361e-26,6.4143e-20,1.7508e-18
3.73806,331.68,1.8227e-18,4.6412e-26,3.4771e-27,1.2518e-27,4.1683e-26,6.0482e-24,3.8909e-26,2.0889e-26,6.3197e-20,1.7595e-18
3.73943,331.56,1.8304e-18,4.4851e-26,3.6941e-27,1.2491e-27,3.9907e-26,6.0163e-24,3.7971e-26,2.2485e-26,6.2262e-20,1.7681e-18
3.74081,331.44,1.8380e-18,4.3314e-26,3.9156e-27,1.2460e-27,3.8153e-26,5.9849e-24,3.7054e-26,2.4148e-26,6.1339e-20,1.7767e-18
3.74218,331.32,1.8455e-18,4.1804e-26,4.1410e-27,1.2424e-27,3.6421e-26,5.9540e-24,3.6156e-26,2.5876e-26,6.0426e-20,1.7851e-18
3.74356,331.19,1.8530e-18,4.0322e-26,4.3702e-27,1.2385e-27,3.4713e-26,5.9234e-24,3.5278e-26,2.7669e-26,5.9525e-20,1.7934e-18
3.74494,331.07,1.8603e-18,3.8870e-26,4.6027e-27,1.2341e-27,3.3033e-26,5.8931e-24,3.4420e-26,2.9523e-26,5.8635e-20,1.8017e-18
3.74631,330.95,1.8676e-18,3.7448e-26,4.8382e-27,1.2292e-27,3.1381e-26,5.8631e-24,3.3580e-26,3.1439e-26,5.7756e-20,1.8099e-18
3.74769,330.83,1.8748e-18,3.6060e-26,5.0765e-27,1.2240e-27,2.9759e-26,5.8333e-24,3.2760e-26,3.3414e-26,5.6888e-20,1.8179e-18
3.74906,330.71,1.8819e-18,3.4705e-26,5.3171e-27,1.2183e-27,2.8170e-26,5.8038e-24,3.1957e-26,3.5445e-26,5.6031e-20,1.8259e-18
3.75044,330.59,1.8889e-18,3.3386e-26,5.5598e-27,1.2123e-27,2.6614e-26,5.7744e-24,3.1173e-26,3.7532e-26,5.5184e-20,1.8338e-18
3.75181,330.46,1.8959e-18,3.2104e-26,5.8042e-27,1.2058e-27,2.5094e-26,5.7451e-24,3.0406e-26,3.9672e-26,5.4348e-20,1.8415e-18
3.75319,330.34,1.9027e-18,3.0860e-26,6.0499e-27,1.1989e-27,2.3611e-26,5.7159e-24,2.9657e-26,4.1863e-26,5.3523e-20,1.8492e-18
3.75456,330.22,1.9094e-18,2.9655e-26,6.2968e-27,1.1917e-27,2.2167e-26,5.6868e-24,2.8925e-26,4.4102e-26,5.2708e-20,1.8567e-18
3.75594,330.10,1.9161e-18,2.8491e-26,6.5443e-27,1.1841e-27,2.0763e-26,5.6577e-24,2.8210e-26,4.6388e-26,5.1903e-20,1.8642e-18
3.75732,329.98,1.9226e-18,2.7368e-26,6.7922e-27,1.1761e-27,1.9400e-26,5.6286e-24,2.7512e-26,4.8719e-26,5.1108e-20,1.8715e-18
3.75869,329.86,1.9291e-18,2.6289e-26,7.0402e-27,1.1677e-27,1.8081e-26,5.5994e-24,2.6830e-26,5.1091e-26,5.0324e-20,1.8788e-18
3.76007,329.74,1.9354e-18,2.5252e-26,7.2880e-27,1.1590e-27,1.6805e-26,5.5701e-24,2.6164e-26,5.3502e-26,4.9550e-20,1.8859e-18
3.76144,329.62,1.9417e-18,2.4261e-26,7.5351e-27,1.1499e-27,1.5576e-26,5.5407e-24,2.5513e-26,5.5950e-26,4.8785e-20,1.8929e-18
3.76282,329.50,1.9478e-18,2.3315e-26,7.7813e-27,1.1405e-27,1.4393e-26,5.5112e-24,2.4878e-26,5.8433e-26,4.8031e-20,1.8998e-18
3.76419,329.38,1.9539e-18,2.2416e-26,8.0263e-27,1.1307e-27,1.3259e-26,5.4815e-24,2.4258e-26,6.0946e-26,4.7287e-20,1.9066e-18
3.76557,329.26,1.9598e-18,2.1563e-26,8.2698e-27,1.1207e-27,1.2173e-26,5.4516e-24,2.3653e-26,6.3489e-26,4.6552e-20,1.9133e-18
3.76694,329.14,1.9656e-18,2.0759e-26,8.5113e-27,1.1103e-27,1.1137e-26,5.4214e-24,2.3063e-26,6.6058e-26,4.5826e-20,1.9198e-18
3.76832,329.02,1.9714e-18,2.0003e-26,8.7507e-27,1.0996e-27,1.0152e-26,5.3910e-24,2.2486e-26,6.8651e-26,4.5111e-20,1.9262e-18
3.76970,328.90,1.9770e-18,1.9295e-26,8.9877e-27,1.0886e-27,9.2191e-27,5.3603e-24,2.1924e-26,7.1264e-26,4.4405e-20,1.9326e-18
3.77107,328.78,1.9825e-18,1.8637e-26,9.2218e-27,1.0773e-27,8.3382e-27,5.3293e-24,2.1376e-26,7.3895e-26,4.3708e-20,1.9388e-18
3.77245,328.66,1.9879e-18,1.8029e-26,9.4528e-27,1.0657e-27,7.5102e-27,5.2980e-24,2.0841e-26,7.6540e-26,4.3020e-20,1.9448e-18
3.77382,328.54,1.9931e-18,1.7470e-26,9.6805e-27,1.0538e-27,6.7357e-27,5.2663e-24,2.0319e-26,7.9198e-26,4.2342e-20,1.9508e-18
3.77520,328.42,1.9983e-18,1.6961e-26,9.9045e-27,1.0417e-27,6.0152e-27,5.2343e-24,1.9810e-26,8.1865e-26,4.1672e-20,1.9566e-18
3.77657,328.30,2.0033e-18,1.6503e-26,1.0125e-26,1.0294e-27,5.3489e-27,5.2018e-24,1.9314e-26,8.4539e-26,4.1012e-20,1.9623e-18
3.77795,328.18,2.0082e-18,1.6095e-26,1.0341e-26,1.0168e-27,4.7372e-27,5.1689e-24,1.8830e-26,8.7215e-26,4.0360e-20,1.9679e-18
3.77932,328.06,2.0130e-18,1.5736e-26,1.0552e-26,1.0039e-27,4.1804e-27,5.1356e-24,1.8358e-26,8.9893e-26,3.9718e-20,1.9733e-18
3.78070,327.94,2.0177e-18,1.5428e-26,1.0759e-26,9.9090e-28,3.6786e-27,5.1019e-24,1.7898e-26,9.2567e-26,3.9084e-20,1.9786e-18
3.78208,327.82,2.0223e-18,1.5170e-26,1.0961e-26,9.7763e-28,3.2320e-27,5.0677e-24,1.7450e-26,9.5237e-26,3.8458e-20,1.9838e-18
3.78345,327.70,2.0267e-18,1.4962e-26,1.1157e-26,9.6417e-28,2.8404e-27,5.0330e-24,1.7014e-26,9.7898e-26,3.7842e-20,1.9889e-18
3.78483,327.58,2.0310e-18,1.4803e-26,1.1348e-26,9.5051e-28,2.5040e-27,4.9978e-24,1.6588e-26,1.0055e-25,3.7233e-20,1.9938e-18
3.78620,327.46,2.0352e-18,1.4693e-26,1.1534e-26,9.3667e-28,2.2227e-27,4.9621e-24,1.6173e-26,1.0318e-25,3.6633e-20,1.9986e-18
3.78758,327.34,2.0393e-18,1.4633e-26,1.1714e-26,9.2266e-28,1.9962e-27,4.9259e-24,1.5770e-26,1.0580e-25,3.6042e-20,2.0033e-18
3.78895,327.23,2.0432e-18,1.4620e-26,1.1887e-26,9.0849e-28,1.8244e-27,4.8892e-24,1.5376e-26,1.0840e-25,3.5458e-20,2.0078e-18
3.79033,327.11,2.0471e-18,1.4656e-26,1.2055e-26,8.9417e-28,1.7070e-27,4.8519e-24,1.4993e-26,1.1098e-25,3.4883e-20,2.0122e-18
3.79170,326.99,2.0507e-18,1.4739e-26,1.2216e-26,8.7970e-28,1.6436e-27,4.8141e-24,1.4620e-26,1.1353e-25,3.4316e-20,2.0164e-18
3.79308,326.87,2.0543e-18,1.4869e-26,1.2370e-26,8.6511e-28,1.6338e-27,4.7757e-24,1.4257e-26,1.1605e-25,3.3756e-20,2.0205e-18
3.79446,326.75,2.0577e-18,1.5045e-26,1.2518e-26,8.5039e-28,1.6770e-27,4.7368e-24,1.3903e-26,1.1854e-25,3.3205e-20,2.0245e-18
3.79583,326.63,2.0610e-18,1.5267e-26,1.2659e-26,8.3557e-28,1.7728e-27,4.6973e-24,1.3558e-26,1.2100e-25,3.2661e-20,2.0284e-18
3.79721,326.51,2.0642e-18,1.5533e-26,1.2792e-26,8.2064e-28,1.9204e-27,4.6573e-24,1.3223e-26,1.2343e-25,3.2125e-20,2.0321e-18
3.79858,326.40,2.0672e-18,1.5843e-26,1.2918e-26,8.0563e-28,2.1191e-27,4.6167e-24,1.2897e-26,1.2581e-25,3.1597e-20,2.0356e-18
3.79996,326.28,2.0701e-18,1.6196e-26,1.3037e-26,7.9054e-28,2.3681e-27,4.5755e-24,1.2579e-26,1.2815e-25,3.1076e-20,2.0391e-18
3.80133,326.16,2.0729e-18,1.6591e-26,1.3149e-26,7.7538e-28,2.6665e-27,4.5337e-24,1.2270e-26,1.3045e-25,3.0562e-20,2.0424e-18
3.80271,326.04,2.0756e-18,1.7026e-26,1.3252e-26,7.6016e-28,3.0134e-27,4.4914e-24,1.1970e-26,1.3270e-25,3.0056e-20,2.0455e-18
3.80409,325.92,2.0781e-18,1.7501e-26,1.3348e-26,7.4490e-28,3.4077e-27,4.4485e-24,1.1677e-26,1.3491e-25,2.9557e-20,2.0485e-18
3.80546,325.81,2.0804e-18,1.8014e-26,1.3436e-26,7.2960e-28,3.8484e-27,4.4050e-24,1.1393e-26,1.3706e-25,2.9066e-20,2.0514e-18
3.80684,325.69,2.0827e-18,1.8565e-26,1.3517e-26,7.1427e-28,4.3343e-27,4.3610e-24,1.1116e-26,1.3916e-25,2.8581e-20,2.0541e-18
3.80821,325.57,2.0848e-18,1.9152e-26,1.3589e-26,6.9893e-28,4.8644e-27,4.3164e-24,1.0847e-26,1.4120e-25,2.8104e-20,2.0567e-18
3.80959,325.45,2.0867e-18,1.9774e-26,1.3653e-26,6.8358e-28,5.4374e-27,4.2713e-24,1.0585e-26,1.4319e-25,2.7633e-20,2.0591e-18
3.81096,325.34,2.0886e-18,2.0430e-26,1.3709e-26,6.6824e-28,6.0521e-27,4.2256e-24,1.0330e-26,1.4512e-25,2.7169e-20,2.0614e-18
3.81234,325.22,2.0903e-18,2.1117e-26,1.3757e-26,6.5290e-28,6.7072e-27,4.1794e-24,1.0083e-26,1.4698e-25,2.6712e-20,2.0636e-18
3.81371,325.10,2.0918e-18,2.1836e-26,1.3797e-26,6.3759e-28,7.4013e-27,4.1326e-24,9.8420e-27,1.4878e-25,2.6262e-20,2.0656e-18
3.81509,324.98,2.0932e-18,2.2584e-26,1.3829e-26,6.2232e-28,8.1332e-27,4.0853e-24,9.6080e-27,1.5052e-25,2.5819e-20,2.0674e-18
3.81647,324.87,2.0945e-18,2.3361e-26,1.3852e-26,6.0708e-28,8.9015e-27,4.0375e-24,9.3805e-27,1.5219e-25,2.5381e-20,2.0691e-18
3.81784,324.75,2.0957e-18,2.4164e-26,1.3868e-26,5.9190e-28,9.7047e-27,3.9892e-24,9.1595e-27,1.5379e-25,2.4951e-20,2.0707e-18
3.81922,324.63,2.0967e-18,2.4993e-26,1.3875e-26,5.7677e-28,1.0541e-26,3.9404e-24,8.9446e-27,1.5533e-25,2.4527e-20,2.0721e-18
3.82059,324.52,2.0975e-18,2.5846e-26,1.3874e-26,5.6171e-28,1.1410e-26,3.8912e-24,8.7359e-27,1.5679e-25,2.4109e-20,2.0734e-18
3.82197,324.40,2.0983e-18,2.6721e-26,1.3864e-26,5.4673e-28,1.2310e-26,3.8414e-24,8.5330e-27,1.5817e-25,2.3697e-20,2.0746e-18
3.82334,324.28,2.0989e-18,2.7617e-26,1.3847e-26,5.3183e-28,1.3238e-26,3.7913e-24,8.3359e-27,1.5949e-25,2.3292e-20,2.0756e-18
3.82472,324.17,2.0993e-18,2.8532e-26,1.3822e-26,5.1703e-28,1.4194e-26,3.7407e-24,8.1444e-27,1.6073e-25,2.2892e-20,2.0764e-18
3.82609,324.05,2.0996e-18,2.9466e-26,1.3788e-26,5.0234e-28,1.5175e-26,3.6896e-24,7.9584e-27,1.6189e-25,2.2499e-20,2.0771e-18
3.82747,323.93,2.0998e-18,3.0415e-26,1.3747e-26,4.8775e-28,1.6181e-26,3.6382e-24,7.7778e-27,1.6297e-25,2.2111e-20,2.0777e-18
3.82885,323.82,2.0998e-18,3.1380e-26,1.3698e-26,4.7329e-28,1.7209e-26,3.5864e-24,7.6023e-27,1.6398e-25,2.1730e-20,2.0781e-18
3.83022,323.70,2.0997e-18,3.2357e-26,1.3641e-26,4.5895e-28,1.8257e-26,3.5342e-24,7.4319e-27,1.6490e-25,2.1354e-20,2.0784e-18
3.83160,323.58,2.0995e-18,3.3346e-26,1.3576e-26,4.4475e-28,1.9325e-26,3.4816e-24,7.2665e-27,1.6575e-25,2.0984e-20,2.0785e-18
3.83297,323.47,2.0991e-18,3.4344e-26,1.3504e-26,4.3069e-28,2.0410e-26,3.4288e-24,7.1058e-27,1.6651e-25,2.0620e-20,2.0785e-18
3.83435,323.35,2.0986e-18,3.5351e-26,1.3424e-26,4.1679e-28,2.1510e-26,3.3756e-24,6.9498e-27,1.6720e-25,2.0261e-20,2.0783e-18
3.83572,323.24,2.0980e-18,3.6364e-26,1.3337e-26,4.0305e-28,2.2624e-26,3.3222e-24,6.7984e-27,1.6780e-25,1.9907e-20,2.0780e-18
3.83710,323.12,2.0972e-18,3.7382e-26,1.3243e-26,3.8947e-28,2.3750e-26,3.2684e-24,6.6515e-27,1.6832e-25,1.9560e-20,2.0776e-18
3.83847,323.00,2.0962e-18,3.8404e-26,1.3141e-26,3.7606e-28,2.4886e-26,3.2144e-24,6.5089e-27,1.6876e-25,1.9217e-20,2.0770e-18
3.83985,322.89,2.0952e-18,3.9427e-26,1.3033e-26,3.6284e-28,2.6031e-26,3.1603e-24,6.3704e-27,1.6911e-25,1.8880e-20,2.0763e-18
3.84123,322.77,2.0940e-18,4.0450e-26,1.2917e-26,3.4980e-28,2.7183e-26,3.1059e-24,6.2361e-27,1.6938e-25,1.8548e-20,2.0754e-18
3.84260,322.66,2.0926e-18,4.1471e-26,1.2795e-26,3.3695e-28,2.8339e-26,3.0513e-24,6.1058e-27,1.6957e-25,1.8221e-20,2.0744e-18
3.84398,322.54,2.0911e-18,4.2490e-26,1.2667e-26,3.2430e-28,2.9499e-26,2.9965e-24,5.9794e-27,1.6968e-25,1.7899e-20,2.0732e-18
3.84535,322.43,2.0895e-18,4.3504e-26,1.2532e-26,3.1186e-28,3.0660e-26,2.9417e-24,5.8568e-27,1.6971e-25,1.7583e-20,2.0719e-18
3.84673,322.31,2.0878e-18,4.4513e-26,1.2392e-26,2.9962e-28,3.1821e-26,2.8867e-24,5.7378e-27,1.6965e-25,1.7271e-20,2.0705e-18
3.84810,322.20,2.0859e-18,4.5514e-26,1.2245e-26,2.8760e-28,3.2981e-26,2.8317e-24,5.6225e-27,1.6951e-25,1.6964e-20,2.0689e-18
3.84948,322.08,2.0839e-18,4.6505e-26,1.2092e-26,2.7580e-28,3.4137e-26,2.7765e-24,5.5106e-27,1.6929e-25,1.6662e-20,2.0672e-18
3.85085,321.97,2.0817e-18,4.7487e-26,1.1934e-26,2.6422e-28,3.5289e-26,2.7214e-24,5.4022e-27,1.6899e-25,1.6365e-20,2.0653e-18
3.85223,321.85,2.0794e-18,4.8457e-26,1.1771e-26,2.5288e-28,3.6433e-26,2.6663e-24,5.2971e-27,1.6861e-25,1.6072e-20,2.0633e-18
3.85361,321.74,2.0770e-18,4.9414e-26,1.1602e-26,2.4176e-28,3.7570e-26,2.6111e-24,5.1952e-27,1.6815e-25,1.5785e-20,2.0612e-18
3.85498,321.62,2.0744e-18,5.0356e-26,1.1429e-26,2.3089e-28,3.8696e-26,2.5560e-24,5.0964e-27,1.6761e-25,1.5501e-20,2.0589e-18
3.85636,321.51,2.0718e-18,5.1282e-26,1.1250e-26,2.2025e-28,3.9811e-26,2.5010e-24,5.0007e-27,1.6699e-25,1.5223e-20,2.0565e-18
3.85773,321.39,2.0689e-18,5.2191e-26,1.1068e-26,2.0987e-28,4.0914e-26,2.4461e-24,4.9080e-27,1.6630e-25,1.4948e-20,2.0540e-18
3.85911,321.28,2.0660e-18,5.3081e-26,1.0880e-26,1.9973e-28,4.2001e-26,2.3913e-24,4.8182e-27,1.6553e-25,1.4679e-20,2.0513e-18
3.86048,321.16,2.0629e-18,5.3952e-26,1.0689e-26,1.8985e-28,4.3073e-26,2.3366e-24,4.7313e-27,1.6469e-25,1.4413e-20,2.0485e-18
3.86186,321.05,2.0597e-18,5.4801e-26,1.0494e-26,1.8023e-28,4.4127e-26,2.2822e-24,4.6470e-27,1.6377e-25,1.4152e-20,2.0455e-18
3.86323,320.93,2.0564e-18,5.5628e-26,1.0295e-26,1.7087e-28,4.5162e-26,2.2279e-24,4.5655e-27,1.6278e-25,1.3895e-20,2.0425e-18
3.86461,320.82,2.0529e-18,5.6432e-26,1.0093e-26,1.6177e-28,4.6176e-26,2.1738e-24,4.4866e-27,1.6173e-25,1.3642e-20,2.0393e-18
3.86599,320.71,2.0493e-18,5.7210e-26,9.8882e-27,1.5294e-28,4.7169e-26,2.1200e-24,4.4102e-27,1.6060e-25,1.3393e-20,2.0359e-18
3.86736,320.59,2.0456e-18,5.7963e-26,9.6801e-27,1.4437e-28,4.8139e-26,2.0665e-24,4.3363e-27,1.5940e-25,1.3148e-20,2.0324e-18
3.86874,320.48,2.0417e-18,5.8690e-26,9.4694e-27,1.3608e-28,4.9084e-26,2.0133e-24,4.2648e-27,1.5814e-25,1.2908e-20,2.0288e-18
3.87011,320.36,2.0378e-18,5.9388e-26,9.2563e-27,1.2806e-28,5.0004e-26,1.9604e-24,4.1956e-27,1.5681e-25,1.2671e-20,2.0251e-18
3.87149,320.25,2.0337e-18,6.0058e-26,9.0410e-27,1.2031e-28,5.0897e-26,1.9078e-24,4.1287e-27,1.5542e-25,1.2438e-20,2.0212e-18
3.87286,320.14,2.0295e-18,6.0699e-26,8.8239e-27,1.1284e-28,5.1762e-26,1.8557e-24,4.0641e-27,1.5397e-25,1.2209e-20,2.0173e-18
3.87424,320.02,2.0251e-18,6.1309e-26,8.6051e-27,1.0564e-28,5.2598e-26,1.8039e-24,4.0016e-27,1.5246e-25,1.1984e-20,2.0132e-18
3.87561,319.91,2.0207e-18,6.1888e-26,8.3849e-27,9.8715e-29,5.3404e-26,1.7526e-24,3.9413e-27,1.5089e-25,1.1762e-20,2.0089e-18
3.87699,319.79,2.0161e-18,6.2435e-26,8.1636e-27,9.2069e-29,5.4179e-26,1.7017e-24,3.8830e-27,1.4927e-25,1.1544e-20,2.0046e-18
3.87837,319.68,2.0114e-18,6.2950e-26,7.9413e-27,8.5701e-29,5.4923e-26,1.6513e-24,3.8267e-27,1.4759e-25,1.1330e-20,2.0001e-18
3.87974,319.57,2.0066e-18,6.3431e-26,7.7184e-27,7.9611e-29,5.5633e-26,1.6014e-24,3.7724e-27,1.4586e-25,1.1119e-20,1.9955e-18
3.88112,319.45,2.0017e-18,6.3879e-26,7.4951e-27,7.3798e-29,5.6310e-26,1.5520e-24,3.7199e-27,1.4408e-25,1.0912e-20,1.9908e-18
3.88249,319.34,1.9966e-18,6.4293e-26,7.2716e-27,6.8262e-29,5.6953e-26,1.5031e-24,3.6694e-27,1.4225e-25,1.0708e-20,1.9859e-18
3.88387,319.23,1.9915e-18,6.4672e-26,7.0481e-27,6.3004e-29,5.7561e-26,1.4549e-24,3.6206e-27,1.4037e-25,1.0508e-20,1.9810e-18
3.88524,319.12,1.9862e-18,6.5015e-26,6.8249e-27,5.8022e-29,5.8132e-26,1.4072e-24,3.5736e-27,1.3846e-25,1.0311e-20,1.9759e-18
3.88662,319.00,1.9808e-18,6.5323e-26,6.6023e-27,5.3317e-29,5.8667e-26,1.3601e-24,3.5283e-27,1.3650e-25,1.0117e-20,1.9707e-18
3.88799,318.89,1.9753e-18,6.5595e-26,6.3805e-27,4.8888e-29,5.9165e-26,1.3137e-24,3.4847e-27,1.3450e-25,9.9269e-21,1.9654e-18
3.88937,318.78,1.9697e-18,6.5830e-26,6.1597e-27,4.4733e-29,5.9626e-26,1.2679e-24,3.4428e-27,1.3246e-25,9.7397e-21,1.9600e-18
3.89075,318.66,1.9640e-18,6.6029e-26,5.9401e-27,4.0852e-29,6.0048e-26,1.2228e-24,3.4024e-27,1.3039e-25,9.5557e-21,1.9544e-18
3.89212,318.55,1.9582e-18,6.6190e-26,5.7220e-27,3.7242e-29,6.0431e-26,1.1783e-24,3.3636e-27,1.2829e-25,9.3748e-21,1.9488e-18
3.89350,318.44,1.9523e-18,6.6315e-26,5.5056e-27,3.3903e-29,6.0775e-26,1.1346e-24,3.3263e-27,1.2615e-25,9.1970e-21,1.9431e-18
3.89487,318.33,1.9462e-18,6.6402e-26,5.2911e-27,3.0832e-29,6.1080e-26,1.0916e-24,3.2904e-27,1.2399e-25,9.0222e-21,1.9372e-18
3.89625,318.21,1.9401e-18,6.6452e-26,5.0788e-27,2.8027e-29,6.1345e-26,1.0494e-24,3.2560e-27,1.2180e-25,8.8504e-21,1.9312e-18
3.89762,318.10,1.9338e-18,6.6465e-26,4.8688e-27,2.5486e-29,6.1570e-26,1.0079e-24,3.2230e-27,1.1959e-25,8.6815e-21,1.9252e-18
3.89900,317.99,1.9275e-18,6.6440e-26,4.6614e-27,2.3206e-29,6.1756e-26,9.6714e-25,3.1913e-27,1.1735e-25,8.5156e-21,1.9190e-18
3.90038,317.88,1.9211e-18,6.6378e-26,4.4568e-27,2.1183e-29,6.1900e-26,9.2722e-25,3.1610e-27,1.1510e-25,8.3525e-21,1.9127e-18
3.90175,317.77,1.9145e-18,6.6280e-26,4.2552e-27,1.9416e-29,6.2005e-26,8.8810e-25,3.1320e-27,1.1283e-25,8.1922e-21,1.9063e-18
3.90313,317.65,1.9079e-18,6.6144e-26,4.0568e-27,1.7900e-29,6.2070e-26,8.4980e-25,3.1042e-27,1.1054e-25,8.0347e-21,1.8999e-18
3.90450,317.54,1.9012e-18,6.5973e-26,3.8617e-27,1.6633e-29,6.2094e-26,8.1233e-25,3.0776e-27,1.0824e-25,7.8799e-21,1.8933e-18
3.90588,317.43,1.8943e-18,6.5765e-26,3.6703e-27,1.5610e-29,6.2079e-26,7.7571e-25,3.0523e-27,1.0593e-25,7.7278e-21,1.8866e-18
3.90725,317.32,1.8874e-18,6.5521e-26,3.4825e-27,1.4829e-29,6.2024e-26,7.3994e-25,3.0281e-27,1.0362e-25,7.5783e-21,1.8798e-18
3.90863,317.21,1.8804e-18,6.5242e-26,3.2986e-27,1.4286e-29,6.1929e-26,7.0504e-25,3.0050e-27,1.0129e-25,7.4314e-21,1.8730e-18
3.91000,317.09,1.8733e-18,6.4928e-26,3.1189e-27,1.3977e-29,6.1795e-26,6.7102e-25,2.9830e-27,9.8966e-26,7.2871e-21,1.8660e-18
3.91138,316.98,1.8661e-18,6.4580e-26,2.9433e-27,1.3899e-29,6.1622e-26,6.3788e-25,2.9621e-27,9.6638e-26,7.1454e-21,1.8589e-18
3.91276,316.87,1.8588e-18,6.4197e-26,2.7721e-27,1.4047e-29,6.1411e-26,6.0564e-25,2.9423e-27,9.4310e-26,7.0061e-21,1.8518e-18
3.91413,316.76,1.8514e-18,6.3781e-26,2.6055e-27,1.4417e-29,6.1162e-26,5.7430e-25,2.9234e-27,9.1986e-26,6.8692e-21,1.8446e-18
3.91551,316.65,1.8440e-18,6.3333e-26,2.4435e-27,1.5006e-29,6.0874e-26,5.4387e-25,2.9056e-27,8.9665e-26,6.7348e-21,1.8373e-18
3.91688,316.54,1.8365e-18,6.2852e-26,2.2863e-27,1.5809e-29,6.0550e-26,5.1435e-25,2.8887e-27,8.7352e-26,6.6028e-21,1.8298e-18
3.91826,316.43,1.8288e-18,6.2339e-26,2.1341e-27,1.6822e-29,6.0188e-26,4.8575e-25,2.8727e-27,8.5048e-26,6.4731e-21,1.8224e-18
3.91963,316.32,1.8211e-18,6.1796e-26,1.9869e-27,1.8041e-29,5.9791e-26,4.5808e-25,2.8576e-27,8.2754e-26,6.3456e-21,1.8148e-18
3.92101,316.20,1.8133e-18,6.1222e-26,1.8449e-27,1.9460e-29,5.9358e-26,4.3133e-25,2.8434e-27,8.0474e-26,6.2205e-21,1.8071e-18
3.92238,316.09,1.8055e-18,6.0619e-26,1.7081e-27,2.1075e-29,5.8890e-26,4.0552e-25,2.8300e-27,7.8208e-26,6.0976e-21,1.7994e-18
3.92376,315.98,1.7976e-18,5.9987e-26,1.5768e-27,2.2882e-29,5.8388e-26,3.8064e-25,2.8175e-27,7.5958e-26,5.9768e-21,1.7916e-18
3.92514,315.87,1.7895e-18,5.9328e-26,1.4509e-27,2.4874e-29,5.7852e-26,3.5669e-25,2.8057e-27,7.3727e-26,5.8583e-21,1.7837e-18
3.92651,315.76,1.7815e-18,5.8642e-26,1.3307e-27,2.7047e-29,5.7284e-26,3.3367e-25,2.7947e-27,7.1516e-26,5.7418e-21,1.7757e-18
3.92789,315.65,1.7733e-18,5.7929e-26,1.2160e-27,2.9395e-29,5.6684e-26,3.1159e-25,2.7845e-27,6.9327e-26,5.6275e-21,1.7677e-18
3.92926,315.54,1.7651e-18,5.7192e-26,1.1072e-27,3.1913e-29,5.6053e-26,2.9044e-25,2.7749e-27,6.7162e-26,5.5152e-21,1.7595e-18
3.93064,315.43,1.7568e-18,5.6431e-26,1.0041e-27,3.4595e-29,5.5392e-26,2.7022e-25,2.7661e-27,6.5022e-26,5.4049e-21,1.7514e-18
3.93201,315.32,1.7484e-18,5.5646e-26,9.0681e-28,3.7435e-29,5.4702e-26,2.5093e-25,2.7579e-27,6.2908e-26,5.2966e-21,1.7431e-18
3.93339,315.21,1.7400e-18,5.4840e-26,8.1547e-28,4.0429e-29,5.3984e-26,2.3256e-25,2.7504e-27,6.0823e-26,5.1903e-21,1.7348e-18
3.93476,315.10,1.7315e-18,5.4013e-26,7.3007e-28,4.3570e-29,5.3239e-26,2.1511e-25,2.7435e-27,5.8768e-26,5.0859e-21,1.7264e-18
3.93614,314.99,1.7229e-18,5.3166e-26,6.5065e-28,4.6853e-29,5.2469e-26,1.9857e-25,2.7372e-27,5.6744e-26,4.9834e-21,1.7179e-18
3.93752,314.88,1.7143e-18,5.2301e-26,5.7722e-28,5.0272e-29,5.1673e-26,1.8294e-25,2.7314e-27,5.4753e-26,4.8828e-21,1.7094e-18
3.93889,314.77,1.7056e-18,5.1417e-26,5.0981e-28,5.3822e-29,5.0854e-26,1.6820e-25,2.7262e-27,5.2795e-26,4.7840e-21,1.7008e-18
3.94027,314.66,1.6968e-18,5.0518e-26,4.4842e-28,5.7497e-29,5.0012e-26,1.5436e-25,2.7216e-27,5.0873e-26,4.6871e-21,1.6921e-18
3.94164,314.55,1.6880e-18,4.9603e-26,3.9306e-28,6.1291e-29,4.9148e-26,1.4141e-25,2.7174e-27,4.8987e-26,4.5919e-21,1.6834e-18
3.94302,314.44,1.6792e-18,4.8674e-26,3.4372e-28,6.5199e-29,4.8265e-26,1.2933e-25,2.7137e-27,4.7138e-26,4.4984e-21,1.6747e-18
3.94439,314.33,1.6702e-18,4.7731e-26,3.0040e-28,6.9216e-29,4.7362e-26,1.1812e-25,2.7104e-27,4.5328e-26,4.4067e-21,1.6658e-18
3.94577,314.22,1.6613e-18,4.6777e-26,2.6307e-28,7.3336e-29,4.6441e-26,1.0776e-25,2.7076e-27,4.3557e-26,4.3167e-21,1.6570e-18
3.94714,314.11,1.6523e-18,4.5812e-26,2.3171e-28,7.7553e-29,4.5503e-26,9.8247e-26,2.7052e-27,4.1826e-26,4.2283e-21,1.6480e-18
3.94852,314.00,1.6432e-18,4.4837e-26,2.0630e-28,8.1862e-29,4.4549e-26,8.9566e-26,2.7031e-27,4.0137e-26,4.1416e-21,1.6390e-18
3.94990,313.89,1.6341e-18,4.3854e-26,1.8679e-28,8.6256e-29,4.3581e-26,8.1706e-26,2.7014e-27,3.8490e-26,4.0565e-21,1.6300e-18
3.95127,313.78,1.6249e-18,4.2863e-26,1.7315e-28,9.0731e-29,4.2599e-26,7.4653e-26,2.7001e-27,3.6886e-26,3.9729e-21,1.6209e-18
3.95265,313.67,1.6157e-18,4.1866e-26,1.6533e-28,9.5280e-29,4.1606e-26,6.8394e-26,2.6991e-27,3.5325e-26,3.8910e-21,1.6118e-18
3.95402,313.56,1.6064e-18,4.0864e-26,1.6326e-28,9.9897e-29,4.0601e-26,6.2914e-26,2.6983e-27,3.3808e-26,3.8105e-21,1.6026e-18
3.95540,313.46,1.5971e-18,3.9859e-26,1.6690e-28,1.0458e-28,3.9587e-26,5.8200e-26,2.6978e-27,3.2336e-26,3.7316e-21,1.5934e-18
3.95677,313.35,1.5878e-18,3.8851e-26,1.7616e-28,1.0931e-28,3.8565e-26,5.4235e-26,2.6976e-27,3.0909e-26,3.6541e-21,1.5841e-18
3.95815,313.24,1.5784e-18,3.7841e-26,1.9098e-28,1.1410e-28,3.7536e-26,5.1004e-26,2.6976e-27,2.9528e-26,3.5781e-21,1.5748e-18
3.95952,313.13,1.5690e-18,3.6831e-26,2.1127e-28,1.1893e-28,3.6501e-26,4.8491e-26,2.6978e-27,2.8193e-26,3.5036e-21,1.5655e-18
3.96090,313.02,1.5595e-18,3.5823e-26,2.3694e-28,1.2380e-28,3.5462e-26,4.6679e-26,2.6982e-27,2.6903e-26,3.4304e-21,1.5561e-18
3.96228,312.91,1.5500e-18,3.4816e-26,2.6790e-28,1.2871e-28,3.4420e-26,4.5550e-26,2.6987e-27,2.5660e-26,3.3586e-21,1.5467e-18
3.96365,312.80,1.5405e-18,3.3813e-26,3.0404e-28,1.3364e-28,3.3375e-26,4.5087e-26,2.6994e-27,2.4464e-26,3.2882e-21,1.5372e-18
3.96503,312.69,1.5309e-18,3.2815e-26,3.4525e-28,1.3859e-28,3.2331e-26,4.5273e-26,2.7002e-27,2.3315e-26,3.2191e-21,1.5277e-18
3.96640,312.59,1.5213e-18,3.1822e-26,3.9143e-28,1.4357e-28,3.1287e-26,4.6087e-26,2.7011e-27,2.2212e-26,3.1514e-21,1.5182e-18
3.96778,312.48,1.5117e-18,3.0836e-26,4.4244e-28,1.4855e-28,3.0245e-26,4.7512e-26,2.7020e-27,2.1156e-26,3.0849e-21,1.5086e-18
3.96915,312.37,1.5020e-18,2.9858e-26,4.9817e-28,1.5354e-28,2.9206e-26,4.9529e-26,2.7030e-27,2.0147e-26,3.0197e-21,1.4990e-18
3.97053,312.26,1.4924e-18,2.8889e-26,5.5848e-28,1.5853e-28,2.8172e-26,5.2118e-26,2.7041e-27,1.9184e-26,2.9558e-21,1.4894e-18
3.97190,312.15,1.4827e-18,2.7929e-26,6.2325e-28,1.6351e-28,2.7143e-26,5.5258e-26,2.7051e-27,1.8268e-26,2.8931e-21,1.4798e-18
3.97328,312.04,1.4729e-18,2.6981e-26,6.9234e-28,1.6849e-28,2.6121e-26,5.8931e-26,2.7062e-27,1.7397e-26,2.8316e-21,1.4701e-18
3.97466,311.94,1.4632e-18,2.6045e-26,7.6561e-28,1.7345e-28,2.5106e-26,6.3115e-26,2.7072e-27,1.6573e-26,2.7712e-21,1.4604e-18
3.97603,311.83,1.4534e-18,2.5122e-26,8.4291e-28,1.7840e-28,2.4101e-26,6.7790e-26,2.7081e-27,1.5794e-26,2.7121e-21,1.4507e-18
3.97741,311.72,1.4436e-18,2.4213e-26,9.2410e-28,1.8332e-28,2.3105e-26,7.2935e-26,2.7090e-27,1.5060e-26,2.6541e-21,1.4410e-18
3.97878,311.61,1.4338e-18,2.3318e-26,1.0090e-27,1.8822e-28,2.2121e-26,7.8530e-26,2.7099e-27,1.4370e-26,2.5972e-21,1.4312e-18
3.98016,311.51,1.4240e-18,2.2440e-26,1.0975e-27,1.9308e-28,2.1149e-26,8.4552e-26,2.7106e-27,1.3725e-26,2.5414e-21,1.4214e-18
3.98153,311.40,1.4141e-18,2.1578e-26,1.1895e-27,1.9790e-28,2.0190e-26,9.0982e-26,2.7111e-27,1.3123e-26,2.4867e-21,1.4116e-18
3.98291,311.29,1.4043e-18,2.0733e-26,1.2847e-27,2.0268e-28,1.9246e-26,9.7797e-26,2.7116e-27,1.2564e-26,2.4331e-21,1.4018e-18
3.98429,311.18,1.3944e-18,1.9907e-26,1.3831e-27,2.0742e-28,1.8317e-26,1.0498e-25,2.7118e-27,1.2047e-26,2.3805e-21,1.3920e-18
3.98566,311.08,1.3845e-18,1.9100e-26,1.4844e-27,2.1210e-28,1.7404e-26,1.1250e-25,2.7119e-27,1.1571e-26,2.3290e-21,1.3822e-18
3.98704,310.97,1.3746e-18,1.8313e-26,1.5884e-27,2.1673e-28,1.6508e-26,1.2034e-25,2.7118e-27,1.1137e-26,2.2785e-21,1.3723e-18
3.98841,310.86,1.3647e-18,1.7547e-26,1.6951e-27,2.2130e-28,1.5631e-26,1.2848e-25,2.7115e-27,1.0742e-26,2.2289e-21,1.3625e-18
3.98979,310.75,1.3548e-18,1.6802e-26,1.8042e-27,2.2581e-28,1.4772e-26,1.3690e-25,2.7109e-27,1.0387e-26,2.1804e-21,1.3526e-18
3.99116,310.65,1.3449e-18,1.6080e-26,1.9156e-27,2.3024e-28,1.3934e-26,1.4558e-25,2.7101e-27,1.0070e-26,2.1328e-21,1.3427e-18
3.99254,310.54,1.3350e-18,1.5380e-26,2.0291e-27,2.3461e-28,1.3117e-26,1.5449e-25,2.7090e-27,9.7898e-27,2.0861e-21,1.3329e-18
3.99391,310.43,1.3250e-18,1.4704e-26,2.1445e-27,2.3890e-28,1.2321e-26,1.6362e-25,2.7077e-27,9.5464e-27,2.0404e-21,1.3230e-18
3.99529,310.33,1.3151e-18,1.4053e-26,2.2617e-27,2.4310e-28,1.1548e-26,1.7294e-25,2.7060e-27,9.3386e-27,1.9956e-21,1.3131e-18
3.99667,310.22,1.3052e-18,1.3425e-26,2.3803e-27,2.4723e-28,1.0798e-26,1.8243e-25,2.7041e-27,9.1652e-27,1.9517e-21,1.3032e-18
3.99804,310.11,1.2952e-18,1.2823e-26,2.5004e-27,2.5127e-28,1.0072e-26,1.9207e-25,2.7018e-27,9.0253e-27,1.9087e-21,1.2933e-18
3.99942,310.01,1.2853e-18,1.2247e-26,2.6216e-27,2.5522e-28,9.3702e-27,2.0184e-25,2.6991e-27,8.9178e-27,1.8665e-21,1.2834e-18
4.00079,309.90,1.2754e-18,1.1697e-26,2.7439e-27,2.5908e-28,8.6939e-27,2.1172e-25,2.6962e-27,8.8416e-27,1.8252e-21,1.2735e-18
4.00217,309.79,1.2654e-18,1.1173e-26,2.8670e-27,2.6285e-28,8.0432e-27,2.2169e-25,2.6928e-27,8.7956e-27,1.7847e-21,1.2636e-18
4.00354,309.69,1.2555e-18,1.0676e-26,2.9907e-27,2.6651e-28,7.4188e-27,2.3173e-25,2.6891e-27,8.7787e-27,1.7450e-21,1.2538e-18
4.00492,309.58,1.2456e-18,1.0206e-26,3.1149e-27,2.7008e-28,6.8211e-27,2.4182e-25,2.6850e-27,8.7897e-27,1.7061e-21,1.2439e-18
4.00629,309.47,1.2357e-18,9.7635e-27,3.2394e-27,2.7354e-28,6.2505e-27,2.5194e-25,2.6805e-27,8.8275e-27,1.6680e-21,1.2340e-18
4.00767,309.37,1.2258e-18,9.3485e-27,3.3641e-27,2.7690e-28,5.7075e-27,2.6206e-25,2.6755e-27,8.8909e-27,1.6307e-21,1.2241e-18
4.00905,309.26,1.2159e-18,8.9613e-27,3.4887e-27,2.8016e-28,5.1925e-27,2.7218e-25,2.6702e-27,8.9787e-27,1.5942e-21,1.2143e-18
4.01042,309.16,1.2060e-18,8.6021e-27,3.6131e-27,2.8330e-28,4.7057e-27,2.8228e-25,2.6644e-27,9.0897e-27,1.5584e-21,1.2044e-18
4.01180,309.05,1.1961e-18,8.2710e-27,3.7371e-27,2.8633e-28,4.2476e-27,2.9232e-25,2.6581e-27,9.2226e-27,1.5233e-21,1.1946e-18
4.01317,308.94,1.1863e-18,7.9682e-27,3.8605e-27,2.8924e-28,3.8184e-27,3.0231e-25,2.6514e-27,9.3764e-27,1.4890e-21,1.1848e-18
4.01455,308.84,1.1764e-18,7.6936e-27,3.9833e-27,2.9204e-28,3.4183e-27,3.1221e-25,2.6443e-27,9.5496e-27,1.4553e-21,1.1750e-18
4.01592,308.73,1.1666e-18,7.4475e-27,4.1051e-27,2.9472e-28,3.0477e-27,3.2201e-25,2.6366e-27,9.7412e-27,1.4224e-21,1.1652e-18
4.01730,308.63,1.1568e-18,7.2298e-27,4.2260e-27,2.9728e-28,2.7066e-27,3.3170e-25,2.6285e-27,9.9498e-27,1.3901e-21,1.1554e-18
4.01867,308.52,1.1470e-18,7.0405e-27,4.3456e-27,2.9972e-28,2.3952e-27,3.4126e-25,2.6199e-27,1.0174e-26,1.3585e-21,1.1456e-18
4.02005,308.41,1.1372e-18,6.8795e-27,4.4639e-27,3.0203e-28,2.1136e-27,3.5068e-25,2.6108e-27,1.0413e-26,1.3276e-21,1.1359e-18
4.02143,308.31,1.1274e-18,6.7468e-27,4.5806e-27,3.0422e-28,1.8619e-27,3.5993e-25,2.6013e-27,1.0666e-26,1.2973e-21,1.1261e-18
4.02280,308.20,1.1177e-18,6.6421e-27,4.6957e-27,3.0628e-28,1.6402e-27,3.6901e-25,2.5912e-27,1.0930e-26,1.2676e-21,1.1164e-18
4.02418,308.10,1.1080e-18,6.5654e-27,4.8089e-27,3.0822e-28,1.4483e-27,3.7789e-25,2.5806e-27,1.1206e-26,1.2385e-21,1.1067e-18
4.02555,307.99,1.0983e-18,6.5164e-27,4.9202e-27,3.1003e-28,1.2862e-27,3.8657e-25,2.5695e-27,1.1491e-26,1.2101e-21,1.0971e-18
4.02693,307.89,1.0886e-18,6.4948e-27,5.0294e-27,3.1171e-28,1.1537e-27,3.9503e-25,2.5578e-27,1.1785e-26,1.1823e-21,1.0874e-18
4.02830,307.78,1.0790e-18,6.5004e-27,5.1363e-27,3.1326e-28,1.0508e-27,4.0327e-25,2.5457e-27,1.2086e-26,1.1550e-21,1.0778e-18
4.02968,307.68,1.0693e-18,6.5327e-27,5.2409e-27,3.1468e-28,9.7719e-28,4.1125e-25,2.5330e-27,1.2393e-26,1.1283e-21,1.0682e-18
4.03105,307.57,1.0597e-18,6.5915e-27,5.3429e-27,3.1597e-28,9.3263e-28,4.1899e-25,2.5198e-27,1.2705e-26,1.1022e-21,1.0586e-18
4.03243,307.47,1.0502e-18,6.6762e-27,5.4423e-27,3.1714e-28,9.1683e-28,4.2646e-25,2.5061e-27,1.3021e-26,1.0766e-21,1.0491e-18
4.03381,307.36,1.0406e-18,6.7866e-27,5.5389e-27,3.1817e-28,9.2948e-28,4.3365e-25,2.4919e-27,1.3339e-26,1.0516e-21,1.0396e-18
4.03518,307.26,1.0311e-18,6.9220e-27,5.6327e-27,3.1907e-28,9.7022e-28,4.4055e-25,2.4771e-27,1.3660e-26,1.0271e-21,1.0301e-18
4.03656,307.15,1.0216e-18,7.0820e-27,5.7234e-27,3.1985e-28,1.0387e-27,4.4716e-25,2.4618e-27,1.3981e-26,1.0031e-21,1.0206e-18
4.03793,307.05,1.0122e-18,7.2660e-27,5.8111e-27,3.2049e-28,1.1344e-27,4.5347e-25,2.4460e-27,1.4301e-26,9.7968e-22,1.0112e-18
4.03931,306.94,1.0027e-18,7.4737e-27,5.8956e-27,3.2101e-28,1.2571e-27,4.5946e-25,2.4297e-27,1.4620e-26,9.5673e-22,1.0018e-18
4.04068,306.84,9.9335e-19,7.7043e-27,5.9768e-27,3.2140e-28,1.4061e-27,4.6512e-25,2.4128e-27,1.4936e-26,9.3427e-22,9.9241e-19
4.04206,306.74,9.8399e-19,7.9574e-27,6.0547e-27,3.2166e-28,1.5811e-27,4.7047e-25,2.3955e-27,1.5248e-26,9.1229e-22,9.8307e-19
4.04343,306.63,9.7466e-19,8.2323e-27,6.1291e-27,3.2179e-28,1.7815e-27,4.7547e-25,2.3776e-27,1.5557e-26,8.9079e-22,9.7377e-19
4.04481,306.53,9.6537e-19,8.5284e-27,6.1999e-27,3.2179e-28,2.0068e-27,4.8014e-25,2.3592e-27,1.5859e-26,8.6975e-22,9.6450e-19
4.04619,306.42,9.5612e-19,8.8452e-27,6.2671e-27,3.2166e-28,2.2564e-27,4.8445e-25,2.3403e-27,1.6155e-26,8.4917e-22,9.5527e-19
4.04756,306.32,9.4690e-19,9.1819e-27,6.3306e-27,3.2141e-28,2.5298e-27,4.8842e-25,2.3209e-27,1.6445e-26,8.2904e-22,9.4607e-19
4.04894,306.21,9.3772e-19,9.5378e-27,6.3904e-27,3.2104e-28,2.8264e-27,4.9203e-25,2.3010e-27,1.6726e-26,8.0935e-22,9.3691e-19
4.05031,306.11,9.2858e-19,9.9124e-27,6.4463e-27,3.2053e-28,3.1455e-27,4.9528e-25,2.2806e-27,1.6998e-26,7.9008e-22,9.2779e-19
4.05169,306.01,9.1948e-19,1.0305e-26,6.4983e-27,3.1991e-28,3.4865e-27,4.9817e-25,2.2597e-27,1.7260e-26,7.7124e-22,9.1871e-19
4.05306,305.90,9.1041e-19,1.0714e-26,6.5464e-27,3.1916e-28,3.8486e-27,5.0070e-25,2.2384e-27,1.7513e-26,7.5281e-22,9.0966e-19
4.05444,305.80,9.0139e-19,1.1140e-26,6.5905e-27,3.1830e-28,4.2312e-27,5.0285e-25,2.2166e-27,1.7754e-26,7.3479e-22,9.0065e-19
4.05581,305.69,8.9241e-19,1.1581e-26,6.6306e-27,3.1731e-28,4.6334e-27,5.0464e-25,2.1944e-27,1.7983e-26,7.1717e-22,8.9169e-19
4.05719,305.59,8.8346e-19,1.2037e-26,6.6666e-27,3.1621e-28,5.0545e-27,5.0606e-25,2.1716e-27,1.8200e-26,6.9993e-22,8.8276e-19
4.05857,305.49,8.7456e-19,1.2507e-26,6.6985e-27,3.1500e-28,5.4936e-27,5.0711e-25,2.1485e-27,1.8405e-26,6.8308e-22,8.7388e-19
4.05994,305.38,8.6571e-19,1.2990e-26,6.7262e-27,3.1367e-28,5.9500e-27,5.0779e-25,2.1249e-27,1.8595e-26,6.6660e-22,8.6504e-19
4.06132,305.28,8.5689e-19,1.3485e-26,6.7498e-27,3.1222e-28,6.4228e-27,5.0810e-25,2.1009e-27,1.8772e-26,6.5049e-22,8.5624e-19
4.06269,305.18,8.4812e-19,1.3991e-26,6.7693e-27,3.1067e-28,6.9112e-27,5.0805e-25,2.0765e-27,1.8934e-26,6.3474e-22,8.4749e-19
4.06407,305.07,8.3939e-19,1.4508e-26,6.7845e-27,3.0902e-28,7.4142e-27,5.0763e-25,2.0518e-27,1.9081e-26,6.1934e-22,8.3877e-19
4.06544,304.97,8.3071e-19,1.5034e-26,6.7956e-27,3.0725e-28,7.9310e-27,5.0684e-25,2.0266e-27,1.9213e-26,6.0429e-22,8.3011e-19
4.06682,304.87,8.2208e-19,1.5569e-26,6.8026e-27,3.0539e-28,8.4607e-27,5.0570e-25,2.0010e-27,1.9330e-26,5.8958e-22,8.2149e-19
4.06820,304.76,8.1349e-19,1.6111e-26,6.8054e-27,3.0342e-28,9.0025e-27,5.0420e-25,1.9751e-27,1.9430e-26,5.7520e-22,8.1291e-19
4.06957,304.66,8.0495e-19,1.6661e-26,6.8040e-27,3.0135e-28,9.5553e-27,5.0234e-25,1.9489e-27,1.9514e-26,5.6114e-22,8.0438e-19
4.07095,304.56,7.9645e-19,1.7216e-26,6.7985e-27,2.9919e-28,1.0118e-26,5.0014e-25,1.9223e-27,1.9581e-26,5.4740e-22,7.9590e-19
4.07232,304.46,7.8800e-19,1.7777e-26,6.7889e-27,2.9693e-28,1.0691e-26,4.9759e-25,1.8954e-27,1.9632e-26,5.3398e-22,7.8747e-19
4.07370,304.35,7.7960e-19,1.8342e-26,6.7753e-27,2.9458e-28,1.1272e-26,4.9471e-25,1.8681e-27,1.9666e-26,5.2086e-22,7.7908e-19
4.07507,304.25,7.7125e-19,1.8910e-26,6.7576e-27,2.9214e-28,1.1860e-26,4.9149e-25,1.8406e-27,1.9682e-26,5.0804e-22,7.7074e-19
4.07645,304.15,7.6295e-19,1.9481e-26,6.7358e-27,2.8961e-28,1.2456e-26,4.8795e-25,1.8128e-27,1.9682e-26,4.9551e-22,7.6245e-19
4.07782,304.04,7.5470e-19,2.0054e-26,6.7102e-27,2.8699e-28,1.3057e-26,4.8408e-25,1.7848e-27,1.9664e-26,4.8327e-22,7.5421e-19
4.07920,303.94,7.4649e-19,2.0627e-26,6.6805e-27,2.8429e-28,1.3663e-26,4.7990e-25,1.7565e-27,1.9629e-26,4.7132e-22,7.4602e-19
4.08058,303.84,7.3834e-19,2.1201e-26,6.6471e-27,2.8151e-28,1.4272e-26,4.7542e-25,1.7280e-27,1.9577e-26,4.5963e-22,7.3788e-19
4.08195,303.74,7.3024e-19,2.1774e-26,6.6097e-27,2.7865e-28,1.4885e-26,4.7064e-25,1.6992e-27,1.9508e-26,4.4822e-22,7.2979e-19
4.08333,303.64,7.2219e-19,2.2345e-26,6.5687e-27,2.7572e-28,1.5500e-26,4.6557e-25,1.6703e-27,1.9422e-26,4.3708e-22,7.2175e-19
4.08470,303.53,7.1419e-19,2.2913e-26,6.5239e-27,2.7271e-28,1.6117e-26,4.6022e-25,1.6412e-27,1.9319e-26,4.2619e-22,7.1376e-19
4.08608,303.43,7.0624e-19,2.3478e-26,6.4755e-27,2.6964e-28,1.6733e-26,4.5459e-25,1.6119e-27,1.9199e-26,4.1556e-22,7.0583e-19
4.08745,303.33,6.9835e-19,2.4039e-26,6.4235e-27,2.6650e-28,1.7349e-26,4.4870e-25,1.5825e-27,1.9063e-26,4.0517e-22,6.9794e-19
4.08883,303.23,6.9050e-19,2.4595e-26,6.3680e-27,2.6329e-28,1.7964e-26,4.4256e-25,1.5529e-27,1.8910e-26,3.9503e-22,6.9011e-19
4.09020,303.12,6.8271e-19,2.5145e-26,6.3091e-27,2.6003e-28,1.8576e-26,4.3617e-25,1.5232e-27,1.8741e-26,3.8512e-22,6.8233e-19
4.09158,303.02,6.7498e-19,2.5688e-26,6.2469e-27,2.5671e-28,1.9184e-26,4.2955e-25,1.4934e-27,1.8557e-26,3.7545e-22,6.7460e-19
4.09296,302.92,6.6729e-19,2.6223e-26,6.1814e-27,2.5333e-28,1.9789e-26,4.2270e-25,1.4636e-27,1.8357e-26,3.6601e-22,6.6693e-19
4.09433,302.82,6.5966e-19,2.6750e-26,6.1128e-27,2.4990e-28,2.0388e-26,4.1564e-25,1.4336e-27,1.8142e-26,3.5679e-22,6.5931e-19
4.09571,302.72,6.5209e-19,2.7269e-26,6.0411e-27,2.4642e-28,2.0981e-26,4.0838e-25,1.4037e-27,1.7913e-26,3.4779e-22,6.5174e-19
4.09708,302.62,6.4457e-19,2.7777e-26,5.9665e-27,2.4290e-28,2.1568e-26,4.0092e-25,1.3737e-27,1.7669e-26,3.3900e-22,6.4423e-19
4.09846,302.51,6.3710e-19,2.8275e-26,5.8891e-27,2.3933e-28,2.2147e-26,3.9329e-25,1.3436e-27,1.7411e-26,3.3043e-22,6.3677e-19
4.09983,302.41,6.2968e-19,2.8762e-26,5.8088e-27,2.3572e-28,2.2717e-26,3.8548e-25,1.3136e-27,1.7141e-26,3.2205e-22,6.2936e-19
4.10121,302.31,6.2233e-19,2.9237e-26,5.7260e-27,2.3207e-28,2.3279e-26,3.7751e-25,1.2836e-27,1.6857e-26,3.1388e-22,6.2201e-19
4.10258,302.21,6.1502e-19,2.9699e-26,5.6406e-27,2.2839e-28,2.3830e-26,3.6940e-25,1.2537e-27,1.6561e-26,3.0591e-22,6.1472e-19
4.10396,302.11,6.0777e-19,3.0149e-26,5.5528e-27,2.2467e-28,2.4372e-26,3.6115e-25,1.2238e-27,1.6253e-26,2.9812e-22,6.0748e-19
4.10534,302.01,6.0058e-19,3.0585e-26,5.4627e-27,2.2092e-28,2.4902e-26,3.5277e-25,1.1940e-27,1.5934e-26,2.9053e-22,6.0029e-19
4.10671,301.91,5.9344e-19,3.1007e-26,5.3704e-27,2.1715e-28,2.5420e-26,3.4428e-25,1.1643e-27,1.5605e-26,2.8311e-22,5.9316e-19
4.10809,301.81,5.8636e-19,3.1414e-26,5.2760e-27,2.1335e-28,2.5925e-26,3.3570e-25,1.1347e-27,1.5266e-26,2.7588e-22,5.8609e-19
4.10946,301.70,5.7934e-19,3.1806e-26,5.1796e-27,2.0953e-28,2.6417e-26,3.2702e-25,1.1052e-27,1.4917e-26,2.6882e-22,5.7907e-19
4.11084,301.60,5.7236e-19,3.2183e-26,5.0814e-27,2.0568e-28,2.6895e-26,3.1827e-25,1.0758e-27,1.4560e-26,2.6194e-22,5.7210e-19
4.11221,301.50,5.6545e-19,3.2543e-26,4.9814e-27,2.0183e-28,2.7359e-26,3.0945e-25,1.0466e-27,1.4194e-26,2.5522e-22,5.6519e-19
4.11359,301.40,5.5859e-19,3.2886e-26,4.8798e-27,1.9796e-28,2.7808e-26,3.0058e-25,1.0176e-27,1.3822e-26,2.4867e-22,5.5834e-19
4.11496,301.30,5.5179e-19,3.3212e-26,4.7768e-27,1.9408e-28,2.8241e-26,2.9167e-25,9.8882e-28,1.3442e-26,2.4228e-22,5.5155e-19
4.11634,301.20,5.4504e-19,3.3521e-26,4.6723e-27,1.9019e-28,2.8658e-26,2.8273e-25,9.6022e-28,1.3057e-26,2.3604e-22,5.4480e-19
4.11772,301.10,5.3835e-19,3.3811e-26,4.5667e-27,1.8630e-28,2.9058e-26,2.7377e-25,9.3184e-28,1.2666e-26,2.2996e-22,5.3812e-19
4.11909,301.00,5.3172e-19,3.4083e-26,4.4599e-27,1.8240e-28,2.9441e-26,2.6480e-25,9.0371e-28,1.2271e-26,2.2403e-22,5.3149e-19
4.12047,300.90,5.2514e-19,3.4337e-26,4.3521e-27,1.7851e-28,2.9806e-26,2.5585e-25,8.7583e-28,1.1872e-26,2.1825e-22,5.2492e-19
4.12184,300.80,5.1862e-19,3.4571e-26,4.2435e-27,1.7462e-28,3.0153e-26,2.4690e-25,8.4822e-28,1.1471e-26,2.1260e-22,5.1840e-19
4.12322,300.70,5.1215e-19,3.4786e-26,4.1341e-27,1.7073e-28,3.0481e-26,2.3799e-25,8.2090e-28,1.1067e-26,2.0711e-22,5.1194e-19
4.12459,300.60,5.0574e-19,3.4981e-26,4.0242e-27,1.6685e-28,3.0790e-26,2.2912e-25,7.9388e-28,1.0661e-26,2.0174e-22,5.0554e-19
4.12597,300.50,4.9939e-19,3.5157e-26,3.9137e-27,1.6299e-28,3.1080e-26,2.2030e-25,7.6718e-28,1.0255e-26,1.9651e-22,4.9919e-19
4.12734,300.40,4.9309e-19,3.5312e-26,3.8030e-27,1.5913e-28,3.1350e-26,2.1154e-25,7.4080e-28,9.8483e-27,1.9142e-22,4.9290e-19
4.12872,300.30,4.8685e-19,3.5448e-26,3.6920e-27,1.5529e-28,3.1600e-26,2.0286e-25,7.1478e-28,9.4427e-27,1.8645e-22,4.8666e-19
4.13010,300.20,4.8067e-19,3.5563e-26,3.5809e-27,1.5147e-28,3.1830e-26,1.9426e-25,6.8910e-28,9.0387e-27,1.8160e-22,4.8048e-19
4.13147,300.10,4.7454e-19,3.5658e-26,3.4698e-27,1.4766e-28,3.2040e-26,1.8576e-25,6.6380e-28,8.6370e-27,1.7688e-22,4.7436e-19
4.13285,300.00,4.6846e-19,3.5732e-26,3.3589e-27,1.4388e-28,3.2229e-26,1.7736e-25,6.3888e-28,8.2383e-27,1.7228e-22,4.6829e-19
4.13422,299.90,4.6245e-19,3.5786e-26,3.2483e-27,1.4012e-28,3.2397e-26,1.6907e-25,6.1436e-28,7.8434e-27,1.6779e-22,4.6228e-19
4.13560,299.80,4.5649e-19,3.5819e-26,3.1381e-27,1.3639e-28,3.2545e-26,1.6091e-25,5.9024e-28,7.4530e-27,1.6342e-22,4.5632e-19
4.13697,299.70,4.5058e-19,3.5832e-26,3.0284e-27,1.3268e-28,3.2671e-26,1.5288e-25,5.6654e-28,7.0680e-27,1.5916e-22,4.5042e-19
4.13835,299.60,4.4473e-19,3.5824e-26,2.9194e-27,1.2900e-28,3.2776e-26,1.4500e-25,5.4327e-28,6.6890e-27,1.5500e-22,4.4458e-19
4.13972,299.50,4.3894e-19,3.5796e-26,2.8110e-27,1.2536e-28,3.2860e-26,1.3727e-25,5.2044e-28,6.3167e-27,1.5096e-22,4.3879e-19
4.14110,299.40,4.3320e-19,3.5748e-26,2.7036e-27,1.2174e-28,3.2923e-26,1.2970e-25,4.9806e-28,5.9519e-27,1.4701e-22,4.3305e-19
4.14248,299.30,4.2752e-19,3.5680e-26,2.5971e-27,1.1816e-28,3.2964e-26,1.2231e-25,4.7613e-28,5.5952e-27,1.4317e-22,4.2737e-19
4.14385,299.20,4.2189e-19,3.5591e-26,2.4917e-27,1.1462e-28,3.2985e-26,1.1509e-25,4.5468e-28,5.2475e-27,1.3943e-22,4.2175e-19
4.14523,299.10,4.1632e-19,3.5482e-26,2.3875e-27,1.1112e-28,3.2984e-26,1.0805e-25,4.3370e-28,4.9092e-27,1.3578e-22,4.1618e-19
4.14660,299.00,4.1080e-19,3.5354e-26,2.2846e-27,1.0766e-28,3.2962e-26,1.0121e-25,4.1321e-28,4.5812e-27,1.3223e-22,4.1067e-19
4.14798,298.90,4.0534e-19,3.5206e-26,2.1831e-27,1.0425e-28,3.2919e-26,9.4573e-26,3.9321e-28,4.2640e-27,1.2877e-22,4.0521e-19
4.14935,298.80,3.9993e-19,3.5038e-26,2.0831e-27,1.0088e-28,3.2854e-26,8.8142e-26,3.7371e-28,3.9583e-27,1.2540e-22,3.9980e-19
4.15073,298.70,3.9457e-19,3.4852e-26,1.9847e-27,9.7549e-29,3.2769e-26,8.1925e-26,3.5472e-28,3.6647e-27,1.2212e-22,3.9445e-19
4.15211,298.61,3.8927e-19,3.4646e-26,1.8880e-27,9.4270e-29,3.2664e-26,7.5930e-26,3.3625e-28,3.3838e-27,1.1892e-22,3.8916e-19
4.15348,298.51,3.8403e-19,3.4422e-26,1.7931e-27,9.1039e-29,3.2538e-26,7.0161e-26,3.1829e-28,3.1162e-27,1.1581e-22,3.8391e-19
4.15486,298.41,3.7884e-19,3.4179e-26,1.7001e-27,8.7858e-29,3.2391e-26,6.4624e-26,3.0086e-28,2.8624e-27,1.1278e-22,3.7872e-19
4.15623,298.31,3.7370e-19,3.3919e-26,1.6091e-27,8.4728e-29,3.2225e-26,5.9326e-26,2.8395e-28,2.6230e-27,1.0982e-22,3.7359e-19
4.15761,298.21,3.6861e-19,3.3641e-26,1.5201e-27,8.1649e-29,3.2039e-26,5.4269e-26,2.6758e-28,2.3985e-27,1.0695e-22,3.6850e-19
4.15898,298.11,3.6358e-19,3.3346e-26,1.4334e-27,7.8624e-29,3.1834e-26,4.9460e-26,2.5175e-28,2.1893e-27,1.0415e-22,3.6348e-19
4.16036,298.01,3.5860e-19,3.3034e-26,1.3488e-27,7.5652e-29,3.1609e-26,4.4902e-26,2.3646e-28,1.9960e-27,1.0142e-22,3.5850e-19
4.16173,297.91,3.5367e-19,3.2706e-26,1.2666e-27,7.2735e-29,3.1366e-26,4.0599e-26,2.2171e-28,1.8190e-27,9.8769e-23,3.5357e-19
4.16311,297.82,3.4880e-19,3.2362e-26,1.1867e-27,6.9873e-29,3.1105e-26,3.6554e-26,2.0751e-28,1.6588e-27,9.6185e-23,3.4870e-19
4.16449,297.72,3.4398e-19,3.2003e-26,1.1093e-27,6.7068e-29,3.0826e-26,3.2770e-26,1.9385e-28,1.5156e-27,9.3669e-23,3.4388e-19
4.16586,297.62,3.3921e-19,3.1629e-26,1.0344e-27,6.4319e-29,3.0530e-26,2.9250e-26,1.8075e-28,1.3899e-27,9.1221e-23,3.3911e-19
4.16724,297.52,3.3449e-19,3.1240e-26,9.6203e-28,6.1629e-29,3.0217e-26,2.5997e-26,1.6819e-28,1.2821e-27,8.8837e-23,3.3440e-19
4.16861,297.42,3.2982e-19,3.0838e-26,8.9230e-28,5.8998e-29,2.9887e-26,2.3012e-26,1.5618e-28,1.1924e-27,8.6517e-23,3.2973e-19
4.16999,297.33,3.2520e-19,3.0423e-26,8.2524e-28,5.6426e-29,2.9541e-26,2.0296e-26,1.4472e-28,1.1212e-27,8.4259e-23,3.2512e-19
4.17136,297.23,3.2064e-19,2.9995e-26,7.6091e-28,5.3914e-29,2.9180e-26,1.7851e-26,1.3381e-28,1.0687e-27,8.2061e-23,3.2056e-19
4.17274,297.13,3.1612e-19,2.9554e-26,6.9935e-28,5.1463e-29,2.8804e-26,1.5678e-26,1.2345e-28,1.0351e-27,7.9922e-23,3.1604e-19
4.17411,297.03,3.1166e-19,2.9102e-26,6.4060e-28,4.9074e-29,2.8413e-26,1.3777e-26,1.1363e-28,1.0207e-27,7.7840e-23,3.1158e-19
4.17549,296.93,3.0724e-19,2.8639e-26,5.8470e-28,4.6747e-29,2.8008e-26,1.2148e-26,1.0435e-28,1.0256e-27,7.5814e-23,3.0717e-19
4.17687,296.84,3.0288e-19,2.8165e-26,5.3169e-28,4.4482e-29,2.7589e-26,1.0791e-26,9.5617e-29,1.0501e-27,7.3843e-23,3.0281e-19
4.17824,296.74,2.9856e-19,2.7682e-26,4.8160e-28,4.2279e-29,2.7158e-26,9.7053e-27,8.7419e-29,1.0941e-27,7.1924e-23,2.9849e-19
4.17962,296.64,2.9430e-19,2.7189e-26,4.3446e-28,4.0140e-29,2.6714e-26,8.8894e-27,7.9753e-29,1.1578e-27,7.0058e-23,2.9423e-19
4.18099,296.54,2.9008e-19,2.6687e-26,3.9030e-28,3.8064e-29,2.6259e-26,8.3422e-27,7.2616e-29,1.2414e-27,6.8242e-23,2.9001e-19
4.18237,296.45,2.8591e-19,2.6177e-26,3.4914e-28,3.6051e-29,2.5792e-26,8.0619e-27,6.6004e-29,1.3447e-27,6.6474e-23,2.8584e-19
4.18374,296.35,2.8179e-19,2.5660e-26,3.1099e-28,3.4100e-29,2.5314e-26,8.0465e-27,5.9911e-29,1.4679e-27,6.4755e-23,2.8173e-19
4.18512,296.25,2.7772e-19,2.5135e-26,2.7588e-28,3.2213e-29,2.4827e-26,8.2935e-27,5.4331e-29,1.6109e-27,6.3083e-23,2.7765e-19
4.18649,296.15,2.7369e-19,2.4605e-26,2.4381e-28,3.0388e-29,2.4331e-26,8.8002e-27,4.9259e-29,1.7736e-27,6.1455e-23,2.7363e-19
4.18787,296.06,2.6971e-19,2.4069e-26,2.1479e-28,2.8625e-29,2.3826e-26,9.5635e-27,4.4688e-29,1.9560e-27,5.9872e-23,2.6965e-19
4.18925,295.96,2.6578e-19,2.3528e-26,1.8881e-28,2.6924e-29,2.3313e-26,1.0580e-26,4.0612e-29,2.1579e-27,5.8332e-23,2.6572e-19
4.19062,295.86,2.6190e-19,2.2984e-26,1.6588e-28,2.5285e-29,2.2792e-26,1.1846e-26,3.7022e-29,2.3794e-27,5.6834e-23,2.6184e-19
4.19200,295.76,2.5806e-19,2.2435e-26,1.4598e-28,2.3707e-29,2.2266e-26,1.3357e-26,3.3913e-29,2.6200e-27,5.5377e-23,2.5800e-19
4.19337,295.67,2.5427e-19,2.1884e-26,1.2910e-28,2.2191e-29,2.1733e-26,1.5110e-26,3.1275e-29,2.8798e-27,5.3960e-23,2.5421e-19
4.19475,295.57,2.5052e-19,2.1331e-26,1.1524e-28,2.0734e-29,2.1195e-26,1.7099e-26,2.9101e-29,3.1584e-27,5.2581e-23,2.5047e-19
4.19612,295.47,2.4682e-19,2.0776e-26,1.0436e-28,1.9339e-29,2.0652e-26,1.9320e-26,2.7381e-29,3.4557e-27,5.1240e-23,2.4677e-19
4.19750,295.38,2.4316e-19,2.0221e-26,9.6450e-29,1.8003e-29,2.0106e-26,2.1767e-26,2.6107e-29,3.7713e-27,4.9936e-23,2.4311e-19
4.19887,295.28,2.3955e-19,1.9665e-26,9.1479e-29,1.6727e-29,1.9557e-26,2.4435e-26,2.5269e-29,4.1049e-27,4.8668e-23,2.3950e-19
4.20025,295.18,2.3598e-19,1.9109e-26,8.9419e-29,1.5510e-29,1.9004e-26,2.7319e-26,2.4858e-29,4.4563e-27,4.7434e-23,2.3594e-19
4.20163,295.09,2.3246e-19,1.8555e-26,9.0239e-29,1.4351e-29,1.8450e-26,3.0412e-26,2.4863e-29,4.8250e-27,4.6234e-23,2.3241e-19
4.20300,294.99,2.2898e-19,1.8002e-26,9.3904e-29,1.3251e-29,1.7895e-26,3.3708e-26,2.5274e-29,5.2108e-27,4.5067e-23,2.2894e-19
4.20438,294.89,2.2554e-19,1.7452e-26,1.0038e-28,1.2209e-29,1.7339e-26,3.7201e-26,2.6081e-29,5.6132e-27,4.3933e-23,2.2550e-19
4.20575,294.80,2.2215e-19,1.6904e-26,1.0962e-28,1.1224e-29,1.6784e-26,4.0884e-26,2.7273e-29,6.0317e-27,4.2829e-23,2.2211e-19
4.20713,294.70,2.1880e-19,1.6360e-26,1.2159e-28,1.0295e-29,1.6228e-26,4.4751e-26,2.8839e-29,6.4660e-27,4.1756e-23,2.1876e-19
4.20850,294.60,2.1549e-19,1.5820e-26,1.3624e-28,9.4222e-30,1.5675e-26,4.8794e-26,3.0767e-29,6.9156e-27,4.0713e-23,2.1545e-19
4.20988,294.51,2.1222e-19,1.5285e-26,1.5353e-28,8.6037e-30,1.5123e-26,5.3007e-26,3.3046e-29,7.3800e-27,3.9698e-23,2.1218e-19
4.21125,294.41,2.0900e-19,1.4755e-26,1.7340e-28,7.8389e-30,1.4574e-26,5.7381e-26,3.5664e-29,7.8586e-27,3.8711e-23,2.0896e-19
4.21263,294.32,2.0581e-19,1.4231e-26,1.9580e-28,7.1269e-30,1.4028e-26,6.1909e-26,3.8609e-29,8.3510e-27,3.7751e-23,2.0577e-19
4.21401,294.22,2.0267e-19,1.3713e-26,2.2067e-28,6.4665e-30,1.3486e-26,6.6585e-26,4.1869e-29,8.8566e-27,3.6818e-23,2.0263e-19
4.21538,294.12,1.9956e-19,1.3202e-26,2.4796e-28,5.8568e-30,1.2948e-26,7.1399e-26,4.5432e-29,9.3748e-27,3.5911e-23,1.9953e-19
4.21676,294.03,1.9650e-19,1.2699e-26,2.7759e-28,5.2965e-30,1.2416e-26,7.6344e-26,4.9284e-29,9.9051e-27,3.5029e-23,1.9647e-19
4.21813,293.93,1.9348e-19,1.2204e-26,3.0951e-28,4.7847e-30,1.1890e-26,8.1411e-26,5.3415e-29,1.0447e-26,3.4171e-23,1.9344e-19
4.21951,293.84,1.9049e-19,1.1718e-26,3.4364e-28,4.3201e-30,1.1370e-26,8.6594e-26,5.7811e-29,1.0999e-26,3.3337e-23,1.9046e-19
4.22088,293.74,1.8755e-19,1.1240e-26,3.7991e-28,3.9019e-30,1.0857e-26,9.1882e-26,6.2458e-29,1.1562e-26,3.2526e-23,1.8751e-19
4.22226,293.64,1.8464e-19,1.0773e-26,4.1825e-28,3.5288e-30,1.0351e-26,9.7269e-26,6.7345e-29,1.2135e-26,3.1737e-23,1.8461e-19
4.22363,293.55,1.8177e-19,1.0315e-26,4.5859e-28,3.1998e-30,9.8535e-27,1.0275e-25,7.2458e-29,1.2716e-26,3.0970e-23,1.8174e-19
4.22501,293.45,1.7894e-19,9.8685e-27,5.0083e-28,2.9141e-30,9.3647e-27,1.0830e-25,7.7784e-29,1.3305e-26,3.0224e-23,1.7891e-19
4.22639,293.36,1.7615e-19,9.4327e-27,5.4491e-28,2.6705e-30,8.8851e-27,1.1393e-25,8.3310e-29,1.3902e-26,2.9499e-23,1.7612e-19
4.22776,293.26,1.7339e-19,9.0083e-27,5.9075e-28,2.4681e-30,8.4151e-27,1.1963e-25,8.9022e-29,1.4506e-26,2.8794e-23,1.7336e-19
4.22914,293.17,1.7067e-19,8.5958e-27,6.3825e-28,2.3059e-30,7.9553e-27,1.2538e-25,9.4909e-29,1.5116e-26,2.8109e-23,1.7064e-19
4.23051,293.07,1.6799e-19,8.1955e-27,6.8734e-28,2.1830e-30,7.5060e-27,1.3117e-25,1.0096e-28,1.5732e-26,2.7442e-23,1.6796e-19
4.23189,292.98,1.6534e-19,7.8077e-27,7.3794e-28,2.0982e-30,7.0677e-27,1.3701e-25,1.0715e-28,1.6352e-26,2.6794e-23,1.6532e-19
4.23326,292.88,1.6273e-19,7.4328e-27,7.8996e-28,2.0504e-30,6.6408e-27,1.4287e-25,1.1348e-28,1.6976e-26,2.6164e-23,1.6271e-19
4.23464,292.79,1.6016e-19,7.0711e-27,8.4331e-28,2.0386e-30,6.2258e-27,1.4876e-25,1.1993e-28,1.7603e-26,2.5551e-23,1.6013e-19
4.23602,292.69,1.5762e-19,6.7229e-27,8.9791e-28,2.0616e-30,5.8229e-27,1.5466e-25,1.2649e-28,1.8233e-26,2.4955e-23,1.5759e-19
4.23739,292.60,1.5511e-19,6.3885e-27,9.5368e-28,2.1181e-30,5.4327e-27,1.6056e-25,1.3314e-28,1.8865e-26,2.4375e-23,1.5509e-19
4.23877,292.50,1.5264e-19,6.0682e-27,1.0105e-27,2.2070e-30,5.0554e-27,1.6646e-25,1.3988e-28,1.9498e-26,2.3812e-23,1.5261e-19
4.24014,292.41,1.5020e-19,5.7621e-27,1.0684e-27,2.3267e-30,4.6914e-27,1.7234e-25,1.4668e-28,2.0131e-26,2.3264e-23,1.5018e-19
4.24152,292.31,1.4780e-19,5.4706e-27,1.1271e-27,2.4762e-30,4.3411e-27,1.7821e-25,1.5355e-28,2.0764e-26,2.2731e-23,1.4777e-19
4.24289,292.22,1.4543e-19,5.1940e-27,1.1866e-27,2.6539e-30,4.0047e-27,1.8404e-25,1.6045e-28,2.1395e-26,2.2212e-23,1.4540e-19
4.24427,292.12,1.4309e-19,4.9323e-27,1.2469e-27,2.8585e-30,3.6825e-27,1.8984e-25,1.6739e-28,2.2025e-26,2.1708e-23,1.4307e-19
4.24564,292.03,1.4078e-19,4.6858e-27,1.3078e-27,3.0888e-30,3.3749e-27,1.9559e-25,1.7435e-28,2.2651e-26,2.1218e-23,1.4076e-19
4.24702,291.93,1.3851e-19,4.4548e-27,1.3692e-27,3.3434e-30,3.0822e-27,2.0129e-25,1.8132e-28,2.3275e-26,2.0741e-23,1.3849e-19
4.24840,291.84,1.3627e-19,4.2392e-27,1.4311e-27,3.6210e-30,2.8045e-27,2.0693e-25,1.8828e-28,2.3894e-26,2.0277e-23,1.3625e-19
4.24977,291.74,1.3406e-19,4.0393e-27,1.4934e-27,3.9205e-30,2.5420e-27,2.1250e-25,1.9523e-28,2.4509e-26,1.9826e-23,1.3404e-19
4.25115,291.65,1.3188e-19,3.8552e-27,1.5559e-27,4.2406e-30,2.2950e-27,2.1799e-25,2.0215e-28,2.5118e-26,1.9387e-23,1.3186e-19
4.25252,291.55,1.2973e-19,3.6868e-27,1.6185e-27,4.5803e-30,2.0637e-27,2.2340e-25,2.0903e-28,2.5720e-26,1.8961e-23,1.2971e-19
4.25390,291.46,1.2762e-19,3.5344e-27,1.6813e-27,4.9385e-30,1.8482e-27,2.2872e-25,2.1586e-28,2.6316e-26,1.8545e-23,1.2760e-19
4.25527,291.37,1.2553e-19,3.3979e-27,1.7440e-27,5.3141e-30,1.6485e-27,2.3394e-25,2.2263e-28,2.6904e-26,1.8141e-23,1.2551e-19
4.25665,291.27,1.2347e-19,3.2772e-27,1.8067e-27,5.7062e-30,1.4648e-27,2.3906e-25,2.2933e-28,2.7484e-26,1.7748e-23,1.2345e-19
4.25802,291.18,1.2145e-19,3.1724e-27,1.8691e-27,6.1137e-30,1.2972e-27,2.4406e-25,2.3595e-28,2.8054e-26,1.7366e-23,1.2143e-19
4.25940,291.08,1.1945e-19,3.0834e-27,1.9313e-27,6.5357e-30,1.1456e-27,2.4895e-25,2.4247e-28,2.8615e-26,1.6994e-23,1.1943e-19
4.26078,290.99,1.1748e-19,3.0102e-27,1.9931e-27,6.9712e-30,1.0101e-27,2.5372e-25,2.4890e-28,2.9165e-26,1.6632e-23,1.1746e-19
4.26215,290.90,1.1554e-19,2.9526e-27,2.0545e-27,7.4191e-30,8.9072e-28,2.5835e-25,2.5521e-28,2.9705e-26,1.6279e-23,1.1552e-19
4.26353,290.80,1.1362e-19,2.9106e-27,2.1153e-27,7.8785e-30,7.8738e-28,2.6285e-25,2.6140e-28,3.0233e-26,1.5936e-23,1.1361e-19
4.26490,290.71,1.1174e-19,2.8840e-27,2.1756e-27,8.3481e-30,7.0006e-28,2.6721e-25,2.6746e-28,3.0748e-26,1.5603e-23,1.1172e-19
4.26628,290.61,1.0988e-19,2.8727e-27,2.2351e-27,8.8271e-30,6.2872e-28,2.7142e-25,2.7339e-28,3.1251e-26,1.5278e-23,1.0987e-19
4.26765,290.52,1.0805e-19,2.8765e-27,2.2939e-27,9.3142e-30,5.7327e-28,2.7548e-25,2.7917e-28,3.1740e-26,1.4962e-23,1.0804e-19
4.26903,290.43,1.0625e-19,2.8953e-27,2.3519e-27,9.8083e-30,5.3364e-28,2.7938e-25,2.8479e-28,3.2216e-26,1.4654e-23,1.0623e-19
4.27040,290.33,1.0447e-19,2.9290e-27,2.4090e-27,1.0308e-29,5.0973e-28,2.8312e-25,2.9025e-28,3.2677e-26,1.4354e-23,1.0446e-19
4.27178,290.24,1.0272e-19,2.9773e-27,2.4650e-27,1.0813e-29,5.0143e-28,2.8669e-25,2.9554e-28,3.3123e-26,1.4063e-23,1.0271e-19
4.27316,290.15,1.0099e-19,3.0400e-27,2.5200e-27,1.1322e-29,5.0861e-28,2.9009e-25,3.0065e-28,3.3553e-26,1.3778e-23,1.0098e-19
4.27453,290.05,9.9296e-20,3.1169e-27,2.5739e-27,1.1833e-29,5.3113e-28,2.9332e-25,3.0558e-28,3.3967e-26,1.3502e-23,9.9282e-20
4.27591,289.96,9.7622e-20,3.2078e-27,2.6266e-27,1.2346e-29,5.6882e-28,2.9638e-25,3.1032e-28,3.4365e-26,1.3232e-23,9.7608e-20
4.27728,289.87,9.5973e-20,3.3124e-27,2.6780e-27,1.2859e-29,6.2151e-28,2.9925e-25,3.1486e-28,3.4746e-26,1.2970e-23,9.5960e-20
4.27866,289.77,9.4349e-20,3.4305e-27,2.7282e-27,1.3373e-29,6.8897e-28,3.0193e-25,3.1920e-28,3.5109e-26,1.2714e-23,9.4336e-20
4.28003,289.68,9.2749e-20,3.5617e-27,2.7769e-27,1.3885e-29,7.7099e-28,3.0443e-25,3.2333e-28,3.5455e-26,1.2465e-23,9.2737e-20
4.28141,289.59,9.1174e-20,3.7058e-27,2.8241e-27,1.4396e-29,8.6731e-28,3.0674e-25,3.2725e-28,3.5783e-26,1.2223e-23,9.1161e-20
4.28278,289.49,8.9622e-20,3.8624e-27,2.8699e-27,1.4905e-29,9.7766e-28,3.0885e-25,3.3096e-28,3.6092e-26,1.1986e-23,8.9610e-20
4.28416,289.40,8.8094e-20,4.0312e-27,2.9141e-27,1.5410e-29,1.1017e-27,3.1077e-25,3.3444e-28,3.6382e-26,1.1756e-23,8.8082e-20
4.28554,289.31,8.6589e-20,4.2118e-27,2.9566e-27,1.5912e-29,1.2392e-27,3.1250e-25,3.3769e-28,3.6653e-26,1.1531e-23,8.6577e-20
4.28691,289.22,8.5106e-20,4.4037e-27,2.9975e-27,1.6409e-29,1.3898e-27,3.1402e-25,3.4072e-28,3.6905e-26,1.1312e-23,8.5095e-20
4.28829,289.12,8.3647e-20,4.6067e-27,3.0367e-27,1.6902e-29,1.5531e-27,3.1535e-25,3.4351e-28,3.7137e-26,1.1099e-23,8.3635e-20
4.28966,289.03,8.2209e-20,4.8202e-27,3.0740e-27,1.7390e-29,1.7288e-27,3.1648e-25,3.4607e-28,3.7349e-26,1.0891e-23,8.2198e-20
4.29104,288.94,8.0794e-20,5.0440e-27,3.1096e-27,1.7871e-29,1.9165e-27,3.1740e-25,3.4839e-28,3.7541e-26,1.0688e-23,8.0783e-20
4.29241,288.84,7.9401e-20,5.2774e-27,3.1434e-27,1.8346e-29,2.1157e-27,3.1813e-25,3.5047e-28,3.7713e-26,1.0490e-23,7.9390e-20
4.29379,288.75,7.8028e-20,5.5202e-27,3.1753e-27,1.8814e-29,2.3262e-27,3.1865e-25,3.5231e-28,3.7864e-26,1.0297e-23,7.8018e-20
4.29516,288.66,7.6678e-20,5.7719e-27,3.2052e-27,1.9274e-29,2.5474e-27,3.1897e-25,3.5391e-28,3.7994e-26,1.0108e-23,7.6667e-20
4.29654,288.57,7.5348e-20,6.0320e-27,3.2332e-27,1.9726e-29,2.7791e-27,3.1909e-25,3.5526e-28,3.8104e-26,9.9243e-24,7.5337e-20
4.29792,288.48,7.4038e-20,6.3001e-27,3.2592e-27,2.0168e-29,3.0207e-27,3.1900e-25,3.5636e-28,3.8193e-26,9.7448e-24,7.4028e-20
4.29929,288.38,7.2749e-20,6.5758e-27,3.2833e-27,2.0601e-29,3.2719e-27,3.1872e-25,3.5722e-28,3.8261e-26,9.5696e-24,7.2739e-20
4.30067,288.29,7.1481e-20,6.8585e-27,3.3053e-27,2.1024e-29,3.5322e-27,3.1824e-25,3.5784e-28,3.8307e-26,9.3986e-24,7.1471e-20
4.30204,288.20,7.0232e-20,7.1480e-27,3.3253e-27,2.1436e-29,3.8012e-27,3.1756e-25,3.5821e-28,3.8333e-26,9.2316e-24,7.0222e-20
4.30342,288.11,6.9002e-20,7.4436e-27,3.3432e-27,2.1837e-29,4.0786e-27,3.1668e-25,3.5833e-28,3.8338e-26,9.0684e-24,6.8993e-20
4.30479,288.01,6.7792e-20,7.7450e-27,3.3591e-27,2.2226e-29,4.3637e-27,3.1561e-25,3.5821e-28,3.8322e-26,8.9091e-24,6.7783e-20
4.30617,287.92,6.6601e-20,8.0516e-27,3.3728e-27,2.2603e-29,4.6562e-27,3.1434e-25,3.5785e-28,3.8285e-26,8.7534e-24,6.6592e-20
4.30754,287.83,6.5429e-20,8.3631e-27,3.3845e-27,2.2968e-29,4.9557e-27,3.1289e-25,3.5724e-28,3.8227e-26,8.6012e-24,6.5420e-20
4.30892,287.74,6.4275e-20,8.6788e-27,3.3940e-27,2.3319e-29,5.2615e-27,3.1125e-25,3.5640e-28,3.8148e-26,8.4525e-24,6.4266e-20
4.31030,287.65,6.3140e-20,8.9984e-27,3.4014e-27,2.3658e-29,5.5733e-27,3.0942e-25,3.5532e-28,3.8049e-26,8.3071e-24,6.3131e-20
4.31167,287.55,6.2022e-20,9.3213e-27,3.4067e-27,2.3984e-29,5.8906e-27,3.0741e-25,3.5401e-28,3.7929e-26,8.1649e-24,6.2014e-20
4.31305,287.46,6.0923e-20,9.6471e-27,3.4099e-27,2.4296e-29,6.2129e-27,3.0522e-25,3.5246e-28,3.7789e-26,8.0258e-24,6.0914e-20
4.31442,287.37,5.9840e-20,9.9751e-27,3.4110e-27,2.4595e-29,6.5395e-27,3.0285e-25,3.5069e-28,3.7629e-26,7.8897e-24,5.9832e-20
4.31580,287.28,5.8776e-20,1.0305e-26,3.4099e-27,2.4881e-29,6.8701e-27,3.0032e-25,3.4869e-28,3.7449e-26,7.7566e-24,5.8768e-20
4.31717,287.19,5.7728e-20,1.0636e-26,3.4068e-27,2.5154e-29,7.2041e-27,2.9761e-25,3.4647e-28,3.7250e-26,7.6262e-24,5.7720e-20
4.31855,287.10,5.6697e-20,1.0968e-26,3.4015e-27,2.5413e-29,7.5410e-27,2.9474e-25,3.4403e-28,3.7031e-26,7.4987e-24,5.6689e-20
4.31992,287.01,5.5683e-20,1.1300e-26,3.3942e-27,2.5658e-29,7.8803e-27,2.9171e-25,3.4138e-28,3.6793e-26,7.3737e-24,5.5675e-20
4.32130,286.91,5.4685e-20,1.1632e-26,3.3848e-27,2.5890e-29,8.2214e-27,2.8853e-25,3.3852e-28,3.6536e-26,7.2513e-24,5.4678e-20
4.32268,286.82,5.3703e-20,1.1963e-26,3.3734e-27,2.6109e-29,8.5638e-27,2.8519e-25,3.3546e-28,3.6261e-26,7.1314e-24,5.3696e-20
4.32405,286.73,5.2738e-20,1.2293e-26,3.3600e-27,2.6313e-29,8.9071e-27,2.8171e-25,3.3220e-28,3.5967e-26,7.0139e-24,5.2730e-20
4.32543,286.64,5.1787e-20,1.2622e-26,3.3445e-27,2.6504e-29,9.2507e-27,2.7808e-25,3.2874e-28,3.5656e-26,6.8987e-24,5.1780e-20
4.32680,286.55,5.0853e-20,1.2948e-26,3.3272e-27,2.6680e-29,9.5941e-27,2.7432e-25,3.2510e-28,3.5328e-26,6.7858e-24,5.0846e-20
4.32818,286.46,4.9933e-20,1.3272e-26,3.3078e-27,2.6843e-29,9.9370e-27,2.7043e-25,3.2127e-28,3.4982e-26,6.6750e-24,4.9926e-20
4.32955,286.37,4.9029e-20,1.3592e-26,3.2866e-27,2.6991e-29,1.0279e-26,2.6640e-25,3.1727e-28,3.4620e-26,6.5663e-24,4.9022e-20
4.33093,286.28,4.8139e-20,1.3910e-26,3.2635e-27,2.7125e-29,1.0619e-26,2.6226e-25,3.1309e-28,3.4242e-26,6.4597e-24,4.8132e-20
4.33231,286.19,4.7264e-20,1.4223e-26,3.2386e-27,2.7244e-29,1.0957e-26,2.5800e-25,3.0875e-28,3.3848e-26,6.3550e-24,4.7258e-20
4.33368,286.09,4.6404e-20,1.4532e-26,3.2119e-27,2.7350e-29,1.1293e-26,2.5364e-25,3.0426e-28,3.3439e-26,6.2523e-24,4.6397e-20
4.33506,286.00,4.5557e-20,1.4836e-26,3.1834e-27,2.7441e-29,1.1626e-26,2.4916e-25,2.9961e-28,3.3016e-26,6.1514e-24,4.5551e-20
4.33643,285.91,4.4725e-20,1.5136e-26,3.1532e-27,2.7518e-29,1.1955e-26,2.4459e-25,2.9481e-28,3.2578e-26,6.0522e-24,4.4718e-20
4.33781,285.82,4.3906e-20,1.5430e-26,3.1214e-27,2.7581e-29,1.2281e-26,2.3993e-25,2.8988e-28,3.2127e-26,5.9548e-24,4.3900e-20
4.33918,285.73,4.3101e-20,1.5718e-26,3.0878e-27,2.7630e-29,1.2602e-26,2.3518e-25,2.8482e-28,3.1662e-26,5.8591e-24,4.3095e-20
4.34056,285.64,4.2309e-20,1.5999e-26,3.0527e-27,2.7666e-29,1.2919e-26,2.3035e-25,2.7963e-28,3.1185e-26,5.7649e-24,4.2303e-20
4.34193,285.55,4.1530e-20,1.6274e-26,3.0161e-27,2.7688e-29,1.3230e-26,2.2544e-25,2.7432e-28,3.0696e-26,5.6724e-24,4.1524e-20
4.34331,285.46,4.0765e-20,1.6542e-26,2.9779e-27,2.7698e-29,1.3536e-26,2.2047e-25,2.6891e-28,3.0195e-26,5.5813e-24,4.0759e-20
4.34469,285.37,4.0012e-20,1.6803e-26,2.9384e-27,2.7696e-29,1.3836e-26,2.1543e-25,2.6339e-28,2.9683e-26,5.4917e-24,4.0006e-20
4.34606,285.28,3.9272e-20,1.7055e-26,2.8974e-27,2.7681e-29,1.4130e-26,2.1034e-25,2.5778e-28,2.9161e-26,5.4035e-24,3.9266e-20
4.34744,285.19,3.8544e-20,1.7300e-26,2.8551e-27,2.7654e-29,1.4417e-26,2.0520e-25,2.5208e-28,2.8629e-26,5.3167e-24,3.8538e-20
4.34881,285.10,3.7828e-20,1.7536e-26,2.8115e-27,2.7616e-29,1.4697e-26,2.0001e-25,2.4630e-28,2.8089e-26,5.2312e-24,3.7823e-20
4.35019,285.01,3.7125e-20,1.7763e-26,2.7667e-27,2.7567e-29,1.4969e-26,1.9479e-25,2.4045e-28,2.7539e-26,5.1470e-24,3.7119e-20
4.35156,284.92,3.6433e-20,1.7981e-26,2.7207e-27,2.7507e-29,1.5233e-26,1.8954e-25,2.3453e-28,2.6982e-26,5.0640e-24,3.6428e-20
4.35294,284.83,3.5753e-20,1.8190e-26,2.6736e-27,2.7435e-29,1.5489e-26,1.8426e-25,2.2856e-28,2.6417e-26,4.9822e-24,3.5748e-20
4.35431,284.74,3.5084e-20,1.8390e-26,2.6255e-27,2.7353e-29,1.5737e-26,1.7896e-25,2.2254e-28,2.5846e-26,4.9016e-24,3.5079e-20
4.35569,284.65,3.4427e-20,1.8579e-26,2.5764e-27,2.7261e-29,1.5975e-26,1.7366e-25,2.1647e-28,2.5269e-26,4.8221e-24,3.4422e-20
4.35707,284.56,3.3781e-20,1.8758e-26,2.5264e-27,2.7158e-29,1.6205e-26,1.6834e-25,2.1038e-28,2.4686e-26,4.7437e-24,3.3776e-20
4.35844,284.47,3.3146e-20,1.8928e-26,2.4756e-27,2.7045e-29,1.6425e-26,1.6303e-25,2.0426e-28,2.4099e-26,4.6664e-24,3.3141e-20
4.35982,284.38,3.2522e-20,1.9086e-26,2.4239e-27,2.6922e-29,1.6635e-26,1.5773e-25,1.9812e-28,2.3507e-26,4.5900e-24,3.2517e-20
4.36119,284.29,3.1909e-20,1.9234e-26,2.3716e-27,2.6790e-29,1.6836e-26,1.5243e-25,1.9196e-28,2.2912e-26,4.5147e-24,3.1904e-20
4.36257,284.20,3.1306e-20,1.9372e-26,2.3186e-27,2.6647e-29,1.7027e-26,1.4716e-25,1.8581e-28,2.2314e-26,4.4403e-24,3.1301e-20
4.36394,284.11,3.0713e-20,1.9498e-26,2.2649e-27,2.6496e-29,1.7207e-26,1.4191e-25,1.7966e-28,2.1714e-26,4.3669e-24,3.0708e-20
4.36532,284.02,3.0130e-20,1.9614e-26,2.2108e-27,2.6336e-29,1.7376e-26,1.3669e-25,1.7352e-28,2.1112e-26,4.2944e-24,3.0126e-20
4.36669,283.93,2.9558e-20,1.9718e-26,2.1561e-27,2.6167e-29,1.7535e-26,1.3151e-25,1.6741e-28,2.0510e-26,4.2228e-24,2.9554e-20
4.36807,283.84,2.8995e-20,1.9811e-26,2.1011e-27,2.5991e-29,1.7684e-26,1.2637e-25,1.6132e-28,1.9907e-26,4.1520e-24,2.8991e-20
4.36945,283.75,2.8442e-20,1.9892e-26,2.0457e-27,2.5807e-29,1.7821e-26,1.2128e-25,1.5526e-28,1.9304e-26,4.0820e-24,2.8438e-20
4.37082,283.66,2.7899e-20,1.9962e-26,1.9900e-27,2.5615e-29,1.7946e-26,1.1624e-25,1.4924e-28,1.8703e-26,4.0129e-24,2.7895e-20
4.37220,283.57,2.7365e-20,2.0020e-26,1.9341e-27,2.5417e-29,1.8061e-26,1.1126e-25,1.4328e-28,1.8102e-26,3.9446e-24,2.7361e-20
4.37357,283.48,2.6841e-20,2.0067e-26,1.8781e-27,2.5213e-29,1.8164e-26,1.0635e-25,1.3737e-28,1.7505e-26,3.8770e-24,2.6837e-20
4.37495,283.40,2.6325e-20,2.0102e-26,1.8219e-27,2.5003e-29,1.8255e-26,1.0150e-25,1.3152e-28,1.6909e-26,3.8101e-24,2.6321e-20
4.37632,283.31,2.5819e-20,2.0126e-26,1.7658e-27,2.4788e-29,1.8335e-26,9.6733e-26,1.2574e-28,1.6318e-26,3.7440e-24,2.5815e-20
4.37770,283.22,2.5321e-20,2.0137e-26,1.7097e-27,2.4568e-29,1.8403e-26,9.2043e-26,1.2004e-28,1.5730e-26,3.6786e-24,2.5317e-20
4.37907,283.13,2.4832e-20,2.0137e-26,1.6537e-27,2.4343e-29,1.8459e-26,8.7438e-26,1.1441e-28,1.5147e-26,3.6139e-24,2.4828e-20
4.38045,283.04,2.4352e-20,2.0125e-26,1.5978e-27,2.4113e-29,1.8503e-26,8.2921e-26,1.0888e-28,1.4569e-26,3.5499e-24,2.4348e-20
4.38183,282.95,2.3880e-20,2.0102e-26,1.5422e-27,2.3880e-29,1.8535e-26,7.8499e-26,1.0344e-28,1.3996e-26,3.4866e-24,2.3876e-20
4.38320,282.86,2.3416e-20,2.0066e-26,1.4869e-27,2.3643e-29,1.8556e-26,7.4175e-26,9.8102e-29,1.3430e-26,3.4239e-24,2.3412e-20
4.38458,282.77,2.2960e-20,2.0020e-26,1.4320e-27,2.3401e-29,1.8564e-26,6.9953e-26,9.2869e-29,1.2871e-26,3.3618e-24,2.2957e-20
4.38595,282.68,2.2513e-20,1.9962e-26,1.3775e-27,2.3157e-29,1.8561e-26,6.5837e-26,8.7748e-29,1.2319e-26,3.3004e-24,2.2510e-20
4.38733,282.60,2.2073e-20,1.9892e-26,1.3235e-27,2.2909e-29,1.8546e-26,6.1832e-26,8.2744e-29,1.1775e-26,3.2396e-24,2.2070e-20
4.38870,282.51,2.1642e-20,1.9811e-26,1.2700e-27,2.2658e-29,1.8519e-26,5.7941e-26,7.7862e-29,1.1239e-26,3.1793e-24,2.1638e-20
4.39008,282.42,2.1218e-20,1.9720e-26,1.2171e-27,2.2404e-29,1.8480e-26,5.4168e-26,7.3107e-29,1.0712e-26,3.1197e-24,2.1214e-20
4.39145,282.33,2.0801e-20,1.9617e-26,1.1649e-27,2.2147e-29,1.8430e-26,5.0516e-26,6.8485e-29,1.0195e-26,3.0607e-24,2.0798e-20
4.39283,282.24,2.0392e-20,1.9504e-26,1.1133e-27,2.1888e-29,1.8369e-26,4.6988e-26,6.3999e-29,9.6871e-27,3.0022e-24,2.0389e-20
4.39421,282.15,1.9990e-20,1.9380e-26,1.0625e-27,2.1627e-29,1.8296e-26,4.3587e-26,5.9655e-29,9.1896e-27,2.9443e-24,1.9987e-20
4.39558,282.07,1.9595e-20,1.9246e-26,1.0125e-27,2.1364e-29,1.8212e-26,4.0317e-26,5.5456e-29,8.7029e-27,2.8870e-24,1.9593e-20
4.39696,281.98,1.9208e-20,1.9101e-26,9.6342e-28,2.1100e-29,1.8117e-26,3.7179e-26,5.1406e-29,8.2272e-27,2.8302e-24,1.9205e-20
4.39833,281.89,1.8827e-20,1.8947e-26,9.1519e-28,2.0835e-29,1.8011e-26,3.4177e-26,4.7509e-29,7.7630e-27,2.7740e-24,1.8824e-20
4.39971,281.80,1.8453e-20,1.8783e-26,8.6791e-28,2.0569e-29,1.7894e-26,3.1312e-26,4.3769e-29,7.3107e-27,2.7183e-24,1.8451e-20
4.40108,281.71,1.8086e-20,1.8609e-26,8.2163e-28,2.0303e-29,1.7767e-26,2.8587e-26,4.0188e-29,6.8708e-27,2.6632e-24,1.8084e-20
4.40246,281.62,1.7726e-20,1.8426e-26,7.7638e-28,2.0037e-29,1.7630e-26,2.6004e-26,3.6771e-29,6.4434e-27,2.6086e-24,1.7723e-20
4.40383,281.54,1.7372e-20,1.8234e-26,7.3222e-28,1.9772e-29,1.7482e-26,2.3564e-26,3.3520e-29,6.0290e-27,2.5545e-24,1.7369e-20
4.40521,281.45,1.7024e-20,1.8033e-26,6.8918e-28,1.9508e-29,1.7324e-26,2.1269e-26,3.0437e-29,5.6279e-27,2.5010e-24,1.7022e-20
4.40659,281.36,1.6683e-20,1.7823e-26,6.4731e-28,1.9244e-29,1.7157e-26,1.9121e-26,2.7524e-29,5.2403e-27,2.4480e-24,1.6681e-20
4.40796,281.27,1.6348e-20,1.7605e-26,6.0665e-28,1.8981e-29,1.6980e-26,1.7119e-26,2.4785e-29,4.8667e-27,2.3955e-24,1.6346e-20
4.40934,281.19,1.6019e-20,1.7379e-26,5.6723e-28,1.8720e-29,1.6793e-26,1.5266e-26,2.2221e-29,4.5071e-27,2.3436e-24,1.6017e-20
4.41071,281.10,1.5696e-20,1.7145e-26,5.2909e-28,1.8461e-29,1.6598e-26,1.3562e-26,1.9833e-29,4.1620e-27,2.2921e-24,1.5694e-20
4.41209,281.01,1.5379e-20,1.6904e-26,4.9226e-28,1.8202e-29,1.6394e-26,1.2007e-26,1.7623e-29,3.8314e-27,2.2412e-24,1.5377e-20
4.41346,280.92,1.5068e-20,1.6656e-26,4.5678e-28,1.7946e-29,1.6181e-26,1.0603e-26,1.5592e-29,3.5157e-27,2.1909e-24,1.5066e-20
4.41484,280.84,1.4762e-20,1.6401e-26,4.2268e-28,1.7691e-29,1.5960e-26,9.3483e-27,1.3741e-29,3.2149e-27,2.1410e-24,1.4760e-20
4.41622,280.75,1.4462e-20,1.6139e-26,3.8997e-28,1.7437e-29,1.5732e-26,8.2438e-27,1.2071e-29,2.9294e-27,2.0917e-24,1.4460e-20
4.41759,280.66,1.4168e-20,1.5871e-26,3.5869e-28,1.7186e-29,1.5496e-26,7.2891e-27,1.0582e-29,2.6591e-27,2.0429e-24,1.4166e-20
4.41897,280.57,1.3879e-20,1.5598e-26,3.2886e-28,1.6936e-29,1.5252e-26,6.4838e-27,9.2752e-30,2.4043e-27,1.9946e-24,1.3877e-20
4.42034,280.49,1.3595e-20,1.5319e-26,3.0050e-28,1.6688e-29,1.5002e-26,5.8273e-27,8.1495e-30,2.1650e-27,1.9469e-24,1.3593e-20
4.42172,280.40,1.3317e-20,1.5036e-26,2.7363e-28,1.6442e-29,1.4745e-26,5.3189e-27,7.2052e-30,1.9414e-27,1.8997e-24,1.3315e-20
4.42309,280.31,1.3044e-20,1.4747e-26,2.4826e-28,1.6198e-29,1.4483e-26,4.9575e-27,6.4417e-30,1.7336e-27,1.8530e-24,1.3042e-20
4.42447,280.22,1.2775e-20,1.4454e-26,2.2440e-28,1.5957e-29,1.4214e-26,4.7420e-27,5.8583e-30,1.5415e-27,1.8069e-24,1.2774e-20
4.42584,280.14,1.2512e-20,1.4158e-26,2.0207e-28,1.5718e-29,1.3940e-26,4.6711e-27,5.4542e-30,1.3652e-27,1.7613e-24,1.2510e-20
4.42722,280.05,1.2254e-20,1.3858e-26,1.8127e-28,1.5482e-29,1.3661e-26,4.7433e-27,5.2282e-30,1.2047e-27,1.7162e-24,1.2252e-20
4.42860,279.96,1.2000e-20,1.3554e-26,1.6202e-28,1.5248e-29,1.3377e-26,4.9570e-27,5.1790e-30,1.0601e-27,1.6717e-24,1.1999e-20
4.42997,279.88,1.1752e-20,1.3248e-26,1.4433e-28,1.5018e-29,1.3089e-26,5.3103e-27,5.3049e-30,9.3130e-28,1.6278e-24,1.1750e-20
4.43135,279.79,1.1508e-20,1.2939e-26,1.2819e-28,1.4791e-29,1.2796e-26,5.8011e-27,5.6043e-30,8.1824e-28,1.5844e-24,1.1506e-20
4.43272,279.70,1.1268e-20,1.2628e-26,1.1361e-28,1.4568e-29,1.2500e-26,6.4274e-27,6.0752e-30,7.2088e-28,1.5415e-24,1.1266e-20
4.43410,279.62,1.1033e-20,1.2315e-26,1.0060e-28,1.4348e-29,1.2200e-26,7.1869e-27,6.7152e-30,6.3914e-28,1.4992e-24,1.1031e-20
4.43547,279.53,1.0802e-20,1.2001e-26,8.9146e-29,1.4132e-29,1.1898e-26,8.0770e-27,7.5221e-30,5.7293e-28,1.4575e-24,1.0801e-20
4.43685,279.44,1.0576e-20,1.1686e-26,7.9259e-29,1.3919e-29,1.1593e-26,9.0951e-27,8.4933e-30,5.2212e-28,1.4163e-24,1.0575e-20
4.43822,279.36,1.0354e-20,1.1370e-26,7.0933e-29,1.3709e-29,1.1285e-26,1.0239e-26,9.6259e-30,4.8660e-28,1.3757e-24,1.0353e-20
4.43960,279.27,1.0136e-20,1.1054e-26,6.4162e-29,1.3503e-29,1.0976e-26,1.1504e-26,1.0917e-29,4.6621e-28,1.3357e-24,1.0135e-20
4.44098,279.18,9.9229e-21,1.0737e-26,5.8940e-29,1.3301e-29,1.0665e-26,1.2890e-26,1.2364e-29,4.6079e-28,1.2962e-24,9.9216e-21
4.44235,279.10,9.7133e-21,1.0421e-26,5.5256e-29,1.3101e-29,1.0353e-26,1.4391e-26,1.3962e-29,4.7015e-28,1.2573e-24,9.7120e-21
4.44373,279.01,9.5078e-21,1.0106e-26,5.3099e-29,1.2905e-29,1.0040e-26,1.6005e-26,1.5709e-29,4.9409e-28,1.2191e-24,9.5065e-21
4.44510,278.92,9.3061e-21,9.7927e-27,5.2456e-29,1.2712e-29,9.7275e-27,1.7729e-26,1.7601e-29,5.3240e-28,1.1814e-24,9.3049e-21
4.44648,278.84,9.1084e-21,9.4804e-27,5.3309e-29,1.2521e-29,9.4146e-27,1.9559e-26,1.9634e-29,5.8485e-28,1.1443e-24,9.1072e-21
4.44785,278.75,8.9144e-21,9.1701e-27,5.5640e-29,1.2334e-29,9.1021e-27,2.1491e-26,2.1804e-29,6.5119e-28,1.1077e-24,8.9133e-21
4.44923,278.66,8.7242e-21,8.8620e-27,5.9430e-29,1.2149e-29,8.7905e-27,2.3522e-26,2.4108e-29,7.3117e-28,1.0718e-24,8.7231e-21
4.45060,278.58,8.5376e-21,8.5567e-27,6.4655e-29,1.1967e-29,8.4800e-27,2.5648e-26,2.6539e-29,8.2451e-28,1.0365e-24,8.5365e-21
4.45198,278.49,8.3546e-21,8.2543e-27,7.1291e-29,1.1787e-29,8.1712e-27,2.7865e-26,2.9096e-29,9.3091e-28,1.0018e-24,8.3536e-21
4.45336,278.41,8.1752e-21,7.9552e-27,7.9312e-29,1.1611e-29,7.8643e-27,3.0168e-26,3.1772e-29,1.0501e-27,9.6773e-25,8.1741e-21
4.45473,278.32,7.9992e-21,7.6597e-27,8.8693e-29,1.1437e-29,7.5596e-27,3.2554e-26,3.4563e-29,1.1817e-27,9.3425e-25,7.9982e-21
4.45611,278.23,7.8266e-21,7.3682e-27,9.9403e-29,1.1266e-29,7.2575e-27,3.5019e-26,3.7464e-29,1.3255e-27,9.0139e-25,7.8257e-21
4.45748,278.15,7.6574e-21,7.0810e-27,1.1142e-28,1.1098e-29,6.9584e-27,3.7559e-26,4.0472e-29,1.4810e-27,8.6914e-25,7.6565e-21
4.45886,278.06,7.4915e-21,6.7982e-27,1.2470e-28,1.0933e-29,6.6626e-27,4.0168e-26,4.3579e-29,1.6480e-27,8.3751e-25,7.4907e-21
4.46023,277.98,7.3289e-21,6.5203e-27,1.3922e-28,1.0771e-29,6.3703e-27,4.2843e-26,4.6783e-29,1.8260e-27,8.0651e-25,7.3280e-21
4.46161,277.89,7.1694e-21,6.2475e-27,1.5495e-28,1.0612e-29,6.0819e-27,4.5580e-26,5.0076e-29,2.0148e-27,7.7613e-25,7.1686e-21
4.46298,277.81,7.0131e-21,5.9801e-27,1.7186e-28,1.0456e-29,5.7977e-27,4.8374e-26,5.3455e-29,2.2139e-27,7.4638e-25,7.0123e-21
4.46436,277.72,6.8598e-21,5.7182e-27,1.8991e-28,1.0303e-29,5.5180e-27,5.1220e-26,5.6914e-29,2.4229e-27,7.1726e-25,6.8590e-21
4.46574,277.63,6.7096e-21,5.4623e-27,2.0906e-28,1.0152e-29,5.2431e-27,5.4114e-26,6.0448e-29,2.6414e-27,6.8878e-25,6.7088e-21
4.46711,277.55,6.5623e-21,5.2125e-27,2.2929e-28,1.0005e-29,4.9732e-27,5.7051e-26,6.4050e-29,2.8691e-27,6.6092e-25,6.5616e-21
4.46849,277.46,6.4179e-21,4.9692e-27,2.5055e-28,9.8594e-30,4.7087e-27,6.0027e-26,6.7717e-29,3.1054e-27,6.3370e-25,6.4172e-21
4.46986,277.38,6.2764e-21,4.7324e-27,2.7280e-28,9.7163e-30,4.4499e-27,6.3037e-26,7.1441e-29,3.3501e-27,6.0712e-25,6.2758e-21
4.47124,277.29,6.1378e-21,4.5026e-27,2.9601e-28,9.5753e-30,4.1970e-27,6.6077e-26,7.5218e-29,3.6026e-27,5.8117e-25,6.1371e-21
4.47261,277.21,6.0018e-21,4.2799e-27,3.2013e-28,9.4361e-30,3.9503e-27,6.9142e-26,7.9043e-29,3.8625e-27,5.5586e-25,6.0012e-21
4.47399,277.12,5.8686e-21,4.0645e-27,3.4512e-28,9.2987e-30,3.7101e-27,7.2228e-26,8.2908e-29,4.1294e-27,5.3119e-25,5.8680e-21
4.47536,277.04,5.7381e-21,3.8567e-27,3.7094e-28,9.1628e-30,3.4766e-27,7.5329e-26,8.6810e-29,4.4028e-27,5.0715e-25,5.7375e-21
4.47674,276.95,5.6101e-21,3.6566e-27,3.9754e-28,9.0283e-30,3.2501e-27,7.8441e-26,9.0742e-29,4.6823e-27,4.8375e-25,5.6096e-21
4.47812,276.87,5.4848e-21,3.4645e-27,4.2488e-28,8.8950e-30,3.0308e-27,8.1561e-26,9.4699e-29,4.9675e-27,4.6099e-25,5.4842e-21
4.47949,276.78,5.3620e-21,3.2805e-27,4.5291e-28,8.7631e-30,2.8189e-27,8.4682e-26,9.8674e-29,5.2578e-27,4.3886e-25,5.3614e-21
4.48087,276.70,5.2416e-21,3.1048e-27,4.8158e-28,8.6323e-30,2.6146e-27,8.7801e-26,1.0266e-28,5.5528e-27,4.1737e-25,5.2411e-21
4.48224,276.61,5.1237e-21,2.9375e-27,5.1085e-28,8.5027e-30,2.4181e-27,9.0914e-26,1.0666e-28,5.8521e-27,3.9651e-25,5.1232e-21
4.48362,276.53,5.0082e-21,2.7787e-27,5.4067e-28,8.3744e-30,2.2296e-27,9.4015e-26,1.1066e-28,6.1552e-27,3.7628e-25,5.0077e-21
4.48499,276.44,4.8950e-21,2.6285e-27,5.7098e-28,8.2473e-30,2.0492e-27,9.7101e-26,1.1466e-28,6.4615e-27,3.5668e-25,4.8945e-21
4.48637,276.36,4.7841e-21,2.4870e-27,6.0175e-28,8.1215e-30,1.8771e-27,1.0017e-25,1.1865e-28,6.7708e-27,3.3770e-25,4.7837e-21
4.48774,276.27,4.6755e-21,2.3544e-27,6.3292e-28,7.9970e-30,1.7134e-27,1.0321e-25,1.2262e-28,7.0825e-27,3.1935e-25,4.6751e-21
4.48912,276.19,4.5692e-21,2.2306e-27,6.6446e-28,7.8739e-30,1.5583e-27,1.0622e-25,1.2657e-28,7.3961e-27,3.0162e-25,4.5688e-21
4.49050,276.10,4.4650e-21,2.1157e-27,6.9630e-28,7.7520e-30,1.4117e-27,1.0920e-25,1.3050e-28,7.7112e-27,2.8451e-25,4.4646e-21
4.49187,276.02,4.3629e-21,2.0099e-27,7.2841e-28,7.6313e-30,1.2738e-27,1.1215e-25,1.3440e-28,8.0273e-27,2.6801e-25,4.3626e-21
4.49325,275.93,4.2630e-21,1.9130e-27,7.6073e-28,7.5118e-30,1.1448e-27,1.1505e-25,1.3827e-28,8.3440e-27,2.5213e-25,4.2626e-21
4.49462,275.85,4.1651e-21,1.8252e-27,7.9323e-28,7.3934e-30,1.0246e-27,1.1791e-25,1.4210e-28,8.6608e-27,2.3684e-25,4.1648e-21
4.49600,275.77,4.0693e-21,1.7465e-27,8.2586e-28,7.2759e-30,9.1334e-28,1.2072e-25,1.4588e-28,8.9772e-27,2.2216e-25,4.0689e-21
4.49737,275.68,3.9754e-21,1.6768e-27,8.5857e-28,7.1592e-30,8.1112e-28,1.2349e-25,1.4961e-28,9.2929e-27,2.0808e-25,3.9751e-21
4.49875,275.60,3.8835e-21,1.6163e-27,8.9131e-28,7.0431e-30,7.1798e-28,1.2619e-25,1.5328e-28,9.6074e-27,1.9459e-25,3.8832e-21
4.50013,275.51,3.7936e-21,1.5649e-27,9.2404e-28,6.9274e-30,6.3396e-28,1.2884e-25,1.5690e-28,9.9203e-27,1.8168e-25,3.7933e-21
4.50150,275.43,3.7055e-21,1.5226e-27,9.5671e-28,6.8121e-30,5.5911e-28,1.3142e-25,1.6045e-28,1.0231e-26,1.6936e-25,3.7052e-21
4.50288,275.34,3.6192e-21,1.4894e-27,9.8928e-28,6.6969e-30,4.9345e-28,1.3394e-25,1.6393e-28,1.0539e-26,1.5760e-25,3.6189e-21
4.50425,275.26,3.5348e-21,1.4653e-27,1.0217e-27,6.5818e-30,4.3700e-28,1.3639e-25,1.6734e-28,1.0845e-26,1.4642e-25,3.5345e-21
4.50563,275.18,3.4522e-21,1.4502e-27,1.0539e-27,6.4667e-30,3.8976e-28,1.3876e-25,1.7068e-28,1.1147e-26,1.3580e-25,3.4519e-21
4.50700,275.09,3.3713e-21,1.4440e-27,1.0859e-27,6.3515e-30,3.5172e-28,1.4106e-25,1.7393e-28,1.1445e-26,1.2573e-25,3.3710e-21
4.50838,275.01,3.2921e-21,1.4467e-27,1.1176e-27,6.2363e-30,3.2284e-28,1.4329e-25,1.7710e-28,1.1739e-26,1.1620e-25,3.2918e-21
4.50975,274.92,3.2146e-21,1.4582e-27,1.1490e-27,6.1211e-30,3.0309e-28,1.4543e-25,1.8018e-28,1.2029e-26,1.0722e-25,3.2144e-21
4.51113,274.84,3.1388e-21,1.4784e-27,1.1800e-27,6.0059e-30,2.9241e-28,1.4749e-25,1.8316e-28,1.2314e-26,9.8769e-26,3.1385e-21
4.51251,274.76,3.0646e-21,1.5071e-27,1.2105e-27,5.8910e-30,2.9071e-28,1.4947e-25,1.8605e-28,1.2594e-26,9.0841e-26,3.0643e-21
4.51388,274.67,2.9920e-21,1.5443e-27,1.2406e-27,5.7762e-30,2.9791e-28,1.5135e-25,1.8884e-28,1.2868e-26,8.3428e-26,2.9917e-21
4.51526,274.59,2.9209e-21,1.5898e-27,1.2703e-27,5.6619e-30,3.1391e-28,1.5315e-25,1.9153e-28,1.3136e-26,7.6522e-26,2.9207e-21
4.51663,274.51,2.8514e-21,1.6435e-27,1.2993e-27,5.5480e-30,3.3858e-28,1.5485e-25,1.9411e-28,1.3398e-26,7.0114e-26,2.8511e-21
4.51801,274.42,2.7833e-21,1.7051e-27,1.3278e-27,5.4346e-30,3.7181e-28,1.5646e-25,1.9658e-28,1.3653e-26,6.4194e-26,2.7831e-21
4.51938,274.34,2.7168e-21,1.7745e-27,1.3557e-27,5.3217e-30,4.1345e-28,1.5798e-25,1.9894e-28,1.3901e-26,5.8754e-26,2.7166e-21
4.52076,274.26,2.6517e-21,1.8516e-27,1.3830e-27,5.2095e-30,4.6336e-28,1.5939e-25,2.0118e-28,1.4142e-26,5.3784e-26,2.6515e-21
4.52213,274.17,2.5880e-21,1.9361e-27,1.4096e-27,5.0979e-30,5.2141e-28,1.6071e-25,2.0331e-28,1.4376e-26,4.9275e-26,2.5878e-21
4.52351,274.09,2.5257e-21,2.0278e-27,1.4354e-27,4.9869e-30,5.8742e-28,1.6193e-25,2.0532e-28,1.4602e-26,4.5215e-26,2.5255e-21
4.52489,274.01,2.4648e-21,2.1267e-27,1.4605e-27,4.8764e-30,6.6126e-28,1.6304e-25,2.0721e-28,1.4820e-26,4.1596e-26,2.4646e-21
4.52626,273.92,2.4052e-21,2.2324e-27,1.4849e-27,4.7663e-30,7.4274e-28,1.6405e-25,2.0897e-28,1.5029e-26,3.8407e-26,2.4050e-21
4.52764,273.84,2.3469e-21,2.3448e-27,1.5084e-27,4.6567e-30,8.3172e-28,1.6496e-25,2.1061e-28,1.5230e-26,3.5638e-26,2.3467e-21
4.52901,273.76,2.2899e-21,2.4637e-27,1.5311e-27,4.5474e-30,9.2800e-28,1.6576e-25,2.1212e-28,1.5422e-26,3.3277e-26,2.2897e-21
4.53039,273.67,2.2342e-21,2.5888e-27,1.5530e-27,4.4384e-30,1.0314e-27,1.6646e-25,2.1351e-28,1.5606e-26,3.1314e-26,2.2340e-21
4.53176,273.59,2.1797e-21,2.7201e-27,1.5740e-27,4.3296e-30,1.1418e-27,1.6705e-25,2.1476e-28,1.5780e-26,2.9738e-26,2.1795e-21
4.53314,273.51,2.1265e-21,2.8572e-27,1.5940e-27,4.2211e-30,1.2589e-27,1.6753e-25,2.1588e-28,1.5944e-26,2.8537e-26,2.1263e-21
4.53451,273.42,2.0744e-21,2.9999e-27,1.6132e-27,4.1128e-30,1.3826e-27,1.6791e-25,2.1687e-28,1.6100e-26,2.7702e-26,2.0742e-21
4.53589,273.34,2.0235e-21,3.1479e-27,1.6313e-27,4.0049e-30,1.5126e-27,1.6818e-25,2.1773e-28,1.6245e-26,2.7219e-26,2.0233e-21
4.53727,273.26,1.9737e-21,3.3011e-27,1.6485e-27,3.8975e-30,1.6487e-27,1.6834e-25,2.1846e-28,1.6381e-26,2.7078e-26,1.9735e-21
4.53864,273.17,1.9251e-21,3.4592e-27,1.6647e-27,3.7907e-30,1.7907e-27,1.6840e-25,2.1905e-28,1.6506e-26,2.7267e-26,1.9249e-21
4.54002,273.09,1.8775e-21,3.6218e-27,1.6799e-27,3.6846e-30,1.9383e-27,1.6835e-25,2.1951e-28,1.6622e-26,2.7774e-26,1.8773e-21
4.54139,273.01,1.8311e-21,3.7888e-27,1.6940e-27,3.5794e-30,2.0912e-27,1.6819e-25,2.1983e-28,1.6727e-26,2.8588e-26,1.8308e-21
4.54277,272.93,1.7857e-21,3.9598e-27,1.7071e-27,3.4754e-30,2.2493e-27,1.6793e-25,2.2002e-28,1.6822e-26,2.9697e-26,1.7854e-21
4.54414,272.84,1.7413e-21,4.1346e-27,1.7191e-27,3.3726e-30,2.4121e-27,1.6757e-25,2.2007e-28,1.6906e-26,3.1088e-26,1.7411e-21
4.54552,272.76,1.6979e-21,4.3129e-27,1.7300e-27,3.2714e-30,2.5795e-27,1.6710e-25,2.2000e-28,1.6980e-26,3.2750e-26,1.6977e-21
4.54689,272.68,1.6556e-21,4.4943e-27,1.7399e-27,3.1717e-30,2.7512e-27,1.6652e-25,2.1978e-28,1.7044e-26,3.4672e-26,1.6553e-21
4.54827,272.60,1.6142e-21,4.6786e-27,1.7486e-27,3.0738e-30,2.9269e-27,1.6585e-25,2.1944e-28,1.7097e-26,3.6840e-26,1.6139e-21
4.54965,272.51,1.5737e-21,4.8655e-27,1.7563e-27,2.9777e-30,3.1062e-27,1.6507e-25,2.1897e-28,1.7139e-26,3.9243e-26,1.5735e-21
4.55102,272.43,1.5342e-21,5.0547e-27,1.7628e-27,2.8836e-30,3.2890e-27,1.6420e-25,2.1836e-28,1.7171e-26,4.1869e-26,1.5340e-21
4.55240,272.35,1.4957e-21,5.2459e-27,1.7682e-27,2.7914e-30,3.4749e-27,1.6322e-25,2.1763e-28,1.7192e-26,4.4706e-26,1.4954e-21
4.55377,272.27,1.4580e-21,5.4389e-27,1.7726e-27,2.7011e-30,3.6636e-27,1.6215e-25,2.1677e-28,1.7203e-26,4.7742e-26,1.4577e-21
4.55515,272.18,1.4212e-21,5.6333e-27,1.7758e-27,2.6128e-30,3.8549e-27,1.6099e-25,2.1578e-28,1.7203e-26,5.0965e-26,1.4209e-21
4.55652,272.10,1.3852e-21,5.8289e-27,1.7778e-27,2.5265e-30,4.0485e-27,1.5973e-25,2.1467e-28,1.7193e-26,5.4363e-26,1.3850e-21
4.55790,272.02,1.3501e-21,6.0254e-27,1.7788e-27,2.4422e-30,4.2442e-27,1.5838e-25,2.1343e-28,1.7172e-26,5.7925e-26,1.3499e-21
4.55927,271.94,1.3159e-21,6.2226e-27,1.7787e-27,2.3599e-30,4.4416e-27,1.5694e-25,2.1208e-28,1.7140e-26,6.1637e-26,1.3156e-21
4.56065,271.86,1.2824e-21,6.4201e-27,1.7774e-27,2.2795e-30,4.6404e-27,1.5542e-25,2.1060e-28,1.7099e-26,6.5490e-26,1.2821e-21
4.56203,271.77,1.2497e-21,6.6177e-27,1.7751e-27,2.2013e-30,4.8405e-27,1.5381e-25,2.0901e-28,1.7047e-26,6.9471e-26,1.2495e-21
4.56340,271.69,1.2178e-21,6.8152e-27,1.7716e-27,2.1252e-30,5.0415e-27,1.5211e-25,2.0730e-28,1.6985e-26,7.3568e-26,1.2176e-21
4.56478,271.61,1.1867e-21,7.0122e-27,1.7671e-27,2.0514e-30,5.2431e-27,1.5034e-25,2.0549e-28,1.6913e-26,7.7771e-26,1.1864e-21
4.56615,271.53,1.1563e-21,7.2085e-27,1.7614e-27,1.9800e-30,5.4451e-27,1.4849e-25,2.0356e-28,1.6832e-26,8.2067e-26,1.1561e-21
4.56753,271.45,1.1266e-21,7.4037e-27,1.7547e-27,1.9113e-30,5.6471e-27,1.4657e-25,2.0153e-28,1.6740e-26,8.6446e-26,1.1264e-21
4.56890,271.37,1.0977e-21,7.5977e-27,1.7470e-27,1.8453e-30,5.8489e-27,1.4457e-25,1.9939e-28,1.6639e-26,9.0897e-26,1.0974e-21
4.57028,271.28,1.0695e-21,7.7902e-27,1.7381e-27,1.7824e-30,6.0503e-27,1.4250e-25,1.9715e-28,1.6529e-26,9.5409e-26,1.0692e-21
4.57165,271.20,1.0419e-21,7.9808e-27,1.7283e-27,1.7226e-30,6.2508e-27,1.4037e-25,1.9482e-28,1.6409e-26,9.9970e-26,1.0416e-21
4.57303,271.12,1.0150e-21,8.1693e-27,1.7174e-27,1.6663e-30,6.4502e-27,1.3817e-25,1.9238e-28,1.6280e-26,1.0457e-25,1.0147e-21
4.57441,271.04,9.8875e-22,8.3554e-27,1.7055e-27,1.6135e-30,6.6482e-27,1.3591e-25,1.8986e-28,1.6142e-26,1.0920e-25,9.8848e-22
4.57578,270.96,9.6315e-22,8.5388e-27,1.6927e-27,1.5645e-30,6.8446e-27,1.3359e-25,1.8725e-28,1.5996e-26,1.1385e-25,9.6288e-22
4.57716,270.88,9.3817e-22,8.7194e-27,1.6788e-27,1.5193e-30,7.0390e-27,1.3122e-25,1.8456e-28,1.5841e-26,1.1851e-25,9.3790e-22
4.57853,270.79,9.1381e-22,8.8968e-27,1.6641e-27,1.4781e-30,7.2313e-27,1.2879e-25,1.8178e-28,1.5678e-26,1.2317e-25,9.1353e-22
4.57991,270.71,8.9005e-22,9.0708e-27,1.6484e-27,1.4408e-30,7.4210e-27,1.2632e-25,1.7893e-28,1.5507e-26,1.2781e-25,8.8977e-22
4.58128,270.63,8.6687e-22,9.2412e-27,1.6318e-27,1.4076e-30,7.6080e-27,1.2380e-25,1.7600e-28,1.5329e-26,1.3244e-25,8.6659e-22
4.58266,270.55,8.4427e-22,9.4078e-27,1.6143e-27,1.3784e-30,7.7921e-27,1.2123e-25,1.7300e-28,1.5142e-26,1.3704e-25,8.4399e-22
4.58404,270.47,8.2223e-22,9.5703e-27,1.5960e-27,1.3531e-30,7.9729e-27,1.1863e-25,1.6993e-28,1.4949e-26,1.4160e-25,8.2195e-22
4.58541,270.39,8.0074e-22,9.7285e-27,1.5769e-27,1.3319e-30,8.1503e-27,1.1599e-25,1.6681e-28,1.4748e-26,1.4611e-25,8.0045e-22
4.58679,270.31,7.7979e-22,9.8824e-27,1.5570e-27,1.3146e-30,8.3241e-27,1.1332e-25,1.6362e-28,1.4541e-26,1.5057e-25,7.7950e-22
4.58816,270.23,7.5936e-22,1.0032e-26,1.5363e-27,1.3012e-30,8.4940e-27,1.1062e-25,1.6038e-28,1.4327e-26,1.5496e-25,7.5907e-22
4.58954,270.15,7.3944e-22,1.0176e-26,1.5148e-27,1.2917e-30,8.6598e-27,1.0790e-25,1.5708e-28,1.4107e-26,1.5928e-25,7.3915e-22
4.59091,270.06,7.2003e-22,1.0315e-26,1.4927e-27,1.2862e-30,8.8214e-27,1.0515e-25,1.5374e-28,1.3881e-26,1.6353e-25,7.1973e-22
4.59229,269.98,7.0110e-22,1.0450e-26,1.4699e-27,1.2848e-30,8.9786e-27,1.0238e-25,1.5036e-28,1.3650e-26,1.6769e-25,7.0081e-22
4.59366,269.90,6.8266e-22,1.0579e-26,1.4464e-27,1.2874e-30,9.1310e-27,9.9595e-26,1.4694e-28,1.3413e-26,1.7175e-25,6.8236e-22
4.59504,269.82,6.6468e-22,1.0702e-26,1.4223e-27,1.2942e-30,9.2787e-27,9.6798e-26,1.4348e-28,1.3171e-26,1.7571e-25,6.6438e-22
4.59642,269.74,6.4716e-22,1.0820e-26,1.3976e-27,1.3053e-30,9.4213e-27,9.3991e-26,1.3999e-28,1.2924e-26,1.7957e-25,6.4687e-22
4.59779,269.66,6.3009e-22,1.0932e-26,1.3723e-27,1.3208e-30,9.5587e-27,9.1178e-26,1.3648e-28,1.2673e-26,1.8331e-25,6.2979e-22
4.59917,269.58,6.1346e-22,1.1039e-26,1.3465e-27,1.3409e-30,9.6907e-27,8.8363e-26,1.3294e-28,1.2418e-26,1.8694e-25,6.1316e-22
4.60054,269.50,5.9725e-22,1.1139e-26,1.3202e-27,1.3657e-30,9.8171e-27,8.5548e-26,1.2939e-28,1.2159e-26,1.9043e-25,5.9695e-22
4.60192,269.42,5.8146e-22,1.1233e-26,1.2934e-27,1.3952e-30,9.9379e-27,8.2737e-26,1.2581e-28,1.1897e-26,1.9380e-25,5.8116e-22
4.60329,269.34,5.6608e-22,1.1320e-26,1.2662e-27,1.4297e-30,1.0053e-26,7.9933e-26,1.2223e-28,1.1631e-26,1.9703e-25,5.6578e-22
4.60467,269.26,5.5110e-22,1.1402e-26,1.2386e-27,1.4691e-30,1.0162e-26,7.7140e-26,1.1865e-28,1.1363e-26,2.0013e-25,5.5080e-22
4.60604,269.18,5.3651e-22,1.1476e-26,1.2107e-27,1.5134e-30,1.0264e-26,7.4360e-26,1.1506e-28,1.1092e-26,2.0307e-25,5.3621e-22
4.60742,269.10,5.2229e-22,1.1544e-26,1.1824e-27,1.5627e-30,1.0361e-26,7.1598e-26,1.1147e-28,1.0818e-26,2.0587e-25,5.2199e-22
4.60880,269.02,5.0845e-22,1.1606e-26,1.1538e-27,1.6169e-30,1.0450e-26,6.8854e-26,1.0789e-28,1.0543e-26,2.0851e-25,5.0815e-22
4.61017,268.94,4.9497e-22,1.1661e-26,1.1250e-27,1.6759e-30,1.0534e-26,6.6134e-26,1.0432e-28,1.0267e-26,2.1100e-25,4.9467e-22
4.61155,268.86,4.8185e-22,1.1708e-26,1.0960e-27,1.7397e-30,1.0611e-26,6.3440e-26,1.0076e-28,9.9887e-27,2.1333e-25,4.8155e-22
4.61292,268.78,4.6906e-22,1.1749e-26,1.0667e-27,1.8080e-30,1.0681e-26,6.0775e-26,9.7217e-29,9.7099e-27,2.1549e-25,4.6877e-22
4.61430,268.70,4.5662e-22,1.1784e-26,1.0374e-27,1.8807e-30,1.0744e-26,5.8141e-26,9.3698e-29,9.4304e-27,2.1749e-25,4.5632e-22
4.61567,268.62,4.4451e-22,1.1811e-26,1.0079e-27,1.9578e-30,1.0801e-26,5.5543e-26,9.0204e-29,9.1507e-27,2.1932e-25,4.4421e-22
4.61705,268.54,4.3271e-22,1.1831e-26,9.7835e-28,2.0391e-30,1.0851e-26,5.2981e-26,8.6738e-29,8.8709e-27,2.2098e-25,4.3242e-22
4.61842,268.46,4.2123e-22,1.1845e-26,9.4876e-28,2.1245e-30,1.0894e-26,5.0460e-26,8.3305e-29,8.5915e-27,2.2247e-25,4.2094e-22
4.61980,268.38,4.1006e-22,1.1851e-26,9.1915e-28,2.2140e-30,1.0930e-26,4.7982e-26,7.9909e-29,8.3128e-27,2.2378e-25,4.0977e-22
4.62118,268.30,3.9918e-22,1.1851e-26,8.8958e-28,2.3074e-30,1.0959e-26,4.5550e-26,7.6551e-29,8.0349e-27,2.2492e-25,3.9889e-22
4.62255,268.22,3.8860e-22,1.1844e-26,8.6006e-28,2.4047e-30,1.0982e-26,4.3165e-26,7.3237e-29,7.7584e-27,2.2588e-25,3.8831e-22
4.62393,268.14,3.7830e-22,1.1830e-26,8.3064e-28,2.5059e-30,1.0997e-26,4.0831e-26,6.9969e-29,7.4833e-27,2.2667e-25,3.7801e-22
4.62530,268.06,3.6828e-22,1.1810e-26,8.0134e-28,2.6111e-30,1.1006e-26,3.8549e-26,6.6751e-29,7.2101e-27,2.2727e-25,3.6799e-22
4.62668,267.98,3.5852e-22,1.1782e-26,7.7220e-28,2.7201e-30,1.1007e-26,3.6323e-26,6.3586e-29,6.9390e-27,2.2771e-25,3.5824e-22
4.62805,267.90,3.4903e-22,1.1748e-26,7.4325e-28,2.8331e-30,1.1002e-26,3.4154e-26,6.0477e-29,6.6704e-27,2.2796e-25,3.4875e-22
4.62943,267.82,3.3980e-22,1.1707e-26,7.1452e-28,2.9500e-30,1.0990e-26,3.2044e-26,5.7427e-29,6.4044e-27,2.2804e-25,3.3952e-22
4.63080,267.74,3.3082e-22,1.1660e-26,6.8604e-28,3.0707e-30,1.0970e-26,2.9995e-26,5.4439e-29,6.1414e-27,2.2794e-25,3.3054e-22
4.63218,267.66,3.2208e-22,1.1605e-26,6.5785e-28,3.1953e-30,1.0944e-26,2.8010e-26,5.1516e-29,5.8816e-27,2.2767e-25,3.2181e-22
4.63356,267.58,3.1358e-22,1.1545e-26,6.2998e-28,3.3237e-30,1.0912e-26,2.6090e-26,4.8660e-29,5.6252e-27,2.2723e-25,3.1331e-22
4.63493,267.50,3.0532e-22,1.1478e-26,6.0246e-28,3.4557e-30,1.0872e-26,2.4236e-26,4.5874e-29,5.3727e-27,2.2661e-25,3.0505e-22
4.63631,267.42,2.9728e-22,1.1405e-26,5.7531e-28,3.5912e-30,1.0826e-26,2.2451e-26,4.3161e-29,5.1241e-27,2.2583e-25,2.9701e-22
4.63768,267.34,2.8946e-22,1.1325e-26,5.4858e-28,3.7300e-30,1.0773e-26,2.0737e-26,4.0523e-29,4.8798e-27,2.2487e-25,2.8920e-22
4.63906,267.26,2.8186e-22,1.1240e-26,5.2229e-28,3.8719e-30,1.0714e-26,1.9093e-26,3.7963e-29,4.6399e-27,2.2375e-25,2.8160e-22
4.64043,267.18,2.7446e-22,1.1148e-26,4.9647e-28,4.0166e-30,1.0648e-26,1.7522e-26,3.5482e-29,4.4048e-27,2.2247e-25,2.7421e-22
4.64181,267.10,2.6727e-22,1.1051e-26,4.7114e-28,4.1641e-30,1.0576e-26,1.6026e-26,3.3083e-29,4.1745e-27,2.2103e-25,2.6702e-22
4.64318,267.02,2.6028e-22,1.0948e-26,4.4634e-28,4.3139e-30,1.0497e-26,1.4604e-26,3.0768e-29,3.9494e-27,2.1943e-25,2.6003e-22
4.64456,266.94,2.5348e-22,1.0839e-26,4.2209e-28,4.4658e-30,1.0413e-26,1.3259e-26,2.8538e-29,3.7296e-27,2.1768e-25,2.5324e-22
4.64594,266.87,2.4687e-22,1.0725e-26,3.9841e-28,4.6197e-30,1.0322e-26,1.1991e-26,2.6395e-29,3.5153e-27,2.1577e-25,2.4663e-22
4.64731,266.79,2.4045e-22,1.0606e-26,3.7532e-28,4.7752e-30,1.0226e-26,1.0801e-26,2.4341e-29,3.3068e-27,2.1372e-25,2.4021e-22
4.64869,266.71,2.3421e-22,1.0482e-26,3.5285e-28,4.9323e-30,1.0124e-26,9.6897e-27,2.2378e-29,3.1041e-27,2.1153e-25,2.3397e-22
4.65006,266.63,2.2813e-22,1.0353e-26,3.3102e-28,5.0907e-30,1.0017e-26,8.6576e-27,2.0506e-29,2.9075e-27,2.0919e-25,2.2790e-22
4.65144,266.55,2.2223e-22,1.0219e-26,3.0985e-28,5.2504e-30,9.9044e-27,7.7054e-27,1.8727e-29,2.7172e-27,2.0673e-25,2.2201e-22
4.65281,266.47,2.1650e-22,1.0081e-26,2.8935e-28,5.4111e-30,9.7865e-27,6.8335e-27,1.7042e-29,2.5332e-27,2.0413e-25,2.1628e-22
4.65419,266.39,2.1093e-22,9.9387e-27,2.6954e-28,5.5728e-30,9.6636e-27,6.0421e-27,1.5452e-29,2.3557e-27,2.0140e-25,2.1071e-22
4.65556,266.31,2.0551e-22,9.7921e-27,2.5044e-28,5.7355e-30,9.5359e-27,5.3315e-27,1.3958e-29,2.1849e-27,1.9855e-25,2.0529e-22
4.65694,266.24,2.0024e-22,9.6414e-27,2.3207e-28,5.8989e-30,9.4034e-27,4.7017e-27,1.2560e-29,2.0208e-27,1.9559e-25,2.0003e-22
4.65832,266.16,1.9513e-22,9.4869e-27,2.1444e-28,6.0631e-30,9.2664e-27,4.1528e-27,1.1260e-29,1.8637e-27,1.9251e-25,1.9492e-22
4.65969,266.08,1.9016e-22,9.3288e-27,1.9757e-28,6.2278e-30,9.1250e-27,3.6847e-27,1.0058e-29,1.7135e-27,1.8933e-25,1.8995e-22
4.66107,266.00,1.8533e-22,9.1672e-27,1.8147e-28,6.3930e-30,8.9793e-27,3.2971e-27,8.9539e-30,1.5704e-27,1.8604e-25,1.8513e-22
4.66244,265.92,1.8063e-22,9.0024e-27,1.6616e-28,6.5584e-30,8.8297e-27,2.9898e-27,7.9481e-30,1.4345e-27,1.8266e-25,1.8044e-22
4.66382,265.84,1.7607e-22,8.8346e-27,1.5164e-28,6.7240e-30,8.6762e-27,2.7624e-27,7.0407e-30,1.3059e-27,1.7918e-25,1.7588e-22
4.66519,265.76,1.7164e-22,8.6639e-27,1.3793e-28,6.8894e-30,8.5191e-27,2.6143e-27,6.2319e-30,1.1846e-27,1.7562e-25,1.7145e-22
4.66657,265.69,1.6734e-22,8.4907e-27,1.2504e-28,7.0543e-30,8.3586e-27,2.5449e-27,5.5215e-30,1.0707e-27,1.7198e-25,1.6715e-22
4.66794,265.61,1.6316e-22,8.3150e-27,1.1299e-28,7.2187e-30,8.1948e-27,2.5536e-27,4.9092e-30,9.6418e-28,1.6827e-25,1.6298e-22
4.66932,265.53,1.5909e-22,8.1371e-27,1.0177e-28,7.3820e-30,8.0280e-27,2.6395e-27,4.3947e-30,8.6515e-28,1.6448e-25,1.5892e-22
4.67070,265.45,1.5515e-22,7.9573e-27,9.1389e-29,7.5441e-30,7.8584e-27,2.8019e-27,3.9775e-30,7.7361e-28,1.6063e-25,1.5497e-22
4.67207,265.37,1.5131e-22,7.7758e-27,8.1863e-29,7.7047e-30,7.6863e-27,3.0396e-27,3.6570e-30,6.8959e-28,1.5673e-25,1.5115e-22
4.67345,265.29,1.4759e-22,7.5928e-27,7.3191e-29,7.8634e-30,7.5118e-27,3.3517e-27,3.4325e-30,6.1310e-28,1.5277e-25,1.4743e-22
4.67482,265.22,1.4397e-22,7.4086e-27,6.5374e-29,8.0200e-30,7.3352e-27,3.7370e-27,3.3032e-30,5.4413e-28,1.4877e-25,1.4381e-22
4.67620,265.14,1.4046e-22,7.2233e-27,5.8414e-29,8.1744e-30,7.1567e-27,4.1942e-27,3.2681e-30,4.8268e-28,1.4473e-25,1.4031e-22
4.67757,265.06,1.3705e-22,7.0372e-27,5.2310e-29,8.3262e-30,6.9766e-27,4.7221e-27,3.3262e-30,4.2872e-28,1.4065e-25,1.3690e-22
4.67895,264.98,1.3374e-22,6.8506e-27,4.7060e-29,8.4753e-30,6.7951e-27,5.3192e-27,3.4763e-30,3.8224e-28,1.3654e-25,1.3359e-22
4.68033,264.91,1.3052e-22,6.6637e-27,4.2661e-29,8.6216e-30,6.6124e-27,5.9841e-27,3.7172e-30,3.4319e-28,1.3242e-25,1.3037e-22
4.68170,264.83,1.2739e-22,6.4766e-27,3.9110e-29,8.7649e-30,6.4287e-27,6.7153e-27,4.0475e-30,3.1153e-28,1.2827e-25,1.2725e-22
4.68308,264.75,1.2436e-22,6.2896e-27,3.6402e-29,8.9051e-30,6.2443e-27,7.5110e-27,4.4658e-30,2.8721e-28,1.2412e-25,1.2422e-22
4.68445,264.67,1.2141e-22,6.1029e-27,3.4531e-29,9.0422e-30,6.0593e-27,8.3696e-27,4.9705e-30,2.7015e-28,1.1996e-25,1.2128e-22
4.68583,264.59,1.1855e-22,5.9167e-27,3.3492e-29,9.1760e-30,5.8740e-27,9.2894e-27,5.5599e-30,2.6030e-28,1.1580e-25,1.1842e-22
4.68720,264.52,1.1577e-22,5.7312e-27,3.3277e-29,9.3065e-30,5.6886e-27,1.0269e-26,6.2323e-30,2.5758e-28,1.1165e-25,1.1565e-22
4.68858,264.44,1.1308e-22,5.5466e-27,3.3879e-29,9.4336e-30,5.5033e-27,1.1305e-26,6.9859e-30,2.6188e-28,1.0751e-25,1.1295e-22
4.68995,264.36,1.1046e-22,5.3631e-27,3.5290e-29,9.5571e-30,5.3183e-27,1.2397e-26,7.8187e-30,2.7313e-28,1.0339e-25,1.1033e-22
4.69133,264.28,1.0791e-22,5.1810e-27,3.7502e-29,9.6768e-30,5.1338e-27,1.3543e-26,8.7288e-30,2.9121e-28,9.9292e-26,1.0779e-22
4.69271,264.21,1.0544e-22,5.0003e-27,4.0504e-29,9.7927e-30,4.9500e-27,1.4740e-26,9.7140e-30,3.1601e-28,9.5224e-26,1.0533e-22
4.69408,264.13,1.0304e-22,4.8213e-27,4.4286e-29,9.9045e-30,4.7671e-27,1.5986e-26,1.0772e-29,3.4742e-28,9.1191e-26,1.0293e-22
4.69546,264.05,1.0072e-22,4.6442e-27,4.8838e-29,1.0012e-29,4.5854e-27,1.7279e-26,1.1901e-29,3.8530e-28,8.7198e-26,1.0061e-22
4.69683,263.97,9.8455e-23,4.4693e-27,5.4146e-29,1.0115e-29,4.4050e-27,1.8617e-26,1.3098e-29,4.2954e-28,8.3250e-26,9.8348e-23
4.69821,263.90,9.6260e-23,4.2966e-27,6.0197e-29,1.0213e-29,4.2262e-27,1.9998e-26,1.4362e-29,4.7997e-28,7.9352e-26,9.6156e-23
4.69958,263.82,9.4129e-23,4.1264e-27,6.6977e-29,1.0307e-29,4.0491e-27,2.1420e-26,1.5689e-29,5.3647e-28,7.5510e-26,9.4028e-23
4.70096,263.74,9.2061e-23,3.9590e-27,7.4469e-29,1.0395e-29,3.8741e-27,2.2879e-26,1.7077e-29,5.9888e-28,7.1727e-26,9.1961e-23
4.70233,263.67,9.0052e-23,3.7944e-27,8.2656e-29,1.0478e-29,3.7012e-27,2.4374e-26,1.8524e-29,6.6703e-28,6.8010e-26,8.9955e-23
4.70371,263.59,8.8103e-23,3.6329e-27,9.1521e-29,1.0555e-29,3.5308e-27,2.5903e-26,2.0026e-29,7.4077e-28,6.4363e-26,8.8008e-23
4.70509,263.51,8.6210e-23,3.4746e-27,1.0104e-28,1.0626e-29,3.3630e-27,2.7462e-26,2.1582e-29,8.1993e-28,6.0790e-26,8.6117e-23
4.70646,263.43,8.4372e-23,3.3198e-27,1.1120e-28,1.0692e-29,3.1979e-27,2.9050e-26,2.3189e-29,9.0432e-28,5.7295e-26,8.4282e-23
4.70784,263.36,8.2588e-23,3.1686e-27,1.2198e-28,1.0752e-29,3.0358e-27,3.0664e-26,2.4843e-29,9.9377e-28,5.3884e-26,8.2500e-23
4.70921,263.28,8.0857e-23,3.0211e-27,1.3335e-28,1.0807e-29,2.8769e-27,3.2302e-26,2.6543e-29,1.0881e-27,5.0559e-26,8.0770e-23
4.71059,263.20,7.9175e-23,2.8775e-27,1.4530e-28,1.0855e-29,2.7213e-27,3.3960e-26,2.8284e-29,1.1871e-27,4.7325e-26,7.9090e-23
4.71196,263.13,7.7543e-23,2.7379e-27,1.5779e-28,1.0897e-29,2.5692e-27,3.5638e-26,3.0066e-29,1.2906e-27,4.4186e-26,7.7459e-23
4.71334,263.05,7.5959e-23,2.6025e-27,1.7082e-28,1.0934e-29,2.4207e-27,3.7331e-26,3.1883e-29,1.3984e-27,4.1145e-26,7.5876e-23
4.71471,262.97,7.4421e-23,2.4713e-27,1.8435e-28,1.0965e-29,2.2760e-27,3.9038e-26,3.3734e-29,1.5103e-27,3.8206e-26,7.4340e-23
4.71609,262.90,7.2928e-23,2.3445e-27,1.9836e-28,1.0990e-29,2.1352e-27,4.0756e-26,3.5616e-29,1.6261e-27,3.5372e-26,7.2848e-23
4.71747,262.82,7.1478e-23,2.2222e-27,2.1282e-28,1.1009e-29,1.9984e-27,4.2483e-26,3.7526e-29,1.7455e-27,3.2646e-26,7.1399e-23
4.71884,262.74,7.0071e-23,2.1045e-27,2.2773e-28,1.1022e-29,1.8658e-27,4.4216e-26,3.9460e-29,1.8684e-27,3.0032e-26,6.9993e-23
4.72022,262.67,6.8705e-23,1.9915e-27,2.4304e-28,1.1030e-29,1.7374e-27,4.5952e-26,4.1416e-29,1.9946e-27,2.7531e-26,6.8627e-23
4.72159,262.59,6.7378e-23,1.8833e-27,2.5875e-28,1.1032e-29,1.6135e-27,4.7690e-26,4.3391e-29,2.1238e-27,2.5147e-26,6.7301e-23
4.72297,262.51,6.6091e-23,1.7800e-27,2.7481e-28,1.1028e-29,1.4941e-27,4.9426e-26,4.5382e-29,2.2558e-27,2.2881e-26,6.6014e-23
4.72434,262.44,6.4841e-23,1.6816e-27,2.9122e-28,1.1018e-29,1.3793e-27,5.1159e-26,4.7386e-29,2.3905e-27,2.0737e-26,6.4765e-23
4.72572,262.36,6.3627e-23,1.5883e-27,3.0794e-28,1.1002e-29,1.2693e-27,5.2886e-26,4.9400e-29,2.5275e-27,1.8716e-26,6.3551e-23
4.72709,262.28,6.2448e-23,1.5001e-27,3.2496e-28,1.0981e-29,1.1641e-27,5.4604e-26,5.1422e-29,2.6667e-27,1.6821e-26,6.2373e-23
4.72847,262.21,6.1304e-23,1.4171e-27,3.4223e-28,1.0953e-29,1.0639e-27,5.6311e-26,5.3447e-29,2.8078e-27,1.5052e-26,6.1229e-23
4.72985,262.13,6.0193e-23,1.3394e-27,3.5974e-28,1.0919e-29,9.6872e-28,5.8005e-26,5.5473e-29,2.9506e-27,1.3411e-26,6.0118e-23
4.73122,262.06,5.9115e-23,1.2670e-27,3.7747e-28,1.0878e-29,8.7869e-28,5.9684e-26,5.7498e-29,3.0949e-27,1.1899e-26,5.9039e-23
4.73260,261.98,5.8067e-23,1.2001e-27,3.9537e-28,1.0832e-29,7.9388e-28,6.1344e-26,5.9518e-29,3.2405e-27,1.0519e-26,5.7991e-23
4.73397,261.90,5.7050e-23,1.1386e-27,4.1343e-28,1.0780e-29,7.1437e-28,6.2985e-26,6.1531e-29,3.3871e-27,9.2692e-27,5.6973e-23
4.73535,261.83,5.6062e-23,1.0826e-27,4.3162e-28,1.0721e-29,6.4022e-28,6.4604e-26,6.3534e-29,3.5346e-27,8.1522e-27,5.5985e-23
4.73672,261.75,5.5103e-23,1.0321e-27,4.4991e-28,1.0657e-29,5.7150e-28,6.6198e-26,6.5524e-29,3.6827e-27,7.1678e-27,5.5025e-23
4.73810,261.67,5.4171e-23,9.8709e-28,4.6827e-28,1.0587e-29,5.0823e-28,6.7766e-26,6.7498e-29,3.8311e-27,6.3166e-27,5.4092e-23
4.73947,261.60,5.3266e-23,9.4765e-28,4.8668e-28,1.0511e-29,4.5046e-28,6.9305e-26,6.9454e-29,3.9797e-27,5.5985e-27,5.3186e-23
4.74085,261.52,5.2387e-23,9.1374e-28,5.0510e-28,1.0430e-29,3.9821e-28,7.0814e-26,7.1389e-29,4.1283e-27,5.0137e-27,5.2306e-23
4.74223,261.45,5.1534e-23,8.8534e-28,5.2352e-28,1.0343e-29,3.5148e-28,7.2291e-26,7.3301e-29,4.2765e-27,4.5618e-27,5.1451e-23
4.74360,261.37,5.0704e-23,8.6242e-28,5.4189e-28,1.0252e-29,3.1028e-28,7.3733e-26,7.5186e-29,4.4243e-27,4.2425e-27,5.0621e-23
4.74498,261.30,4.9898e-23,8.4497e-28,5.6021e-28,1.0156e-29,2.7461e-28,7.5139e-26,7.7042e-29,4.5714e-27,4.0551e-27,4.9813e-23
4.74635,261.22,4.9115e-23,8.3294e-28,5.7844e-28,1.0055e-29,2.4445e-28,7.6507e-26,7.8868e-29,4.7177e-27,3.9989e-27,4.9029e-23
4.74773,261.14,4.8354e-23,8.2630e-28,5.9655e-28,9.9497e-30,2.1979e-28,7.7836e-26,8.0660e-29,4.8628e-27,4.0730e-27,4.8266e-23
4.74910,261.07,4.7615e-23,8.2499e-28,6.1454e-28,9.8403e-30,2.0061e-28,7.9123e-26,8.2417e-29,5.0066e-27,4.2762e-27,4.7525e-23
4.75048,260.99,4.6896e-23,8.2897e-28,6.3236e-28,9.7266e-30,1.8689e-28,8.0367e-26,8.4135e-29,5.1489e-27,4.6072e-27,4.6805e-23
4.75185,260.92,4.6197e-23,8.3819e-28,6.5000e-28,9.6090e-30,1.7858e-28,8.1567e-26,8.5813e-29,5.2895e-27,5.0645e-27,4.6104e-23
4.75323,260.84,4.5518e-23,8.5259e-28,6.6743e-28,9.4875e-30,1.7567e-28,8.2722e-26,8.7449e-29,5.4282e-27,5.6466e-27,4.5423e-23
4.75461,260.77,4.4857e-23,8.7213e-28,6.8464e-28,9.3622e-30,1.7812e-28,8.3828e-26,8.9040e-29,5.5648e-27,6.3515e-27,4.4761e-23
4.75598,260.69,4.4215e-23,8.9673e-28,7.0160e-28,9.2332e-30,1.8590e-28,8.4887e-26,9.0585e-29,5.6992e-27,7.1775e-27,4.4116e-23
4.75736,260.62,4.3590e-23,9.2633e-28,7.1828e-28,9.1007e-30,1.9895e-28,8.5895e-26,9.2082e-29,5.8311e-27,8.1223e-27,4.3489e-23
4.75873,260.54,4.2982e-23,9.6087e-28,7.3467e-28,8.9647e-30,2.1723e-28,8.6853e-26,9.3528e-29,5.9605e-27,9.1837e-27,4.2879e-23
4.76011,260.47,4.2391e-23,1.0003e-27,7.5075e-28,8.8254e-30,2.4070e-28,8.7758e-26,9.4923e-29,6.0870e-27,1.0359e-26,4.2286e-23
4.76148,260.39,4.1816e-23,1.0444e-27,7.6648e-28,8.6829e-30,2.6927e-28,8.8611e-26,9.6264e-29,6.2106e-27,1.1646e-26,4.1708e-23
4.76286,260.31,4.1256e-23,1.0933e-27,7.8185e-28,8.5376e-30,3.0290e-28,8.9409e-26,9.7550e-29,6.3312e-27,1.3043e-26,4.1146e-23
4.76424,260.24,4.0710e-23,1.1467e-27,7.9685e-28,8.3896e-30,3.4150e-28,9.0152e-26,9.8780e-29,6.4484e-27,1.4545e-26,4.0598e-23
4.76561,260.16,4.0179e-23,1.2047e-27,8.1144e-28,8.2393e-30,3.8498e-28,9.0840e-26,9.9951e-29,6.5623e-27,1.6150e-26,4.0064e-23
4.76699,260.09,3.9662e-23,1.2669e-27,8.2560e-28,8.0868e-30,4.3324e-28,9.1471e-26,1.0106e-28,6.6727e-27,1.7856e-26,3.9545e-23
4.76836,260.01,3.9158e-23,1.3334e-27,8.3933e-28,7.9325e-30,4.8618e-28,9.2045e-26,1.0211e-28,6.7793e-27,1.9658e-26,3.9038e-23
4.76974,259.94,3.8667e-23,1.4041e-27,8.5260e-28,7.7768e-30,5.4369e-28,9.2562e-26,1.0310e-28,6.8822e-27,2.1554e-26,3.8545e-23
4.77111,259.86,3.8188e-23,1.4786e-27,8.6539e-28,7.6200e-30,6.0564e-28,9.3020e-26,1.0403e-28,6.9811e-27,2.3540e-26,3.8063e-23
4.77249,259.79,3.7722e-23,1.5571e-27,8.7769e-28,7.4623e-30,6.7190e-28,9.3420e-26,1.0489e-28,7.0760e-27,2.5613e-26,3.7594e-23
4.77386,259.71,3.7267e-23,1.6391e-27,8.8949e-28,7.3042e-30,7.4234e-28,9.3760e-26,1.0569e-28,7.1667e-27,2.7769e-26,3.7136e-23
4.77524,259.64,3.6822e-23,1.7247e-27,9.0076e-28,7.1460e-30,8.1683e-28,9.4042e-26,1.0642e-28,7.2532e-27,3.0004e-26,3.6689e-23
4.77662,259.56,3.6389e-23,1.8137e-27,9.1150e-28,6.9879e-30,8.9522e-28,9.4264e-26,1.0709e-28,7.3352e-27,3.2315e-26,3.6253e-23
4.77799,259.49,3.5966e-23,1.9059e-27,9.2170e-28,6.8301e-30,9.7737e-28,9.4427e-26,1.0769e-28,7.4129e-27,3.4697e-26,3.5827e-23
4.77937,259.42,3.5552e-23,2.0012e-27,9.3134e-28,6.6730e-30,1.0631e-27,9.4530e-26,1.0822e-28,7.4860e-27,3.7147e-26,3.5411e-23
4.78074,259.34,3.5148e-23,2.0993e-27,9.4041e-28,6.5167e-30,1.1524e-27,9.4574e-26,1.0868e-28,7.5545e-27,3.9660e-26,3.5004e-23
4.78212,259.27,3.4753e-23,2.2003e-27,9.4891e-28,6.3615e-30,1.2450e-27,9.4558e-26,1.0907e-28,7.6182e-27,4.2234e-26,3.4607e-23
4.78349,259.19,3.4367e-23,2.3038e-27,9.5682e-28,6.2075e-30,1.3408e-27,9.4484e-26,1.0940e-28,7.6772e-27,4.4862e-26,3.4218e-23
4.78487,259.12,3.3990e-23,2.4098e-27,9.6415e-28,6.0549e-30,1.4396e-27,9.4350e-26,1.0966e-28,7.7314e-27,4.7542e-26,3.3837e-23
4.78624,259.04,3.3620e-23,2.5181e-27,9.7087e-28,5.9039e-30,1.5413e-27,9.4158e-26,1.0984e-28,7.7808e-27,5.0269e-26,3.3465e-23
4.78762,258.97,3.3258e-23,2.6285e-27,9.7698e-28,5.7548e-30,1.6458e-27,9.3909e-26,1.0996e-28,7.8252e-27,5.3039e-26,3.3100e-23
4.78900,258.89,3.2903e-23,2.7410e-27,9.8247e-28,5.6077e-30,1.7529e-27,9.3601e-26,1.1001e-28,7.8646e-27,5.5847e-26,3.2743e-23
4.79037,258.82,3.2555e-23,2.8552e-27,9.8735e-28,5.4629e-30,1.8624e-27,9.3237e-26,1.0999e-28,7.8991e-27,5.8689e-26,3.2393e-23
4.79175,258.75,3.2214e-23,2.9712e-27,9.9160e-28,5.3206e-30,1.9742e-27,9.2816e-26,1.0991e-28,7.9285e-27,6.1561e-26,3.2049e-23
4.79312,258.67,3.1880e-23,3.0886e-27,9.9521e-28,5.1811e-30,2.0882e-27,9.2339e-26,1.0975e-28,7.9529e-27,6.4459e-26,3.1712e-23
4.79450,258.60,3.1552e-23,3.2074e-27,9.9819e-28,5.0448e-30,2.2041e-27,9.1808e-26,1.0953e-28,7.9722e-27,6.7377e-26,3.1381e-23
4.79587,258.52,3.1229e-23,3.3273e-27,1.0005e-27,4.9119e-30,2.3219e-27,9.1222e-26,1.0924e-28,7.9865e-27,7.0312e-26,3.1056e-23
4.79725,258.45,3.0912e-23,3.4482e-27,1.0022e-27,4.7828e-30,2.4412e-27,9.0584e-26,1.0888e-28,7.9957e-27,7.3260e-26,3.0737e-23
4.79862,258.37,3.0600e-23,3.5699e-27,1.0033e-27,4.6579e-30,2.5620e-27,8.9893e-26,1.0846e-28,7.9999e-27,7.6215e-26,3.0422e-23
4.80000,258.30,3.0293e-23,3.6922e-27,1.0037e-27,4.5375e-30,2.6840e-27,8.9151e-26,1.0797e-28,7.9991e-27,7.9174e-26,3.0113e-23
