basis,r_ox_A,nbf,t1_s,e_hf_Ha,e_ccsd_Ha,e_ccsdt_Ha,omega_app_eV,w1_app,root0_sym,gap_any_eV,gap_app_eV,status,wall_s,omega1_eV,sym1,w1_1,omega2_eV,sym2,w1_2,omega3_eV,sym3,w1_3,omega4_eV,sym4,w1_4,omega5_eV,sym5,w1_5,omega6_eV,sym6,w1_6,theta_deg
cc-pvtz-dk,1.9,96,0.006097426716993896,-7188.132718046807,-7188.656085103736,-7188.675689605264,2.6462100190274294,0.9523,"A""",0.5966575500433499,3.652350159287803,ok,309.01,2.6462100190274294,"A""",0.9523,3.242867569070779,A',0.9567,6.298560178315232,"A""",0.9302,6.48244953513431,A',0.9525,7.500109535800507,"A""",0.938,8.052564661455701,A',0.9441,75.0
cc-pvtz-dk,1.8,96,0.0059037374681663165,-7188.110004338463,-7188.631645264855,-7188.650519567897,2.9514222062426283,0.9551,"A""",0.5762284258245995,4.164340602421904,ok,316.72,2.9514222062426283,"A""",0.9551,3.527650632067228,A',0.9594,7.115762808664532,"A""",0.9421,7.415742674806292,A',0.9494,7.554775544710054,"A""",0.93,7.8743783344319995,A',0.9478,75.0
cc-pvtz-dk,1.85,96,0.005998030538000508,-7188.123503696439,-7188.645981541613,-7188.665214888542,2.805380365345419,0.9538,"A""",0.5879901041476785,3.9712042320930174,ok,318.08,2.805380365345419,"A""",0.9538,3.3933704694930973,A',0.9582,6.776584597438436,"A""",0.9329,6.960132881401865,A',0.9509,7.453290377958912,"A""",0.9375,7.960609872605433,A',0.9461,75.0
cc-pvtz-dk,1.95,96,0.006201389159466924,-7188.138477166366,-7188.662787997618,-7188.682777021773,2.4792406564895106,0.9505,"A""",0.6023867671619109,3.3351113883288055,ok,344.43,2.4792406564895106,"A""",0.9505,3.0816274236514216,A',0.955,5.814352044818317,"A""",0.9288,5.998719746926481,A',0.9542,7.567814716197382,"A""",0.937,8.142919324415033,A',0.9421,75.0
cc-pvtz-dk,2.05,96,0.0064245645510773615,-7188.142199661063,-7188.668576299611,-7188.689384686051,2.1392617015070634,0.9464,"A""",0.6051258572611317,2.762096758690236,ok,349.5,2.1392617015070634,"A""",0.9464,2.7443875587681954,A',0.9505,4.9013584601973,"A""",0.9256,5.049229297494398,A',0.9573,7.70491335615342,"A""",0.9337,8.306459044236652,A',0.9376,75.0
cc-pvtz-dk,1.75,96,0.005815727100566748,-7188.091196005275,-7188.612052754051,-7188.630579987387,3.078478896141266,0.9562,"A""",0.561076934641787,4.064301398779327,ok,360.9,3.078478896141266,"A""",0.9562,3.639555830783053,A',0.9603,7.142780294920594,"A""",0.9463,7.7144830805321245,A',0.9502,7.918620670081396,A',0.9472,7.970948477567019,"A""",0.927,75.0
cc-pvtz-dk,2.0,96,0.006310134148219887,-7188.1414549073,-7188.666767608537,-7188.687156837947,2.3090257222283617,0.9486,"A""",0.6052189618730475,3.037254788274718,ok,388.76,2.3090257222283617,"A""",0.9486,2.914244684101409,A',0.9529,5.34628051050308,"A""",0.9274,5.518642509604964,A',0.9558,7.637684440719267,"A""",0.9354,8.228902887082072,A',0.9399,75.0
cc-pvtz-dk,1.7,96,0.005736286209643345,-7188.065812659326,-7188.585943494492,-7188.604136625914,3.1806251223839372,0.957,"A""",0.5421277391913663,3.9006413057822353,ok,400.27,3.1806251223839372,"A""",0.957,3.7227528615753034,A',0.9611,7.081266428166173,"A""",0.9477,7.6597244518246095,A',0.9517,8.279427458355565,A',0.9458,8.46925383537264,"A""",0.9273,75.0
cc-pvtz-dk,2.15,96,0.0066766756519820725,-7188.138697674551,-7188.667404222334,-7188.689124849075,1.8118286344637848,0.9412,"A""",0.5959784318713188,2.279472182856761,ok,387.73,1.8118286344637848,"A""",0.9412,2.4078070663351037,A',0.9445,4.091300817320546,"A""",0.9208,4.160832010375298,A',0.9601,7.68966893127769,A',0.9158,7.824268441222728,"A""",0.9297,75.0
cc-pvtz-dk,2.2,96,0.006818417345770716,-7188.135115786086,-7188.665095752545,-7188.687319511329,1.6578076779565474,0.9382,"A""",0.5868944138249683,2.0697145502012115,ok,391.84,1.6578076779565474,"A""",0.9382,2.244702091781516,A',0.9408,3.727522228157759,"A""",0.9176,3.7474516116952206,A',0.9613,7.330277463425331,A',0.913,7.874674045750944,"A""",0.9272,75.0
cc-pvtz-dk,2.1,96,0.006546137747156714,-7188.1411587310395,-7188.668665363751,-7188.6899159565355,1.9728179424522612,0.9439,"A""",0.6020572143771711,2.509809191084561,ok,409.38,1.9728179424522612,"A""",0.9439,2.574875156829432,A',0.9477,4.482627133536822,"A""",0.9234,4.595486671330295,A',0.9588,7.767458538698055,"A""",0.9318,8.07798773888866,A',0.9185,75.0
cc-pvtz-dk,2.3,96,0.007144037173269806,-7188.125527069537,-7188.658287412404,-7188.681638990147,1.3743253555201287,0.9314,"A""",0.559959997643348,1.7057221503217421,ok,410.21,1.3743253555201287,"A""",0.9314,1.9342853531634767,A',0.9323,2.988851328174403,A',0.9634,3.0800475058418706,"A""",0.91,6.699828839456055,A',0.9069,7.790040312885602,"A""",0.0138,75.0
cc-pvtz-dk,2.35,96,0.0073317555472958785,-7188.119886987489,-7188.65415991702,-7188.6781473898545,1.2457954317414814,0.9276,"A""",0.5423060161607007,1.548376723144778,ok,400.69,1.2457954317414814,"A""",0.9276,1.7881014479021822,A',0.9274,2.6443255860847037,A',0.9642,2.7941721548862595,"A""",0.9055,6.426686584717389,A',0.9036,7.393628381435917,"A""",0.0024,75.0
cc-pvtz-dk,2.4,96,0.007538053049935973,-7188.113873949469,-7188.6497440654075,-7188.674422560487,1.1262631935867145,0.9234,"A""",0.5219421588604987,1.4055102262926813,ok,374.57,1.1262631935867145,"A""",0.9234,1.6482053524472131,A',0.9223,2.3228846271183707,A',0.9647,2.531773419879396,"A""",0.9006,6.1796058130169085,A',0.9001,7.016534687768668,"A""",0.0018,75.0
cc-pvtz-dk,2.45,96,0.007763832668774875,-7188.10759925886,-7188.64515268775,-7188.670582184684,1.0156446361942169,0.919,"A""",0.4986996854519836,1.2757864218823363,ok,375.18,1.0156446361942169,"A""",0.919,1.5143443216462005,A',0.9171,2.0243924429907216,A',0.9648,2.291431058076553,"A""",0.8954,5.956878992420001,A',0.8964,6.661804941147602,"A""",0.0015,75.0
cc-pvtz-dk,2.25,96,0.006973518223164829,-7188.130658453674,-7188.661988682364,-7188.684754207043,1.5117674754229762,0.935,"A""",0.574857258454313,1.878990700080834,ok,454.93,1.5117674754229762,"A""",0.935,2.086624733877289,A',0.9368,3.3565990396919476,A',0.9624,3.39075817550381,"A""",0.914,7.000594983355659,A',0.9101,7.917878796181391,"A""",0.9218,75.0
cc-pvtz-dk,2.5,96,0.008009482587800442,-7188.101154111973,-7188.640477798852,-7188.66672255256,0.9137327777588125,0.9142,"A""",0.47174886785086484,1.157983453351546,ok,365.92,0.9137327777588125,"A""",0.9142,1.3854816456096772,A',0.9124,1.7492269661255746,A',0.9636,2.0717162311103583,"A""",0.8898,5.756736411523605,A',0.8925,6.330314073376705,"A""",0.0014,75.0
cc-pvtz-dk,2.6,96,0.008559215129390032,-7188.0880365200355,-7188.631160622659,-7188.659242096879,0.7347868963853637,0.9038,"A""",0.3868903014216233,0.9538117753832691,ok,354.83,0.7347868963853637,"A""",0.9038,1.121677197806987,A',0.9195,1.2864196766110974,A',0.94,1.6885986717686328,"A""",0.878,5.417130360777377,A',0.884,5.736579070552633,"A""",0.0013,75.0
cc-pvtz-dk,2.55,96,0.008274867800199745,-7188.0946129776075,-7188.635793857111,-7188.6629216862775,0.8202323448380291,0.9091,"A""",0.4380559616688087,1.050992578065841,ok,363.69,0.8202323448380291,"A""",0.9091,1.2582883065068378,A',0.9104,1.4998680791841177,A',0.9585,1.8712249229038702,"A""",0.884,5.577402227882679,A',0.8884,6.022077639345288,"A""",0.0013,75.0
cc-pvtz-dk,2.65,96,0.008861656535790026,-7188.081473903932,-7188.626625398533,-7188.65573292606,0.6569991363162857,0.8981,"A""",0.2990095062168376,0.8655376116973902,warn:w1,354.65,0.6569991363162857,"A""",0.8981,0.9560086425331233,A',0.9436,1.1274448661214556,A',0.9089,1.522536748013676,"A""",0.8717,5.274210823955028,A',0.8788,5.4729695971289045,"A""",0.0012,75.0
cc-pvtz-dk,2.7,96,0.009180817926720057,-7188.074964786627,-7188.622224994902,-7188.6524318304255,0.5864457705073897,0.8922,"A""",0.18519248882905495,0.7853555074632378,warn:w1,382.43,0.5864457705073897,"A""",0.8922,0.7716382593364446,A',0.958,1.0114444389320703,A',0.89,1.3718012779706275,"A""",0.8652,5.146807600107292,A',0.8692,5.230198204652858,"A""",0.0012,75.0
cc-pvtz-dk,2.8,96,0.009862174134253705,-7188.062227338705,-7188.613932765578,-7188.646556163759,0.4652854212939593,0.8795,A',-0.04486530898152935,0.6463995756228235,warn:Ap_below+w1,380.79,0.4204201123124299,A',0.9664,0.4652854212939593,"A""",0.8795,0.8299643751793123,A',0.8696,1.1116849969167828,"A""",0.852,4.802466983753718,"A""",0.0011,4.802741640137713,A',0.0049,75.0
cc-pvtz-dk,2.75,96,0.009514962388746573,-7188.068540884382,-7188.617987310708,-7188.64936651833,0.5226888528160483,0.886,"A""",0.06796640637418268,0.7125308253785135,warn:w1,398.6,0.5226888528160483,"A""",0.886,0.5906552591902309,A',0.9637,0.9151425277364494,A',0.8787,1.235219678194562,"A""",0.8587,5.007102274743977,"A""",0.0011,5.01055396555651,A',0.1188,75.0
cc-pvtz-dk,1.7,96,0.0055625278545155905,-7188.082004101099,-7188.600429491641,-7188.6183509944485,3.2167618694753233,0.9574,"A""",0.5648602738376589,3.7785680024199624,ok,427.45,3.2167618694753233,"A""",0.9574,3.781622143312982,A',0.9612,6.9953298718952865,"A""",0.9471,7.633902334906918,A',0.9503,8.361982377615245,A',0.9459,8.542626749307258,"A""",0.928,80.0
cc-pvtz-dk,1.8,96,0.005739619183910927,-7188.12331025904,-7188.643368323579,-7188.66197370149,2.988249275707115,0.9555,"A""",0.5911168449221783,4.095890596301797,ok,313.56,2.988249275707115,"A""",0.9555,3.5793661206292935,A',0.9596,7.084139872008912,"A""",0.9432,7.495500185094585,A',0.9494,7.580768517285468,"A""",0.9286,7.863499472855833,A',0.946,80.0
cc-pvtz-dk,1.85,96,0.0058396582963931385,-7188.135559439687,-7188.656513520362,-7188.675479624343,2.8421716924069305,0.9543,"A""",0.5988952307535038,3.9770698719444773,ok,318.84,2.8421716924069305,"A""",0.9543,3.4410669231604345,A',0.9584,6.819241564351407,"A""",0.9341,7.039721417487792,A',0.9508,7.406087578423993,"A""",0.936,7.953464327711693,A',0.9442,80.0
cc-pvtz-dk,1.9,96,0.0059453088913503215,-7188.143637947358,-7188.665539195407,-7188.684878621277,2.682855081467884,0.9527,"A""",0.6036252123417153,3.668487610483465,ok,314.88,2.682855081467884,"A""",0.9527,3.2864802938095994,A',0.957,6.351342691951349,"A""",0.9305,6.55962911143953,A',0.9524,7.442882169641387,"A""",0.9374,8.05017572609611,A',0.9422,80.0
cc-pvtz-dk,1.75,96,0.0056465485082288006,-7188.105876868823,-7188.625090265886,-7188.6433471841465,3.1151478324695345,0.9566,"A""",0.5799378344852463,3.9540709694583565,ok,371.94,3.1151478324695345,"A""",0.9566,3.695085666954781,A',0.9606,7.069218801927891,"A""",0.9457,7.714847359380859,A',0.9489,7.982029749550577,A',0.9469,8.0363943853619,"A""",0.9274,80.0
cc-pvtz-dk,1.95,96,0.006055867225193421,-7188.148365719115,-7188.671267656876,-7188.690994359348,2.515652149613151,0.951,"A""",0.605509153045633,3.349819320225435,ok,316.99,2.515652149613151,"A""",0.951,3.121161302658784,A',0.9552,5.865471469838586,"A""",0.9289,6.073324284385647,A',0.954,7.511638962605413,"A""",0.9365,8.144493415644497,A',0.94,80.0
cc-pvtz-dk,2.0,96,0.0061713282807937826,-7188.150407446812,-7188.67436722104,-7188.694497502291,2.345111089950072,0.949,"A""",0.6046346272667775,3.0488214904100412,ok,379.59,2.345111089950072,"A""",0.949,2.9497457172168495,A',0.9532,5.393932580360113,"A""",0.9274,5.590592469849103,A',0.9556,7.583848653631048,"A""",0.9351,8.233831119756726,A',0.9377,80.0
cc-pvtz-dk,2.05,96,0.006292294666548764,-7188.150303083261,-7188.675381882118,-7188.6959352861595,2.17491376155199,0.9468,"A""",0.6010226118107735,2.7703432350528603,ok,397.47,2.17491376155199,"A""",0.9468,2.7759363733627636,A',0.9507,4.94525699660485,"A""",0.9256,5.118417599174723,A',0.9572,7.653275721185205,"A""",0.9334,8.315506004721616,A',0.9354,80.0
cc-pvtz-dk,2.1,96,0.006419890561920894,-7188.14849214887,-7188.674755265598,-7188.69575536382,2.0079165307788145,0.9443,"A""",0.5946713469599806,2.514946052434656,ok,400.33,2.0079165307788145,"A""",0.9443,2.602587877738795,A',0.9479,4.52286258321347,"A""",0.9234,4.661785759050552,A',0.9586,7.717609494893938,"A""",0.9316,8.129429269026268,A',0.92,80.0
cc-pvtz-dk,2.2,96,0.006701211710330016,-7188.141118639001,-7188.669961142103,-7188.691944329963,1.6914114338705843,0.9386,"A""",0.5738130687796014,2.0696632447040106,ok,393.99,1.6914114338705843,"A""",0.9386,2.265224502650186,A',0.9412,3.761074678574595,"A""",0.9177,3.8076278461148783,A',0.9611,7.377766701845713,A',0.9146,7.827055426844625,"A""",0.9274,80.0
cc-pvtz-dk,2.15,96,0.006555576134073524,-7188.145333063848,-7188.672849482082,-7188.6943244548675,1.8462443182076758,0.9416,"A""",0.585589531958325,2.281830470991017,ok,407.71,1.8462443182076758,"A""",0.9416,2.431833850166001,A',0.9448,4.128074789198693,"A""",0.9208,4.224116325232725,A',0.9599,7.739088805586712,A',0.9173,7.775736123374659,"A""",0.9297,80.0
cc-pvtz-dk,2.35,96,0.007215524119432166,-7188.124328367899,-7188.657616504755,-7188.681378463999,1.276252647931935,0.9279,"A""",0.5230481093575303,1.5432547770635623,ok,401.73,1.276252647931935,"A""",0.9279,1.7993007572894653,A',0.9281,2.695192655246664,A',0.9637,2.8195074249954972,"A""",0.9056,6.4686052407464665,A',0.9051,7.438800743645476,"A""",0.0026,80.0
cc-pvtz-dk,2.3,96,0.007029519019469818,-7188.130438087944,-7188.662163705104,-7188.6852849267125,1.4059384518591944,0.9317,"A""",0.5424642308565024,1.7019488323167609,ok,433.95,1.4059384518591944,"A""",0.9317,1.9484026827156968,A',0.9328,3.042745318711704,A',0.963,3.107887284175955,"A""",0.9101,6.743600801268565,A',0.9085,7.836309625345306,"A""",0.0519,80.0
cc-pvtz-dk,2.25,96,0.0068586024212161185,-7188.136088315848,-7188.666332897957,-7188.688863001571,1.5444337732647684,0.9353,"A""",0.5594091866484439,1.8769002870733393,ok,450.76,1.5444337732647684,"A""",0.9353,2.1038429599132122,A',0.9372,3.41362312323815,A',0.9621,3.4213340603381077,"A""",0.9141,7.0462140146214995,A',0.9116,7.871076853243487,"A""",0.9238,80.0
cc-pvtz-dk,2.4,96,0.007417873067022835,-7188.117890400767,-7188.652824578954,-7188.677282067231,1.155477643158945,0.9237,"A""",0.5011401670095708,1.3993470346588777,ok,379.9,1.155477643158945,"A""",0.9237,1.6566178101685158,A',0.9232,2.370926750336376,A',0.9641,2.5548246778178227,"A""",0.9008,6.219643008049377,A',0.9015,7.058836469046433,"A""",0.0018,80.0
cc-pvtz-dk,2.45,96,0.007637437602214482,-7188.111231416573,-7188.64789659338,-7188.673109169354,1.0435471214813212,0.9192,"A""",0.4764617815330974,1.2688598309675634,ok,361.09,1.0435471214813212,"A""",0.9192,1.5200089030144186,A',0.9184,2.06993625794139,A',0.9639,2.3124069524488844,"A""",0.8956,5.99499384155543,A',0.8978,6.701300891470265,"A""",0.0015,80.0
cc-pvtz-dk,2.5,96,0.007874666536525547,-7188.104438854951,-7188.642920726166,-7188.668952167739,0.9402723313617851,0.9143,"A""",0.44804386515370426,1.15054034527588,ok,359.55,0.9402723313617851,"A""",0.9143,1.3883161965154895,A',0.9143,1.7927379843680373,A',0.9623,2.090812676637665,"A""",0.8901,5.792884247029941,A',0.8937,6.367119044879646,"A""",0.0014,80.0
cc-pvtz-dk,2.55,96,0.008129579752003653,-7188.097583772873,-7188.637967975053,-7188.66488559995,0.8453769563012516,0.9092,"A""",0.41293858619784063,1.0432481537717992,ok,363.28,0.8453769563012516,"A""",0.9092,1.2583155424990922,A',0.9129,1.5417119446570573,A',0.9571,1.8886251100730507,"A""",0.8844,5.611541835862186,A',0.8894,6.056324744539276,"A""",0.0013,80.0
cc-pvtz-dk,2.6,96,0.008401791184609817,-7188.09072371529,-7188.633094942409,-7188.660968814002,0.7585227035752744,0.9038,"A""",0.3626269851375192,0.9459502707445966,ok,359.26,0.7585227035752744,"A""",0.9038,1.1211496887127936,A',0.9202,1.3247266038913643,A',0.9418,1.704472974319871,"A""",0.8783,5.449225780837257,A',0.8847,5.768412096147237,"A""",0.0012,80.0
cc-pvtz-dk,2.65,96,0.008690369482594515,-7188.083905013423,-7188.628346064647,-7188.657248099914,0.6793292654265326,0.8981,"A""",0.2825181070457475,0.8577128935845503,warn:w1,370.97,0.6793292654265326,"A""",0.8981,0.9618473724722801,A',0.9398,1.155662649202397,A',0.9148,1.537042159011083,"A""",0.8721,5.304216944580073,A',0.8789,5.502537607413979,"A""",0.0012,80.0
cc-pvtz-dk,2.7,96,0.008994352493846407,-7188.0771647156525,-7188.6237555442785,-7188.65375854361,0.6073890938331862,0.8921,"A""",0.17609529042785255,0.7776933443065303,warn:w1,365.87,0.6073890938331862,"A""",0.8921,0.7834843842610386,A',0.9552,1.030282960876897,A',0.894,1.3850824381397164,"A""",0.8657,5.174563616856822,A',0.8663,5.257653550112073,"A""",0.0011,80.0
cc-pvtz-dk,2.75,96,0.009312370084647378,-7188.070532179257,-7188.619348913082,-7188.6505255296,0.5422783605821186,0.8858,"A""",0.06234040783968082,0.7051305408969245,warn:w1,393.57,0.5422783605821186,"A""",0.8858,0.6046187684217995,A',0.9623,0.9288202664793341,A',0.8811,1.2474089014790433,"A""",0.8591,5.032596391064619,"A""",0.0011,5.0385231323714965,A',0.2018,80.0
cc-pvtz-dk,2.8,96,0.009642715603456187,-7188.0640304010685,-7188.615144438348,-7188.647566124429,0.48356570686712513,0.8794,A',-0.048999951681172174,0.6393368027901745,warn:Ap_below+w1,363.77,0.434565755185953,A',0.9657,0.48356570686712513,"A""",0.8794,0.840721587274919,A',0.8714,1.1229025096572995,"A""",0.8525,4.826148314165007,"A""",0.001,4.831008175046598,A',0.008,80.0
cc-pvtz-dk,1.7,96,0.005416343549590044,-7188.095170477958,-7188.612100574257,-7188.62978549628,3.2498067624970766,0.9578,"A""",0.5853192653025854,3.6906434731515425,ok,418.83,3.2498067624970766,"A""",0.9578,3.835126027799662,A',0.9614,6.940450235648619,"A""",0.9467,7.6313993203278,A',0.9489,8.430991035820655,A',0.9459,8.602727310657567,"A""",0.9286,85.0
cc-pvtz-dk,1.75,96,0.005508426877690968,-7188.117783167173,-7188.635547419442,-7188.653567525489,3.1471230109356765,0.957,"A""",0.5960559523795949,3.8758352295136413,ok,377.01,3.1471230109356765,"A""",0.957,3.743178963315271,A',0.9607,7.022958240449317,"A""",0.9453,7.725965948822552,A',0.9474,8.040730311030918,A',0.9468,8.090728535069033,"A""",0.9279,85.0
cc-pvtz-dk,1.8,96,0.005610020270772453,-7188.134066907599,-7188.652720655012,-7188.6710891267,3.0191449517694218,0.9559,"A""",0.6030672498160948,4.039060154112889,ok,316.71,3.0191449517694218,"A""",0.9559,3.622212201585517,A',0.9598,7.058205105882311,"A""",0.9433,7.556846661662186,A',0.9492,7.615827762954913,"A""",0.9282,7.873971399145762,A',0.9445,85.0
cc-pvtz-dk,1.85,96,0.005719145243216979,-7188.145268548896,-7188.66486243442,-7188.6835919814175,2.8720576303024683,0.9547,"A""",0.6068898597581698,3.9738753433243663,ok,321.67,2.8720576303024683,"A""",0.9547,3.478947490060638,A',0.9586,6.845932973626835,"A""",0.9352,7.098467232608005,A',0.9506,7.388336137938045,"A""",0.9347,7.967547879869792,A',0.9426,85.0
cc-pvtz-dk,1.9,96,0.005834408738397475,-7188.152393593119,-7188.6729784694535,-7188.692082336468,2.7118102510051325,0.9531,"A""",0.6078921203510951,3.676752264969224,ok,301.17,2.7118102510051325,"A""",0.9531,3.3197023713562275,A',0.9572,6.388562515974357,"A""",0.9309,6.614710496133594,A',0.9521,7.413537226517329,"A""",0.9368,8.06819621202757,A',0.9405,85.0
cc-pvtz-dk,1.95,96,0.005955014902757841,-7188.156254396288,-7188.677883924579,-7188.6973768634325,2.5437328628774893,0.9514,"A""",0.6062875356802807,3.357622640055365,ok,350.3,2.5437328628774893,"A""",0.9514,3.1500203985577704,A',0.9555,5.901355502932854,"A""",0.9291,6.125035539026633,A',0.9537,7.4819174050756105,"A""",0.9361,8.165595154996758,A',0.9382,85.0
cc-pvtz-dk,2.05,96,0.006211974971290186,-7188.156689271121,-7188.680585246298,-7188.700911111365,2.2012898277154296,0.9472,"A""",0.595602100099299,2.7736273498590336,ok,365.39,2.2012898277154296,"A""",0.9472,2.7968919278147286,A',0.951,4.974917177574463,"A""",0.9257,5.164014895904129,A',0.9568,7.624927649726519,"A""",0.9332,8.340959719685515,A',0.9334,85.0
cc-pvtz-dk,2.0,96,0.00608075865734767,-7188.1575085168315,-7188.680240316389,-7188.700139502251,2.3723416469923633,0.9494,"A""",0.602177992057344,3.0544752752291076,ok,380.62,2.3723416469923633,"A""",0.9494,2.9745196390497073,A',0.9534,5.42681692222147,"A""",0.9276,5.639170185897934,A',0.9553,7.554897982436342,"A""",0.9347,8.257336699233239,A',0.9358,85.0
cc-pvtz-dk,2.1,96,0.0063494554589268075,-7188.154230058688,-7188.679356331485,-7188.700133292277,2.0334132770795197,0.9447,"A""",0.5865757237629315,2.515991606613154,ok,408.95,2.0334132770795197,"A""",0.9447,2.6199890008424513,A',0.9482,4.549404883692674,"A""",0.9235,4.704496438841077,A',0.9582,7.6894440393492705,"A""",0.9315,8.16518598589884,A',0.9213,85.0
cc-pvtz-dk,2.15,96,0.006494347173886703,-7188.150483653155,-7188.676910254862,-7188.698167301122,1.870826033364969,0.942,"A""",0.5751194160078975,2.280880926052441,ok,405.47,1.870826033364969,"A""",0.942,2.4459454493728665,A',0.9451,4.15170695941741,"A""",0.9209,4.264010987503756,A',0.9594,7.747325963124294,"A""",0.9297,7.77450015831664,A',0.9186,85.0
cc-pvtz-dk,2.2,96,0.006648113135962594,-7188.145737621861,-7188.673538160419,-7188.69530931208,1.7150368139801924,0.939,"A""",0.5612726795168925,2.0669934502668,ok,382.2,1.7150368139801924,"A""",0.939,2.276309493497085,A',0.9416,3.7820302642469925,"A""",0.9177,3.844774453357039,A',0.9606,7.4122725886386736,A',0.9158,7.798041133983434,"A""",0.9276,85.0
cc-pvtz-dk,2.25,96,0.006812244982641235,-7188.140226621009,-7188.669477897756,-7188.691802452501,1.567063879843286,0.9356,"A""",0.5450924638809067,1.8727903428796322,ok,457.85,1.567063879843286,"A""",0.9356,2.112156343724193,A',0.9377,3.4398542227229183,"A""",0.9142,3.448114638255031,A',0.9616,7.079518242564673,A',0.9129,7.841273922140467,"A""",0.9246,85.0
cc-pvtz-dk,2.3,96,0.006988246423250905,-7188.134142191663,-7188.66492379279,-7188.687846447298,1.4275396605021862,0.932,"A""",0.5266381452550554,1.696670283272902,ok,462.1,1.4275396605021862,"A""",0.932,1.9541778057572414,A',0.9335,3.0747165674218664,A',0.9624,3.124209943775088,"A""",0.9102,6.775511703267709,A',0.9097,7.858659800425853,"A""",0.3814,85.0
cc-pvtz-dk,2.35,96,0.007177476262635068,-7188.1276406539755,-7188.660034498398,-7188.683605276119,1.296799791000182,0.9281,"A""",0.5059313917476719,1.5370632249808307,ok,404.72,1.296799791000182,"A""",0.9281,1.8027311827478538,A',0.929,2.7248368478284686,A',0.963,2.8338630159810125,"A""",0.9057,6.498996834136682,A',0.9062,7.467400365354648,"A""",0.0027,85.0
cc-pvtz-dk,2.45,96,0.007599830601825153,-7188.113872386808,-7188.649743160518,-7188.674780231755,1.061952085486293,0.9193,"A""",0.45708035043423273,1.2615265941477785,ok,355.84,1.061952085486293,"A""",0.9193,1.5190324359205256,A',0.9198,2.09584591391452,A',0.9628,2.3234786796340714,"A""",0.8958,6.0221391439307235,A',0.8986,6.725113859708727,"A""",0.0015,85.0
cc-pvtz-dk,2.4,96,0.0073810630657128685,-7188.120849476265,-7188.654939304517,-7188.679213321355,1.1749556867129767,0.9239,"A""",0.4828758574085961,1.3924781407952596,ok,395.45,1.1749556867129767,"A""",0.9239,1.657831544121573,A',0.9243,2.3985151206378923,A',0.9632,2.567433827508236,"A""",0.9009,6.248434816263528,A',0.9025,7.084989111537848,"A""",0.0017,85.0
cc-pvtz-dk,2.5,96,0.007834258917952835,-7188.106793613923,-7188.644530821637,-7188.6703949235425,0.9576116529323487,0.9145,"A""",0.42742616699577,1.1429312701715169,ok,357.37,0.9576116529323487,"A""",0.9145,1.3850378199281186,A',0.9161,1.8174797370198748,A',0.9609,2.1005429231038657,"A""",0.8903,5.818362678368133,A',0.8944,6.38874827272469,"A""",0.0014,85.0
cc-pvtz-dk,2.55,96,0.008084460760628095,-7188.099681263527,-7188.63937013596,-7188.666128733628,0.8616686806492757,0.9093,"A""",0.39091109394280477,1.035527504846673,ok,359.83,0.8616686806492757,"A""",0.9093,1.2525797745920806,A',0.9153,1.5658284595733603,A',0.9554,1.8971961854959487,"A""",0.8845,5.635352565754284,A',0.8898,6.075944249084625,"A""",0.0013,85.0
cc-pvtz-dk,2.6,96,0.008350178035988533,-7188.092590133351,-7188.634314770013,-7188.662038022942,0.7737952055081999,0.9038,"A""",0.3399884755396061,0.938257454399367,ok,359.36,0.7737952055081999,"A""",0.9038,1.113783681047806,A',0.9221,1.3477599624371934,A',0.9414,1.712052659907567,"A""",0.8785,5.471377792769957,A',0.8847,5.786202952762095,"A""",0.0012,85.0
cc-pvtz-dk,2.65,96,0.008630807633209371,-7188.085564049908,-7188.629406474663,-7188.65816633824,0.693619491824159,0.898,"A""",0.2629625472952352,0.8501636941709017,warn:w1,365.47,0.693619491824159,"A""",0.898,0.9565820391193942,A',0.9388,1.1742277636442395,A',0.9175,1.5437831859950606,"A""",0.8722,5.324702153395187,A',0.878,5.518680752293744,"A""",0.0011,85.0
cc-pvtz-dk,2.7,96,0.008925328655036561,-7188.07863777794,-7188.624676986784,-7188.654546250702,0.6207412540897005,0.892,"A""",0.16127837251151772,0.7703808027401932,warn:w1,367.41,0.6207412540897005,"A""",0.892,0.7820196266012183,A',0.9536,1.0429999918305957,A',0.8967,1.3911220568298936,"A""",0.8658,5.193198338652395,A',0.8614,5.272324930420445,"A""",0.0011,85.0
cc-pvtz-dk,2.8,96,0.009551364896126846,-7188.0651875240665,-7188.615840402022,-7188.648144924785,0.4951950209686316,0.8791,A',-0.059149085644318596,0.632696175957045,warn:Ap_below+w1,373.49,0.436045935324313,A',0.9651,0.4951950209686316,"A""",0.8791,0.8472469558795627,A',0.8728,1.1278911969256766,"A""",0.8526,4.838368451851179,"A""",0.001,4.847187626862198,A',0.0115,85.0
cc-pvtz-dk,2.75,96,0.00923269786000674,-7188.071838565421,-7188.620149559079,-7188.6512007992615,0.5547422192547007,0.8857,"A""",0.05055002334183622,0.6981271201536815,warn:w1,390.9,0.5547422192547007,"A""",0.8857,0.6052922425965369,A',0.9613,0.9376437452697564,A',0.883,1.2528693394083823,"A""",0.8593,5.045963710905603,"A""",0.001,5.054215222323014,A',0.2371,85.0
cc-pvtz-dk,1.8,96,0.00551196942362464,-7188.142584789162,-7188.660015643015,-7188.678180112233,3.0432495896820937,0.9562,"A""",0.6109400051898661,4.001726552489274,ok,317.56,3.0432495896820937,"A""",0.9562,3.65418959487196,A',0.9599,7.044976142171367,"A""",0.9433,7.5992232751967395,A',0.9489,7.647363567179869,"A""",0.9282,7.899231998407386,A',0.9432,90.0
cc-pvtz-dk,1.7,96,0.005300202023503113,-7188.1057520473905,-7188.621397319606,-7188.638881532415,3.278601821720529,0.9581,"A""",0.6015113868328268,3.6337847748217458,ok,434.29,3.278601821720529,"A""",0.9581,3.880113208553356,A',0.9615,6.912386596542275,"A""",0.9463,7.645480182748016,A',0.9478,8.485568399860865,A',0.9457,8.648571748986587,"A""",0.9293,90.0
cc-pvtz-dk,1.75,96,0.005401028304265809,-7188.127285081098,-7188.643795709562,-7188.661613292318,3.1734239866601577,0.9573,"A""",0.6079152680592269,3.8273412219310408,ok,379.09,3.1734239866601577,"A""",0.9573,3.7813392547193847,A',0.9608,7.000765208591199,"A""",0.945,7.748855692754114,A',0.9463,8.086343369673008,A',0.9465,8.131716550380453,"A""",0.9283,90.0
cc-pvtz-dk,1.85,96,0.00563123798811688,-7188.152890830022,-7188.671292838472,-7188.689817536909,2.894261759233907,0.955,"A""",0.6111275349940414,3.9655090855576485,ok,307.29,2.894261759233907,"A""",0.955,3.5053892942279483,A',0.9588,6.859770844791556,"A""",0.9361,7.135537443762018,A',0.9502,7.391316038132705,"A""",0.9338,7.996797709028192,A',0.9412,90.0
cc-pvtz-dk,1.9,96,0.0057574969607093384,-7188.159201821162,-7188.678626796563,-7188.697525835592,2.7323660856955057,0.9535,"A""",0.6088348447180306,3.6774541528993825,ok,316.38,2.7323660856955057,"A""",0.9535,3.3412009304135366,A',0.9574,6.409820238594889,"A""",0.9313,6.646875749202376,A',0.9517,7.406863524597737,"A""",0.9363,8.100753179104377,A',0.939,90.0
cc-pvtz-dk,1.95,96,0.005889879322574477,-7188.16232363429,-7188.682826747942,-7188.702115913351,2.562836902654892,0.9517,"A""",0.6042628131716393,3.3584071882798376,ok,345.27,2.562836902654892,"A""",0.9517,3.1670997158265317,A',0.9557,5.92124409093473,"A""",0.9294,6.152989935238171,A',0.9532,7.473818219805846,"A""",0.9357,8.200611182221607,A',0.9366,90.0
cc-pvtz-dk,2.0,96,0.006028010255453669,-7188.162907809717,-7188.6845486099455,-7188.704246218593,2.3901395401036645,0.9497,"A""",0.5975036245047773,3.0539597709178277,ok,374.47,2.3901395401036645,"A""",0.9497,2.987643164608442,A',0.9536,5.444099311021493,"A""",0.9277,5.663467314411698,A',0.9547,7.546149682938957,"A""",0.9344,8.29408851376286,A',0.9341,90.0
cc-pvtz-dk,2.05,96,0.006171973235393286,-7188.161482066681,-7188.68432466844,-7188.704452349994,2.2178873421885807,0.9475,"A""",0.5885889723798049,2.7715940713597536,ok,404.28,2.2178873421885807,"A""",0.9475,2.8064763145683855,A',0.9513,4.989481413548335,"A""",0.9259,5.185092431821149,A',0.9562,7.615286654265499,"A""",0.933,8.378097773309978,A',0.9317,90.0
cc-pvtz-dk,2.15,96,0.006479685998003042,-7188.154233341949,-7188.679688852774,-7188.700758121538,1.8852375290266319,0.9423,"A""",0.5643257124928346,2.276116481783003,ok,389.6,1.8852375290266319,"A""",0.9423,2.449563241519466,A',0.9455,4.161354010809634,"A""",0.9209,4.279644625841806,A',0.9588,7.734713969569472,"A""",0.9296,7.795585802632226,A',0.9197,90.0
cc-pvtz-dk,2.1,96,0.0063222613977772,-7188.158474587856,-7188.6825874477745,-7188.703170829635,2.0488878930228442,0.945,"A""",0.5775269123576999,2.5125106754097084,ok,420.29,2.0488878930228442,"A""",0.945,2.626414805380544,A',0.9486,4.561398568432553,"A""",0.9236,4.72270518794291,A',0.9575,7.678505553409828,"A""",0.9314,8.185106066279358,A',0.9225,90.0
cc-pvtz-dk,2.2,96,0.0066453562711561364,-7188.149041430229,-7188.6759154616275,-7188.697505797889,1.7284346446825698,0.9393,"A""",0.5490044271193933,2.0611432084530796,ok,390.63,1.7284346446825698,"A""",0.9393,2.2774390718019633,A',0.9421,3.7895778531356497,"A""",0.9178,3.858096964566243,A',0.9599,7.433394096101461,A',0.9169,7.783473640664034,"A""",0.9277,90.0
cc-pvtz-dk,2.25,96,0.006820421376737243,-7188.1431293420455,-7188.671500774873,-7188.693652589523,1.579492741910468,0.9359,"A""",0.5315889505842003,1.866060968609894,ok,417.02,1.579492741910468,"A""",0.9359,2.1110816924946683,A',0.9383,3.445553710520362,"A""",0.9142,3.4593838698830957,A',0.9609,7.100084003416407,A',0.9138,7.824617505500531,"A""",0.9249,90.0
cc-pvtz-dk,2.3,96,0.007006110922994184,-7188.136684741654,-7188.666635005296,-7188.689394061097,1.4390433963093165,0.9323,"A""",0.5120929389434793,1.6892653672679128,ok,472.3,1.4390433963093165,"A""",0.9323,1.9511363352527957,A',0.9342,3.084206139565646,A',0.9616,3.1283087635772295,"A""",0.9102,6.795160305787641,A',0.9105,7.852211328436992,"A""",0.7666,90.0
cc-pvtz-dk,2.35,96,0.007203551010610796,-7188.12986037205,-7188.66147295706,-7188.6848902928095,1.3074238555544517,0.9284,"A""",0.49047326764284377,1.5291762137064584,ok,403.24,1.3074238555544517,"A""",0.9284,1.7978971231972953,A',0.9299,2.7328578048951906,A',0.9621,2.83660006926091,"A""",0.9058,6.517513428787669,A',0.9069,7.478268379657099,"A""",0.0027,90.0
cc-pvtz-dk,2.4,96,0.007413688848593011,-7188.122780323818,-7188.656140243161,-7188.680271935479,1.1847485707774235,0.9241,"A""",0.46654055545615636,1.3842876283234569,ok,391.78,1.1847485707774235,"A""",0.9241,1.6512891262335798,A',0.9255,2.405443862477871,A',0.9622,2.5690361991008803,"A""",0.9009,6.265705532731393,A',0.9031,7.093953775297513,"A""",0.0017,90.0
cc-pvtz-dk,2.45,96,0.007637231238925941,-7188.115545215302,-7188.650738392076,-7188.675645156182,1.070966021783966,0.9195,"A""",0.43976569202419147,1.253193177516612,ok,360.46,1.070966021783966,"A""",0.9195,1.5107317138081575,A',0.9213,2.1021674988138876,A',0.9615,2.324159199300578,"A""",0.8958,6.038120865803419,A',0.8989,6.732326017076225,"A""",0.0015,90.0
cc-pvtz-dk,2.5,96,0.007874600708188368,-7188.108236360258,-7188.645348929132,-7188.671095570721,0.9659023438171819,0.9146,"A""",0.40882622577985295,1.134596359623473,ok,363.19,0.9659023438171819,"A""",0.9146,1.3747285695970348,A',0.9182,1.8238517553631324,A',0.9592,2.1004987034406546,"A""",0.8902,5.833060930174558,A',0.8945,6.394399532112889,"A""",0.0013,90.0
cc-pvtz-dk,2.55,96,0.008125899883848903,-7188.100919156686,-7188.640036672963,-7188.666691398881,0.8692953222277542,0.9093,"A""",0.37050047179665146,1.0273113896123887,ok,366.03,0.8692953222277542,"A""",0.9093,1.2397957940244055,A',0.918,1.5730945059463408,A',0.9532,1.8966067118401428,"A""",0.8844,5.648802926438855,A',0.8896,6.080241201577872,"A""",0.0012,90.0
cc-pvtz-dk,2.6,96,0.008390909983560912,-7188.093645930836,-7188.6348524982495,-7188.662486106171,0.7808189970898102,0.9037,"A""",0.31760956497780696,0.9302600620195896,ok,360.16,0.7808189970898102,"A""",0.9037,1.098428562067617,A',0.9249,1.356361952053137,A',0.9395,1.7110790591093996,"A""",0.8784,5.4836249263695,A',0.884,5.789354452335673,"A""",0.0012,90.0
cc-pvtz-dk,2.65,96,0.008669084473712998,-7188.086458232088,-7188.6298355554045,-7188.658520511576,0.700102809498824,0.8979,"A""",0.24057953343732433,0.8424649937655502,warn:w1,354.53,0.700102809498824,"A""",0.8979,0.9406823429361483,A',0.9398,1.1824516923596595,A',0.9176,1.5425678032643741,"A""",0.8721,5.335756110463168,A',0.8762,5.520889120109653,"A""",0.0011,90.0
cc-pvtz-dk,2.7,96,0.008959590090176878,-7188.079388733727,-7188.625015159661,-7188.654824603019,0.6267461286083742,0.8918,"A""",0.1411819327603777,0.7630421095376536,warn:w1,373.63,0.6267461286083742,"A""",0.8918,0.7679280613687519,A',0.9533,1.0487716386114918,A',0.8979,1.3897882381460278,"A""",0.8657,5.202781792435195,A',0.8532,5.273779966153886,"A""",0.001,90.0
cc-pvtz-dk,2.75,96,0.009261316941153041,-7188.072462807444,-7188.620412367098,-7188.651419056745,0.5603291539603761,0.8854,"A""",0.03271368392111969,0.6911926179263936,warn:w1,392.78,0.5603291539603761,"A""",0.8854,0.5930428378814957,A',0.9608,0.9411742203563622,A',0.8842,1.2515217718867697,"A""",0.8591,5.046839302843625,"A""",0.001,5.058018528236944,A',0.2213,90.0
cc-pvtz-dk,2.8,96,0.009572836644766899,-7188.065699822132,-7188.616041309274,-7188.648316549951,0.500421542135218,0.8787,A',-0.07536834491400389,0.626194804243403,warn:Ap_below+w1,391.1,0.42505319722121404,A',0.9648,0.500421542135218,"A""",0.8787,0.8493337634248879,A',0.8737,1.126616346378621,"A""",0.8524,4.838820227421118,"A""",0.0009,4.851077820718691,A',0.0145,90.0
cc-pvtz-dk,1.85,96,0.005572032230436331,-7188.158626242841,-7188.675999334298,-7188.694348789907,2.9079324498333414,0.9552,"A""",0.6107266907015338,3.9552717333379674,ok,316.77,2.9079324498333414,"A""",0.9552,3.5186591405348753,A',0.9589,6.863204183171308,"A""",0.9365,7.1505373007696775,A',0.9497,7.407471896551051,"A""",0.9333,8.03508499931301,A',0.9401,95.0
cc-pvtz-dk,1.7,96,0.005213366731481627,-7188.114059887971,-7188.628616931873,-7188.645933185761,3.301933579551343,0.9583,"A""",0.6116177620143973,3.6040234479047117,ok,425.8,3.301933579551343,"A""",0.9583,3.91355134156574,A',0.9615,6.905957027456054,"A""",0.9461,7.669065916109599,A',0.9469,8.525580602114792,A',0.9455,8.680317623994679,"A""",0.9297,95.0
cc-pvtz-dk,1.8,96,0.005442365044205384,-7188.149096035213,-7188.665477084112,-7188.683467987205,3.059636701641523,0.9565,"A""",0.6136182834401899,3.983964957237935,ok,365.52,3.059636701641523,"A""",0.9565,3.6732549850817127,A',0.9601,7.043601658879458,"A""",0.9432,7.621767549694832,A',0.9485,7.671112353445647,"A""",0.9283,7.933415307110088,A',0.9422,95.0
cc-pvtz-dk,1.75,96,0.0053222868844369385,-7188.134651567767,-7188.650092908027,-7188.667739450886,3.1930137370728797,0.9575,"A""",0.6140906348997207,3.804864865739541,ok,374.99,3.1930137370728797,"A""",0.9575,3.8071043719726005,A',0.9609,6.9978786028124205,"A""",0.9447,7.7783318354777435,A',0.9454,8.117100010879213,A',0.9461,8.159017484964235,"A""",0.9286,95.0
cc-pvtz-dk,1.9,96,0.00571003213624443,-7188.164234568451,-7188.682653651335,-7188.701376860774,2.743731165521998,0.9537,"A""",0.6057461332462744,3.671532837992671,ok,320.72,2.743731165521998,"A""",0.9537,3.349477298768272,A',0.9575,6.415264003514669,"A""",0.9317,6.655811501979658,A',0.9511,7.417646863848351,"A""",0.9358,8.14185553056233,A',0.9378,95.0
cc-pvtz-dk,1.95,96,0.005855454000188215,-7188.166721061742,-7188.686244021033,-7188.705358047026,2.5722323462436436,0.952,"A""",0.5988498652183432,3.3527155639111674,ok,369.86,2.5722323462436436,"A""",0.952,3.1710822114619868,A',0.9559,5.9249479101548115,"A""",0.9296,6.15689377726182,A',0.9526,7.48250377329488,"A""",0.9353,8.243719670154135,A',0.9353,95.0
cc-pvtz-dk,2.0,96,0.006007770239788236,-7188.166731878203,-7188.687421390222,-7188.706945964117,2.3978377980609835,0.95,"A""",0.5901047809190435,3.0476227152402773,ok,352.96,2.3978377980609835,"A""",0.95,2.987942578980027,A',0.9539,5.445460513301261,"A""",0.9279,5.663212248872068,A',0.954,7.552958073853005,"A""",0.9342,8.33838067404742,A',0.9328,95.0
cc-pvtz-dk,2.05,96,0.006166833986598678,-7188.164789757621,-7188.6867133198675,-7188.706671582523,2.2241113530682504,0.9478,"A""",0.5795179178827968,2.7644399892286744,ok,404.41,2.2241113530682504,"A""",0.9478,2.8036292709510473,A',0.9516,4.988551342296925,"A""",0.926,5.18141532733986,A',0.9554,7.619883124055226,"A""",0.9328,8.42032247898015,A',0.9304,95.0
cc-pvtz-dk,2.1,96,0.006332840437547664,-7188.161318281295,-7188.684547837269,-7188.704966990036,2.0538237716537653,0.9453,"A""",0.5670707021945269,2.5045714276541307,ok,421.1,2.0538237716537653,"A""",0.9453,2.620894473848292,A',0.949,4.5583951993078955,"A""",0.9237,4.7162286092802725,A',0.9567,7.680500998591482,"A""",0.9312,8.1894181551239,A',0.9235,95.0
cc-pvtz-dk,2.2,96,0.006687799545566732,-7188.151097318141,-7188.677169788912,-7188.698611124585,1.7312531646993028,0.9395,"A""",0.536504680892696,2.0519931602353307,ok,390.31,1.7312531646993028,"A""",0.9395,2.2677578455919987,A',0.9427,3.7832463249346335,"A""",0.9178,3.8475605389954426,A',0.9591,7.440874425639357,A',0.9177,7.779449757072257,"A""",0.9277,95.0
cc-pvtz-dk,2.15,96,0.006506267482001513,-7188.156661103119,-7188.6812725117,-7188.702184354595,1.88904463770447,0.9426,"A""",0.5527397978958456,2.267500837971562,ok,421.51,1.88904463770447,"A""",0.9426,2.4417844356003156,A',0.946,4.156545475676032,"A""",0.921,4.270902316353672,A',0.958,7.733794724763231,"A""",0.9296,7.802248599163653,A',0.9206,95.0
cc-pvtz-dk,2.25,96,0.00687837824003811,-7188.14485364867,-7188.672469191604,-7188.6944820965455,1.5814494336131295,0.9362,"A""",0.5183422001817202,1.85652968385729,ok,435.88,1.5814494336131295,"A""",0.9362,2.0997916337948497,A',0.939,3.4379791174704195,"A""",0.9142,3.447489872017206,A',0.96,7.107576317906745,A',0.9145,7.817447603559131,"A""",0.9251,95.0
cc-pvtz-dk,2.3,96,0.00707873072579596,-7188.138114249665,-7188.667357154597,-7188.689989019696,1.4402550895292094,0.9325,"A""",0.498201649465054,1.6795084247638787,ok,462.35,1.4402550895292094,"A""",0.9325,1.9384567389942633,A',0.9351,3.071381745275043,A',0.9607,3.119763514293088,"A""",0.9102,6.802192947537131,A',0.911,7.842937122840938,"A""",0.7949,95.0
cc-pvtz-dk,2.4,96,0.00751203137560231,-7188.123717446519,-7188.65647433718,-7188.68050710492,1.1847945696490931,0.9242,"A""",0.45129390914101136,1.3745126604472868,ok,356.05,1.1847945696490931,"A""",0.9242,1.6360884787901044,A',0.9267,2.3921683747797364,A',0.961,2.5593072300963797,"A""",0.9008,6.271170266065187,A',0.9032,7.084811702546003,"A""",0.0017,95.0
cc-pvtz-dk,2.35,96,0.007289716875787254,-7188.131028514017,-7188.661984813104,-7188.685288297397,1.308000432382952,0.9285,"A""",0.47595533865254236,1.5193419698112847,ok,401.88,1.308000432382952,"A""",0.9285,1.7839557710354943,A',0.9309,2.719551868261919,A',0.9611,2.8273424021942364,"A""",0.9057,6.5238226995282185,A',0.9072,7.470363090960219,"A""",0.0027,95.0
cc-pvtz-dk,2.45,96,0.00774614475697354,-7188.116278753502,-7188.65092398106,-7188.675748279191,1.0705819667005034,0.9195,"A""",0.4235056309497486,1.2435981824375144,ok,359.9,1.0705819667005034,"A""",0.9195,1.494087597650252,A',0.9229,2.089566150700599,A',0.96,2.314180149138018,"A""",0.8956,6.042716638671876,A',0.8988,6.722136816367774,"A""",0.0015,95.0
cc-pvtz-dk,2.5,96,0.007992304133043603,-7188.108791011066,-7188.645412100211,-7188.671094169037,0.9651842514230213,0.9145,"A""",0.3909798441750237,1.1252840463021188,ok,356.73,0.9651842514230213,"A""",0.9145,1.356164095598045,A',0.9204,1.8128088412099326,A',0.9571,2.09046829772514,"A""",0.8901,5.8368251669827735,A',0.8941,6.383380325716467,"A""",0.0013,95.0
cc-pvtz-dk,2.55,96,0.0082504796781747,-7188.101317126727,-7188.640000600958,-7188.66660995604,0.8683350143375136,0.9092,"A""",0.35011533146125756,1.018365337122777,ok,361.38,0.8683350143375136,"A""",0.9092,1.2184503457987712,A',0.9212,1.564830239689886,A',0.9504,1.8867003514602905,"A""",0.8842,5.65180664366122,A',0.8888,6.0686213016396,"A""",0.0012,95.0
cc-pvtz-dk,2.6,96,0.00852035928977957,-7188.093907116144,-7188.634737582335,-7188.662346153882,0.7797029950208706,0.9036,"A""",0.29385121925971514,0.9217446864606099,ok,371.59,0.7797029950208706,"A""",0.9036,1.0735542142805858,A',0.9286,1.3519378866943548,A',0.9364,1.7014476814814805,"A""",0.8781,5.485940664630488,A',0.8826,5.777360130464914,"A""",0.0011,95.0
cc-pvtz-dk,2.65,96,0.008801349649070577,-7188.086600391142,-7188.62965961149,-7188.658340792732,0.6989118969295045,0.8976,"A""",0.2146617950606288,0.8344267128197634,warn:w1,354.21,0.6989118969295045,"A""",0.8976,0.9135736919901333,A',0.9421,1.1808443922649334,A',0.9161,1.5333386097492678,"A""",0.8717,5.337390446959083,A',0.8732,5.508734131939964,"A""",0.0011,95.0
cc-pvtz-dk,2.7,96,0.00909257640785055,-7188.079427708044,-7188.624793590259,-7188.654621183066,0.6255537234612959,0.8914,"A""",0.11575307772017787,0.7555106823907476,warn:w1,381.9,0.6255537234612959,"A""",0.8914,0.7413068011814737,A',0.9539,1.047488263045021,A',0.898,1.3810644058520434,"A""",0.8652,5.203227857140968,A',0.8389,5.261658269589245,"A""",0.001,95.0
cc-pvtz-dk,2.75,96,0.009392934308196838,-7188.07241271093,-7188.620158389521,-7188.651205527909,0.5592009669782394,0.8849,"A""",0.008850813420464744,0.6841832364649223,warn:w1,370.68,0.5592009669782394,"A""",0.8849,0.5680517803987042,A',0.9608,0.9392625579078809,A',0.8846,1.2433842034431617,"A""",0.8586,5.0349221505426405,"A""",0.001,5.049642564456792,A',0.178,95.0
cc-pvtz-dk,2.8,96,0.009701093068270304,-7188.065573211312,-7188.615766119297,-7188.648104150243,0.4994144989321113,0.8781,A',-0.09766153405074778,0.6197102441183273,warn:Ap_below+w1,386.88,0.40175296488136353,A',0.9646,0.4994144989321113,"A""",0.8781,0.8468863089423222,A',0.8742,1.1191247430504387,"A""",0.8518,4.827253399024309,"A""",0.0009,4.842563155477254,A',0.0164,95.0
cc-pvtz-dk,1.85,96,0.005538134772584136,-7188.162643224737,-7188.679140249145,-7188.697340460026,2.9122597297006614,0.9554,"A""",0.6049060424160152,3.944501775994029,ok,308.51,2.9122597297006614,"A""",0.9554,3.5171657721166767,A',0.959,6.85676150569469,"A""",0.9367,7.143505801147527,A',0.9491,7.43182775491836,"A""",0.933,8.076576686542769,A',0.9392,100.0
cc-pvtz-dk,1.9,96,0.005688805442675123,-7188.167640564232,-7188.685200178459,-7188.703773369297,2.7451504975221006,0.9539,"A""",0.5979570535146399,3.660119031454529,ok,311.73,2.7451504975221006,"A""",0.9539,3.3431075510367405,A',0.9577,6.405269528976629,"A""",0.932,6.641679490784727,A',0.9504,7.441094948599455,"A""",0.9354,8.18571060731832,A',0.9368,100.0
cc-pvtz-dk,1.75,96,0.005268787925827458,-7188.140097402783,-7188.654637740649,-7188.672140239937,3.2049202490109385,0.9577,"A""",0.6134262637553507,3.80422407119304,ok,387.39,3.2049202490109385,"A""",0.9577,3.818346512766289,A',0.961,7.009144320203978,"A""",0.9446,7.80786409417561,A',0.9448,8.133395482278333,A',0.9454,8.173259891493148,"A""",0.9287,100.0
cc-pvtz-dk,1.8,96,0.005397745283347409,-7188.1537910282,-7188.669282410172,-7188.687126143942,3.0674304982343967,0.9567,"A""",0.6101610174344205,3.9827546488857783,ok,370.85,3.0674304982343967,"A""",0.9567,3.677591515668817,A',0.9601,7.050185147120175,"A""",0.9431,7.623741635587745,A',0.948,7.686484748972839,"A""",0.9282,7.971293499835202,A',0.9413,100.0
cc-pvtz-dk,1.7,96,0.005152599297700727,-7188.120335705076,-7188.6339817994285,-7188.651157894141,3.318674118341277,0.9585,"A""",0.6142038055371551,3.597140575819828,ok,429.09,3.318674118341277,"A""",0.9585,3.9328779238784324,A',0.9616,6.915814694161105,"A""",0.9458,7.695502846038905,A',0.9462,8.551344738337598,A',0.9451,8.698755615443735,"A""",0.93,100.0
cc-pvtz-dk,1.95,96,0.005848831902703687,-7188.169577782447,-7188.688261443836,-7188.707226189778,2.5712193806659043,0.9522,"A""",0.5894522558522625,3.3414134938379836,ok,360.63,2.5712193806659043,"A""",0.9522,3.160671636518167,A',0.9561,5.912632874503888,"A""",0.9298,6.136992314218123,A',0.9518,7.5034422641721035,"A""",0.935,8.289185826533439,A',0.9343,100.0
cc-pvtz-dk,2.0,96,0.006017563688844376,-7188.169096120625,-7188.688970491166,-7188.708348210331,2.3947968882247674,0.9503,"A""",0.579423875267958,3.0361280689023284,ok,394.9,2.3947968882247674,"A""",0.9503,2.9742207634927254,A',0.9542,5.430924957127096,"A""",0.9281,5.638730403542339,A',0.9532,7.571016020081893,"A""",0.9339,8.384362256987412,A',0.9317,100.0
cc-pvtz-dk,2.05,96,0.00619463468829881,-7188.166713805312,-7188.687850626781,-7188.707666289729,2.2193882793767803,0.9481,"A""",0.5678427994633832,2.7526599186354104,ok,413.24,2.2193882793767803,"A""",0.9481,2.7872310788401635,A',0.952,4.972048198012191,"A""",0.9261,5.153388301715674,A',0.9545,7.634616653886883,"A""",0.9326,8.458041215619332,A',0.9298,100.0
cc-pvtz-dk,2.1,96,0.006379943615687355,-7188.16285018752,-7188.685325769397,-7188.705608525921,2.047717309642309,0.9456,"A""",0.5546501995739621,2.492528256822467,ok,422.74,2.047717309642309,"A""",0.9456,2.6023675092162715,A',0.9494,4.540245566464776,"A""",0.9238,4.685548240928005,A',0.9558,7.691535239922951,"A""",0.9311,8.178446203503656,A',0.9244,100.0
cc-pvtz-dk,2.15,96,0.006573611554519205,-7188.157844973865,-7188.6817395399985,-7188.702523236607,1.8818157223624206,0.9428,"A""",0.539776042942941,2.2552746960540127,ok,412.97,1.8818157223624206,"A""",0.9428,2.4215917653053616,A',0.9466,4.137090418416434,"A""",0.921,4.238339905800189,A',0.957,7.7408824830762475,"A""",0.9295,7.794415925651927,A',0.9213,100.0
cc-pvtz-dk,2.2,96,0.006775905002935145,-7188.151973541983,-7188.677370565749,-7188.698694133312,1.7231323398748952,0.9398,"A""",0.5231441760823934,2.039694144348065,ok,399.71,1.7231323398748952,"A""",0.9398,2.2462765159572884,A',0.9434,3.7628264842229604,"A""",0.9178,3.8137949314231463,A',0.958,7.434448082757301,A',0.9182,7.782499737786886,"A""",0.9276,100.0
cc-pvtz-dk,2.25,96,0.006987325411980564,-7188.145459104264,-7188.672444668248,-7188.694352371121,1.5726424067565252,0.9364,"A""",0.5046640200310544,1.844281706015325,ok,443.53,1.5726424067565252,"A""",0.9364,2.0773064267875796,A',0.9398,3.4131386765213425,A',0.9589,3.41692411277185,"A""",0.9142,7.101633277389209,A',0.9148,7.816525337247632,"A""",0.925,100.0
cc-pvtz-dk,2.3,96,0.007208164105384589,-7188.13848247694,-7188.667144689124,-7188.689686161572,1.4309477030711752,0.9327,"A""",0.4842006919965595,1.6674377468487072,ok,470.99,1.4309477030711752,"A""",0.9327,1.9151483950677348,A',0.936,3.037034841909878,A',0.9595,3.098385449919882,"A""",0.9101,6.796213789230937,A',0.9111,7.833045159058167,"A""",0.5787,100.0
cc-pvtz-dk,2.35,96,0.007438819341966612,-7188.131189934121,-7188.661618302703,-7188.684848446583,1.2983614284558107,0.9287,"A""",0.46151534012708556,1.507568759118054,ok,422.52,1.2983614284558107,"A""",0.9287,1.7598767685828962,A',0.9321,2.685814467637165,A',0.9598,2.805930187573865,"A""",0.9056,6.5175389848481675,A',0.9072,7.442835366670603,"A""",0.0025,100.0
cc-pvtz-dk,2.4,96,0.007679732484166635,-7188.12369950895,-7188.655984321893,-7188.679963052488,1.1749787841718302,0.9243,"A""",0.43613719566632314,1.3631440275326936,ok,395.19,1.1749787841718302,"A""",0.9243,1.6111159798381534,A',0.9282,2.359724613891297,A',0.9595,2.5381228117045236,"A""",0.9006,6.264481289886811,A',0.9029,7.05683400739568,"A""",0.0017,100.0
cc-pvtz-dk,2.45,96,0.007930786810780618,-7188.11610613398,-7188.650337756024,-7188.675129487,1.060731308300517,0.9195,"A""",0.40710650991649816,1.2327246076069756,ok,355.28,1.060731308300517,"A""",0.9195,1.4678378182170153,A',0.9248,2.0592746619377302,A',0.9581,2.2934559159074928,"A""",0.8953,6.0356330843248935,A',0.8982,6.693919403224221,"A""",0.0014,100.0
cc-pvtz-dk,2.5,96,0.008191841565200319,-7188.108485822572,-7188.644753925167,-7188.67042696276,0.9554293457903802,0.9144,"A""",0.37241647449157156,1.114976674500847,ok,353.66,0.9554293457903802,"A""",0.9144,1.3278458202819519,A',0.9231,1.785862695734825,A',0.9546,2.070406020291227,"A""",0.8897,5.829424974302655,A',0.8932,6.355154508924396,"A""",0.0013,100.0
cc-pvtz-dk,2.55,96,0.008462699959891884,-7188.100899100491,-7188.639291779204,-7188.665917495419,0.8587945194850217,0.909,"A""",0.3279622139521582,1.0086748458536638,ok,357.37,0.8587945194850217,"A""",0.909,1.18675673343718,A',0.9249,1.542872106256971,A',0.9468,1.8674693653386856,"A""",0.8837,5.644196434899975,A',0.8875,6.040629501005599,"A""",0.0012,100.0
cc-pvtz-dk,2.6,96,0.00874276506147021,-7188.093393783711,-7188.633996631788,-7188.661648574089,0.7704837549723244,0.9032,"A""",0.26689243523441797,0.9127021201442813,ok,381.66,0.7704837549723244,"A""",0.9032,1.0373761902067422,A',0.9329,1.3363543472838624,A',0.9324,1.6831858751166056,"A""",0.8775,5.478212600683911,A',0.8804,5.749837528807583,"A""",0.0011,100.0
cc-pvtz-dk,2.65,96,0.009031290959037378,-7188.086007311029,-7188.628902452909,-7188.657655307079,0.6901081168044675,0.8971,"A""",0.1841259342544684,0.8260451162060553,warn:w1,359.93,0.6901081168044675,"A""",0.8971,0.8742340510589359,A',0.9451,1.170536820216758,A',0.9137,1.5161532330105227,"A""",0.8711,5.329513934669471,A',0.8685,5.481897086302607,"A""",0.001,100.0
cc-pvtz-dk,2.7,96,0.00932726745262635,-7188.078768632984,-7188.6240337202535,-7188.653962219955,0.6172466409568641,0.8908,"A""",0.08466481601255839,0.7477875351050131,warn:w1,387.98,0.6172466409568641,"A""",0.8908,0.7019114569694225,A',0.9551,1.0395281567707166,A',0.8972,1.3650341760618772,"A""",0.8645,5.194167345956082,A',0.8115,5.235698438858517,"A""",0.001,100.0
cc-pvtz-dk,2.75,96,0.009629533547285596,-7188.07169979642,-7188.619407038886,-7188.650584798166,0.5514573302702379,0.8841,A',-0.021083450305728474,0.6771031982263496,warn:Ap_below+w1,375.7,0.5303738799645095,A',0.9612,0.5514573302702379,"A""",0.8841,0.932007874372441,A',0.8845,1.2285605284965875,"A""",0.8578,5.010000692977,"A""",0.0009,5.028524781784403,A',0.1304,100.0
cc-pvtz-dk,2.8,96,0.009936774269073889,-7188.064817157127,-7188.615032469362,-7188.647530852893,0.49228705525031674,0.8773,A',-0.12600090222440824,0.6132482557977065,warn:Ap_below+w1,366.19,0.3662861530259085,A',0.9647,0.49228705525031674,"A""",0.8773,0.8399350424998863,A',0.8742,1.1055353110480233,"A""",0.8509,4.80350078638708,"A""",0.0009,4.821599316277188,A',0.0169,100.0
cc-pvtz-dk,1.7,96,0.005113364135379585,-7188.124785410949,-7188.637677942295,-7188.654736329754,3.327885839662853,0.9587,"A""",0.6082935205337956,3.6090457493939394,ok,416.13,3.327885839662853,"A""",0.9587,3.936179360196648,A',0.9616,6.936931589056792,"A""",0.9457,7.718936112474261,A',0.9458,8.563576143336526,A',0.9446,8.704951801534555,"A""",0.9301,105.0
cc-pvtz-dk,1.85,96,0.005526365432560665,-7188.165094485573,-7188.680855643173,-7188.69892852683,2.9065767013244193,0.9556,"A""",0.5930427548516873,3.9330031520614694,ok,315.54,2.9065767013244193,"A""",0.9556,3.4996194561761063,A',0.9591,6.839579853385888,"A""",0.9366,7.114937419095981,A',0.9484,7.461516230537709,"A""",0.9328,8.116033015579434,A',0.9385,105.0
cc-pvtz-dk,1.8,96,0.005374410537392411,-7188.156838911643,-7188.671586078295,-7188.689304568184,3.065904807663679,0.9569,"A""",0.5998656991477755,3.993867340031605,ok,354.24,3.065904807663679,"A""",0.9569,3.665770506811454,A',0.9602,7.059772147695283,"A""",0.9431,7.6050570526710475,A',0.9475,7.6946522933594945,"A""",0.9282,8.008093322164225,A',0.9405,105.0
cc-pvtz-dk,1.75,96,0.005236392954961089,-7188.14380946641,-7188.657599984057,-7188.674980545853,3.2083350640853894,0.9579,"A""",0.6051036478091261,3.8212549355358854,ok,378.1,3.2083350640853894,"A""",0.9579,3.8134387118945154,A',0.961,7.029589999621274,"A""",0.9445,7.830536956963721,A',0.9446,8.137155059031292,A',0.9444,8.175554491728896,"A""",0.9286,105.0
cc-pvtz-dk,1.9,96,0.005691254972661376,-7188.1695573915185,-7188.68639297755,-7188.704838250457,2.7360082951224496,0.9541,"A""",0.584893011968817,3.64428426423344,ok,351.59,2.7360082951224496,"A""",0.9541,3.3209013070912667,A',0.9578,6.3802925593558895,"A""",0.9322,6.605142149687369,A',0.9496,7.473077354059527,"A""",0.935,8.227003010713416,A',0.9361,105.0
cc-pvtz-dk,1.95,96,0.005868197370353,-7188.171017484617,-7188.688993057188,-7188.707831032463,2.559232586809693,0.9524,"A""",0.5755167788143483,3.325453224119264,ok,377.61,2.559232586809693,"A""",0.9524,3.1347493656240415,A',0.9563,5.884685810928957,"A""",0.93,6.0940863423318286,A',0.9509,7.532644099653666,"A""",0.9347,8.331561339962697,A',0.9336,105.0
cc-pvtz-dk,2.0,96,0.006056461714260365,-7188.170111518582,-7188.6892983091775,-7188.708552363898,2.3805035930865315,0.9505,"A""",0.5649070356271024,3.0202487903739614,ok,398.66,2.3805035930865315,"A""",0.9505,2.945410628713634,A',0.9545,5.4007523834604925,"A""",0.9282,5.590943481106745,A',0.9522,7.59652555963135,"A""",0.9336,8.426094200329233,A',0.9311,105.0
cc-pvtz-dk,2.05,96,0.006255483039595771,-7188.167353539438,-7188.687828190892,-7188.707525454993,2.2032592104492004,0.9483,"A""",0.5529910495632343,2.736868926298384,ok,399.56,2.2032592104492004,"A""",0.9483,2.756250260012435,A',0.9524,4.940128136747584,"A""",0.9262,5.1020357880151845,A',0.9535,7.655897568452486,"A""",0.9323,8.475510198439297,A',0.9301,105.0
cc-pvtz-dk,2.1,96,0.006464847349020205,-7188.163158992701,-7188.685002917689,-7188.70517488295,2.0301643828267313,0.9458,"A""",0.5396597657210089,2.476867025321844,ok,413.72,2.0301643828267313,"A""",0.9458,2.5698241485477404,A',0.9499,4.507031408148575,"A""",0.9238,4.631773141553254,A',0.9547,7.708226475086233,"A""",0.9309,8.152460585359119,A',0.9251,105.0
cc-pvtz-dk,2.15,96,0.006684288767788743,-7188.157863906755,-7188.68116252676,-7188.701845552972,1.8632007115607494,0.943,"A""",0.5247832374448725,2.2398223233949803,ok,407.71,1.8632007115607494,"A""",0.943,2.387983949005622,A',0.9472,4.10302303495573,"A""",0.921,4.183135993121118,A',0.9559,7.752803517667946,"A""",0.9294,7.771971621174006,A',0.9218,105.0
cc-pvtz-dk,2.2,96,0.006913545640184495,-7188.151740147978,-7188.676582108519,-7188.697817795316,1.7037736053579269,0.94,"A""",0.5082140957736586,2.0245542933211462,ok,407.4,1.7037736053579269,"A""",0.94,2.2119877011315854,A',0.9441,3.728327898679073,"A""",0.9178,3.7580385424268608,A',0.9569,7.413801684035752,A',0.9185,7.789659395586309,"A""",0.9275,105.0
cc-pvtz-dk,2.25,96,0.007152951274496236,-7188.1450075914245,-7188.671484027604,-7188.693319435353,1.5528215345188499,0.9366,"A""",0.48977344182391946,1.8295697440962786,ok,450.54,1.5528215345188499,"A""",0.9366,2.042594976342769,A',0.9407,3.3576300150237683,A',0.9577,3.382391278615128,"A""",0.9141,7.0818390551393655,A',0.9149,7.819089305890323,"A""",0.9246,105.0
cc-pvtz-dk,2.3,96,0.007401309446212696,-7188.1378439018,-7188.666047737722,-7188.688535384363,1.410915102025235,0.9328,"A""",0.4692169550153715,1.6532688905606419,ok,452.3,1.410915102025235,"A""",0.9328,1.8801320570406066,A',0.9371,2.982533642510555,A',0.9582,3.064183992585877,"A""",0.9099,6.776768997164635,A',0.911,7.7980564752437935,"A""",0.0872,105.0
cc-pvtz-dk,2.35,96,0.007659116707295702,-7188.130392323905,-7188.660417563814,-7188.683615326781,1.2783412602816706,0.9287,"A""",0.44615563820735116,1.4940479131873061,ok,393.03,1.2783412602816706,"A""",0.9287,1.7244968984890219,A',0.9334,2.633109150134585,A',0.9584,2.772389173468977,"A""",0.9053,6.498213083109362,A',0.9068,7.3950837862717105,"A""",0.0024,105.0
cc-pvtz-dk,2.4,96,0.007925819054333236,-7188.122768056706,-7188.654709054164,-7188.678679789484,1.1551721723255097,0.9242,"A""",0.4199033622556683,1.3503594790081161,ok,395.33,1.1551721723255097,"A""",0.9242,1.575075534581178,A',0.9298,2.309710487963025,A',0.9577,2.5055316513336257,"A""",0.9003,6.245224709459998,A',0.9022,7.009517460252342,"A""",0.0017,105.0
cc-pvtz-dk,2.45,96,0.008200892630240635,-7188.115063400735,-7188.649014058205,-7188.673825061012,1.0413190307936047,0.9194,"A""",0.3891614648175004,1.2207426036048485,ok,347.9,1.0413190307936047,"A""",0.9194,1.430480495611105,A',0.9271,2.0130965119317192,A',0.9558,2.2620616343984534,"A""",0.8949,6.016509285495136,A',0.8972,6.6472495477698645,"A""",0.0014,105.0
cc-pvtz-dk,2.55,96,0.008773345166832777,-7188.099691785037,-7188.637937269733,-7188.664644671312,0.8406389675850714,0.9086,"A""",0.3020476113165617,0.9984001389281125,ok,365.65,0.8406389675850714,"A""",0.9086,1.1426865789016332,A',0.9293,1.5095442577228193,A',0.9425,1.839039106513184,"A""",0.8831,5.62573361937725,A',0.8854,5.995971893377625,"A""",0.0012,105.0
cc-pvtz-dk,2.6,96,0.009068971603771122,-7188.09212881805,-7188.632653939232,-7188.660422124616,0.7531539594885973,0.9027,"A""",0.23493409641757818,0.9032863119868575,ok,353.17,0.7531539594885973,"A""",0.9027,0.9880880559061755,A',0.9377,1.3117111950365457,A',0.9278,1.656440271475455,"A""",0.8768,5.460251452011655,A',0.8772,5.706547321998891,"A""",0.0011,105.0
cc-pvtz-dk,2.5,96,0.008483648429474137,-7188.107351895599,-7188.64340479333,-7188.669127062356,0.9365732622650024,0.9142,"A""",0.35141058681536164,1.1038393289822543,ok,372.43,0.9365732622650024,"A""",0.9142,1.2879838490803641,A',0.9262,1.7451010699863243,A',0.9514,2.040412591247257,"A""",0.8892,5.810560195953839,A',0.8917,6.309367234579582,"A""",0.0013,105.0
cc-pvtz-dk,2.65,96,0.00936951773470991,-7188.084698550867,-7188.627586006718,-7188.656491315909,0.6737086306513805,0.8965,"A""",0.1479413901951155,0.8174662998535169,warn:w1,354.04,0.6737086306513805,"A""",0.8965,0.8216500208464961,A',0.9483,1.152830652823277,A',0.9107,1.4911749305048974,"A""",0.8702,5.311926338784157,A',0.861,5.440187731605539,"A""",0.001,105.0
cc-pvtz-dk,2.7,96,0.009673615751385686,-7188.077428233736,-7188.62275563548,-7188.652873893628,0.6018674681390827,0.8899,"A""",0.04759761344099769,0.7400069348720816,warn:w1,385.22,0.6018674681390827,"A""",0.8899,0.6494650815800803,A',0.9565,1.025459152624159,A',0.8958,1.3418744030111642,"A""",0.8635,5.17463270637125,A',0.7526,5.1957567933406095,"A""",0.001,105.0
cc-pvtz-dk,2.75,96,0.009980126052805835,-7188.070338356761,-7188.618176846047,-7188.649582168479,0.5371634615518197,0.8831,A',-0.05708123279889285,0.6700734717242723,warn:Ap_below+w1,386.31,0.4800822287529269,A',0.9617,0.5371634615518197,"A""",0.8831,0.9196289991864557,A',0.8839,1.207236933276092,"A""",0.8567,4.971973025115656,"A""",0.0009,4.994255382712726,A',0.0916,105.0
cc-pvtz-dk,2.8,96,0.010287731665430875,-7188.063443941048,-7188.61385761855,-7188.646621216142,0.4791249554508491,0.8761,A',-0.16026635436581815,0.6069144398028408,warn:Ap_below+w1,374.42,0.31885860108503095,A',0.9648,0.4791249554508491,"A""",0.8761,0.8285665815346549,A',0.8738,1.0860393952536898,"A""",0.8497,4.767497998873188,"A""",0.0009,4.788221834903795,A',0.0164,105.0
cc-pvtz-dk,1.7,96,0.00509079857090199,-7188.127597006174,-7188.639874282008,-7188.656832450556,3.328886810219813,0.9588,"A""",0.5933638027470534,3.6359760084850907,ok,403.27,3.328886810219813,"A""",0.9588,3.922250612966866,A',0.9615,6.964862818704903,"A""",0.9456,7.734482123235766,A',0.9455,8.563424018256958,A',0.9439,8.700049336764113,"A""",0.9299,110.0
cc-pvtz-dk,1.85,96,0.005533684115186732,-7188.166125898973,-7188.681276569193,-7188.699240037814,2.8904384372497605,0.9557,"A""",0.5746914624822238,3.9200479540596342,ok,327.28,2.8904384372497605,"A""",0.9557,3.4651298997319846,A',0.9592,6.810486391309395,"A""",0.9365,7.065820918285697,A',0.9475,7.494731470428908,"A""",0.9328,8.14902480557763,A',0.938,110.0
cc-pvtz-dk,1.8,96,0.00536865126663834,-7188.158398890177,-7188.672531414128,-7188.690142299305,3.054558505180804,0.957,"A""",0.5822813970144756,4.01262192873856,ok,358.46,3.054558505180804,"A""",0.957,3.6368399021952795,A',0.9602,7.067180433919364,"A""",0.943,7.566356751849786,A',0.9468,7.697742675996829,"A""",0.9281,8.03967197210417,A',0.9399,110.0
cc-pvtz-dk,1.9,96,0.005715152521265194,-7188.170118343766,-7188.686351293823,-7188.704687003503,2.715907195835635,0.9543,"A""",0.5660971086615798,3.624950328696822,ok,345.78,2.715907195835635,"A""",0.9543,3.2820043044972147,A',0.958,6.340857524532456,"A""",0.9323,6.547403332382213,A',0.9486,7.51014356688237,"A""",0.9347,8.261065417831496,A',0.9356,110.0
cc-pvtz-dk,1.75,96,0.005220794304624025,-7188.145961015606,-7188.659135608262,-7188.676411735368,3.202683372575791,0.958,"A""",0.5886468496086015,3.852016037595211,ok,423.38,3.202683372575791,"A""",0.958,3.7913302221843925,A',0.961,7.054699410171001,"A""",0.9446,7.839273547806251,A',0.9448,8.131853646015836,A',0.9431,8.167256574155527,"A""",0.9284,110.0
cc-pvtz-dk,1.95,96,0.00591230494331116,-7188.171161611523,-7188.6885468100845,-7188.707277026749,2.5359174987909077,0.9526,"A""",0.5565605237300345,3.3057368705340817,ok,393.42,2.5359174987909077,"A""",0.9526,3.0924780225209423,A',0.9565,5.841654369324989,"A""",0.9301,6.029556303168092,A',0.9498,7.566704273490817,"A""",0.9344,8.36582636982709,A',0.9332,110.0
cc-pvtz-dk,2.0,96,0.006124405736350738,-7188.169888351732,-7188.688502036627,-7188.707652371362,2.354643005862625,0.9506,"A""",0.5460330632370517,3.000747461950223,ok,410.2,2.354643005862625,"A""",0.9506,2.9006760690996765,A',0.9548,5.355390467812848,"A""",0.9283,5.52137270816934,A',0.9511,7.626268194938687,"A""",0.9334,8.457499981929573,A',0.9309,110.0
cc-pvtz-dk,2.05,96,0.006350730154097341,-7188.166808754673,-7188.686733055463,-7188.706333146934,2.175445145446433,0.9484,"A""",0.5343932543144162,2.717701083363599,ok,394.75,2.175445145446433,"A""",0.9484,2.7098383997608493,A',0.9527,4.893146228810032,"A""",0.9263,5.028985928712942,A',0.9523,7.680696035302387,"A""",0.9321,8.45868844054692,A',0.9307,110.0
cc-pvtz-dk,2.15,96,0.0068434224144985935,-7188.15679862479,-7188.6796101719065,-7188.700217715304,1.8329806635369394,0.9432,"A""",0.507068002074004,2.2215979825299934,ok,398.72,1.8329806635369394,"A""",0.9432,2.3400486656109436,A',0.9478,4.054578646066933,"A""",0.921,4.107055524220674,A',0.9546,7.734768693707304,A',0.9222,7.766906013976479,"A""",0.9292,110.0
cc-pvtz-dk,2.1,96,0.00659054127350003,-7188.162334661442,-7188.683656834554,-7188.703740952755,2.0009183306923677,0.946,"A""",0.5214727189871261,2.4581188505170544,ok,425.92,2.0009183306923677,"A""",0.946,2.5223910496794937,A',0.9504,4.459037181209422,"A""",0.9239,4.556609438150385,A',0.9535,7.72773445759136,"A""",0.9308,8.11165783300842,A',0.9257,110.0
cc-pvtz-dk,2.2,96,0.007107843031428894,-7188.150469233506,-7188.674864989546,-7188.696040822773,1.6729818222099537,0.9401,"A""",0.49094239711207693,2.006975145449277,ok,453.16,1.6729818222099537,"A""",0.9401,2.1639242193220305,A',0.9449,3.6799569676592307,"A""",0.9177,3.6821025302646886,A',0.9556,7.37859558560876,A',0.9187,7.798462362396033,"A""",0.9273,110.0
cc-pvtz-dk,2.25,96,0.007383326190895367,-7188.1435631873455,-7188.669640457595,-7188.691435135425,1.521812199963033,0.9367,"A""",0.47280347125895794,1.8127613103931257,ok,443.91,1.521812199963033,"A""",0.9367,1.994615671221991,A',0.9417,3.282814785967906,A',0.9564,3.3345735103561585,"A""",0.914,7.047756339895563,A',0.9148,7.822828795799772,"A""",0.9238,110.0
cc-pvtz-dk,2.3,96,0.007668840054940597,-7188.1362551482825,-7188.664112851813,-7188.686582605243,1.3800013281301715,0.9329,"A""",0.45226064265358396,1.637348142283273,ok,444.94,1.3800013281301715,"A""",0.9329,1.8322619707837555,A',0.9382,2.90979530603702,A',0.9568,3.0173494704134445,"A""",0.9097,6.743377130466361,A',0.9106,7.730869785206609,"A""",0.0165,110.0
cc-pvtz-dk,2.35,96,0.007963105326966596,-7188.128685505791,-7188.658423335614,-7188.6816298113945,1.2478012777611325,0.9287,"A""",0.4287224786365228,1.4791151576525654,ok,385.98,1.2478012777611325,"A""",0.9287,1.6765237563976552,A',0.9348,2.5634517705161666,A',0.9567,2.7269164354136977,"A""",0.905,6.465363399909032,A',0.906,7.326790915620611,"A""",0.0022,110.0
cc-pvtz-dk,2.45,96,0.008572516670337146,-7188.113188642576,-7188.646984367493,-7188.671868616965,1.0122442846285173,0.9191,"A""",0.36798010075216847,1.2079760366822025,ok,356.91,1.0122442846285173,"A""",0.9191,1.3802243853806857,A',0.9297,1.9534510577030895,A',0.953,2.2202203213107197,"A""",0.8944,5.98493814525727,A',0.8957,6.581945477105941,"A""",0.0014,110.0
cc-pvtz-dk,2.4,96,0.008264829088911078,-7188.1209667516005,-7188.652684273857,-7188.676694136164,1.1252540648222116,0.9241,"A""",0.4012085376650251,1.3364882984809467,ok,398.98,1.1252540648222116,"A""",0.9241,1.5264626024872368,A',0.9317,2.244306307159679,A',0.9557,2.4617423633031583,"A""",0.8999,6.212945954306071,A',0.9011,6.942624567111103,"A""",0.0017,110.0
cc-pvtz-dk,2.55,96,0.00919990082869435,-7188.097724014471,-7188.635962237319,-7188.662821269025,0.8138146335461156,0.908,"A""",0.2702737076887411,0.9878458589322566,ok,357.47,0.8138146335461156,"A""",0.908,1.0840883412348568,A',0.9342,1.4675455783433764,A',0.9375,1.8016604924783721,"A""",0.8823,5.596128024192626,A',0.8826,5.934550820917225,"A""",0.0012,110.0
cc-pvtz-dk,2.5,96,0.008884760411321876,-7188.105422373477,-7188.641392718272,-7188.667225877705,0.9085383532962987,0.9138,"A""",0.32594083006744184,1.092188026781925,ok,367.1,0.9085383532962987,"A""",0.9138,1.2344791833637405,A',0.9299,1.6932104838424238,A',0.9475,2.000726380078224,"A""",0.8885,5.779881763418516,A',0.8897,6.245881838278562,"A""",0.0013,110.0
cc-pvtz-dk,2.6,96,0.009516391575533108,-7188.090137293776,-7188.630732427546,-7188.65869560425,0.7276871367952396,0.9019,"A""",0.1964188050094853,0.8937851566029265,ok,353.42,0.7276871367952396,"A""",0.9019,0.9241059418047248,A',0.9424,1.280107374888729,A',0.9231,1.621472293398166,"A""",0.8758,5.43180719517904,A',0.8725,5.6474291641476375,"A""",0.0011,110.0
cc-pvtz-dk,2.65,96,0.00983268128329648,-7188.0826959487085,-7188.625731654379,-7188.654877263918,0.649720989895375,0.8955,"A""",0.1053625057304095,0.8089540414980959,warn:w1,352.6,0.649720989895375,"A""",0.8955,0.7550834956257845,A',0.9512,1.1289669811608203,A',0.9077,1.4586750313934709,"A""",0.8691,5.2842845951706865,A',0.8483,5.383585740759116,"A""",0.001,110.0
cc-pvtz-dk,2.7,96,0.01014738720103171,-7188.07542556742,-7188.6209791482115,-7188.651384227951,0.579448739040366,0.8888,"A""",0.004361479750564135,0.7324087076699739,warn:w1,384.08,0.579448739040366,"A""",0.8888,0.5838102187909301,A',0.9579,1.0059080404070826,A',0.8943,1.3118574467103399,"A""",0.8622,5.141842977211885,"A""",0.001,5.142233858115436,A',0.6192,110.0
cc-pvtz-dk,2.75,96,0.010459060047248926,-7188.068345152724,-7188.616486566317,-7188.64822558518,0.5163810040114462,0.8818,A',-0.0990608732016063,0.6633043588871265,warn:Ap_below+w1,375.31,0.4173201308098399,A',0.9622,0.5163810040114462,"A""",0.8818,0.9024363429783614,A',0.883,1.1796853628985726,"A""",0.8552,4.920882108650246,"A""",0.0009,4.946742036476542,A',0.064,110.0
cc-pvtz-dk,2.8,96,0.010766543802918927,-7188.061468370778,-7188.612259437426,-7188.645403079807,0.4600167605946337,0.8745,A',-0.20027261449075753,0.6008883927454939,warn:Ap_below+w1,364.3,0.25974414610387614,A',0.965,0.4600167605946337,"A""",0.8745,0.8129488618032682,A',0.8731,1.0609051533401275,"A""",0.8482,4.719319266122249,"A""",0.0009,4.742576097820375,A',0.0151,110.0
cc-pvtz-dk,1.7,96,0.005080225838193482,-7188.128950343243,-7188.640731959883,-7188.657603145719,3.321286553136698,0.9589,"A""",0.56930908143885,3.6745714579662123,ok,433.27,3.321286553136698,"A""",0.9589,3.890595634575548,A',0.9615,6.995858011102911,"A""",0.9456,7.738322125076261,A',0.9454,8.552492863631883,A',0.9429,8.685195664508027,"A""",0.9297,115.0
cc-pvtz-dk,1.8,96,0.00537681494972881,-7188.158626784325,-7188.672256795256,-7188.689773865096,3.0331680007775366,0.9571,"A""",0.5572078108742177,4.034329163251879,ok,375.72,3.0331680007775366,"A""",0.9571,3.590375811651754,A',0.9602,7.067497164029415,"A""",0.9429,7.508917809563092,A',0.9461,7.69836429331723,"A""",0.928,8.062791782180188,A',0.9395,115.0
cc-pvtz-dk,1.85,96,0.005557109871901515,-7188.165881805964,-7188.680530185027,-7188.698398438828,2.863676717369069,0.9558,"A""",0.5495942791919673,3.9050716044907117,ok,320.0,2.863676717369069,"A""",0.9558,3.413270996561036,A',0.9592,6.76874832185978,"A""",0.9362,6.997689856673105,A',0.9466,7.529993903340219,"A""",0.9327,8.172064093633127,A',0.9376,115.0
cc-pvtz-dk,1.75,96,0.005217801358127027,-7188.14671973091,-7188.659394363511,-7188.676579532628,3.187670126077738,0.9581,"A""",0.5639067010916268,3.892843151480972,ok,415.53,3.187670126077738,"A""",0.9581,3.7515768271693646,A',0.9609,7.08051327755871,"A""",0.9447,7.8276674336103325,A',0.9452,8.121838556525647,A',0.9416,8.149892729641557,"A""",0.9281,115.0
cc-pvtz-dk,1.9,96,0.005758370832375202,-7188.169456646299,-7188.6851912648945,-7188.703432162768,2.684721779573952,0.9544,"A""",0.5412481628316141,3.6028861979750277,ok,355.31,2.684721779573952,"A""",0.9544,3.2259699424055666,A',0.9581,6.28760797754898,"A""",0.9324,6.470238310576856,A',0.9475,7.549514571710225,"A""",0.9344,8.284035966365973,A',0.9354,115.0
cc-pvtz-dk,1.95,96,0.005980138457202463,-7188.170132639848,-7188.687028088377,-7188.705666050596,2.5011803177263396,0.9527,"A""",0.5321935770748796,3.2830621345426474,ok,408.28,2.5011803177263396,"A""",0.9527,3.0333738948012194,A',0.9567,5.7842424522689875,"A""",0.9302,5.9453682237708305,A',0.9487,7.602839026965518,"A""",0.9341,8.387536874419029,A',0.9331,115.0
cc-pvtz-dk,2.0,96,0.006221796509801175,-7188.168538689761,-7188.686676619487,-7188.705739772871,2.317142235337533,0.9508,"A""",0.5223384804578344,2.9783266555043895,ok,417.66,2.317142235337533,"A""",0.9508,2.8394807157953674,A',0.955,5.2954688908419225,"A""",0.9284,5.432123733618094,A',0.9499,7.65759927632543,"A""",0.9331,8.472440861498617,A',0.9313,115.0
cc-pvtz-dk,2.05,96,0.006482570936206574,-7188.165181498686,-7188.68465014134,-7188.704171016001,2.1358840523183606,0.9486,"A""",0.5115073825574681,2.695767795548524,ok,419.76,2.1358840523183606,"A""",0.9486,2.6473914348758285,A',0.9531,4.831651847866884,"A""",0.9263,4.936440731267904,A',0.9511,7.706527176487442,"A""",0.9319,8.412227977929227,A',0.9313,115.0
cc-pvtz-dk,2.1,96,0.006761604146654195,-7188.160469576275,-7188.681362862267,-7188.701378992858,1.9599188783065022,0.9461,"A""",0.4994621263812192,2.4368262846789612,ok,436.91,1.9599188783065022,"A""",0.9461,2.4593810046877214,A',0.9509,4.3967451629854635,"A""",0.9239,4.462324503726851,A',0.9523,7.747725262057644,"A""",0.9306,8.056213767839013,A',0.9263,115.0
cc-pvtz-dk,2.15,96,0.007057150189618025,-7188.154732320541,-7188.677148866502,-7188.697703308673,1.7910903823935247,0.9433,"A""",0.48591135860210866,2.201098868727026,ok,411.77,1.7910903823935247,"A""",0.9433,2.277001740995633,A',0.9484,3.9921892511205503,"A""",0.921,4.012401763108497,A',0.9533,7.682686812592739,A',0.9225,7.781010892183507,"A""",0.9289,115.0
cc-pvtz-dk,2.2,96,0.00736762554148583,-7188.1482352683215,-7188.672277321457,-7188.6934189848425,1.630682394847765,0.9402,"A""",0.4705022773271162,1.9874260506413264,ok,440.61,1.630682394847765,"A""",0.9402,2.101184672174881,A',0.9457,3.588324362121628,A',0.9542,3.6181084454890917,"A""",0.9177,7.328518282554322,A',0.9186,7.806875462506819,"A""",0.9268,115.0
cc-pvtz-dk,2.25,96,0.007691283198099996,-7188.1411922200905,-7188.666964608741,-7188.688748425007,1.4795286166981232,0.9367,"A""",0.4527949388669677,1.7943137450385998,ok,449.31,1.4795286166981232,"A""",0.9367,1.9323235555650908,A',0.9427,3.191082855060053,A',0.9549,3.273842361736723,"A""",0.9138,6.998960742516367,A',0.9145,7.8257509563849466,"A""",0.9214,115.0
cc-pvtz-dk,2.3,96,0.008025884959465277,-7188.133775018974,-7188.661384107899,-7188.683870979913,1.3381106361944268,0.9328,"A""",0.43220295202202214,1.6201332928894687,ok,432.29,1.3381106361944268,"A""",0.9328,1.770313588216449,A',0.9395,2.8212808069347544,A',0.9551,2.9582439290838956,"A""",0.9095,6.695566303568643,A',0.9099,7.640249717318971,"A""",0.0066,115.0
cc-pvtz-dk,2.35,96,0.008368656570158202,-7188.126121376872,-7188.655674014587,-7188.678930438646,1.206640116561588,0.9285,"A""",0.40786341213140886,1.4632320725570434,ok,401.08,1.206640116561588,"A""",0.9285,1.614503528692997,A',0.9365,2.4794275446687726,A',0.9547,2.6698721891186312,"A""",0.9047,6.418509051127932,A',0.9049,7.237950791577374,"A""",0.0022,115.0
cc-pvtz-dk,2.45,96,0.00906801855056593,-7188.110521977859,-7188.644278487079,-7188.669292917815,0.9734148479187692,0.9187,"A""",0.3415893122187567,1.194887547232718,ok,351.7,0.9734148479187692,"A""",0.9187,1.3150041601375257,A',0.9328,1.8833424925554538,A',0.9498,2.1683023951514873,"A""",0.8937,5.940507000617267,A',0.8936,6.498081541961967,"A""",0.0015,115.0
cc-pvtz-dk,2.4,96,0.00871692974104053,-7188.118341242567,-7188.649943626151,-7188.674041162205,1.0851240468350882,0.9238,"A""",0.3784113927534404,1.3219951903956741,ok,383.43,1.0851240468350882,"A""",0.9238,1.4635354395885287,A',0.9339,2.1662859039504165,A',0.9532,2.4071192372307624,"A""",0.8994,6.167186371770274,A',0.8995,6.856199061502847,"A""",0.0017,115.0
cc-pvtz-dk,2.5,96,0.009418620325854433,-7188.102732490402,-7188.638744463976,-7188.6647546971335,0.8712481560655186,0.9132,"A""",0.29384922508560407,1.0804757929722768,ok,362.89,0.8712481560655186,"A""",0.9132,1.1650973811511227,A',0.9341,1.6332865365099731,A',0.9432,1.9517239490377956,"A""",0.8877,5.737029736729098,A',0.8869,6.164794856291618,"A""",0.0013,115.0
cc-pvtz-dk,2.55,96,0.009766628184841553,-7188.095026725903,-7188.633391184191,-7188.660478096603,0.7782708768893555,0.9072,"A""",0.23082151515057361,0.9774451903556388,ok,361.61,0.7782708768893555,"A""",0.9072,1.009092392039929,A',0.9391,1.4195425693824824,A',0.9324,1.7557160672449943,"A""",0.8813,5.555076977258373,A',0.8787,5.856485150561604,"A""",0.0012,115.0
cc-pvtz-dk,2.6,96,0.010109383405872474,-7188.0874464669,-7188.628254876058,-7188.656499846549,0.6940625581369254,0.9009,"A""",0.15038800823551415,0.884602839804834,ok,359.32,0.6940625581369254,"A""",0.9009,0.8444505663724395,A',0.9466,1.2432632614895813,A',0.9186,1.5786653979417595,"A""",0.8746,5.392593726739288,A',0.8657,5.5726229915349865,"A""",0.0011,115.0
cc-pvtz-dk,2.65,96,0.010444842873376747,-7188.080023620775,-7188.623360762117,-7188.652844297017,0.6181546573321961,0.8942,"A""",0.05609216280662039,0.8008778301445899,warn:w1,354.25,0.6181546573321961,"A""",0.8942,0.6742468201388165,A',0.9538,1.0999172910672674,A',0.9048,1.4190324874767861,"A""",0.8677,5.246013532892019,A',0.8244,5.312250128250715,"A""",0.001,115.0
cc-pvtz-dk,2.7,96,0.010771263534211642,-7188.072782107806,-7188.618724947343,-7188.6495252021305,0.5500419633752466,0.8873,A',-0.04498292899520852,0.7253165974566143,warn:Ap_below+w1,381.47,0.5050590343800381,A',0.9591,0.5500419633752466,"A""",0.8873,0.9814258053058187,A',0.8926,1.275358560831861,"A""",0.8606,5.074145359186422,"A""",0.0009,5.092557929274835,A',0.3927,115.0
cc-pvtz-dk,2.75,96,0.011087362144261273,-7188.065739416478,-7188.614356211918,-7188.646547620788,0.48919773892415774,0.88,A',-0.1467899997212088,0.6570732912048167,warn:Ap_below+w1,385.19,0.342407739202949,A',0.9627,0.48919773892415774,"A""",0.88,0.8807447689572353,A',0.8819,1.1462710301289745,"A""",0.8535,4.85694103706102,"A""",0.0009,4.886196946331535,A',0.0454,115.0
cc-pvtz-dk,2.8,96,0.011392136973627565,-7188.058907845885,-7188.610257426934,-7188.643909477688,0.4350845083992189,0.8726,A',-0.24572606283026033,0.5954004618316596,warn:Ap_below+w1,383.27,0.1893584455689586,A',0.9652,0.4350845083992189,"A""",0.8726,0.7932794681030114,A',0.8721,1.0304849702308785,"A""",0.8462,4.659202021446366,"A""",0.0008,4.684955783529445,A',0.0135,115.0
cc-pvtz-dk,1.7,96,0.005077306246717226,-7188.129022978044,-7188.640409383657,-7188.657203350589,3.3050032833028262,0.959,"A""",0.536408247757662,3.721870642018048,ok,423.22,3.3050032833028262,"A""",0.959,3.8414115310604884,A',0.9614,7.026873925320874,"A""",0.9456,7.727794083307374,A',0.9455,8.532777479700894,A',0.9418,8.661545858939549,"A""",0.9293,120.0
cc-pvtz-dk,1.85,96,0.005593516000300445,-7188.164508683067,-7188.678743570755,-7188.6965274045215,2.8264347190423895,0.9559,"A""",0.5176991960138938,3.887891592970122,ok,324.16,2.8264347190423895,"A""",0.9559,3.3441339150562834,A',0.9592,6.714326312012512,"A""",0.936,6.912640110045513,A',0.9456,7.56589294654362,"A""",0.9327,8.182682199140327,A',0.9374,120.0
cc-pvtz-dk,1.8,96,0.005395233494005028,-7188.157679371215,-7188.670899819317,-7188.6883334895665,3.001821026435503,0.9572,"A""",0.5247013582744438,4.054776645424144,ok,380.75,3.001821026435503,"A""",0.9572,3.526522384709947,A',0.9601,7.056597671859647,"A""",0.9425,7.434594609739562,A',0.9453,7.699088892465331,"A""",0.928,8.075252052334369,A',0.9391,120.0
cc-pvtz-dk,1.75,96,0.005223367639671769,-7188.14625273225,-7188.65852428751,-7188.675628581496,3.1633084105884426,0.9582,"A""",0.531049981227111,3.9403222158062152,ok,450.95,3.1633084105884426,"A""",0.9582,3.6943583918155536,A',0.9609,7.103630626394658,"A""",0.9448,7.792170368939711,A',0.9456,8.11019720753776,A',0.9401,8.125166095678011,"A""",0.9276,120.0
cc-pvtz-dk,1.9,96,0.005818587845037344,-7188.167708489788,-7188.683029390822,-7188.701186751692,2.6426311822455864,0.9545,"A""",0.5101866909666506,3.5787355028417442,ok,370.21,2.6426311822455864,"A""",0.9545,3.152817873212237,A',0.9581,6.221366685087331,"A""",0.9324,6.375990196734783,A',0.9464,7.588978344358061,"A""",0.9341,8.292989267756253,A',0.9354,120.0
cc-pvtz-dk,1.95,96,0.006070536734655374,-7188.168056526599,-7188.684542828787,-7188.703100472554,2.455216108599004,0.9528,"A""",0.502149384228846,3.2581192153359955,ok,380.84,2.455216108599004,"A""",0.9528,2.9573654928278503,A',0.9568,5.7133353239349995,"A""",0.9303,5.8440476909490675,A',0.9475,7.6388252611738965,"A""",0.9338,8.39307471017138,A',0.9334,120.0
cc-pvtz-dk,2.0,96,0.006349071371323595,-7188.166178365526,-7188.68391755001,-7188.702906411319,2.2681931659266965,0.9509,"A""",0.4934489432054174,2.9536233020110463,ok,431.44,2.2681931659266965,"A""",0.9509,2.7616421091321137,A',0.9553,5.221816467937742,"A""",0.9285,5.325845682127094,A',0.9486,7.688389320415934,"A""",0.9329,8.465382683153658,A',0.9325,120.0
cc-pvtz-dk,2.05,96,0.006653772987859731,-7188.162577625771,-7188.681664709074,-7188.70112062795,2.0847476721151783,0.9487,"A""",0.48384868796441,2.671653542873951,ok,423.53,2.0847476721151783,"A""",0.9487,2.5685963600795882,A',0.9535,4.75640121498913,"A""",0.9264,4.827128672776535,A',0.9498,7.731366493029412,"A""",0.9317,8.345289697048447,A',0.9318,120.0
cc-pvtz-dk,2.1,96,0.006982739784758543,-7188.157659890264,-7188.678196432917,-7188.6981608125125,1.9073042736243269,0.9462,"A""",0.47302854404319117,2.413538836710572,ok,419.47,1.9073042736243269,"A""",0.9462,2.3803328176675183,A',0.9514,4.3208431103348985,"A""",0.9239,4.351687320277802,A',0.9509,7.766295168736451,"A""",0.9303,7.986366317115249,A',0.9268,120.0
cc-pvtz-dk,2.15,96,0.007334149562072443,-7188.15175179019,-7188.673844758178,-7188.694365094319,1.7376255244575776,0.9434,"A""",0.4605856498717687,2.1788585636461786,ok,393.43,1.7376255244575776,"A""",0.9434,2.198211174329346,A',0.9491,3.9019798134972574,A',0.9519,3.916484088103756,"A""",0.921,7.615685744917009,A',0.9227,7.793329038779369,"A""",0.9286,120.0
cc-pvtz-dk,2.2,96,0.0077051944319864564,-7188.145116162172,-7188.668876692686,-7188.690006911796,1.5769245171891215,0.9403,"A""",0.44602043884688525,1.9664439534878886,ok,443.56,1.5769245171891215,"A""",0.9403,2.0229449560360067,A',0.9465,3.4795423751544745,A',0.9527,3.5433684706770103,"A""",0.9176,7.263338415275359,A',0.9185,7.813202408245769,"A""",0.926,120.0
cc-pvtz-dk,2.3,96,0.008492273186971438,-7188.130465314123,-7188.65790467675,-7188.680442516293,1.2852087917240052,0.9327,"A""",0.4077755785472701,1.6021964275654383,ok,411.56,1.2852087917240052,"A""",0.9327,1.692984370271275,A',0.9409,2.7199697882656824,A',0.9533,2.8874052192894433,"A""",0.9093,6.632921570503816,A',0.9089,7.5278456900185295,"A""",0.0043,120.0
cc-pvtz-dk,2.35,96,0.008899357643737692,-7188.1227546998,-7188.652207135802,-7188.675555006532,1.1547956554688101,0.9283,"A""",0.3820363688505199,1.4469899295174034,ok,398.45,1.1547956554688101,"A""",0.9283,1.53683202431933,A',0.9383,2.3841600786809196,A',0.9526,2.6017855849862133,"A""",0.9043,6.357212495377584,A',0.9034,7.1288807633512885,"A""",0.0022,120.0
cc-pvtz-dk,2.25,96,0.008092575695870222,-7188.137964228182,-7188.663506360904,-7188.6853069405015,1.425975016121556,0.9367,"A""",0.4286990108045691,1.774779164275769,ok,492.77,1.425975016121556,"A""",0.9367,1.8546740269261253,A',0.9437,3.0853218091098245,A',0.9533,3.2007541803973254,"A""",0.9137,6.935103697515756,A',0.9139,7.825625931881945,"A""",0.9086,120.0
cc-pvtz-dk,2.45,96,0.009716408170792315,-7188.10710620486,-7188.640925855982,-7188.666131476487,0.9247551402119413,0.9181,"A""",0.3079237300790518,1.1820794909826216,ok,361.23,0.9247551402119413,"A""",0.9181,1.2326788702909932,A',0.9362,1.8061713311758674,A',0.9461,2.106834631194563,"A""",0.893,5.88281731968893,A',0.8908,6.396016405705267,"A""",0.0015,120.0
cc-pvtz-dk,2.4,96,0.009309052101878526,-7188.1149399808655,-7188.64652009457,-7188.67075589595,1.0347054251538519,0.9234,"A""",0.3496619606650145,1.3074835661143094,ok,406.45,1.0347054251538519,"A""",0.9234,1.3843673858188663,A',0.9364,2.0789510761690044,A',0.9505,2.342188991268161,"A""",0.8989,6.10752010045569,A',0.8974,6.750587257591744,"A""",0.0018,120.0
cc-pvtz-dk,2.5,96,0.010117068915499988,-7188.099320102972,-7188.635486821871,-7188.661746845723,0.8246432596374277,0.9123,"A""",0.2532324827570587,1.0692887065971715,ok,361.51,0.8246432596374277,"A""",0.9123,1.0778757423944862,A',0.9385,1.5684307063309797,A',0.9385,1.8939319662345993,"A""",0.8867,5.681672376894041,A',0.8833,6.066465905926565,"A""",0.0013,120.0
cc-pvtz-dk,2.55,96,0.010506124254043004,-7188.091633531273,-7188.63024905299,-7188.65764904311,0.7339754149586201,0.9061,"A""",0.18260612125140752,0.9677528147356531,ok,351.89,0.7339754149586201,"A""",0.9061,0.9165815362100276,A',0.9436,1.3677030033236224,A',0.9276,1.7017282296942733,"A""",0.8801,5.502291930167598,A',0.8734,5.7621360537686,"A""",0.0012,120.0
cc-pvtz-dk,2.6,96,0.010880678216800442,-7188.084086278152,-7188.625245073712,-7188.653870088168,0.6522883420268085,0.8995,"A""",0.09662484680405108,0.8762475228362827,warn:w1,366.22,0.6522883420268085,"A""",0.8995,0.7489131888308596,A',0.95,1.2023677187223551,A',0.9148,1.5285358648630911,"A""",0.8732,5.342290919863047,A',0.8551,5.48249765822272,"A""",0.0011,120.0
cc-pvtz-dk,2.65,96,0.011237733248270463,-7188.07670838184,-7188.620496376255,-7188.650429164159,0.5790631809791315,0.8926,"A""",0.00028678565942472783,0.7936877504818302,warn:w1,348.73,0.5790631809791315,"A""",0.8926,0.5793499666385562,A',0.9558,1.0663966755857457,A',0.9023,1.3727509314609616,"A""",0.8661,5.195913360933612,A',0.772,5.2265612593807695,"A""",0.001,120.0
cc-pvtz-dk,2.7,96,0.011575481025638303,-7188.069522029683,-7188.6160155324715,-7188.647335022304,0.513746097451361,0.8853,A',-0.10013094838668227,0.7191176709726126,warn:Ap_below+w1,372.58,0.4136151490646787,A',0.9601,0.513746097451361,"A""",0.8853,0.9524824730382719,A',0.8909,1.2328637684239736,"A""",0.8588,4.9930569148888715,"A""",0.0009,5.023250972378527,A',0.2019,120.0
cc-pvtz-dk,2.75,96,0.011892958632314992,-7188.0625431096105,-7188.611807943307,-7188.644587805795,0.4557582115770927,0.8779,A',-0.19990206539231728,0.6517013480115069,warn:Ap_below+w1,390.5,0.2558561461847754,A',0.9632,0.4557582115770927,"A""",0.8779,0.8548804042191459,A',0.8805,1.1074595595885997,"A""",0.8514,4.780558855652141,"A""",0.0009,4.813088917752322,A',0.0331,120.0
cc-pvtz-dk,2.8,96,0.012189542572583858,-7188.0557824615835,-7188.607873414421,-7188.642180715988,0.4045137742150033,0.8702,A',-0.29624574583909163,0.5907069062345914,warn:Ap_below+w1,374.43,0.10826802837591164,A',0.9654,0.4045137742150033,"A""",0.8702,0.7697963026484752,A',0.8707,0.9952206804495947,"A""",0.844,4.587570625245488,"A""",0.0008,4.61583407428076,A',0.0119,120.0
cc-pvtz-dk,1.75,96,0.005233462961636622,-7188.144730144525,-7188.656675538351,-7188.673706212381,3.129938058446676,0.9582,"A""",0.4905626910638741,3.991230040197184,ok,416.03,3.129938058446676,"A""",0.9582,3.62050074951055,A',0.9608,7.12116809864386,"A""",0.945,7.733718644888509,A',0.9458,8.09498908870061,"A""",0.9271,8.097085054910925,A',0.9387,125.0
cc-pvtz-dk,1.7,96,0.005077972219605929,-7188.127994035055,-7188.639065911729,-7188.655789666839,3.280273053523171,0.9591,"A""",0.495306508951655,3.7752539068447524,ok,424.6,3.280273053523171,"A""",0.9591,3.775579562474826,A',0.9613,7.055526960367923,"A""",0.9457,7.7015093706409665,A',0.9457,8.506486306808982,A',0.9404,8.630300511166727,"A""",0.9288,125.0
cc-pvtz-dk,1.8,96,0.005419993599607666,-7188.155717522009,-7188.668601099002,-7188.685958810911,2.9609395628393598,0.9572,"A""",0.485094272255906,4.070806121001365,ok,358.03,2.9609395628393598,"A""",0.9572,3.446033835095266,A',0.9601,7.031745683840724,"A""",0.9421,7.345784535117804,A',0.9444,7.701837682601325,"A""",0.9283,8.075900498096074,A',0.9387,125.0
cc-pvtz-dk,1.85,96,0.005639298836134726,-7188.16215788131,-7188.676047431027,-7188.693754447619,2.7791906435292444,0.956,"A""",0.47918987563831017,3.86866389131351,ok,355.81,2.7791906435292444,"A""",0.956,3.2583805191675546,A',0.9592,6.647854534842755,"A""",0.9357,6.813308143399296,A',0.9445,7.601072105484091,"A""",0.9327,8.17947895048701,A',0.9374,125.0
cc-pvtz-dk,1.9,96,0.005892837504996298,-7188.165015514898,-7188.679986175203,-7188.6980678067575,2.590140555943301,0.9546,"A""",0.47295238971159803,3.553053290279627,ok,383.77,2.590140555943301,"A""",0.9546,3.0630929456548994,A',0.9581,6.143193846222927,"A""",0.9324,6.267525664050174,A',0.9452,7.62681987185972,"A""",0.9339,8.28610593119569,A',0.9356,125.0
cc-pvtz-dk,1.95,96,0.006181552655001654,-7188.165065011008,-7188.681201049639,-7188.699686537263,2.3985271941505317,0.9529,"A""",0.4663263307774843,3.2315141073999394,ok,410.84,2.3985271941505317,"A""",0.9529,2.8648535249280163,A',0.9569,5.630041301550471,"A""",0.9304,5.728622128056648,A',0.9462,7.6729154044765,"A""",0.9335,8.380045101785555,A',0.934,125.0
cc-pvtz-dk,2.0,96,0.006506500641849932,-7188.162929118057,-7188.6803242095475,-7188.699247589006,2.208266972700895,0.951,"A""",0.4591222918167706,2.9272255529483378,ok,428.51,2.208266972700895,"A""",0.951,2.6673892645176656,A',0.9555,5.135492525649233,"A""",0.9285,5.205670672884543,A',0.9473,7.716941311036484,"A""",0.9326,8.433035188792122,A',0.9341,125.0
cc-pvtz-dk,2.05,96,0.006866345605006697,-7188.159108897962,-7188.6778655192065,-7188.6972664312325,2.0224518862020484,0.9488,"A""",0.45103330739137665,2.6459286561608537,ok,435.18,2.0224518862020484,"A""",0.9488,2.473485193593425,A',0.9538,4.668380542362902,"A""",0.9265,4.704235435875024,A',0.9484,7.7535864430962045,"A""",0.9315,8.262562249356208,A',0.9325,125.0
cc-pvtz-dk,2.15,96,0.007684314933552756,-7188.147949377101,-7188.669766315505,-7188.6902672612405,1.6728440889183296,0.9435,"A""",0.43039739319812925,2.155462259307983,ok,407.03,1.6728440889183296,"A""",0.9435,2.103241482116459,A',0.9497,3.779035121773895,A',0.9504,3.8283063482263127,"A""",0.9211,7.533867653261818,A',0.9228,7.802370523663294,"A""",0.928,125.0
cc-pvtz-dk,2.1,96,0.0072599000652856325,-7188.154007527715,-7188.674235932776,-7188.694160387093,1.8434169091549073,0.9463,"A""",0.44163884516710006,2.388824784347156,ok,425.34,1.8434169091549073,"A""",0.9463,2.2850557543220074,A',0.9519,4.227920458528237,A',0.9494,4.232241693502064,"A""",0.924,7.781888218442281,"A""",0.93,7.902487256559084,A',0.9272,125.0
cc-pvtz-dk,2.2,96,0.008135276167670165,-7188.141195119517,-7188.66472242167,-7188.685860116541,1.5118788786267074,0.9402,"A""",0.4166208370833895,1.944646522406101,ok,432.39,1.5118788786267074,"A""",0.9402,1.928499715710097,A',0.9473,3.35903514784883,A',0.9512,3.4565254010328084,"A""",0.9177,7.182954252562874,A',0.9182,7.815942981270101,"A""",0.9242,125.0
cc-pvtz-dk,2.3,96,0.009093551016431075,-7188.126392622828,-7188.653718596265,-7188.676339794725,1.2213158185956503,0.9325,"A""",0.3776328025071342,1.5842411903036875,ok,372.14,1.2213158185956503,"A""",0.9325,1.5989486211027846,A',0.9423,2.6092964441577906,A',0.9514,2.805557008899338,"A""",0.9091,6.5551153167576715,A',0.9075,7.394516403555371,"A""",0.0036,125.0
cc-pvtz-dk,2.25,96,0.008607389041649658,-7188.133953792693,-7188.65931682284,-7188.681158913983,1.361240126647177,0.9366,"A""",0.39942541705909795,1.7548171503961552,ok,469.17,1.361240126647177,"A""",0.9366,1.7606655437062748,A',0.9448,2.9688698317444273,A',0.9516,3.116057277043332,"A""",0.9137,6.855942280488106,A',0.9131,7.7952157893902685,"A""",0.2468,125.0
cc-pvtz-dk,2.35,96,0.009586109098229906,-7188.118644737746,-7188.648060895874,-7188.671542258124,1.0922383157051132,0.9279,"A""",0.3496206981574261,1.431128180446218,ok,382.41,1.0922383157051132,"A""",0.9279,1.4418590138625393,A',0.9402,2.2811989106637283,A',0.9502,2.5233664961513314,"A""",0.904,6.28110724201774,A',0.9014,7.000225146409217,"A""",0.0023,125.0
cc-pvtz-dk,2.4,96,0.010076848097725051,-7188.110815591101,-7188.642447250554,-7188.6668750145145,0.9739423119675865,0.9228,"A""",0.3131282638861099,1.2937117319252973,ok,375.37,0.9739423119675865,"A""",0.9228,1.2870705758536964,A',0.9391,1.9859034853990258,A',0.9475,2.267654043892884,"A""",0.8984,6.033581414974785,A',0.8947,6.626450321130155,"A""",0.0018,125.0
cc-pvtz-dk,2.45,96,0.010557824268891647,-7188.102988093022,-7188.636956629236,-7188.662420665399,0.8662064755811864,0.9172,"A""",0.2652265899284798,1.1703075633110005,ok,364.66,0.8662064755811864,"A""",0.9172,1.131433065509666,A',0.9397,1.725295581322603,A',0.9423,2.0365140388921867,"A""",0.8923,5.811543583746852,A',0.8873,6.276400795470945,"A""",0.0016,125.0
cc-pvtz-dk,2.5,96,0.0110216435460547,-7188.095226835228,-7188.631647656508,-7188.658239637128,0.7686846892366824,0.9111,"A""",0.20301369173800501,1.059354676264295,ok,361.19,0.7686846892366824,"A""",0.9111,0.9716983809746875,A',0.9426,1.5011862237590443,A',0.9341,1.8280393655009775,"A""",0.8857,5.613515701447326,A',0.8784,5.9515331459998135,"A""",0.0014,125.0
cc-pvtz-dk,2.6,96,0.01187360717382688,-7188.080089998404,-7188.621728501552,-7188.65084826172,0.6024175678773952,0.8977,"A""",0.03558846462803435,0.8693210767899904,warn:w1,363.45,0.6024175678773952,"A""",0.8977,0.6380060325054295,A',0.9526,1.1581280934015699,A',0.9116,1.4717386446673855,"A""",0.8716,5.280488484921535,A',0.8374,5.377666417945762,"A""",0.0011,125.0
cc-pvtz-dk,2.55,96,0.011461881486471452,-7188.087581552934,-7188.626562216068,-7188.6543735443365,0.6809304214358869,0.9046,"A""",0.12555259879685843,0.95944241853633,ok,392.35,0.6809304214358869,"A""",0.9046,0.8064830202327453,A',0.9474,1.3134097097846602,A',0.9234,1.6403728399722168,"A""",0.8788,5.437522110850122,A',0.866,5.652127360366039,"A""",0.0012,125.0
cc-pvtz-dk,2.65,96,0.01225348023199535,-7188.072780238452,-7188.617163621851,-7188.647676630847,0.5325607428758683,0.8905,A',-0.06153275934987536,0.7879003818854314,warn:Ap_below+w1,360.79,0.47102798352599295,A',0.9573,0.5325607428758683,"A""",0.8905,1.0289197453212129,A',0.9001,1.3204611247612998,"A""",0.8642,5.127130247786208,"A""",0.001,5.131049205169461,A',0.6452,125.0
cc-pvtz-dk,2.7,96,0.012599665754028813,-7188.065672595756,-7188.612875872354,-7188.644860932618,0.4707343486750532,0.8829,A',-0.16058862188021938,0.7142387059774375,warn:Ap_below+w1,384.47,0.3101457267948338,A',0.9608,0.4707343486750532,"A""",0.8829,0.9195046249372294,A',0.8892,1.1849730546524908,"A""",0.8566,4.89919160744091,"A""",0.001,4.936967486424639,A',0.1064,125.0
cc-pvtz-dk,2.75,96,0.012911860043185229,-7188.058781199588,-7188.608866662962,-7188.642395140087,0.4162914836368728,0.8751,A',-0.2579180759925317,0.6475253407873653,warn:Ap_below+w1,381.17,0.15837340764434116,A',0.9635,0.4162914836368728,"A""",0.8751,0.8251797168945114,A',0.8789,1.063816824424238,"A""",0.849,4.692354888616222,"A""",0.0009,4.7281154639762955,A',0.0249,125.0
cc-pvtz-dk,2.8,96,0.013190956105307282,-7188.052115281332,-7188.605132155343,-7188.640266903999,0.36858067984204496,0.8672,A',-0.3513821288543029,0.5870617966771695,warn:Ap_below+w1,368.14,0.01719855098774209,A',0.9656,0.36858067984204496,"A""",0.8672,0.7427787972003901,A',0.869,0.9556424765192145,"A""",0.8413,4.505050188412906,"A""",0.0008,4.535882372358822,A',0.0103,125.0
cc-pvtz-dk,1.7,96,0.005078276523588916,-7188.126047026714,-7188.636865637759,-7188.653524028438,3.247661039833845,0.9591,"A""",0.44701001079337443,3.8323572000377983,ok,418.38,3.247661039833845,"A""",0.9591,3.6946710506272193,A',0.9611,7.080018239871643,"A""",0.9458,7.659460163351127,A',0.9459,8.475799921481803,A',0.9389,8.592752650561811,"A""",0.9282,130.0
cc-pvtz-dk,1.8,96,0.005446597457088699,-7188.152908695981,-7188.665508372708,-7188.682794881802,2.9113020839500034,0.9573,"A""",0.4390231988638015,4.080733298207689,ok,365.04,2.9113020839500034,"A""",0.9573,3.350325282813805,A',0.9599,6.992035382157693,"A""",0.9415,7.245368783135609,A',0.9436,7.707412194197947,"A""",0.9286,8.064598114871487,A',0.9383,130.0
cc-pvtz-dk,1.85,96,0.005689883381008568,-7188.158988156099,-7188.672580337577,-7188.690215045497,2.7227809300590784,0.9561,"A""",0.43452580574299315,3.847752706357413,ok,362.13,2.7227809300590784,"A""",0.9561,3.1573067358020714,A',0.9591,6.570533636416491,"A""",0.9355,6.702805240563786,A',0.9434,7.6343272557209465,"A""",0.9328,8.162163174183735,A',0.9374,130.0
cc-pvtz-dk,1.75,96,0.005243845903778537,-7188.142327690116,-7188.6540043478535,-7188.670966283031,3.0882445484327294,0.9583,"A""",0.44326372146962073,4.042498032252731,ok,431.16,3.0882445484327294,"A""",0.9583,3.5315082699023503,A',0.9606,7.130742580685461,"A""",0.9452,7.656461376280824,A',0.9457,8.061477399582165,"A""",0.9266,8.080872270358732,A',0.9375,130.0
cc-pvtz-dk,1.9,96,0.005976838603550403,-7188.161527333465,-7188.676190306,-7188.6942004266175,2.528104485748611,0.9546,"A""",0.42983175126372897,3.526342824778084,ok,391.17,2.528104485748611,"A""",0.9546,2.9579362370123397,A',0.9581,6.054447310526696,"A""",0.9325,6.148159671776343,A',0.944,7.661711771599907,"A""",0.9337,8.262852966698476,A',0.9359,130.0
cc-pvtz-dk,1.95,96,0.006310191512474182,-7188.161298202861,-7188.677120920084,-7188.695538267034,2.3319450717737813,0.953,"A""",0.42484133971668003,3.203800842571692,ok,418.31,2.3319450717737813,"A""",0.953,2.756786411490461,A',0.9569,5.5357459143454735,"A""",0.9305,5.6025468217444985,A',0.9449,7.703752121988788,"A""",0.9333,8.347733302768392,A',0.9348,130.0
cc-pvtz-dk,2.0,96,0.006691818531218594,-7188.158921331447,-7188.676003779837,-7188.694865768957,2.1381335391597305,0.9511,"A""",0.4193081093862555,2.8996987182144673,ok,417.79,2.1381335391597305,"A""",0.9511,2.557441648545986,A',0.9556,5.037832257374198,"A""",0.9287,5.075130709651109,A',0.9459,7.741912002472318,"A""",0.9325,8.37599363623765,A',0.9359,130.0
cc-pvtz-dk,2.05,96,0.007121641000789136,-7188.154895817919,-7188.6733484973665,-7188.692699145698,1.949671980708389,0.9489,"A""",0.4128417811719368,2.619170118995798,ok,429.21,1.949671980708389,"A""",0.9489,2.362513761880326,A',0.954,4.568842099704187,"A""",0.9266,4.5713399312780645,A',0.9469,7.771872751998031,"A""",0.9312,8.166537545747634,A',0.9331,130.0
cc-pvtz-dk,2.1,96,0.007598391082995249,-7188.149623128625,-7188.669566053825,-7188.68945687874,1.7688125970375395,0.9464,"A""",0.40490027960298397,2.363290277631427,ok,410.02,1.7688125970375395,"A""",0.9464,2.1737128766405234,A',0.9522,4.094622882052562,A',0.948,4.132102874668966,"A""",0.9242,7.793218102472935,"A""",0.9296,7.805147617515085,A',0.9277,130.0
cc-pvtz-dk,2.15,96,0.008118303337849792,-7188.143426009823,-7188.664987363485,-7188.68547810515,1.5971685057234337,0.9435,"A""",0.39476888164569074,2.1315653722495225,ok,435.89,1.5971685057234337,"A""",0.9435,1.9919373873691246,A',0.9503,3.6471820248856885,A',0.9489,3.728733877972956,"A""",0.9213,7.437520329032661,A',0.9229,7.8068440256515315,"A""",0.927,130.0
cc-pvtz-dk,2.3,96,0.00986244700713518,-7188.121630803953,-7188.648872372242,-7188.6716074192145,1.146490194743733,0.9321,"A""",0.340536755706625,1.5671335132517372,ok,396.36,1.146490194743733,"A""",0.9321,1.487026950450358,A',0.9438,2.4929852478604326,A',0.9495,2.71362370799547,"A""",0.9091,6.46192335991597,A',0.9058,7.241226822432173,"A""",0.0035,130.0
cc-pvtz-dk,2.2,96,0.008675101012120308,-7188.136563574652,-7188.659878100994,-7188.681037155138,1.4358325084763348,0.9402,"A""",0.38152227585701726,1.9227550251567476,ok,464.47,1.4358325084763348,"A""",0.9402,1.8173547843333522,A',0.9481,3.2304416549282142,A',0.9496,3.3585875336330826,"A""",0.9178,7.087424585131484,A',0.9178,7.813424481678361,"A""",0.918,130.0
cc-pvtz-dk,2.25,96,0.009260205613405346,-7188.129243315363,-7188.654450426223,-7188.676354869661,1.2854860803506296,0.9364,"A""",0.363965439344304,1.7352240411845543,ok,457.51,1.2854860803506296,"A""",0.9364,1.6494515196949335,A',0.9459,2.845408105394588,A',0.9499,3.020710121535184,"A""",0.9138,6.761367976607182,A',0.9121,7.643006161519106,"A""",0.0148,130.0
cc-pvtz-dk,2.35,96,0.010469372366914675,-7188.113857452323,-7188.643275344424,-7188.666933220246,1.018954014973478,0.9273,"A""",0.30920441726268955,1.416565638860464,ok,399.54,1.018954014973478,"A""",0.9273,1.3281584322361675,A',0.9422,2.174251985342778,A',0.9479,2.435519653833942,"A""",0.9038,6.189908450026431,A',0.8989,6.852940907616788,"A""",0.0025,130.0
cc-pvtz-dk,2.4,96,0.011067743401588495,-7188.106026853202,-7188.637760225834,-7188.662438392446,0.9027842562438421,0.9219,"A""",0.267450250317494,1.281621759900041,ok,379.91,0.9027842562438421,"A""",0.9219,1.170234506561336,A',0.9417,1.890604556732677,A',0.9445,2.184406016143883,"A""",0.898,5.945073391570751,A',0.8912,6.484763430297583,"A""",0.002,130.0
cc-pvtz-dk,2.45,96,0.011645161167229186,-7188.098219955081,-7188.632402457578,-7188.658201375124,0.7977192790566547,0.916,"A""",0.21265943525252015,1.1604990913443174,ok,392.32,0.7977192790566547,"A""",0.916,1.010378714309175,A',0.9429,1.6434625554346904,A',0.9387,1.9582183704009724,"A""",0.8916,5.726416908604664,A',0.8826,6.1401934614470095,"A""",0.0017,130.0
cc-pvtz-dk,2.5,96,0.012189769622274652,-7188.090499279975,-7188.627256361484,-7188.6542768023355,0.7033573256357728,0.9096,"A""",0.14330318469624634,1.0515473246228564,ok,390.79,0.7033573256357728,"A""",0.9096,0.8466605103320192,A',0.9459,1.433143273024541,A',0.9303,1.7549046502586292,"A""",0.8847,5.5323436125559,A',0.8721,5.82092337102993,"A""",0.0015,130.0
cc-pvtz-dk,2.55,96,0.012692362092531075,-7188.082912444406,-7188.622358904044,-7188.650699225274,0.619178184623305,0.9027,"A""",0.06050350403196563,0.9533033042550855,ok,356.53,0.619178184623305,"A""",0.9027,0.6796816886552707,A',0.9502,1.2573395011221842,A',0.9201,1.5724814888783905,"A""",0.8774,5.3605464811510855,A',0.8554,5.52735097265318,"A""",0.0013,130.0
cc-pvtz-dk,2.6,96,0.013146303323652608,-7188.0754950300625,-7188.617732970715,-7188.647486494274,0.5445677044725087,0.8955,A',-0.031799142929420626,0.8645028305746572,warn:Ap_below+w1,375.98,0.512768561543088,A',0.9545,0.5445677044725087,"A""",0.8955,1.1109630228156295,A',0.909,1.409070535047166,"A""",0.8698,5.206498967292086,A',0.8042,5.2589966073885765,"A""",0.0011,130.0
cc-pvtz-dk,2.65,96,0.013547823226268945,-7188.0682729813725,-7188.613390343282,-7188.644643066265,0.47884384952823295,0.8878,A',-0.12861540655602777,0.7840726683568386,warn:Ap_below+w1,382.67,0.3502284429722052,A',0.9583,0.47884384952823295,"A""",0.8878,0.9879150515516391,A',0.898,1.2629165178850716,"A""",0.862,5.014809027087666,"A""",0.001,5.045776868313289,A',0.4093,130.0
cc-pvtz-dk,2.7,96,0.013895445218587378,-7188.061264544714,-7188.6093339322215,-7188.6421627323125,0.421281474321569,0.8799,A',-0.225725871108841,0.711112074501602,warn:Ap_below+w1,393.66,0.195555603212728,A',0.9614,0.421281474321569,"A""",0.8799,0.8828947718486766,A',0.8873,1.132393548823171,"A""",0.8541,4.793391071799159,"A""",0.001,4.83686218856141,A',0.0626,130.0
cc-pvtz-dk,2.75,96,0.014191090159386592,-7188.054481908926,-7188.605560463092,-7188.6400319410595,0.37113884220509286,0.8718,A',-0.32028988158468213,0.6448624461225778,warn:Ap_below+w1,378.81,0.050848960620410694,A',0.9638,0.37113884220509286,"A""",0.8718,0.792007763442738,A',0.877,1.0160012883276706,"A""",0.8461,4.593165063543124,"A""",0.0009,4.632190416433512,A',0.0192,130.0
cc-pvtz-dk,2.8,96,0.014437751044375105,-7188.047932446081,-7188.60206170166,-7188.638231379566,0.3276790054170071,0.8635,A',0.3848690737143495,0.5846803712375488,warn:Ap_below+w1,365.48,-0.08296691763646011,A',0.9657,0.3276790054170071,"A""",0.8635,0.7125480791313566,A',0.867,0.9123593766545559,"A""",0.8382,4.412471095961636,"A""",0.0008,4.445976599496868,A',0.009,130.0
cc-pvtz-dk,1.7,96,0.005074245551786802,-7188.123371541597,-7188.633981055044,-7188.650577252982,3.20808267009408,0.9592,"A""",0.39288307876448525,3.8909838504268044,ok,471.26,3.20808267009408,"A""",0.9592,3.6009657488585654,A',0.961,7.099066520520885,"A""",0.946,7.603038517558733,A',0.9463,8.442672859113646,A',0.9373,8.550331934495107,"A""",0.9276,135.0
cc-pvtz-dk,1.8,96,0.005469565829819775,-7188.149428955972,-7188.661780547994,-7188.678998146303,2.854074307790218,0.9573,"A""",0.38745874817470904,4.084321634249042,ok,350.75,2.854074307790218,"A""",0.9573,3.2415330559649274,A',0.9598,6.93839594203926,"A""",0.9408,7.136627640396992,A',0.9427,7.715481927696881,"A""",0.9291,8.042171315610373,A',0.9379,135.0
cc-pvtz-dk,1.75,96,0.005249822544431534,-7188.139228483697,-7188.6506768995505,-7188.6675729680155,3.039285925161917,0.9583,"A""",0.3903194993378784,4.091263145964151,ok,419.94,3.039285925161917,"A""",0.9583,3.4296054244997953,A',0.9604,7.130549071126067,"A""",0.9453,7.565499927742827,A',0.9456,8.026857073404555,"A""",0.9262,8.060236826755398,A',0.9364,135.0
cc-pvtz-dk,1.85,96,0.00573907571443041,-7188.155167958194,-7188.668492861842,-7188.686056717284,2.658433581564192,0.9561,"A""",0.3844847578512425,3.825633834297468,ok,361.09,2.658433581564192,"A""",0.9561,3.0429183394154347,A',0.959,6.48406741586166,"A""",0.9353,6.584626339691232,A',0.9423,7.6646495343401275,"A""",0.9328,8.131575558620899,A',0.9374,135.0
cc-pvtz-dk,1.9,96,0.006063882761772448,-7188.15740421712,-7188.671782893869,-7188.689721948182,2.4577613792485975,0.9547,"A""",0.3814133444750239,3.499088771012985,ok,407.32,2.4577613792485975,"A""",0.9547,2.8391747237236213,A',0.958,5.956850150261583,"A""",0.9325,6.021567405325488,A',0.9427,7.692658436418769,"A""",0.9336,8.224100260452357,A',0.9364,135.0
cc-pvtz-dk,1.95,96,0.006450033303163728,-7188.156907743135,-7188.672433088201,-7188.690781697311,2.256664776948932,0.9531,"A""",0.3780978022990845,3.175514843157701,ok,433.2,2.256664776948932,"A""",0.9531,2.6347625792480165,A',0.9569,5.432179620106633,"A""",0.9307,5.469615804667368,A',0.9435,7.730304472509852,"A""",0.9332,8.297356407027742,A',0.9359,135.0
cc-pvtz-dk,2.05,96,0.00741766994706057,-7188.150071450913,-7188.668220791275,-7188.68751952543,1.867368466539331,0.949,"A""",0.3693160332272447,2.5919837983704133,ok,406.94,1.867368466539331,"A""",0.949,2.2366844997665756,A',0.9542,4.4323295679545085,A',0.9455,4.459352264909744,"A""",0.9269,7.785173876307324,"A""",0.931,8.059102528336345,A',0.9339,135.0
cc-pvtz-dk,2.0,96,0.006900399387860823,-7188.154297525378,-7188.671075485932,-7188.689874669684,2.0588931170939917,0.9512,"A""",0.3742275849904952,2.871609072238079,ok,449.88,2.0588931170939917,"A""",0.9512,2.4331207020844867,A',0.9556,4.930502189332071,"A""",0.9289,4.938087376766134,A',0.9445,7.762258588357479,"A""",0.9323,8.298388333694458,A',0.9375,135.0
cc-pvtz-dk,2.15,96,0.008645910557971618,-7188.138295093812,-7188.659590205671,-7188.68007257689,1.5111910602392322,0.9434,A',0.35338041236486745,2.1079184991571913,warn:Ap_below,342.78,1.063083126996798e-08,A',0.0023,1.5111910602392322,"A""",0.9434,1.8645714726040996,A',0.9507,3.5103005548782273,A',0.9474,3.6191095593964238,"A""",0.9216,7.327150491730941,A',0.923,135.0
cc-pvtz-dk,2.1,96,0.008001016319143862,-7188.144629997073,-7188.6642814843835,-7188.684137896206,1.6842778843692028,0.9464,A',0.36267538958567674,2.3376010318090694,warn:Ap_below,381.72,-1.5954498234721819e-07,A',0.0017,1.6842778843692028,"A""",0.9464,2.0469532739548795,A',0.9525,3.9556838739231495,A',0.9465,4.021878916178272,"A""",0.9245,7.799203764206522,"A""",0.929,135.0
cc-pvtz-dk,2.25,96,0.010080875775168275,-7188.12392659405,-7188.648966850727,-7188.670949025461,1.1989267492877547,0.9361,"A""",0.3216394124994179,1.7169682555288912,ok,403.12,1.1989267492877547,"A""",0.9361,1.5205661617871726,A',0.9467,2.7187674670832753,A',0.9483,2.9158950048166457,"A""",0.9141,6.651402604107019,A',0.9109,7.463202130685642,"A""",0.0076,135.0
cc-pvtz-dk,2.2,96,0.009343552672811778,-7188.1313250658695,-7188.654414226907,-7188.675601599317,1.3491806180908803,0.94,"A""",0.34021953958861356,1.9016251314553776,ok,470.9,1.3491806180908803,"A""",0.94,1.689400157679494,A',0.9487,3.097626393664537,A',0.9481,3.250805749546258,"A""",0.9182,6.976985936614994,A',0.9173,7.799030590986514,"A""",0.8165,135.0
cc-pvtz-dk,2.3,96,0.010840539277012359,-7188.116264286066,-7188.643416380144,-7188.666293052428,1.060798963957858,0.9315,"A""",0.2956887902537351,1.5519441727125094,ok,395.2,1.060798963957858,"A""",0.9315,1.3564877542115932,A',0.945,2.37476748423025,A',0.9477,2.6127431366703675,"A""",0.9093,6.353216965029446,A',0.9037,7.069129602730545,"A""",0.0038,135.0
cc-pvtz-dk,2.35,96,0.011602601055241133,-7188.108468389397,-7188.637893308478,-7188.661772257502,0.9349110339266774,0.9264,"A""",0.26004551321719943,1.4044429412593047,ok,390.06,0.9349110339266774,"A""",0.9264,1.1949565471438768,A',0.9439,2.0667640203869446,A',0.9457,2.339353975185982,"A""",0.9038,6.083399789413101,A',0.8957,6.68825404341218,"A""",0.0028,135.0
cc-pvtz-dk,2.4,96,0.012345934282891045,-7188.100641089004,-7188.632496206589,-7188.6574904831205,0.8211563790040509,0.9207,"A""",0.21229005938547155,1.2723747244751191,ok,413.78,0.8211563790040509,"A""",0.9207,1.0334464383895223,A',0.944,1.7958529044341622,A',0.9418,2.09353110347917,"A""",0.8977,5.841751595161749,A',0.8867,6.32679067565011,"A""",0.0022,135.0
cc-pvtz-dk,2.45,96,0.01305114450092539,-7188.092861639443,-7188.6272967578925,-7188.653521253561,0.719230811766181,0.9145,"A""",0.1506835528470494,1.1537782513581245,ok,383.54,0.719230811766181,"A""",0.9145,0.8699143646132304,A',0.9455,1.5624202036872692,A',0.9357,1.8730090631243053,"A""",0.8909,5.6272103218174045,A',0.8765,5.988643107637022,"A""",0.0018,135.0
cc-pvtz-dk,2.5,96,0.013699617603662256,-7188.08519063915,-7188.622344220759,-7188.649911535803,0.6286572853491104,0.9076,"A""",0.07534326941562704,1.046897698447013,ok,366.0,0.6286572853491104,"A""",0.9076,0.7040005547647373,A',0.9484,1.3650183953543182,A',0.9273,1.6755549837961232,"A""",0.8836,5.437976290344089,A',0.8635,5.675838139865633,"A""",0.0016,135.0
cc-pvtz-dk,2.6,96,0.014778344096526076,-7188.070343747572,-7188.613288840085,-7188.6438520394495,0.4789361951212446,0.8926,A',-0.10436939727374563,0.8625204557625075,warn:Ap_below+w1,323.55,0.37456679784749897,A',0.9558,0.4789361951212446,"A""",0.8926,1.0611847219595638,A',0.9068,1.341456650883752,"A""",0.8679,5.118829514587057,A',0.7339,5.127605965164405,"A""",0.0012,135.0
cc-pvtz-dk,2.55,96,0.014278223735821053,-7188.077673573996,-7188.617669502094,-7188.646686199589,0.5488073954364592,0.9003,A',-0.011105912586296715,0.950227986442598,warn:Ap_below,420.39,0.5377014828501624,A',0.9521,0.5488073954364592,"A""",0.9003,1.1997668638931116,A',0.9174,1.4990353818790572,"A""",0.8759,5.2711415789765566,A',0.8395,5.388965907618533,"A""",0.0014,135.0
cc-pvtz-dk,2.7,96,0.015532901641609151,-7188.056332540135,-7188.605421024235,-7188.639318983131,0.36579228311694123,0.8762,A',-0.29485484147635566,0.7101305255875955,warn:Ap_below+w1,299.46,0.07093744164058556,A',0.9618,0.36579228311694123,"A""",0.8762,0.8430733055731674,A',0.8853,1.0759228087045367,"A""",0.8512,4.676723910562478,"A""",0.001,4.725125294126191,A',0.0407,135.0
cc-pvtz-dk,2.65,96,0.015196189604722491,-7188.063224762632,-7188.609207174398,-7188.641401970052,0.41821964626016667,0.8845,A',-0.20008380127603206,0.7827608207327698,warn:Ap_below+w1,361.87,0.2181358449841346,A',0.959,0.41821964626016667,"A""",0.8845,0.9437807361027235,A',0.896,1.2009804669929365,"A""",0.8596,4.890683912260755,"A""",0.0011,4.938091543555404,A',0.2065,135.0
cc-pvtz-dk,2.75,96,0.015792490398029185,-7188.049676983847,-7188.601921013962,-7188.637579335275,0.32078474005211255,0.8677,A',-0.3864460346115801,0.6439600037073939,warn:Ap_below+w1,320.64,-0.06566129455946755,A',0.964,0.32078474005211255,"A""",0.8677,0.7557559421110875,A',0.8748,0.9647447437595066,"A""",0.8429,4.484038873107669,"A""",0.0009,4.526433168374272,A',0.0152,135.0
cc-pvtz-dk,2.8,96,0.015983345751605923,-7188.043263348336,-7188.598693818239,-7188.6361558666895,0.2823492250469896,0.8591,A',0.39711658554248286,0.5836923879282834,warn:Ap_below+w1,282.43,-0.19119829902178084,A',0.9658,0.2823492250469896,"A""",0.8591,0.6794658105894724,A',0.8645,0.866041612975273,"A""",0.8346,4.310865632760324,"A""",0.0009,4.347193799724833,A',0.0078,135.0
