r1_A,r2_A,theta_deg,nbf,e_hf_Ha,e_ccsd_t_Ha,t1_diag,status,wall_s
0.8282758463094337,0.7491939040506499,55.0,92,-75.85328262279144,-76.1272427165799,0.008065348245332235,ok,8.93
0.6809285230878754,0.6809285230878754,55.0,92,-75.61338989927694,-75.87972608657837,0.006713663180727469,ok,9.22
0.8730626691931039,0.8282758463094337,55.0,92,-75.92847347727768,-76.2070542723393,0.009033853083621448,ok,9.27
0.65,0.65,55.0,92,-75.49521932167177,-75.7595752809912,0.006432604685839772,ok,9.31
0.7491939040506499,0.6809285230878754,55.0,92,-75.70490465468085,-75.97360708579379,0.007102790738129977,ok,9.31
0.6809285230878754,0.65,55.0,92,-75.55456731321891,-75.81992176774357,0.006573902932621797,ok,9.35
0.7871730137334912,0.65,55.0,92,-75.6814518338752,-75.9506468469024,0.0072329841450477425,ok,9.33
0.7491939040506499,0.7138970767665203,55.0,92,-75.75378404706221,-76.02356118300322,0.007273372114075871,ok,9.39
0.7138970767665203,0.7138970767665203,55.0,92,-75.71265795632635,-75.98119705227835,0.0070601046640265,ok,9.41
0.8282758463094337,0.6809285230878754,55.0,92,-75.76564826195428,-76.03739147478925,0.007691176966485848,ok,9.44
0.7491939040506499,0.65,55.0,92,-75.64706819161859,-75.9148227793106,0.006966497526719516,ok,9.51
0.7138970767665203,0.6809285230878754,55.0,92,-75.66327982917005,-75.93072621456935,0.006887728305768868,ok,9.53
0.7138970767665203,0.65,55.0,92,-75.60496603041803,-75.87144759848553,0.006749608422869125,ok,9.55
0.8282758463094337,0.65,55.0,92,-75.70862765578437,-75.97945587501019,0.007559580181339276,ok,9.55
0.8282758463094337,0.7138970767665203,55.0,92,-75.8136244914591,-76.0864061595591,0.007857482218835551,ok,9.55
0.7871730137334912,0.7871730137334912,55.0,92,-75.85987346799111,-76.13361838640763,0.008004532346867786,ok,9.57
0.7871730137334912,0.7138970767665203,55.0,92,-75.78726256036205,-76.05844509564189,0.00753574784812411,ok,9.6
0.7871730137334912,0.7491939040506499,55.0,92,-75.82739043496684,-76.09977184819678,0.007745456859198651,ok,9.62
0.7871730137334912,0.6809285230878754,55.0,92,-75.73885440641344,-76.00898049355466,0.0073671515612272484,ok,9.62
0.8730626691931039,0.6809285230878754,55.0,92,-75.78573922103669,-76.05932278407256,0.008087795412217927,ok,9.63
0.7491939040506499,0.7491939040506499,55.0,92,-75.79440595811278,-76.06540201556022,0.007484864469944218,ok,9.68
0.8730626691931039,0.8730626691931039,55.0,92,-75.9462728653002,-76.22657241302828,0.009429482294519858,ok,9.78
0.9222594660307525,0.65,55.0,92,-75.7430868823337,-76.01788197325973,0.008448661463796029,ok,9.94
0.8730626691931039,0.65,55.0,92,-75.72904394649493,-76.00172729116211,0.007959367661424908,ok,10.04
0.9222594660307525,0.6809285230878754,55.0,92,-75.79951433702566,-76.07519665138379,0.008573152061538206,ok,10.09
0.8282758463094337,0.8282758463094337,55.0,92,-75.9101680712923,-76.18699783085029,0.008641687638630016,ok,10.1
0.8730626691931039,0.7491939040506499,55.0,92,-75.87255598088093,-76.14831918852893,0.008457297517532832,ok,10.12
0.8282758463094337,0.7871730137334912,55.0,92,-75.88527203343774,-76.16057236941393,0.008323241442924064,ok,10.13
0.8730626691931039,0.7138970767665203,55.0,92,-75.83333144157032,-76.10793637101938,0.008251381038889566,ok,10.18
0.8730626691931039,0.7871730137334912,55.0,92,-75.90407371613912,-76.18115323788867,0.008714429205533631,ok,10.28
0.9222594660307525,0.7491939040506499,55.0,92,-75.88561140881723,-76.1634383193376,0.008937257680638527,ok,9.17
0.9222594660307525,0.9222594660307525,55.0,92,-75.96904736955123,-76.25325281506066,0.010420917872216086,ok,9.27
0.9222594660307525,0.7138970767665203,55.0,92,-75.8467754459616,-76.1234633969848,0.008733448112839014,ok,9.7
0.9768305109495515,0.65,55.0,92,-75.75107492247312,-76.02828454535819,0.009048007783595685,ok,9.7
0.9222594660307525,0.7871730137334912,55.0,92,-75.91669156110078,-76.19581084320832,0.009194187430408835,ok,9.75
0.9768305109495515,0.6809285230878754,55.0,92,-75.80728902102678,-76.08537466629755,0.009167629242141734,ok,9.65
0.9768305109495515,0.7871730137334912,55.0,92,-75.92345597624826,-76.20492162058208,0.009782870723900149,ok,9.56
0.9768305109495515,0.7138970767665203,55.0,92,-75.85427282472754,-76.13334968755363,0.00932392711999697,ok,9.85
0.9222594660307525,0.8282758463094337,55.0,92,-75.94061575695973,-76.22120672455829,0.009516290906267362,ok,9.98
0.9222594660307525,0.8730626691931039,55.0,92,-75.95791492558175,-76.2401887047814,0.009918774985580471,ok,10.08
0.9768305109495515,0.9222594660307525,55.0,92,-75.9743875845246,-76.26081948931974,0.011047302291189246,ok,9.84
1.0380956121167133,0.6809285230878754,55.0,92,-75.80929480911662,-76.09015749162171,0.009897612998793213,ok,9.83
0.9768305109495515,0.8282758463094337,55.0,92,-75.9469378447473,-76.2298442513447,0.010109928921567956,ok,9.92
0.9768305109495515,0.7491939040506499,55.0,92,-75.8927702709889,-76.17296752380999,0.009525420967527688,ok,10.02
1.0380956121167133,0.65,55.0,92,-75.75324643170661,-76.03324314333888,0.009783930029367314,ok,9.93
0.9768305109495515,0.8730626691931039,55.0,92,-75.96375770095669,-76.24830743978475,0.0105239822845109,ok,9.96
1.0380956121167133,0.7138970767665203,55.0,92,-75.85605163129136,-76.13789176532896,0.010049092547614545,ok,9.93
1.0380956121167133,0.7491939040506499,55.0,92,-75.8942610025531,-76.17720294308805,0.010248052278858347,ok,10.05
1.0380956121167133,0.7871730137334912,55.0,92,-75.92459995627372,-76.20878538265302,0.010506975350839182,ok,10.07
0.9768305109495515,0.9768305109495515,55.0,92,-75.97921837028558,-76.26781576665734,0.011708599229662513,ok,10.18
1.1079297093491922,0.7491939040506499,55.0,92,-75.89019849536224,-76.1763703423731,0.011141212677321898,ok,9.69
1.0380956121167133,0.8730626691931039,55.0,92,-75.96405560503717,-76.25124787064674,0.011273877828075412,ok,10.11
1.0380956121167133,0.9768305109495515,55.0,92,-75.97853812638343,-76.26964581505354,0.012545342858631967,ok,9.86
1.0380956121167133,0.9222594660307525,55.0,92,-75.97420580369254,-76.2632225539756,0.01182989699439248,ok,9.96
1.1079297093491922,0.7138970767665203,55.0,92,-75.85223121197518,-76.1373211349537,0.010944930015298981,ok,9.85
1.1079297093491922,0.7871730137334912,55.0,92,-75.92023754896061,-76.20762560233759,0.011402886706457626,ok,9.78
1.1079297093491922,0.6809285230878754,55.0,92,-75.805658469683,-76.0897853464999,0.010799113839772742,ok,9.94
1.0380956121167133,0.8282758463094337,55.0,92,-75.9476815014225,-76.23327446209055,0.010841983079075334,ok,10.43
1.1079297093491922,0.65,55.0,92,-75.74973782398146,-76.03300909477488,0.010692498710714295,ok,10.07
1.0380956121167133,1.0380956121167133,55.0,92,-75.97735915903536,-76.27088174694005,0.013466758342648308,ok,10.19
1.1079297093491922,0.8730626691931039,55.0,92,-75.95893360869123,-76.24924063202315,0.012208016166311755,ok,9.25
1.1079297093491922,0.8282758463094337,55.0,92,-75.94296403422037,-76.2317223727202,0.011749745651247617,ok,9.51
1.1079297093491922,0.9222594660307525,55.0,92,-75.96863912496224,-76.26070229905653,0.012812366515610445,ok,9.54
1.1079297093491922,1.0380956121167133,55.0,92,-75.9708419878054,-76.26719803060028,0.014657598449933107,ok,9.81
1.1079297093491922,0.9768305109495515,55.0,92,-75.97250023722091,-76.26656286988248,0.013608601366424177,ok,9.99
1.1079297093491922,1.1079297093491922,55.0,92,-75.9638599072751,-76.26288906645804,0.0160419857136867,ok,9.99
1.1891257633877539,0.7138970767665203,55.0,92,-75.84278680942057,-76.13180759346383,0.012065283151365437,ok,9.8
1.1891257633877539,0.6809285230878754,55.0,92,-75.79636493052668,-76.08444004228613,0.011925776544820795,ok,9.85
1.1891257633877539,0.65,55.0,92,-75.74054442378359,-76.02777735413272,0.011827271454352611,ok,10.06
1.1891257633877539,0.7491939040506499,55.0,92,-75.88054979578989,-76.17062930648386,0.012259121237946632,ok,9.83
1.1891257633877539,0.9222594660307525,55.0,92,-75.95765166575487,-76.2534061709593,0.014059314068441079,ok,9.75
1.1891257633877539,0.7871730137334912,55.0,92,-75.9103298625804,-76.20159405017678,0.012525573868684496,ok,10.04
1.1891257633877539,0.8282758463094337,55.0,92,-75.93274360750438,-76.22533482668844,0.012889676894526896,ok,10.0
1.1891257633877539,0.8730626691931039,55.0,92,-75.94835063733436,-76.24243098476923,0.013385545433343832,ok,10.17
1.286113197827046,0.7871730137334912,55.0,92,-75.89461726893211,-76.19078106099133,0.013969318744968108,ok,9.79
1.286113197827046,0.65,55.0,92,-75.72544247035489,-76.0176904551163,0.01327910389373764,ok,10.04
1.286113197827046,0.8282758463094337,55.0,92,-75.91675223195742,-76.21419106887866,0.014358323880182782,ok,10.0
1.286113197827046,0.8730626691931039,55.0,92,-75.93203188079035,-76.23088883339797,0.01490705794788755,ok,10.03
1.1891257633877539,1.0380956121167133,55.0,92,-75.9589772357275,-76.25875789337815,0.016208963186114745,ok,10.53
1.1891257633877539,0.9768305109495515,55.0,92,-75.96107917982613,-76.25872054112315,0.014972849678324667,ok,10.54
1.286113197827046,0.6809285230878754,55.0,92,-75.78118223494018,-76.07425101417307,0.013368776512209364,ok,10.38
1.286113197827046,0.7491939040506499,55.0,92,-75.86506447209399,-76.16008258133522,0.013694622405236606,ok,10.35
1.286113197827046,0.7138970767665203,55.0,92,-75.82747740663466,-76.12146711572613,0.013501984302933236,ok,10.42
1.1891257633877539,1.1891257633877539,55.0,92,-75.93889294331404,-76.24406542603187,0.02014143759032407,high_t1,10.63
1.286113197827046,1.0380956121167133,55.0,92,-75.94149082394337,-76.2456183898418,0.01826531743204682,ok,10.29
1.1891257633877539,1.1079297093491922,55.0,92,-75.95156717943298,-76.2538107322575,0.017879572005136353,ok,10.9
1.286113197827046,0.9768305109495515,55.0,92,-75.94399535149657,-76.2461771432681,0.016759386178104064,ok,10.47
1.286113197827046,1.1891257633877539,55.0,92,-75.92072344408584,-76.22958564218834,0.02323091711919294,high_t1,10.27
1.286113197827046,0.9222594660307525,55.0,92,-75.94096427499025,-76.24139691486937,0.015678668413115503,ok,10.57
1.286113197827046,1.1079297093491922,55.0,92,-75.93370424029179,-76.24002198735745,0.02035176246042382,high_t1,10.92
1.286113197827046,1.286113197827046,55.0,92,-75.90236942187157,-76.21438098892662,0.027211666253038672,high_t1,8.83
1.4065542823824804,0.6809285230878754,55.0,92,-75.75948726339898,-76.05931413619967,0.015310643868614592,ok,8.77
1.4065542823824804,0.65,55.0,92,-75.70381183833894,-76.00285488106009,0.015230017222815485,ok,9.1
1.4065542823824804,0.7138970767665203,55.0,92,-75.80567499860581,-76.10638323415903,0.015439054419869295,ok,9.91
1.4065542823824804,0.7491939040506499,55.0,92,-75.8431076271421,-76.14479982331247,0.01563412370265727,ok,10.31
1.4065542823824804,0.8282758463094337,55.0,92,-75.89433483767003,-76.1983292697106,0.016349852238108722,ok,10.31
1.4065542823824804,0.7871730137334912,55.0,92,-75.8724558809225,-76.17524109550605,0.01592389045448147,ok,10.66
1.4065542823824804,0.8730626691931039,55.0,92,-75.90930883975015,-76.21463505121588,0.016972967227662058,ok,10.64
1.4065542823824804,0.9222594660307525,55.0,92,-75.91789298949708,-76.22467709386552,0.017880844337250835,ok,11.12
1.4065542823824804,0.9768305109495515,55.0,92,-75.92054828384408,-76.2289159597511,0.019196472846234974,ok,11.13
1.4065542823824804,1.0380956121167133,55.0,92,-75.91766733757633,-76.22774300753086,0.021087174038952668,high_t1,11.21
1.4065542823824804,1.1079297093491922,55.0,92,-75.9095476352075,-76.22146695146884,0.023774531387455805,high_t1,11.33
1.4065542823824804,1.4065542823824804,55.0,92,-75.85387679569833,-76.17345785915393,0.04016185386054292,high_t1,11.23
1.4065542823824804,1.1891257633877539,55.0,92,-75.89634412929578,-76.21029817468597,0.027549059716902906,high_t1,11.6
1.5655363404087876,0.7491939040506499,55.0,92,-75.81322530555816,-76.1249211766513,0.01852405505241511,ok,11.15
1.5655363404087876,0.9222594660307525,55.0,92,-75.88692538975121,-76.2033089412783,0.021155860718909455,high_t1,10.96
1.5655363404087876,0.65,55.0,92,-75.67419529953824,-75.98343168216499,0.018119358106397643,ok,11.52
1.5655363404087876,0.8282758463094337,55.0,92,-75.86402266092077,-76.17786060873941,0.01932806716383205,ok,11.24
1.5655363404087876,0.6809285230878754,55.0,92,-75.72982582726948,-76.03978577164077,0.01819024636891797,ok,11.44
1.4065542823824804,1.286113197827046,55.0,92,-75.87797215958825,-76.19432298185878,0.032806417625451265,high_t1,11.78
1.5655363404087876,1.1079297093491922,55.0,92,-75.87744005200788,-76.19807148476742,0.028793623124575122,high_t1,11.04
1.5655363404087876,0.7871730137334912,55.0,92,-75.84238691892024,-76.15510175300344,0.018843343967619837,ok,11.51
1.5655363404087876,0.8730626691931039,55.0,92,-75.878695646454,-76.1937594977646,0.020058569956261922,high_t1,11.41
1.5655363404087876,0.7138970767665203,55.0,92,-75.77592678485344,-76.08670550486865,0.01831772902719582,ok,11.67
1.5655363404087876,0.9768305109495515,55.0,92,-75.88918749738036,-76.20696359965258,0.02279726320831794,high_t1,11.42
1.5655363404087876,1.0380956121167133,55.0,92,-75.8859064957429,-76.20511313401481,0.025232189773310466,high_t1,12.02
1.5655363404087876,1.1891257633877539,55.0,92,-75.86404779599803,-76.1860642846129,0.03390047569726207,high_t1,12.08
1.5655363404087876,1.286113197827046,55.0,92,-75.84581470102809,-76.16920456556703,0.041052874897517896,high_t1,12.25
1.5655363404087876,1.4065542823824804,55.0,92,-75.82243661139609,-76.14743826433106,0.05086514196579539,high_t1,12.48
1.5655363404087876,1.5655363404087876,55.0,92,-75.79261110592554,-76.12048757814387,0.06441853796029604,high_t1,12.81
1.8,0.6809285230878754,55.0,92,-75.6886366232343,-76.0164501043352,0.023308845239597573,high_t1,10.2
1.8,0.65,55.0,92,-75.63302440295726,-75.96019603029193,0.023263078081782254,high_t1,11.37
1.8,0.7138970767665203,55.0,92,-75.73467820218545,-76.06322896653724,0.023432568517318373,high_t1,11.6
1.8,0.7491939040506499,55.0,92,-75.77186781423507,-76.1012533692844,0.023660788168794442,high_t1,10.9
0.6809285230878754,0.6809285230878754,65.0,92,-75.67061336758074,-75.93630425098794,0.006641182374432848,ok,8.73
0.65,0.65,65.0,92,-75.55595800332182,-75.81973421471851,0.006373688683085182,ok,9.08
0.7491939040506499,0.65,65.0,92,-75.70121359423938,-75.96824341179101,0.0068853984621526955,ok,8.82
0.7138970767665203,0.65,65.0,92,-75.6615816580927,-75.92739687969984,0.006677156342279159,ok,9.21
0.6809285230878754,0.65,65.0,92,-75.61339208634807,-75.87812804642152,0.006508767360652935,ok,9.24
0.7491939040506499,0.7138970767665203,65.0,92,-75.80555073504702,-76.07459652209315,0.007170294305982726,ok,8.88
1.8,0.7871730137334912,55.0,92,-75.80086159683493,-76.1311810713885,0.024034219951912975,high_t1,11.35
1.8,0.8282758463094337,55.0,92,-75.82226075600693,-76.15361247747465,0.0246165192732775,high_t1,11.33
0.7138970767665203,0.6809285230878754,65.0,92,-75.71859039020225,-75.98535639376657,0.006806648222084479,ok,9.27
0.7138970767665203,0.7138970767665203,65.0,92,-75.76634825264827,-76.03418586875395,0.0069688690724729364,ok,9.4
0.7491939040506499,0.6809285230878754,65.0,92,-75.75801412315563,-76.02599121997186,0.007011676874914613,ok,9.38
1.8,0.9222594660307525,55.0,92,-75.84445139398869,-76.1781222787555,0.026870297174713138,high_t1,11.39
1.8,0.8730626691931039,55.0,92,-75.83661935629165,-76.16909467094817,0.025508544808067652,high_t1,11.61
0.7491939040506499,0.7491939040506499,65.0,92,-75.8445235276284,-76.11477506715485,0.007367686947925668,ok,9.03
0.7871730137334912,0.65,65.0,92,-75.73290484195064,-76.00130480386221,0.007141573749624752,ok,9.07
0.7871730137334912,0.6809285230878754,65.0,92,-75.78950472273085,-76.05884913776174,0.007264325151636691,ok,8.89
1.8,0.9768305109495515,55.0,92,-75.84623625293094,-76.18113415527537,0.02895314420837321,high_t1,11.53
0.7871730137334912,0.7138970767665203,65.0,92,-75.8368218739808,-76.10723268230582,0.0074189525567337385,ok,9.11
1.8,1.1891257633877539,55.0,92,-75.81967955552342,-76.15749803526872,0.04421303949822927,high_t1,11.5
0.7871730137334912,0.7491939040506499,65.0,92,-75.87556078248835,-76.14717545155811,0.007611853925538258,ok,8.61
1.8,1.0380956121167133,55.0,92,-75.84242283508756,-76.17850701687514,0.03214054352777545,high_t1,12.19
1.8,1.1079297093491922,55.0,92,-75.83343509910651,-76.17054967372368,0.036986192903716235,high_t1,12.35
1.8,1.286113197827046,55.0,92,-75.8015317105924,-76.13949893464095,0.05458213431602885,high_t1,12.17
1.8,1.4065542823824804,55.0,92,-75.77919947195785,-76.11655621155853,0.06849054573299594,high_t1,12.74
0.7871730137334912,0.7871730137334912,65.0,92,-75.90635402996776,-76.17933031759067,0.007851004469174519,ok,8.02
1.8,1.8,55.0,92,-75.71719771647959,-76.0553066039311,0.10586876752223527,high_t1,14.25
0.8282758463094337,0.65,65.0,92,-75.75720692759616,-76.0271571888756,0.0074557102497525805,ok,7.49
1.8,1.5655363404087876,55.0,92,-75.75215469774153,-76.08845605417778,0.08548541392141604,high_t1,14.72
0.8282758463094337,0.6809285230878754,65.0,92,-75.81361607900749,-76.08450883228637,0.007574614959184995,ok,8.52
0.8282758463094337,0.7138970767665203,65.0,92,-75.86071874540563,-76.13267640712078,0.007724855620329744,ok,7.8
0.8282758463094337,0.7491939040506499,65.0,92,-75.89922334165453,-76.1723836828757,0.00791279956073185,ok,8.14
0.8282758463094337,0.7871730137334912,65.0,92,-75.92976652940783,-76.20428751244677,0.008146413751419968,ok,8.66
0.8730626691931039,0.7491939040506499,65.0,92,-75.91600696647917,-76.19092532366301,0.008283101946968035,ok,9.3
0.8282758463094337,0.8282758463094337,65.0,92,-75.95291732313751,-76.22898230197019,0.008435742571318112,ok,9.63
0.8730626691931039,0.8282758463094337,65.0,92,-75.9691794602825,-76.24700225804936,0.008793516527391621,ok,9.54
0.8730626691931039,0.6809285230878754,65.0,92,-75.8308379246515,-76.10348916459836,0.007955105785918484,ok,9.73
0.9768305109495515,0.6809285230878754,65.0,92,-75.84622853494565,-76.12317228911917,0.008993565113421982,ok,7.92
0.8730626691931039,0.65,65.0,92,-75.77460780651859,-76.04631731344618,0.007840349361144654,ok,9.96
0.8730626691931039,0.7871730137334912,65.0,92,-75.94629790556078,-76.22257681451755,0.00851071085734668,ok,9.84
0.8730626691931039,0.7138970767665203,65.0,92,-75.87773374057808,-76.15144954507073,0.008100577072585423,ok,10.15
0.9222594660307525,0.7871730137334912,65.0,92,-75.95638053903912,-76.23466576927865,0.008959921864468893,ok,9.2
0.9222594660307525,0.6809285230878754,65.0,92,-75.84159317951521,-76.11624713024099,0.008421480057269093,ok,9.82
0.9222594660307525,0.7491939040506499,65.0,92,-75.9263402040546,-76.20326367821598,0.008738673213509466,ok,9.52
0.9222594660307525,0.65,65.0,92,-75.785528877303,-76.05924031795182,0.00831109120299669,ok,9.93
0.8730626691931039,0.8730626691931039,65.0,92,-75.9851594865542,-76.26474015440982,0.00914445075933036,ok,10.1
0.9222594660307525,0.7138970767665203,65.0,92,-75.88829219994734,-76.16401183866263,0.008561884343034032,ok,9.81
0.9222594660307525,0.8282758463094337,65.0,92,-75.97898958403727,-76.25881962369796,0.009235957816799974,ok,9.78
0.9768305109495515,0.65,65.0,92,-75.79031540563489,-76.06631427995774,0.008887656887120494,ok,9.39
0.9222594660307525,0.8730626691931039,65.0,92,-75.99467909734581,-76.27626759385505,0.009580078256201918,ok,9.92
0.9222594660307525,0.9222594660307525,65.0,92,-76.00389463769487,-76.28749137140508,0.010009491042474561,ok,9.64
0.9768305109495515,0.7138970767665203,65.0,92,-75.89274316999592,-76.17075525495352,0.009128782104386337,ok,9.36
0.9768305109495515,0.7871730137334912,65.0,92,-75.96037063087397,-76.24095372559167,0.00951444996996707,ok,9.29
0.9768305109495515,0.7491939040506499,65.0,92,-75.93057530802703,-76.20979400459876,0.00929965092835899,ok,9.67
0.9768305109495515,0.8282758463094337,65.0,92,-75.98270843694421,-76.26483851315722,0.009783866163264059,ok,9.24
1.0380956121167133,0.65,65.0,92,-75.78921921126653,-76.06785383464216,0.009595631077158235,ok,8.04
1.0380956121167133,0.6809285230878754,65.0,92,-75.84499710848446,-76.12458006228252,0.009697237343140493,ok,7.72
0.9768305109495515,0.8730626691931039,65.0,92,-75.99810399281606,-76.2819939059028,0.01012183430941366,ok,9.78
0.9768305109495515,0.9768305109495515,65.0,92,-76.00979365279134,-76.2979931066445,0.011082423179128352,ok,9.6
0.9768305109495515,0.9222594660307525,65.0,92,-76.00700706705652,-76.29290558643986,0.010546630866199521,ok,9.87
1.0380956121167133,0.7138970767665203,65.0,92,-75.89134202757941,-76.17199704250943,0.009827306076726402,ok,8.96
1.0380956121167133,0.7491939040506499,65.0,92,-75.92897083012369,-76.21083629983605,0.009992380042027944,ok,8.96
1.0380956121167133,0.7871730137334912,65.0,92,-75.95853074392195,-76.24176428129098,0.010201024604571052,ok,9.67
1.1079297093491922,0.65,65.0,92,-75.78237165193171,-76.064095087247,0.010470081305209045,ok,8.72
1.1079297093491922,0.7138970767665203,65.0,92,-75.884223662034,-76.16797456210261,0.010693162829859363,ok,8.72
1.1079297093491922,0.6809285230878754,65.0,92,-75.83803155457298,-76.12070666253723,0.010567771393978739,ok,8.92
1.1079297093491922,0.7491939040506499,65.0,92,-75.92166482912744,-76.2066300554825,0.010853028254277235,ok,8.69
1.0380956121167133,0.8730626691931039,65.0,92,-75.99570684188731,-76.2822521009722,0.01079792833260619,ok,9.61
1.0380956121167133,0.8282758463094337,65.0,92,-75.98060332669782,-76.26538689691105,0.010464535153730324,ok,9.94
1.1891257633877539,0.6809285230878754,65.0,92,-75.82530155257493,-76.1117065213512,0.011657921751423113,ok,8.38
1.0380956121167133,0.9768305109495515,65.0,92,-76.00674838661182,-76.29760050853996,0.011761720900542125,ok,10.13
1.0380956121167133,0.9222594660307525,65.0,92,-76.00429489247325,-76.29284874363982,0.011221282404277052,ok,10.39
1.1079297093491922,0.8282758463094337,65.0,92,-75.97282119433821,-76.26071100409547,0.011315609697053855,ok,9.85
1.1079297093491922,0.7871730137334912,65.0,92,-75.95100298341366,-76.23733991549558,0.011056419234240694,ok,9.91
1.1079297093491922,0.8730626691931039,65.0,92,-75.98764012841845,-76.27729282818993,0.011647310785290884,ok,9.94
1.0380956121167133,1.0380956121167133,65.0,92,-76.00335818373277,-76.2968564962963,0.012456373525359785,ok,10.79
1.1891257633877539,0.65,65.0,92,-75.76974046748519,-76.05519272597873,0.011563349184893474,ok,9.54
1.1079297093491922,0.9768305109495515,65.0,92,-75.99803676552852,-76.2919888648028,0.01262981172801161,ok,10.24
1.1079297093491922,0.9222594660307525,65.0,92,-75.99591679637564,-76.28757650197241,0.012074695643402068,ok,10.48
1.1079297093491922,1.1079297093491922,65.0,92,-75.98487880993815,-76.28453061281928,0.014323305025129246,ok,10.03
1.1891257633877539,0.7138970767665203,65.0,92,-75.87136052747704,-76.15884299340014,0.011779621698345975,ok,9.82
1.1079297093491922,1.0380956121167133,65.0,92,-75.9942971543917,-76.29088315460093,0.01335772172522407,ok,10.55
1.1891257633877539,0.7871730137334912,65.0,92,-75.93776791724858,-76.22784025644741,0.012135542623519777,ok,9.62
1.1891257633877539,0.7491939040506499,65.0,92,-75.90863340375624,-76.19733222520426,0.011935559436011496,ok,9.81
1.1891257633877539,0.8282758463094337,65.0,92,-75.95934779506673,-76.25097380510086,0.012393328485466818,ok,9.66
1.1891257633877539,0.8730626691931039,65.0,92,-75.97389539943731,-76.26728292229453,0.012728427291657633,ok,9.18
1.1891257633877539,1.0380956121167133,65.0,92,-75.97957809315035,-76.27986102420542,0.014544110575448297,ok,8.7
1.1891257633877539,0.9768305109495515,65.0,92,-75.98366370045969,-76.28133393645864,0.01375449771449545,ok,8.93
1.1891257633877539,0.9222594660307525,65.0,92,-75.9818706812603,-76.27725998885461,0.01316875177407999,ok,9.19
1.1891257633877539,1.1079297093491922,65.0,92,-75.96980372182031,-76.27311629911928,0.015623979295511781,ok,8.82
1.286113197827046,0.65,65.0,92,-75.75105015008313,-76.04121899379206,0.012963578081637709,ok,8.6
1.1891257633877539,1.1891257633877539,65.0,92,-75.95437410673115,-76.26128870756095,0.017125388683797853,ok,9.73
1.286113197827046,0.6809285230878754,65.0,92,-75.80653522518301,-76.09765169259674,0.013056144976820042,ok,9.1
1.286113197827046,0.7138970767665203,65.0,92,-75.85248510059736,-76.1446751959541,0.013175867010648228,ok,8.61
1.286113197827046,0.7871730137334912,65.0,92,-75.91856889011413,-76.21334239494128,0.013530367740170565,ok,8.85
1.286113197827046,0.8730626691931039,65.0,92,-75.95422884474098,-76.25230621991689,0.014138824220553766,ok,9.06
1.286113197827046,0.7491939040506499,65.0,92,-75.88961412803287,-76.18301737010728,0.01333030383601219,ok,9.41
1.286113197827046,0.8282758463094337,65.0,92,-75.93993275191445,-76.23625558703247,0.013791999379402146,ok,9.42
1.286113197827046,0.9222594660307525,65.0,92,-75.96191942874668,-76.2619866533432,0.014606199972881907,ok,9.4
1.286113197827046,0.9768305109495515,65.0,92,-75.9633989436245,-76.26572665856342,0.015247354932190406,ok,9.4
1.286113197827046,1.0380956121167133,65.0,92,-75.95897823486465,-76.2638842563406,0.016142847175648282,ok,10.21
1.4065542823824804,0.7138970767665203,65.0,92,-75.82691507445291,-76.12546608932483,0.015055414217484773,ok,9.75
1.4065542823824804,0.6809285230878754,65.0,92,-75.78104344460463,-76.07853634566737,0.014935373903972612,ok,9.82
1.286113197827046,1.286113197827046,65.0,92,-75.91149001216297,-76.22720779611957,0.021967325962400315,high_t1,10.19
1.286113197827046,1.1079297093491922,65.0,92,-75.94885825269705,-76.25673719661948,0.017415832265550057,ok,10.52
1.286113197827046,1.1891257633877539,65.0,92,-75.93308858881244,-76.24447768953569,0.01925660777439295,ok,10.54
1.4065542823824804,0.65,65.0,92,-75.72560555012714,-76.02216799241062,0.014843991628783441,ok,10.43
1.4065542823824804,0.7871730137334912,65.0,92,-75.89273924000518,-76.19384514661753,0.015418780565547997,ok,10.27
1.4065542823824804,0.8282758463094337,65.0,92,-75.91391775719218,-76.2165579938732,0.015693583891817506,ok,10.22
1.4065542823824804,0.7491939040506499,65.0,92,-75.8639322399671,-76.16368198695217,0.01521239682936734,ok,10.63
1.4065542823824804,0.8730626691931039,65.0,92,-75.92799033138077,-76.2323673425136,0.016066295152583853,ok,10.3
1.4065542823824804,1.0380956121167133,65.0,92,-75.9318673912872,-76.24296248850509,0.018386972669734984,ok,10.42
1.4065542823824804,0.9222594660307525,65.0,92,-75.93542042192718,-76.24176375266754,0.016583395980067216,ok,10.65
1.4065542823824804,0.9768305109495515,65.0,92,-75.93660643864186,-76.24517607144837,0.017318175404899595,ok,10.68
1.4065542823824804,1.1079297093491922,65.0,92,-75.92141880575937,-76.23540223714323,0.01997427404850208,ok,11.26
1.4065542823824804,1.4065542823824804,65.0,92,-75.85530734002867,-76.1821448350037,0.03177493006494359,high_t1,10.41
1.4065542823824804,1.1891257633877539,65.0,92,-75.90533466342642,-76.22269063900494,0.022373116855276976,high_t1,11.61
1.5655363404087876,0.65,65.0,92,-75.69184545495759,-75.99801361233743,0.017618439059138024,ok,11.14
1.5655363404087876,0.6809285230878754,65.0,92,-75.74727252845427,-76.05433415762622,0.017705051990635306,ok,11.05
1.4065542823824804,1.286113197827046,65.0,92,-75.88347445918983,-76.20493427779107,0.026050203810381915,high_t1,12.47
1.5655363404087876,0.7138970767665203,65.0,92,-75.79310549638441,-76.10118978139944,0.01782574433686121,ok,10.95
1.5655363404087876,0.7491939040506499,65.0,92,-75.8300525609292,-76.13930127324333,0.017990087978953975,ok,10.87
1.5655363404087876,0.7871730137334912,65.0,92,-75.85875434193947,-76.16932540161163,0.018212791976563458,ok,10.65
1.5655363404087876,0.8730626691931039,65.0,92,-75.89367652785295,-76.20744747851744,0.018940610324629084,ok,10.78
1.5655363404087876,0.8282758463094337,65.0,92,-75.87978905683777,-76.19186004985137,0.018517106072196636,ok,11.29
1.5655363404087876,0.9768305109495515,65.0,92,-75.90179771789542,-76.21966493137528,0.020433401792589307,high_t1,11.2
1.5655363404087876,1.0380956121167133,65.0,92,-75.89675928398218,-76.21707615397767,0.021776869717541194,high_t1,11.1
1.5655363404087876,0.9222594660307525,65.0,92,-75.90087919071627,-76.21657400364501,0.019545142083777885,ok,11.32
1.5655363404087876,1.1079297093491922,65.0,92,-75.88599800022669,-76.2090867526897,0.023861018929813335,high_t1,11.63
1.5655363404087876,1.1891257633877539,65.0,92,-75.86962511700979,-76.19589572073836,0.027156192387080762,high_t1,11.98
1.8,1.0380956121167133,65.0,92,-75.84996644431288,-76.18671739529616,0.027632519426592318,high_t1,9.93
1.8,0.65,65.0,92,-75.64601296407132,-75.96919385952802,0.022573620777187473,high_t1,11.66
1.8,0.7491939040506499,65.0,92,-75.78424365210768,-76.11031260093543,0.022880550237916453,high_t1,11.66
1.8,0.6809285230878754,65.0,92,-75.70147241402074,-76.02548057282775,0.02262175470284857,high_t1,11.87
1.5655363404087876,1.286113197827046,65.0,92,-75.84757104465517,-76.17762002579265,0.032428247438712886,high_t1,12.56
1.5655363404087876,1.4065542823824804,65.0,92,-75.81943503818712,-76.15429340700713,0.04092828711895057,high_t1,12.57
1.5655363404087876,1.5655363404087876,65.0,92,-75.78404643557872,-76.12593807439427,0.054811016306171585,high_t1,12.56
1.8,0.7138970767665203,65.0,92,-75.74731482165397,-76.07228152494471,0.022719927935282387,high_t1,12.31
1.8,0.7871730137334912,65.0,92,-75.81289424266355,-76.14022501885567,0.023122362859382045,high_t1,12.04
1.8,0.8282758463094337,65.0,92,-75.83383908619788,-76.16261047305771,0.023474833225738123,high_t1,12.17
1.8,0.8730626691931039,65.0,92,-75.84759210725824,-76.17800445303757,0.023986092579618642,high_t1,12.26
1.8,0.9768305109495515,65.0,92,-75.85529169850084,-76.1896737059633,0.02586986300223147,high_t1,11.88
1.8,0.9222594660307525,65.0,92,-75.85461040916735,-76.18688611142805,0.0247374691058391,high_t1,12.63
0.65,0.65,75.0,92,-75.5981330316731,-75.86110300662175,0.0063548376170449354,ok,8.71
1.8,1.1079297093491922,65.0,92,-75.83888643043889,-76.1782939949335,0.030469981727703606,high_t1,12.6
0.6809285230878754,0.65,75.0,92,-75.65437198904867,-75.9182616391616,0.006485015250083962,ok,8.66
0.6809285230878754,0.6809285230878754,75.0,92,-75.71052891378673,-75.9753388316895,0.0066119943760776295,ok,8.63
1.8,1.286113197827046,65.0,92,-75.79999626163205,-76.1458140831072,0.043094153916294974,high_t1,11.91
1.8,1.4065542823824804,65.0,92,-75.77211653560144,-76.12201954666168,0.05647078411960335,high_t1,12.0
0.7138970767665203,0.65,75.0,92,-75.70122444135066,-75.96614687859893,0.0066472021554147415,ok,8.52
1.8,1.1891257633877539,65.0,92,-75.82221255227186,-76.16461038855303,0.035169991206920125,high_t1,13.11
0.7138970767665203,0.6809285230878754,75.0,92,-75.75729432965818,-76.02313879592457,0.006770692439765791,ok,8.49
0.7138970767665203,0.7138970767665203,75.0,92,-75.80396467856266,-76.07084668650322,0.006925511599062625,ok,8.62
0.7491939040506499,0.7138970767665203,75.0,92,-75.84193169915137,-76.10998112837798,0.007117897995859181,ok,7.96
0.7491939040506499,0.6809285230878754,75.0,92,-75.79536290150082,-76.06237058022994,0.006967360004779653,ok,8.07
1.8,1.8,65.0,92,-75.69550490093928,-76.061340216436,0.11293853654279015,high_t1,12.94
0.7491939040506499,0.65,75.0,92,-75.73938369655158,-76.005466442697,0.006847644376961518,ok,8.27
1.8,1.5655363404087876,65.0,92,-75.73801662499795,-76.09342718790376,0.07851041847440736,high_t1,13.45
0.7491939040506499,0.7491939040506499,75.0,92,-75.87978793163323,-76.14901028446035,0.007305462295872741,ok,7.99
0.7871730137334912,0.65,75.0,92,-75.76947226403111,-76.03686165485213,0.007094044873633151,ok,7.88
0.7871730137334912,0.6809285230878754,75.0,92,-75.82535823068564,-76.09367659107124,0.007209728508301038,ok,8.08
0.7871730137334912,0.7491939040506499,75.0,92,-75.90955804138115,-76.18010331240885,0.007537784524690559,ok,8.19
0.7871730137334912,0.7138970767665203,75.0,92,-75.87182033426097,-76.14118587177738,0.0073555946600886695,ok,8.56
0.7871730137334912,0.7871730137334912,75.0,92,-75.93919936418897,-76.21107577277354,0.007763987571886544,ok,8.28
0.8282758463094337,0.65,75.0,92,-75.79204559140865,-76.060911507772,0.007395950454060515,ok,8.44
0.8282758463094337,0.6809285230878754,75.0,92,-75.84783674397549,-76.11763685450494,0.0075074104719092,ok,8.28
0.8282758463094337,0.7491939040506499,75.0,92,-75.93180112916092,-76.203843050849,0.007824557180801156,ok,8.4
0.8282758463094337,0.7138970767665203,75.0,92,-75.89418825248764,-76.1650422452854,0.007648264893757666,ok,8.52
0.8282758463094337,0.7871730137334912,75.0,92,-75.96130495038135,-76.23468773878179,0.008043895483867837,ok,8.58
0.8730626691931039,0.65,75.0,92,-75.80759342100332,-76.0781339879811,0.007765265011143355,ok,8.85
0.8282758463094337,0.8282758463094337,75.0,92,-75.98326195649621,-76.25816251006401,0.008315929656155508,ok,9.16
0.8730626691931039,0.6809285230878754,75.0,92,-75.86328935270654,-76.13477067296667,0.007872425500417711,ok,8.89
0.8730626691931039,0.7491939040506499,75.0,92,-75.94701108353226,-76.22075210561134,0.008177994387824619,ok,9.12
0.8730626691931039,0.7138970767665203,75.0,92,-75.90952776726868,-76.18207110403768,0.008008033920293915,ok,9.48
0.8730626691931039,0.7871730137334912,75.0,92,-75.97637037264282,-76.25146371434236,0.008389785867513683,ok,9.18
0.8730626691931039,0.8282758463094337,75.0,92,-75.998169453841,-76.27479386135366,0.008652961821904177,ok,9.2
0.8730626691931039,0.8730626691931039,75.0,92,-76.012907367235,-76.29127105908371,0.008979801027804508,ok,9.06
0.9222594660307525,0.65,75.0,92,-75.8165365054621,-76.088983210784,0.008216995103684135,ok,9.26
0.9222594660307525,0.7491939040506499,75.0,92,-75.95561437001075,-76.23129093997362,0.008613604864464454,ok,8.89
0.9768305109495515,0.65,75.0,92,-75.81921638965225,-76.09384243621686,0.008770000956496039,ok,7.8
0.9768305109495515,0.6809285230878754,75.0,92,-75.87472831222516,-76.15031283742658,0.008869128780134199,ok,7.62
0.9768305109495515,0.7138970767665203,75.0,92,-75.92074155376393,-76.19740935961094,0.008994338630179967,ok,7.65
0.9222594660307525,0.7138970767665203,75.0,92,-75.91826327955923,-76.19273060204291,0.008450251431929954,ok,9.35
0.9222594660307525,0.6809285230878754,75.0,92,-75.87213853137713,-76.14553407023081,0.008319953894804132,ok,9.61
0.9222594660307525,0.8282758463094337,75.0,92,-76.00645818721448,-76.28504721308069,0.009070753908219147,ok,8.9
0.9222594660307525,0.8730626691931039,75.0,92,-76.02101696329449,-76.30136326557302,0.009386156876827804,ok,8.98
0.9222594660307525,0.7871730137334912,75.0,92,-75.98482423160806,-76.26186660452082,0.008817308831539908,ok,9.68
0.9222594660307525,0.9222594660307525,75.0,92,-76.02893544063355,-76.31128519809424,0.009779399729351178,ok,9.23
0.9768305109495515,0.7491939040506499,75.0,92,-75.95796064114799,-76.23585121727326,0.009151138236041982,ok,9.0
0.9768305109495515,0.7871730137334912,75.0,92,-75.9870191330487,-76.26629127055676,0.009346517433404963,ok,8.51
0.9768305109495515,0.8282758463094337,75.0,92,-76.00848369545349,-76.2893207021005,0.00958967822785432,ok,9.1
0.9768305109495515,0.8730626691931039,75.0,92,-76.0228566250438,-76.3054718903866,0.009892658733073784,ok,9.46
0.9768305109495515,0.9768305109495515,75.0,92,-76.03200156118943,-76.31896543996352,0.010746955262751372,ok,9.38
1.0380956121167133,0.65,75.0,92,-75.81587675833879,-76.09301561711892,0.00944907376281301,ok,9.22
0.9768305109495515,0.9222594660307525,75.0,92,-76.0305747091321,-76.31521760665134,0.010271358221055718,ok,9.83
1.0380956121167133,0.6809285230878754,75.0,92,-75.87130556841448,-76.14941376361797,0.009545086676447906,ok,9.26
1.0380956121167133,0.7138970767665203,75.0,92,-75.9172130303835,-76.19641747920905,0.009665817442682776,ok,9.09
1.0380956121167133,0.7871730137334912,75.0,92,-75.98321335370059,-76.26505542412164,0.010003729118033359,ok,9.46
1.0380956121167133,0.9768305109495515,75.0,92,-76.02741076070085,-76.31704898789656,0.011348190307484756,ok,7.82
1.0380956121167133,0.7491939040506499,75.0,92,-75.95430417848391,-76.23474673517745,0.009816451216029046,ok,9.84
1.0380956121167133,0.8282758463094337,75.0,92,-76.00450828214072,-76.28793607921884,0.01023653386824937,ok,9.21
1.0380956121167133,0.8730626691931039,75.0,92,-76.01869260450812,-76.30392274602018,0.010526696816959625,ok,9.21
1.0380956121167133,0.9222594660307525,75.0,92,-76.02620480432228,-76.31349028360097,0.010890093650183157,ok,9.4
1.1079297093491922,0.65,75.0,92,-75.80663510944878,-76.0867212510506,0.010288198189050652,ok,9.17
1.0380956121167133,1.0380956121167133,75.0,92,-76.02258726099416,-76.3149357789509,0.011931064155947059,ok,9.58
1.1079297093491922,0.6809285230878754,75.0,92,-75.86199157072583,-76.14305816476491,0.010382232770679093,ok,9.34
1.1079297093491922,0.7138970767665203,75.0,92,-75.90780330660535,-76.1899797767656,0.010499594299171506,ok,10.06
1.1079297093491922,0.7491939040506499,75.0,92,-75.94477536139952,-76.22820633655091,0.010645124624966617,ok,9.37
1.1079297093491922,0.8730626691931039,75.0,92,-76.00867093946599,-76.29695855429435,0.011326256913549876,ok,9.4
1.1079297093491922,0.9222594660307525,75.0,92,-76.01597691967487,-76.30635067063851,0.011674734483410595,ok,9.18
1.1079297093491922,0.7871730137334912,75.0,92,-75.97354237747439,-76.25839235110102,0.01082520783235399,ok,9.58
1.1079297093491922,1.0380956121167133,75.0,92,-76.01189493632047,-76.30740689959745,0.012681498800718727,ok,9.26
1.1079297093491922,0.8282758463094337,75.0,92,-75.99467270274536,-76.28113130580671,0.011048384847033167,ok,9.84
1.1891257633877539,0.65,75.0,92,-75.79143950878563,-76.07508932132814,0.011338685903102465,ok,8.81
1.1079297093491922,1.1079297093491922,75.0,92,-76.00095111425206,-76.2996706295584,0.013418117494636658,ok,9.42
1.1079297093491922,0.9768305109495515,75.0,92,-76.01695841027406,-76.30972016070179,0.01211592241685222,ok,9.9
1.1891257633877539,0.6809285230878754,75.0,92,-75.84673893240385,-76.13137882041026,0.011432321683592305,ok,8.97
1.1891257633877539,0.7138970767665203,75.0,92,-75.89247024479302,-76.17823264374313,0.011548018316671946,ok,9.04
1.1891257633877539,0.7491939040506499,75.0,92,-75.92933792989004,-76.21637075308116,0.011690252141855761,ok,9.38
1.1891257633877539,0.7871730137334912,75.0,92,-75.95797632306052,-76.24644767399593,0.011865026689273962,ok,9.32
1.1891257633877539,0.8282758463094337,75.0,92,-75.97895378253146,-76.26905726819354,0.01208050507773395,ok,9.66
1.1891257633877539,0.9768305109495515,75.0,92,-76.0006414815146,-76.2971461006011,0.013111600067783495,ok,9.06
1.1891257633877539,1.0380956121167133,75.0,92,-75.99533691053769,-76.2946343121101,0.013665488270872692,ok,8.98
1.1891257633877539,0.8730626691931039,75.0,92,-75.99277529142721,-76.28473564479175,0.012348104204426565,ok,9.54
1.1891257633877539,0.9222594660307525,75.0,92,-75.99988148861867,-76.29396054682576,0.012684010331216109,ok,9.61
1.1891257633877539,1.1891257633877539,75.0,92,-75.96705163758728,-76.27348586841853,0.015398263331496194,ok,9.6
1.286113197827046,0.65,75.0,92,-75.76999003933963,-76.05815884196116,0.012687499927351171,ok,8.87
1.1891257633877539,1.1079297093491922,75.0,92,-75.98413569525633,-76.28668765327892,0.014398945863463556,ok,9.68
1.286113197827046,0.6809285230878754,75.0,92,-75.82525347933773,-76.11441761729114,0.012782498591759946,ok,9.19
1.286113197827046,0.7138970767665203,75.0,92,-75.87092624737997,-76.16122171967157,0.012898737242075296,ok,9.29
1.286113197827046,0.7491939040506499,75.0,92,-75.90771164732811,-76.19929019984234,0.013040334259025099,ok,9.03
1.286113197827046,0.7871730137334912,75.0,92,-75.93624299024256,-76.22927690143919,0.013212920470690625,ok,9.37
1.286113197827046,0.8282758463094337,75.0,92,-75.95708785904604,-76.25177530918668,0.013424419853692205,ok,9.26
1.286113197827046,0.9222594660307525,75.0,92,-75.97767247915914,-76.27639366412544,0.014015459718886318,ok,9.18
1.286113197827046,0.9768305109495515,75.0,92,-75.97822254550218,-76.27940664206878,0.014437729921257185,ok,9.31
1.286113197827046,0.8730626691931039,75.0,92,-75.97075080627361,-76.26732152078144,0.013686279208279249,ok,9.86
1.286113197827046,1.0380956121167133,75.0,92,-75.97268397688184,-76.27670364279238,0.014993386494276537,ok,9.23
1.286113197827046,1.1079297093491922,75.0,92,-75.9612272663702,-76.26854879639104,0.015747904353721028,ok,9.6
1.286113197827046,1.1891257633877539,75.0,92,-75.94387087631027,-76.25512427968744,0.016812493356830056,ok,9.55
1.4065542823824804,0.7138970767665203,75.0,92,-75.84246198503664,-76.13889836422533,0.014722410654897896,ok,9.29
1.4065542823824804,0.65,75.0,92,-75.7415623384172,-76.03587518089748,0.014507144367348923,ok,9.58
1.4065542823824804,0.6809285230878754,75.0,92,-75.79681783995582,-76.09212247437515,0.014603987727800789,ok,9.87
1.4065542823824804,0.8730626691931039,75.0,92,-75.94192953150085,-76.24468979072384,0.015519285643757734,ok,9.29
1.286113197827046,1.286113197827046,75.0,92,-75.92040898040639,-76.23652927466671,0.01838547267032989,ok,10.19
1.4065542823824804,0.9222594660307525,75.0,92,-75.94869359728283,-76.25363057044821,0.0158534690262635,ok,9.42
1.4065542823824804,0.7491939040506499,75.0,92,-75.87919625867109,-76.17692039844778,0.01486629082927441,ok,10.18
1.4065542823824804,0.7871730137334912,75.0,92,-75.90765215977255,-76.2068410016634,0.015041086450825766,ok,9.99
1.4065542823824804,0.8282758463094337,75.0,92,-75.92839556213866,-76.22925242339716,0.015254742520340462,ok,10.0
1.4065542823824804,0.9768305109495515,75.0,92,-75.94905686729176,-76.25648932525944,0.016287773926435798,ok,9.26
1.4065542823824804,1.0380956121167133,75.0,92,-75.94330262609259,-76.25360922184471,0.016872997661392244,ok,9.74
1.4065542823824804,1.1079297093491922,75.0,92,-75.9316032294831,-76.24525487246302,0.017697527702586174,ok,9.98
1.4065542823824804,1.1891257633877539,75.0,92,-75.91398195712034,-76.2316099582976,0.01892089170095851,ok,9.96
1.4065542823824804,1.4065542823824804,75.0,92,-75.85980923672443,-76.18878078039901,0.02403300994108683,high_t1,10.28
1.4065542823824804,1.286113197827046,75.0,92,-75.89024331858639,-76.21277754438775,0.02084089973190216,high_t1,10.9
1.5655363404087876,0.7138970767665203,75.0,92,-75.80548900322042,-76.11115431747857,0.017425851834682708,ok,10.56
1.5655363404087876,0.7871730137334912,75.0,92,-75.87063739891587,-76.17903831597194,0.01775054355713762,ok,10.23
1.5655363404087876,0.65,75.0,92,-75.70455198375166,-76.00812779734936,0.017218928346183077,ok,11.03
1.5655363404087876,0.8730626691931039,75.0,92,-75.90477305341437,-76.2167502720087,0.018254469118095442,ok,10.05
1.5655363404087876,0.8282758463094337,75.0,92,-75.89132379322453,-76.20139210075898,0.017973852079775712,ok,10.31
1.5655363404087876,0.7491939040506499,75.0,92,-75.84221353477743,-76.14915578847473,0.01757078583436787,ok,10.92
1.5655363404087876,0.6809285230878754,75.0,92,-75.75983485526304,-76.06438351483636,0.01730992709037295,ok,10.97
1.5655363404087876,0.9222594660307525,75.0,92,-75.91142207689225,-76.22558839229305,0.018615062924348724,ok,10.74
1.5655363404087876,0.9768305109495515,75.0,92,-75.9116377459465,-76.2283193109124,0.01909468795299714,ok,10.74
1.5655363404087876,1.1891257633877539,75.0,92,-75.87592595916922,-76.20289620539778,0.022310350676230505,high_t1,9.38
1.5655363404087876,1.1079297093491922,75.0,92,-75.89378850165818,-76.21674875652401,0.020751030195808578,high_t1,10.6
1.5655363404087876,1.0380956121167133,75.0,92,-75.90570211523237,-76.22528478633176,0.019763203294671957,ok,11.14
1.5655363404087876,1.286113197827046,75.0,92,-75.8519353410699,-76.18383650944094,0.024941956268466334,high_t1,12.27
1.5655363404087876,1.4065542823824804,75.0,92,-75.8212781319823,-76.15961307471294,0.02966187518888834,high_t1,11.91
1.5655363404087876,1.5655363404087876,75.0,92,-75.78264514141289,-76.13028579893391,0.038600956717384304,high_t1,11.45
1.8,0.7491939040506499,75.0,92,-75.79293489171646,-76.11627236064601,0.022400821828857075,high_t1,11.63
1.8,0.8282758463094337,75.0,92,-75.84207372446525,-76.16847385261404,0.022786926293409348,high_t1,11.35
1.8,0.6809285230878754,75.0,92,-75.71045677343919,-76.03148439087911,0.022217238599551544,high_t1,12.11
1.8,0.65,75.0,92,-75.65510485750255,-75.97520766989473,0.022182414436010496,high_t1,12.13
1.8,0.7138970767665203,75.0,92,-75.75616795820142,-76.07826815298992,0.022288140972208298,high_t1,12.2
1.8,0.7871730137334912,75.0,92,-75.82138354719602,-76.14614504003623,0.022563196771865243,high_t1,12.03
1.8,1.0380956121167133,75.0,92,-75.8561724198695,-76.1920583879526,0.02492688428767507,high_t1,11.17
1.8,0.9222594660307525,75.0,92,-75.86210027808852,-76.19256356778263,0.023503938172829076,high_t1,11.68
1.8,1.1079297093491922,75.0,92,-75.84409600013558,-76.18338123513853,0.026240959046521732,high_t1,11.08
1.8,0.8730626691931039,75.0,92,-75.85550183203199,-76.1837891551651,0.023090308478721146,high_t1,12.34
1.8,0.9768305109495515,75.0,92,-75.86223116950363,-76.19520690639901,0.024082132397483285,high_t1,12.17
0.7138970767665203,0.65,85.0,92,-75.72921497277743,-75.99323984221458,0.006641667504919493,ok,8.0
0.7138970767665203,0.6809285230878754,85.0,92,-75.78457446860794,-76.04948763317223,0.006760390295042812,ok,8.21
0.6809285230878754,0.65,85.0,92,-75.68329571117692,-75.94633084747917,0.006485350595486548,ok,8.57
0.6809285230878754,0.6809285230878754,85.0,92,-75.73867730990604,-76.002596648497,0.006607752291236216,ok,8.57
0.65,0.65,85.0,92,-75.62789828322146,-75.89005191245327,0.006359534496587804,ok,8.87
0.7138970767665203,0.7138970767665203,85.0,92,-75.83044178916677,-76.09635437479862,0.006908991143497682,ok,9.16
0.7491939040506499,0.6809285230878754,85.0,92,-75.82167896017633,-76.08770919533318,0.006949162219507323,ok,8.3
0.7491939040506499,0.65,85.0,92,-75.7663470006919,-76.03148345626617,0.006834355428058568,ok,8.61
1.8,1.1891257633877539,75.0,92,-75.82603759514238,-76.16936517219007,0.028447118026863984,high_t1,11.93
0.7491939040506499,0.7138970767665203,85.0,92,-75.86750967587713,-76.13454643370284,0.0070933787097793265,ok,8.92
0.7491939040506499,0.7491939040506499,85.0,92,-75.90453292928261,-76.17270259446421,0.007272901258632105,ok,8.37
1.8,1.4065542823824804,75.0,92,-75.7710722220318,-76.12581767467213,0.0403153907124787,high_t1,11.8
1.8,1.286113197827046,75.0,92,-75.8018462943176,-76.15014005915819,0.032460521700041864,high_t1,12.53
0.7871730137334912,0.65,85.0,92,-75.79531064018452,-76.06169864927378,0.007070655572736501,ok,8.77
1.8,1.5655363404087876,75.0,92,-75.7326792747505,-76.09670081777755,0.05665193010248972,high_t1,12.14
1.8,1.8,75.0,92,-75.68421236037327,-76.06467201791035,0.09196347272942805,high_t1,12.07
0.7871730137334912,0.7491939040506499,85.0,92,-75.93337046125208,-76.2028175062255,0.007495087654490908,ok,7.61
0.7871730137334912,0.6809285230878754,85.0,92,-75.85061047703647,-76.11789911797949,0.007181367204302824,ok,7.82
0.7871730137334912,0.7138970767665203,85.0,92,-75.89639880404675,-76.16470256394678,0.007320893533218492,ok,8.31
0.8282758463094337,0.6809285230878754,85.0,92,-75.87192053046655,-76.1406320041561,0.007466093398098693,ok,7.84
0.8282758463094337,0.7138970767665203,85.0,92,-75.91766174674716,-76.18739843297442,0.007600710191983332,ok,7.88
0.8282758463094337,0.65,85.0,92,-75.81665645036831,-76.0844590812832,0.007359556347172681,ok,8.17
0.7871730137334912,0.7871730137334912,85.0,92,-75.96214828760745,-76.23288491373862,0.007711289519969481,ok,8.5
0.8282758463094337,0.7491939040506499,85.0,92,-75.95457597149817,-76.22546799497492,0.007769175791814527,ok,8.3
0.8730626691931039,0.65,85.0,92,-75.83086846657913,-76.10027696290152,0.007712271096672276,ok,8.52
0.8282758463094337,0.7871730137334912,85.0,92,-75.98328713340254,-76.25548284121948,0.00797876582942435,ok,8.89
0.8282758463094337,0.8282758463094337,85.0,92,-76.00435122669109,-76.2780223208452,0.008238720805325875,ok,9.33
0.8730626691931039,0.6809285230878754,85.0,92,-75.88609438979884,-76.15642134660285,0.00781471243585889,ok,8.98
0.8730626691931039,0.7491939040506499,85.0,92,-75.96863732520279,-76.24117032026038,0.008106818410062003,ok,8.89
0.8730626691931039,0.7138970767665203,85.0,92,-75.93178506291714,-76.20314888850137,0.00794434978508021,ok,8.97
0.8730626691931039,0.7871730137334912,85.0,92,-75.99727615430112,-76.27112901191508,0.008309267488610751,ok,9.06
0.8730626691931039,0.8282758463094337,85.0,92,-76.01825866217649,-76.29360566037357,0.008560840518367687,ok,9.1
0.9222594660307525,0.65,85.0,92,-75.83836147144767,-76.10960066696713,0.008142969478327365,ok,9.06
0.8730626691931039,0.8730626691931039,85.0,92,-76.03207647540971,-76.30912105852794,0.00887330054260372,ok,9.23
0.9222594660307525,0.6809285230878754,85.0,92,-75.89354858474788,-76.16571738310795,0.008241608470245741,ok,9.16
0.9768305109495515,0.65,85.0,92,-75.8394709593493,-76.11280764143987,0.008669632308837083,ok,7.46
0.9222594660307525,0.7138970767665203,85.0,92,-75.93918704293154,-76.21240607916262,0.008366388458031886,ok,9.0
0.9222594660307525,0.7491939040506499,85.0,92,-75.97597454137534,-76.25037856801872,0.008522808279441853,ok,8.99
0.9768305109495515,0.6809285230878754,85.0,92,-75.89462104109396,-76.16890006700396,0.008765081733466847,ok,7.72
0.9222594660307525,0.8730626691931039,85.0,92,-76.03915431680433,-76.31813516071409,0.009261848641161604,ok,8.38
0.9222594660307525,0.7871730137334912,85.0,92,-76.00453702866376,-76.28027945608669,0.008717782013080889,ok,9.17
0.9768305109495515,0.7138970767665203,85.0,92,-75.94020809368881,-76.21555259252425,0.00888553544245784,ok,7.58
0.9222594660307525,0.8282758463094337,85.0,92,-76.0254326862063,-76.30269084568815,0.008960259751756206,ok,9.14
0.9768305109495515,0.7491939040506499,85.0,92,-75.97693049117409,-76.25347802591898,0.009036168911507924,ok,7.88
0.9768305109495515,0.7871730137334912,85.0,92,-76.00541501244237,-76.28332217734376,0.009223632208873548,ok,7.68
0.9768305109495515,0.8282758463094337,85.0,92,-76.02622080996787,-76.30566856989897,0.009456559828316833,ok,7.17
0.9768305109495515,0.8730626691931039,85.0,92,-76.03984179692502,-76.32104129963253,0.00974624614671054,ok,7.19
0.9222594660307525,0.9222594660307525,85.0,92,-76.04612804404448,-76.32707435213513,0.009637683220982098,ok,9.17
0.9768305109495515,0.9222594660307525,85.0,92,-76.04670542250027,-76.32990432834197,0.01010763490550959,ok,8.82
1.0380956121167133,0.65,85.0,92,-75.83443400221523,-76.11019513100766,0.009315968309516854,ok,9.03
1.0380956121167133,0.7138970767665203,85.0,92,-75.93509167619328,-76.21289184644887,0.009526258865896777,ok,8.67
0.9768305109495515,0.9768305109495515,85.0,92,-76.04716503214424,-76.3326561154233,0.010560383514813431,ok,9.33
1.0380956121167133,0.6809285230878754,85.0,92,-75.88955192941235,-76.16626957821114,0.009409238765123847,ok,9.09
1.0380956121167133,0.7871730137334912,85.0,92,-76.00016037166519,-76.28056758780944,0.009852295997802747,ok,8.6
1.0380956121167133,0.7491939040506499,85.0,92,-75.97175203215478,-76.25077555654157,0.00967186257198713,ok,9.23
1.0380956121167133,0.8282758463094337,85.0,92,-76.02087662640194,-76.30285280304314,0.010075731503579417,ok,9.19
1.0380956121167133,0.8730626691931039,85.0,92,-76.03439567377666,-76.31815693453036,0.010352969408477198,ok,8.76
1.0380956121167133,0.9222594660307525,85.0,92,-76.04114615537945,-76.32694594597237,0.010698390178660597,ok,8.74
1.0380956121167133,0.9768305109495515,85.0,92,-76.04148300591464,-76.32962072595076,0.01113131636470504,ok,8.9
1.0380956121167133,1.0380956121167133,85.0,92,-76.03567092953898,-76.32650838220322,0.011678297872231406,ok,9.37
1.1079297093491922,0.65,85.0,92,-75.82336038680356,-76.1019731621999,0.010114928671166963,ok,9.75
1.1079297093491922,0.6809285230878754,85.0,92,-75.8784546834325,-76.15803898644184,0.010207490437796677,ok,9.35
1.1079297093491922,0.7491939040506499,85.0,92,-75.96056094819798,-76.24249171007463,0.010464448033030047,ok,9.59
1.1079297093491922,0.7871730137334912,85.0,92,-75.98889940423699,-76.27224044409495,0.010638980804031204,ok,9.58
1.1079297093491922,0.7138970767665203,85.0,92,-75.923955250787,-76.20464045447923,0.010322526850983432,ok,9.94
1.1079297093491922,0.8730626691931039,85.0,92,-76.02295133916243,-76.30971551915586,0.011118571743530661,ok,9.66
1.1079297093491922,0.9222594660307525,85.0,92,-76.0295899466102,-76.31843687737478,0.011447270276046587,ok,9.53
1.1891257633877539,0.65,85.0,92,-75.80618966117314,-76.08826105404943,0.011117237567855452,ok,9.37
1.1079297093491922,1.0380956121167133,85.0,92,-76.02385707690578,-76.31785442125909,0.012377424962903706,ok,9.51
1.1079297093491922,0.8282758463094337,85.0,92,-76.00953101386608,-76.2944726459321,0.010853667219158817,ok,10.1
1.1079297093491922,0.9768305109495515,85.0,92,-76.02980302195235,-76.32103988424541,0.011858265023439347,ok,9.87
1.1891257633877539,0.6809285230878754,85.0,92,-75.86127307644162,-76.1443306599049,0.011210985086672896,ok,9.62
1.1079297093491922,1.1079297093491922,85.0,92,-76.0119020096548,-76.30912942873036,0.013042732488972931,ok,10.06
1.1891257633877539,0.7138970767665203,85.0,92,-75.90674735474647,-76.19092445731913,0.011326034453248753,ok,9.56
1.1891257633877539,0.7491939040506499,85.0,92,-75.94331102235623,-76.22875675675789,0.011466303401247309,ok,9.57
1.1891257633877539,0.8730626691931039,85.0,92,-76.00548010801086,-76.29586219340145,0.01209824274569845,ok,9.23
1.1891257633877539,0.7871730137334912,85.0,92,-75.97159152933546,-76.25847569778958,0.011636882111327294,ok,9.53
1.1891257633877539,0.8282758463094337,85.0,92,-75.99214929013718,-76.28066805533412,0.011844510506346178,ok,9.38
1.1891257633877539,0.9222594660307525,85.0,92,-76.01201401233608,-76.30452747813268,0.012410543778566686,ok,9.38
1.1891257633877539,0.9768305109495515,85.0,92,-76.01210788542997,-76.30706902671346,0.012798599227391209,ok,9.0
1.1891257633877539,1.1079297093491922,85.0,92,-75.99392986439982,-76.29502962608653,0.013913580295925362,ok,8.92
1.1891257633877539,1.1891257633877539,85.0,92,-75.97580467626001,-76.28086930518594,0.014738198846965526,ok,9.16
1.1891257633877539,1.0380956121167133,85.0,92,-76.00602929023262,-76.3038191059529,0.01328718067905931,ok,9.53
1.286113197827046,0.65,85.0,92,-75.7826136556581,-76.06908461486093,0.012411364140433034,ok,9.01
1.286113197827046,0.6809285230878754,85.0,92,-75.83770391918497,-76.12517348408126,0.012508111281603134,ok,8.91
1.286113197827046,0.7138970767665203,85.0,92,-75.88317046353878,-76.17177652307166,0.012625335094729047,ok,8.36
1.286113197827046,0.7491939040506499,85.0,92,-75.91971105947391,-76.20960783721036,0.012766407822569633,ok,9.11
1.286113197827046,0.7871730137334912,85.0,92,-75.94795248687899,-76.23931560766908,0.012935695926624087,ok,9.56
1.286113197827046,0.8282758463094337,85.0,92,-75.96845462465507,-76.26148696663147,0.013138993222240424,ok,9.4
1.286113197827046,0.8730626691931039,85.0,92,-75.98171290138272,-76.27665099612442,0.013384142465721371,ok,9.44
1.286113197827046,0.9222594660307525,85.0,92,-75.98815711793519,-76.28527815273041,0.013682143159020334,ok,8.84
1.286113197827046,0.9768305109495515,85.0,92,-75.98814403300987,-76.28777500503,0.014048492960942486,ok,9.24
1.286113197827046,1.0380956121167133,85.0,92,-75.98194122096963,-76.28447564865999,0.01450634803752752,ok,9.02
1.286113197827046,1.1891257633877539,85.0,92,-75.95141908169768,-76.26142332020557,0.015868137750730142,ok,9.4
1.286113197827046,1.1079297093491922,85.0,92,-75.96970073281966,-76.27563437178718,0.015092174877445762,ok,9.45
1.4065542823824804,0.7491939040506499,85.0,92,-75.88904947813042,-76.18498494938048,0.01454191769538184,ok,9.4
1.4065542823824804,0.8282758463094337,85.0,92,-75.93775328249576,-76.23688093445152,0.014913958751496108,ok,9.33
1.4065542823824804,0.65,85.0,92,-75.75190087895669,-76.04437313569214,0.01417991789850551,ok,10.03
1.4065542823824804,0.8730626691931039,85.0,92,-75.95096604161618,-76.25204049876639,0.015154316355419613,ok,9.27
1.4065542823824804,0.7871730137334912,85.0,92,-75.91727918895377,-76.21470550714459,0.01471202309485901,ok,9.63
1.4065542823824804,0.6809285230878754,85.0,92,-75.80702144093463,-76.10049948891543,0.014279113427972836,ok,10.05
1.286113197827046,1.286113197827046,85.0,92,-75.92686519649773,-76.24193313757239,0.01695018364841433,ok,10.28
1.4065542823824804,0.7138970767665203,85.0,92,-75.85250543250163,-76.14713222777316,0.0143988324916779,ok,10.26
1.4065542823824804,0.9222594660307525,85.0,92,-75.95734610751047,-76.260655133769,0.015442402607137137,ok,9.57
1.4065542823824804,0.9768305109495515,85.0,92,-75.95724900090845,-76.26313217344112,0.01579199989400115,ok,9.48
1.4065542823824804,1.1079297093491922,85.0,92,-75.93857276112473,-76.25093500306986,0.016776983217380432,ok,9.62
1.4065542823824804,1.1891257633877539,85.0,92,-75.92014034275326,-76.23669171498179,0.01751616155252624,ok,9.73
1.4065542823824804,1.0380956121167133,85.0,92,-75.95094095507083,-76.25980680980454,0.016224716706019243,ok,10.22
1.4065542823824804,1.286113197827046,85.0,92,-75.89541392393562,-76.21717292042442,0.018578070881526767,ok,10.08
1.5655363404087876,0.65,85.0,92,-75.71243883197124,-76.01399967579509,0.01688967859611487,ok,9.91
1.5655363404087876,0.7138970767665203,85.0,92,-75.81315304235264,-76.11686709823223,0.01709028869377983,ok,9.64
1.5655363404087876,0.6809285230878754,85.0,92,-75.76761914439466,-76.07018243762343,0.016978618619785026,ok,10.04
1.4065542823824804,1.4065542823824804,85.0,92,-75.86377391710498,-76.19239819044745,0.02026329808740186,high_t1,10.87
1.5655363404087876,0.7491939040506499,85.0,92,-75.84973573785888,-76.15476660271113,0.01722726932028957,ok,10.32
1.5655363404087876,0.8282758463094337,85.0,92,-75.89847662324766,-76.20673852178821,0.017590910598508206,ok,10.23
1.5655363404087876,0.7871730137334912,85.0,92,-75.87799127499902,-76.18452821955567,0.01739277447161501,ok,10.77
1.5655363404087876,0.9222594660307525,85.0,92,-75.9180400246433,-76.23056263842602,0.01811051861533718,ok,9.84
1.5655363404087876,0.8730626691931039,85.0,92,-75.91168408596012,-76.2219264245726,0.017827405792459564,ok,10.91
1.5655363404087876,0.9768305109495515,85.0,92,-75.91789730923986,-76.23305441767043,0.01845300437762672,ok,10.99
1.5655363404087876,1.0380956121167133,85.0,92,-75.91151911663447,-76.22973718757979,0.01887659315519512,ok,10.74
1.5655363404087876,1.286113197827046,85.0,92,-75.85560350117777,-76.18710808892237,0.021313549411632316,high_t1,9.56
1.5655363404087876,1.1079297093491922,85.0,92,-75.89905288798444,-76.22086783776892,0.019421736676256785,ok,10.4
1.5655363404087876,1.1891257633877539,85.0,92,-75.88049141913622,-76.20662396470574,0.02017174698614793,high_t1,10.56
1.8,0.7871730137334912,85.0,92,-75.82625620452455,-76.14907639279792,0.02232559430373751,high_t1,10.73
1.8,0.7138970767665203,85.0,92,-75.76125729036391,-76.08128063943353,0.022139025257589814,high_t1,10.81
1.5655363404087876,1.4065542823824804,85.0,92,-75.82377368879749,-76.16235621375118,0.023303389486775534,high_t1,12.26
1.8,0.7491939040506499,85.0,92,-75.79792434310262,-76.11924765040521,0.02221359544223718,high_t1,11.01
1.5655363404087876,1.5655363404087876,85.0,92,-75.7835762308959,-76.13240434281718,0.027345980850914844,high_t1,12.29
1.8,0.6809285230878754,85.0,92,-75.7156326672546,-76.03452867486186,0.02209799941162493,high_t1,11.6
1.8,0.8730626691931039,85.0,92,-75.86006885897224,-76.18660525469012,0.022684243210075818,high_t1,11.66
1.8,0.65,85.0,92,-75.66035666767687,-75.97827942134168,0.022087105589556403,high_t1,12.31
1.8,0.8282758463094337,85.0,92,-75.84680780495735,-76.17135283459163,0.022480263693468394,high_t1,11.9
1.8,0.9222594660307525,85.0,92,-75.86646238514781,-76.1953036147248,0.022947254767992434,high_t1,11.84
1.8,1.1079297093491922,85.0,92,-75.8474448222261,-76.1857765563745,0.02432397281801227,high_t1,11.68
1.8,0.9768305109495515,85.0,92,-75.86633699774153,-76.19785442610386,0.023284866214738097,high_t1,11.89
1.8,1.0380956121167133,85.0,92,-75.85995066698825,-76.19459275109794,0.023724965298865704,high_t1,11.91
1.8,1.1891257633877539,85.0,92,-75.82880609908672,-76.17158826025248,0.025209945144609565,high_t1,11.75
0.65,0.65,95.0,92,-75.6479532458258,-75.90943796216916,0.006375546417126947,ok,8.7
1.8,1.286113197827046,85.0,92,-75.80379952928025,-76.15214501840292,0.026704586515506227,high_t1,11.73
0.6809285230878754,0.65,95.0,92,-75.70269900591254,-75.9650333615484,0.006497347598296384,ok,8.66
0.6809285230878754,0.6809285230878754,95.0,92,-75.75747040085007,-76.02065752927562,0.006615632422991731,ok,8.66
0.7138970767665203,0.65,95.0,92,-75.74789514128797,-76.01118393624286,0.006648083978913339,ok,8.69
1.8,1.5655363404087876,85.0,92,-75.73149231770745,-76.0979168666446,0.03694180585370146,high_t1,10.0
0.7138970767665203,0.7138970767665203,95.0,92,-75.84791640777175,-76.11302772927532,0.00690556281076194,ok,8.24
0.7138970767665203,0.6809285230878754,95.0,92,-75.80268650949371,-76.0668326562768,0.006762622456057643,ok,8.65
1.8,1.4065542823824804,85.0,92,-75.77181767075918,-76.12752608463603,0.029699202680347668,high_t1,10.9
0.7491939040506499,0.65,95.0,92,-75.78422913527751,-76.04859053172295,0.006833207970029485,ok,8.22
0.7491939040506499,0.6809285230878754,95.0,92,-75.83903571331135,-76.10426048767773,0.006943810586199487,ok,7.76
0.7491939040506499,0.7138970767665203,95.0,92,-75.88427416992293,-76.15047186037273,0.007082426858816995,ok,7.75
0.7871730137334912,0.65,95.0,92,-75.81231590600328,-76.07788603686882,0.00705944644116314,ok,7.95
1.8,1.8,85.0,92,-75.67961703396561,-76.06474846302302,0.058319728037423364,high_t1,12.05
0.7491939040506499,0.7491939040506499,95.0,92,-75.92063479882901,-76.1879283357631,0.007254591228921547,ok,8.43
0.7871730137334912,0.6809285230878754,95.0,92,-75.86713390128693,-76.13357485426,0.007165996328647168,ok,7.7
0.7871730137334912,0.7491939040506499,95.0,92,-75.94873548009075,-76.2172657112491,0.0074672110176882455,ok,7.72
0.7871730137334912,0.7138970767665203,95.0,92,-75.91237668466748,-76.17979985753557,0.007300076429067883,ok,7.84
0.8282758463094337,0.6809285230878754,95.0,92,-75.88752848364028,-76.15534627869394,0.0074376564490325195,ok,7.97
0.8282758463094337,0.65,95.0,92,-75.83270182202489,-76.09963996801902,0.007335159787043874,ok,8.28
0.7871730137334912,0.7871730137334912,95.0,92,-75.97682912620695,-76.24660920886421,0.007674328112107706,ok,8.36
0.8282758463094337,0.7138970767665203,95.0,92,-75.93277239616522,-76.2015832511153,0.007567097650229229,ok,8.33
0.8730626691931039,0.6809285230878754,95.0,92,-75.90070056988931,-76.17008436314113,0.007769414846791493,ok,7.93
0.8282758463094337,0.7491939040506499,95.0,92,-75.96912566290818,-76.2390565262292,0.00772896689253318,ok,8.46
0.8282758463094337,0.7871730137334912,95.0,92,-75.99720804136112,-76.26840391724122,0.007930178025879683,ok,8.51
0.8730626691931039,0.65,95.0,92,-75.8458668444099,-76.11436077104042,0.007670797263366934,ok,8.39
0.8730626691931039,0.7138970767665203,95.0,92,-75.945943518946,-76.21633277571917,0.007894287748553292,ok,8.28
0.8730626691931039,0.7871730137334912,95.0,92,-76.01035650811357,-76.28316284923129,0.00824586703191678,ok,8.64
0.8282758463094337,0.8282758463094337,95.0,92,-76.01757089149947,-76.29020006902833,0.008179512899157805,ok,9.46
0.8730626691931039,0.8730626691931039,95.0,92,-76.04380380622311,-76.3197173367682,0.008789027711633835,ok,8.65
0.8730626691931039,0.7491939040506499,95.0,92,-75.98228861728893,-76.25381264058724,0.008050821134014396,ok,9.22
0.8730626691931039,0.8282758463094337,95.0,92,-76.03069948407965,-76.30495922141958,0.008488183392452244,ok,9.25
0.9222594660307525,0.8730626691931039,95.0,92,-76.05008826649083,-76.32789174192118,0.009162947461296731,ok,7.83
0.9222594660307525,0.8282758463094337,95.0,92,-76.03701144043623,-76.31313426353842,0.008870583976741104,ok,8.08
0.9222594660307525,0.7871730137334912,95.0,92,-76.0166909591871,-76.29133732761892,0.00863557557789645,ok,8.14
0.9222594660307525,0.9222594660307525,95.0,92,-76.05634140621454,-76.33606611362336,0.009527230642294654,ok,7.75
0.9222594660307525,0.65,95.0,92,-75.85222218375307,-76.12249382350724,0.008079552197857371,ok,9.29
0.9768305109495515,0.65,95.0,92,-75.85210036776382,-76.12441428821444,0.008578498258069708,ok,7.71
0.9222594660307525,0.6809285230878754,95.0,92,-75.90706275213802,-76.17823596078723,0.00817470576064707,ok,9.18
0.9222594660307525,0.7138970767665203,95.0,92,-75.95230397849812,-76.22449675628961,0.008295332517455012,ok,9.04
0.9222594660307525,0.7491939040506499,95.0,92,-75.9886395479898,-76.26198386346894,0.008446711538645303,ok,9.25
0.9768305109495515,0.6809285230878754,95.0,92,-75.90694937729711,-76.1801781962353,0.00867092448117826,ok,7.94
0.9768305109495515,0.7138970767665203,95.0,92,-75.95218995688816,-76.22645437631571,0.008787964602305237,ok,7.26
0.9768305109495515,0.8282758463094337,95.0,92,-76.03684827665683,-76.31511088564928,0.009345438652468629,ok,7.37
0.9768305109495515,0.7871730137334912,95.0,92,-76.01655118383212,-76.29331082795753,0.009117730874618332,ok,7.6
0.9768305109495515,0.7491939040506499,95.0,92,-75.98851645980109,-76.26395150291097,0.00893471973976889,ok,7.86
1.0380956121167133,0.6809285230878754,95.0,92,-75.9005973456499,-76.17620860646049,0.009280960165491915,ok,7.48
1.0380956121167133,0.65,95.0,92,-75.84573590101205,-76.120417269191,0.009190079124393303,ok,7.86
0.9768305109495515,0.9222594660307525,95.0,92,-76.05611563975411,-76.33804761059776,0.009982692849522298,ok,8.67
0.9768305109495515,0.9768305109495515,95.0,92,-76.05585339214731,-76.3400351826697,0.01042583667279479,ok,8.33
0.9768305109495515,0.8730626691931039,95.0,92,-76.04989604277608,-76.32987037877622,0.009628948596756308,ok,8.84
1.0380956121167133,0.7138970767665203,95.0,92,-75.94584090224241,-76.22250586854263,0.009395562590322426,ok,7.89
1.0380956121167133,0.7491939040506499,95.0,92,-75.98216144417404,-76.26001867952664,0.009538747495137062,ok,8.05
1.0380956121167133,0.7871730137334912,95.0,92,-76.01018194937843,-76.28938947585328,0.00971677177441849,ok,8.88
1.0380956121167133,0.8730626691931039,95.0,92,-76.04347710571402,-76.32596548541534,0.010212507008572186,ok,8.88
1.0380956121167133,0.8282758463094337,95.0,92,-76.03045740528192,-76.31119826368621,0.00993779228106711,ok,9.2
1.0380956121167133,0.9222594660307525,95.0,92,-76.04966336449442,-76.33415148583927,0.010555062665854296,ok,9.5
1.0380956121167133,0.9768305109495515,95.0,92,-76.04936395292472,-76.33615130527262,0.010984330887264396,ok,9.21
1.1079297093491922,0.6809285230878754,95.0,92,-75.88811729549225,-76.16653745978293,0.010037519017887067,ok,9.07
1.0380956121167133,1.0380956121167133,95.0,92,-76.04283554081556,-76.33228610936006,0.011526065049727023,ok,9.8
1.1079297093491922,0.65,95.0,92,-75.83323647456598,-76.11071032069647,0.009946522398497113,ok,9.9
1.1079297093491922,0.7871730137334912,95.0,92,-75.99770431657272,-76.27979388365512,0.010467229601778713,ok,9.73
1.1079297093491922,0.8282758463094337,95.0,92,-76.01796362791507,-76.30162087281654,0.010682791625427887,ok,9.92
1.1079297093491922,1.1079297093491922,95.0,92,-76.0175586109909,-76.31334425490586,0.012883142597473385,ok,9.58
1.1079297093491922,0.7138970767665203,95.0,92,-75.93337070774577,-76.21286463701372,0.01015137771895097,ok,10.13
1.1079297093491922,0.9768305109495515,95.0,92,-76.03678272810944,-76.32663201875353,0.01169503027276917,ok,9.76
1.1079297093491922,0.9222594660307525,95.0,92,-76.03711666527876,-76.32460997458327,0.011280840926521938,ok,9.86
1.1079297093491922,1.0380956121167133,95.0,92,-76.03021647196746,-76.322795648395,0.012217088255178497,ok,9.8
1.1079297093491922,0.8730626691931039,95.0,92,-76.03095996788092,-76.31640542637717,0.010949490619815573,ok,10.26
1.1891257633877539,0.6809285230878754,95.0,92,-75.86945171440516,-76.15128501028616,0.010992358563012998,ok,9.71
1.1891257633877539,0.8282758463094337,95.0,92,-75.99932705618765,-76.28651514715952,0.011634811627522716,ok,8.9
1.1891257633877539,0.65,95.0,92,-75.81454112582081,-76.09541079891926,0.01089918904994284,ok,9.89
1.1891257633877539,0.7871730137334912,95.0,92,-75.97907355710502,-76.26465587917086,0.011422672794146636,ok,9.02
1.1079297093491922,0.7491939040506499,95.0,92,-75.96969189472782,-76.25040226865718,0.010292654347862437,ok,10.86
1.1891257633877539,0.7138970767665203,95.0,92,-75.91472574865097,-76.19765434822847,0.011107672218579256,ok,9.81
1.1891257633877539,0.7491939040506499,95.0,92,-75.95105847091892,-76.2352298282819,0.011249312283685958,ok,9.76
1.1891257633877539,0.8730626691931039,95.0,92,-76.01230967508887,-76.30133145339354,0.011895075097846415,ok,8.77
1.1891257633877539,0.9768305109495515,95.0,92,-76.01808425027885,-76.31162839316447,0.012614452816984027,ok,9.36
1.1891257633877539,0.9222594660307525,95.0,92,-76.01844545493823,-76.30956923834593,0.01221596924312161,ok,9.71
1.1891257633877539,1.0380956121167133,95.0,92,-76.01148544911666,-76.30783585178573,0.013114125407220071,ok,9.74
1.1891257633877539,1.1891257633877539,95.0,92,-75.97998641914003,-76.28360172147259,0.014574428655187604,ok,9.46
1.1891257633877539,1.1079297093491922,95.0,92,-75.99879131323326,-76.29843852673676,0.013749341056515367,ok,9.97
1.286113197827046,0.65,95.0,92,-75.78934534178104,-76.07454622207412,0.012142598423127541,ok,9.28
1.286113197827046,0.6809285230878754,95.0,92,-75.84430010065739,-76.13048191610604,0.012239674947136804,ok,9.12
1.286113197827046,0.7871730137334912,95.0,92,-75.95400448501185,-76.24401917386297,0.012677495093496662,ok,9.06
1.286113197827046,0.8730626691931039,95.0,92,-75.98725332803409,-76.28079861827635,0.013144701932535321,ok,8.57
1.286113197827046,0.7491939040506499,95.0,92,-75.9259703675499,-76.21454012309967,0.012502850210195834,ok,9.62
1.286113197827046,0.7138970767665203,95.0,92,-75.8896100972969,-76.17690941208178,0.012358509403582772,ok,9.81
1.286113197827046,0.8282758463094337,95.0,92,-75.97426852195069,-76.26593025637916,0.012888694015129118,ok,9.07
1.286113197827046,0.9222594660307525,95.0,92,-75.99338316438487,-76.28909050885808,0.01345657081838385,ok,9.88
1.286113197827046,0.9768305109495515,95.0,92,-75.99300812300294,-76.29120801369334,0.013839348632171502,ok,9.69
1.286113197827046,1.0380956121167133,95.0,92,-75.98638783955762,-76.28748070727138,0.014314149110568304,ok,9.64
1.286113197827046,1.1079297093491922,95.0,92,-75.97366497228026,-76.27815880393881,0.01491224021213356,ok,9.42
1.286113197827046,1.1891257633877539,95.0,92,-75.95482496389664,-76.26341197252385,0.015683987235348314,ok,9.39
1.286113197827046,1.286113197827046,95.0,92,-75.92962387111844,-76.24333274732658,0.0167196803922263,ok,10.06
1.4065542823824804,0.65,95.0,92,-75.75693000890264,-76.0480599556966,0.013884965114905683,ok,10.08
1.4065542823824804,0.7138970767665203,95.0,92,-75.85731455900019,-76.1505802339309,0.014105333311275515,ok,10.2
1.4065542823824804,0.6809285230878754,95.0,92,-75.81194793546949,-76.10407469090617,0.013984110065955587,ok,10.47
1.4065542823824804,1.1079297093491922,95.0,92,-75.94153031199073,-76.2525105594842,0.01656243045064989,ok,9.43
1.4065542823824804,0.7871730137334912,95.0,92,-75.92180073413978,-76.21784434990738,0.014428001404598592,ok,10.18
1.4065542823824804,0.9768305109495515,95.0,92,-75.96088967323624,-76.26536007445692,0.015561244410944893,ok,10.09
1.4065542823824804,0.7491939040506499,95.0,92,-75.89372445124084,-76.18828824578303,0.014251920452610116,ok,10.5
1.4065542823824804,1.0380956121167133,95.0,92,-75.95426698793598,-76.26172752701221,0.016008385290139978,ok,10.14
1.4065542823824804,0.8282758463094337,95.0,92,-75.94209905057465,-76.23983304178094,0.01463886410440508,ok,10.44
1.4065542823824804,0.8730626691931039,95.0,92,-75.95510983117379,-76.25478070552548,0.014891408341068614,ok,10.37
1.4065542823824804,0.9222594660307525,95.0,92,-75.96125687649366,-76.26315507634746,0.015194736867859862,ok,10.45
1.4065542823824804,1.1891257633877539,95.0,92,-75.92266376718759,-76.23788288634077,0.017267103345187877,ok,9.25
1.4065542823824804,1.286113197827046,95.0,92,-75.8974223201808,-76.21794305200379,0.018204673592311656,ok,10.31
1.5655363404087876,0.65,95.0,92,-75.7157119258307,-76.01587758032102,0.01668854356264014,ok,10.0
1.5655363404087876,0.6809285230878754,95.0,92,-75.77081705427041,-76.07199016549015,0.016771025755157865,ok,10.16
1.5655363404087876,0.7491939040506499,95.0,92,-75.85275557504237,-76.15640667132837,0.017010672338362662,ok,10.04
1.5655363404087876,0.7138970767665203,95.0,92,-75.81626697233028,-76.11859591764423,0.016877423138162664,ok,10.39
1.4065542823824804,1.4065542823824804,95.0,92,-75.86516664031963,-76.19272261047807,0.019553774050130857,ok,10.91
1.5655363404087876,0.7871730137334912,95.0,92,-75.8809052113303,-76.1860683996174,0.017174318158524594,ok,10.12
1.5655363404087876,0.8730626691931039,95.0,92,-75.91434125059364,-76.22322714547718,0.0176113137492591,ok,9.71
1.5655363404087876,0.8282758463094337,95.0,92,-75.90127063866277,-76.2081661618438,0.017372713138510576,ok,10.02
1.5655363404087876,0.9768305109495515,95.0,92,-75.92021339711211,-76.23405030402365,0.018239245353205796,ok,10.15
1.5655363404087876,1.0380956121167133,95.0,92,-75.91361915053547,-76.23055115880896,0.018650577760286294,ok,10.17
1.5655363404087876,0.9222594660307525,95.0,92,-75.9205395703657,-76.23172012395204,0.01789709205366042,ok,10.4
1.5655363404087876,1.1079297093491922,95.0,92,-75.90089506614015,-76.22147820166711,0.019150690559173823,ok,10.83
1.5655363404087876,1.1891257633877539,95.0,92,-75.88202095204747,-76.2070091170471,0.019774030662306086,ok,10.94
1.5655363404087876,1.4065542823824804,95.0,92,-75.82442655742767,-76.16224614553535,0.021775594427365267,high_t1,11.42
1.5655363404087876,1.286113197827046,95.0,92,-75.85674645840933,-76.18724969659819,0.020591616733496135,high_t1,11.55
1.5655363404087876,1.5655363404087876,95.0,92,-75.78358766765693,-76.1320577991447,0.023824942845333194,high_t1,11.53
1.8,0.9768305109495515,95.0,92,-75.86727351403158,-76.19776356787933,0.02326761597896425,high_t1,10.71
1.8,1.0380956121167133,95.0,92,-75.86075843051914,-76.19444137338017,0.02360334928150385,high_t1,10.99
1.8,0.8282758463094337,95.0,92,-75.84802796877106,-76.17141263943995,0.022630978009261216,high_t1,11.28
1.8,0.8730626691931039,95.0,92,-75.86120678182384,-76.18661954035458,0.022789805542750587,high_t1,11.28
1.8,0.6809285230878754,95.0,92,-75.71711274707674,-76.03473537768146,0.02239823224296491,high_t1,11.99
1.8,0.65,95.0,92,-75.66189032639825,-75.97851627251751,0.02242008687959536,high_t1,12.11
1.8,0.7491939040506499,95.0,92,-75.79928536697028,-76.11938696064281,0.02244320441313906,high_t1,11.64
1.8,0.7138970767665203,95.0,92,-75.76268004982451,-76.08145494061291,0.022404834476731098,high_t1,12.06
1.8,0.7871730137334912,95.0,92,-75.82755013215451,-76.14917769718738,0.022517132149612727,high_t1,11.84
1.8,1.1079297093491922,95.0,92,-75.84809408114131,-76.18555924195302,0.02402112183915384,high_t1,11.64
1.8,0.9222594660307525,95.0,92,-75.86750702213371,-76.19526784563452,0.02299959355718159,high_t1,12.1
1.8,1.1891257633877539,95.0,92,-75.82925217246901,-76.17130053284964,0.024548445214836585,high_t1,12.05
0.65,0.65,105.0,92,-75.65982585651297,-75.92089536154565,0.006395338796610725,ok,8.73
0.6809285230878754,0.6809285230878754,105.0,92,-75.76831852640161,-76.03104483693343,0.006628479006301733,ok,8.67
0.6809285230878754,0.65,105.0,92,-75.71404380170851,-75.97594047645136,0.006513704784145657,ok,8.74
0.7138970767665203,0.65,105.0,92,-75.75865515765966,-76.02148214474234,0.006659571071307789,ok,8.12
0.7138970767665203,0.6809285230878754,105.0,92,-75.81298229060344,-76.0766427753225,0.006770545384909683,ok,7.86
1.8,1.286113197827046,95.0,92,-75.803971549551,-76.15178418155784,0.025251844564852723,high_t1,12.02
0.7138970767665203,0.7138970767665203,105.0,92,-75.85769405443827,-76.12229409512742,0.006908551490213531,ok,8.11
0.7491939040506499,0.65,105.0,92,-75.79434490189485,-76.05821864242304,0.006837970241958901,ok,7.99
0.7491939040506499,0.6809285230878754,105.0,92,-75.84872094694279,-76.11343346311291,0.006944981510660742,ok,7.89
0.7491939040506499,0.7138970767665203,105.0,92,-75.893477155189,-76.15913614804658,0.007078706094741213,ok,8.24
1.8,1.4065542823824804,95.0,92,-75.77159374571862,-76.12708909404054,0.0263292139183738,high_t1,11.35
1.8,1.5655363404087876,95.0,92,-75.73063314239522,-76.09736828265912,0.028506239786165954,high_t1,12.17
1.8,1.8,95.0,92,-75.67751902070191,-76.06367147731575,0.03537669590545554,high_t1,12.45
0.7491939040506499,0.7491939040506499,105.0,92,-75.92930105073074,-76.19602758631555,0.0072442924580555955,ok,7.93
0.7871730137334912,0.65,105.0,92,-75.82172517074645,-76.08678005584079,0.007055099594078496,ok,8.08
0.7871730137334912,0.7491939040506499,105.0,92,-75.9568074053033,-76.22474046578006,0.007448157615126594,ok,8.05
0.7871730137334912,0.6809285230878754,105.0,92,-75.87614754334086,-76.14204788193706,0.0071580629391339865,ok,8.32
0.7871730137334912,0.7138970767665203,105.0,92,-75.92094551755932,-76.18780077586568,0.007287359366991093,ok,8.3
0.7871730137334912,0.7871730137334912,105.0,92,-75.98434881737026,-76.25350051454639,0.007646931831745909,ok,8.14
0.8282758463094337,0.6809285230878754,105.0,92,-75.89580640776487,-76.16305350762242,0.007417610173677351,ok,7.96
0.8282758463094337,0.65,105.0,92,-75.84133938219118,-76.10773299173756,0.007318656623757352,ok,8.18
0.8282758463094337,0.7138970767665203,105.0,92,-75.94064434529528,-76.20885629690756,0.007542455816839911,ok,8.28
0.8282758463094337,0.7871730137334912,105.0,92,-76.00411670913834,-76.27465103797635,0.007891858220155843,ok,8.28
0.8282758463094337,0.7491939040506499,105.0,92,-75.97654228769065,-76.2458439658876,0.007698366815228823,ok,8.44
0.8730626691931039,0.65,105.0,92,-75.85366467319109,-76.1215832143287,0.007638270936880428,ok,8.22
0.8730626691931039,0.6809285230878754,105.0,92,-75.90817557477806,-76.17695698067922,0.0077334355841910075,ok,8.22
0.8730626691931039,0.7138970767665203,105.0,92,-75.95305255789332,-76.2228102420757,0.007853998822117191,ok,8.54
0.8282758463094337,0.8282758463094337,105.0,92,-76.02391550470945,-76.29584869577688,0.008131203287303088,ok,9.38
0.8730626691931039,0.8730626691931039,105.0,92,-76.04895422434625,-76.32409724348265,0.008716789115985564,ok,7.89
0.8730626691931039,0.7871730137334912,105.0,92,-76.01659185349617,-76.2887016000093,0.008193329909468585,ok,9.13
0.8730626691931039,0.7491939040506499,105.0,92,-75.98898552053245,-76.25984657351061,0.008005119406596704,ok,9.36
0.9222594660307525,0.7871730137334912,105.0,92,-76.02218742230147,-76.2961004506776,0.008564664410231607,ok,7.62
0.9222594660307525,0.8282758463094337,105.0,92,-76.04204593053774,-76.31739799584508,0.008792796536865254,ok,7.69
0.9222594660307525,0.9222594660307525,105.0,92,-76.06029246376313,-76.33916464640805,0.009430495602087995,ok,7.21
0.9222594660307525,0.8730626691931039,105.0,92,-76.05460868702512,-76.3316016010456,0.009076689137042493,ok,7.81
0.8730626691931039,0.8282758463094337,105.0,92,-76.0364204633748,-76.309947746395,0.008426975335256435,ok,9.09
0.9222594660307525,0.6809285230878754,105.0,92,-75.91366498866579,-76.18420271753374,0.008118001314901329,ok,8.94
0.9222594660307525,0.65,105.0,92,-75.85910999650449,-76.12877408594603,0.008026180480995588,ok,9.09
0.9222594660307525,0.7491939040506499,105.0,92,-75.99454914831983,-76.26719512558508,0.008381433313995844,ok,8.89
0.9222594660307525,0.7138970767665203,105.0,92,-75.95858112548912,-76.23010817512139,0.00823472050300112,ok,9.18
0.9768305109495515,0.7138970767665203,105.0,92,-75.95756415206027,-76.23112746511751,0.00870130477503878,ok,7.6
0.9768305109495515,0.65,105.0,92,-75.85800665783084,-76.12967973945864,0.008498277401992164,ok,9.21
0.9768305109495515,0.7871730137334912,105.0,92,-76.02124060396541,-76.29722884858914,0.009023369889197764,ok,7.42
0.9768305109495515,0.7491939040506499,105.0,92,-75.99356879869688,-76.26826887102973,0.008844393903819562,ok,7.98
0.9768305109495515,0.6809285230878754,105.0,92,-75.91260730365576,-76.18516636884814,0.008587619602548339,ok,9.0
0.9768305109495515,0.8282758463094337,105.0,92,-76.04113065254143,-76.31858282420751,0.009246593823388386,ok,7.22
0.9768305109495515,0.8730626691931039,105.0,92,-76.05372412026854,-76.332846408778,0.009525065219244917,ok,7.74
1.0380956121167133,0.65,105.0,92,-75.85058955934356,-76.12459550142148,0.009076069730882468,ok,7.22
0.9768305109495515,0.9222594660307525,105.0,92,-76.05943900214986,-76.34047498519784,0.00987306023397923,ok,8.78
1.0380956121167133,0.7138970767665203,105.0,92,-75.9502406107122,-76.22616803428349,0.009276228820828736,ok,7.53
1.0380956121167133,0.6809285230878754,105.0,92,-75.90523937215137,-76.18014541893086,0.009164230166477619,ok,8.0
1.0380956121167133,0.7491939040506499,105.0,92,-75.98628566855476,-76.26337039399027,0.009417064397147524,ok,8.11
1.0380956121167133,0.7871730137334912,105.0,92,-76.01399485051876,-76.29239218066492,0.009593138818962076,ok,8.12
0.9768305109495515,0.9768305109495515,105.0,92,-76.05861846513889,-76.34185881405647,0.010309757899844505,ok,9.77
1.0380956121167133,0.8282758463094337,105.0,92,-76.03392030222824,-76.31381046766563,0.009812766981528614,ok,8.99
1.1079297093491922,0.65,105.0,92,-75.83696960747949,-76.113731312636,0.00979167849927683,ok,8.26
1.0380956121167133,0.9222594660307525,105.0,92,-76.05229814492218,-76.33584666384007,0.010429979215711446,ok,9.63
1.0380956121167133,0.8730626691931039,105.0,92,-76.04654833480772,-76.32814278301608,0.010086900689415035,ok,10.22
1.0380956121167133,0.9768305109495515,105.0,92,-76.05151427626834,-76.33731486055039,0.010861355744273113,ok,9.58
1.1079297093491922,0.6809285230878754,105.0,92,-75.89167463781864,-76.16935248478795,0.009880395305415464,ok,9.66
1.0380956121167133,1.0380956121167133,105.0,92,-76.04445030216903,-76.33286739057647,0.011407665566885222,ok,9.94
1.1079297093491922,0.8282758463094337,105.0,92,-76.02054000506996,-76.30330701744492,0.010526733197288364,ok,9.08
1.1079297093491922,0.7491939040506499,105.0,92,-75.97281888486985,-76.25271866804367,0.010133295485146384,ok,9.46
1.1079297093491922,0.7871730137334912,105.0,92,-76.00057228508297,-76.28181290440189,0.010308585360226538,ok,9.48
1.1079297093491922,0.7138970767665203,105.0,92,-75.93672670985646,-76.21544555155806,0.009992657933964314,ok,9.95
1.1079297093491922,0.9222594660307525,105.0,92,-76.03900081263953,-76.32551312020537,0.011138484377488236,ok,9.48
1.1079297093491922,1.0380956121167133,105.0,92,-76.03124235452401,-76.32274529791545,0.012107591600245517,ok,9.45
1.1079297093491922,0.9768305109495515,105.0,92,-76.03826006273101,-76.32708033454244,0.011565914356677353,ok,9.68
1.1079297093491922,0.8730626691931039,105.0,92,-76.03320940410457,-76.31772047999803,0.010798565114624075,ok,9.86
1.1079297093491922,1.1079297093491922,105.0,92,-76.01808599656952,-76.31275296676772,0.012802485100140835,ok,9.87
1.1891257633877539,0.65,105.0,92,-75.81709430535383,-76.09721186708501,0.010699173906656204,ok,9.62
1.1891257633877539,0.6809285230878754,105.0,92,-75.87186353332696,-76.15291538699628,0.010790792173702341,ok,9.89
1.1891257633877539,0.7138970767665203,105.0,92,-75.91697609497707,-76.1990913092238,0.010905840866353076,ok,9.86
1.1891257633877539,0.8282758463094337,105.0,92,-76.00095420704193,-76.28721598302631,0.011446138727824247,ok,9.45
1.1891257633877539,0.7491939040506499,105.0,92,-75.95312553974014,-76.23644879879407,0.011049030279613539,ok,9.89
1.1891257633877539,0.7871730137334912,105.0,92,-75.9809336218674,-76.26563022490005,0.011226462823317707,ok,9.96
1.1891257633877539,0.8730626691931039,105.0,92,-76.01367554325148,-76.30172754096769,0.01171865144505125,ok,9.62
1.1891257633877539,0.9222594660307525,105.0,92,-76.01951894778168,-76.3096270897024,0.012058156854564111,ok,9.81
1.1891257633877539,1.0380956121167133,105.0,92,-76.01186928773656,-76.30711103229197,0.013022153089015265,ok,9.54
1.1891257633877539,0.9768305109495515,105.0,92,-76.01883135859947,-76.31131278046128,0.012483805258036674,ok,9.94
1.1891257633877539,1.1079297093491922,105.0,92,-75.99877267511805,-76.29727073555071,0.013711841753491662,ok,9.7
1.1891257633877539,1.1891257633877539,105.0,92,-75.97952522121201,-76.28196416739823,0.014613512130475098,ok,9.39
1.286113197827046,0.6809285230878754,105.0,92,-75.84552273701031,-76.13088423861873,0.012002957631583044,ok,9.35
1.286113197827046,0.7138970767665203,105.0,92,-75.89070901329589,-76.17715938977753,0.012123011107067335,ok,9.44
1.286113197827046,0.65,105.0,92,-75.79067712463726,-76.0750837888738,0.01190668653298545,ok,10.56
1.286113197827046,0.7491939040506499,105.0,92,-75.92692978474952,-76.21461927415162,0.012271384749402701,ok,9.61
1.286113197827046,0.7871730137334912,105.0,92,-75.95480720648305,-76.24390745523486,0.012453946690372197,ok,9.47
1.286113197827046,0.8730626691931039,105.0,92,-75.98768407063942,-76.28023805691609,0.012954874260256452,ok,9.43
1.286113197827046,0.8282758463094337,105.0,92,-75.97489567143502,-76.2656059009676,0.012678383342520774,ok,9.67
1.286113197827046,0.9222594660307525,105.0,92,-75.99359445210416,-76.28826849993763,0.013297046055071643,ok,9.62
1.286113197827046,1.0380956121167133,105.0,92,-75.9860816115958,-76.28605670692028,0.014259559664990862,ok,9.56
1.286113197827046,0.9768305109495515,105.0,92,-75.99297453252194,-76.29009816831893,0.01372337497791179,ok,9.69
1.286113197827046,1.1079297093491922,105.0,92,-75.97305640151009,-76.27639683483714,0.014943069999078554,ok,9.65
1.286113197827046,1.286113197827046,105.0,92,-75.92831954978797,-76.24086271465457,0.017030144854685937,ok,9.54
1.286113197827046,1.1891257633877539,105.0,92,-75.95388334515349,-76.26129552264715,0.01583267165110393,ok,9.86
1.4065542823824804,0.65,105.0,92,-75.75703421069912,-76.04733758469195,0.013672455428738817,ok,10.04
1.4065542823824804,0.7138970767665203,105.0,92,-75.8572489716459,-76.14964832926732,0.013892939560895485,ok,9.97
1.4065542823824804,0.6809285230878754,105.0,92,-75.8119718413749,-76.1032532794493,0.013770267269283324,ok,10.08
1.4065542823824804,0.7491939040506499,105.0,92,-75.89355949171683,-76.1872335234395,0.014044802815936853,ok,10.19
1.4065542823824804,0.7871730137334912,105.0,92,-75.92152568769839,-76.21665350450067,0.014231446277094587,ok,10.65
1.4065542823824804,0.8730626691931039,105.0,92,-75.95457814628786,-76.25327349264894,0.014740232414554244,ok,9.35
1.4065542823824804,0.9222594660307525,105.0,92,-75.96057599559366,-76.26146571895904,0.01508460313808622,ok,9.57
1.4065542823824804,0.8282758463094337,105.0,92,-75.94170217341575,-76.23849171500949,0.014460078763605529,ok,10.28
1.4065542823824804,1.0380956121167133,105.0,92,-75.95323848942839,-76.25962501135069,0.016041510154965136,ok,9.84
1.4065542823824804,0.9768305109495515,105.0,92,-75.9600436885909,-76.26347200265562,0.015510384217067033,ok,10.14
1.4065542823824804,1.1891257633877539,105.0,92,-75.92121331903736,-76.23532135541149,0.017579590819009536,ok,9.43
1.4065542823824804,1.1079297093491922,105.0,92,-75.94030059526376,-76.25018100194737,0.0167129239466211,ok,9.83
1.4065542823824804,1.286113197827046,105.0,92,-75.89573188491072,-76.21516173653669,0.018736795734283503,ok,10.05
1.5655363404087876,0.6809285230878754,105.0,92,-75.76970121514569,-76.07007569929964,0.016802912648680866,ok,9.67
1.5655363404087876,0.7138970767665203,105.0,92,-75.81509060989464,-76.11661373330149,0.01690331105892918,ok,10.1
1.5655363404087876,0.65,105.0,92,-75.71465227953527,-76.0140249054971,0.016729474985359736,ok,10.39
1.4065542823824804,1.4065542823824804,105.0,92,-75.86322025256442,-76.18977313628739,0.02037269758684114,high_t1,10.99
1.5655363404087876,0.8282758463094337,105.0,92,-75.89988486677086,-76.20594169876769,0.01741373641750783,ok,10.18
1.5655363404087876,0.7871730137334912,105.0,92,-75.87959411558172,-76.18393154832792,0.017202763186897833,ok,10.43
1.5655363404087876,0.7491939040506499,105.0,92,-75.85151419606608,-76.15435047786178,0.017034847622139426,ok,10.56
1.5655363404087876,0.9222594660307525,105.0,92,-75.91898827181757,-76.22929923482799,0.01800207161324777,ok,10.2
1.5655363404087876,1.0380956121167133,105.0,92,-75.91187803210937,-76.22790971744936,0.01890898919913929,ok,9.95
1.5655363404087876,0.8730626691931039,105.0,92,-75.91287553262956,-76.22090795693816,0.01767639643316171,ok,10.52
1.5655363404087876,0.9768305109495515,105.0,92,-75.91857045594757,-76.23152142399611,0.01840594256144747,ok,10.47
1.5655363404087876,1.1079297093491922,105.0,92,-75.89904880075113,-76.21872340785188,0.019541800371748137,ok,10.82
1.5655363404087876,1.286113197827046,105.0,92,-75.85466803425939,-76.18430599291793,0.021425824606017628,high_t1,10.79
1.5655363404087876,1.1891257633877539,105.0,92,-75.88006227575,-76.20414808262711,0.02035265277419479,high_t1,10.9
1.8,0.65,105.0,92,-75.65988846437602,-75.9760645336007,0.023430253051227923,high_t1,11.85
1.5655363404087876,1.4065542823824804,105.0,92,-75.82222166736338,-76.15927964232611,0.022929676087008837,high_t1,12.18
1.8,0.7138970767665203,105.0,92,-75.7606012668357,-76.07895034500075,0.02333544701757793,high_t1,11.98
1.8,0.6809285230878754,105.0,92,-75.71507262395045,-76.0322576224415,0.023368316051784237,high_t1,12.21
1.8,0.7491939040506499,105.0,92,-75.7971677806432,-76.11685476426294,0.023336071701315794,high_t1,11.95
1.8,0.7871730137334912,105.0,92,-75.82539392508338,-76.14661729414829,0.023375548654236914,high_t1,11.85
1.8,0.8282758463094337,105.0,92,-75.84583374818324,-76.16882373660486,0.02346042884179255,high_t1,11.71
1.5655363404087876,1.5655363404087876,105.0,92,-75.781253575629,-76.12921694301959,0.025265558332823138,high_t1,14.06
1.8,1.0380956121167133,105.0,92,-75.8584296724878,-76.19175399843205,0.024453874549604543,high_t1,10.83
1.8,0.9222594660307525,105.0,92,-75.86524081936545,-76.19262373731624,0.023801020568175884,high_t1,11.61
1.8,0.9768305109495515,105.0,92,-75.86497457294486,-76.1950952274315,0.02408019009165697,high_t1,11.5
1.8,0.8730626691931039,105.0,92,-75.85897569087757,-76.18400241632844,0.023598836464820437,high_t1,12.12
0.65,0.65,115.0,92,-75.66482709576202,-75.92580818733168,0.0064126730769497155,ok,8.71
0.6809285230878754,0.65,115.0,92,-75.71861707124633,-75.98041252320117,0.006528550648292099,ok,8.78
1.8,1.1891257633877539,105.0,92,-75.82687432407889,-76.16861035336734,0.025596922247151963,high_t1,11.5
1.8,1.1079297093491922,105.0,92,-75.84573890896498,-76.18286212270472,0.024946763351815997,high_t1,11.85
0.7138970767665203,0.65,115.0,92,-75.76275505712348,-76.02546750681739,0.006670798890374112,ok,8.56
0.6809285230878754,0.6809285230878754,115.0,92,-75.77248819904533,-76.03509868447684,0.006640788539681912,ok,8.68
1.8,1.286113197827046,105.0,92,-75.80157436348301,-76.14913190018588,0.02647097216463741,high_t1,12.25
0.7138970767665203,0.6809285230878754,115.0,92,-75.81670388148756,-76.08023332575266,0.00677919392559608,ok,8.7
0.7138970767665203,0.7138970767665203,115.0,92,-75.860993957909,-76.12544569973869,0.006913517000108764,ok,8.09
1.8,1.5655363404087876,105.0,92,-75.72818663312684,-76.09503920934746,0.0296407148301355,high_t1,11.4
1.8,1.4065542823824804,105.0,92,-75.7691775550278,-76.1245352408821,0.027705574912718058,high_t1,12.1
0.7491939040506499,0.6809285230878754,115.0,92,-75.85194722803757,-76.11651274947926,0.006948457063680481,ok,8.58
0.7491939040506499,0.65,115.0,92,-75.79792336223097,-76.06166857050917,0.006844066036475722,ok,8.78
1.8,1.8,105.0,92,-75.67497842943096,-76.06181414341405,0.03334990269263912,high_t1,11.43
0.7491939040506499,0.7138970767665203,115.0,92,-75.89630918930166,-76.16180178205519,0.00707849939152823,ok,8.38
0.7871730137334912,0.65,115.0,92,-75.82473096046363,-76.0896424379784,0.007054048033964226,ok,7.62
0.7871730137334912,0.6809285230878754,115.0,92,-75.87882808876209,-76.14456458327635,0.0071543489850501045,ok,7.83
0.7491939040506499,0.7491939040506499,115.0,92,-75.93169395879687,-76.19823368525655,0.007238965396750085,ok,8.15
0.7871730137334912,0.7491939040506499,115.0,92,-75.95871322549706,-76.22643796959711,0.00743578246442172,ok,8.11
0.7871730137334912,0.7138970767665203,115.0,92,-75.92326031917867,-76.18993011224124,0.007279989358392538,ok,8.23
0.7871730137334912,0.7871730137334912,115.0,92,-75.98579952933808,-76.25471875251098,0.007627738851806171,ok,8.2
0.8282758463094337,0.7138970767665203,115.0,92,-75.9423892868478,-76.21039555973772,0.007525287116530326,ok,8.14
0.8282758463094337,0.65,115.0,92,-75.84371788224247,-76.10995210398963,0.0073077926536162735,ok,8.73
0.8282758463094337,0.6809285230878754,115.0,92,-75.89788742097116,-76.16495272785107,0.007404038697373902,ok,8.84
0.8282758463094337,0.7491939040506499,115.0,92,-75.97791000162292,-76.24698058889857,0.007676389076117518,ok,8.31
0.8282758463094337,0.7871730137334912,115.0,92,-76.00506342912682,-76.27533966276744,0.007863443175423118,ok,8.7
0.8282758463094337,0.8282758463094337,115.0,92,-76.02439506508975,-76.29604141336961,0.008094190465135037,ok,8.97
0.8730626691931039,0.6809285230878754,115.0,92,-75.90960034341452,-76.17818064502625,0.007706524219366127,ok,9.2
0.8730626691931039,0.8730626691931039,115.0,92,-76.04844700228833,-76.32323788875229,0.008658416671297029,ok,8.32
0.8730626691931039,0.7871730137334912,115.0,92,-76.01698352105075,-76.28880780900636,0.008152556563731487,ok,8.79
0.8730626691931039,0.65,115.0,92,-75.85535831075975,-76.1231001370515,0.007614117167690289,ok,9.52
0.8730626691931039,0.7138970767665203,115.0,92,-75.95417224936024,-76.22370261271095,0.007823587852608987,ok,9.41
0.8730626691931039,0.7491939040506499,115.0,92,-75.98976160494794,-76.26036724406782,0.00797020209014943,ok,9.27
0.8730626691931039,0.8282758463094337,115.0,92,-76.03638486908318,-76.30959454457658,0.008378559840000249,ok,9.49
0.9222594660307525,0.8282758463094337,115.0,92,-76.04144632752897,-76.31644764010255,0.008729441719471372,ok,8.08
0.9222594660307525,0.65,115.0,92,-75.8600596725913,-76.12952804458146,0.007984316933790803,ok,9.1
0.9222594660307525,0.7491939040506499,115.0,92,-75.99467881587262,-76.2670431077256,0.008329343921252301,ok,8.97
0.9222594660307525,0.8730626691931039,115.0,92,-76.05358474066024,-76.33018829729122,0.0090055186504672,ok,8.21
0.9222594660307525,0.6809285230878754,115.0,92,-75.91437525958553,-76.18469083511252,0.008073346850717407,ok,9.3
0.9222594660307525,0.9222594660307525,115.0,92,-76.0588032486117,-76.33724440215217,0.009349692203450591,ok,8.14
0.9222594660307525,0.7138970767665203,115.0,92,-75.95901873413146,-76.23029499997692,0.008186713731263666,ok,9.46
0.9222594660307525,0.7871730137334912,115.0,92,-76.02197192504923,-76.29556999822371,0.008507560994220486,ok,9.19
0.9768305109495515,0.7491939040506499,115.0,92,-75.99299796483983,-76.26738766858682,0.008769995586085102,ok,7.88
0.9768305109495515,0.7871730137334912,115.0,92,-76.02036646396405,-76.29600775532536,0.008945171905168567,ok,7.83
0.9768305109495515,0.6809285230878754,115.0,92,-75.91254564734443,-76.18485921845298,0.00851972691882363,ok,9.13
0.9768305109495515,0.65,115.0,92,-75.8581542270859,-76.12961035841185,0.008433225841872295,ok,9.17
0.9768305109495515,0.8282758463094337,115.0,92,-76.03991870504635,-76.31698433349159,0.009164159140380813,ok,8.01
0.9768305109495515,0.7138970767665203,115.0,92,-75.9572635979702,-76.23055031405904,0.008630317988434786,ok,9.19
0.9768305109495515,0.8730626691931039,115.0,92,-76.05213869841137,-76.33083158677057,0.009437831026341135,ok,6.92
1.0380956121167133,0.6809285230878754,115.0,92,-75.90435254224855,-76.17898668921929,0.009067048427908404,ok,7.11
1.0380956121167133,0.65,115.0,92,-75.84988132338697,-76.1236459202943,0.00898172390290489,ok,7.6
1.0380956121167133,0.7138970767665203,115.0,92,-75.94914969064206,-76.2247717788242,0.009176375234617746,ok,7.42
0.9768305109495515,0.9222594660307525,115.0,92,-76.05744372843456,-76.33800401027958,0.009780689861724336,ok,8.98
1.0380956121167133,0.7491939040506499,115.0,92,-75.98496375123227,-76.26170664485683,0.009314775766056256,ok,7.54
0.9768305109495515,0.9768305109495515,115.0,92,-76.05617690341326,-76.33889210108394,0.01021233914723141,ok,8.89
1.0380956121167133,0.7871730137334912,115.0,92,-76.01241364058687,-76.29042939494674,0.009488802512065684,ok,7.78
1.1079297093491922,0.65,115.0,92,-75.83536133162403,-76.11185280440426,0.009662765044114716,ok,7.88
1.0380956121167133,0.8282758463094337,115.0,92,-76.03205020966418,-76.3115155797435,0.009706994136782702,ok,9.27
1.0380956121167133,0.8730626691931039,115.0,92,-76.04435868406959,-76.32548140253324,0.009980698565968235,ok,9.06
1.1079297093491922,0.6809285230878754,115.0,92,-75.88991841894043,-76.16729398870748,0.009748871519995312,ok,9.52
1.0380956121167133,0.9768305109495515,115.0,92,-76.04859112699842,-76.33381533675362,0.010760578485802499,ok,9.81
1.0380956121167133,0.9222594660307525,115.0,92,-76.0497575282539,-76.33278360979067,0.010325019214531534,ok,9.94
1.0380956121167133,1.0380956121167133,115.0,92,-76.04111401874556,-76.32889936266976,0.011316598867020404,ok,9.94
1.1079297093491922,0.7138970767665203,115.0,92,-75.93480167289937,-76.21318304780776,0.009859197133142735,ok,9.71
1.1079297093491922,0.8282758463094337,115.0,92,-76.01797193249058,-76.30027461151566,0.010395458728226918,ok,9.36
1.1079297093491922,0.7491939040506499,115.0,92,-75.97070302864358,-76.25022676885146,0.009998891098145002,ok,9.76
1.1079297093491922,0.7871730137334912,115.0,92,-75.99824245701589,-76.27906482803179,0.01017469054794579,ok,9.77
1.1079297093491922,0.8730626691931039,115.0,92,-76.03037784222602,-76.31437441726459,0.010672982072793387,ok,9.88
1.1079297093491922,0.9768305109495515,115.0,92,-76.03482374713727,-76.32301791642914,0.011467621998614206,ok,10.08
1.1079297093491922,0.9222594660307525,115.0,92,-76.03587986238739,-76.32182348720067,0.011023124405621079,ok,10.2
1.1079297093491922,1.1079297093491922,115.0,92,-76.01394751289445,-76.30787466004028,0.012778374601419411,ok,9.89
1.1079297093491922,1.0380956121167133,115.0,92,-76.02746574083447,-76.31828406020725,0.012037273437960103,ok,10.06
1.1891257633877539,0.65,115.0,92,-75.81455913833335,-76.09437199498747,0.010536972523201488,ok,10.13
1.1891257633877539,0.6809285230878754,115.0,92,-75.86921039829703,-76.14992532594168,0.010626539836958677,ok,10.07
1.1891257633877539,0.8282758463094337,115.0,92,-75.99766052009443,-76.28342061217748,0.011295367439504435,ok,9.95
1.1891257633877539,0.7871730137334912,115.0,92,-75.97782710534786,-76.26206916534798,0.011067264075746638,ok,10.1
1.1891257633877539,0.7491939040506499,115.0,92,-75.9501875893896,-76.23309929631196,0.010885532672139866,ok,10.18
1.1891257633877539,0.7138970767665203,115.0,92,-75.9141889773528,-76.19593174825309,0.01074094899220126,ok,10.21
1.1891257633877539,0.8730626691931039,115.0,92,-76.0101753566013,-76.29767422147603,0.01158217663949938,ok,9.92
1.1891257633877539,0.9222594660307525,115.0,92,-76.01579255345278,-76.30529198391119,0.011944372537201714,ok,9.84
1.1891257633877539,1.1079297093491922,115.0,92,-75.99425866868796,-76.29197374557663,0.013766831107428113,ok,9.43
1.1891257633877539,1.0380956121167133,115.0,92,-76.00763350215986,-76.30214810717608,0.012996206879534346,ok,9.55
1.1891257633877539,0.9768305109495515,115.0,92,-76.01485930037332,-76.30667323693392,0.01240488778573115,ok,10.28
1.286113197827046,0.65,115.0,92,-75.78721891051181,-76.07128333518543,0.01173805532307363,ok,9.31
1.1891257633877539,1.1891257633877539,115.0,92,-75.97472618121694,-76.27633940356323,0.014795034772266052,ok,10.0
1.286113197827046,0.6809285230878754,115.0,92,-75.84197481699626,-76.12696429796415,0.011833258758364742,ok,9.78
1.286113197827046,0.7138970767665203,115.0,92,-75.88706024418836,-76.1731055743637,0.011954686104778614,ok,10.1
1.286113197827046,0.7871730137334912,115.0,92,-75.9509212766991,-76.2395393606936,0.012300077628883542,ok,9.53
1.286113197827046,0.7491939040506499,115.0,92,-75.92316851964135,-76.21041635775603,0.01210787296642889,ok,10.36
1.286113197827046,0.8730626691931039,115.0,92,-75.98351065053272,-76.27548874025902,0.012843339166952895,ok,9.25
1.286113197827046,1.1079297093491922,115.0,92,-75.96816983285812,-76.27071460688641,0.015141640865554062,ok,9.27
1.286113197827046,0.9222594660307525,115.0,92,-75.9892581010885,-76.28330313080708,0.013224818840436458,ok,10.12
1.286113197827046,0.9768305109495515,115.0,92,-75.98846335584795,-76.28490172135763,0.013709493756574107,ok,10.0
1.286113197827046,0.8282758463094337,115.0,92,-75.97087244337621,-76.26105580403544,0.012540929226803981,ok,10.41
1.286113197827046,1.1891257633877539,115.0,92,-75.94880786577538,-76.25538439352643,0.01622050596414787,ok,9.5
1.286113197827046,1.0380956121167133,115.0,92,-75.98138569583662,-76.28061841850707,0.014331529018219085,ok,9.78
1.286113197827046,1.286113197827046,115.0,92,-75.92307125934704,-76.2347725019046,0.017708562388698015,ok,9.54
1.4065542823824804,0.7491939040506499,115.0,92,-75.88902420953458,-76.1822582132589,0.01399697894543468,ok,9.66
1.4065542823824804,0.6809285230878754,115.0,92,-75.80758515032194,-76.09848113927157,0.013711518636844335,ok,9.91
1.4065542823824804,0.7138970767665203,115.0,92,-75.85279127472569,-76.1447795047882,0.013837068021201826,ok,9.82
1.4065542823824804,0.65,115.0,92,-75.75271203359635,-76.04265277239631,0.013614564993613352,ok,10.38
1.4065542823824804,0.7871730137334912,115.0,92,-75.9169062262489,-76.21156154286577,0.014198800610596972,ok,10.06
1.4065542823824804,0.8730626691931039,115.0,92,-75.94977141329933,-76.24791752778778,0.014771560054519598,ok,9.8
1.4065542823824804,1.0380956121167133,115.0,92,-75.9481188514216,-76.25381647414186,0.01634042317251045,ok,9.58
1.4065542823824804,0.8282758463094337,115.0,92,-75.9369920817973,-76.23327277251471,0.014452529692444245,ok,10.0
1.4065542823824804,0.9222594660307525,115.0,92,-75.9556675263826,-76.25596379296917,0.015174071100213979,ok,9.9
1.4065542823824804,0.9768305109495515,115.0,92,-75.95503001055218,-76.25781763613661,0.015685158462120548,ok,10.23
1.4065542823824804,1.1079297093491922,115.0,92,-75.93507885158674,-76.24422545708107,0.017192633958013955,ok,10.41
1.4065542823824804,1.1891257633877539,115.0,92,-75.91590121088007,-76.22924288817731,0.01832489202447154,ok,10.06
1.4065542823824804,1.286113197827046,115.0,92,-75.89035477750434,-76.20901804015769,0.01987954529434413,ok,9.36
1.4065542823824804,1.4065542823824804,115.0,92,-75.8578283060818,-76.1836938825417,0.022125721280667535,high_t1,10.23
1.5655363404087876,0.6809285230878754,115.0,92,-75.76463881989629,-76.06473343198617,0.017255976349771704,ok,9.97
1.5655363404087876,0.65,115.0,92,-75.70963373822264,-76.00873575814335,0.01719113859426385,ok,10.51
1.5655363404087876,0.7138970767665203,115.0,92,-75.80998210521031,-76.11121407128273,0.017352386650829065,ok,10.05
1.5655363404087876,0.7871730137334912,115.0,92,-75.87438847124695,-76.17840470749897,0.017665605108751148,ok,9.72
1.5655363404087876,0.7491939040506499,115.0,92,-75.84635774199955,-76.14888921195966,0.01748634594025046,ok,10.44
1.5655363404087876,0.8282758463094337,115.0,92,-75.89462964781814,-76.20034583437038,0.017900343814866177,ok,10.22
1.5655363404087876,0.8730626691931039,115.0,92,-75.90757157085433,-76.21524061105511,0.018204179097611302,ok,10.67
1.5655363404087876,0.9768305109495515,115.0,92,-75.91317901055454,-76.22571193708612,0.01909966951133992,ok,10.75
1.5655363404087876,1.0380956121167133,115.0,92,-75.90645371049798,-76.22203753781446,0.019753253859469643,ok,10.18
1.5655363404087876,0.9222594660307525,115.0,92,-75.91363810421211,-76.223559695481,0.018595439522865628,ok,11.01
1.5655363404087876,1.1891257633877539,115.0,92,-75.87462174417524,-76.19821437153095,0.02175810297224326,high_t1,10.78
1.5655363404087876,1.1079297093491922,115.0,92,-75.89360532371906,-76.21280452560107,0.020610697400165672,high_t1,11.29
1.5655363404087876,1.286113197827046,115.0,92,-75.84926592295484,-76.178420005038,0.023342862970909765,high_t1,11.35
1.8,0.65,115.0,92,-75.65459301458803,-75.97110716267385,0.025513676493768237,high_t1,12.18
1.5655363404087876,1.4065542823824804,115.0,92,-75.81691596829837,-76.15356889775522,0.025641832747750164,high_t1,12.62
1.5655363404087876,1.5655363404087876,115.0,92,-75.77614555596824,-76.12396658135168,0.029242432409749813,high_t1,12.7
0.65,0.65,125.0,92,-75.66438714565619,-75.92561720684117,0.006420790441558304,ok,7.65
1.8,0.8282758463094337,115.0,92,-75.84041468610415,-76.16377769474713,0.025367084847560624,high_t1,11.89
1.8,0.7871730137334912,115.0,92,-75.81999324084293,-76.14158559833919,0.025303620976113682,high_t1,12.06
1.8,0.6809285230878754,115.0,92,-75.70974814712773,-76.0272804233024,0.02540775792007622,high_t1,12.4
1.8,0.7138970767665203,115.0,92,-75.75524901594186,-76.07395382005677,0.025333030574963604,high_t1,12.46
1.8,0.9222594660307525,115.0,92,-75.85980509793426,-76.1875620952261,0.025719431554471622,high_t1,11.77
1.8,0.7491939040506499,115.0,92,-75.79178979381516,-76.11183986581646,0.025295682194678176,high_t1,12.82
1.8,0.8730626691931039,115.0,92,-75.8535442269184,-76.1789457532261,0.025499593770051183,high_t1,12.1
1.8,1.0380956121167133,115.0,92,-75.85302265196044,-76.18671291268443,0.026534031654208454,high_t1,11.96
1.8,0.9768305109495515,115.0,92,-75.85954564545602,-76.19003721536053,0.026052039090270342,high_t1,12.23
0.6809285230878754,0.65,125.0,92,-75.7178300955072,-75.9798689414003,0.006535426721464208,ok,9.16
1.8,1.1079297093491922,115.0,92,-75.84037483176672,-76.17785895438122,0.027220987954513713,high_t1,11.8
0.7138970767665203,0.65,125.0,92,-75.76158180040757,-76.02453175526908,0.006675837055728078,ok,8.58
0.6809285230878754,0.6809285230878754,125.0,92,-75.77137188958267,-76.03421737675005,0.006646527000078681,ok,8.7
1.8,1.1891257633877539,115.0,92,-75.82158307774087,-76.1636794075142,0.02820289665352041,high_t1,12.43
1.8,1.4065542823824804,115.0,92,-75.76418381114682,-76.11998152675837,0.03184825238377297,high_t1,12.33
1.8,1.286113197827046,115.0,92,-75.79639931516068,-76.14433276047644,0.029639349348943356,high_t1,13.34
0.7138970767665203,0.7138970767665203,125.0,92,-75.85916050531037,-76.12382648636091,0.006915631984891985,ok,7.91
0.7138970767665203,0.6809285230878754,125.0,92,-75.81521952145216,-76.07897512953966,0.006783112037511163,ok,8.71
1.8,1.8,115.0,92,-75.67075476161565,-76.05893964626776,0.04291952587827092,high_t1,12.45
1.8,1.5655363404087876,115.0,92,-75.72347936943915,-76.09098167684557,0.035567360039640165,high_t1,13.13
0.7491939040506499,0.7138970767665203,125.0,92,-75.89408550497643,-76.15977959288634,0.007077804405427784,ok,8.77
0.7491939040506499,0.65,125.0,92,-75.79632107064764,-76.06029716735193,0.006846286834049539,ok,9.08
0.7491939040506499,0.6809285230878754,125.0,92,-75.85005274487355,-76.11483484126423,0.006949555270516482,ok,9.09
0.7871730137334912,0.6809285230878754,125.0,92,-75.87647776804901,-76.14242019687697,0.00715120023986361,ok,8.57
0.7491939040506499,0.7491939040506499,125.0,92,-75.9291011848866,-76.19582637502079,0.007235482046960666,ok,9.32
0.7871730137334912,0.65,125.0,92,-75.82265299814581,-76.0877876405628,0.007052054465790711,ok,9.32
0.7871730137334912,0.7138970767665203,125.0,92,-75.92060193821806,-76.18745942032115,0.007275042819947025,ok,8.86
0.7871730137334912,0.7491939040506499,125.0,92,-75.95570853016216,-76.22360154881896,0.0074280791737654965,ok,9.31
0.7871730137334912,0.7871730137334912,125.0,92,-75.98240774727934,-76.2514744807813,0.0076158951010616245,ok,9.39
0.8282758463094337,0.65,125.0,92,-75.84111390717132,-76.10756210455253,0.007299630106891389,ok,9.75
0.8282758463094337,0.7871730137334912,125.0,92,-76.00124168498661,-76.27164303436074,0.00784552319642572,ok,9.16
0.8282758463094337,0.7138970767665203,125.0,92,-75.93924873870924,-76.20742752840026,0.007514065410772463,ok,9.37
0.8282758463094337,0.7491939040506499,125.0,92,-75.9744479891928,-76.24366821783326,0.007662458464911568,ok,9.36
0.8730626691931039,0.65,125.0,92,-75.8521755788392,-76.120120303883,0.00759712919285629,ok,8.87
0.8282758463094337,0.6809285230878754,125.0,92,-75.89503215445536,-76.16229137681815,0.007394641879730737,ok,9.51
0.8730626691931039,0.6809285230878754,125.0,92,-75.90618889108457,-76.174949263037,0.007688157189960958,ok,8.78
0.8730626691931039,0.8730626691931039,125.0,92,-76.0433819337012,-76.31820879177302,0.008619262136505315,ok,8.27
0.8282758463094337,0.8282758463094337,125.0,92,-76.02017365619515,-76.2919186594299,0.008070492775340811,ok,9.28
0.8730626691931039,0.7138970767665203,125.0,92,-75.95050026488937,-76.22018614356365,0.007803339028316888,ok,8.91
0.8730626691931039,0.7491939040506499,125.0,92,-75.98579544569158,-76.2565301689935,0.007947313048931036,ok,8.94
0.9222594660307525,0.65,125.0,92,-75.85624579611762,-76.12590341725137,0.0079550558924995,ok,8.91
0.8730626691931039,0.8282758463094337,125.0,92,-76.03172308991495,-76.30500250390797,0.008346672935184816,ok,9.34
0.8730626691931039,0.7871730137334912,125.0,92,-76.01268786145181,-76.2846127447505,0.008125930297266987,ok,9.43
0.9222594660307525,0.6809285230878754,125.0,92,-75.91035677797177,-76.18083600235032,0.008042491501836042,ok,8.82
0.9222594660307525,0.7138970767665203,125.0,92,-75.95476652000494,-76.22617867416768,0.008153893833406796,ok,8.25
0.9222594660307525,0.8282758463094337,125.0,92,-76.0363040964631,-76.31134296843767,0.008686365855419285,ok,7.77
0.9222594660307525,0.7491939040506499,125.0,92,-75.99016224189435,-76.26263232199169,0.00829401443983944,ok,8.71
0.9222594660307525,0.8730626691931039,125.0,92,-76.04807977624816,-76.32468183600139,0.008956654783768751,ok,7.73
0.9222594660307525,0.7871730137334912,125.0,92,-76.01715901701516,-76.2908302203937,0.008468902025794742,ok,9.25
0.9768305109495515,0.6809285230878754,125.0,92,-75.90787302530588,-76.18033002454919,0.008472061104237144,ok,7.46
0.9222594660307525,0.9222594660307525,125.0,92,-76.05290260160038,-76.33129894997725,0.009293512351762144,ok,8.83
0.9768305109495515,0.7138970767665203,125.0,92,-75.9523857869449,-76.2257849427713,0.00858061241730629,ok,8.14
0.9768305109495515,0.65,125.0,92,-75.85366085687849,-76.12528880105442,0.008387436883154274,ok,8.5
0.9768305109495515,0.8282758463094337,125.0,92,-76.03425829640551,-76.31132508209954,0.00910650723455936,ok,7.05
0.9768305109495515,0.7871730137334912,125.0,92,-76.01499571662612,-76.29067866366,0.008890553935816368,ok,7.79
0.9768305109495515,0.7491939040506499,125.0,92,-75.98788780834079,-76.26235611872892,0.008718003917428482,ok,9.39
0.9768305109495515,0.8730626691931039,125.0,92,-76.04615920228964,-76.32480858924863,0.009376761820763175,ok,8.7
1.0380956121167133,0.7138970767665203,125.0,92,-75.94360746936574,-76.21931326311291,0.00910555133907447,ok,8.18
1.0380956121167133,0.6809285230878754,125.0,92,-75.89898584806883,-76.17373775181038,0.008998241153714514,ok,8.28
0.9768305109495515,0.9222594660307525,125.0,92,-76.05111609151851,-76.33158339825613,0.009716141807635059,ok,9.15
1.0380956121167133,1.0380956121167133,125.0,92,-76.03366943132423,-76.32118230639897,0.011267655654197257,ok,8.13
1.0380956121167133,0.7491939040506499,125.0,92,-75.9792227236394,-76.25601192260928,0.00924217370310366,ok,8.58
0.9768305109495515,0.9768305109495515,125.0,92,-76.0494735147776,-76.33204102393547,0.010145413256205153,ok,9.6
1.0380956121167133,0.65,125.0,92,-75.84466785998124,-76.11858122993016,0.008915098406767765,ok,9.63
1.0380956121167133,0.8282758463094337,125.0,92,-76.02583838971779,-76.30526359208112,0.009632206910039931,ok,9.51
1.0380956121167133,0.9222594660307525,125.0,92,-76.04297503985336,-76.32585518045417,0.010253135456206559,ok,9.38
1.0380956121167133,0.8730626691931039,125.0,92,-76.03787390919501,-76.31890627971383,0.009906279583026666,ok,9.56
1.1079297093491922,0.65,125.0,92,-75.82939921793046,-76.10600845570717,0.009573515780071222,ok,9.62
1.0380956121167133,0.7871730137334912,125.0,92,-76.00644964047042,-76.28447056265726,0.009414770987586193,ok,10.13
1.0380956121167133,0.9768305109495515,125.0,92,-76.0414876064861,-76.32650477429048,0.01069556984577612,ok,9.96
1.1079297093491922,0.6809285230878754,125.0,92,-75.88382909346626,-76.16128935476688,0.009657324866433496,ok,9.54
1.1079297093491922,0.7138970767665203,125.0,92,-75.92856682974877,-76.20699639118585,0.009765995246409592,ok,9.72
1.1079297093491922,0.8730626691931039,125.0,92,-76.02336447536571,-76.30721985148628,0.01058949471543184,ok,9.44
1.1079297093491922,0.7871730137334912,125.0,92,-75.99165869382651,-76.27244429021427,0.01008164870071582,ok,10.01
1.1079297093491922,0.7491939040506499,125.0,92,-75.96430360270836,-76.24383519734674,0.009905028770157923,ok,10.43
1.1079297093491922,0.8282758463094337,125.0,92,-76.01118356689692,-76.29339998622888,0.0103054713798696,ok,9.82
1.1079297093491922,0.9768305109495515,125.0,92,-76.02730250774216,-76.31522819084199,0.011417211356029163,ok,9.85
1.1079297093491922,0.9222594660307525,125.0,92,-76.02862164385365,-76.314363253271,0.01095162118726571,ok,9.98
1.1079297093491922,1.0380956121167133,125.0,92,-76.01966692083867,-76.31014623922898,0.012023908131618492,ok,9.66
1.1079297093491922,1.1079297093491922,125.0,92,-76.00586373209428,-76.29938146375476,0.012831505262132208,ok,9.96
1.1891257633877539,0.65,125.0,92,-75.80783940543535,-76.08772849787223,0.010435177149883316,ok,10.09
1.1891257633877539,0.7138970767665203,125.0,92,-75.90725137206506,-76.18899905415006,0.01063684083370125,ok,10.03
1.1891257633877539,0.7491939040506499,125.0,92,-75.94311941983892,-76.22599434568761,0.010783230259814699,ok,9.99
1.1891257633877539,0.7871730137334912,125.0,92,-75.97061335403905,-76.25477221517245,0.010969964471891877,ok,9.85
1.1891257633877539,0.6809285230878754,125.0,92,-75.8623887707195,-76.14314612012043,0.010522828335331283,ok,10.7
1.1891257633877539,0.8282758463094337,125.0,92,-75.99028593424646,-76.27591109321635,0.011207736179780594,ok,8.92
1.1891257633877539,0.8730626691931039,125.0,92,-76.00262486655825,-76.28993120348525,0.01151109605464991,ok,9.89
1.1891257633877539,0.9222594660307525,125.0,92,-76.00805203065423,-76.29729522521696,0.011900172608958015,ok,9.93
1.1891257633877539,1.1079297093491922,125.0,92,-75.98589651644458,-76.28314107120391,0.013944688747350928,ok,9.76
1.1891257633877539,1.1891257633877539,125.0,92,-75.96616811441224,-76.26725005719172,0.015159782049811568,ok,9.76
1.1891257633877539,1.0380956121167133,125.0,92,-75.99948122677534,-76.2935972906474,0.013063084272175405,ok,10.38
1.1891257633877539,0.9768305109495515,125.0,92,-76.00691679137874,-76.29840516769885,0.012403493321538414,ok,10.59
1.286113197827046,0.65,125.0,92,-75.77976747881691,-76.06385694951403,0.011677711078619772,ok,10.63
1.286113197827046,0.6809285230878754,125.0,92,-75.83444535503781,-76.11942803094911,0.01177265081702647,ok,10.45
1.286113197827046,0.7138970767665203,125.0,92,-75.87944300762112,-76.165445968027,0.011896730530211796,ok,10.51
1.286113197827046,0.7491939040506499,125.0,92,-75.91545359665582,-76.20261926548203,0.012056678842618658,ok,10.63
1.286113197827046,0.7871730137334912,125.0,92,-75.94309870557089,-76.23159001695409,0.012261455467437373,ok,10.57
1.286113197827046,0.9222594660307525,125.0,92,-75.9810577193363,-76.27480839255304,0.013289374464845242,ok,10.03
1.286113197827046,0.9768305109495515,125.0,92,-75.98012439000563,-76.27620130184144,0.013848953701400572,ok,10.11
1.286113197827046,0.8730626691931039,125.0,92,-75.97544422195251,-76.26718973510371,0.012858172598847487,ok,10.52
1.286113197827046,0.8282758463094337,125.0,92,-75.9629324691509,-76.25293907570207,0.012523131306369596,ok,10.8
1.286113197827046,1.0380956121167133,125.0,92,-75.97290840721196,-76.2717093388408,0.014583963092848096,ok,10.29
1.4065542823824804,0.65,125.0,92,-75.74462244823471,-76.03455235141494,0.013805333504848699,ok,9.73
1.286113197827046,1.1891257633877539,125.0,92,-75.9400937800072,-76.24611342546201,0.016916177140564467,ok,10.21
1.286113197827046,1.286113197827046,125.0,92,-75.91429788873856,-76.22542363264209,0.01884517021472844,ok,10.05
1.286113197827046,1.1079297093491922,125.0,92,-75.95956275726266,-76.26160699967153,0.015566705211631414,ok,10.67
1.4065542823824804,0.7138970767665203,125.0,92,-75.84458341909418,-76.13650785850331,0.014037562876430662,ok,9.78
1.4065542823824804,0.6809285230878754,125.0,92,-75.79943913118447,-76.09029942053358,0.013904655027115131,ok,9.92
1.4065542823824804,0.7871730137334912,125.0,92,-75.90855981306491,-76.2030834794838,0.014437015525028164,ok,9.09
1.4065542823824804,0.7491939040506499,125.0,92,-75.88074939667648,-76.17388780068188,0.014211648308701209,ok,9.49
1.4065542823824804,0.8730626691931039,125.0,92,-75.94127168367748,-76.23919943063251,0.015100871407277441,ok,9.43
1.4065542823824804,0.8282758463094337,125.0,92,-75.92857023722715,-76.2246784820962,0.014727255826601006,ok,9.63
1.4065542823824804,0.9768305109495515,125.0,92,-75.94637758916815,-76.24884001437756,0.01621090303183169,ok,9.29
1.4065542823824804,1.0380956121167133,125.0,92,-75.93940087903584,-76.24471487784632,0.01703556326639695,ok,9.54
1.4065542823824804,0.9222594660307525,125.0,92,-75.94708973276967,-76.24711651676924,0.015583419319041125,ok,9.9
1.4065542823824804,1.1079297093491922,125.0,92,-75.92631334135797,-76.23501975028972,0.01813652040099329,ok,9.53
1.4065542823824804,1.1891257633877539,125.0,92,-75.907120678796,-76.21997797295971,0.0196413851379222,ok,10.16
1.4065542823824804,1.4065542823824804,125.0,92,-75.84922975634092,-76.17469914872093,0.0249365262680551,high_t1,10.37
1.4065542823824804,1.286113197827046,125.0,92,-75.88161580164461,-76.19978793811526,0.021770311459133537,high_t1,10.73
1.5655363404087876,0.65,125.0,92,-75.70114617243895,-76.00036023523212,0.01833226650455958,ok,10.71
1.5655363404087876,0.6809285230878754,125.0,92,-75.75611328334465,-76.05631034694531,0.01839532318960376,ok,10.72
1.5655363404087876,0.7138970767665203,125.0,92,-75.80141738289461,-76.10274022507973,0.018496708744191848,ok,10.8
1.5655363404087876,0.8282758463094337,125.0,92,-75.88594927758542,-76.19170574202684,0.0191286226237019,ok,10.43
1.5655363404087876,0.7491939040506499,125.0,92,-75.83775339992225,-76.14036179797603,0.01864474241675521,ok,11.17
1.5655363404087876,0.7871730137334912,125.0,92,-75.86574511128632,-76.1698215454611,0.018850520275983135,ok,10.85
1.5655363404087876,0.8730626691931039,125.0,92,-75.89885817441301,-76.20654404116492,0.01949914691237659,ok,11.1
1.5655363404087876,0.9768305109495515,125.0,92,-75.90442429758619,-76.21691636223848,0.020639480442469566,high_t1,11.4
1.5655363404087876,0.9222594660307525,125.0,92,-75.90489852489995,-76.21480979644355,0.01998970701157998,ok,11.63
1.5655363404087876,1.1079297093491922,125.0,92,-75.8848819550221,-76.2039764307478,0.022673835820620086,high_t1,11.18
1.5655363404087876,1.0380956121167133,125.0,92,-75.89770120198602,-76.21321153307686,0.02150535981289082,high_t1,11.46
1.5655363404087876,1.1891257633877539,125.0,92,-75.86596932536118,-76.18943600024764,0.024283327287298026,high_t1,11.46
1.5655363404087876,1.286113197827046,125.0,92,-75.84074978360206,-76.16978812903967,0.02657124687260831,high_t1,11.74
1.8,0.65,125.0,92,-75.64631345585272,-75.96387805867678,0.02927688880913135,high_t1,12.14
1.5655363404087876,1.5655363404087876,125.0,92,-75.76829240007844,-76.11644709118171,0.035390713442191364,high_t1,12.18
1.8,0.7138970767665203,125.0,92,-75.74692274310675,-76.06670111531145,0.02901919279652053,high_t1,11.76
1.8,0.6809285230878754,125.0,92,-75.70144414497727,-76.0200385258919,0.029130462825489863,high_t1,12.17
1.5655363404087876,1.4065542823824804,125.0,92,-75.80864098950738,-76.14527645560531,0.02997726591226931,high_t1,13.21
1.8,0.8282758463094337,125.0,92,-75.8320462248737,-76.15651268377499,0.028994868306815257,high_t1,12.26
1.8,0.7871730137334912,125.0,92,-75.81163330113696,-76.1343202925119,0.028938411553634982,high_t1,12.56
1.8,0.9222594660307525,125.0,92,-75.85144733014607,-76.1803195380657,0.029405767768794326,high_t1,11.19
1.8,0.7491939040506499,125.0,92,-75.7834444529854,-76.10457905650033,0.028951475747676935,high_t1,12.82
1.8,1.0380956121167133,125.0,92,-75.8447406120228,-76.17954735739549,0.030474220469860917,high_t1,10.85
1.8,0.9768305109495515,125.0,92,-75.85121458006455,-76.18282335463549,0.02982966882721996,high_t1,12.11
1.8,0.8730626691931039,125.0,92,-75.84517547582816,-76.17168748720992,0.029141165406340812,high_t1,12.58
1.8,1.1891257633877539,125.0,92,-75.8135105827944,-76.15672147877108,0.03286928950109532,high_t1,12.25
1.8,1.1079297093491922,125.0,92,-75.83217401341572,-76.1707723002121,0.03143480831544822,high_t1,13.01
0.65,0.65,135.0,92,-75.66009346788942,-75.9218408878456,0.006413028133382182,ok,8.27
0.6809285230878754,0.65,135.0,92,-75.71324972718665,-75.97580740946138,0.006528028736081331,ok,8.13
1.8,1.286113197827046,125.0,92,-75.78852544147706,-76.1375898647912,0.03505971189664815,high_t1,12.1
0.7138970767665203,0.65,135.0,92,-75.75667798109315,-76.02014742424393,0.006668601113025875,ok,8.72
0.6809285230878754,0.6809285230878754,135.0,92,-75.76651732087339,-76.02987990723857,0.006639556006781014,ok,8.96
0.7138970767665203,0.6809285230878754,135.0,92,-75.81005469273762,-76.07432472716508,0.006776431669769919,ok,9.36
0.7138970767665203,0.7138970767665203,135.0,92,-75.85369955111004,-76.11887385544038,0.006909363210922402,ok,9.58
0.7491939040506499,0.7491939040506499,135.0,92,-75.92298808159174,-76.1902028446938,0.0072294206619875215,ok,8.98
0.7491939040506499,0.6809285230878754,135.0,92,-75.84453803493196,-76.10983042498106,0.006942842716603658,ok,9.18
0.7491939040506499,0.7138970767665203,135.0,92,-75.88829003673604,-76.15448484195505,0.007071599946589022,ok,9.29
0.7491939040506499,0.65,135.0,92,-75.79105320816427,-76.05554802489188,0.006838914636476473,ok,9.61
1.8,1.5655363404087876,125.0,92,-75.71640496657241,-76.08537600697281,0.04466848390257517,high_t1,12.55
1.8,1.4065542823824804,125.0,92,-75.75661772459841,-76.11361945253117,0.03856555701802979,high_t1,12.88
0.7871730137334912,0.65,135.0,92,-75.81697657864584,-76.08262727080037,0.007043988906960242,ok,9.21
1.8,1.8,125.0,92,-75.66453456310052,-76.05517762903747,0.056991024780932174,high_t1,12.56
0.7871730137334912,0.6809285230878754,135.0,92,-75.87056992941868,-76.13701664732153,0.007143848642805422,ok,9.19
0.7871730137334912,0.7491939040506499,135.0,92,-75.94923793253355,-76.21760747411479,0.007421486273471502,ok,8.72
0.7871730137334912,0.7871730137334912,135.0,92,-75.97560052640478,-76.24512703412256,0.007608811986602564,ok,8.82
0.8282758463094337,0.65,135.0,92,-75.83498117055919,-76.10194053444833,0.007289957443372073,ok,8.53
0.7871730137334912,0.7138970767665203,135.0,92,-75.91443025477761,-76.18177898290517,0.007268255787085868,ok,9.07
0.8282758463094337,0.6809285230878754,135.0,92,-75.88868495388014,-76.15644030604915,0.007385659497102468,ok,8.38
0.8730626691931039,0.65,135.0,92,-75.84553762012737,-76.1139860942034,0.0075845444532521575,ok,8.18
0.8282758463094337,0.7138970767665203,135.0,92,-75.93265642798299,-76.20131484081904,0.007505636667963053,ok,9.1
0.8282758463094337,0.8282758463094337,135.0,92,-76.01263952732711,-76.28480181837783,0.008060269410884035,ok,8.85
0.8282758463094337,0.7491939040506499,135.0,92,-75.96757761180035,-76.23725908798602,0.007654230125528382,ok,9.03
0.8282758463094337,0.7871730137334912,135.0,92,-75.99405799128847,-76.26489996379178,0.007836834882066565,ok,9.04
0.8730626691931039,0.6809285230878754,135.0,92,-75.89935502193306,-76.1686008339725,0.0076761191508312,ok,8.05
0.8730626691931039,0.7138970767665203,135.0,92,-75.9434419229432,-76.21359320375345,0.007791739925126708,ok,8.67
0.8730626691931039,0.7491939040506499,135.0,92,-75.97848209192782,-76.2496600283848,0.00793584664256174,ok,8.81
0.8730626691931039,0.8282758463094337,135.0,92,-76.02380058818878,-76.29747047852719,0.008333365672203705,ok,8.48
0.8730626691931039,0.7871730137334912,135.0,92,-76.00508699760515,-76.27743031074334,0.008114013337578017,ok,8.74
0.8730626691931039,0.8730626691931039,135.0,92,-76.03510283736394,-76.31028813404467,0.008603231324676911,ok,8.49
0.9222594660307525,0.65,135.0,92,-75.84905597108246,-76.11920654381782,0.007937710815043783,ok,8.4
0.9222594660307525,0.7138970767665203,135.0,92,-75.94719841619525,-76.21905811272862,0.008137025230472748,ok,8.58
0.9222594660307525,0.6809285230878754,135.0,92,-75.90299089624168,-76.17394139644509,0.008025409048998258,ok,8.76
0.9222594660307525,0.8730626691931039,135.0,92,-76.03940947017833,-76.31633239859796,0.008936274966032188,ok,7.68
0.9222594660307525,0.7491939040506499,135.0,92,-75.98236409141614,-76.25525545207006,0.008277151472125502,ok,8.69
0.9222594660307525,0.8282758463094337,135.0,92,-76.02795598476955,-76.3033536938124,0.008667990826910959,ok,7.92
0.9222594660307525,0.7871730137334912,135.0,92,-76.00910133966786,-76.2831644950186,0.008451622437162614,ok,8.53
0.9768305109495515,0.7871730137334912,135.0,92,-76.00644422188248,-76.28248630999337,0.008865621925942393,ok,8.15
0.9768305109495515,0.65,135.0,92,-75.84587766408862,-76.11798241842936,0.00836334710851467,ok,8.77
0.9768305109495515,0.6809285230878754,135.0,92,-75.8999343083722,-76.17284295067509,0.008447752542232989,ok,8.93
0.9768305109495515,0.7138970767665203,135.0,92,-75.9442680923114,-76.21809127604766,0.008556148290243959,ok,9.3
0.9222594660307525,0.9222594660307525,135.0,92,-76.04387838604931,-76.32255123268222,0.009270223066639367,ok,9.6
0.9768305109495515,0.7491939040506499,135.0,92,-75.97956631543904,-76.25442804223738,0.008693364444166499,ok,9.53
0.9768305109495515,0.8282758463094337,135.0,92,-76.02544935598401,-76.30283645219407,0.00908108538626136,ok,9.4
1.0380956121167133,0.65,135.0,92,-75.83625571348068,-76.11062107380496,0.00888312998227059,ok,8.66
0.9768305109495515,0.8730626691931039,135.0,92,-76.037064541816,-76.31598966159534,0.009350746965106167,ok,9.26
1.0380956121167133,0.7138970767665203,135.0,92,-75.93490503306428,-76.21100264565283,0.009072105800828147,ok,8.27
0.9768305109495515,0.9222594660307525,135.0,92,-76.04170733875898,-76.32239842576148,0.009689901843050366,ok,9.42
1.0380956121167133,0.6809285230878754,135.0,92,-75.89043877661113,-76.16561403306835,0.008965395912169499,ok,9.24
0.9768305109495515,0.9768305109495515,135.0,92,-76.03972325734776,-76.32245344950235,0.010121028481944992,ok,9.51
1.0380956121167133,0.7871730137334912,135.0,92,-75.99737079282471,-76.27570897631175,0.009381229783979586,ok,9.79
1.0380956121167133,0.7491939040506499,135.0,92,-75.97034339891471,-76.24748931384335,0.00920844061949602,ok,10.02
1.0380956121167133,0.8730626691931039,135.0,92,-76.02832436489236,-76.30957748610035,0.009875743678770633,ok,9.77
1.0380956121167133,0.8282758463094337,135.0,92,-76.01653636667984,-76.29623395135958,0.009599537296081227,ok,9.84
1.0380956121167133,0.9222594660307525,135.0,92,-76.03315361399572,-76.31619454786274,0.010227297895226306,ok,9.88
1.0380956121167133,0.9768305109495515,135.0,92,-76.03137107584399,-76.31647922840239,0.010680011172879771,ok,9.42
1.0380956121167133,1.0380956121167133,135.0,92,-76.02323765508957,-76.31076091550506,0.011274936717480718,ok,9.41
1.1079297093491922,0.6809285230878754,135.0,92,-75.87464447812856,-76.15248659963436,0.009619433851510272,ok,9.39
1.1079297093491922,0.65,135.0,92,-75.82032921479201,-76.0973520152891,0.009537143355635925,ok,9.83
1.1079297093491922,0.7138970767665203,135.0,92,-75.91925047505339,-76.19802676806012,0.009727293013758867,ok,9.92
1.1079297093491922,0.7491939040506499,135.0,92,-75.95483761028589,-76.23467661879555,0.009866518697281305,ok,9.25
1.1079297093491922,0.8282758463094337,135.0,92,-76.00136152071279,-76.28379013712173,0.01027257279094066,ok,9.56
1.1079297093491922,0.7871730137334912,135.0,92,-75.98202437358773,-76.26307292887944,0.01004480850857417,ok,9.96
1.1079297093491922,0.9768305109495515,135.0,92,-76.01680110457647,-76.30473506305458,0.011430853339984297,ok,9.52
1.1079297093491922,0.8730626691931039,135.0,92,-76.01333491004988,-76.29734403644666,0.010564202256675783,ok,10.15
1.1079297093491922,0.9222594660307525,135.0,92,-76.01836508691918,-76.3041928625612,0.010940201705626712,ok,10.24
1.1079297093491922,1.0380956121167133,135.0,92,-76.00890660639466,-76.29930577214792,0.012084020805294476,ok,10.1
1.1079297093491922,1.1079297093491922,135.0,92,-75.99483813749995,-76.28817853369793,0.012981535968055583,ok,10.14
1.1891257633877539,0.65,135.0,92,-75.7980949609408,-76.07833851313941,0.010415781337455292,ok,9.99
1.1891257633877539,0.6809285230878754,135.0,92,-75.85254963606779,-76.13362777049869,0.01050201487618693,ok,10.36
1.1891257633877539,0.7491939040506499,135.0,92,-75.93305006589468,-76.21616571140194,0.010765094179984001,ok,10.37
1.1891257633877539,0.7138970767665203,135.0,92,-75.89730406707051,-76.17933490242706,0.010616208858875192,ok,10.57
1.1891257633877539,0.9768305109495515,135.0,92,-75.99602579156789,-76.28743111301428,0.012503092434359424,ok,9.77
1.1891257633877539,0.9222594660307525,135.0,92,-75.99735118002,-76.28659476876639,0.011948675778507055,ok,9.78
1.1891257633877539,0.7871730137334912,135.0,92,-75.96040767886228,-76.2447589994089,0.010957724422920572,ok,10.56
1.1891257633877539,0.8730626691931039,135.0,92,-75.99210295582213,-76.27948284746905,0.011528584414902787,ok,10.23
1.286113197827046,0.6809285230878754,135.0,92,-75.82396351382842,-76.10918152479374,0.01186010580910248,ok,7.96
1.1891257633877539,0.8282758463094337,135.0,92,-75.97992938129656,-76.26569171191251,0.011206472778270013,ok,10.34
1.1891257633877539,1.1079297093491922,135.0,92,-75.97461448766184,-76.2715823049599,0.014277624691999226,ok,9.73
1.1891257633877539,1.0380956121167133,135.0,92,-75.98839360075907,-76.2823332817116,0.013248206743974804,ok,10.09
1.1891257633877539,1.1891257633877539,135.0,92,-75.95470989012324,-76.25541633943129,0.01576016566020361,ok,10.13
1.286113197827046,0.7138970767665203,135.0,92,-75.86887660297361,-76.15507740313676,0.011989175594468332,ok,9.87
1.286113197827046,0.65,135.0,92,-75.76936074233731,-76.05371861108824,0.011764075014150836,ok,10.27
1.286113197827046,0.7871730137334912,135.0,92,-75.93233498262677,-76.22093290418594,0.012380027351740196,ok,9.92
1.286113197827046,0.8282758463094337,135.0,92,-75.95205632431981,-76.24211366816954,0.012668152106485338,ok,9.63
1.286113197827046,0.7491939040506499,135.0,92,-75.90479320416613,-76.19211415682982,0.012158736768234927,ok,10.37
1.286113197827046,0.9768305109495515,135.0,92,-75.96886912362609,-76.26477654870042,0.014193210357906508,ok,8.97
1.286113197827046,0.9222594660307525,135.0,92,-75.9699332843663,-76.2635972461211,0.013537960973692201,ok,9.65
1.286113197827046,0.8730626691931039,135.0,92,-75.96444727669788,-76.2561793792128,0.0130441603770142,ok,9.96
1.286113197827046,1.0380956121167133,135.0,92,-75.96152482189069,-76.26006498149614,0.015076211608241151,ok,9.97
1.286113197827046,1.1079297093491922,135.0,92,-75.94806321566779,-76.24975068895166,0.01629342188960187,ok,9.86
1.286113197827046,1.286113197827046,135.0,92,-75.90268408023674,-76.213308094582,0.020621473411222672,high_t1,9.36
1.286113197827046,1.1891257633877539,135.0,92,-75.92850752850876,-76.234080263596,0.018028186418562638,ok,10.29
1.4065542823824804,0.65,135.0,92,-75.73363530952618,-76.02374165156778,0.014337815475274936,ok,10.14
1.4065542823824804,0.6809285230878754,135.0,92,-75.78839616584902,-76.07940596879992,0.01444669530984977,ok,9.94
1.4065542823824804,0.7138970767665203,135.0,92,-75.83347951412266,-76.12552260760714,0.014595981825489185,ok,9.79
1.4065542823824804,0.7871730137334912,135.0,92,-75.89732076166645,-76.19188666925075,0.01505902329531298,ok,9.0
1.4065542823824804,0.7491939040506499,135.0,92,-75.86957992868184,-76.16280148617835,0.014795617386111222,ok,9.63
1.4065542823824804,0.8282758463094337,135.0,92,-75.91725845252677,-76.21336182964275,0.01540450622609659,ok,9.73
1.4065542823824804,0.9222594660307525,135.0,92,-75.93563005306642,-76.23553648584759,0.016453171309948663,ok,9.39
1.4065542823824804,0.8730626691931039,135.0,92,-75.92988548680151,-76.22775434056112,0.015857368151570007,ok,10.13
1.4065542823824804,0.9768305109495515,135.0,92,-75.93484977180663,-76.2371229653837,0.017243070566573485,ok,10.07
1.4065542823824804,1.1891257633877539,135.0,92,-75.89551424266472,-76.20796434936362,0.021786660656163775,high_t1,10.56
1.5655363404087876,0.6809285230878754,135.0,92,-75.74477059235957,-76.04523738844571,0.02055505059495861,high_t1,10.54
1.4065542823824804,1.0380956121167133,135.0,92,-75.92781732286524,-76.23286712436462,0.018303182922951765,ok,10.95
1.4065542823824804,1.1079297093491922,135.0,92,-75.91469757906754,-76.22306319479998,0.019752298538842323,ok,11.13
1.5655363404087876,0.65,135.0,92,-75.68984109274328,-75.98933385172516,0.020474394607401327,high_t1,11.12
1.4065542823824804,1.4065542823824804,135.0,92,-75.83791096636695,-76.16305545037116,0.029312419912109103,high_t1,11.34
1.5655363404087876,0.7138970767665203,135.0,92,-75.79003633023531,-76.09161782036209,0.020684571514539153,high_t1,11.0
1.4065542823824804,1.286113197827046,135.0,92,-75.87009033858081,-76.18783053935158,0.02475387704131653,high_t1,11.6
1.5655363404087876,0.7491939040506499,135.0,92,-75.82633412274119,-76.12918755748404,0.0208743778624606,high_t1,10.97
1.5655363404087876,0.8282758463094337,135.0,92,-75.87445866721272,-76.18042372304286,0.021501243301012003,high_t1,11.24
1.5655363404087876,0.8730626691931039,135.0,92,-75.88733808043635,-76.19520892341326,0.021987261278378484,high_t1,11.31
1.5655363404087876,0.7871730137334912,135.0,92,-75.85428882963029,-76.15859374652771,0.021139718520743186,high_t1,11.7
1.5655363404087876,0.9222594660307525,135.0,92,-75.89335719960916,-76.20342580761846,0.022637359181883077,high_t1,11.5
1.5655363404087876,0.9768305109495515,135.0,92,-75.89287532303861,-76.20549310767562,0.023508233315900916,high_t1,11.49
1.5655363404087876,1.0380956121167133,135.0,92,-75.88616632767274,-76.20176798263357,0.02468371326637091,high_t1,11.35
1.5655363404087876,1.1079297093491922,135.0,92,-75.87339540709966,-76.19254808628634,0.02629282299475661,high_t1,11.47
1.5655363404087876,1.4065542823824804,135.0,92,-75.79776577160149,-76.13459928943269,0.03674430818970985,high_t1,11.52
1.5655363404087876,1.1891257633877539,135.0,92,-75.85458466051324,-76.1780885539949,0.028545694152368028,high_t1,13.5
1.5655363404087876,1.286113197827046,135.0,92,-75.82955137574186,-76.15864661586066,0.03180494330014872,high_t1,13.03
1.5655363404087876,1.5655363404087876,135.0,92,-75.75797958474091,-76.1068490225132,0.04468927886781866,high_t1,12.82
1.8,0.65,135.0,92,-75.63545327245099,-75.9546917485274,0.03566894837137264,high_t1,12.5
0.6809285230878754,0.6809285230878754,145.0,92,-75.75960447458247,-76.02364009080995,0.006616066051577935,ok,7.59
1.8,0.6809285230878754,135.0,92,-75.6905597292273,-76.01084655953466,0.03549853328655975,high_t1,12.78
1.8,0.7871730137334912,135.0,92,-75.80069604591078,-76.12513639813584,0.03529203276699615,high_t1,12.5
1.8,0.7138970767665203,135.0,92,-75.7360166645707,-76.05750707080752,0.03537084897534106,high_t1,12.62
1.8,0.8282758463094337,135.0,92,-75.82110244942636,-76.14734343628116,0.03537620818273959,high_t1,12.54
1.8,0.7491939040506499,135.0,92,-75.77252033117483,-76.09538735349402,0.03529702406060491,high_t1,12.99
1.8,0.9222594660307525,135.0,92,-75.84052138644105,-76.17120904618925,0.03593827467544101,high_t1,11.32
0.6809285230878754,0.65,145.0,92,-75.70656658641117,-75.96979019822642,0.006502806521986982,ok,8.86
0.65,0.65,145.0,92,-75.6536496837771,-75.91605305110659,0.006386442381321548,ok,9.34
1.8,0.8730626691931039,135.0,92,-75.83423423592971,-76.16254168515634,0.03557818514024875,high_t1,12.8
1.8,0.9768305109495515,135.0,92,-75.84032239755695,-76.17376494781662,0.03651599256896977,high_t1,12.73
1.8,1.1891257633877539,135.0,92,-75.8029419571344,-76.14804018291014,0.04076803549363415,high_t1,11.53
1.8,1.0380956121167133,135.0,92,-75.8339093497142,-76.17056635243503,0.03740206804182961,high_t1,12.8
1.8,1.1079297093491922,135.0,92,-75.82144394995376,-76.16190847221232,0.03873969974300186,high_t1,12.04
0.7138970767665203,0.7138970767665203,145.0,92,-75.84627248308149,-76.11212817330656,0.006890158760049442,ok,9.02
0.7138970767665203,0.65,145.0,92,-75.74972120158199,-76.01386563464112,0.006645143635165094,ok,9.64
1.8,1.286113197827046,135.0,92,-75.77820997410828,-76.12920608897404,0.043915539187511746,high_t1,12.4
0.7138970767665203,0.6809285230878754,145.0,92,-75.80287883921751,-76.06782774964206,0.006754894219959079,ok,9.58
0.7491939040506499,0.6809285230878754,145.0,92,-75.837062280968,-76.10303746375993,0.006923746968985668,ok,9.3
1.8,1.4065542823824804,135.0,92,-75.74670071994278,-76.10575999384191,0.0490285694964468,high_t1,12.31
0.7491939040506499,0.65,145.0,92,-75.78378477101964,-76.04896189740973,0.006817627872335045,ok,9.48
0.7491939040506499,0.7138970767665203,145.0,92,-75.88057614453521,-76.1474527326691,0.00705511241049408,ok,9.21
1.8,1.5655363404087876,135.0,92,-75.70713599570662,-76.07857646637878,0.05802028030581513,high_t1,12.89
0.7491939040506499,0.7491939040506499,145.0,92,-75.9150018930603,-76.1828952287049,0.007215911396836988,ok,9.01
1.8,1.8,135.0,92,-75.65641353026753,-76.05107776665164,0.07609290950206395,high_t1,13.01
0.7871730137334912,0.65,145.0,92,-75.80935477482228,-76.07569275853216,0.007025259655995531,ok,8.32
0.7871730137334912,0.6809285230878754,145.0,92,-75.86275373291552,-76.1298846470026,0.007127544091633043,ok,8.37
0.7871730137334912,0.7138970767665203,145.0,92,-75.90639031529112,-76.17441858392861,0.007254796020024714,ok,8.45
0.8282758463094337,0.65,145.0,92,-75.82696159563156,-76.09461055771641,0.007274159640313854,ok,8.07
0.7871730137334912,0.7871730137334912,145.0,92,-75.96701218342278,-76.2372016166463,0.007601999321089718,ok,8.42
0.7871730137334912,0.7491939040506499,145.0,92,-75.9409417452424,-76.20998392205408,0.007411230132915697,ok,8.81
0.8282758463094337,0.7491939040506499,145.0,92,-75.95893074703622,-76.22927579032086,0.007647362028362856,ok,8.06
0.8282758463094337,0.6809285230878754,145.0,92,-75.88048495643281,-76.14892307376596,0.00737244018289195,ok,8.51
0.8282758463094337,0.7138970767665203,145.0,92,-75.92424829819538,-76.19358102850416,0.007495418642080974,ok,8.66
0.8282758463094337,0.7871730137334912,145.0,92,-75.98513861845277,-76.25663048114465,0.007833531025089682,ok,9.13
0.8730626691931039,0.7491939040506499,145.0,92,-75.96944266246608,-76.24127128961737,0.007932385247053373,ok,8.27
0.8730626691931039,0.65,145.0,92,-75.83707563005093,-76.10621293997214,0.007572092945284169,ok,9.09
0.8282758463094337,0.8282758463094337,145.0,92,-76.00341098114396,-76.27620585961631,0.008060557959653717,ok,9.17
0.8730626691931039,0.6809285230878754,145.0,92,-75.89072727462082,-76.16065115501178,0.007666266663718895,ok,9.2
0.8730626691931039,0.7138970767665203,145.0,92,-75.93462254688355,-76.20543941917224,0.007784911104814916,ok,9.2
0.8730626691931039,0.8282758463094337,145.0,92,-76.01422441576563,-76.28850476791695,0.008337044704586483,ok,8.41
0.8730626691931039,0.7871730137334912,145.0,92,-75.99579622734298,-76.26877216661183,0.008114121943879603,ok,8.83
0.9222594660307525,0.6809285230878754,145.0,92,-75.89389335662861,-76.16551258010927,0.00801930804948852,ok,8.17
0.9222594660307525,0.7138970767665203,145.0,92,-75.9379261184778,-76.21043765552335,0.008133750684572104,ok,8.13
0.9222594660307525,0.65,145.0,92,-75.84010936257617,-76.11094363366843,0.007929212233471617,ok,8.71
0.9222594660307525,0.7491939040506499,145.0,92,-75.97289103605186,-76.24641466960662,0.00827705484705493,ok,8.18
0.9222594660307525,0.8730626691931039,145.0,92,-76.02915285835522,-76.30662231548551,0.008946340418529052,ok,8.51
0.9222594660307525,0.7871730137334912,145.0,92,-75.99939900701978,-76.27407128024734,0.008454923970401875,ok,9.01
0.9222594660307525,0.8282758463094337,145.0,92,-76.01799323446404,-76.29397210405102,0.008674733865795321,ok,8.99
0.8730626691931039,0.8730626691931039,145.0,92,-76.02520512000558,-76.30097307683597,0.008610258518160004,ok,9.96
0.9222594660307525,0.9222594660307525,145.0,92,-76.03329270830002,-76.31246777739281,0.009283538594664686,ok,9.19
0.9768305109495515,0.65,145.0,92,-75.83640623571607,-76.10918191509077,0.00836015350964609,ok,8.96
0.9768305109495515,0.7871730137334912,145.0,92,-75.99629021518325,-76.2729079299945,0.008872290821728291,ok,8.22
0.9768305109495515,0.6809285230878754,145.0,92,-75.89032652277005,-76.16388660797593,0.008446420809159503,ok,9.2
0.9768305109495515,0.7138970767665203,145.0,92,-75.93450234630303,-76.20895521829475,0.008557120526473621,ok,9.3
0.9768305109495515,0.7491939040506499,145.0,92,-75.96961921706934,-76.24508572586687,0.00869703088871886,ok,9.3
0.9768305109495515,0.8282758463094337,145.0,92,-76.01506048056888,-76.2929883071982,0.009090977704294397,ok,9.62
0.9768305109495515,0.8730626691931039,145.0,92,-76.02641049119882,-76.3058335169496,0.009364085151169405,ok,9.6
1.0380956121167133,0.65,145.0,92,-75.82621697806339,-76.10122701736728,0.008888700677343254,ok,8.99
0.9768305109495515,0.9768305109495515,145.0,92,-76.02844035635022,-76.31154520497199,0.010144732374869677,ok,9.57
0.9768305109495515,0.9222594660307525,145.0,92,-76.03075581347485,-76.31189087210487,0.00970730339254579,ok,9.61
1.0380956121167133,0.6809285230878754,145.0,92,-75.88027800372335,-76.15607375177743,0.008971854312482019,ok,9.58
1.0380956121167133,0.7491939040506499,145.0,92,-75.95987952418695,-76.23758798476368,0.009218194528475516,ok,9.19
1.0380956121167133,0.7138970767665203,145.0,92,-75.92460301406575,-76.20129407215681,0.009079944675062639,ok,9.56
1.0380956121167133,0.8282758463094337,145.0,92,-76.00567954796392,-76.2858606087742,0.00961491185126286,ok,9.33
1.0380956121167133,0.9222594660307525,145.0,92,-76.02179772922405,-76.3052049675947,0.010253283875034673,ok,9.24
1.0380956121167133,0.7871730137334912,145.0,92,-75.98672267801044,-76.26558732947893,0.009393450851169285,ok,10.02
1.0380956121167133,0.9768305109495515,145.0,92,-76.0197217651398,-76.30511467373647,0.010717498732565143,ok,9.67
1.0380956121167133,0.8730626691931039,145.0,92,-76.0172322357576,-76.29891652994009,0.009895343086506563,ok,10.07
1.0380956121167133,1.0380956121167133,145.0,92,-76.01126496803943,-76.29896998085353,0.011336927289409143,ok,9.95
1.1079297093491922,0.65,145.0,92,-75.80967522205222,-76.08729362059773,0.009561208410177104,ok,9.9
1.1079297093491922,0.7138970767665203,145.0,92,-75.90836462350032,-76.18767516966447,0.00975117937259159,ok,10.49
1.1079297093491922,0.6809285230878754,145.0,92,-75.86388283363338,-76.1422917147728,0.009643056946259974,ok,10.64
1.1079297093491922,0.8282758463094337,145.0,92,-75.98999222553005,-76.27282219722977,0.010304211109683301,ok,10.29
1.1079297093491922,0.7871730137334912,145.0,92,-75.9708361736781,-76.25233798765223,0.01007224449902369,ok,10.63
1.1079297093491922,0.7491939040506499,145.0,92,-75.94381001503305,-76.22414593995562,0.009891568077049452,ok,10.68
1.1079297093491922,0.9222594660307525,145.0,92,-76.00656567702389,-76.29265561979854,0.010991601266423888,ok,10.0
1.1079297093491922,0.9768305109495515,145.0,92,-76.0047508620322,-76.29285276221647,0.01150553992518541,ok,10.2
1.1079297093491922,1.1079297093491922,145.0,92,-75.98222005102636,-76.27547037061663,0.013200342433808127,ok,9.97
1.1079297093491922,0.8730626691931039,145.0,92,-76.00176232386468,-76.28611016313023,0.010603048254828093,ok,10.8
1.1079297093491922,1.0380956121167133,145.0,92,-75.99658238049093,-76.2870334526436,0.012204817373324517,ok,10.17
1.1891257633877539,0.65,145.0,92,-75.7867753054224,-76.06752709250092,0.01048929014186471,ok,9.98
1.1891257633877539,0.7138970767665203,145.0,92,-75.88578541440413,-76.16825393821792,0.01068855904027124,ok,10.36
1.1891257633877539,0.7871730137334912,145.0,92,-75.94863376355138,-76.23332810762868,0.011037199765388042,ok,10.25
1.1891257633877539,0.7491939040506499,145.0,92,-75.92141118562472,-76.20492096474602,0.010839545276449985,ok,10.58
1.1891257633877539,0.6809285230878754,145.0,92,-75.84113721868928,-76.12269064630183,0.010574247245417993,ok,10.88
1.1891257633877539,0.9768305109495515,145.0,92,-75.98354547453917,-76.27496763487316,0.012687174021074178,ok,8.82
1.1891257633877539,0.9222594660307525,145.0,92,-75.98507309936338,-76.27443901277358,0.012082944382416342,ok,9.39
1.1891257633877539,0.8282758463094337,145.0,92,-75.96800454781808,-76.25404925287422,0.011295449521576365,ok,10.64
1.1891257633877539,0.8730626691931039,145.0,92,-75.9800102460134,-76.26759990310622,0.011634214161015516,ok,10.52
1.1891257633877539,1.1079297093491922,145.0,92,-75.9616912259788,-76.25839868117555,0.014719811685939452,ok,9.66
1.1891257633877539,1.0380956121167133,145.0,92,-75.97569652093928,-76.26952630328259,0.01352177318206195,ok,10.51
1.1891257633877539,1.1891257633877539,145.0,92,-75.94156174220512,-76.24183479850365,0.016539609239275065,ok,10.33
1.286113197827046,0.65,145.0,92,-75.75733572838527,-76.04205341265622,0.012001081561888515,ok,10.3
1.286113197827046,0.7138970767665203,145.0,92,-75.85668798766066,-76.14317259793215,0.012233671028057598,ok,9.41
1.286113197827046,0.7871730137334912,145.0,92,-75.91994311602299,-76.20872100401829,0.012652466890204656,ok,9.18
1.286113197827046,0.6809285230878754,145.0,92,-75.81186160765365,-76.09740415530938,0.012099344389653188,ok,10.11
1.286113197827046,0.8282758463094337,145.0,92,-75.93954721434515,-76.22971809288633,0.012968600969707974,ok,9.8
1.286113197827046,0.8730626691931039,145.0,92,-75.95181011738457,-76.24357695149695,0.013388427534932187,ok,9.16
1.286113197827046,0.7491939040506499,145.0,92,-75.89250802565309,-76.18006509427845,0.01241364712554493,ok,10.32
1.286113197827046,0.9222594660307525,145.0,92,-75.95715784290763,-76.25076304938737,0.013950582328545949,ok,10.29
1.286113197827046,0.9768305109495515,145.0,92,-75.95594727409052,-76.25168539375191,0.014713637718898494,ok,9.81
1.286113197827046,1.0380956121167133,145.0,92,-75.94845265392158,-76.2466939448551,0.015770734007375428,ok,10.33
1.286113197827046,1.1079297093491922,145.0,92,-75.93484423950365,-76.23608406286945,0.01727974460400338,ok,10.7
1.4065542823824804,0.65,145.0,92,-75.72091553692965,-76.0111671184385,0.015210598260994421,ok,10.73
1.286113197827046,1.1891257633877539,145.0,92,-75.91515875146084,-76.22012155036042,0.019528778821464126,ok,11.19
1.4065542823824804,0.7491939040506499,145.0,92,-75.8566643434334,-76.14991825377433,0.015757155970462643,ok,10.6
1.286113197827046,1.286113197827046,145.0,92,-75.88924835098487,-76.19911475531612,0.023086436216020495,high_t1,11.27
1.4065542823824804,0.7871730137334912,145.0,92,-75.88432979400983,-76.1788760828448,0.01607695402083505,ok,10.6
1.4065542823824804,0.6809285230878754,145.0,92,-75.77561654753946,-76.06673999295315,0.015339233598000535,ok,10.86
1.4065542823824804,0.8282758463094337,145.0,92,-75.90418761270834,-76.20021013063834,0.01650089011424158,ok,10.52
1.4065542823824804,0.7138970767665203,145.0,92,-75.82063448107274,-76.11275394581091,0.015517122329293776,ok,11.11
1.4065542823824804,0.8730626691931039,145.0,92,-75.91673109453798,-76.21444718117608,0.01706320201611021,ok,10.64
1.4065542823824804,0.9222594660307525,145.0,92,-75.92239041379024,-76.22206006353414,0.01781298230668303,ok,11.11
1.4065542823824804,0.9768305109495515,145.0,92,-75.9215270844167,-76.2234661116861,0.018822660432270735,ok,11.32
1.4065542823824804,1.0380956121167133,145.0,92,-75.91442024267492,-76.21902483230521,0.020203306444907074,high_t1,11.36
1.4065542823824804,1.1891257633877539,145.0,92,-75.88204228539989,-76.19380339808423,0.02492535819000427,high_t1,10.86
1.4065542823824804,1.1079297093491922,145.0,92,-75.90124505547223,-76.2090434915851,0.022134477899616055,high_t1,11.14
1.4065542823824804,1.4065542823824804,145.0,92,-75.82465272779086,-76.1491054778362,0.035920725497916035,high_t1,11.6
1.4065542823824804,1.286113197827046,145.0,92,-75.85666456606423,-76.17363129587196,0.029147085170537813,high_t1,12.57
1.5655363404087876,0.65,145.0,92,-75.67661945680857,-75.97622070632198,0.023877849217973268,high_t1,11.8
1.5655363404087876,0.6809285230878754,145.0,92,-75.731506126698,-76.0320709656071,0.024016543906262816,high_t1,11.64
1.5655363404087876,0.7871730137334912,145.0,92,-75.84089346232612,-76.14524532336729,0.02489946474710111,high_t1,11.04
1.5655363404087876,0.7138970767665203,145.0,92,-75.77672804601224,-76.07839414640289,0.02422165418522471,high_t1,11.28
1.5655363404087876,0.7491939040506499,145.0,92,-75.81298189707107,-76.11590305956146,0.024508912113827365,high_t1,11.5
1.5655363404087876,0.8282758463094337,145.0,92,-75.86102217282212,-76.16700904214873,0.02542205157157651,high_t1,11.53
1.5655363404087876,0.8730626691931039,145.0,92,-75.87386445249305,-76.18172718525778,0.026116328308220135,high_t1,11.64
1.5655363404087876,0.9768305109495515,145.0,92,-75.87935540795516,-76.19188942617966,0.028268459045342625,high_t1,11.8
1.5655363404087876,1.0380956121167133,145.0,92,-75.87265181033598,-76.18812514165216,0.029928509566404617,high_t1,11.6
1.5655363404087876,0.9222594660307525,145.0,92,-75.87985386910086,-76.18987921149443,0.027038156929090354,high_t1,12.0
1.5655363404087876,1.1079297093491922,145.0,92,-75.85992188953091,-76.17890271951855,0.03220966062847541,high_t1,11.28
1.5655363404087876,1.286113197827046,145.0,92,-75.8163650141759,-76.1452875781902,0.0401437099870505,high_t1,13.22
1.5655363404087876,1.4065542823824804,145.0,92,-75.78491937630696,-76.12178729803723,0.04741196087810981,high_t1,12.71
1.8,0.8282758463094337,145.0,92,-75.80808975969983,-76.13673053673858,0.046319710172177224,high_t1,12.15
1.5655363404087876,1.5655363404087876,145.0,92,-75.7457418184904,-76.09546300579935,0.05928588154988813,high_t1,12.73
1.5655363404087876,1.1891257633877539,145.0,92,-75.84120906016956,-76.16451291969668,0.035428317320865356,high_t1,14.71
1.8,0.8730626691931039,145.0,92,-75.8212192388481,-76.15197288740848,0.046668464546532853,high_t1,12.29
1.8,0.7138970767665203,145.0,92,-75.7230581978441,-76.04682717158019,0.04608585933356499,high_t1,12.92
1.8,0.65,145.0,92,-75.6225521624097,-75.94400437888203,0.04633851149949387,high_t1,13.09
1.8,0.6809285230878754,145.0,92,-75.67762864803554,-76.00016003150982,0.04618315415680898,high_t1,13.29
1.8,0.7871730137334912,145.0,92,-75.78769520331801,-76.11449178798287,0.04613027369481141,high_t1,13.35
1.8,0.7491939040506499,145.0,92,-75.75953816532866,-76.08472098173569,0.04606151829008233,high_t1,13.77
1.8,0.9222594660307525,145.0,92,-75.82751790558977,-76.16070050305791,0.04723215953113403,high_t1,13.04
0.6809285230878754,0.65,155.0,92,-75.69951646957902,-75.96339981069838,0.0064631745740580115,ok,8.77
0.6809285230878754,0.6809285230878754,155.0,92,-75.75236932121335,-76.01707946153834,0.006578420823696128,ok,8.61
0.65,0.65,155.0,92,-75.64679285487257,-75.90983840501477,0.006345136747244558,ok,9.09
1.8,1.0380956121167133,145.0,92,-75.82100116211907,-76.16025677100589,0.04937963014231847,high_t1,12.92
1.8,1.1079297093491922,145.0,92,-75.80864598659564,-76.15176739285063,0.05129446951863541,high_t1,12.86
1.8,0.9768305109495515,145.0,92,-75.8273510289612,-76.1633392129999,0.048093462755371595,high_t1,13.44
1.8,1.286113197827046,145.0,92,-75.76588661755359,-76.1197307336254,0.05865943015659528,high_t1,11.76
0.7138970767665203,0.65,155.0,92,-75.74244828624296,-76.00726983426216,0.006607912233843607,ok,9.16
0.7138970767665203,0.6809285230878754,155.0,92,-75.79543010625275,-76.06106776235839,0.006720189878650415,ok,9.11
0.7491939040506499,0.7138970767665203,155.0,92,-75.872689529116,-76.14027414831494,0.00702804465134269,ok,8.67
1.8,1.1891257633877539,145.0,92,-75.79032585302204,-76.1381542848875,0.054181570921857006,high_t1,13.29
0.7491939040506499,0.6809285230878754,155.0,92,-75.82936782272064,-76.09604443738439,0.006892826392650739,ok,8.74
0.7138970767665203,0.7138970767665203,155.0,92,-75.83862041833427,-76.10517544641625,0.006858790331031224,ok,9.57
0.7491939040506499,0.65,155.0,92,-75.77625603647138,-76.04212663993464,0.006783705374719921,ok,9.28
1.8,1.4065542823824804,145.0,92,-75.7348484393201,-76.09701296470577,0.06594979903471448,high_t1,12.7
0.7491939040506499,0.7491939040506499,155.0,92,-75.90689292903072,-76.17549871059535,0.007193688394740843,ok,8.67
1.8,1.5655363404087876,145.0,92,-75.69606522601866,-76.0713529985491,0.07878179811718236,high_t1,13.01
1.8,1.8,145.0,92,-75.64675207869725,-76.0480010465791,0.10417810988184696,high_t1,13.16
0.7871730137334912,0.65,155.0,92,-75.80153371514882,-76.06857982983166,0.0069958176148647005,ok,8.37
0.7871730137334912,0.6809285230878754,155.0,92,-75.85477759425297,-76.12262044433945,0.007101576732042021,ok,8.84
0.7871730137334912,0.7138970767665203,155.0,92,-75.89823382092666,-76.16697626151709,0.007233196367985821,ok,8.6
0.8282758463094337,0.65,155.0,92,-75.81880930066521,-76.08717873420348,0.007250780333062207,ok,8.55
0.7871730137334912,0.7871730137334912,155.0,92,-75.958403714789,-76.22930418860247,0.007592318010051769,ok,8.65
0.7871730137334912,0.7491939040506499,155.0,92,-75.93257592534518,-76.20233216731494,0.007395013608990926,ok,8.83
0.8282758463094337,0.6809285230878754,155.0,92,-75.8721882158604,-76.1413460530089,0.007352962405812157,ok,8.69
0.8282758463094337,0.7138970767665203,155.0,92,-75.91578312995244,-76.18583314142221,0.007480770400674375,ok,8.95
0.8282758463094337,0.7871730137334912,155.0,92,-75.97625010242622,-76.24844657385027,0.007831725179057078,ok,8.67
0.8282758463094337,0.7491939040506499,155.0,92,-75.9502697130924,-76.22132719556993,0.00763857178178634,ok,9.05
0.8282758463094337,0.8282758463094337,155.0,92,-75.99425922831003,-76.26774724601016,0.00806696486450613,ok,8.66
0.8730626691931039,0.65,155.0,92,-75.82855294555593,-76.09841977141367,0.007556917561180408,ok,8.94
0.8730626691931039,0.7138970767665203,155.0,92,-75.92580851104574,-76.19734192952471,0.007779116825458891,ok,8.58
0.8730626691931039,0.7491939040506499,155.0,92,-75.9604461444067,-76.23298147400334,0.007932778374833001,ok,8.68
0.8730626691931039,0.6809285230878754,155.0,92,-75.88207016394756,-76.15271796255236,0.007655306863229265,ok,9.2
0.8730626691931039,0.7871730137334912,155.0,92,-75.98658784111329,-76.26025747834524,0.00812177356192722,ok,8.88
0.9222594660307525,0.6809285230878754,155.0,92,-75.88483624615358,-76.1571776961025,0.008019907765010206,ok,8.65
0.9222594660307525,0.8282758463094337,155.0,92,-76.00819663434854,-76.28482698184345,0.00870201278213598,ok,7.76
0.8730626691931039,0.8282758463094337,155.0,92,-76.00477068950623,-76.27972761828768,0.008353054480614363,ok,9.38
0.9222594660307525,0.65,155.0,92,-75.83117751141147,-76.10274463325072,0.007925535669560491,ok,9.07
0.9222594660307525,0.8730626691931039,155.0,92,-76.01909413419084,-76.29718364264217,0.00898250441596219,ok,8.08
0.8730626691931039,0.8730626691931039,155.0,92,-76.0154690217265,-76.29189034345562,0.008635746336250565,ok,9.58
0.9222594660307525,0.7138970767665203,155.0,92,-75.92872287634881,-76.20194405046053,0.008139569577884299,ok,8.98
0.9222594660307525,0.7871730137334912,155.0,92,-75.98982970137051,-76.26517736946026,0.0084741168990359,ok,9.03
0.9222594660307525,0.7491939040506499,155.0,92,-75.96351819839415,-76.23773615927745,0.008289074232500295,ok,9.03
0.9222594660307525,0.9222594660307525,155.0,92,-76.0229329688783,-76.30268468155522,0.009329253466503236,ok,9.22
0.9768305109495515,0.65,155.0,92,-75.82702207483555,-76.10052322927424,0.008373122690820406,ok,9.26
0.9768305109495515,0.6809285230878754,155.0,92,-75.88082577762641,-76.15509553336283,0.008463272220644195,ok,9.07
0.9768305109495515,0.7138970767665203,155.0,92,-75.92486580525946,-76.20001013395361,0.008578738004409819,ok,9.1
0.9768305109495515,0.7491939040506499,155.0,92,-75.95982551880417,-76.23596195961943,0.008724291856862122,ok,8.43
0.9768305109495515,0.7871730137334912,155.0,92,-75.98631501021342,-76.26357663266182,0.008906002996700944,ok,7.73
1.0380956121167133,0.65,155.0,92,-75.81632466757897,-76.09203366227493,0.008926682807481896,ok,8.65
0.9768305109495515,0.8730626691931039,155.0,92,-76.0159839270149,-76.29597696676316,0.009412429489911068,ok,9.43
0.9768305109495515,0.8282758463094337,155.0,92,-76.00487569823946,-76.28341511549208,0.00913179920386106,ok,9.75
1.0380956121167133,0.6809285230878754,155.0,92,-75.87027795337448,-76.1467514620815,0.009012571813357063,ok,8.99
0.9768305109495515,0.9222594660307525,155.0,92,-76.02005085666653,-76.30170030178522,0.009763309877556497,ok,9.39
0.9768305109495515,0.9768305109495515,155.0,92,-76.01741513813407,-76.300957700676,0.010208547948241001,ok,9.49
1.0380956121167133,0.7138970767665203,155.0,92,-75.91447770382449,-76.19182212587592,0.009124134194825918,ok,9.24
1.0380956121167133,0.7491939040506499,155.0,92,-75.94960968571088,-76.22794279575928,0.009266543396342104,ok,9.54
1.0380956121167133,0.7871730137334912,155.0,92,-75.97628648078441,-76.25574124949335,0.009446520386147543,ok,9.55
1.0380956121167133,0.8282758463094337,155.0,92,-75.99505180374697,-76.27578045788118,0.009673046579796313,ok,10.06
1.0380956121167133,0.8730626691931039,155.0,92,-76.00638384036405,-76.28856190941627,0.009958596828212752,ok,9.75
1.0380956121167133,0.9222594660307525,155.0,92,-76.01069534796129,-76.29452628213384,0.01032147866193347,ok,10.24
1.0380956121167133,1.0380956121167133,155.0,92,-75.99953427008745,-76.28744313815272,0.01141858461242365,ok,10.15
1.0380956121167133,0.9768305109495515,155.0,92,-76.008327297408,-76.29405051564518,0.010790834309593399,ok,10.65
1.1079297093491922,0.65,155.0,92,-75.79920046683665,-76.07745810932252,0.00963859238063457,ok,10.49
1.1079297093491922,0.7491939040506499,155.0,92,-75.932992358526,-76.21387237707354,0.009971824331664013,ok,9.97
1.1079297093491922,0.6809285230878754,155.0,92,-75.85330986293799,-76.13233109468524,0.009720916700513182,ok,10.5
1.1079297093491922,0.7138970767665203,155.0,92,-75.89767780216135,-76.1775694364884,0.0098300205165122,ok,10.25
1.1079297093491922,0.8730626691931039,155.0,92,-75.99042560399518,-76.27515024600169,0.010688863163591347,ok,10.02
1.1079297093491922,0.8282758463094337,155.0,92,-75.97885276951718,-76.26212771465589,0.010388074237559563,ok,10.41
1.1079297093491922,0.7871730137334912,155.0,92,-75.95986859627992,-76.24186996468426,0.010154225960471316,ok,10.77
1.1079297093491922,0.9222594660307525,155.0,92,-75.9950026578642,-76.28138259113872,0.011079769653423048,ok,10.55
1.1079297093491922,1.0380956121167133,155.0,92,-75.98446339749798,-76.2749441934333,0.012310713728488729,ok,10.02
1.1079297093491922,0.9768305109495515,155.0,92,-75.99292863860272,-76.28120806319521,0.01159823812846524,ok,10.38
1.1079297093491922,1.1079297093491922,155.0,92,-75.96976082239155,-76.26284350932241,0.013349681124566429,ok,9.8
1.1891257633877539,0.6809285230878754,155.0,92,-75.82989724078523,-76.11193786830727,0.010717126746932292,ok,10.05
1.1891257633877539,0.7491939040506499,155.0,92,-75.90995473544041,-76.19386652135063,0.01097805952512279,ok,9.57
1.1891257633877539,0.65,155.0,92,-75.77562309721654,-76.05689502896233,0.01063492032168107,ok,10.59
1.1891257633877539,0.7138970767665203,155.0,92,-75.87444432624083,-76.15736120743566,0.01082904568312631,ok,10.43
1.1891257633877539,0.7871730137334912,155.0,92,-75.93704611836804,-76.22208651939508,0.011174291723511124,ok,10.06
1.1891257633877539,0.8730626691931039,155.0,92,-75.96810317069136,-76.2558862278241,0.01177203329352252,ok,9.31
1.1891257633877539,0.8282758463094337,155.0,92,-75.95626760144116,-76.24259006045766,0.011432014921679072,ok,9.76
1.1891257633877539,1.1079297093491922,155.0,92,-75.94884128499112,-76.2451125300718,0.015015059614051989,ok,9.48
1.1891257633877539,1.0380956121167133,155.0,92,-75.9631273370934,-76.25674144992188,0.013717772732030854,ok,9.86
1.1891257633877539,0.9222594660307525,155.0,92,-75.9729723413347,-76.26242623012793,0.012225993006836987,ok,10.17
1.1891257633877539,0.9768305109495515,155.0,92,-75.971224934623,-76.2626017928429,0.01284493029390247,ok,10.23
1.1891257633877539,1.1891257633877539,155.0,92,-75.92839594122506,-76.22794395726045,0.017100555004334578,ok,9.98
1.286113197827046,0.65,155.0,92,-75.74538942498668,-76.03039783719092,0.012301285610134723,ok,10.21
1.286113197827046,0.7138970767665203,155.0,92,-75.84457839073211,-76.13126821423171,0.012529099413467663,ok,9.45
1.286113197827046,0.6809285230878754,155.0,92,-75.79983887664784,-76.0856332120913,0.012396446177449585,ok,10.19
1.286113197827046,0.7491939040506499,155.0,92,-75.88030073373139,-76.16800701316326,0.012709570269994997,ok,9.78
1.286113197827046,0.7871730137334912,155.0,92,-75.90762634177182,-76.19648576010849,0.012952283863843147,ok,9.77
1.286113197827046,0.8730626691931039,155.0,92,-75.93923273247589,-76.23089856583589,0.013716410583001966,ok,9.49
1.286113197827046,0.8282758463094337,155.0,92,-75.92710765751397,-76.21727786802924,0.01327783815151856,ok,10.17
1.286113197827046,0.9222594660307525,155.0,92,-75.94442618953697,-76.23780725212482,0.014313688387390252,ok,10.72
1.286113197827046,1.0380956121167133,155.0,92,-75.93536092379766,-76.23303696095968,0.01632261306050448,ok,10.92
1.286113197827046,0.9768305109495515,155.0,92,-75.94304422554049,-76.23840612400498,0.0151419281390634,ok,11.1
1.286113197827046,1.1891257633877539,155.0,92,-75.90164189573015,-76.20550807340729,0.020839990802431572,high_t1,10.73
1.286113197827046,1.1079297093491922,155.0,92,-75.92154704494946,-76.22198525139578,0.01807623085314828,ok,11.18
1.4065542823824804,0.7871730137334912,155.0,92,-75.87116340013857,-76.16535511400272,0.017128683886446172,ok,9.95
1.4065542823824804,0.65,155.0,92,-75.70804723144374,-75.99816958368176,0.016114234966868955,ok,10.85
1.4065542823824804,0.6809285230878754,155.0,92,-75.76268360123994,-76.05363638889068,0.016264134503548744,ok,10.8
1.4065542823824804,0.7491939040506499,155.0,92,-75.84358229636089,-76.13655471990413,0.016752430175488674,ok,10.24
1.286113197827046,1.286113197827046,155.0,92,-75.87550563776969,-76.18392513557158,0.02556899557217882,high_t1,11.39
1.4065542823824804,0.7138970767665203,155.0,92,-75.80763019971106,-76.09952881377346,0.016471592716032952,ok,10.92
1.4065542823824804,0.8282758463094337,155.0,92,-75.89092982003567,-76.1865098174084,0.017631366398569697,ok,10.66
1.4065542823824804,0.8730626691931039,155.0,92,-75.90337449064062,-76.20054233421932,0.018304804730052072,ok,10.68
1.4065542823824804,0.9222594660307525,155.0,92,-75.90892804535977,-76.20792237813376,0.019214494534061908,ok,11.2
1.4065542823824804,0.9768305109495515,155.0,92,-75.90795382520346,-76.20906468081304,0.0204602776074706,high_t1,10.7
1.4065542823824804,1.0380956121167133,155.0,92,-75.90073437641954,-76.20432714592413,0.022201836736217114,high_t1,10.5
1.5655363404087876,0.65,155.0,92,-75.66278353419807,-75.96180736054612,0.028290968539717836,high_t1,10.92
1.5655363404087876,0.6809285230878754,155.0,92,-75.71761706936827,-76.01758440109484,0.028555054061597272,high_t1,10.9
1.5655363404087876,0.7138970767665203,155.0,92,-75.76278392866274,-76.06382703092055,0.02891501587474302,high_t1,10.88
1.4065542823824804,1.1891257633877539,155.0,92,-75.8681535096488,-76.17843181517426,0.028488963778872754,high_t1,12.48
1.4065542823824804,1.1079297093491922,155.0,92,-75.88745061742691,-76.19401849617662,0.02471150567866511,high_t1,12.6
1.4065542823824804,1.4065542823824804,155.0,92,-75.81071130621439,-76.13334344565787,0.044988146492187624,high_t1,11.89
1.5655363404087876,0.7491939040506499,155.0,92,-75.79898181705039,-76.10124839531868,0.0293932878095828,high_t1,10.59
1.5655363404087876,0.8282758463094337,155.0,92,-75.84691097471173,-76.15215883988768,0.03083646239955033,high_t1,10.81
1.5655363404087876,0.7871730137334912,155.0,92,-75.82683738476764,-76.13049624744538,0.030020052275199046,high_t1,11.0
1.4065542823824804,1.286113197827046,155.0,92,-75.84271429125526,-76.15794364094609,0.03453221463369022,high_t1,12.84
1.5655363404087876,0.8730626691931039,155.0,92,-75.85970047901442,-76.16676978849416,0.03189957560839343,high_t1,11.77
1.5655363404087876,0.9222594660307525,155.0,92,-75.86564228637347,-76.17481050608862,0.03329038261531344,high_t1,11.59
1.5655363404087876,0.9768305109495515,155.0,92,-75.86510640297122,-76.17670977111557,0.03512754489851059,high_t1,11.21
1.5655363404087876,1.0380956121167133,155.0,92,-75.85838366127277,-76.17284424222619,0.037593913620206476,high_t1,12.34
1.5655363404087876,1.1079297093491922,155.0,92,-75.84566551093974,-76.16354922944004,0.04098352211033167,high_t1,12.29
1.5655363404087876,1.5655363404087876,155.0,92,-75.7325076241517,-76.08285404284814,0.08339852377634221,high_t1,11.69
1.5655363404087876,1.1891257633877539,155.0,92,-75.82701527063895,-76.14915525930485,0.045800354393010785,high_t1,12.81
1.8,0.6809285230878754,155.0,92,-75.66339007465179,-75.98878991356254,0.06474002890824032,high_t1,12.8
1.8,0.65,155.0,92,-75.60835518993647,-75.93262092008997,0.0647924699339074,high_t1,12.95
1.8,0.7138970767665203,155.0,92,-75.7087804458968,-76.03548122954757,0.06477868171865665,high_t1,13.36
1.8,0.9222594660307525,155.0,92,-75.81314535924567,-76.14972765203734,0.06741074277805774,high_t1,12.13
1.8,0.7871730137334912,155.0,92,-75.77335231339114,-76.10323525276381,0.06522098408956994,high_t1,13.32
1.8,0.7491939040506499,155.0,92,-75.74522509502529,-76.07341211089687,0.06492954385537593,high_t1,13.62
1.8,0.8282758463094337,155.0,92,-75.79372465395156,-76.12554451079322,0.06569168227762091,high_t1,13.34
0.6809285230878754,0.6809285230878754,165.0,92,-75.74644138846207,-76.01168925101014,0.006538233054606829,ok,7.74
1.8,0.9768305109495515,155.0,92,-75.81300599954139,-76.152524686992,0.06885304579219653,high_t1,12.3
0.7138970767665203,0.65,165.0,92,-75.73649196044212,-76.00185456338473,0.006567998249836451,ok,7.61
1.5655363404087876,1.4065542823824804,155.0,92,-75.77115390432238,-76.10718024089843,0.06431301132425864,high_t1,15.16
0.65,0.65,165.0,92,-75.64113646354028,-75.90468215059036,0.006301939366729111,ok,8.52
1.8,1.0380956121167133,155.0,92,-75.8067193427689,-76.14965485491213,0.07090278349410825,high_t1,12.58
1.5655363404087876,1.286113197827046,155.0,92,-75.80231659221295,-76.1300883274156,0.0529701967636324,high_t1,15.44
1.8,0.8730626691931039,155.0,92,-75.80684261298029,-76.14087945875436,0.06639564476448608,high_t1,13.69
1.8,1.1079297093491922,155.0,92,-75.79448198344922,-76.14146164844135,0.0738519571191156,high_t1,12.77
0.6809285230878754,0.65,165.0,92,-75.69372095143558,-75.95812456728082,0.006421219338009492,ok,8.88
0.7138970767665203,0.6809285230878754,165.0,92,-75.78934870412598,-76.05554152268955,0.006682447893601883,ok,8.71
0.7138970767665203,0.7138970767665203,165.0,92,-75.83239354101721,-76.09951732154472,0.006824158243229854,ok,8.44
1.8,1.5655363404087876,155.0,92,-75.68390110259196,-76.06595482273978,0.11407140523664451,high_t1,11.31
0.7491939040506499,0.65,165.0,92,-75.77011424608804,-76.03654653932232,0.006746727272054634,ok,8.97
0.7491939040506499,0.6809285230878754,165.0,92,-75.8231086648511,-76.09035716333163,0.006858671030922651,ok,8.98
1.8,1.1891257633877539,155.0,92,-75.77636371972955,-76.12828224219562,0.07819469112302226,high_t1,13.61
0.7491939040506499,0.7138970767665203,165.0,92,-75.86629331739383,-76.13445896862865,0.0069976705632226,ok,8.86
1.8,1.4065542823824804,155.0,92,-75.72176592048652,-76.08903185458028,0.09550278654180944,high_t1,13.33
1.8,1.8,155.0,92,-75.63625153368343,-76.04991901561552,0.14943065001995123,high_t1,13.54
0.7491939040506499,0.7491939040506499,165.0,92,-75.90033636988589,-76.16953053551055,0.007168314623946541,ok,8.95
0.7871730137334912,0.6809285230878754,165.0,92,-75.84831284486609,-76.11674289094002,0.007072497628524615,ok,8.16
1.8,1.286113197827046,155.0,92,-75.75225778480998,-76.11054177604724,0.08482481757854406,high_t1,14.83
0.7871730137334912,0.65,165.0,92,-75.79517879790035,-76.06280646253384,0.006963286583257666,ok,9.18
0.7871730137334912,0.7491939040506499,165.0,92,-75.9258312550741,-76.1961809275558,0.0073762143541841185,ok,8.67
0.7871730137334912,0.7138970767665203,165.0,92,-75.89164035180815,-76.16097416722603,0.00720861318842657,ok,8.94
0.8282758463094337,0.7138970767665203,165.0,92,-75.90896091119507,-76.17961019847048,0.007464070611760904,ok,8.68
0.8282758463094337,0.65,165.0,92,-75.81221143707558,-76.08118060323258,0.007224788529261215,ok,9.09
0.7871730137334912,0.7871730137334912,165.0,92,-75.9514807145777,-76.22297420187863,0.007580907125936415,ok,9.23
0.8282758463094337,0.6809285230878754,165.0,92,-75.86548716267068,-76.13524538102415,0.007331054637629332,ok,9.25
0.8282758463094337,0.8282758463094337,165.0,92,-75.98692738357197,-76.26099698589326,0.008075073617599857,ok,8.64
0.8282758463094337,0.7491939040506499,165.0,92,-75.94330500414611,-76.21495838628312,0.00762842249067879,ok,9.29
0.8730626691931039,0.8730626691931039,165.0,92,-76.00768447329237,-76.28465642661875,0.008668823675845164,ok,8.24
0.8282758463094337,0.7871730137334912,165.0,92,-75.96911708391873,-76.24190358873443,0.007829733643794187,ok,8.91
0.8730626691931039,0.65,165.0,92,-75.82168136937206,-76.0921627960963,0.0075406093998300165,ok,9.01
0.8730626691931039,0.7491939040506499,165.0,92,-75.95322728555018,-76.22635767442925,0.007934113064270398,ok,8.74
0.8730626691931039,0.6809285230878754,165.0,92,-75.87510076048095,-76.14635871098785,0.007643635714847178,ok,8.98
0.8730626691931039,0.7871730137334912,165.0,92,-75.9792103858917,-76.25346378918539,0.008131853481388078,ok,9.05
0.8730626691931039,0.7138970767665203,165.0,92,-75.91872431393736,-76.19086150776515,0.007773266313966158,ok,9.16
0.8730626691931039,0.8282758463094337,165.0,92,-75.99720607204404,-76.27273251063627,0.008373647622637436,ok,9.18
0.9222594660307525,0.65,165.0,92,-75.82399903406542,-76.09618904184282,0.007923719862905713,ok,8.94
0.9222594660307525,0.6809285230878754,165.0,92,-75.87756445840577,-76.15051948095297,0.008023062485600767,ok,8.76
0.9222594660307525,0.8282758463094337,165.0,92,-76.00036232235126,-76.27754267058504,0.008738018764890752,ok,7.46
0.9222594660307525,0.7138970767665203,165.0,92,-75.92134182203178,-76.19516512070322,0.00814888985447813,ok,9.11
0.9222594660307525,0.7871730137334912,165.0,92,-75.98217140278105,-76.258090107206,0.008499804145791642,ok,8.82
0.9222594660307525,0.7491939040506499,165.0,92,-75.95600949892082,-76.2308155628245,0.008305873470897418,ok,9.22
0.9222594660307525,0.8730626691931039,165.0,92,-76.01105262002811,-76.28966475251976,0.009030136740915434,ok,7.62
0.9222594660307525,0.9222594660307525,165.0,92,-76.01464777978629,-76.29488339586584,0.009389318823858033,ok,8.19
0.9768305109495515,0.65,165.0,92,-75.81949436014366,-76.09361446576936,0.008393145713013101,ok,8.58
0.9768305109495515,0.6809285230878754,165.0,92,-75.87320932365105,-76.14808409791853,0.008488121916587503,ok,8.4
0.9768305109495515,0.7871730137334912,165.0,92,-75.97833278910288,-76.25613936779334,0.008951911788905,ok,7.91
0.9768305109495515,0.7138970767665203,165.0,92,-75.91714557832277,-76.1928784045142,0.008609512010998762,ok,8.83
0.9768305109495515,0.7491939040506499,165.0,92,-75.95198442678002,-76.22868963351058,0.008762110446474392,ok,9.07
0.9768305109495515,0.8282758463094337,165.0,92,-75.99672786786779,-76.27578283375021,0.009186597428544272,ok,9.52
0.9768305109495515,0.8730626691931039,165.0,92,-76.00764107099346,-76.28811168917373,0.009476308989554358,ok,10.09
0.9768305109495515,0.9222594660307525,165.0,92,-76.01147788197555,-76.29355306160537,0.009835130427430408,ok,9.99
1.0380956121167133,0.6809285230878754,165.0,92,-75.8622574171447,-76.13930622187675,0.009068923524365747,ok,9.45
1.0380956121167133,0.65,165.0,92,-75.80838768330835,-76.08469062564731,0.008979324320497884,ok,9.57
1.0380956121167133,0.7138970767665203,165.0,92,-75.90635948128586,-76.18425712174567,0.009184978049962926,ok,9.63
0.9768305109495515,0.9768305109495515,165.0,92,-76.00856938266698,-76.29246372078393,0.010284245963145611,ok,10.25
1.0380956121167133,0.7491939040506499,165.0,92,-75.9413778403443,-76.22023774565479,0.009332510265196473,ok,9.76
1.0380956121167133,0.7871730137334912,165.0,92,-75.96792223421926,-76.24787171975106,0.009517897276202154,ok,10.09
1.0380956121167133,0.8730626691931039,165.0,92,-75.99768202964177,-76.28026408333186,0.010038303503840862,ok,9.88
1.0380956121167133,0.8282758463094337,165.0,92,-75.98653248159937,-76.26771605935127,0.009749437700580614,ok,10.2
1.0380956121167133,0.9222594660307525,165.0,92,-76.00177811088969,-76.28594536184143,0.010400317859669118,ok,10.35
1.0380956121167133,0.9768305109495515,165.0,92,-75.99915456351445,-76.28512115162886,0.010859803766260417,ok,10.39
1.0380956121167133,1.0380956121167133,165.0,92,-75.99005533733018,-76.27807615786428,0.011459133693586285,ok,10.4
1.1079297093491922,0.7491939040506499,165.0,92,-75.92428758997386,-76.20561257199228,0.010072472612352175,ok,10.05
1.1079297093491922,0.65,165.0,92,-75.79076973802987,-76.06955970023637,0.009737696913456778,ok,10.41
1.1079297093491922,0.6809285230878754,165.0,92,-75.84480140377151,-76.12433096733318,0.009820665964398788,ok,10.55
1.1079297093491922,0.7138970767665203,165.0,92,-75.88907851676922,-76.16944978823102,0.009930435810244477,ok,10.66
1.1079297093491922,0.7871730137334912,165.0,92,-75.95104117990542,-76.23344509738217,0.010253881949471643,ok,10.45
1.1079297093491922,0.8282758463094337,165.0,92,-75.96988204147067,-76.25350681171768,0.010484157235174625,ok,9.78
1.1079297093491922,0.8730626691931039,165.0,92,-75.98128658098359,-76.266294111367,0.010776449301672512,ok,10.39
1.1079297093491922,0.9768305109495515,165.0,92,-75.98335659610146,-76.27171527040167,0.01163495290580407,ok,9.83
1.1079297093491922,1.0380956121167133,165.0,92,-75.97461075830914,-76.26501060866529,0.012285411469733238,ok,10.23
1.1079297093491922,0.9222594660307525,165.0,92,-75.98566532586635,-76.27224099832246,0.01114993804580465,ok,10.54
1.1079297093491922,1.1079297093491922,165.0,92,-75.95956665040468,-76.25233942420093,0.013212839792628875,ok,10.14
1.1891257633877539,0.65,165.0,92,-75.7665800779638,-76.0482530869113,0.010789733109914632,ok,9.96
1.1891257633877539,0.6809285230878754,165.0,92,-75.82078254768037,-76.10319355302097,0.010865694960334382,ok,10.13
1.1891257633877539,0.7138970767665203,165.0,92,-75.86524618419195,-76.14849623808021,0.010969765972201635,ok,9.83
1.1891257633877539,0.7491939040506499,165.0,92,-75.9006601377857,-76.1848597136129,0.01110837252825837,ok,10.13
1.1891257633877539,0.7871730137334912,165.0,92,-75.92763997810023,-76.21291234944046,0.011290146830281797,ok,10.27
1.1891257633877539,0.8282758463094337,165.0,92,-75.94673184504605,-76.23321688306034,0.011527065667335664,ok,9.84
1.1891257633877539,0.8730626691931039,165.0,92,-75.9584160035775,-76.24627417432595,0.011836339286747986,ok,9.95
1.1891257633877539,0.9222594660307525,165.0,92,-75.96310769596427,-76.25252452608747,0.012243959499937802,ok,10.12
1.1891257633877539,0.9768305109495515,165.0,92,-75.96115143287048,-76.25234435624597,0.01279212535205848,ok,9.8
1.286113197827046,0.7138970767665203,165.0,92,-75.83460488999835,-76.12132602847856,0.012666861719752278,ok,9.0
1.1891257633877539,1.0380956121167133,165.0,92,-75.95280573753676,-76.24603852782413,0.013556679537547994,ok,10.06
1.286113197827046,0.65,165.0,92,-75.73555847886406,-76.02068750754167,0.01248137418891112,ok,10.1
1.1891257633877539,1.1079297093491922,165.0,92,-75.93821992973969,-76.23383467282864,0.014693054132005995,ok,10.44
1.286113197827046,0.6809285230878754,165.0,92,-75.78994165446387,-76.07581647203857,0.012557600859997627,ok,10.02
1.286113197827046,0.7871730137334912,165.0,92,-75.89746674959117,-76.18622292569901,0.013023523492098331,ok,9.71
1.1891257633877539,1.1891257633877539,165.0,92,-75.91740309225663,-76.21589035989761,0.01657233224853671,ok,11.12
1.286113197827046,0.8730626691931039,165.0,92,-75.92882889796951,-76.22018445635621,0.013676427189705392,ok,9.83
1.286113197827046,0.7491939040506499,165.0,92,-75.87024025636548,-76.15791756051878,0.012818107994459465,ok,10.44
1.286113197827046,0.8282758463094337,165.0,92,-75.91683456509466,-76.20680950801747,0.013300865216709618,ok,10.32
1.286113197827046,0.9222594660307525,165.0,92,-75.9338711983531,-76.22679655115648,0.014190874727684643,ok,10.21
1.286113197827046,0.9768305109495515,165.0,92,-75.93231392459266,-76.22703319165201,0.014910971162625242,ok,10.66
1.286113197827046,1.0380956121167133,165.0,92,-75.9244257804559,-76.22121349252745,0.015955579300318573,ok,10.52
1.286113197827046,1.286113197827046,165.0,92,-75.8636678906487,-76.16969634351685,0.025391309652284845,high_t1,10.27
1.286113197827046,1.1079297093491922,165.0,92,-75.91036928150287,-76.20958582853042,0.017559505493775666,ok,10.74
1.286113197827046,1.1891257633877539,165.0,92,-75.89017077977326,-76.19234346294994,0.020249055977883266,high_t1,11.24
1.4065542823824804,0.65,165.0,92,-75.69714269267341,-75.98674565453518,0.016246469672120893,ok,10.83
1.4065542823824804,0.6809285230878754,165.0,92,-75.75171622705756,-76.04209594173881,0.016375804643272315,ok,10.86
1.4065542823824804,0.7138970767665203,165.0,92,-75.79659259781334,-76.0878521262242,0.016559030182747077,ok,10.77
1.4065542823824804,0.7871730137334912,165.0,92,-75.85996319148116,-76.15333593321566,0.01715629282830501,ok,10.62
1.4065542823824804,0.7491939040506499,165.0,92,-75.83246723218647,-76.12471970150062,0.016811804312905985,ok,11.14
1.4065542823824804,0.8282758463094337,165.0,92,-75.87963568541959,-76.17427525075267,0.017624589992890353,ok,11.23
1.4065542823824804,0.9222594660307525,165.0,92,-75.89741379302679,-76.19513243241724,0.01914799544416692,ok,11.03
1.4065542823824804,0.8730626691931039,165.0,92,-75.89197615203635,-76.18805396826511,0.01826423586777944,ok,11.14
1.4065542823824804,0.9768305109495515,165.0,92,-75.89631075954321,-76.19591273803498,0.020392461528640892,high_t1,10.36
1.4065542823824804,1.0380956121167133,165.0,92,-75.88894836188263,-76.19073466932888,0.022196560157041502,high_t1,10.9
1.4065542823824804,1.1079297093491922,165.0,92,-75.87550604882313,-76.1798800606013,0.024928537932674116,high_t1,12.79
1.5655363404087876,0.65,165.0,92,-75.65031570028222,-75.94743709038471,0.03125602212919254,high_t1,11.19
1.5655363404087876,0.7871730137334912,165.0,92,-75.81411153335087,-76.11558040401411,0.03397655654023048,high_t1,10.4
1.4065542823824804,1.1891257633877539,165.0,92,-75.85603270572958,-76.16360230004419,0.029343060342161727,high_t1,12.19
1.4065542823824804,1.4065542823824804,165.0,92,-75.79816112958538,-76.11666160501612,0.053186315418208736,high_t1,11.91
1.5655363404087876,0.6809285230878754,165.0,92,-75.7050882929357,-76.00310110035142,0.03169733030415462,high_t1,11.88
1.5655363404087876,0.7138970767665203,165.0,92,-75.7501910297151,-76.04921551459404,0.032274335954004967,high_t1,12.16
1.4065542823824804,1.286113197827046,165.0,92,-75.83039501688822,-76.1422336784645,0.037195694544602975,high_t1,13.48
1.5655363404087876,0.7491939040506499,165.0,92,-75.78632290338132,-76.08649308063043,0.033019568913280305,high_t1,12.25
1.5655363404087876,0.8730626691931039,165.0,92,-75.84684100269544,-76.15147607202357,0.03680037267670037,high_t1,11.99
1.5655363404087876,0.8282758463094337,165.0,92,-75.83411797923011,-76.13706428958753,0.0352088374645147,high_t1,12.49
1.5655363404087876,0.9222594660307525,165.0,92,-75.85271875670966,-76.15929555191515,0.03887693148278109,high_t1,12.5
1.5655363404087876,1.0380956121167133,165.0,92,-75.84535560534252,-76.15682407468172,0.04535585096458013,high_t1,12.81
1.5655363404087876,1.1891257633877539,165.0,92,-75.81397199953278,-76.13263872586035,0.058210709816157696,high_t1,12.6
1.5655363404087876,0.9768305109495515,165.0,92,-75.85212471394128,-76.16095137899347,0.04162820523239946,high_t1,13.65
1.5655363404087876,1.1079297093491922,165.0,92,-75.83261220036349,-76.14726272031567,0.05057159478406016,high_t1,13.34
1.5655363404087876,1.286113197827046,165.0,92,-75.78933963069058,-76.11351119839486,0.07013542917266184,high_t1,13.25
1.5655363404087876,1.4065542823824804,165.0,92,-75.75833158196122,-76.09123641267179,0.09035263922062037,high_t1,13.22
1.5655363404087876,1.5655363404087876,165.0,92,-75.71998825804268,-76.07079562075656,0.12701440280407506,high_t1,13.49
1.8,0.65,165.0,92,-75.59400605254069,-75.92305749641424,0.10155594180345516,high_t1,12.93
1.8,0.6809285230878754,165.0,92,-75.64898762877618,-75.97930971630433,0.1018541166833527,high_t1,12.17
1.8,0.7138970767665203,165.0,92,-75.69432693867911,-76.02611630478053,0.10232776079467809,high_t1,13.6
1.8,0.7491939040506499,165.0,92,-75.73072485950607,-76.06420034618706,0.1030109820194044,high_t1,13.98
1.8,0.7871730137334912,165.0,92,-75.7588120298606,-76.09422179103552,0.10394937879563938,high_t1,14.1
1.8,1.1079297093491922,165.0,92,-75.780151569349,-76.13555978504746,0.12108174302275701,high_t1,11.73
0.65,0.65,175.0,92,-75.63795274254936,-75.90177048598426,0.006274052201948602,ok,8.28
0.6809285230878754,0.65,175.0,92,-75.69046386803538,-75.95515361351997,0.006393906364623083,ok,7.37
1.8,0.8282758463094337,165.0,92,-75.77915390071934,-76.11678386140294,0.10520443702174415,high_t1,14.36
1.8,0.9768305109495515,165.0,92,-75.79845380931927,-76.14501044858055,0.1119211000840074,high_t1,13.92
0.7138970767665203,0.65,175.0,92,-75.73315013664696,-75.99881358646087,0.006541584203785546,ok,7.93
0.6809285230878754,0.6809285230878754,175.0,92,-75.74311480379362,-76.00866083110421,0.006511704919222864,ok,8.12
1.8,0.8730626691931039,165.0,92,-75.79225501612927,-76.13243882867944,0.10686087866367641,high_t1,14.47
1.8,0.9222594660307525,165.0,92,-75.79856072304712,-76.1416927604655,0.10903919258328518,high_t1,14.36
1.8,1.0380956121167133,165.0,92,-75.79224413832021,-76.14282411732285,0.11578551668562338,high_t1,14.09
0.7138970767665203,0.6809285230878754,175.0,92,-75.78594147622758,-76.05244478714687,0.006657360612368324,ok,8.41
0.7138970767665203,0.7138970767665203,175.0,92,-75.82891005377691,-76.09635377425703,0.00680090896038778,ok,8.44
0.7491939040506499,0.65,175.0,92,-75.76667447993854,-76.033422596951,0.006722043561872674,ok,8.18
0.7491939040506499,0.6809285230878754,175.0,92,-75.81960762829371,-76.08717870538362,0.006835686624278491,ok,8.45
0.7871730137334912,0.65,175.0,92,-75.7916260179494,-76.05958417512181,0.006941273883665291,ok,7.86
0.7491939040506499,0.7138970767665203,175.0,92,-75.86272052149343,-76.13121488759512,0.006977024602956724,ok,8.1
0.7491939040506499,0.7491939040506499,175.0,92,-75.89667902394534,-76.16620694778658,0.007150857221922981,ok,8.38
0.7871730137334912,0.6809285230878754,175.0,92,-75.84470255884693,-76.11346657311853,0.007052663802799412,ok,7.93
0.7871730137334912,0.7871730137334912,175.0,92,-75.9476275292087,-76.21945793594372,0.007572779339069004,ok,7.22
0.7871730137334912,0.7138970767665203,175.0,92,-75.88796251068379,-76.15763273880455,0.007191674517395709,ok,8.19
0.7871730137334912,0.7491939040506499,175.0,92,-75.9220735228401,-76.19276062255857,0.007363088695638053,ok,7.9
1.8,1.286113197827046,165.0,92,-75.73858671928178,-76.10799446824163,0.13956052406168207,high_t1,13.8
1.8,1.1891257633877539,165.0,92,-75.76228211835368,-76.12370687938825,0.12856420613160738,high_t1,14.65
1.8,1.5655363404087876,165.0,92,-75.67200424588312,-76.07339116737135,0.18428651307606905,high_t1,13.7
0.8282758463094337,0.65,175.0,92,-75.80852910648903,-76.07784237925063,0.007206959078981144,ok,8.59
0.8282758463094337,0.7138970767665203,175.0,92,-75.90515986226472,-76.1761518401808,0.007452391303062639,ok,7.42
0.8282758463094337,0.6809285230878754,175.0,92,-75.86175026332958,-76.13185255586599,0.007315902294581095,ok,8.2
1.8,1.8,165.0,92,-75.62626362737159,-76.07175334934965,0.23002190016737206,high_t1,15.63
1.8,1.4065542823824804,165.0,92,-75.70876380178096,-76.08990187293918,0.1565479463809685,high_t1,16.42
0.8282758463094337,0.7491939040506499,175.0,92,-75.93942813185475,-76.21142119968864,0.007621189155011724,ok,7.93
0.8282758463094337,0.7871730137334912,175.0,92,-75.96514960983482,-76.2382712700511,0.007828153023212882,ok,7.94
0.8282758463094337,0.8282758463094337,175.0,92,-75.98285114793856,-76.25725025680197,0.008080645696674332,ok,8.03
0.8730626691931039,0.65,175.0,92,-75.81785180423546,-76.088688478248,0.00752934351926868,ok,8.27
0.8730626691931039,0.6809285230878754,175.0,92,-75.87121869415765,-76.14282846794669,0.007635505057333542,ok,8.47
0.8730626691931039,0.7491939040506499,175.0,92,-75.94921103262311,-76.22268162119431,0.007934977496956446,ok,7.97
0.8730626691931039,0.8730626691931039,175.0,92,-76.00335595681882,-76.28063872951927,0.008692538444075002,ok,7.78
0.8730626691931039,0.8282758463094337,175.0,92,-75.99300054523431,-76.26884944017993,0.008388253746488572,ok,7.89
0.8730626691931039,0.7871730137334912,175.0,92,-75.97510795247216,-76.2496933480087,0.00813890105993278,ok,7.93
0.8730626691931039,0.7138970767665203,175.0,92,-75.91478060537953,-76.1872646534865,0.007769127352833546,ok,8.71
0.9222594660307525,0.7491939040506499,175.0,92,-75.95183229463355,-76.2269753653495,0.008317973146176185,ok,7.74
0.9222594660307525,0.65,175.0,92,-75.82000172789898,-76.09255317488903,0.007922691485787971,ok,8.79
0.9222594660307525,0.6809285230878754,175.0,92,-75.87351643882755,-76.14682648340319,0.008025504839379713,ok,8.82
0.9222594660307525,0.7138970767665203,175.0,92,-75.91723432230087,-76.19140454621672,0.00815567088036651,ok,8.92
0.9222594660307525,0.8282758463094337,175.0,92,-75.99600486356005,-76.27349649706744,0.008763977074263532,ok,7.88
0.9222594660307525,0.8730626691931039,175.0,92,-76.00657810138313,-76.28548408441709,0.009064535944059792,ok,7.89
0.9222594660307525,0.7871730137334912,175.0,92,-75.97791191288506,-76.25415583016519,0.008518283705217625,ok,8.11
0.9768305109495515,0.7138970767665203,175.0,92,-75.91284698764572,-76.18891862849603,0.008632045728383952,ok,7.89
0.9768305109495515,0.65,175.0,92,-75.8153013991944,-76.0897804318519,0.008407933554662624,ok,8.58
0.9768305109495515,0.7871730137334912,175.0,92,-75.97388876151558,-76.25200496464934,0.008985343209754268,ok,7.55
0.9768305109495515,0.7491939040506499,175.0,92,-75.94761905008002,-76.22464979893891,0.008789719059290371,ok,8.01
0.9768305109495515,0.6809285230878754,175.0,92,-75.86896777357046,-76.14419238806478,0.00850638692244395,ok,8.67
0.9768305109495515,0.8282758463094337,175.0,92,-75.99219039707023,-76.27153562894765,0.009226357683635134,ok,7.65
0.9222594660307525,0.9222594660307525,175.0,92,-76.01003323045526,-76.29053819982882,0.009432558163623187,ok,9.27
0.9768305109495515,0.8730626691931039,175.0,92,-76.00299185849673,-76.28372804139909,0.009522266963520576,ok,10.01
0.9768305109495515,0.9222594660307525,175.0,92,-76.0066944890304,-76.28900150121763,0.00988562541441119,ok,10.37
1.0380956121167133,0.65,175.0,92,-75.80395858820849,-76.08060353602363,0.009017724345744242,ok,9.41
0.9768305109495515,0.9768305109495515,175.0,92,-76.00362358545875,-76.28770103031438,0.01033377619639257,ok,9.94
1.0380956121167133,0.7138970767665203,175.0,92,-75.90183018688828,-76.18004368859816,0.00922934417586003,ok,8.93
1.0380956121167133,0.6809285230878754,175.0,92,-75.85778228826932,-76.13516126643343,0.009110056485691324,ok,9.55
1.0380956121167133,0.7871730137334912,175.0,92,-75.96325456977752,-76.24348143273329,0.009569381976705944,ok,9.71
1.0380956121167133,0.7491939040506499,175.0,92,-75.93678502538009,-76.21594345643099,0.009380447535129384,ok,10.14
1.0380956121167133,0.8282758463094337,175.0,92,-75.98177589297335,-76.26321060016838,0.00980371467466824,ok,9.97
1.0380956121167133,0.8730626691931039,175.0,92,-75.99281906559841,-76.27561862370378,0.010093124897647259,ok,10.13
1.0380956121167133,0.9768305109495515,175.0,92,-75.9940088265538,-76.28008554402301,0.010892748682738334,ok,10.04
1.0380956121167133,0.9222594660307525,175.0,92,-75.99678727819958,-76.2811271233798,0.010450318132521228,ok,10.38
1.1079297093491922,0.65,175.0,92,-75.78604630418342,-76.06513624866,0.009807554114465645,ok,10.06
1.0380956121167133,1.0380956121167133,175.0,92,-75.98471878518217,-76.27275939620155,0.011446445165676515,ok,10.27
1.1079297093491922,0.6809285230878754,175.0,92,-75.84003463624332,-76.1198490003231,0.009890712842772232,ok,10.3
1.1079297093491922,0.7138970767665203,175.0,92,-75.8842606728619,-76.16489821004186,0.01000036008133246,ok,9.91
1.1079297093491922,0.7491939040506499,175.0,92,-75.9194097832306,-76.20097830996171,0.01014142666798507,ok,10.29
1.1079297093491922,0.7871730137334912,175.0,92,-75.94609270256325,-76.22871208821965,0.010320068452501364,ok,10.17
1.1079297093491922,0.8282758463094337,175.0,92,-75.96484965442833,-76.2486547186585,0.010544088925915563,ok,10.09
1.1079297093491922,0.8730626691931039,175.0,92,-75.97615390734993,-76.26129672483722,0.01082353523410294,ok,10.08
1.1079297093491922,0.9222594660307525,175.0,92,-75.98041221110851,-76.26706395385472,0.01117163795559408,ok,10.07
1.1079297093491922,0.9768305109495515,175.0,92,-75.97795770021938,-76.26631194930194,0.011606613513565166,ok,10.23
1.1079297093491922,1.0380956121167133,175.0,92,-75.96903237563939,-76.25931397096248,0.01215582231418174,ok,10.22
1.1891257633877539,0.6809285230878754,175.0,92,-75.8156371619353,-76.09823592740258,0.010951330423012497,ok,9.21
1.1891257633877539,0.65,175.0,92,-75.76147574483271,-76.04335650813793,0.01088244387803785,ok,9.31
1.1079297093491922,1.1079297093491922,175.0,92,-75.9537607931078,-76.24624473316214,0.012866597326212127,ok,9.92
1.1891257633877539,0.7138970767665203,175.0,92,-75.8600524965272,-76.14346563889957,0.011045819907887331,ok,9.88
1.1891257633877539,0.7491939040506499,175.0,92,-75.89540993929063,-76.17974207078356,0.011170962212685783,ok,9.96
1.1891257633877539,0.7871730137334912,175.0,92,-75.9223234887632,-76.2076904060345,0.011333145119304795,ok,10.44
1.1891257633877539,0.8282758463094337,175.0,92,-75.9413370513001,-76.22786882911034,0.01154062807174994,ok,10.66
1.1891257633877539,0.8730626691931039,175.0,92,-75.95292807461902,-76.24077193407248,0.011804254389098217,ok,10.56
1.1891257633877539,0.9222594660307525,175.0,92,-75.95750837726425,-76.24683128578955,0.012138605282462621,ok,10.05
1.1891257633877539,0.9768305109495515,175.0,92,-75.95541774647594,-76.24640999861927,0.012564174845135645,ok,10.15
1.1891257633877539,1.1079297093491922,175.0,92,-75.93211281788095,-76.22715863840617,0.013840155023219008,ok,9.79
1.1891257633877539,1.1891257633877539,175.0,92,-75.91102103836711,-76.20858563128257,0.014874179175334469,ok,9.72
1.1891257633877539,1.0380956121167133,175.0,92,-75.9469070803961,-76.2397904549454,0.01311250955794343,ok,10.46
1.286113197827046,0.65,175.0,92,-75.72992963310753,-76.0150536208747,0.012471886745329718,ok,10.01
1.286113197827046,0.6809285230878754,175.0,92,-75.78427258241815,-76.07011387805576,0.012519236072348942,ok,9.76
1.286113197827046,0.7138970767665203,175.0,92,-75.82888901475388,-76.11554127724926,0.012590839065609104,ok,9.69
1.286113197827046,0.7871730137334912,175.0,92,-75.89163468985363,-76.18022325603027,0.012829635346656954,ok,10.01
1.286113197827046,0.7491939040506499,175.0,92,-75.8644704272771,-76.15203491520708,0.012691984671907188,ok,10.56
1.286113197827046,0.8282758463094337,175.0,92,-75.91093023097606,-76.2006686717666,0.013013157516238782,ok,10.4
1.286113197827046,0.8730626691931039,175.0,92,-75.9228398865884,-76.21387127873847,0.0132554107721434,ok,10.59
1.286113197827046,0.9222594660307525,175.0,92,-75.92778216587364,-76.2202698381978,0.013574559832539548,ok,10.47
1.286113197827046,0.9768305109495515,175.0,92,-75.92610549239365,-76.22023633991428,0.013997601757981433,ok,10.59
1.286113197827046,1.0380956121167133,175.0,92,-75.91807224723257,-76.21406391858864,0.014568694401452476,ok,10.64
1.286113197827046,1.1891257633877539,175.0,92,-75.88340062738607,-76.18399886793601,0.016607554771542753,ok,10.74
1.4065542823824804,0.7138970767665203,175.0,92,-75.79006224253689,-76.08062359357814,0.015323647501831092,ok,9.59
1.286113197827046,1.1079297093491922,175.0,92,-75.90383460048477,-76.20195319716771,0.015372051819587519,ok,11.21
1.4065542823824804,0.65,175.0,92,-75.69070252980542,-75.97971442170103,0.015244169085932024,ok,10.33
1.4065542823824804,0.6809285230878754,175.0,92,-75.74523371081783,-76.03497453819196,0.015271320086492506,ok,10.56
1.286113197827046,1.286113197827046,175.0,92,-75.85657065921067,-76.16017310472424,0.01891483800704733,ok,11.05
1.4065542823824804,0.7491939040506499,175.0,92,-75.82588364017111,-76.11736455128806,0.015408206449113032,ok,10.92
1.4065542823824804,0.7871730137334912,175.0,92,-75.85332057099515,-76.14583070195565,0.01553436881873363,ok,11.34
1.4065542823824804,0.8282758463094337,175.0,92,-75.87292724484395,-76.16659049549642,0.01571613823798099,ok,11.74
1.4065542823824804,0.8730626691931039,175.0,92,-75.88519353399697,-76.1801515631561,0.015974260601807694,ok,11.81
1.4065542823824804,0.9222594660307525,175.0,92,-75.89054663734022,-76.18696154360629,0.01634061476681646,ok,11.66
1.4065542823824804,1.0380956121167133,175.0,92,-75.88186982650144,-76.18178338422656,0.017646234953335664,ok,11.2
1.4065542823824804,0.9768305109495515,175.0,92,-75.8893461597442,-76.18740297971202,0.016867119490916422,ok,11.86
1.4065542823824804,1.1079297093491922,175.0,92,-75.86829153827034,-76.17032632259678,0.01886576466049937,ok,12.24
1.4065542823824804,1.1891257633877539,175.0,92,-75.84865011816018,-76.15316680459695,0.020982101306516815,high_t1,11.1
1.4065542823824804,1.286113197827046,175.0,92,-75.82279034398852,-76.1303612025397,0.025415798408420766,high_t1,12.54
1.5655363404087876,0.65,175.0,92,-75.64231003355238,-75.93650459997924,0.024269685044850067,high_t1,11.91
1.5655363404087876,0.6809285230878754,175.0,92,-75.69703453506611,-75.99201367042548,0.024510274535410985,high_t1,12.17
1.4065542823824804,1.4065542823824804,175.0,92,-75.79022588931262,-76.1020699103267,0.038527033786297196,high_t1,12.5
1.5655363404087876,0.7138970767665203,175.0,92,-75.7420859234414,-76.0379453808833,0.024840748978223776,high_t1,11.96
1.5655363404087876,0.7491939040506499,175.0,92,-75.77816427870462,-76.07500872897408,0.025287888658962573,high_t1,12.01
1.5655363404087876,0.8282758463094337,175.0,92,-75.82584886713201,-76.12503189602234,0.026704623166154674,high_t1,12.12
1.5655363404087876,0.7871730137334912,175.0,92,-75.80589805502095,-76.10384477484659,0.025890242653735178,high_t1,12.32
1.5655363404087876,0.8730626691931039,175.0,92,-75.83851595172206,-76.13909011654897,0.02781716079777134,high_t1,11.7
1.5655363404087876,0.9768305109495515,175.0,92,-75.84369106002157,-76.14761530898392,0.03157063292741481,high_t1,12.45
1.5655363404087876,0.9222594660307525,175.0,92,-75.84433829488171,-76.14648284910437,0.029363736323247944,high_t1,12.82
1.5655363404087876,1.1891257633877539,175.0,92,-75.80542876832007,-76.1166974063956,0.04891826715414902,high_t1,12.11
1.5655363404087876,1.1079297093491922,175.0,92,-75.82409209852582,-76.13243027369138,0.0400023616498564,high_t1,12.54
1.5655363404087876,1.0380956121167133,175.0,92,-75.83687392165334,-76.14283295582702,0.03484553815161642,high_t1,13.07
1.5655363404087876,1.286113197827046,175.0,92,-75.78079359307559,-76.0961560110553,0.06687213796042078,high_t1,13.11
1.5655363404087876,1.4065542823824804,175.0,92,-75.74980166478964,-76.07342023106287,0.11245029222448033,high_t1,14.57
1.8,0.6809285230878754,175.0,92,-75.63689205422591,-76.0143954874363,0.23393301759218227,high_t1,14.95
1.8,0.7491939040506499,175.0,92,-75.71853602647033,-76.10408349178032,0.23982654279714816,high_t1,14.63
1.8,0.65,175.0,92,-75.58196312101154,-75.95652388539978,0.2318823216549675,high_t1,15.03
1.8,0.7138970767665203,175.0,92,-75.6821816751332,-76.06330807807979,0.2365516847588472,high_t1,15.16
1.8,0.8730626691931039,175.0,92,-75.78001667668946,-76.08632366856827,0.16148341108587294,high_t1,13.54
1.8,0.7871730137334912,175.0,92,-75.74658959653247,-76.13751703963256,0.2438719697998925,high_t1,15.12
1.8,0.9768305109495515,175.0,92,-75.78632788985584,-76.09568219839468,0.15518401091397152,high_t1,13.45
1.8,1.0380956121167133,175.0,92,-75.7802620337885,-76.09139246045952,0.1507986595186814,high_t1,13.19
1.8,0.8282758463094337,175.0,92,-75.7669127488402,-76.07191421842492,0.16375408702926258,high_t1,14.72
1.8,1.1079297093491922,175.0,92,-75.7684084312458,-76.08152198530848,0.14521261450013812,high_t1,13.27
1.8,1.8,175.0,92,-75.6194268257248,-75.9555467811779,0.08044105508445958,high_t1,9.69
1.8,1.286113197827046,175.0,92,-75.72779923278364,-76.04584372293668,0.12854342830217722,high_t1,11.57
1.5655363404087876,1.5655363404087876,175.0,92,-75.71146726700549,-76.03195214763521,0.1771010876977211,high_t1,17.31
1.8,0.9222594660307525,175.0,92,-75.7863561853375,-76.09410890897972,0.15867511007867133,high_t1,14.32
1.8,1.1891257633877539,175.0,92,-75.75091658550865,-76.066287258926,0.13799428890047205,high_t1,12.62
1.8,1.4065542823824804,175.0,92,-75.69884068688643,-76.02030193880884,0.11606299313042245,high_t1,10.48
1.8,1.5655363404087876,175.0,92,-75.66334897617847,-75.9898360300462,0.09967629263815762,high_t1,10.48
