r1_A,r2_A,theta_deg,nbf,ncas,nelecas,e_gs_casscf_Ha,e_ex_casscf_Ha,e_gs_nevpt2_Ha,e_ex_nevpt2_Ha,mu_x,mu_y,mu_z,mu_abs,status,wall_s
0.7784650775728821,0.7784650775728821,55.0,92,6,8,-75.85358666419523,-75.57440443071573,-76.09957820304383,-75.7854346181344,0.3628967225512938,4.613843697274471e-15,-1.2383440410971016e-15,0.3628967225512938,ok,80.8
0.738001992915057,0.738001992915057,55.0,92,6,8,-75.77559219923799,-75.48776642154138,-76.0210497920416,-75.69710490745257,0.3753262401554801,3.019931805634779e-15,-6.054189904461068e-16,0.3753262401554801,ok,88.4
0.7,0.7,55.0,92,6,8,-75.6768540573143,-75.3807272056032,-75.92129322966098,-75.58834937202195,0.3837304488540162,1.6382302914674782e-15,-8.163016951917318e-17,0.3837304488540162,ok,113.58
0.8217302352684964,0.8217302352684964,55.0,92,6,8,-75.91343251683007,-75.64324062425167,-76.15928080880062,-75.85599705883355,0.3453305288317412,3.6454429050648016e-15,-4.839705220977513e-16,0.3453305288317412,ok,164.03
0.8682146206261605,0.7,55.0,92,6,8,-75.82259682219635,-75.54999075731135,-76.06652839057712,-75.75991555827628,-0.36026360918248723,-2.9454302514851507e-15,3.7585945340659155e-15,0.36026360918248723,ok,169.11
0.9184360891594576,0.7,55.0,92,6,8,-75.84024033050756,-75.57661389572782,-76.08325914183776,-75.78738237776867,-0.3446449708302621,-2.4512615081919687e-15,1.6093111042482936e-15,0.3446449708302621,ok,174.52
0.8682146206261605,0.8682146206261605,55.0,92,6,8,-75.95754813107848,-75.69671432195261,-76.20230820766288,-75.91122727003446,0.321511644395286,1.4355765552777833e-15,7.473308921568239e-16,0.321511644395286,ok,185.48
0.8682146206261605,0.738001992915057,55.0,92,6,8,-75.869554802693,-75.59931982372468,-76.1140631323922,-75.81011632245863,-0.35601740482361643,-2.6085406231757287e-15,1.0589478214709676e-15,0.35601740482361643,ok,188.05
0.8682146206261605,0.7784650775728821,55.0,92,6,8,-75.90675414009083,-75.63922372722695,-76.15170614006783,-75.85106109810289,0.34881549326161193,1.6173508534936243e-15,1.610002685436891e-15,0.34881549326161193,ok,198.89
0.8682146206261605,0.8217302352684964,55.0,92,6,8,-75.93565442076928,-75.67113724532068,-76.180758005251,-75.88425256983204,0.33713837663238294,-2.782081024422035e-16,-1.2253791302016222e-15,0.33713837663238294,ok,217.94
0.7784650775728821,0.7,55.0,92,6,8,-75.76675807248063,-75.4805749861558,-76.01133042843122,-75.6891312253784,-0.37769191726415674,3.5446302773417243e-15,-4.774036561150456e-15,0.37769191726415674,ok,219.41
0.8217302352684964,0.7,55.0,92,6,8,-75.79841781428996,-75.51844203526898,-76.04281617923584,-75.7276222988924,-0.37087036800171136,-3.568806960156994e-15,3.4252223561794138e-15,0.37087036800171136,ok,220.61
0.8217302352684964,0.7784650775728821,55.0,92,6,8,-75.88378378650675,-75.60993143186491,-76.12931251747519,-75.82119751237776,0.3579085354853024,8.783311671817857e-16,1.4087430363166534e-15,0.3579085354853024,ok,223.26
0.8217302352684964,0.738001992915057,55.0,92,6,8,-75.84594086336742,-75.5688443410695,-76.09095037133797,-75.77896304373768,0.3660289968827159,3.1583384424048506e-16,1.2164878410072379e-15,0.3660289968827159,ok,229.5
0.7784650775728821,0.738001992915057,55.0,92,6,8,-75.81494406483156,-75.53205722819114,-76.06022542904937,-75.7416857660027,-0.3720500886119598,8.047282443153227e-15,-7.106364363584179e-15,0.3720500886119598,ok,229.71
0.738001992915057,0.7,55.0,92,6,8,-75.7266082238011,-75.43506599754934,-75.97120973358642,-75.64314857523162,-0.3814461634959506,5.6520609231861094e-15,-5.385390589978115e-15,0.3814461634959506,ok,238.16
0.9184360891594576,0.738001992915057,55.0,92,6,8,-75.88672408982123,-75.62485967849807,-76.13031275038955,-75.83647525383215,-0.340877304690476,-1.8532657982069746e-15,4.623163050686095e-16,0.340877304690476,ok,185.14
0.9184360891594576,0.7784650775728821,55.0,92,6,8,-75.92339033724873,-75.66354556178362,-76.16738152413116,-75.87615663797965,-0.33425923168775906,-1.3880976993164862e-15,1.4638408645595344e-15,0.33425923168775906,ok,213.32
0.9730484681624365,0.7,55.0,92,6,8,-75.85221435421202,-75.59981802343331,-76.09372109640802,-75.81146836743488,0.3222918770379619,6.566374512293845e-16,-6.78445074144089e-16,0.3222918770379619,ok,161.9
0.9730484681624365,0.9730484681624365,55.0,92,6,8,-76.00706269841129,-75.76701861766081,-76.24576954224257,-75.98462467481731,0.2546239174459988,-2.3323632733291004e-15,2.849056286828501e-15,0.2546239174459988,ok,119.85
0.9184360891594576,0.9184360891594576,55.0,92,6,8,-75.98814297485563,-75.73719000627105,-76.23056412666752,-75.95340410099787,0.2909405340541838,5.440298199106552e-15,-1.3059377376735156e-15,0.2909405340541838,ok,171.42
1.0328937646339662,1.0328937646339662,55.0,92,6,8,-76.01560669133782,-75.78845798407417,-76.24934939599638,-76.00679726837883,0.2153915076882014,8.873757447805214e-16,1.2885212357847577e-15,0.2153915076882014,ok,6.18
1.0328937646339662,0.9730484681624365,55.0,92,6,8,-76.01198698342783,-75.77906641826294,-76.24769922209184,-75.99656094813739,-0.23018953903218736,-1.3552438030062902e-15,-1.887586034531128e-15,0.23018953903218736,ok,12.04
1.0328937646339662,0.9184360891594576,55.0,92,6,8,-76.00399896943136,-75.7672660354159,-76.24079974508881,-75.98358802899484,0.23873995392560793,2.297737425952221e-16,-3.182814166310026e-15,0.23873995392560793,ok,13.69
0.9730484681624365,0.9184360891594576,55.0,92,6,8,-75.99801739466604,-75.75307693585893,-76.23838896225577,-75.96989171068188,0.27040558092326616,-8.28478199687798e-17,6.013843448800753e-16,0.27040558092326616,ok,14.96
1.0328937646339662,0.8682146206261605,55.0,92,6,8,-75.99048866734223,-75.75131422704922,-76.22800186524469,-75.9667213715607,0.24509339100274438,1.0709996381109577e-15,-2.7308451076771635e-16,0.24509339100274438,ok,18.63
0.9730484681624365,0.738001992915057,55.0,92,6,8,-75.89833903620868,-75.64695550759848,-76.1403931409268,-75.85944717827957,0.3186477058539595,1.3630361170568255e-16,-1.985535258181807e-15,0.3186477058539595,ok,19.4
1.0328937646339662,0.7,55.0,92,6,8,-75.85932728963712,-75.62118625173652,-76.09858738932996,-75.83351223113272,-0.29099944594207083,-6.090416174840534e-16,-3.2599261876681705e-16,0.29099944594207083,ok,23.58
1.0990821169362144,0.7784650775728821,55.0,92,6,8,-75.94738621016505,-75.72095187484668,-76.17943174728778,-75.93225945014731,-0.20616950824468458,-9.651290584550452e-16,-5.967203803222141e-16,0.20616950824468458,ok,12.23
0.9184360891594576,0.8682146206261605,55.0,92,6,8,-75.97303124714793,-75.71799034563989,-76.21659495891262,-75.93313220541346,0.3075297117104275,3.965748314002123e-16,1.7159225880434057e-17,0.3075297117104275,ok,25.6
1.0990821169362144,0.8217302352684964,55.0,92,6,8,-75.9746106316233,-75.7482721529249,-76.206547711687,-75.9602758817069,0.20364705179805992,2.7682648922081846e-16,-5.131457360382593e-16,0.20364705179805992,ok,12.03
1.0990821169362144,0.738001992915057,55.0,92,6,8,-75.9111650900311,-75.68520020513638,-76.14350392957553,-75.89614919497268,0.20968307432664735,9.950098230916575e-16,-2.257977515175509e-16,0.20968307432664735,ok,19.56
0.9184360891594576,0.8217302352684964,55.0,92,6,8,-75.95170323000337,-75.69409185411503,-76.19576797809951,-75.90790124612731,0.3233957752800187,2.0925439478641985e-15,-1.4535642256545943e-15,0.3233957752800187,ok,27.15
0.9730484681624365,0.8682146206261605,55.0,92,6,8,-75.9835165754818,-75.7356487860165,-76.2251183699085,-75.95154445581944,-0.284672163894752,-1.291562627063397e-15,2.1871820250609914e-16,0.284672163894752,ok,27.35
1.0990821169362144,0.9184360891594576,55.0,92,6,8,-76.00674303870875,-75.78242480225896,-76.23830242425696,-75.99644294714061,0.19855547289061246,1.0275443497820757e-15,-1.4294455744501257e-15,0.19855547289061246,ok,9.46
1.0990821169362144,0.8682146206261605,55.0,92,6,8,-75.9940423245244,-75.76835432731016,-76.22585952234488,-75.98124092672079,-0.20122174896668218,-4.0409534113294433e-16,5.2001567886236565e-16,0.20122174896668218,ok,13.44
1.0990821169362144,0.9730484681624365,55.0,92,6,8,-76.01370685143169,-75.79178546516853,-76.24477083902629,-76.00720306746382,0.1951608383905518,1.837094579733429e-15,6.801098533634575e-16,0.1951608383905518,ok,9.61
0.9730484681624365,0.7784650775728821,55.0,92,6,8,-75.9346157055071,-75.6843648831042,-76.17702562575154,-75.89785798287478,0.31201110340759247,1.3398803510653234e-15,-6.47148551283123e-16,0.31201110340759247,ok,30.2
1.0990821169362144,1.0990821169362144,55.0,92,6,8,-76.01455137585677,-75.80337270437853,-76.24255503798402,-76.02137801091078,0.17689108120851874,6.374239772676518e-16,1.7932889607681223e-15,0.17689108120851874,ok,6.22
0.9730484681624365,0.8217302352684964,55.0,92,6,8,-75.96255799786994,-75.71342863104519,-76.20490096808297,-75.92809927964585,-0.30073981030022157,-2.3047081415881425e-15,5.19017073282074e-17,0.30073981030022157,ok,31.93
1.0328937646339662,0.7784650775728821,55.0,92,6,8,-75.94157344870551,-75.70313366053857,-76.18134941017526,-75.91732717137828,0.2760546342915111,9.287800948500676e-16,2.7458367738478405e-16,0.2760546342915111,ok,32.8
1.0328937646339662,0.8217302352684964,55.0,92,6,8,-75.97007972360537,-75.73018433894663,-76.20869357436337,-75.94516324489807,0.25559125616364053,2.064455835850666e-15,1.2125092507718497e-15,0.25559125616364053,ok,33.78
1.0328937646339662,0.738001992915057,55.0,92,6,8,-75.90530161970176,-75.66716952861518,-76.14500622891154,-75.88036171944363,0.28599170853983347,2.930081005267626e-15,1.893483538503543e-15,0.28599170853983347,ok,34.34
1.0990821169362144,1.0328937646339662,55.0,92,6,8,-76.01594205511117,-75.7979995082234,-76.24601178338355,-76.01508142628738,0.18945183536694607,-3.083536735676129e-16,8.954184433274525e-16,0.18945183536694607,ok,11.65
1.17311930899858,1.17311930899858,55.0,92,6,8,-76.00442895376966,-75.81291029788014,-76.22636315080777,-76.02941638868214,-0.14202601816981222,-7.655969918281964e-16,-2.3708296283454313e-15,0.14202601816981222,ok,6.18
1.17311930899858,0.8682146206261605,55.0,92,6,8,-75.99386533290462,-75.78805645923134,-76.21980737024059,-75.99789136119213,-0.16229988641090554,-9.08833118272246e-16,-8.614771778384687e-16,0.16229988641090554,ok,9.67
1.17311930899858,0.738001992915057,55.0,92,6,8,-75.91218567467216,-75.70811856770776,-76.1380440774285,-75.9159236955872,-0.1687790329113232,-9.350956133571094e-16,3.734374786408357e-15,0.1687790329113232,ok,11.45
1.17311930899858,0.9730484681624365,55.0,92,6,8,-76.01222054693055,-75.80743301442237,-76.23770756562834,-76.01932542680737,0.15740207004185944,1.0857910748664431e-15,-5.649595423436802e-16,0.15740207004185944,ok,8.96
1.17311930899858,0.7784650775728821,55.0,92,6,8,-75.94803912942365,-75.74312807563967,-76.17398801003324,-75.9515408141885,-0.1668001460394726,-1.625710969012907e-15,3.504324136814692e-15,0.1668001460394726,ok,11.73
1.17311930899858,0.7,55.0,92,6,8,-75.86606480361641,-75.66302214889356,-76.09181165282806,-75.87030590462884,0.17060298875285318,1.6532006931457225e-15,-3.1930680787876975e-15,0.17060298875285318,ok,12.79
1.17311930899858,0.8217302352684964,55.0,92,6,8,-75.9748869013925,-75.7693670872564,-76.2008815042198,-75.9784707476839,0.16464442838511753,8.556458594008132e-16,5.576914688777542e-16,0.16464442838511753,ok,11.74
1.17311930899858,0.9184360891594576,55.0,92,6,8,-76.00599839251484,-75.80036002281233,-76.23178865975278,-76.01109761104473,-0.15986067717795588,-1.5112312045957243e-15,9.094998995166944e-16,0.15986067717795588,ok,11.59
1.17311930899858,1.0328937646339662,55.0,92,6,8,-76.01340594667337,-75.81054045586798,-76.2383498525429,-76.02388295925283,0.15494545413647814,1.836881415487942e-15,-7.75948648529765e-16,0.15494545413647814,ok,11.18
1.2571204432701741,0.7784650775728821,55.0,92,6,8,-75.94475989606846,-75.76683485433601,-76.16504565622571,-75.97237202995952,0.13589361655648846,7.494133446975672e-16,-4.5029720808870026e-15,0.13589361655648846,ok,7.55
1.2571204432701741,0.7,55.0,92,6,8,-75.863231188557,-75.68776294848425,-76.08312114540139,-75.89221780785365,0.13949085371625308,-2.946270312991746e-17,-7.522903530058482e-15,0.13949085371625308,ok,9.79
1.2571204432701741,0.9184360891594576,55.0,92,6,8,-76.00152829180821,-75.82089508293616,-76.22182504782879,-76.02825815839952,0.12819828526182173,5.225679897575898e-16,1.8444128277719513e-16,0.12819828526182173,ok,6.4
1.17311930899858,1.0990821169362144,55.0,92,6,8,-76.0104600378632,-75.81136333918138,-76.23442030468989,-76.02668486074441,0.15150355301270646,7.620314500435183e-16,2.8379488366462656e-15,0.15150355301270646,ok,12.99
1.2571204432701741,1.2571204432701741,55.0,92,6,8,-75.9858164865083,-75.81747519741964,-76.20169205801147,-76.03125078534971,0.11204380143435977,-1.1548311498841945e-15,4.581751991857005e-15,0.11204380143435977,ok,6.2
1.2571204432701741,0.8682146206261605,55.0,92,6,8,-75.98987145529276,-75.80992416029349,-76.21025249245656,-76.01664235256595,-0.13101374661260104,-6.898215481249577e-16,-6.689865029727289e-16,0.13101374661260104,ok,9.62
1.0990821169362144,0.7,55.0,92,6,8,-75.86284732933339,-75.64184760347894,-76.09865490822472,-75.8540205804048,0.24186401742318792,1.676887066699197e-15,-6.037104095978229e-15,0.24186401742318792,ok,45.87
1.2571204432701741,0.738001992915057,55.0,92,6,8,-75.9091596372285,-75.73242938847835,-76.12927250382091,-75.93739449860306,0.1378567181761824,6.755711924610589e-16,-4.9512335283947445e-15,0.1378567181761824,ok,13.09
1.2571204432701741,1.17311930899858,55.0,92,6,8,-75.99607715441547,-75.81985314369383,-76.21396391303016,-76.03223428981605,0.118349212889527,4.793171177171026e-16,3.3720593981440887e-15,0.118349212889527,ok,9.49
1.2571204432701741,0.8217302352684964,55.0,92,6,8,-75.97128816065964,-75.79227078848825,-76.19168436510869,-75.99839308443111,0.13360336714513732,6.939335425038508e-16,-3.304481175915938e-15,0.13360336714513732,ok,12.85
1.3541907073778483,0.7,55.0,92,6,8,-75.85700049153272,-75.7123466790842,-76.07126191339698,-75.91393688180595,-0.11429943478456098,-1.0003463788302956e-15,1.3954950007558554e-14,0.11429943478456098,ok,9.39
1.2571204432701741,1.0328937646339662,55.0,92,6,8,-76.00763164344164,-75.82697072228115,-76.22725788526137,-76.03604901902635,0.1225946834627357,3.365184083291548e-16,-9.632575891387077e-16,0.1225946834627357,ok,11.12
1.2571204432701741,0.9730484681624365,55.0,92,6,8,-76.00717292715576,-75.82623077841407,-76.22723137510252,-76.03437257281456,-0.1253279283334177,-9.123210914142974e-16,-2.2418504553495607e-16,0.1253279283334177,ok,11.54
1.2571204432701741,1.0990821169362144,55.0,92,6,8,-76.00366813379881,-75.82427915775314,-76.22261627590107,-76.03456686228606,0.12031064101563656,1.0968431110487268e-15,3.325965682008873e-16,0.12031064101563656,ok,11.41
1.3541907073778483,0.7784650775728821,55.0,92,6,8,-75.93807612290883,-75.79084315131823,-76.15284351506558,-75.99340350069852,-0.11118320700673244,-1.194197921658827e-15,1.147639634625232e-14,0.11118320700673244,ok,8.73
1.3541907073778483,0.8217302352684964,55.0,92,6,8,-75.96427816299447,-75.8157723050084,-76.17922297163537,-76.01884273632783,0.10903893572803938,7.558150114343107e-16,-5.042538173293679e-15,0.10903893572803938,ok,8.09
1.3541907073778483,0.738001992915057,55.0,92,6,8,-75.90273355314399,-75.75679141564925,-76.11725981409998,-75.95885549728307,-0.11292809156368401,-5.963980198875656e-16,7.914671039898972e-15,0.11292809156368401,ok,10.27
1.3541907073778483,0.8682146206261605,55.0,92,6,8,-75.98246406983651,-75.8327361140925,-76.19750554890987,-76.03631618645495,-0.10650829554713438,-8.084931070791195e-16,4.322095361766729e-15,0.10650829554713438,ok,8.92
1.3541907073778483,1.17311930899858,55.0,92,6,8,-75.98526611211983,-75.83309302318327,-76.19834003626853,-76.03960782704262,0.09157233731269601,1.2928247135928338e-15,-1.4200995907074722e-15,0.09157233731269601,ok,6.1
1.3541907073778483,1.0990821169362144,55.0,92,6,8,-75.99385575466377,-75.84111406711295,-76.20779649772632,-76.04674295784349,0.09409977299710648,7.483682569940239e-16,-2.8451011130981394e-16,0.09409977299710648,ok,7.47
1.3541907073778483,0.9184360891594576,55.0,92,6,8,-75.99364912774857,-75.84279527299651,-76.20870918181507,-76.04686735251333,0.10362871522658094,2.6640214441932122e-17,-2.493952502549998e-16,0.10362871522658094,ok,10.47
1.4691596244932197,0.8682146206261605,55.0,92,6,8,-75.97236061517116,-75.85525496532742,-76.18207816174595,-76.05570934032967,-0.0865987717560621,1.0752778283939967e-15,-3.49594263196407e-14,0.0865987717560621,ok,5.29
1.3541907073778483,1.0328937646339662,55.0,92,6,8,-75.9985722859702,-75.846068111205,-76.21309623841788,-76.05108837287192,0.0972175816451663,8.447136888047945e-16,2.8988113902524765e-16,0.0972175816451663,ok,9.48
1.3541907073778483,1.3541907073778483,55.0,92,6,8,-75.9594623444513,-75.81704133637517,-76.16912617529567,-76.02656350049882,-0.08674886458684708,5.133531789365865e-16,-6.131334233661699e-15,0.08674886458684708,ok,8.03
1.4691596244932197,0.9184360891594576,55.0,92,6,8,-75.98305478736557,-75.86473546302962,-76.19284832622911,-76.06557807995489,0.0840523368034376,-6.172947130256951e-16,3.354511568015922e-14,0.0840523368034376,ok,6.35
1.3541907073778483,0.9730484681624365,55.0,92,6,8,-75.99874623918713,-75.84693178674321,-76.21363337119656,-76.05148146062305,0.10048298550463723,8.805048977643784e-16,5.580321679466445e-16,0.10048298550463723,ok,12.84
1.4691596244932197,0.7,55.0,92,6,8,-75.848111517714,-75.73574763154099,-76.05682637144884,-75.93439074158685,-0.09263494417708391,-1.2790958214938207e-15,2.0390161528308837e-14,0.09263494417708391,ok,8.89
1.4691596244932197,0.8217302352684964,55.0,92,6,8,-75.95458730479811,-75.83870100202341,-76.16412580382584,-76.03870286798352,-0.08871563012648015,-2.9136816077148934e-15,9.22789593223641e-14,0.08871563012648015,ok,7.67
1.4691596244932197,0.7784650775728821,55.0,92,6,8,-75.92872190324451,-75.81404096352671,-76.13801546659134,-76.0135761312119,-0.09041459075354877,-2.4399513692757526e-15,7.00617986816093e-14,0.09041459075354877,ok,8.28
1.4691596244932197,0.738001992915057,55.0,92,6,8,-75.89364431480124,-75.78014063778873,-76.10265540116528,-75.9792240888474,0.09170928420804714,1.5571259049439192e-15,-1.316884348848661e-13,0.09170928420804714,ok,8.74
1.3541907073778483,1.2571204432701741,55.0,92,6,8,-75.97350441523083,-75.82358701444498,-76.18531754931256,-76.03169293490639,0.09025022200119936,7.476466415704637e-16,5.411110239946605e-15,0.09025022200119936,ok,11.13
1.4691596244932197,1.0990821169362144,55.0,92,6,8,-75.98132876111748,-75.8598063715739,-76.19034005486652,-76.06126473184307,-0.07430205332973976,-3.465822183652763e-16,2.883866583193679e-17,0.07430205332973976,ok,6.57
1.4691596244932197,0.9730484681624365,55.0,92,6,8,-75.98758295118097,-75.8680873088829,-76.1973035984267,-76.06922205953283,0.08111382780695024,-2.2017914683182617e-15,5.576927640516667e-14,0.08111382780695024,ok,8.13
1.4691596244932197,1.17311930899858,55.0,92,6,8,-75.97192696793343,-75.84976460855634,-76.18015690413826,-76.05132593619024,-0.07079691295118773,-6.155247213076187e-16,-1.1479877653242427e-16,0.07079691295118773,ok,6.46
1.4691596244932197,1.4691596244932197,55.0,92,6,8,-75.9263738628046,-75.81161284482909,-76.12920955880637,-76.0149884648177,0.06508118937648914,-1.8774428301595165e-14,1.8401150451192072e-14,0.06508118937648914,ok,4.58
1.4691596244932197,1.2571204432701741,55.0,92,6,8,-75.95916219684463,-75.83692101597809,-76.16623920662911,-76.03855348800357,-0.06777074277478046,-1.5557282444993773e-15,1.4865493426827753e-15,0.06777074277478046,ok,7.24
1.6101543756409509,0.9730484681624365,55.0,92,6,8,-75.97464166218845,-75.88850727090954,-76.17912157785007,-76.08629472103658,-0.06460306794500693,-4.483687507438001e-15,1.17973914611998e-13,0.06460306794500693,ok,4.3
1.6101543756409509,1.0328937646339662,55.0,92,6,8,-75.9731460592794,-75.88594947907603,-76.17744519745102,-76.08376633393544,0.06183296176056324,1.2550128513909975e-14,-2.9779001415812044e-13,0.06183296176056324,ok,4.52
1.6101543756409509,0.8682146206261605,55.0,92,6,8,-75.96050455196487,-75.87645504832449,-76.1648318572676,-76.07372705840247,0.06880687836455128,-1.1462437781445546e-14,4.890968522202538e-13,0.06880687836455128,ok,6.56
1.6101543756409509,0.7,55.0,92,6,8,-75.83743355318275,-75.75714328220137,-76.04062885178918,-75.95283748936113,-0.07245265405433496,-4.2801744180435795e-15,8.211743565685252e-15,0.07245265405433496,ok,8.98
1.6101543756409509,1.2571204432701741,55.0,92,6,8,-75.94307035795927,-75.85302538137458,-76.145132295168,-76.04960189896227,-0.05129729303810741,-6.498788575548418e-15,6.642499587986161e-14,0.05129729303810741,ok,5.56
1.6101543756409509,0.738001992915057,55.0,92,6,8,-75.88277874641562,-75.80160969556181,-76.08628082731444,-75.9976536300836,0.0720540069088418,8.724614040795319e-14,-3.5300520554150436e-12,0.0720540069088418,ok,8.15
1.6101543756409509,1.0990821169362144,55.0,92,6,8,-75.96695166169211,-75.8787107365423,-76.17083495933792,-76.07635318112169,0.05863427513342151,6.446386275376979e-15,-1.2085154604882021e-13,0.05863427513342151,ok,6.83
1.6101543756409509,0.7784650775728821,55.0,92,6,8,-75.91760278075807,-75.83551291374111,-76.12141529445239,-76.03198739934128,0.0713406083123012,6.048033962639502e-14,-2.4816316816980853e-12,0.0713406083123012,ok,8.72
1.6101543756409509,1.6101543756409509,55.0,92,6,8,-75.8881630041428,-75.80188057277729,-76.08262199049145,-75.99641717360723,0.045732559978957754,4.8681293129043086e-14,-5.0525801017559323e-14,0.045732559978957754,ok,5.09
1.6101543756409509,0.9184360891594576,55.0,92,6,8,-75.9707012969567,-75.88562116683087,-76.17517304723121,-76.08321120896802,-0.066925722875884,-1.4274813504711424e-14,4.703472633504693e-13,0.066925722875884,ok,8.48
1.4691596244932197,1.3541907073778483,55.0,92,6,8,-75.94367315622216,-75.82261586987168,-76.14910304262528,-76.02487733629219,0.06622786849544425,1.5503168224479258e-15,5.750164261205957e-15,0.06622786849544425,ok,11.27
1.6101543756409509,1.4691596244932197,55.0,92,6,8,-75.9078979105678,-75.817548334652,-76.10589725978292,-76.0118497602373,-0.045103594950318106,-2.902041160473079e-15,5.150756221645218e-15,0.045103594950318106,ok,9.15
1.7925140766422638,1.2571204432701741,55.0,92,6,8,-75.92656328064663,-75.86952756400396,-76.12318087084914,-76.06173835756786,-0.037997862573228,-1.4862145288392777e-15,3.408451585611006e-14,0.037997862573228,ok,3.79
1.7925140766422638,0.7,55.0,92,6,8,-75.82608297553193,-75.77582129601619,-76.02387262424209,-75.96870626033342,0.05208685561879724,9.51919780647904e-17,2.1933462010301904e-14,0.05208685561879724,ok,7.83
1.7925140766422638,1.0328937646339662,55.0,92,6,8,-75.95916342603411,-75.90435139777759,-76.15813642033586,-76.0987329444502,0.04637471354192827,3.93959974250483e-15,-6.048508732416674e-14,0.04637471354192827,ok,5.62
1.7925140766422638,0.8217302352684964,55.0,92,6,8,-75.9311630541061,-75.87911048284143,-76.12982642110734,-76.07292394247749,0.05152229478741859,1.0802251991314771e-14,-5.476950794411541e-14,0.05152229478741859,ok,6.66
1.4691596244932197,1.0328937646339662,55.0,92,6,8,-75.98676490616947,-75.86617554757579,-76.19625573860522,-76.06750289106078,0.07781871019218664,-1.3878226000377644e-15,3.444999010821235e-14,0.07781871019218664,ok,20.32
1.6101543756409509,0.8217302352684964,55.0,92,6,8,-75.94314067704693,-75.8600893747091,-76.14723915670054,-76.05697670725193,-0.07026713903084439,-1.8883752877157402e-15,1.787125584808042e-14,0.07026713903084439,ok,14.36
1.7925140766422638,0.738001992915057,55.0,92,6,8,-75.87128227416974,-75.8204495438481,-76.06936842070665,-76.0136265031111,0.052135786765494394,-1.4557924147089982e-15,1.888774872977317e-14,0.052135786765494394,ok,8.97
1.7925140766422638,0.8682146206261605,55.0,92,6,8,-75.94817121689984,-75.89546888457235,-76.1470775458789,-76.08959694054406,-0.05078195178600504,8.14621932678479e-15,-8.047369440079878e-14,0.05078195178600504,ok,8.02
1.7925140766422638,0.9730484681624365,55.0,92,6,8,-75.96131337408364,-75.90722995531985,-76.16042480279627,-76.10169829181001,-0.048247584444292765,-4.5317619146322e-15,3.530568387619111e-14,0.048247584444292765,ok,7.31
1.6101543756409509,1.3541907073778483,55.0,92,6,8,-75.9265814695625,-75.83602602664433,-76.12697231800473,-76.03150240528791,0.047661830883703064,-8.287235373749231e-16,2.509180342774959e-14,0.047661830883703064,ok,14.3
1.7925140766422638,1.3541907073778483,55.0,92,6,8,-75.90914982842249,-75.8514692973703,-76.10394525652096,-76.04186311738624,0.034324518905609,3.9387826032675095e-14,-4.838921094015404e-13,0.034324518905609,ok,6.13
1.7925140766422638,1.6101543756409509,55.0,92,6,8,-75.86866208722567,-75.81042053631191,-76.05704405438759,-75.99411250053024,-0.02648711380695732,-5.636021318280466e-14,1.9767142077949118e-13,0.02648711380695732,ok,5.29
1.7925140766422638,0.7784650775728821,55.0,92,6,8,-75.9059006942898,-75.85447108045754,-76.10428682895956,-76.04795816242225,0.05195948095789776,-7.274061093053289e-15,5.3757936195010905e-14,0.05195948095789776,ok,11.45
1.7925140766422638,0.9184360891594576,55.0,92,6,8,-75.95792090262908,-75.90454149862862,-76.15699519718498,-76.09890559888247,0.04970347088716675,-4.8837076081682905e-15,6.212471592229488e-14,0.04970347088716675,ok,11.75
1.6101543756409509,1.17311930899858,55.0,92,6,8,-75.95672252901531,-75.86750380734547,-76.1598998888114,-76.06480476243797,0.05507123277123776,3.798561629140758e-16,2.9977808553996947e-15,0.05507123277123776,ok,17.85
1.7925140766422638,1.4691596244932197,55.0,92,6,8,-75.88956318026013,-75.83142203966821,-76.08172052858815,-76.01905798436215,-0.03037577779994629,-1.054137157021614e-14,5.422167960583894e-14,0.03037577779994629,ok,7.02
2.0510782147427644,0.9184360891594576,55.0,92,6,8,-75.94661088635192,-75.92053071389495,-76.1406124127228,-76.11202982855636,-0.030642616447096253,-3.857246159115456e-15,8.535734798594667e-15,0.030642616447096253,ok,4.44
2.0510782147427644,0.7,55.0,92,6,8,-75.8155974989138,-75.7909843755311,-76.00847889017727,-75.98138535460433,0.030865925932381147,-1.9547258888907556e-14,4.3513102226934714e-14,0.030865925932381147,ok,6.25
1.7925140766422638,1.0990821169362144,55.0,92,6,8,-75.9522091833485,-75.89665003496862,-76.15077641166921,-76.0906739889707,-0.044052697085550284,-8.231485967738238e-16,5.528286075414356e-15,0.044052697085550284,ok,11.74
1.7925140766422638,1.17311930899858,55.0,92,6,8,-75.94112858568938,-75.88481813248232,-76.13894293893362,-76.0781477067803,0.041257972342788,-2.738680563563716e-16,3.084749255379084e-14,0.041257972342788,ok,11.71
1.7925140766422638,1.7925140766422638,55.0,92,6,8,-75.84835848504576,-75.79082921929609,-76.03141521510233,-75.97251791285204,0.027797953848764823,2.0882160750983437e-14,6.674151476722445e-15,0.027797953848764823,ok,7.7
2.0510782147427644,0.8217302352684964,55.0,92,6,8,-75.92034918003431,-75.89486536032594,-76.11401866852411,-76.08602953318204,-0.031238572953872522,-4.165722213291992e-15,7.080515083662926e-15,0.031238572953872522,ok,7.01
2.0510782147427644,0.7784650775728821,55.0,92,6,8,-75.8952413249653,-75.87005190838597,-76.08865598336928,-76.06096926025393,0.031255852637288806,-2.243579052156978e-15,9.531890385210386e-15,0.031255852637288806,ok,7.43
2.0510782147427644,1.17311930899858,55.0,92,6,8,-75.92776593202422,-75.90052724099091,-76.12018258764442,-76.09031246527357,0.026256329286590593,4.00728010154555e-15,1.5591991327514576e-16,0.026256329286590593,ok,4.52
2.0510782147427644,1.2571204432701741,55.0,92,6,8,-75.91245809057801,-75.88497512197394,-76.1034599307715,-76.07327258883448,-0.02426623698843094,3.33913417943889e-15,-1.1001016620559271e-14,0.02426623698843094,ok,4.19
2.0510782147427644,0.9730484681624365,55.0,92,6,8,-75.94963747445327,-75.9232581844988,-76.14364375072337,-76.1147626326776,0.03000339058187997,3.9777988899124186e-15,-1.0220660186393368e-14,0.03000339058187997,ok,6.68
2.0510782147427644,1.4691596244932197,55.0,92,6,8,-75.87401868629675,-75.84628461043403,-76.05977765930236,-76.02903346464693,-0.01900814965925961,4.3957665359920816e-15,-3.327335662120105e-14,0.01900814965925961,ok,4.18
2.0510782147427644,0.738001992915057,55.0,92,6,8,-75.86072939204914,-75.83583063182849,-76.05387263685316,-76.02648336469363,-0.03112383531757983,-2.4666965386760952e-15,-1.4003079363612024e-15,0.03112383531757983,ok,10.66
2.0510782147427644,1.0328937646339662,55.0,92,6,8,-75.94702713832973,-75.92035159708637,-76.14083439742338,-76.11162971285734,-0.029086452906283426,7.146757179209273e-15,-4.5473212766197774e-14,0.029086452906283426,ok,7.21
2.0510782147427644,1.3541907073778483,55.0,92,6,8,-75.8942789726166,-75.8666108871499,-76.08314172454754,-76.05266216443181,0.021851281312423615,8.48447089789603e-15,-1.1071366130179175e-14,0.021851281312423615,ok,6.97
2.0510782147427644,1.0990821169362144,55.0,92,6,8,-75.93951013601867,-75.91254539041375,-76.1328195161914,-76.10328019482806,-0.02785364781413354,-4.580273624913217e-15,-9.993483457061068e-15,0.02785364781413354,ok,8.38
2.5,0.8217302352684964,55.0,92,6,8,-75.91266284983303,-75.90591127730016,-76.10257159673537,-76.09514218256395,0.011092197844705717,1.7756663023839363e-14,-3.0598096204759866e-14,0.011092197844705717,ok,5.0
2.5,0.7784650775728821,55.0,92,6,8,-75.88754682073845,-75.88087212990575,-76.07725507261488,-76.0699179121641,-0.011010494443771918,-4.14508146948461e-15,6.230695685475467e-15,0.011010494443771918,ok,5.31
2.0510782147427644,1.6101543756409509,55.0,92,6,8,-75.8527218490626,-75.82516890153326,-76.03413342891146,-76.00321042924664,-0.01574463343337975,4.206267829332877e-15,-5.674349301942591e-15,0.01574463343337975,ok,7.26
2.5,0.7,55.0,92,6,8,-75.80786784523887,-75.80135742712235,-75.99707675106094,-75.98990415599607,0.010711575191106996,5.4077131940069376e-15,-7.937217737347456e-15,0.010711575191106996,ok,7.96
2.5,0.738001992915057,55.0,92,6,8,-75.85301966225062,-75.8464259324026,-76.04248794192985,-76.0352254769731,0.010881325917306828,1.9829253631291308e-14,-3.2272100484196145e-14,0.010881325917306828,ok,7.42
2.5,1.0990821169362144,55.0,92,6,8,-75.93165549059378,-75.92465520815385,-76.12081455383955,-76.1130308314689,-0.010340808769944473,7.405856332471624e-15,-9.603266167912255e-15,0.010340808769944473,ok,4.58
2.5,1.17311930899858,55.0,92,6,8,-75.91982978014724,-75.91283478689135,-76.10788381100217,-76.1000583278873,-0.00983978212279373,-2.119899897426025e-14,3.217148547982853e-14,0.00983978212279373,ok,4.55
2.0510782147427644,0.8682146206261605,55.0,92,6,8,-75.93714441711192,-75.91136323576445,-76.13103166368703,-76.10273283106325,-0.031044175257098974,-4.0682788775189844e-15,7.78638508774176e-15,0.031044175257098974,ok,15.17
2.5,0.9184360891594576,55.0,92,6,8,-75.93890807155621,-75.93202104275468,-76.12910164172523,-76.12146445116034,0.011070798550061885,3.873170976262484e-15,-6.299529933720666e-15,0.011070798550061885,ok,7.62
2.5,1.2571204432701741,55.0,92,6,8,-75.90444972151462,-75.89749409619372,-76.0907861870826,-76.08295247183217,0.009175888740905906,6.3686855674312454e-15,-9.031164100271686e-15,0.009175888740905906,ok,5.11
2.0510782147427644,1.7925140766422638,55.0,92,6,8,-75.83214232711909,-75.80533597510082,-76.00766230871457,-75.97678030695069,0.011922986327411251,5.327784111402912e-13,-2.5093776253761416e-13,0.011922986327411251,ok,11.24
2.5,1.7925140766422638,55.0,92,6,8,-75.8256626507902,-75.81960508770024,-75.99491881044467,-75.98775998602001,-0.004783274344082525,-2.343453467997106e-14,2.2001607409042916e-14,0.004783274344082525,ok,4.81
2.5,1.0328937646339662,55.0,92,6,8,-75.93924215297356,-75.93226220884799,-76.12905293865387,-76.12131501601934,-0.010697875824766154,2.3211584516810724e-15,-9.048789223587831e-15,0.010697875824766154,ok,8.81
2.5,0.8682146206261605,55.0,92,6,8,-75.92945642408174,-75.92263332578744,-76.11956666735144,-76.11203957939226,0.011117486352677498,2.3945969487357095e-14,-4.307329177767967e-14,0.011117486352677498,ok,10.46
2.5,1.3541907073778483,55.0,92,6,8,-75.88625607693899,-75.8793865342728,-76.07006812328962,-76.06225987335212,0.008340600987284575,3.9796074699795743e-14,-6.789561630505841e-14,0.008340600987284575,ok,7.42
2.5,2.5,55.0,92,6,8,-75.80395989571011,-75.80020612945017,-75.9616724235114,-75.95721770165312,-1.9821847428143986e-06,2.2271568616769016e-15,9.718905866337166e-15,1.9821847428143986e-06,ok,6.27
2.5,0.9730484681624365,55.0,92,6,8,-75.94190314258904,-75.93496258490937,-76.13202095031275,-76.1243380098753,0.010938570978064676,-9.267251152233332e-15,2.2231296283583108e-14,0.010938570978064676,ok,11.61
2.68,0.8217302352684964,55.0,92,6,8,-75.91148574176668,-75.90759900658645,-76.10078885169644,-76.09652229689331,0.0070322735037277526,2.5542409000775014e-14,-4.195820773548402e-14,0.0070322735037277526,ok,4.85
2.68,0.7784650775728821,55.0,92,6,8,-75.88635342568355,-75.88251294366952,-76.0754549846298,-76.07123458548604,0.006965229301961448,-2.0027994136088063e-14,3.326311791626655e-14,0.006965229301961448,ok,5.61
2.68,1.17311930899858,55.0,92,6,8,-75.91891191094324,-75.91491245219105,-76.10620530176745,-76.10169702390263,0.006331669040181563,5.4004327933407474e-15,-7.528707922602622e-15,0.006331669040181563,ok,4.12
2.68,1.0990821169362144,55.0,92,6,8,-75.93066173043707,-75.92664654846963,-76.11911226111502,-76.1146195745798,0.006638569351935556,2.9609457643693045e-14,-3.672016559955945e-14,0.006638569351935556,ok,4.99
2.68,0.9184360891594576,55.0,92,6,8,-75.93777888297433,-75.93381345298062,-76.12730835038066,-76.12295450332866,0.007052008491173497,1.5571773493816166e-14,-2.6811650965512097e-14,0.007052008491173497,ok,7.45
2.68,1.2571204432701741,55.0,92,6,8,-75.90363499550006,-75.89967632313396,-76.08914710489648,-76.08463900616002,0.005920388031867473,-1.6522091363285262e-14,2.7750392505355284e-14,0.005920388031867473,ok,5.06
2.68,0.738001992915057,55.0,92,6,8,-75.85181394657381,-75.84802268099125,-76.04067487115076,-76.03649092788056,0.006868782490741986,2.8058632794014075e-14,-4.4160208563161e-14,0.006868782490741986,ok,10.45
2.5,2.0510782147427644,55.0,92,6,8,-75.81053463298143,-75.80514900546457,-75.97310740731623,-75.96662932292224,-0.0033004748642015765,-4.214365914306702e-14,6.542662745501549e-14,0.0033004748642015765,ok,12.9
2.68,0.9730484681624365,55.0,92,6,8,-75.94080823153782,-75.93681428091824,-76.13028039662548,-76.12582778382242,-0.006981367844664148,1.0206816359541885e-14,-2.0157107234845608e-14,0.006981367844664148,ok,9.63
2.5,1.6101543756409509,55.0,92,6,8,-75.84529496112138,-75.83882582400142,-76.02068854761673,-76.01316339269403,-0.006122357642047545,2.5022641769013128e-14,-3.798231868021047e-14,0.006122357642047545,ok,15.14
2.68,1.7925140766422638,55.0,92,6,8,-75.8258264171819,-75.8225028447802,-75.99408016702499,-75.99009866202529,0.0031708841908755668,-1.3654695191430734e-14,2.4856086299254787e-14,0.0031708841908755668,ok,4.59
2.68,1.6101543756409509,55.0,92,6,8,-75.84511014999941,-75.84152042745256,-76.01947447188685,-76.01521552597278,0.004005622140303927,-2.6533077296167603e-14,3.518859335336378e-14,0.004005622140303927,ok,6.6
2.68,1.0328937646339662,55.0,92,6,8,-75.93819122559216,-75.93417945035964,-76.12732584614194,-76.1228671619286,0.006845939159806081,-3.5502010475127064e-15,1.1822213559089982e-14,0.006845939159806081,ok,10.75
2.68,1.4691596244932197,55.0,92,6,8,-75.8656676773341,-75.8619002752595,-76.04493142154418,-76.04052172321002,0.004754935930660731,-1.6373140276628074e-14,3.811248409117164e-14,0.004754935930660731,ok,10.27
2.68,0.8682146206261605,55.0,92,6,8,-75.92830034390812,-75.92437137988207,-76.11778404970279,-76.11345413635303,0.007065269259139764,-1.221386255302897e-14,2.159747249120989e-14,0.007065269259139764,ok,15.05
2.86,0.8217302352684964,55.0,92,6,8,-75.91079819812184,-75.90857863406217,-76.09972992950537,-76.09729094538461,0.0044016294935691905,-4.841391428666271e-15,8.321959657126489e-15,0.0044016294935691905,ok,5.22
2.5,1.4691596244932197,55.0,92,6,8,-75.86613550492964,-75.8594169045642,-76.04636711346238,-76.03864500860328,0.007315978886814863,3.1869068487321814e-14,-5.783542655667376e-14,0.007315978886814863,ok,20.57
2.86,0.7,55.0,92,6,8,-75.80593972820341,-75.80380934263293,-75.99415284961232,-75.99177547661678,-0.004197134925828382,-4.754833086523262e-15,6.944737882695207e-15,0.004197134925828382,ok,8.01
2.86,0.9184360891594576,55.0,92,6,8,-75.9371288718405,-75.9348624520414,-76.1262800427366,-76.12380050868138,-0.004432133662872965,-3.578344753796668e-15,5.5264842164187165e-15,0.004432133662872965,ok,5.67
2.68,1.3541907073778483,55.0,92,6,8,-75.88558514253624,-75.88170026193758,-76.06849847417529,-76.06401674588611,0.005395981316432545,-1.6517055801040658e-14,2.97078258021447e-14,0.005395981316432545,ok,13.83
2.68,2.0510782147427644,55.0,92,6,8,-75.81091609314615,-75.80797678390392,-75.97266404142778,-75.96910622864226,-0.0022689302990479003,2.883494011896872e-10,-5.3386467977057176e-11,0.002268930299047919,ok,11.89
2.86,1.0328937646339662,55.0,92,6,8,-75.9376077372801,-75.93531642695591,-76.12631216178343,-76.12371505835294,0.004324596272147711,1.756482222513716e-15,-3.4322450852849553e-15,0.004324596272147711,ok,4.26
2.68,0.7,55.0,92,6,8,-75.8066530033654,-75.80291270924104,-75.99524814836705,-75.99111037945961,-0.006749243343301329,3.3771839077850816e-14,-5.295892047641899e-14,0.006749243343301329,ok,20.85
2.86,0.7784650775728821,55.0,92,6,8,-75.88565414582561,-75.88346261015084,-76.07437895748265,-76.07196819563602,-0.00435165969970814,-3.767924202178443e-15,5.626150988597165e-15,0.00435165969970814,ok,9.33
2.86,0.738001992915057,55.0,92,6,8,-75.85110635886704,-75.84894477541627,-76.03959151578421,-76.0371890678611,-0.00428241464066546,-4.060106844895192e-15,5.982329819934058e-15,0.00428241464066546,ok,9.57
2.86,1.0990821169362144,55.0,92,6,8,-75.93012893109636,-75.92783869892027,-76.11813372437543,-76.115530776245,0.0042057788264226155,-4.61505323484543e-15,5.855878428732593e-15,0.0042057788264226155,ok,4.88
2.86,1.17311930899858,55.0,92,6,8,-75.91844759896861,-75.91617149387022,-76.10526797317951,-76.10265779024108,0.004021603771102314,4.537139898754216e-15,-6.2611241754465784e-15,0.004021603771102314,ok,4.44
2.86,0.9730484681624365,55.0,92,6,8,-75.9401868117006,-75.93790427868824,-76.12926158460213,-76.12672757813321,-0.004400474997748809,-3.858260674800226e-15,6.052301067982831e-15,0.004400474997748809,ok,9.88
2.86,1.2571204432701741,55.0,92,6,8,-75.9032643362875,-75.90101944501374,-76.08826221201751,-76.08565257962768,0.00377238847277185,-1.7723988219944664e-14,2.7793723995788366e-14,0.00377238847277185,ok,6.04
2.86,0.8682146206261605,55.0,92,6,8,-75.92762883262503,-75.92538389380883,-76.11673001139077,-76.11425245314138,0.004435675496642038,2.4034511390445564e-14,-3.870875167559031e-14,0.004435675496642038,ok,11.63
2.0510782147427644,2.0510782147427644,55.0,92,6,8,-75.8159871748993,-75.79205442480566,-75.9842939779613,-75.95518456143921,0.0012361682838920906,-3.727976534296135e-14,4.754524146193799e-14,0.0012361682838920906,ok,34.62
2.86,1.7925140766422638,55.0,92,6,8,-75.82629397883409,-75.82446501796365,-75.99392484330002,-75.991677422883,0.0020675807765987374,-2.081868289645529e-14,3.199031048105954e-14,0.0020675807765987374,ok,5.21
2.86,1.6101543756409509,55.0,92,6,8,-75.84529125624508,-75.8432972056355,-76.01901019178564,-76.01658349426549,0.0025848430498171754,-3.063558781579788e-14,3.7931020152816634e-14,0.0025848430498171754,ok,6.61
2.86,2.0510782147427644,55.0,92,6,8,-75.81155621638833,-75.80994693086443,-75.9727858210719,-75.97081814117139,-0.0014889044354047096,7.044480191894202e-14,-1.3751853549543933e-13,0.0014889044354047096,ok,6.64
3.04,0.7,55.0,92,6,8,-75.80552507589044,-75.80432000861578,-75.99351098347216,-75.99213352952852,-0.0025927754886476617,-4.4941164968686075e-15,6.5847929705111145e-15,0.0025927754886476617,ok,6.84
2.86,1.3541907073778483,55.0,92,6,8,-75.88534416066966,-75.88315227678564,-76.0676877530645,-76.06509515961626,0.0034475663754997433,8.055734407953033e-15,-1.1641238052723717e-14,0.0034475663754997433,ok,10.82
3.04,0.7784650775728821,55.0,92,6,8,-75.88524755017917,-75.88400550233857,-76.07374321578996,-76.07236961741683,0.0027015728086180585,-4.956517799270614e-15,8.025545086427287e-15,0.0027015728086180585,ok,6.03
3.04,0.9730484681624365,55.0,92,6,8,-75.93983363664793,-75.93853700654283,-76.12866810367406,-76.12721844283617,0.0027609529231745044,1.1304518869778124e-14,-1.8921243925984892e-14,0.0027609529231745044,ok,4.9
3.04,0.8217302352684964,55.0,92,6,8,-75.91039911133163,-75.90914009293296,-76.09910257583026,-76.09771339378095,0.0027443632276776455,-4.040682337945588e-14,6.372051186458689e-14,0.0027443632276776455,ok,6.8
3.04,1.0990821169362144,55.0,92,6,8,-75.92984134320466,-75.92854155014193,-76.11756105344581,-76.1160333447187,-0.0026531716204123345,-2.057856616470328e-14,2.748449991098585e-14,0.0026531716204123345,ok,4.16
3.04,0.8682146206261605,55.0,92,6,8,-75.92724044540125,-75.92596611382062,-76.11610973438643,-76.11469478381674,0.002765337476940545,1.6231017467159415e-14,-2.5457276968354978e-14,0.002765337476940545,ok,7.82
2.86,2.68,55.0,92,6,8,-75.8036521522557,-75.80240280298447,-75.95959709153051,-75.95812161403352,0.0005185265190611898,-2.407444228192723e-12,-8.663179596682242e-12,0.0005185265190611898,ok,11.69
3.04,1.17311930899858,55.0,92,6,8,-75.91821207560643,-75.91692235339343,-76.10471922189849,-76.10318359815149,0.0025460136618457555,-3.617884123490345e-15,6.20604310101677e-15,0.0025460136618457555,ok,4.63
3.04,0.9184360891594576,55.0,92,6,8,-75.93675534695664,-75.93546816734165,-76.1256801002576,-76.12425217727827,-0.002774685577449169,1.0280634352240973e-14,-1.7373442277082724e-14,0.002774685577449169,ok,7.71
2.86,1.4691596244932197,55.0,92,6,8,-75.86560647556753,-75.86349544091837,-76.04424329625529,-76.04169496605343,0.0030487984432685804,-1.3447077947862682e-14,2.6046769809982736e-14,0.0030487984432685804,ok,14.78
3.04,3.04,55.0,92,6,8,-75.8036835928308,-75.80233052153694,-75.95884654166348,-75.95729834107664,0.0012055238652083767,5.851066916757768e-16,2.839968841001995e-15,0.0012055238652083767,ok,6.45
3.2199999999999998,1.2571204432701741,55.0,92,6,8,-75.90303187769427,-75.90231779976241,-76.08745311198811,-76.08651516623792,0.0015354019398925959,1.8326631031267935e-14,-2.6492521912647803e-14,0.0015354019398925959,ok,9.59
3.04,1.7925140766422638,55.0,92,6,8,-75.82678393187112,-75.82577571301344,-75.99402365599502,-75.99272017816001,-0.001344209371064344,6.493166195821511e-14,-9.6187843752552e-14,0.001344209371064344,ok,9.78
3.04,1.6101543756409509,55.0,92,6,8,-75.84555766732208,-75.84444971708417,-76.01886924528159,-76.01745954586653,-0.0016659593549715529,2.4704057137547517e-14,-2.7198442304009906e-14,0.0016659593549715529,ok,9.83
3.04,1.2571204432701741,55.0,92,6,8,-75.90310104279965,-75.90183243037347,-76.0877549579691,-76.08621445590356,0.002395913235475636,6.7090845272288205e-15,-9.688295680491557e-15,0.002395913235475636,ok,10.36
3.2199999999999998,1.0328937646339662,55.0,92,6,8,-75.93709961828071,-75.93636440443684,-76.12538970813864,-76.12452748980931,0.0017225727192113067,5.122868278400342e-15,-1.0686881399379384e-14,0.0017225727192113067,ok,12.72
3.04,1.3541907073778483,55.0,92,6,8,-75.88528168089744,-75.88404798571167,-76.06724632700512,-76.0657129092132,-0.002196301952278401,1.891248222438527e-14,-2.96984779169148e-14,0.002196301952278401,ok,13.46
3.04,1.0328937646339662,55.0,92,6,8,-75.93728232204884,-75.93598086132378,-76.12573807307476,-76.1242512719161,0.002722584645795865,1.573928182789961e-15,-2.9910012897497556e-15,0.002722584645795865,ok,14.18
3.04,2.86,55.0,92,6,8,-75.80368820967739,-75.80302007817271,-75.95902673213502,-75.95823769680675,0.00029493431111601376,-9.12289413893245e-12,-3.1656024643506394e-11,0.0002949343111160156,ok,15.97
3.2199999999999998,1.17311930899858,55.0,92,6,8,-75.91809169705175,-75.91736424825915,-76.10438909143538,-76.10345996157709,0.0016281917039062954,-6.679411452521286e-15,9.810662460930501e-15,0.0016281917039062954,ok,16.02
3.2199999999999998,1.7925140766422638,55.0,92,6,8,-75.82719469174012,-75.82663909736539,-75.99417716869549,-75.99342946305842,0.0008840022854706646,-2.2438675795609142e-14,3.155999761343242e-14,0.0008840022854706646,ok,9.93
3.04,2.68,55.0,92,6,8,-75.8039054840674,-75.80318156339092,-75.9596042878613,-75.95872778999298,-0.0005048690539199871,-4.4573344840590667e-13,-2.9351819159247805e-12,0.0005048690539199871,ok,16.43
3.04,2.0510782147427644,55.0,92,6,8,-75.81219074535912,-75.81130086508082,-75.9731240001968,-75.97201579182492,0.000985675785952048,6.607770379487122e-14,-1.1328617432353544e-13,0.000985675785952048,ok,17.14
3.2199999999999998,0.7,55.0,92,6,8,-75.8052852896385,-75.80460768342748,-75.9930707085061,-75.99231937604274,0.0016002205756461775,-2.5275733460923168e-14,3.774348598810064e-14,0.0016002205756461775,ok,17.46
3.2199999999999998,1.4691596244932197,55.0,92,6,8,-75.86578900186747,-75.86512932005498,-76.04375285078646,-76.04286785730893,-0.0012622538143086618,-6.24031213795279e-14,9.375972563591984e-14,0.0012622538143086618,ok,17.65
3.2199999999999998,0.8682146206261605,55.0,92,6,8,-75.92701622924758,-75.92629701472777,-76.11574334304483,-76.11492468129448,0.0017298358898071057,-1.712969144417163e-14,2.727762736091888e-14,0.0017298358898071057,ok,17.95
3.2199999999999998,1.3541907073778483,55.0,92,6,8,-75.88528484270194,-75.88459273149952,-76.06700200164458,-76.06608586180673,0.0014136697001311564,5.2804812809827084e-14,-7.809884249777287e-14,0.0014136697001311564,ok,18.07
3.2199999999999998,0.8217302352684964,55.0,92,6,8,-75.910168203225,-75.90945822804362,-76.0987244690445,-76.09792114708938,-0.001709487727377115,-3.5471338962015344e-15,5.166875282278397e-15,0.001709487727377115,ok,19.07
3.2199999999999998,1.6101543756409509,55.0,92,6,8,-75.84580111257989,-75.84518626295903,-76.01882845390764,-76.01799715778955,-0.001084087721526725,8.241381748571746e-14,-1.0509226749253415e-13,0.001084087721526725,ok,19.07
3.04,2.5,55.0,92,6,8,-75.80446607728518,-75.80338429615058,-75.96080593211136,-75.95952408578245,0.000594755430657425,-3.7913983922518917e-14,4.3629852164665905e-14,0.000594755430657425,ok,19.18
3.2199999999999998,2.0510782147427644,55.0,92,6,8,-75.812715865877,-75.8122348727345,-75.97345882631751,-75.97283078926016,-0.0006901867018214566,-1.4689593498854268e-13,1.4290269223051088e-13,0.0006901867018214566,ok,9.66
3.2199999999999998,1.0990821169362144,55.0,92,6,8,-75.9296846558106,-75.92895062153184,-76.11722350004133,-76.1163170904909,0.0016839220101648963,-1.0439002176180672e-14,1.4085730931486834e-14,0.0016839220101648963,ok,19.53
3.04,0.738001992915057,55.0,92,6,8,-75.85069475131323,-75.84947085147489,-76.03895567836868,-76.0375689212941,-0.002653134982391447,-3.923885152596004e-15,5.7975768426587535e-15,0.002653134982391447,ok,20.64
3.04,1.4691596244932197,55.0,92,6,8,-75.86568420167647,-75.86450257402217,-76.0439193850093,-76.04243254817328,0.0019537245325522696,3.5417297035879164e-14,-5.3392001045555846e-14,0.0019537245325522696,ok,23.74
3.2199999999999998,3.2199999999999998,55.0,92,6,8,-75.80381736069279,-75.80352692581363,-75.9587121917484,-75.95837826256574,4.595757708780748e-08,-2.01200287398959e-16,5.742637205461514e-17,4.595757708780748e-08,ok,13.82
3.4,1.17311930899858,55.0,92,6,8,-75.91802937799399,-75.91762105303573,-76.1041952352592,-76.10362166210847,0.0010562909801528227,3.474185889842579e-14,-4.919783418372529e-14,0.0010562909801528227,ok,10.25
3.4,2.0510782147427644,55.0,92,6,8,-75.81312770566456,-75.81286140665047,-75.97376448977539,-75.97340109190611,-0.0004370049985550273,3.568608081677368e-14,-5.477235093239161e-15,0.0004370049985550273,ok,8.87
3.4,1.0990821169362144,55.0,92,6,8,-75.92959821446524,-75.92918577664284,-76.11701342523679,-76.1164579502443,-0.001082426808239856,-3.826848743025266e-15,5.0935489748429294e-15,0.001082426808239856,ok,11.98
3.2199999999999998,2.5,55.0,92,6,8,-75.80489498711454,-75.80415980742193,-75.96107937873859,-75.960215916924,0.000595129179714882,-8.33395577142614e-14,1.1318116589731766e-13,0.000595129179714882,ok,20.4
3.4,1.4691596244932197,55.0,92,6,8,-75.86588112124606,-75.86551405405626,-76.04368022796397,-76.04314699195518,0.0008369740482972865,3.139839156969899e-14,-4.5740087389446536e-14,0.0008369740482972865,ok,12.74
3.4,1.6101543756409509,55.0,92,6,8,-75.84599072764938,-75.8456506364112,-76.01882458079979,-76.01832472259193,0.0007235684974549651,2.3966481454953083e-14,-3.463252392621894e-14,0.0007235684974549651,ok,13.0
3.4,1.7925140766422638,55.0,92,6,8,-75.82750532582392,-75.82720015918014,-75.99430620659174,-75.9938441058556,-0.0005988506319535178,2.554280198020519e-14,-3.568071618552156e-14,0.0005988506319535178,ok,13.0
3.4,0.7,55.0,92,6,8,-75.8051468555614,-75.80476772076968,-75.9928941850602,-75.99246724835432,0.0009873192339872447,-8.691202351770322e-15,1.3091425938177611e-14,0.0009873192339872447,ok,18.72
2.86,2.5,55.0,92,6,8,-75.803243345818,-75.79741437000732,-75.95971742825918,-75.95376894874457,0.004848396164715683,5.38312666280272e-15,-2.490349095366251e-14,0.004848396164715683,ok,33.71
3.2199999999999998,2.68,55.0,92,6,8,-75.80419160847794,-75.80378375533277,-75.95973810860323,-75.95923532767645,0.00036429310521834415,-3.679237756910872e-15,5.470469593246024e-15,0.00036429310521834415,ok,27.37
3.2199999999999998,2.86,55.0,92,6,8,-75.80387458492628,-75.80348514390118,-75.95906629811175,-75.95857969855606,0.00031015297463546484,-2.0863645160202547e-12,-1.3107582611199755e-11,0.0003101529746354651,ok,27.49
0.738001992915057,0.738001992915057,65.0,92,6,8,-75.82622174123897,-75.53770112054892,-76.07200630212108,-75.74683081989835,0.3823139950150072,-3.4257488946660345e-15,3.309028385343039e-15,0.3823139950150072,ok,11.74
3.4,2.86,55.0,92,6,8,-75.8040678496741,-75.80385040731409,-75.95916711596392,-75.95888333333363,-0.00026080219846593176,-1.1083166227752323e-13,-1.3703492572543623e-12,0.00026080219846593176,ok,20.83
3.2199999999999998,3.04,55.0,92,6,8,-75.8037901125554,-75.80343086009864,-75.95879512742604,-75.95835534682385,-0.00018032555991743182,-1.0784990019330056e-11,-3.632943081997305e-11,0.0001803255599174358,ok,32.37
3.4,1.3541907073778483,55.0,92,6,8,-75.8853063920856,-75.88491984838524,-76.06686684078066,-76.06631674596115,0.0009252291509574283,3.4015414983677034e-17,-3.9552992607922754e-17,0.0009252291509574283,ok,26.16
2.68,2.5,55.0,92,6,8,-75.80238603973328,-75.79626515239434,-75.95920907172287,-75.95319852388046,-0.004967624687914189,-1.519364514267702e-14,5.6603567546777557e-14,0.004967624687914189,ok,45.47
0.7,0.7,65.0,92,6,8,-75.73140748424164,-75.4350146925418,-75.97619441591685,-75.6425878225975,0.3900285810437113,2.698714075346972e-16,-1.3747861472448113e-15,0.3900285810437113,ok,17.79
0.7784650775728821,0.7784650775728821,65.0,92,6,8,-75.9002265483266,-75.61993502750576,-76.14659043303578,-75.83059211625547,0.371094408640143,-2.746377509958746e-14,1.8876211361111756e-14,0.371094408640143,ok,15.24
3.4,2.5,55.0,92,6,8,-75.80530117365964,-75.80507304350208,-75.96140239394572,-75.96112033537369,0.0003438096338811523,-1.3823664014407632e-14,2.0194446089866868e-14,0.0003438096338811523,ok,27.17
0.8217302352684964,0.8217302352684964,65.0,92,6,8,-75.95594452676528,-75.6842518632549,-76.20234022969582,-75.89645577510429,0.3554253639339889,9.571568922166078e-15,-4.50447406558651e-15,0.3554253639339889,ok,15.03
2.68,2.68,55.0,92,6,8,-75.80202782661075,-75.79317299243823,-75.95816609056824,-75.95246880713322,0.0025436935178191405,3.0193049396856404e-15,4.75361487287842e-15,0.0025436935178191405,ok,48.89
0.8682146206261605,0.8682146206261605,65.0,92,6,8,-75.9957125012181,-75.73300470309768,-76.24134694075984,-75.94677037817081,0.33431864340064993,6.538747942265947e-15,-2.55697614710928e-15,0.33431864340064993,ok,10.0
0.8217302352684964,0.7,65.0,92,6,8,-75.84610815617071,-75.56457718619453,-76.08973235856442,-75.77246032733362,0.37841726164617906,-4.003228606597314e-15,8.321120789203671e-15,0.37841726164617906,ok,19.47
3.4,3.04,55.0,92,6,8,-75.80391879045175,-75.80369981548418,-75.9588288472049,-75.95853992616664,-0.00020601492413918214,-2.1098621020482325e-12,-1.2567528197681219e-11,0.00020601492413918255,ok,26.98
0.7784650775728821,0.7,65.0,92,6,8,-75.81707427477626,-75.5299801826519,-76.06089115510395,-75.73733761579476,0.3852990688118809,-5.851758311891489e-15,6.608246378777013e-15,0.3852990688118809,ok,23.29
3.4,2.68,55.0,92,6,8,-75.80445504680847,-75.80423231254596,-75.95990868393162,-75.95962587628793,0.00028167593831472735,-3.2446265751455912e-15,4.6253035366303505e-15,0.00028167593831472735,ok,30.55
0.8682146206261605,0.738001992915057,65.0,92,6,8,-75.91327030548635,-75.64092729047115,-76.15715858849514,-75.85034618282177,-0.36520122005892797,6.7111914860096534e-15,-1.8010184619267494e-14,0.36520122005892797,ok,23.16
3.4,3.4,55.0,92,6,8,-75.80362980524284,-75.8035075949903,-75.95834435707852,-75.95814812459655,0.0004223195061249418,-2.307734037773489e-12,1.654823191999381e-12,0.0004223195061249418,ok,33.29
0.9184360891594576,0.9184360891594576,65.0,92,6,8,-76.02169723997059,-75.76843719678232,-76.26550645088504,-75.98370544460525,0.30704198119688875,4.836338795404239e-15,-1.157274169666061e-15,0.30704198119688875,ok,15.57
0.738001992915057,0.7,65.0,92,6,8,-75.77920643086368,-75.4872605475112,-76.0231038696038,-75.69424625120557,0.389541554495903,-8.13532312719171e-15,5.9707800089760605e-15,0.389541554495903,ok,32.61
0.8682146206261605,0.7,65.0,92,6,8,-75.86739579357688,-75.59240132429774,-76.11053882641349,-75.8009256695107,0.36818631417358244,-3.901583115062734e-15,1.194123658770279e-14,0.36818631417358244,ok,28.93
0.8217302352684964,0.7784650775728821,65.0,92,6,8,-75.92838344342456,-75.65326639263508,-76.1735618279623,-75.86330759215639,-0.36845741628893763,4.300075788830815e-14,-3.8306833143189247e-14,0.36845741628893763,ok,31.02
0.7784650775728821,0.738001992915057,65.0,92,6,8,-75.86360833177639,-75.5798714511804,-76.1083093114653,-75.78833099698672,0.3810069803676453,-1.5631707251486074e-14,1.1861573363011044e-14,0.3810069803676453,ok,33.23
0.9730484681624365,0.9730484681624365,65.0,92,6,8,-76.03583202812725,-75.79276228409284,-76.27649471781706,-76.00934976483218,0.27370547974389847,1.1422218931464956e-14,-5.455849889824567e-15,0.27370547974389847,ok,16.56
0.9184360891594576,0.7,65.0,92,6,8,-75.88194255330605,-75.61483761418182,-76.1241806013567,-75.82413821285537,0.3532897058770838,-2.2934024370899317e-15,5.695722638117914e-14,0.3532897058770838,ok,27.21
0.8682146206261605,0.8217302352684964,65.0,92,6,8,-75.97596073170496,-75.7098482844608,-76.22113850966095,-75.9216783839068,0.350438351597323,3.0235809219204298e-15,-2.3524966780409453e-15,0.350438351597323,ok,31.75
0.8217302352684964,0.738001992915057,65.0,92,6,8,-75.8922987100502,-75.61380309022371,-76.13670133107377,-75.8226522376108,0.37481977727976024,-1.2167927173159034e-14,1.7407588844076224e-14,0.37481977727976024,ok,38.42
3.4,3.2199999999999998,55.0,92,6,8,-75.8038907530478,-75.80368752374756,-75.9586934373008,-75.95842721282189,0.00011725504248501453,-1.0467420107246985e-11,-3.403275688085048e-11,0.00011725504248501994,ok,46.59
1.0328937646339662,0.7784650775728821,65.0,92,6,8,-75.9744393081395,-75.73175823537177,-76.21451831379584,-75.94457482518621,0.2961198250141868,7.174396687499688e-16,-4.005843172474476e-15,0.2961198250141868,ok,21.82
0.9184360891594576,0.738001992915057,65.0,92,6,8,-75.92752677369269,-75.66261728947082,-76.1705137226973,-75.87276388666713,-0.3509339694607233,7.127780865418259e-15,-2.2591758346151617e-14,0.3509339694607233,ok,34.8
0.9730484681624365,0.7,65.0,92,6,8,-75.8906570275227,-75.63338365212263,-76.13144336279784,-75.843532821992,0.33196325449125713,-5.117815177277818e-15,2.876129450627606e-14,0.33196325449125713,ok,30.93
0.9184360891594576,0.7784650775728821,65.0,92,6,8,-75.96291154055169,-75.70046562976654,-76.20659506124385,-75.91162129755544,0.34638397207120203,6.902822613400681e-15,-1.2017582401778763e-14,0.34638397207120203,ok,34.89
1.0328937646339662,0.7,65.0,92,6,8,-75.89432834611213,-75.64969122580858,-76.13301874244196,-75.8606679106644,-0.3023145322137699,5.486613559593031e-15,-3.804607584818883e-14,0.3023145322137699,ok,28.53
0.9184360891594576,0.8682146206261605,65.0,92,6,8,-76.00871158933616,-75.75183163391364,-76.25308691171132,-75.96569832570697,0.3246514605913916,3.763440154478611e-15,-3.233161740987292e-15,0.3246514605913916,ok,35.65
0.9730484681624365,0.738001992915057,65.0,92,6,8,-75.93599029362184,-75.68036325080647,-76.17753022142549,-75.89133906259839,-0.3301504248060369,-5.21955893331399e-15,1.4180950516171963e-14,0.3301504248060369,ok,35.01
1.0328937646339662,0.9184360891594576,65.0,92,6,8,-76.03236553595735,-75.7918787760305,-76.27090624881501,-76.00718824895898,-0.2550357221874467,-1.793156912042442e-15,-2.249407939556167e-15,0.2550357221874467,ok,26.18
1.0328937646339662,0.9730484681624365,65.0,92,6,8,-76.0383282136905,-75.80157598149265,-76.27608769481161,-76.01797906472927,0.24884619882536554,2.06090832595448e-15,1.3121570675592022e-15,0.24884619882536554,ok,21.47
0.9184360891594576,0.8217302352684964,65.0,92,6,8,-75.98950137038213,-75.7297519081298,-76.23371527914914,-75.94213971057883,0.3382743834851358,1.4842473884215628e-15,-7.913344557717609e-16,0.3382743834851358,ok,38.64
1.0328937646339662,1.0328937646339662,65.0,92,6,8,-76.03967010273885,-75.80819777627835,-76.2757530635995,-76.02556951386985,0.23581911795278104,6.1853388243293695e-15,-1.2875221990882958e-15,0.23581911795278104,ok,23.06
1.0990821169362144,0.8682146206261605,65.0,92,6,8,-76.02152748325953,-75.78998626523627,-76.25413260899145,-76.00142240665186,-0.20860659439391893,-8.815582923036178e-16,1.5789017820363184e-15,0.20860659439391893,ok,20.59
1.0990821169362144,0.9730484681624365,65.0,92,6,8,-76.03792521279671,-75.81061251960075,-76.27039264152972,-76.02436768919283,0.20756839625881374,1.0858694832943294e-15,3.444703271369396e-15,0.20756839625881374,ok,17.24
1.0990821169362144,1.0328937646339662,65.0,92,6,8,-76.03796608764392,-75.8144691056132,-76.26994198711294,-76.03008569601332,0.2059132151949663,5.479968239910365e-15,6.401546249891264e-15,0.2059132151949663,ok,15.15
0.9730484681624365,0.9184360891594576,65.0,92,6,8,-76.02900594099142,-75.78143330643307,-76.27113248573549,-75.99730311659862,0.2887785982765659,2.0775239786768814e-15,7.048460660934341e-16,0.2887785982765659,ok,37.17
1.17311930899858,0.738001992915057,65.0,92,6,8,-75.9392972339358,-75.72577657550683,-76.16520458475878,-75.9325443661647,-0.16697883742474023,-5.919535169919951e-16,9.416109618350926e-15,0.16697883742474023,ok,11.82
1.0990821169362144,0.9184360891594576,65.0,92,6,8,-76.03277584798795,-75.80293929379347,-76.26538110121973,-76.01537406020763,-0.2080496325244801,-2.6351363807691665e-15,1.010612836387273e-15,0.2080496325244801,ok,20.2
1.0990821169362144,0.7784650775728821,65.0,92,6,8,-75.9768735002629,-75.74349021892769,-76.20942318279057,-75.95373919069894,-0.21073215915704246,-1.407420536703588e-16,9.415314374102413e-15,0.21073215915704246,ok,22.81
1.0990821169362144,0.8217302352684964,65.0,92,6,8,-76.00323300997134,-75.77055086176033,-76.23578805875833,-75.9813074058542,-0.20944002384939694,-2.950978317678379e-15,-2.1521089224883461e-16,0.20944002384939694,ok,22.76
0.9730484681624365,0.7784650775728821,65.0,92,6,8,-75.97109543827673,-75.71729834914062,-76.21333457541824,-75.92926166201946,0.3262350180624824,2.493620748324015e-15,-4.245043650528778e-15,0.3262350180624824,ok,40.1
1.0328937646339662,0.738001992915057,65.0,92,6,8,-75.93949068114392,-75.69582108637637,-76.17890912117448,-75.9076309628518,-0.3004554564088214,-1.204691477003646e-15,4.0251159247111075e-15,0.3004554564088214,ok,36.32
0.8682146206261605,0.7784650775728821,65.0,92,6,8,-75.94898718796685,-75.67961339198915,-76.19359459465197,-75.89011031325096,-0.3597975639972338,1.9285592213534333e-14,-2.627267641054131e-14,0.3597975639972338,ok,49.94
1.0328937646339662,0.8682146206261605,65.0,92,6,8,-76.02039561499747,-75.77760310612432,-76.25977622088257,-75.99246950592718,0.2620705176214896,2.689392921658594e-15,-3.470988026625673e-15,0.2620705176214896,ok,34.78
1.0990821169362144,1.0990821169362144,65.0,92,6,8,-76.03428370093826,-75.81686038698622,-76.26459358846137,-76.03395146924505,0.19613380894018428,1.0025971201653139e-14,-4.137107085634179e-15,0.19613380894018428,ok,18.53
1.17311930899858,1.17311930899858,65.0,92,6,8,-76.02035441669521,-75.82050318524983,-76.24410682559143,-76.03587940719345,-0.1577259198933468,-7.957401185396111e-15,-2.2883003744618766e-16,0.1577259198933468,ok,9.06
1.17311930899858,0.9184360891594576,65.0,92,6,8,-76.02980945583784,-75.81710396290492,-76.25603088129597,-76.02598691026282,0.16244880927407757,9.032491333620179e-16,-2.0725817329775318e-15,0.16244880927407757,ok,13.5
0.9730484681624365,0.8217302352684964,65.0,92,6,8,-75.99738965116435,-75.74552868576026,-76.24015009244893,-75.95869708655891,-0.3188424098650864,-4.153383950095242e-15,3.913339744661531e-15,0.3188424098650864,ok,45.05
1.17311930899858,0.8682146206261605,65.0,92,6,8,-76.01885073677504,-75.80555744889185,-76.24508985014772,-76.01388044785679,0.16356217191123698,1.4350418047396209e-15,-1.1690427712882415e-15,0.16356217191123698,ok,16.73
1.17311930899858,0.7784650775728821,65.0,92,6,8,-75.97463846413913,-75.7610126280936,-76.20069314312424,-75.9682448542123,-0.1659280345399982,-3.0066670154194146e-16,8.00710443654505e-15,0.1659280345399982,ok,18.45
1.17311930899858,0.7,65.0,92,6,8,-75.8935368993984,-75.68024799232097,-76.11928990899102,-75.8866200723261,0.16791171173541192,1.1244539263215042e-15,-1.2454487739986898e-14,0.16791171173541192,ok,20.73
1.17311930899858,0.9730484681624365,65.0,92,6,8,-76.03455647773146,-75.82290771964698,-76.26065621891281,-76.03258247608703,0.16167603101332165,9.883250049647582e-16,-2.382280258749218e-15,0.16167603101332165,ok,13.83
1.17311930899858,0.8217302352684964,65.0,92,6,8,-76.0007885141148,-75.78722157078133,-76.22696279465644,-75.9949894547185,0.16478407866533384,1.70365345832061e-16,-6.3718594468561434e-15,0.16478407866533384,ok,20.13
1.2571204432701741,0.8217302352684964,65.0,92,6,8,-75.99430766110234,-75.806207496968,-76.21459109825243,-76.01102921840594,-0.12964772717858686,-1.021118331582981e-15,6.945772147705371e-15,0.12964772717858686,ok,12.04
1.0990821169362144,0.738001992915057,65.0,92,6,8,-75.94126958784486,-75.70769742226783,-76.174175828563,-75.91786334447504,-0.21368299076030184,-7.869026495200126e-16,9.625373738909342e-15,0.21368299076030184,ok,35.96
1.2571204432701741,0.9730484681624365,65.0,92,6,8,-76.02738987066634,-75.83893319175597,-76.24746967116639,-76.04489961576765,0.12416781836368974,9.01887699045308e-16,-1.5392530400543945e-15,0.12416781836368974,ok,11.87
1.3541907073778483,0.7784650775728821,65.0,92,6,8,-75.95837717308689,-75.80104445976512,-76.17303119805119,-76.00260915165357,-0.10387400872214798,-5.608708769176694e-16,2.3859628749031898e-14,0.10387400872214798,ok,9.13
1.2571204432701741,0.7784650775728821,65.0,92,6,8,-75.96832082829913,-75.78060654030963,-76.1884998296238,-75.98500805240495,0.13113133427566323,1.633910321704269e-15,-4.806853540323815e-14,0.13113133427566323,ok,13.4
1.17311930899858,1.0990821169362144,65.0,92,6,8,-76.02870101163971,-75.82217888384476,-76.25401095659765,-76.03518483735773,-0.16257556171719784,-1.1089249877571676e-15,-1.5315322308503742e-15,0.16257556171719784,ok,17.05
1.17311930899858,1.0328937646339662,65.0,92,6,8,-76.03390486690614,-75.82409273596524,-76.25972836128615,-76.03495702033221,-0.1616754398755097,-1.3809888392479353e-15,-3.5637498165679845e-15,0.1616754398755097,ok,17.43
1.2571204432701741,1.0990821169362144,65.0,92,6,8,-76.02071089721854,-75.83366810757634,-76.23986205535276,-76.04078353511592,0.12171679098639603,1.4881631258048173e-15,-3.965010927406905e-15,0.12171679098639603,ok,12.73
1.2571204432701741,0.738001992915057,65.0,92,6,8,-75.93311257298248,-75.74585245946253,-76.15315180655764,-75.94983404230322,-0.13233773716572755,-1.315852456392662e-15,4.199742870127562e-14,0.13233773716572755,ok,15.13
1.3541907073778483,0.7,65.0,92,6,8,-75.87774643908274,-75.72162222419118,-76.09204102838645,-75.92251190533874,-0.10583098234674135,-1.3689234504842134e-15,1.3096157729262775e-14,0.10583098234674135,ok,14.7
1.2571204432701741,0.7,65.0,92,6,8,-75.88745433126205,-75.70069686674549,-76.10731360950855,-75.90431786163894,-0.13328172529141358,-1.88532508879657e-15,2.6092045367585567e-14,0.13328172529141358,ok,18.39
1.2571204432701741,1.2571204432701741,65.0,92,6,8,-75.9984556200883,-75.82026836395,-76.21531158784683,-76.03225610672949,0.12291367316665244,8.85181881232106e-15,-1.2834887464434191e-15,0.12291367316665244,ok,15.51
1.3541907073778483,0.9184360891594576,65.0,92,6,8,-76.01233581613006,-75.85338997449833,-76.22709640833727,-76.05584811415203,-0.0985056868027942,-9.54072066014557e-16,7.18760341098684e-15,0.0985056868027942,ok,10.8
1.2571204432701741,1.0328937646339662,65.0,92,6,8,-76.02642097619189,-75.8383715654088,-76.24613768521523,-76.0447303114977,0.12252771540744073,1.0188259969301748e-15,-4.8420392241529474e-15,0.12252771540744073,ok,17.04
1.3541907073778483,0.8217302352684964,65.0,92,6,8,-75.984191025309,-75.82627855816935,-76.19893928424554,-76.02817817497613,-0.10240670865001475,-1.2969227844104599e-15,4.0274424246333846e-14,0.10240670865001475,ok,13.8
1.2571204432701741,0.9184360891594576,65.0,92,6,8,-76.02290474519206,-75.83437660514255,-76.24316891058591,-76.03997987259422,0.12605747889947655,5.503382415925253e-16,-1.7600840894618951e-15,0.12605747889947655,ok,18.58
1.2571204432701741,0.8682146206261605,65.0,92,6,8,-76.01217261858581,-75.8237868865858,-76.2324989628209,-76.02901674955038,0.12793825801283465,1.1108730562763498e-15,-5.95233366496827e-15,0.12793825801283465,ok,19.52
1.3541907073778483,0.738001992915057,65.0,92,6,8,-75.92330502285535,-75.76657147922262,-76.1377922726718,-75.96777846943446,-0.10500785517968403,-8.002196168500976e-16,1.8384302623668034e-14,0.10500785517968403,ok,16.97
1.3541907073778483,0.8682146206261605,65.0,92,6,8,-76.00184704167437,-75.8433903034335,-76.21665055388793,-76.04559586197054,-0.10061091725904515,-8.32295094021449e-16,8.162799614306546e-15,0.10061091725904515,ok,13.92
0.9730484681624365,0.8682146206261605,65.0,92,6,8,-76.01631319138451,-75.76635567887166,-76.25916661286189,-75.98095083141986,0.30587788782622516,2.197573496672917e-15,2.1841739705693945e-15,0.30587788782622516,ok,57.19
1.3541907073778483,0.9730484681624365,65.0,92,6,8,-76.01654764627422,-75.85719498173302,-76.2311094146335,-76.05980486387377,-0.09614805619939809,-7.590160468234409e-16,1.5151811596779232e-15,0.09614805619939809,ok,13.5
1.4691596244932197,0.8217302352684964,65.0,92,6,8,-75.97113771048726,-75.84622967543069,-76.18055417632239,-76.04525126341832,0.08071377350345094,1.077583531787662e-15,-2.2582379173021008e-14,0.08071377350345094,ok,8.97
1.4691596244932197,0.7784650775728821,65.0,92,6,8,-75.94549944974047,-75.82119362541668,-76.15475200977494,-76.01991282352175,0.08188859861259826,5.127096537003829e-16,-1.367277547300002e-14,0.08188859861259826,ok,9.03
1.3541907073778483,1.0328937646339662,65.0,92,6,8,-76.01527852126611,-75.85564418188292,-76.22944885254923,-76.05834824472296,0.09363945772355411,2.5374774725076752e-16,-2.1376373745647786e-15,0.09363945772355411,ok,13.38
1.4691596244932197,0.9184360891594576,65.0,92,6,8,-75.99880807095784,-75.87272155829243,-76.20827291251922,-76.0721643034156,0.07729331027111484,8.136019658115419e-16,-4.1154204916067264e-14,0.07729331027111484,ok,9.44
1.3541907073778483,1.2571204432701741,65.0,92,6,8,-75.98541450296614,-75.82723800032369,-76.19680020684623,-76.03058139765845,0.08924014169102194,1.3621932772019395e-15,4.494062622481427e-15,0.08924014169102194,ok,13.46
1.0328937646339662,0.8217302352684964,65.0,92,6,8,-76.00070718356542,-75.75874648154308,-76.24118073555012,-75.97279482154146,-0.28675815193225657,-1.882579369449487e-15,2.9442542222047894e-15,0.28675815193225657,ok,55.55
1.4691596244932197,1.2571204432701741,65.0,92,6,8,-75.97008884984018,-75.84201000585229,-76.17604283776167,-76.03955514229642,0.0635715886556031,1.4556431108854942e-15,-4.8900559827036965e-15,0.0635715886556031,ok,9.37
1.6101543756409509,1.0990821169362144,65.0,92,6,8,-75.97812325129797,-75.88465168487123,-76.18127900226858,-76.08043863640387,-0.05329098322126463,-4.7657358475791886e-15,1.6691114459998914e-13,0.05329098322126463,ok,4.63
1.6101543756409509,1.17311930899858,65.0,92,6,8,-75.96716420283232,-75.87326406780205,-76.16933597674067,-76.06823328807455,0.05030029663894631,-8.016357302401797e-15,2.2951133691806497e-13,0.05030029663894631,ok,5.08
1.4691596244932197,0.8682146206261605,65.0,92,6,8,-75.98857682973076,-75.86307256696257,-76.19808543515124,-76.06234609261817,0.07918692111453263,1.3660704792885057e-15,-3.850533127483621e-14,0.07918692111453263,ok,13.76
1.3541907073778483,1.3541907073778483,65.0,92,6,8,-75.96935215182695,-75.81670918623513,-76.17895882128968,-76.02340917691181,0.09267733632828797,-8.1303157327541e-15,-1.4169192680275305e-15,0.09267733632828797,ok,15.24
1.0990821169362144,0.7,65.0,92,6,8,-75.89365273937852,-75.66542805469642,-76.12961135953525,-75.87688625885136,-0.26248619829045156,-2.24411622330354e-16,1.4785307009022964e-14,0.26248619829045156,ok,50.91
1.4691596244932197,0.7,65.0,92,6,8,-75.86510058470861,-75.74198970518793,-76.07394886569607,-75.94008354852168,-0.08326967519940175,-1.4099231243037451e-15,5.160946302571324e-14,0.08326967519940175,ok,15.38
1.2571204432701741,1.17311930899858,65.0,92,6,8,-76.01096999696261,-75.82622603109861,-76.22934338000442,-76.03505819962788,0.12289812717861308,1.3283604225333683e-15,2.75672855817346e-15,0.12289812717861308,ok,26.46
1.4691596244932197,0.9730484681624365,65.0,92,6,8,-76.00272330755816,-75.8760801530201,-76.21202987251313,-76.07555123523201,0.07505018032959453,7.654487533936398e-16,-1.8580702482489245e-14,0.07505018032959453,ok,14.84
1.4691596244932197,1.0328937646339662,65.0,92,6,8,-76.00112321037817,-75.87396308456582,-76.21007138169804,-76.07328662870015,-0.07244708774924849,-9.81096129800534e-16,1.092905017522271e-14,0.07244708774924849,ok,14.94
1.4691596244932197,0.738001992915057,65.0,92,6,8,-75.9105621069966,-75.78685723821656,-76.1196194484182,-75.98526202491945,0.08273121554870307,2.609314454793027e-15,-1.2524151887660613e-14,0.08273121554870307,ok,16.26
1.3541907073778483,1.17311930899858,65.0,92,6,8,-75.99907118628846,-75.83966971963224,-76.21168446987731,-76.04238385944433,0.08925401053678562,1.2670746850465653e-15,-1.085945981608146e-15,0.08925401053678562,ok,19.43
2.86,2.86,55.0,92,6,8,-75.80357166342134,-75.80256058401909,-75.95916358096378,-75.95799927724185,-4.343012466405562e-06,1.3456981903994972e-14,-8.363879056037817e-15,4.343012466405562e-06,ok,113.52
1.4691596244932197,1.17311930899858,65.0,92,6,8,-75.98417486280857,-75.85622318769268,-76.19150557902375,-76.05468792465045,0.06649763592268007,8.281707703259384e-16,-1.7764497716472527e-15,0.06649763592268007,ok,12.64
1.4691596244932197,1.4691596244932197,65.0,92,6,8,-75.93420541694377,-75.81020229310754,-76.1358775259368,-76.00951248927892,-0.06685604138097194,-1.2745716378390462e-14,-9.471822224749258e-16,0.06685604138097194,ok,12.33
1.6101543756409509,0.7,65.0,92,6,8,-75.85037454766406,-75.76095913522717,-76.0538285645056,-75.95631493615458,-0.06364564142148389,-2.7848148101821534e-15,1.6396448397256003e-13,0.06364564142148389,ok,13.63
1.6101543756409509,0.738001992915057,65.0,92,6,8,-75.89574747575696,-75.80582877157869,-76.09941569611085,-76.00144937927512,-0.06347217110127419,-2.3279175590149113e-15,-2.9421854454093895e-13,0.06347217110127419,ok,13.57
1.6101543756409509,0.8217302352684964,65.0,92,6,8,-75.95603138318974,-75.86508061809117,-76.16010294562925,-76.06123500673486,0.06230324150521734,3.2376688173267044e-15,-3.206237365959988e-13,0.06230324150521734,ok,13.4
1.7925140766422638,0.738001992915057,65.0,92,6,8,-75.8800476350377,-75.82272971586593,-76.07838700814219,-76.01560532125447,0.045416835305846504,-1.4785929641198838e-15,3.9700614069998645e-14,0.045416835305846504,ok,7.5
1.6101543756409509,0.9184360891594576,65.0,92,6,8,-75.98323649530411,-75.89124615984053,-76.18743249191327,-76.08775715259806,-0.05984000041984108,-8.448724955128109e-16,1.6906168746570725e-14,0.05984000041984108,ok,14.34
1.7925140766422638,0.9730484681624365,65.0,92,6,8,-75.97020550500469,-75.9110433941844,-76.16901783618765,-76.10463265467867,0.04261545243383854,-2.7134859165807343e-16,3.2085729809803885e-14,0.04261545243383854,ok,7.76
1.6101543756409509,0.8682146206261605,65.0,92,6,8,-75.97326069647852,-75.88178915750336,-76.17744690511776,-76.0781649434964,0.06124868719587505,4.711250849039379e-15,-3.6634641117506476e-13,0.06124868719587505,ok,15.04
1.6101543756409509,1.0328937646339662,65.0,92,6,8,-75.98490550439907,-75.89190628134243,-76.18865815613094,-76.08816186293603,-0.055878234377465794,-1.397016859191242e-15,5.0881645025096045e-14,0.055878234377465794,ok,15.73
1.7925140766422638,0.7784650775728821,65.0,92,6,8,-75.91475085063041,-75.85705813321064,-76.11329495290522,-76.05018464246454,-0.04536480576048591,-2.9466534573052575e-15,6.0699509889300646e-15,0.04536480576048591,ok,10.25
1.7925140766422638,1.4691596244932197,65.0,92,6,8,-75.89674877727086,-75.83648830146262,-76.0869550043489,-76.02087719470666,-0.027377793534392868,7.005860347630867e-16,7.4113560437967415e-16,0.027377793534392868,ok,8.41
1.7925140766422638,1.0990821169362144,65.0,92,6,8,-75.96078918089208,-75.90097230396044,-76.15868553904038,-76.09366951778468,0.039259032982236,3.380791143349363e-15,-6.619566649142003e-14,0.039259032982236,ok,9.73
1.7925140766422638,1.0328937646339662,65.0,92,6,8,-75.96793740732411,-75.9084352072517,-76.16643779544694,-76.10173812413733,0.04113190251516738,1.6851593173189697e-15,-1.8470620356922806e-14,0.04113190251516738,ok,10.04
1.3541907073778483,1.0990821169362144,65.0,92,6,8,-76.00923822163554,-75.84952791605147,-76.22277378486092,-76.0522143491922,0.09117562728729789,1.0724216625604164e-15,-3.67459492020439e-15,0.09117562728729789,ok,29.07
1.7925140766422638,0.7,65.0,92,6,8,-75.8347506224788,-75.7778039610411,-76.03287528708357,-75.97043937932187,0.045273214814418115,-1.0922450780293857e-14,7.273682213120854e-14,0.045273214814418115,ok,12.94
1.6101543756409509,0.7784650775728821,65.0,92,6,8,-75.9305594196882,-75.8401273734894,-76.13445137551162,-76.03601850955704,-0.06303661826063106,-2.7711380152602735e-15,2.7297839489656684e-13,0.06303661826063106,ok,19.9
1.6101543756409509,0.9730484681624365,65.0,92,6,8,-75.98685067441446,-75.89434878303248,-76.19091100710857,-76.09084194407916,-0.058057394584365464,-1.6876074642402052e-15,4.156967881276141e-14,0.058057394584365464,ok,18.79
1.6101543756409509,1.4691596244932197,65.0,92,6,8,-75.9155770791862,-75.82121041639002,-76.1115287552869,-76.00998616855642,0.03996948157473843,1.9074141172953066e-16,1.604638279010894e-14,0.03996948157473843,ok,16.54
1.7925140766422638,0.9184360891594576,65.0,92,6,8,-75.96686751664726,-75.90806153797621,-76.16577971148578,-76.10171201163435,0.04374812774114045,9.002435318794172e-15,-1.0058820860859918e-13,0.04374812774114045,ok,13.31
2.0510782147427644,0.8217302352684964,65.0,92,6,8,-75.92513583680068,-75.89615939824095,-76.11887386133805,-76.08701751355791,0.02751737922168132,-4.685697893341665e-15,2.6244202739250586e-14,0.02751737922168132,ok,7.03
1.7925140766422638,1.7925140766422638,65.0,92,6,8,-75.85514030844733,-75.79431414743371,-76.03598706380622,-75.97121699272815,0.02671514019419373,3.3849790954283797e-15,1.2737538073673483e-14,0.02671514019419373,ok,12.23
2.0510782147427644,0.7,65.0,92,6,8,-75.8200565477211,-75.7917239906077,-76.01318160586557,-75.98198615797844,-0.027020129718618353,-3.956370984872097e-15,8.024802626802417e-15,0.027020129718618353,ok,10.37
1.7925140766422638,0.8682146206261605,65.0,92,6,8,-75.95712125330573,-75.89868180648547,-76.15597904721551,-76.09223376189779,-0.04456382329738254,-2.302272184657997e-15,7.313507077676845e-15,0.04456382329738254,ok,14.93
1.7925140766422638,1.2571204432701741,65.0,92,6,8,-75.93451329970844,-75.87421593611403,-76.12993870745365,-76.06437784567882,0.034230884535511874,-2.015520910024224e-15,-8.682118803397927e-14,0.034230884535511874,ok,14.17
1.4691596244932197,1.3541907073778483,65.0,92,6,8,-75.95308987226822,-75.82540738360304,-76.15719334584995,-76.02210526591597,-0.061807036938727744,-1.2211715021539098e-15,-7.75144425773175e-15,0.061807036938727744,ok,25.91
1.7925140766422638,0.8217302352684964,65.0,92,6,8,-75.94007764107201,-75.88201014280202,-76.13879592763098,-76.07537225706777,0.04509124410599225,-1.0502850365033176e-14,1.27599205907298e-13,0.04509124410599225,ok,17.25
1.6101543756409509,1.3541907073778483,65.0,92,6,8,-75.93522686225454,-75.84076937870171,-76.1339355034866,-76.03230967894446,0.043351469278785124,-4.122747200166362e-15,6.868742946799499e-14,0.043351469278785124,ok,21.56
2.0510782147427644,0.9184360891594576,65.0,92,6,8,-75.9516277451643,-75.92226665621291,-76.14555199517835,-76.1133608356714,0.027112350751754534,-2.6585717934529276e-15,1.6458904067553973e-14,0.027112350751754534,ok,9.34
1.7925140766422638,1.6101543756409509,65.0,92,6,8,-75.87563021085104,-75.81590745279152,-76.06172094234194,-75.9954892890987,-0.023192983591134603,-8.062327159203493e-15,1.3823145810762154e-13,0.023192983591134603,ok,15.73
2.0510782147427644,1.17311930899858,65.0,92,6,8,-75.93321152176661,-75.90336892373074,-76.12504455422578,-76.09221540685971,-0.023554329875413886,-1.9693284807308188e-15,-6.08637279620488e-15,0.023554329875413886,ok,7.34
2.0510782147427644,0.738001992915057,65.0,92,6,8,-75.86529357104706,-75.83674131747698,-76.05863110139558,-76.02720057887525,-0.02730545670079803,1.448968192878786e-15,-8.61540691860794e-15,0.02730545670079803,ok,12.82
1.6101543756409509,1.2571204432701741,65.0,92,6,8,-75.95265489835947,-75.85840436386871,-76.15338504270792,-76.05197836764383,-0.046946871847199804,2.894377364277393e-17,-2.414823840038822e-14,0.046946871847199804,ok,22.98
2.0510782147427644,1.4691596244932197,65.0,92,6,8,-75.87992129620619,-75.85050144811251,-76.06433842475397,-76.03153617546583,0.017465123877420656,1.057509751035597e-14,-2.8937925647100066e-14,0.017465123877420656,ok,6.93
2.5,0.7784650775728821,65.0,92,6,8,-75.88878223491174,-75.88109029409665,-76.07851141007606,-76.07004159190488,0.009934320748849205,-3.375066588716918e-15,9.57052116812307e-15,0.009934320748849205,ok,4.93
2.0510782147427644,1.0328937646339662,65.0,92,6,8,-75.95226683546326,-75.92259513254623,-76.1457995220981,-76.11325707152318,0.025876713540376774,-2.5906134757211824e-15,2.3025293155405232e-14,0.025876713540376774,ok,10.34
2.0510782147427644,0.8682146206261605,65.0,92,6,8,-75.94204597462978,-75.91287064326852,-76.13591599873718,-76.10388876829089,0.027404881321661308,1.5210552857101697e-14,-5.588552384493227e-14,0.027404881321661308,ok,12.98
2.0510782147427644,1.3541907073778483,65.0,92,6,8,-75.8999681401748,-75.8702508090214,-76.08776146832035,-76.05485978330562,0.019877003575440495,-1.5169914300087672e-15,9.691149879174008e-15,0.019877003575440495,ok,9.7
2.0510782147427644,1.0990821169362144,65.0,92,6,8,-75.94485436227873,-75.91507320162894,-76.13775503885458,-76.10505135946529,0.024870040599063933,-1.2091243380550786e-15,1.8478249190481936e-14,0.024870040599063933,ok,12.0
2.0510782147427644,0.7784650775728821,65.0,92,6,8,-75.89991502593215,-75.87114727691754,-76.09346862520606,-76.06181785449172,0.027477662140650026,1.1234588780421228e-14,-3.6183026991866e-14,0.027477662140650026,ok,15.85
1.6101543756409509,1.6101543756409509,65.0,92,6,8,-75.89490556935485,-75.8017469933838,-76.08727520177135,-75.99119102483913,-0.04486882473589628,-1.3735488365874828e-14,1.9641087903908845e-14,0.04486882473589628,ok,25.85
1.7925140766422638,1.17311930899858,65.0,92,6,8,-75.94943186583251,-75.8893408207325,-76.14634764497649,-76.0810258797257,0.03696570285913268,9.614787766864478e-16,-5.867972634724433e-14,0.03696570285913268,ok,20.76
2.0510782147427644,0.9730484681624365,65.0,92,6,8,-75.95476764668325,-75.92523902641274,-76.148606968306,-76.11624100398484,0.026613986507845515,1.1506614010268757e-14,-5.51458031488422e-14,0.026613986507845515,ok,14.78
2.5,1.17311930899858,65.0,92,6,8,-75.92174762789907,-75.91385550827542,-76.10953577662406,-76.1007188100919,0.009086634838465975,2.641195289784818e-15,-4.66792968376319e-15,0.009086634838465975,ok,6.72
1.7925140766422638,1.3541907073778483,65.0,92,6,8,-75.91670164040931,-75.85631538640375,-76.10994955144629,-76.04412476398123,-0.031037177483374173,-4.010753722630297e-16,-1.352977376831796e-14,0.031037177483374173,ok,21.92
2.5,0.8217302352684964,65.0,92,6,8,-75.91395534884565,-75.90619727842851,-76.10386667579816,-76.09530876034253,0.010030141832940924,-8.74844996523058e-15,2.404038808434547e-14,0.010030141832940924,ok,9.24
1.4691596244932197,1.0990821169362144,65.0,92,6,8,-75.99472360959126,-75.86711219228377,-76.20303093087074,-76.06618702328674,-0.06955739723677458,-1.0457888011546944e-15,5.007002075124847e-15,0.06955739723677458,ok,37.46
2.5,0.7,65.0,92,6,8,-75.80900857447294,-75.80146345949228,-75.99826222166055,-75.98996704039659,0.009627505725160638,2.0751628174219726e-14,-4.8783172240896775e-14,0.009627505725160638,ok,13.17
2.5,1.0990821169362144,65.0,92,6,8,-75.93341311988529,-75.92549040626162,-76.12238889449364,-76.11357799536887,0.009491344112888761,1.3112440330925646e-15,-1.4777217232527983e-14,0.009491344112888761,ok,9.29
2.5,1.2571204432701741,65.0,92,6,8,-75.90657382589018,-75.89875095289042,-76.09254560452605,-76.08374993037988,0.00853960513607387,3.811525326941892e-15,-8.019641063714418e-15,0.00853960513607387,ok,8.74
2.5,0.738001992915057,65.0,92,6,8,-75.85420496643098,-75.84658450725775,-76.04370992873525,-76.03532231679851,-0.009799425550658894,-2.5407819989783942e-15,5.455103236778522e-15,0.009799425550658894,ok,13.69
2.5,2.0510782147427644,65.0,92,6,8,-75.81472577806872,-75.80876707732813,-75.9770667137293,-75.96998263836855,-0.003469156137069662,6.194962960289203e-14,-9.54614364309158e-14,0.003469156137069662,ok,9.24
2.68,0.8217302352684964,65.0,92,6,8,-75.9122093750299,-75.90774817337658,-76.10149735641977,-76.09658239879911,-0.006404371228033851,-2.071532650587443e-15,4.651227489498072e-15,0.006404371228033851,ok,5.76
2.5,1.7925140766422638,65.0,92,6,8,-75.82955643622032,-75.82284252439976,-75.99829323107376,-75.99040646538181,0.004805840893980944,-2.655211416621829e-14,1.0969205679525909e-13,0.004805840893980944,ok,9.93
2.5,0.8682146206261605,65.0,92,6,8,-75.93081441375855,-75.9229973491815,-76.12090506393547,-76.11226644160394,-0.010076314367162624,-2.1645968563106304e-15,4.9359733484091695e-15,0.010076314367162624,ok,13.1
2.0510782147427644,1.6101543756409509,65.0,92,6,8,-75.85898732060802,-75.83019261831458,-76.03884353057596,-76.00633100510785,0.014636879663503733,-1.0163018718053802e-14,5.229474099573963e-14,0.014636879663503733,ok,16.08
2.5,1.0328937646339662,65.0,92,6,8,-75.94087119005584,-75.93294707845442,-76.1305501013899,-76.12176979263542,-0.009777443343975298,-1.140065670496383e-14,3.6186902718635476e-14,0.009777443343975298,ok,12.29
2.5,1.6101543756409509,65.0,92,6,8,-75.84858122938044,-75.841381975491,-76.02335829750434,-76.01501643920184,0.0059685425332860744,2.162372843334029e-14,7.689444163292845e-14,0.0059685425332860744,ok,10.75
2.0510782147427644,1.2571204432701741,65.0,92,6,8,-75.9180108696471,-75.88817668551565,-76.10820074867317,-76.0753007443063,0.021899886959075618,9.66460935574031e-15,-1.7785304049643407e-14,0.021899886959075618,ok,18.21
2.5,0.9184360891594576,65.0,92,6,8,-75.94034204426526,-75.93247542467749,-76.13045891120348,-76.12179937434455,0.010054897977693676,1.6179463018291134e-14,-4.43082421210684e-14,0.010054897977693676,ok,14.4
2.68,0.7784650775728821,65.0,92,6,8,-75.88704071181155,-75.88262054209373,-76.07614451655357,-76.07127814253634,0.006332075117597968,-9.447964138912479e-15,2.329709408771989e-14,0.006332075117597968,ok,9.82
2.68,1.0990821169362144,65.0,92,6,8,-75.93170842449523,-75.92715637081652,-76.12001203593523,-76.11492203816167,-0.0061294794669075935,-6.062684125124169e-16,-7.766375616505255e-16,0.0061294794669075935,ok,6.84
2.68,1.2571204432701741,65.0,92,6,8,-75.90496095159948,-75.90048678890032,-76.09021567807916,-76.08513271275085,0.0055499104333472694,2.02168878080371e-14,-4.54351659025473e-14,0.0055499104333472694,ok,7.61
2.5,1.3541907073778483,65.0,92,6,8,-75.88865521571765,-75.8809540842108,-76.0719933664435,-76.06325589728003,0.007839661630646047,4.269963481401087e-15,-9.256029782850607e-15,0.007839661630646047,ok,13.95
2.0510782147427644,1.7925140766422638,65.0,92,6,8,-75.83892057243486,-75.81141453178603,-76.01296181218855,-75.98122297086714,0.011194687499701785,-3.124050219474946e-14,-3.466796979434316e-14,0.011194687499701785,ok,19.66
2.68,1.17311930899858,65.0,92,6,8,-75.92007881949654,-75.91555254189662,-76.10717466258616,-76.10208277566903,0.005886447431472742,-4.431753843565906e-15,9.420827773831518e-15,0.005886447431472742,ok,8.0
2.68,0.9184360891594576,65.0,92,6,8,-75.93859592451545,-75.93406873345928,-76.12809686745072,-76.12309952821293,0.006443983047922144,1.6474574735537674e-14,-4.218590633333113e-14,0.006443983047922144,ok,10.19
2.68,0.738001992915057,65.0,92,6,8,-75.85246983671229,-75.84809442949512,-76.0413346336153,-76.03651698647145,0.006233900156817513,-1.860424838809743e-14,4.545979009083667e-14,0.006233900156817513,ok,14.65
2.5,1.4691596244932197,65.0,92,6,8,-75.86891074313296,-75.86140519552634,-76.04857415737352,-76.03997032714491,0.006981360268462922,-2.2147509021520346e-14,6.682120453971352e-14,0.006981360268462922,ok,18.03
2.68,2.0510782147427644,65.0,92,6,8,-75.81402240274598,-75.81069015149171,-75.9755772958128,-75.97159570110773,0.002390206256017457,2.1109951535619654e-14,-4.7845348798053246e-14,0.002390206256017457,ok,9.27
2.68,1.7925140766422638,65.0,92,6,8,-75.82860191156985,-75.82484175543166,-75.99647988358562,-75.99201254554202,-0.003208767613941216,-1.7650788391449545e-13,-6.381827815679722e-14,0.003208767613941216,ok,10.54
2.86,0.8217302352684964,65.0,92,6,8,-75.91119363291283,-75.9086524792268,-76.10010063109867,-76.09730237645533,-0.004024781914489329,-2.010152941493006e-15,4.479081807600839e-15,0.004024781914489329,ok,8.89
2.86,1.0990821169362144,65.0,92,6,8,-75.93073488640196,-75.9281414237979,-76.11862601456167,-76.11570377549808,-0.003892258317363966,-2.607234837097408e-16,9.508818637972664e-16,0.003892258317363966,ok,6.72
2.68,1.0328937646339662,65.0,92,6,8,-75.93914429574608,-75.93458652333057,-76.12816994552868,-76.12309888581652,-0.006300021943857731,-2.138222322501432e-15,5.4558669309932956e-15,0.006300021943857731,ok,14.89
2.86,1.0328937646339662,65.0,92,6,8,-75.93815038328977,-75.93555174669456,-76.12677184140816,-76.12385976918728,-0.0039932041547470366,-2.1213235783510824e-15,5.189051120781697e-15,0.0039932041547470366,ok,7.66
2.68,0.9730484681624365,65.0,92,6,8,-75.94168644665793,-75.93713817626161,-76.13107399528688,-76.12604166595091,-0.006400762867061939,-3.775867952543237e-15,8.44409579497579e-15,0.006400762867061939,ok,16.79
2.68,0.8682146206261605,65.0,92,6,8,-75.92906662730611,-75.92456920700455,-76.11852934046804,-76.1135555446677,0.006448422134457904,1.1953280551122216e-14,-2.9810048063038884e-14,0.006448422134457904,ok,17.26
2.86,1.2571204432701741,65.0,92,6,8,-75.90406660054583,-75.90152678593563,-76.08886673273454,-76.08593745746548,0.0035423509541318006,3.3346156181547744e-15,-7.0149335343824205e-15,0.0035423509541318006,ok,7.71
2.86,1.17311930899858,65.0,92,6,8,-75.91913689718521,-75.91656169669193,-76.10580498164403,-76.1028754056499,0.0037494880900220706,-1.542712854977712e-14,3.3370668001412036e-14,0.0037494880900220706,ok,8.29
2.86,0.7,65.0,92,6,8,-75.80627801155893,-75.80381912076355,-75.99449016702052,-75.99176962508902,0.0038287870628286548,2.0897364094937052e-14,-4.7224292607529075e-14,0.0038287870628286548,ok,12.73
2.86,0.8682146206261605,65.0,92,6,8,-75.92805066744032,-75.92548724998832,-76.11712088906108,-76.11428921200249,0.004057312240657119,-8.077781200717992e-15,2.064180457328748e-14,0.004057312240657119,ok,13.36
2.5,0.9730484681624365,65.0,92,6,8,-75.94342621280657,-75.93552256195859,-76.13345661915436,-76.12472990159604,0.00995813595413496,2.0836420673333497e-15,-5.1546853456411895e-15,0.00995813595413496,ok,26.04
2.86,0.738001992915057,65.0,92,6,8,-75.85146087126131,-75.8489727112993,-76.03994885639378,-76.03719197863064,0.003906620302604957,-3.808320108363191e-15,9.152060796645658e-15,0.003906620302604957,ok,14.23
2.68,1.4691596244932197,65.0,92,6,8,-75.86751323086777,-75.86325849903402,-76.0463578019395,-76.04139383687935,0.004574705311390658,-1.2029005130622674e-14,3.29133076848051e-14,0.004574705311390658,ok,16.49
2.68,1.6101543756409509,65.0,92,6,8,-75.84737314168818,-75.84331649285883,-76.021292641594,-76.01651803594707,-0.003937713816682076,-4.1040758802783344e-14,1.0536674025116591e-13,0.003937713816682076,ok,16.62
2.86,0.9184360891594576,65.0,92,6,8,-75.93758271494875,-75.93500126820628,-76.12670018808386,-76.12384066562205,-0.004066579448532701,-1.6338583774010128e-14,3.999796051647928e-14,0.004066579448532701,ok,14.09
2.86,1.7925140766422638,65.0,92,6,8,-75.8281980569961,-75.82610015639501,-75.99555320334083,-75.99301664802637,-0.002091453613096839,-1.7843422625323317e-14,-4.636425164862519e-14,0.002091453613096839,ok,8.15
2.68,1.3541907073778483,65.0,92,6,8,-75.88712818397693,-75.88274057091398,-76.06971043004093,-76.06466578598732,0.0051140714685006085,3.2038654074760844e-14,-7.653622573931438e-14,0.0051140714685006085,ok,19.49
2.86,0.7784650775728821,65.0,92,6,8,-75.88602743631274,-75.88351167093464,-76.07474657486546,-76.07197353997722,-0.003975394309396647,-3.983842848637979e-15,8.354882038224621e-15,0.003975394309396647,ok,18.58
2.0510782147427644,2.0510782147427644,65.0,92,6,8,-75.82282966408128,-75.7886343646652,-75.99035098033606,-75.95562446658354,0.005343017894594801,5.029272544784328e-15,4.3924055110788e-15,0.005343017894594801,ok,36.2
2.86,1.4691596244932197,65.0,92,6,8,-75.86679063835419,-75.8643932384445,-76.0451309020649,-76.04225699685111,0.002939342945129348,1.8981579370216854e-14,-4.363675864662184e-14,0.002939342945129348,ok,16.82
3.04,0.8217302352684964,65.0,92,6,8,-75.91061006569248,-75.90917353549104,-76.09929050454201,-76.09769880977983,-0.0025146145385678436,-1.8923555212414563e-15,4.299257207475074e-15,0.0025146145385678436,ok,9.96
3.04,0.7,65.0,92,6,8,-75.80570283986661,-75.80431647867621,-75.99368329790433,-75.9921234992587,-0.0023752075946548838,9.901285904504859e-15,-2.2401112871595106e-14,0.0023752075946548838,ok,12.06
3.04,1.2571204432701741,65.0,92,6,8,-75.9035745137755,-75.90214143507703,-76.08809077875863,-76.08638892858302,-0.0022507053605983203,-3.3618279552917133e-15,7.142538910069633e-15,0.0022507053605983203,ok,7.23
3.04,0.9184360891594576,65.0,92,6,8,-75.93700145786092,-75.93554031939738,-76.12587330423047,-76.12426149003288,0.0025492674736410626,-9.107269279271479e-15,2.180285839303467e-14,0.0025492674736410626,ok,12.44
2.86,2.0510782147427644,65.0,92,6,8,-75.81377575996204,-75.81191949209261,-75.97485114173304,-75.97262522219808,0.0015743263139533683,1.760651598989157e-14,-4.185258941809315e-14,0.0015743263139533683,ok,16.28
2.86,2.86,65.0,92,6,8,-75.80486403309094,-75.8036632200771,-75.96040744059168,-75.95902978810582,2.0604955286482698e-07,5.651765279857759e-16,-2.943021257610004e-16,2.0604955286482698e-07,ok,15.31
3.04,0.7784650775728821,65.0,92,6,8,-75.88544550115128,-75.88402446935527,-76.07393468565014,-76.07236684134811,0.0024777675961695335,-9.738093063972427e-15,2.2676944155444176e-14,0.0024777675961695335,ok,14.31
3.04,0.738001992915057,65.0,92,6,8,-75.85088184474625,-75.84947761775565,-76.03914497942428,-76.03756993928437,-0.0024302247249858373,-2.0575289352220682e-15,4.617291220182671e-15,0.0024302247249858373,ok,14.95
2.86,1.6101543756409509,65.0,92,6,8,-75.84679174854948,-75.84451740799247,-76.02018868143226,-76.01745357268378,0.002544740723368983,2.1052768352415667e-14,-5.3064796299123886e-14,0.002544740723368983,ok,20.84
3.04,1.7925140766422638,65.0,92,6,8,-75.82805316093692,-75.8268865177968,-75.99507981701703,-75.99363122276608,-0.0013509285570511747,7.740720093525753e-14,-9.092176077101362e-14,0.0013509285570511747,ok,9.89
3.04,1.0990821169362144,65.0,92,6,8,-75.93018367214007,-75.92871607487658,-76.11782307202023,-76.11614195185486,0.0024571500849705787,-7.955019644958876e-17,-1.4123388881871331e-15,0.0024571500849705787,ok,12.23
3.04,2.0510782147427644,65.0,92,6,8,-75.81373106584137,-75.81269706509028,-75.97452980339226,-75.97326837594727,0.0010239101473145467,-4.159153892153676e-14,7.607310495282575e-14,0.0010239101473145467,ok,10.24
2.86,0.9730484681624365,65.0,92,6,8,-75.94068007103368,-75.93808623396393,-76.12966937646976,-76.12678761576848,0.004048565018544355,-3.78297719370929e-15,1.018230755710318e-14,0.004048565018544355,ok,25.48
3.04,1.0328937646339662,65.0,92,6,8,-75.93758384196968,-75.9361125759309,-76.1259647004414,-76.12429355644085,0.002514028330192172,-2.8759534179475747e-15,7.593186904430883e-15,0.002514028330192172,ok,14.9
3.04,1.17311930899858,65.0,92,6,8,-75.91860932189648,-75.91715370285827,-76.10500948221203,-76.10331430063023,0.0023724148472562294,1.9436596202106563e-14,-4.070748048148028e-14,0.0023724148472562294,ok,13.78
3.04,3.04,65.0,92,6,8,-75.80451508191913,-75.80386437134531,-75.95960982772122,-75.95886996005785,-1.9664010649710114e-07,-1.5116681160094033e-14,5.957836574232293e-15,1.966401064971018e-07,ok,8.79
3.04,1.3541907073778483,65.0,92,6,8,-75.88586368462364,-75.8844666598439,-76.0676531788331,-76.06595005435021,-0.002083639198594439,-3.4209744172951186e-14,7.66520099174355e-14,0.002083639198594439,ok,16.26
2.5,2.5,65.0,92,6,8,-75.80693074580593,-75.79254988681669,-75.96457599621233,-75.95272813759328,0.003279238576559741,2.5247250079995247e-14,4.4727365188851865e-14,0.003279238576559741,ok,40.21
2.86,1.3541907073778483,65.0,92,6,8,-75.88630407474234,-75.88382134581933,-76.06839743007194,-76.06547518658658,0.0032749918292171317,5.369803199089491e-15,-1.1620837556492181e-14,0.0032749918292171317,ok,27.26
2.68,2.68,65.0,92,6,8,-75.80482802849271,-75.79499711767201,-75.96098620044027,-75.95419196524729,0.0007644521222239375,7.112688714252561e-14,1.0238408001327038e-13,0.0007644521222239375,ok,32.15
3.04,1.4691596244932197,65.0,92,6,8,-75.86642377795246,-75.8650797263876,-76.04445561101329,-76.0428028439457,-0.0018811306590896418,-3.1074063534668074e-14,7.045322742237067e-14,0.0018811306590896418,ok,18.43
3.04,1.6101543756409509,65.0,92,6,8,-75.84652511069342,-75.84525529382032,-76.01959576391484,-76.01801038353038,-0.0016307628825628752,1.6471875054306085e-14,-4.86597965633486e-14,0.0016307628825628752,ok,18.45
3.2199999999999998,0.9184360891594576,65.0,92,6,8,-75.93667074054041,-75.93584900889451,-76.12539413439715,-76.12448551065164,0.001603353770875705,-7.707583172875806e-15,1.9095394034517604e-14,0.001603353770875705,ok,9.25
3.04,0.8682146206261605,65.0,92,6,8,-75.92746714651199,-75.9260170033259,-76.11631014220126,-76.11469640408254,0.002538493859381899,1.1541386197248436e-14,-2.722424013334974e-14,0.002538493859381899,ok,22.57
3.2199999999999998,0.7,65.0,92,6,8,-75.80537612451187,-75.80459952759968,-75.99320046482788,-75.99231849192137,0.0014714215376777622,2.0603358618567122e-14,-4.548775142100087e-14,0.0014714215376777622,ok,15.37
2.68,0.7,65.0,92,6,8,-75.8072813646721,-75.80295328942961,-75.99587782227402,-75.99112454661079,-0.006114391480927044,-2.783097269272134e-15,6.06085055475282e-15,0.006114391480927044,ok,45.44
3.2199999999999998,0.8217302352684964,65.0,92,6,8,-75.91027789054425,-75.90947093271444,-76.09881443315675,-76.09789429657792,-0.001571820311387157,-1.918578186365696e-15,4.100469332352838e-15,0.001571820311387157,ok,13.78
3.04,0.9730484681624365,65.0,92,6,8,-75.94010406310213,-75.9386354952075,-76.12886334832353,-76.12721588673321,0.0025430464479319513,-8.354958247780813e-15,2.051967679107951e-14,0.0025430464479319513,ok,27.14
3.2199999999999998,2.0510782147427644,65.0,92,6,8,-75.81371282851894,-75.81318957554049,-75.97434917298465,-75.97369528651812,0.0005457885278893906,1.2010285284011655e-13,-1.9879498271896538e-13,0.0005457885278893906,ok,8.69
3.2199999999999998,1.6101543756409509,65.0,92,6,8,-75.84641093203422,-75.84570520192152,-76.01927273857171,-76.0183522221093,-0.0010581906296761741,-1.4170970784405193e-14,3.0338854010754034e-14,0.0010581906296761741,ok,12.18
3.2199999999999998,1.3541907073778483,65.0,92,6,8,-75.8856301989016,-75.8848482958169,-76.0672298698254,-76.06624884489882,0.0013375792345995778,4.012475441906003e-15,-8.643221083556242e-15,0.0013375792345995778,ok,13.37
3.2199999999999998,3.2199999999999998,65.0,92,6,8,-75.80433560328774,-75.8039810106157,-75.95921909681597,-75.95881529932527,6.512776681773313e-07,-8.518309727335604e-13,-4.252384538693932e-13,6.512776681780273e-07,ok,6.87
2.68,2.5,65.0,92,6,8,-75.80537745485401,-75.80328010808141,-75.96216066410254,-75.95968446819026,0.0017631319979353628,-7.862403741307874e-14,1.3561471722750268e-13,0.0017631319979353628,ok,41.84
3.2199999999999998,1.4691596244932197,65.0,92,6,8,-75.86624113092434,-75.86549124096084,-76.04406205708437,-76.04311007312324,0.0012097377397582106,4.0481984473259194e-14,-9.0076804779542e-14,0.0012097377397582106,ok,15.42
3.2199999999999998,1.0990821169362144,65.0,92,6,8,-75.92987346673772,-75.92904802799602,-76.1173498528029,-76.11637330990568,-0.0015609473912918505,-5.383745763569207e-16,2.409293657100672e-16,0.0015609473912918505,ok,18.92
3.2199999999999998,0.9730484681624365,65.0,92,6,8,-75.9397768867714,-75.93895068747537,-76.128393193423,-76.12744808791689,0.0016051811758993684,-7.988464924265238e-15,1.9360606535381885e-14,0.0016051811758993684,ok,20.29
3.2199999999999998,1.7925140766422638,65.0,92,6,8,-75.82802122273964,-75.82737500746272,-75.99484366413671,-75.99400275010525,-0.0008820712810875853,5.0133352832973766e-14,-8.635178762082252e-14,0.0008820712810875853,ok,16.17
3.2199999999999998,1.2571204432701741,65.0,92,6,8,-75.9033051928772,-75.90250118982448,-76.08763542217257,-76.08663411079853,0.0014393663918017376,-5.966390983879844e-15,1.3183620856451103e-14,0.0014393663918017376,ok,20.1
3.2199999999999998,1.17311930899858,65.0,92,6,8,-75.91831548128074,-75.91749751144168,-76.10454152064062,-76.1035466231707,0.0015119361378944742,-4.600600256511454e-15,9.420553193080215e-15,0.0015119361378944742,ok,22.63
3.4,0.7784650775728821,65.0,92,6,8,-75.8849272180686,-75.88448205774768,-76.0732007472091,-76.07267000575482,0.0009685911183252903,-4.044208739483262e-15,9.308708539414933e-15,0.0009685911183252903,ok,12.57
3.4,1.4691596244932197,65.0,92,6,8,-75.86615222676433,-75.86573642390765,-76.04383862608114,-76.04328478457538,0.0007983270422334137,6.263766874982104e-15,-1.3457989140938122e-14,0.0007983270422334137,ok,8.27
2.86,2.5,65.0,92,6,8,-75.805227810632,-75.80030679136041,-75.96165186272017,-75.95598505507019,0.0029275449329249003,6.6127486152538865e-15,5.491638015807142e-15,0.0029275449329249003,ok,44.42
3.2199999999999998,1.0328937646339662,65.0,92,6,8,-75.93726310936749,-75.93643530056102,-76.12549234008786,-76.12453057188763,-0.0015922568439844947,-1.9923383540644195e-15,4.622192848687578e-15,0.0015922568439844947,ok,29.65
3.4,2.0510782147427644,65.0,92,6,8,-75.81381889198819,-75.81350448693075,-75.974347203877,-75.9739533021637,-0.0004333261160442554,-6.645759300500927e-14,1.3923642141020225e-13,0.0004333261160442554,ok,11.23
3.2199999999999998,2.5,65.0,92,6,8,-75.80354304711472,-75.80109596546265,-75.95933104954888,-75.95655182841341,-0.0036015021113107145,2.413379742733116e-15,1.4845596199340764e-15,0.0036015021113107145,ok,27.74
3.4,1.6101543756409509,65.0,92,6,8,-75.84636787627078,-75.84597785313726,-76.01908274058647,-76.01854963090037,0.0007046388549822585,-3.2399362848729652e-15,1.0157712082368946e-14,0.0007046388549822585,ok,15.46
3.2199999999999998,2.68,65.0,92,6,8,-75.80509564757982,-75.8046167584099,-75.96058696460665,-75.95999772430301,-0.0004420033707558362,-3.4757019486898067e-15,7.789211442479258e-15,0.0004420033707558362,ok,31.61
3.4,1.3541907073778483,65.0,92,6,8,-75.88550741074029,-75.88507244788829,-76.06698814198222,-76.06642082756632,0.0008793416008582479,2.513200628837716e-14,-5.4650141223658133e-14,0.0008793416008582479,ok,20.11
3.4,0.9184360891594576,65.0,92,6,8,-75.93648378555096,-75.93602427380584,-76.12513288853667,-76.12462695673544,-0.0010212871755976504,-1.7273217407816798e-15,4.1081030251483525e-15,0.0010212871755976504,ok,26.17
3.4,3.4,65.0,92,6,8,-75.80413228563084,-75.803816352896,-75.95881254444909,-75.95839753683158,0.0005552005830543743,-1.2747676655832916e-14,2.2768846605380978e-15,0.0005552005830543743,ok,13.51
3.2199999999999998,2.86,65.0,92,6,8,-75.80465185838133,-75.80417273079166,-75.95979018532434,-75.95919024497678,0.00037048532644051724,-9.907257120145411e-15,1.6640637690898667e-14,0.00037048532644051724,ok,36.61
3.4,1.7925140766422638,65.0,92,6,8,-75.82803290230233,-75.82767705820513,-75.99471684337982,-75.99420868683808,-0.0005938844861246907,-1.5778140869835127e-14,1.4737193278006797e-14,0.0005938844861246907,ok,23.34
3.04,2.5,65.0,92,6,8,-75.80454118168396,-75.80075258678963,-75.96055829686833,-75.9561924404066,-0.006726124348988774,-2.150536749378379e-14,-1.250309513315823e-14,0.006726124348988774,ok,51.03
2.86,2.68,65.0,92,6,8,-75.80407316798659,-75.80028537883055,-75.95980496308981,-75.95602228910474,-0.0006994220133274321,-3.06794297983436e-15,1.4352822947332117e-15,0.0006994220133274321,ok,64.82
0.8217302352684964,0.738001992915057,75.0,92,6,8,-75.92488672282951,-75.64490196458583,-76.16833452962523,-75.85226425102339,-0.38223765039750246,2.7196765498547643e-15,-3.349601629926709e-15,0.38223765039750246,ok,16.34
3.4,3.04,65.0,92,6,8,-75.80440976457979,-75.8041503972493,-75.95926622332256,-75.95891870012365,-0.00025132541287541164,-1.581824686003668e-12,-9.14182804783348e-12,0.0002513254128754118,ok,26.83
3.4,2.68,65.0,92,6,8,-75.80510936417828,-75.80484490293482,-75.96051272408825,-75.96017733764727,-0.0003138535685331573,-8.047900800576588e-15,1.8772998087220982e-14,0.0003138535685331573,ok,28.07
0.7784650775728821,0.7,75.0,92,6,8,-75.85238114300356,-75.56420065774748,-76.09509625641023,-75.77008632895216,-0.391659410974081,1.8728413982916006e-15,-1.919314296778147e-15,0.391659410974081,ok,23.64
0.8682146206261605,0.8682146206261605,75.0,92,6,8,-76.02234387902801,-75.75778471334928,-76.26840171779371,-75.97076868904611,0.34508587865808593,2.95662994571224e-14,-2.0863818561254683e-14,0.34508587865808593,ok,14.32
0.738001992915057,0.7,75.0,92,6,8,-75.81598440232753,-75.52333119251469,-76.05861188010185,-75.72875022136343,-0.3961473444276401,7.9361823630158735e-16,-1.6147733023710013e-15,0.3961473444276401,ok,31.97
0.7784650775728821,0.738001992915057,75.0,92,6,8,-75.89770942042836,-75.6128885123388,-76.14133159356031,-75.81982289154455,-0.38842161903170164,-3.050308094121953e-16,-2.9670735551045584e-15,0.38842161903170164,ok,30.84
0.9184360891594576,0.9184360891594576,75.0,92,6,8,-76.04510539432073,-75.78970586222503,-76.2897539364835,-76.00412921973782,0.3201135591242485,-1.9449065261381967e-14,1.2362858385902923e-14,0.3201135591242485,ok,16.36
0.8217302352684964,0.7,75.0,92,6,8,-75.87974546338151,-75.5966496664077,-76.12236042133374,-75.80306793548309,-0.3848645486481997,5.038355603439007e-16,-4.414026688827926e-15,0.3848645486481997,ok,29.03
3.4,2.5,65.0,92,6,8,-75.80443243245377,-75.80135167477586,-75.96024655327713,-75.95675799240165,0.004319411608151154,-1.488079162063837e-13,-7.514871277352693e-14,0.004319411608151154,ok,41.16
0.8682146206261605,0.738001992915057,75.0,92,6,8,-75.94414221920874,-75.66977669590577,-76.18716289569066,-75.8776891640744,-0.3729588913495731,1.2513215436149643e-15,-6.0227533304315295e-15,0.3729588913495731,ok,26.72
0.9184360891594576,0.8217302352684964,75.0,92,6,8,-76.01613868269646,-75.75425178223148,-76.25991586690796,-75.96505083051308,0.35035832492036073,8.05929260949969e-15,-7.862986423701606e-15,0.35035832492036073,ok,26.4
3.04,2.86,65.0,92,6,8,-75.80470581915854,-75.80391720605267,-75.95999018549391,-75.9590453447623,0.0003802468157613064,7.987730019034969e-16,-1.3296840574506437e-15,0.0003802468157613064,ok,72.62
0.8217302352684964,0.7784650775728821,75.0,92,6,8,-75.95967858726091,-75.68314023732408,-76.20399377672501,-75.89165972489891,0.3773157337467892,-1.0994724189193679e-15,3.2208477787664044e-15,0.3773157337467892,ok,34.12
0.9184360891594576,0.7784650775728821,75.0,92,6,8,-75.9908505939321,-75.72595078199741,-76.23387477101177,-75.93554517809662,-0.3562923162725318,3.678131243431954e-15,-1.3273896850597515e-14,0.3562923162725318,ok,29.08
0.9184360891594576,0.738001992915057,75.0,92,6,8,-75.95649306247324,-75.6888450339358,-76.19868480922383,-75.89744536362227,0.3592907059285292,2.778041574353401e-15,-7.0775964990122644e-15,0.3592907059285292,ok,30.84
0.9184360891594576,0.8682146206261605,75.0,92,6,8,-76.03372521467529,-75.77504946148824,-76.27805512049153,-75.98733586036892,0.3393549484930596,5.942075653717865e-15,-1.6847830883158395e-15,0.3393549484930596,ok,27.74
0.9184360891594576,0.7,75.0,92,6,8,-75.91171518471405,-75.64159221443802,-76.15310350297821,-75.84935987372481,0.36054651292991036,-5.06296219428887e-16,6.714082552200047e-15,0.36054651292991036,ok,31.17
3.4,2.86,65.0,92,6,8,-75.80464487450838,-75.80438504396548,-75.95969624805137,-75.95935616830312,-0.00029927406600115775,-2.593893550339515e-14,4.789759340778853e-14,0.00029927406600115775,ok,47.3
0.9730484681624365,0.7784650775728821,75.0,92,6,8,-75.99703085363393,-75.73999243606966,-76.23872350964443,-75.95038464626123,0.33724176018925106,5.099573815504436e-15,-1.295287252762988e-15,0.33724176018925106,ok,21.96
0.8682146206261605,0.7,75.0,92,6,8,-75.89918575403097,-75.62199882892918,-76.1414023408967,-75.82904395624197,-0.374935349560462,9.719686726491418e-17,-5.82083823330687e-15,0.374935349560462,ok,34.34
0.738001992915057,0.738001992915057,75.0,92,6,8,-75.861512276632,-75.5724240184386,-76.10526315294176,-75.7791322505387,0.39219176954505364,1.0896487529887195e-15,-2.6623069324510518e-15,0.39219176954505364,ok,43.29
0.9730484681624365,0.7,75.0,92,6,8,-75.91825083469837,-75.65688441019046,-76.1582804107494,-75.8655168309921,-0.3397948807604468,-1.4365733870348278e-15,7.798852031147195e-15,0.3397948807604468,ok,28.11
0.9730484681624365,0.738001992915057,75.0,92,6,8,-75.96286592144631,-75.70355447765003,-76.20372202506985,-75.91298709793479,-0.3392783067339682,-1.851091469993986e-15,6.29059227768868e-15,0.3392783067339682,ok,26.07
0.9730484681624365,0.9730484681624365,75.0,92,6,8,-76.05588049935821,-75.81027627075588,-76.2978624844613,-76.02597250761244,0.288814320204703,-1.8832761163434708e-14,1.2520203820881627e-14,0.288814320204703,ok,22.53
3.4,3.2199999999999998,65.0,92,6,8,-75.80429478085166,-75.80401720929304,-75.95904535667573,-75.95868191234109,0.00015022623735743055,-1.9954396400754745e-11,-6.028974920390113e-11,0.00015022623735744397,ok,49.71
0.8682146206261605,0.7784650775728821,75.0,92,6,8,-75.97871345416871,-75.70747763143567,-76.22255452948787,-75.91644757308057,-0.3689704943486808,4.10902477978542e-15,-8.660490812727669e-15,0.3689704943486808,ok,39.82
0.7,0.7,75.0,92,6,8,-75.7693444483563,-75.47267865732364,-76.01188097626306,-75.67778653844579,0.3987086826357834,1.4837397901250257e-15,-2.115011904866363e-15,0.3987086826357834,ok,51.67
0.8682146206261605,0.8217302352684964,75.0,92,6,8,-76.0042591312136,-75.73646407771419,-76.24887284494064,-75.9467278729652,0.36164094970168204,-2.966796982162935e-15,4.340063736535179e-15,0.36164094970168204,ok,41.29
1.0328937646339662,0.7,75.0,92,6,8,-75.9195844834417,-75.66953306576521,-76.15764328019293,-75.87910482031621,0.3105249199811981,1.5851615246971362e-15,-5.030542386199581e-15,0.3105249199811981,ok,23.06
1.0990821169362144,0.8217302352684964,75.0,92,6,8,-76.02320219262299,-75.78543563066746,-76.25628785163953,-75.99509933553375,-0.21355084964696452,-4.4134028940956693e-16,1.7521547459265592e-14,0.21355084964696452,ok,13.17
1.0990821169362144,0.9730484681624365,75.0,92,6,8,-76.05479639479076,-75.82335398248838,-76.28818309319932,-76.03558384426297,-0.21615949077716548,-4.1639210318029714e-15,2.993448016800468e-15,0.21615949077716548,ok,13.88
0.7784650775728821,0.7784650775728821,75.0,92,6,8,-75.93274136548088,-75.65161482465929,-76.1774050416459,-75.85993128000196,0.38246078557247964,4.1937272770127574e-15,-4.376320685521953e-15,0.38246078557247964,ok,53.28
0.9730484681624365,0.8682146206261605,75.0,92,6,8,-76.03943425917723,-75.78738183761682,-76.28247442331792,-76.00037743541904,-0.32315184734227526,-1.2464907582777997e-14,1.897600835676122e-14,0.32315184734227526,ok,34.38
0.8217302352684964,0.8217302352684964,75.0,92,6,8,-75.98551762762668,-75.71273443234222,-76.23076445729274,-75.92279291009469,0.36840298814588673,2.8728220875069578e-15,-3.6537330096476984e-15,0.36840298814588673,ok,50.95
1.0990821169362144,1.0990821169362144,75.0,92,6,8,-76.04798757719348,-75.8262831372684,-76.28004790792804,-76.0425095314266,0.21076836298723461,-2.4218470855979883e-15,-8.087952615862377e-16,0.21076836298723461,ok,16.51
1.0328937646339662,0.9730484681624365,75.0,92,6,8,-76.05665962250939,-75.81689386187365,-76.29577968918126,-76.0322668635716,0.26328112882634674,6.2687796281137264e-15,1.0483752686416288e-15,0.26328112882634674,ok,22.54
1.0990821169362144,0.7784650775728821,75.0,92,6,8,-75.99755175100611,-75.75858169783058,-76.23053998487121,-75.96782628018919,0.21369217581748756,3.9691890408093495e-15,-9.722409792063466e-15,0.21369217581748756,ok,19.44
0.9730484681624365,0.8217302352684964,75.0,92,6,8,-76.02209570156558,-75.7675160927389,-76.26457240047309,-75.9790825771082,0.3325759944136559,7.604740323659028e-15,-1.0264464568952178e-13,0.3325759944136559,ok,39.38
1.0990821169362144,1.0328937646339662,75.0,92,6,8,-76.05333351440453,-75.82577896630717,-76.2865649171196,-76.03989961699801,-0.21749790362657428,-3.4099852416477487e-15,1.4725236825561261e-15,0.21749790362657428,ok,18.91
3.2199999999999998,3.04,65.0,92,6,8,-75.804338358458,-75.80381402658745,-75.95927056427314,-75.9586374998822,-0.00021234323442963286,1.3252872021480028e-13,-1.6625354595286005e-13,0.00021234323442963286,ok,83.58
1.17311930899858,1.17311930899858,75.0,92,6,8,-76.0314666141168,-75.82619896157279,-76.25670129500276,-76.04053303869,-0.16906098503253114,-3.011281528985341e-14,1.7005368871331358e-14,0.16906098503253114,ok,6.36
1.17311930899858,0.8682146206261605,75.0,92,6,8,-76.0362032722627,-75.81700405942479,-76.26282189992963,-76.02410289063532,-0.16333081178010286,-1.7955883118286056e-15,2.0629469356943145e-14,0.16333081178010286,ok,14.04
1.0328937646339662,1.0328937646339662,75.0,92,6,8,-76.0564033891645,-75.82170626731335,-76.29415940072698,-76.03822429374755,0.25172242353983965,-9.853183151257173e-15,6.07163612898954e-15,0.25172242353983965,ok,24.61
1.17311930899858,0.9184360891594576,75.0,92,6,8,-76.04634255164376,-75.82812264790478,-76.27298826365482,-76.0356285372826,-0.16316698646301217,-1.9786466744114827e-15,1.433514703864953e-14,0.16316698646301217,ok,14.0
1.17311930899858,0.7,75.0,92,6,8,-75.91297800618739,-75.6916552732674,-76.13896280961478,-75.8973022605562,-0.16425653970890317,2.4011087008481772e-15,1.3806007585013318e-14,0.16425653970890317,ok,20.92
1.0990821169362144,0.8682146206261605,75.0,92,6,8,-76.04064876447373,-75.80443884098074,-76.27387672004181,-76.0146560888684,0.21389174840347885,3.2479859397819424e-15,-1.9033405549632677e-14,0.21389174840347885,ok,22.27
1.0990821169362144,0.9184360891594576,75.0,92,6,8,-76.05087741603731,-75.81669876623373,-76.28423418511355,-76.02777115679898,-0.21474183303533495,-2.0518932519330608e-15,4.884858560749651e-15,0.21474183303533495,ok,22.6
1.17311930899858,0.738001992915057,75.0,92,6,8,-75.95836428994271,-75.73739743221077,-76.18453124248423,-75.94336069428175,-0.16415789720074248,-3.5863428215385936e-16,6.088106141214094e-14,0.16415789720074248,ok,20.61
1.17311930899858,1.0990821169362144,75.0,92,6,8,-76.04161402584104,-75.82990166115115,-76.26770407702864,-76.04065806892368,-0.1681750905358633,-4.826883083060236e-16,-1.161670398222028e-16,0.1681750905358633,ok,11.26
1.0328937646339662,0.738001992915057,75.0,92,6,8,-75.96407721569277,-75.71556499640869,-76.20294808011607,-75.92592377554203,0.31047447897878633,1.4799677741475986e-16,-8.626544922037452e-15,0.31047447897878633,ok,35.05
1.17311930899858,0.8217302352684964,75.0,92,6,8,-76.01882640281636,-75.79888703291275,-76.24534259569654,-76.00560212802351,0.16364973988080128,-7.285416175720182e-16,-1.5753743259906195e-14,0.16364973988080128,ok,19.23
1.17311930899858,0.7784650775728821,75.0,92,6,8,-75.99324321918813,-75.77272637445276,-76.21959287192486,-75.97904145762142,0.16393035863314195,-8.490655917141587e-17,-1.0131668080011654e-14,0.16393035863314195,ok,20.28
1.0328937646339662,0.9184360891594576,75.0,92,6,8,-76.05210579278216,-75.8085538908418,-76.29182298398979,-76.02290731007982,-0.26778563839224884,-1.2532402019047619e-14,2.2909620812044122e-14,0.26778563839224884,ok,32.94
1.17311930899858,1.0328937646339662,75.0,92,6,8,-76.04829350779323,-75.83337151746582,-76.27465224285805,-76.0423044827373,-0.1647384007692071,-1.0509800391705468e-15,4.746783974409531e-15,0.1647384007692071,ok,15.9
1.17311930899858,0.9730484681624365,75.0,92,6,8,-76.05011374473503,-75.83323517407572,-76.27666747714271,-76.04129213690042,0.16344691031656608,-1.3470182937607321e-15,-6.451213047623515e-15,0.16344691031656608,ok,19.59
0.9730484681624365,0.9184360891594576,75.0,92,6,8,-76.05048446100236,-75.8009315090436,-76.29357378118405,-76.01563080996593,0.30632684676497285,5.497289356066387e-15,-3.894550423763334e-15,0.30632684676497285,ok,46.95
1.2571204432701741,0.8682146206261605,75.0,92,6,8,-76.02757579446205,-75.83263720120458,-76.24810612793438,-76.03683528433258,-0.12380904321233016,-9.568963063191495e-16,1.6161049474292012e-14,0.12380904321233016,ok,10.73
1.2571204432701741,0.738001992915057,75.0,92,6,8,-75.9498520200709,-75.7544515719638,-76.17007928634933,-75.95777543033006,0.1258360542893345,3.703245170560753e-16,-4.611109656919579e-14,0.1258360542893345,ok,14.76
1.2571204432701741,0.8217302352684964,75.0,92,6,8,-76.01024911503552,-75.81508889457854,-76.23073719828517,-76.01902705094983,0.12469741394680764,6.196672878310926e-16,-1.2837215938641485e-14,0.12469741394680764,ok,12.4
1.2571204432701741,0.9184360891594576,75.0,92,6,8,-76.03766199214624,-75.84304600367176,-76.25814228695312,-76.04742653528437,0.1227711679222357,5.783197366370865e-16,-1.6684218340485126e-14,0.1227711679222357,ok,11.58
1.0990821169362144,0.738001992915057,75.0,92,6,8,-75.96256243513345,-75.72277054220372,-76.19572548484429,-75.93192117851812,0.2151413940966899,-3.191620816585815e-15,-1.7442304453614106e-14,0.2151413940966899,ok,33.96
1.3541907073778483,1.0990821169362144,75.0,92,6,8,-76.01994495336146,-75.85535124757132,-76.23337841951616,-76.05633701937079,0.08769094637219385,7.023558016618812e-16,-3.501337392941793e-15,0.08769094637219385,ok,8.39
1.3541907073778483,0.9730484681624365,75.0,92,6,8,-76.02872417112562,-75.8637256572249,-76.24333028307457,-76.06516933057138,-0.09120344281754551,-1.6541325580786798e-16,9.23754524502129e-15,0.09120344281754551,ok,9.44
1.2571204432701741,0.7,75.0,92,6,8,-75.90447732317453,-75.7090233164547,-76.12454499165135,-75.9120690806343,0.1260439846077902,1.524472084766504e-15,-3.3086412016066733e-14,0.1260439846077902,ok,19.18
1.2571204432701741,0.7784650775728821,75.0,92,6,8,-75.98470380312011,-75.78939678406617,-76.20508044282754,-75.99302757844406,-0.12538565017537298,-3.819640777985713e-16,8.707779443863117e-15,0.12538565017537298,ok,18.67
1.0328937646339662,0.8217302352684964,75.0,92,6,8,-76.02304582877153,-75.7778978042351,-76.26355542767529,-75.99040776301067,0.30466045982287543,2.0659561674101555e-15,-1.5452664368662538e-14,0.30466045982287543,ok,44.53
1.2571204432701741,0.9730484681624365,75.0,92,6,8,-76.04138339934016,-75.84723512303181,-76.26165391117925,-76.0517722232095,0.12169178216977035,9.26388236111744e-16,-8.358289891239894e-15,0.12169178216977035,ok,16.48
1.2571204432701741,1.2571204432701741,75.0,92,6,8,-76.00739976455478,-75.8231681970721,-76.22518184942282,-76.03358441941802,0.12992442325303338,5.785684523672954e-15,-1.5065480963423418e-15,0.12992442325303338,ok,14.97
1.3541907073778483,0.8682146206261605,75.0,92,6,8,-76.01508667216603,-75.85002863941742,-76.23000079830237,-76.05139228175526,0.09400242950248451,1.7290305659913086e-16,-1.435943329211029e-14,0.09400242950248451,ok,13.97
1.2571204432701741,1.0328937646339662,75.0,92,6,8,-76.03951894324115,-75.84606653803533,-76.25940363148807,-76.05076987145279,-0.12082691664800574,-1.3702275057622426e-15,3.616894280504076e-15,0.12082691664800574,ok,17.88
1.3541907073778483,0.7784650775728821,75.0,92,6,8,-75.97233354405819,-75.80739397687705,-76.18713284933982,-76.00833162334091,-0.0957156075522179,-6.598981053379167e-16,7.233270646396554e-15,0.0957156075522179,ok,15.95
1.3541907073778483,0.8217302352684964,75.0,92,6,8,-75.99782785541277,-75.83281231550063,-76.2127153768643,-76.03400006795371,-0.09499935710121252,-4.692473906888045e-16,9.336552382775917e-15,0.09499935710121252,ok,16.1
1.4691596244932197,1.0990821169362144,75.0,92,6,8,-76.00384632790404,-75.87189763157497,-76.21191282913692,-76.06964029235945,-0.06488878717221236,-5.011060486257104e-16,1.0773428539693023e-14,0.06488878717221236,ok,5.22
1.3541907073778483,0.738001992915057,75.0,92,6,8,-75.93751375004003,-75.7726728118159,-76.15219895452877,-75.97333919652057,0.09615117501433325,-7.799117511468272e-17,-2.5488328935384168e-14,0.09615117501433325,ok,16.83
1.3541907073778483,0.7,75.0,92,6,8,-75.89215078463401,-75.72742514942445,-76.1066966153431,-75.92786711189477,0.09632679871919554,1.369781112182565e-16,-2.9380921490670746e-14,0.09632679871919554,ok,17.44
1.2571204432701741,1.0990821169362144,75.0,92,6,8,-76.03275935185835,-75.84041393847177,-76.25207200505531,-76.04536972083159,0.12069159214167723,1.6076142881954124e-15,-3.030809230989413e-15,0.12069159214167723,ok,18.55
1.0990821169362144,0.7,75.0,92,6,8,-75.91634040966206,-75.6813732035945,-76.15181962823975,-75.89173620665775,0.27136202051258573,5.521309949670083e-15,1.2966173570401637e-15,0.27136202051258573,ok,41.98
1.3541907073778483,0.9184360891594576,75.0,92,6,8,-76.02509152797943,-75.86003436892348,-76.23993821213946,-76.0615340681108,0.09272869581606566,3.108040049584453e-16,-1.862464359702765e-14,0.09272869581606566,ok,15.98
1.3541907073778483,1.0328937646339662,75.0,92,6,8,-76.02677379093343,-75.861914491681,-76.24092403336867,-76.06323032733827,0.08947572658276251,4.030288024254461e-16,-7.870931896536139e-15,0.08947572658276251,ok,15.97
1.4691596244932197,1.17311930899858,75.0,92,6,8,-75.99265455719708,-75.86076799978737,-76.19965089773623,-76.05758019552023,0.06256052986363125,1.0155152792751903e-15,-7.983163236118422e-15,0.06256052986363125,ok,7.73
1.3541907073778483,1.3541907073778483,75.0,92,6,8,-75.97649478657019,-75.8181405393921,-76.18635335978557,-76.02255112116985,0.09569115603058258,1.3478511256947468e-14,-6.362522386476279e-15,0.09569115603058258,ok,14.31
1.0328937646339662,0.7784650775728821,75.0,92,6,8,-75.99810440878977,-75.75126208772853,-76.2378136676389,-75.9625802325281,0.3089733240454313,1.0288592274795144e-14,2.6878752338292516e-14,0.3089733240454313,ok,52.42
1.3541907073778483,1.17311930899858,75.0,92,6,8,-76.00887253467785,-75.84478327076177,-76.22130813905312,-76.04527031333511,0.08622031208602143,9.569727781659098e-16,-2.1883930322765898e-15,0.08622031208602143,ok,16.46
1.2571204432701741,1.17311930899858,75.0,92,6,8,-76.02172287972792,-75.83144870710652,-76.24030598130584,-76.03733399201055,0.12287224204616927,2.0073642792895617e-15,-4.7780932148122666e-17,0.12287224204616927,ok,22.0
1.4691596244932197,0.8217302352684964,75.0,92,6,8,-75.9822715079857,-75.85080768046089,-76.19180166895144,-76.04923965074431,0.07207416483361247,1.2025404647061583e-15,-6.8776677530926535e-15,0.07207416483361247,ok,13.68
1.3541907073778483,1.2571204432701741,75.0,92,6,8,-75.99414743738461,-75.83115789382154,-76.20528681348691,-76.03133304755977,0.08626055102041802,1.564952143170847e-15,5.557942065725933e-15,0.08626055102041802,ok,17.2
1.4691596244932197,0.7784650775728821,75.0,92,6,8,-75.95683205332209,-75.82554389187159,-76.16630233322324,-76.0237596702309,-0.07258883347878765,-2.2360879217862627e-16,2.6740683419652877e-14,0.07258883347878765,ok,16.62
1.6101543756409509,0.738001992915057,75.0,92,6,8,-75.90434495733908,-75.80833897682973,-76.10830702632106,-76.00366890044151,0.05387183561537227,2.5544230177182293e-15,-5.3704457145743176e-15,0.05387183561537227,ok,9.49
1.4691596244932197,1.2571204432701741,75.0,92,6,8,-75.97784726196736,-75.84616685268782,-76.18334228275171,-76.04162853694638,0.060146675594443276,1.2272394186484406e-15,-5.575748790586973e-17,0.060146675594443276,ok,12.38
1.6101543756409509,1.17311930899858,75.0,92,6,8,-75.97413955735858,-75.87695849176713,-76.17591974701588,-76.07064000202476,-0.046007492384307486,-5.264342522690868e-15,2.2069232905893505e-13,0.046007492384307486,ok,7.07
1.4691596244932197,1.4691596244932197,75.0,92,6,8,-75.93994451886836,-75.81156823538947,-76.14122969369413,-76.00798010636615,0.06711449783730314,-1.1559941483349407e-14,-8.308833966101323e-15,0.06711449783730314,ok,10.77
1.4691596244932197,0.8682146206261605,75.0,92,6,8,-75.9994545349643,-75.86783242949022,-76.20901935627658,-76.06643474301147,-0.07126797496772043,-6.189976084703283e-16,8.925719483694725e-15,0.07126797496772043,ok,16.94
1.6101543756409509,0.7,75.0,92,6,8,-75.85900366546814,-75.763221738608,-76.06278681382521,-75.9583381397502,-0.05364376098893102,-1.3021894611324953e-15,6.526436900756254e-14,0.05364376098893102,ok,11.39
1.4691596244932197,0.9184360891594576,75.0,92,6,8,-76.0093634676926,-75.87760610362096,-76.2188689255173,-76.07628555998633,0.07015234365488644,7.378003197120505e-16,-1.3898076231197414e-14,0.07015234365488644,ok,16.5
1.6101543756409509,1.0990821169362144,75.0,92,6,8,-75.98548538703338,-75.88832885218123,-76.18835735609049,-76.08316609756714,0.04816913688073089,-9.336622209470946e-16,1.2709626312300132e-13,0.04816913688073089,ok,8.45
1.6101543756409509,0.8682146206261605,75.0,92,6,8,-75.98159663352848,-75.88497004781989,-76.18587778297058,-76.08084897293253,-0.053194541691676,-1.144288372065564e-15,1.4228439514045432e-13,0.053194541691676,ok,9.43
1.6101543756409509,0.9184360891594576,75.0,92,6,8,-75.99140829639293,-75.89460675155644,-76.19564928743488,-76.09053741113445,0.05243392616194946,2.4078803937396787e-15,2.2572804324492936e-13,0.05243392616194946,ok,8.95
1.7925140766422638,0.7784650775728821,75.0,92,6,8,-75.92040603976915,-75.85857108001443,-76.11914200452304,-76.05148310696669,-0.03777121650207011,-2.0213729684937413e-15,4.341167601486496e-15,0.03777121650207011,ok,5.33
1.4691596244932197,0.9730484681624365,75.0,92,6,8,-76.01288262654928,-75.88101940005039,-76.22216024124263,-76.07961590658154,0.06871894071705807,9.190722795639084e-16,-1.8812853715244628e-14,0.06871894071705807,ok,15.87
1.4691596244932197,1.0328937646339662,75.0,92,6,8,-76.01080590025224,-75.87887430254612,-76.2196152431693,-76.07718244897987,0.06696030334431533,4.684926269609472e-16,-2.9766400716770946e-14,0.06696030334431533,ok,15.65
1.4691596244932197,1.3541907073778483,75.0,92,6,8,-75.96003975756429,-75.82891142320524,-76.16354286844343,-76.02273768369966,-0.05834548278656519,-1.3989564794428879e-15,-1.0715189206938644e-14,0.05834548278656519,ok,14.18
1.0328937646339662,0.8682146206261605,75.0,92,6,8,-76.04040904275053,-75.79660426814377,-76.28147763255404,-76.01062755146602,-0.29376933176491027,-7.142782260331305e-15,1.8386669789649587e-14,0.29376933176491027,ok,59.56
1.7925140766422638,0.7,75.0,92,6,8,-75.84036222794236,-75.7789476639525,-76.03878715080484,-75.97147413644697,0.03713613227894603,3.0390785586807066e-16,3.6616418515288185e-14,0.03713613227894603,ok,10.96
1.7925140766422638,0.738001992915057,75.0,92,6,8,-75.88568521042721,-75.82405701186394,-76.08427026210232,-76.01677068256517,-0.03753030363954667,-2.2372862200492368e-15,5.554308950061392e-15,0.03753030363954667,ok,10.47
1.6101543756409509,1.2571204432701741,75.0,92,6,8,-75.9591918813062,-75.86207441840646,-76.15939663001204,-76.05417417431322,-0.043460258510342575,-1.6096948132553796e-14,4.4438941459977714e-13,0.043460258510342575,ok,12.88
2.0510782147427644,0.7,75.0,92,6,8,-75.82283260220092,-75.79213642022094,-76.01614465598969,-75.98234945199239,0.022012111717819173,5.554975204124337e-15,-2.239637013230733e-14,0.022012111717819173,ok,5.47
2.0510782147427644,0.738001992915057,75.0,92,6,8,-75.86811644956656,-75.83726003759949,-76.0616065262968,-76.02764027627198,-0.022407972585917143,-3.627128490900321e-15,9.860001432228633e-15,0.022407972585917143,ok,5.68
1.7925140766422638,1.17311930899858,75.0,92,6,8,-75.95469328136765,-75.89202568284733,-76.15130826562012,-76.08289820878083,-0.03297200002028435,2.5086243498952678e-15,-1.3245940943489586e-13,0.03297200002028435,ok,7.39
1.7925140766422638,1.0990821169362144,75.0,92,6,8,-75.96618405705951,-75.90351440160742,-76.16390298296909,-76.09558446950912,-0.03456515714251591,1.4416830296814312e-15,-6.870186963598343e-14,0.03456515714251591,ok,7.68
1.7925140766422638,0.8682146206261605,75.0,92,6,8,-75.96277395486221,-75.90056326287748,-76.16172942494936,-76.09379683530555,0.03769876725898106,-3.1209121248797666e-15,7.187236772537235e-14,0.03769876725898106,ok,11.18
1.7925140766422638,1.0328937646339662,75.0,92,6,8,-75.9734369193564,-75.91082659220349,-76.17185962725863,-76.1035886415192,0.035797489469315054,7.323089309306714e-16,-9.26600934365418e-15,0.035797489469315054,ok,8.4
1.7925140766422638,1.6101543756409509,75.0,92,6,8,-75.88024565188083,-75.81935328109043,-76.06553930832732,-75.99775046544515,-0.02233267511294595,-1.520036188015016e-14,2.1326138327705398e-13,0.02233267511294595,ok,7.37
1.6101543756409509,0.8217302352684964,75.0,92,6,8,-75.96448839583668,-75.86805579548884,-76.16874592488367,-76.06378488221704,0.05367381490523035,1.5753174116946988e-15,-4.985101904160474e-15,0.05367381490523035,ok,16.96
1.6101543756409509,0.9730484681624365,75.0,92,6,8,-75.99480927700637,-75.89785573568233,-76.19883939762089,-76.09367542129752,0.05135676890617744,1.235432611115551e-15,-4.557882195140164e-13,0.05135676890617744,ok,16.44
1.4691596244932197,0.738001992915057,75.0,92,6,8,-75.92204427554205,-75.79094512397778,-76.13137102271607,-75.98894521564497,0.0728316385959872,7.717072948605666e-16,-2.893794429762768e-14,0.0728316385959872,ok,26.79
1.7925140766422638,1.3541907073778483,75.0,92,6,8,-75.92163621551367,-75.85930128155678,-76.11428483408247,-76.04602636628006,-0.02858323268722628,5.174777757712664e-16,1.3633352279382341e-14,0.02858323268722628,ok,8.69
1.7925140766422638,0.9730484681624365,75.0,92,6,8,-75.9757810215939,-75.91327366517862,-76.17458687894853,-76.10640862366513,-0.03670826995732409,-7.988180125331458e-16,6.12050297854674e-15,0.03670826995732409,ok,9.77
1.6101543756409509,1.3541907073778483,75.0,92,6,8,-75.94128884047852,-75.84438621144051,-76.13932261989106,-76.03418089039239,0.04056043063157819,-3.849055190203247e-15,8.850048143810289e-14,0.04056043063157819,ok,15.95
1.6101543756409509,0.7784650775728821,75.0,92,6,8,-75.93910144939764,-75.842877008666,-76.14323074360969,-76.03841690906796,0.053891970941267034,1.8340847677545078e-15,-4.671136511720462e-15,0.053891970941267034,ok,18.92
1.4691596244932197,0.7,75.0,92,6,8,-75.87669251085661,-75.74578902160519,-76.08586591620359,-75.94357496261664,0.07282931410904384,5.118852879728272e-16,-3.21525448357931e-14,0.07282931410904384,ok,27.77
2.0510782147427644,0.8217302352684964,75.0,92,6,8,-75.9280577851698,-75.8969081654273,-76.12187922931749,-76.08766862770356,0.022920504568923143,-4.231806370396161e-15,3.030139106325462e-14,0.022920504568923143,ok,7.52
1.6101543756409509,1.6101543756409509,75.0,92,6,8,-75.89970575474767,-75.80423296175405,-76.09129455874555,-75.99071055885913,-0.04405559152845546,-2.6857705247353675e-14,5.847296647319294e-14,0.04405559152845546,ok,15.98
1.6101543756409509,1.0328937646339662,75.0,92,6,8,-75.99259546655881,-75.89552042560953,-76.19618225547767,-76.09099570314449,-0.04994304923523581,1.2196961784854898e-15,-2.2795343722819293e-13,0.04994304923523581,ok,19.37
1.6101543756409509,1.4691596244932197,75.0,92,6,8,-75.92114301868996,-75.82474894933958,-76.11628386423051,-76.01138143081651,-0.03754697226491979,4.8816328277829714e-17,-2.4383177353368692e-14,0.03754697226491979,ok,17.03
1.7925140766422638,0.9184360891594576,75.0,92,6,8,-75.97249272654417,-75.91012128107221,-76.17144881923697,-76.10339119818866,0.03733385885632043,-3.4705344745745034e-15,7.9138312283331e-14,0.03733385885632043,ok,13.29
1.7925140766422638,0.8217302352684964,75.0,92,6,8,-75.94573902430744,-75.88370857488378,-76.14460808472283,-76.07679782654633,0.037834096208423616,-3.030618356899935e-15,6.451581142330851e-14,0.037834096208423616,ok,16.17
2.0510782147427644,0.7784650775728821,75.0,92,6,8,-75.90278668536848,-75.87177812762351,-76.09646035667626,-76.06234025702469,0.022715855925665607,6.7478917914926185e-15,-3.591055403068093e-14,0.022715855925665607,ok,12.73
2.0510782147427644,1.6101543756409509,75.0,92,6,8,-75.86259639753756,-75.83269318029028,-76.04192604625467,-76.00817537314755,-0.014135049650282878,2.8727494858534766e-15,-2.2218941359213683e-14,0.014135049650282878,ok,7.33
2.0510782147427644,1.4691596244932197,75.0,92,6,8,-75.88341315032822,-75.8527312386496,-76.06732963958872,-76.03309642183429,-0.016327715326044625,-7.936773859563993e-15,3.9127376258520156e-14,0.016327715326044625,ok,8.48
1.7925140766422638,1.4691596244932197,75.0,92,6,8,-75.90151913986503,-75.83967457049303,-76.090991939376,-76.02285244433861,0.025725612274612775,2.7630604845207697e-15,-8.625976490777678e-15,0.025725612274612775,ok,15.64
1.7925140766422638,1.7925140766422638,75.0,92,6,8,-75.8593502607325,-75.79826360348385,-76.03948083549605,-75.97317515014737,-0.026382732917061592,-1.1166465498233165e-14,-2.935638122921375e-14,0.026382732917061592,ok,15.43
2.0510782147427644,0.9184360891594576,75.0,92,6,8,-75.9546530834096,-75.92326839377304,-76.14861651426126,-76.11419464972924,0.022949578087524743,-4.118458611092571e-15,3.4251839728572895e-14,0.022949578087524743,ok,12.44
2.0510782147427644,0.8682146206261605,75.0,92,6,8,-75.94501936050861,-75.91374298174198,-76.13895152089606,-76.10464294135292,0.02300532869297165,-4.153356723734464e-15,3.226129864839733e-14,0.02300532869297165,ok,14.1
2.5,0.7784650775728821,75.0,92,6,8,-75.88949991977721,-75.88121880788788,-76.0792511935472,-76.07014071780257,0.00839760928655808,1.0719903426557793e-14,-4.597685439472863e-14,0.00839760928655808,ok,8.43
2.0510782147427644,1.17311930899858,75.0,92,6,8,-75.93645192349246,-75.90496038746461,-76.12806345091346,-76.09339632947402,0.020792169094888735,2.437969163311475e-16,1.3202291273903307e-14,0.020792169094888735,ok,11.02
2.5,1.17311930899858,75.0,92,6,8,-75.92282231272719,-75.91440559139944,-76.1104797057627,-76.1010948631244,-0.00813492712337972,3.061087952744769e-15,-2.858213924845316e-15,0.00813492712337972,ok,6.81
2.0510782147427644,1.2571204432701741,75.0,92,6,8,-75.92131651055588,-75.88994928011219,-76.1111870972381,-76.07657188720309,0.019627851520968426,1.1251226498983118e-15,7.624351469036483e-16,0.019627851520968426,ok,10.88
2.5,0.8217302352684964,75.0,92,6,8,-75.91470324896751,-75.9063667510421,-76.10462111731684,-76.09544324819984,0.008530418943783686,1.0383839040283014e-14,-4.554218392968179e-14,0.008530418943783686,ok,10.29
2.5,1.2571204432701741,75.0,92,6,8,-75.90775114789469,-75.89940851994785,-76.09356039846833,-76.08419523621242,0.007757232677434305,-2.262209310550064e-15,1.0746036829000107e-14,0.007757232677434305,ok,7.95
2.5,1.6101543756409509,75.0,92,6,8,-75.85023515717761,-75.84252570227862,-76.02478855273608,-76.01590375775676,0.00581580581666183,1.1302409061438758e-14,-3.4321471851499837e-14,0.00581580581666183,ok,7.42
2.5,0.8682146206261605,75.0,92,6,8,-75.93159715324042,-75.92321224125823,-76.12166911254131,-76.11243322162976,-0.008622355748434004,-8.39767154702314e-16,3.327694381586245e-15,0.008622355748434004,ok,10.89
2.0510782147427644,1.3541907073778483,75.0,92,6,8,-75.90335497461513,-75.87223322937623,-76.09073119140757,-76.05625065804448,0.018146810960349972,9.07916975175127e-15,-4.1618790041111045e-14,0.018146810960349972,ok,13.57
2.0510782147427644,0.9730484681624365,75.0,92,6,8,-75.95784526543063,-75.9263759739867,-76.15167745653264,-76.1171614974155,0.02272816372908931,7.564794517596976e-15,-5.601530799198424e-14,0.02272816372908931,ok,14.84
2.0510782147427644,1.0990821169362144,75.0,92,6,8,-75.9480379366709,-75.91650219890147,-76.14079709951709,-76.10614451032023,0.02168122691642207,9.058046566577072e-16,-8.680443893814494e-15,0.02168122691642207,ok,15.21
2.5,0.738001992915057,75.0,92,6,8,-75.8548962582033,-75.84667609437497,-76.0444245073528,-76.0353866652795,-0.00823287682305827,-1.0811673350178145e-15,3.9956361318871e-15,0.00823287682305827,ok,13.07
2.0510782147427644,1.7925140766422638,75.0,92,6,8,-75.84255741233561,-75.81406136386734,-76.01618408502351,-75.98345577376264,-0.011434376778054256,-2.8567209753389233e-15,3.986664353268777e-14,0.011434376778054256,ok,14.1
2.68,1.0328937646339662,75.0,92,6,8,-75.93967736329529,-75.93481763056985,-76.12863721604263,-76.12326233689129,0.005551971113601544,-4.56441566795299e-15,2.3910647743142133e-14,0.005551971113601544,ok,4.74
2.5,0.9184360891594576,75.0,92,6,8,-75.94116508728771,-75.93274093570217,-76.13127439459399,-76.12201661651599,-0.008667726033105654,-8.661193838434972e-16,3.2965142455684757e-15,0.008667726033105654,ok,14.15
2.5,1.7925140766422638,75.0,92,6,8,-75.8313598454506,-75.82414491153334,-75.99992554257432,-75.99150304282709,0.004881331229854131,-1.3899610540916223e-14,5.632252766678587e-14,0.004881331229854131,ok,9.1
2.5,2.0510782147427644,75.0,92,6,8,-75.81643914948135,-75.80998161705074,-75.97873865481071,-75.97110677039973,0.0037763614348956046,-3.9145127908909994e-14,1.3235995853052648e-13,0.0037763614348956046,ok,8.66
2.5,1.0328937646339662,75.0,92,6,8,-75.94179684906345,-75.93333394867865,-76.13140261502426,-76.12204036759559,-0.008569443818544036,-1.8122487762005024e-15,6.857861212286473e-15,0.008569443818544036,ok,14.48
2.68,0.8217302352684964,75.0,92,6,8,-75.91261988900895,-75.90783911685457,-76.10189184422754,-76.09665149512031,-0.005491318550355205,-9.268441113482044e-16,3.2360610160790065e-15,0.005491318550355205,ok,7.84
2.68,0.9184360891594576,75.0,92,6,8,-75.93905692358678,-75.93422040161721,-76.12853076760999,-76.12322841318765,0.005594128469213091,6.737268348745814e-15,-2.947015268440814e-14,0.005594128469213091,ok,8.45
1.7925140766422638,1.2571204432701741,75.0,92,6,8,-75.93961741830566,-75.8770431878439,-76.13459360419029,-76.06627336415698,-0.03099025510564918,1.6275711962640842e-16,-4.9502474079010175e-14,0.03099025510564918,ok,26.06
2.5,1.0990821169362144,75.0,92,6,8,-75.93440562599787,-75.92595203774898,-76.12327718565274,-76.11389308386579,-0.008399808530476833,1.7740550524741356e-15,-1.1295462476571599e-14,0.008399808530476833,ok,16.41
2.68,1.0990821169362144,75.0,92,6,8,-75.93229013348615,-75.92743807960575,-76.12050895922425,-76.1151137137707,0.005456610293440167,1.9200406225454497e-15,-7.926188919024216e-15,0.005456610293440167,ok,7.75
2.68,0.7784650775728821,75.0,92,6,8,-75.88743150507521,-75.8826862058852,-76.07653364403573,-76.07133105295533,-0.005401321122893882,-1.914516018780853e-15,6.7641599016041525e-15,0.005401321122893882,ok,10.45
2.5,0.9730484681624365,75.0,92,6,8,-75.94429625919959,-75.93584490248318,-76.1342846920959,-76.12497185785942,0.008650329423477349,-4.741294386040333e-15,2.570085035817861e-14,0.008650329423477349,ok,17.71
2.5,1.4691596244932197,75.0,92,6,8,-75.87037927757311,-75.86235949997592,-76.04980342429141,-76.04065123604828,-0.00660532819714585,-8.49222255037916e-15,3.647046697487372e-14,0.00660532819714585,ok,15.73
2.5,1.3541907073778483,75.0,92,6,8,-75.8899622098231,-75.88174450339768,-76.07309329019654,-76.06378618297708,0.0072511165141501315,-6.7049654160474154e-15,3.1599915884259554e-14,0.0072511165141501315,ok,16.9
2.68,1.2571204432701741,75.0,92,6,8,-75.90568240158764,-75.90090667208005,-76.09080200553969,-76.08539474791418,-0.005066737561955773,7.384294605370492e-15,-2.8687671023693076e-14,0.005066737561955773,ok,10.35
2.0510782147427644,1.0328937646339662,75.0,92,6,8,-75.95539702898301,-75.92387379543311,-76.14886032726439,-76.11426261556363,0.02231347612973721,2.2897059263177695e-15,-9.28616864102752e-15,0.02231347612973721,ok,24.96
2.68,0.8682146206261605,75.0,92,6,8,-75.92950026622175,-75.92468866506817,-76.11894311676063,-76.1136484068074,0.005556356033643855,-1.7916435205080495e-15,9.429599905843374e-15,0.005556356033643855,ok,14.47
2.68,1.7925140766422638,75.0,92,6,8,-75.82984380717465,-75.82576755111535,-75.99758622149291,-75.99277729219259,0.003254453300113783,3.7054050931039824e-14,-1.3339969478352226e-13,0.003254453300113783,ok,10.59
2.5,0.7,75.0,92,6,8,-75.809676757402,-75.80152165578271,-75.99896542205184,-75.99000590214814,0.00804297853076243,7.201175943819606e-15,-2.7249733675974353e-14,0.00804297853076243,ok,24.55
2.86,0.9184360891594576,75.0,92,6,8,-75.93783459912603,-75.93508598980381,-76.12692130936216,-76.12392230454414,-0.0035473172174270264,-7.83828755543619e-16,2.9892884438405326e-15,0.0035473172174270264,ok,6.97
2.68,1.17311930899858,75.0,92,6,8,-75.9207218245208,-75.91589572560979,-76.10771198975853,-76.10230421376743,-0.005299340830796825,-2.557351527291537e-15,5.068004351023868e-15,0.005299340830796825,ok,14.27
2.68,0.738001992915057,75.0,92,6,8,-75.85284376009187,-75.84813762285462,-76.04171032524177,-76.03655001145664,-0.005289728295039865,-9.608221955960429e-16,3.6593671721714744e-15,0.005289728295039865,ok,17.71
2.86,1.17311930899858,75.0,92,6,8,-75.91951103897752,-75.9167708408083,-76.10609813089964,-76.10300536417249,-0.0033806720647590813,1.0527091024448242e-15,-3.0149823508991676e-15,0.0033806720647590813,ok,8.19
2.86,1.0990821169362144,75.0,92,6,8,-75.93106678782054,-75.92830945840498,-76.11889266087356,-76.11581792928827,-0.003476159269556047,3.497203530418756e-15,-1.7917142972832843e-14,0.003476159269556047,ok,8.45
2.86,1.2571204432701741,75.0,92,6,8,-75.90449613797591,-75.90178838038202,-76.0891967268845,-76.086096491508,-0.003240558363019698,-1.267414636290128e-15,4.61245105862942e-15,0.003240558363019698,ok,8.94
2.68,0.9730484681624365,75.0,92,6,8,-75.94218001838745,-75.93732666260543,-76.13152579427238,-76.12618433821488,-0.005597747839129271,-1.6614581960571978e-15,5.8756106686849775e-15,0.005597747839129271,ok,19.08
2.68,1.3541907073778483,75.0,92,6,8,-75.88795082900018,-75.88325786118197,-76.07036373086594,-76.0649828491701,0.00475130740647255,1.216180567622429e-14,-4.9188601069067835e-14,0.00475130740647255,ok,17.12
2.86,0.7,75.0,92,6,8,-75.80646682000724,-75.80382585437242,-75.99465708793127,-75.99177110787679,0.0032612813732267477,1.2023001688200554e-14,-4.718367893953496e-14,0.0032612813732267477,ok,14.04
2.86,1.0328937646339662,75.0,92,6,8,-75.938449453909,-75.93568678981815,-76.12701964569806,-76.1239548364608,-0.003532232871022484,-7.865766585880644e-16,3.158550177606267e-15,0.003532232871022484,ok,13.05
2.68,0.7,75.0,92,6,8,-75.80764081638831,-75.80297644214937,-75.99624435546197,-75.99113745351902,0.0051650917660768765,-1.147957512345189e-14,4.6872533357094876e-14,0.0051650917660768765,ok,23.2
2.86,0.7784650775728821,75.0,92,6,8,-75.8862351862741,-75.88354367814892,-76.07493515396254,-76.07199657770146,-0.0034136441073918376,-8.710122803722557e-16,3.266139285479461e-15,0.0034136441073918376,ok,15.83
2.86,0.8217302352684964,75.0,92,6,8,-75.91141357820467,-75.90869979573453,-76.10028489955167,-76.09733106419107,-0.003475413990686645,-7.559803100236803e-16,3.061676024979112e-15,0.003475413990686645,ok,15.66
2.86,1.4691596244932197,75.0,92,6,8,-75.86738812913126,-75.86481197751162,-76.04558839669238,-76.04252933170437,0.0027923723903428913,2.2084774221882977e-14,-8.859370378680587e-14,0.0027923723903428913,ok,11.14
2.86,1.7925140766422638,75.0,92,6,8,-75.8290262712982,-75.8267391626561,-75.9962709170585,-75.99354015295371,0.0021128381347332408,-5.649369370005137e-15,4.140479627633671e-14,0.0021128381347332408,ok,8.93
2.86,0.738001992915057,75.0,92,6,8,-75.85165840487537,-75.84899121900686,-76.04012582341502,-76.03720502114692,-0.0033411351183333477,-8.366694039646725e-16,3.282898186227449e-15,0.0033411351183333477,ok,16.19
2.68,1.6101543756409509,75.0,92,6,8,-75.84847741501255,-75.84410500717277,-76.02222691109004,-76.01711637575434,-0.0038457742307403796,-2.6677533328878215e-14,1.0067099209445749e-13,0.0038457742307403796,ok,19.84
2.86,0.9730484681624365,75.0,92,6,8,-75.94095304387659,-75.93819407496922,-76.12990475384349,-76.1268781451482,-0.003553801957224654,-7.454484800400254e-16,3.1382017941783328e-15,0.003553801957224654,ok,14.93
2.0510782147427644,2.0510782147427644,75.0,92,6,8,-75.82603257001671,-75.7906968824243,-75.99340353168137,-75.95810984754495,0.006428023587032468,4.657508342945665e-15,-2.1735460493270156e-14,0.006428023587032468,ok,34.93
2.68,1.4691596244932197,75.0,92,6,8,-75.86846471739399,-75.8638991759955,-76.04712166335526,-76.04183478774766,0.004343308869362811,2.6392950676660774e-14,-1.1028689181684134e-13,0.004343308869362811,ok,23.05
3.04,0.738001992915057,75.0,92,6,8,-75.85098350782482,-75.84948390237861,-76.03922370210294,-76.03755203589454,0.002090701453471546,-5.315606859288676e-15,2.1601366237281047e-14,0.002090701453471546,ok,10.77
2.68,2.0510782147427644,75.0,92,6,8,-75.8152456731506,-75.81160570067277,-75.97675436717891,-75.97242689542554,0.0025730407826925995,-1.1998190873907113e-14,2.409723681640298e-14,0.0025730407826925995,ok,23.38
2.86,1.6101543756409509,75.0,92,6,8,-75.84750577063281,-75.8450459896851,-76.02076219035345,-76.0178383561906,-0.0024831000814303688,-4.327017701511396e-15,-7.341822727647677e-15,0.0024831000814303688,ok,14.99
3.04,0.7784650775728821,75.0,92,6,8,-75.88555322558501,-75.88403865269993,-76.07401760853068,-76.0723476979165,-0.002138444759478766,-1.640985203791002e-15,5.908873934979304e-15,0.002138444759478766,ok,10.47
3.04,0.9184360891594576,75.0,92,6,8,-75.93713573280598,-75.93558614147818,-76.12599253551161,-76.12428699483502,-0.002229224630675132,-6.613855060590263e-16,2.9214676497715007e-15,0.002229224630675132,ok,9.17
2.86,2.0510782147427644,75.0,92,6,8,-75.81462163412981,-75.81258048287904,-75.97566496284388,-75.9732276164059,0.0017220040939985785,-3.2180315261711903e-15,1.1384079281986382e-14,0.0017220040939985785,ok,14.71
2.86,2.86,75.0,92,6,8,-75.80419245349657,-75.80284752671585,-75.95952203381243,-75.9579807957486,-0.0022609781988009673,-4.521080396126308e-14,-6.2030663946603e-14,0.0022609781988009673,ok,13.93
3.04,1.3541907073778483,75.0,92,6,8,-75.88616355985491,-75.88467206359856,-76.06786000919047,-76.06605689471947,-0.0019344823507636507,9.946565460441752e-15,-3.871709761076098e-14,0.0019344823507636507,ok,7.66
3.04,0.8217302352684964,75.0,92,6,8,-75.91072504603096,-75.9091968166516,-76.09936814455118,-76.09768500832067,-0.0021767340053424826,-1.6439471650324588e-15,5.655579195212071e-15,0.0021767340053424826,ok,12.35
2.86,0.8682146206261605,75.0,92,6,8,-75.92828514472284,-75.92555200598458,-76.11732786380917,-76.11434506267287,0.003519554220381204,1.648867318493364e-14,-6.885133917983879e-14,0.003519554220381204,ok,23.87
2.86,1.3541907073778483,75.0,92,6,8,-75.88680658172696,-75.88415125700175,-76.06877804103684,-76.06568038210607,0.0030455847629316636,-9.363977146295903e-15,3.7445396830292154e-14,0.0030455847629316636,ok,20.38
3.04,1.7925140766422638,75.0,92,6,8,-75.82859192330078,-75.8273161129927,-75.99554661004194,-75.9939949783994,-0.0013578498660889505,-1.8383586484967698e-14,1.891959806962032e-14,0.0013578498660889505,ok,9.72
3.04,0.7,75.0,92,6,8,-75.8057994691041,-75.80431587487473,-75.99376996656946,-75.99212113366589,0.0020378243210849157,8.333207499725875e-15,-3.223192097493812e-14,0.0020378243210849157,ok,17.43
3.04,1.0990821169362144,75.0,92,6,8,-75.93036856316871,-75.92881380099325,-76.11796247353774,-76.11621404594226,0.002196531227039485,8.085912815435132e-16,-3.7837342639513834e-15,0.002196531227039485,ok,13.8
3.04,1.0328937646339662,75.0,92,6,8,-75.93774758845575,-75.93618942387792,-76.12609033010156,-76.12435011758247,0.0022285771728413656,5.7086331635276164e-15,-2.4291300279033257e-14,0.0022285771728413656,ok,15.94
3.04,1.2571204432701741,75.0,92,6,8,-75.90382435016716,-75.90230056629584,-76.08826288365168,-76.08647221319801,0.002052733914560248,9.670360917714934e-15,-3.579202989786487e-14,0.002052733914560248,ok,14.71
3.04,1.17311930899858,75.0,92,6,8,-75.91882202345533,-75.917278016536,-76.10516340019174,-76.10339805752038,-0.002141181920176107,-8.8859792238648e-16,2.332264713573549e-15,0.002141181920176107,ok,16.6
3.2199999999999998,1.0990821169362144,75.0,92,6,8,-75.92997384175963,-75.92910324812013,-76.11742184611488,-76.11642514326539,0.0013968030383975133,-7.324444215064883e-15,3.26497389138837e-14,0.0013968030383975133,ok,8.1
3.04,0.8682146206261605,75.0,92,6,8,-75.92759085342291,-75.92605073946552,-76.11640089360607,-76.11470711020084,-0.002209857243197603,-8.648561366290936e-16,2.922134217919707e-15,0.002209857243197603,ok,21.3
3.04,0.9730484681624365,75.0,92,6,8,-75.94025140865968,-75.93869541183795,-76.12897674058514,-76.12725362044452,-0.0022376469031938984,-1.4839799125019612e-15,5.384221121605436e-15,0.0022376469031938984,ok,21.01
3.2199999999999998,1.0328937646339662,75.0,92,6,8,-75.9373503749586,-75.93647755338104,-76.12555237894159,-76.12456359016691,-0.0014119765259280887,-9.330853818254208e-16,2.9726534613069067e-15,0.0014119765259280887,ok,11.24
3.04,1.4691596244932197,75.0,92,6,8,-75.86679034510128,-75.86534662644031,-76.04471605170042,-76.0429655052519,0.0017807462380649312,2.5234203471405254e-15,-9.485229714899744e-15,0.0017807462380649312,ok,20.81
3.04,2.0510782147427644,75.0,92,6,8,-75.81430208278584,-75.81291413861258,-75.9750580573742,-75.9735373361616,-0.001118038738750842,1.1344063518274658e-14,-3.912970863273592e-14,0.001118038738750842,ok,21.07
3.04,1.6101543756409509,75.0,92,6,8,-75.84697567356613,-75.8456008423155,-76.01993800942078,-76.01826215956078,-0.0015861882675511157,-1.189322417732668e-08,1.1801726385933158e-07,0.0015861882719861262,ok,23.73
3.2199999999999998,1.2571204432701741,75.0,92,6,8,-75.90344738437793,-75.9025956883934,-76.08772302784878,-76.08666796395256,-0.001312230263043298,-9.616121889808116e-15,3.505389818411977e-14,0.001312230263043298,ok,15.79
3.2199999999999998,0.738001992915057,75.0,92,6,8,-75.85060329622901,-75.8497657586023,-76.03869525962446,-76.03773394363195,0.0013097716499838959,1.1052440522737553e-14,-4.304939879782264e-14,0.0013097716499838959,ok,20.87
3.2199999999999998,0.7784650775728821,75.0,92,6,8,-75.88516849589986,-75.88432195527784,-76.07349488692078,-76.07254168237486,0.0013408715220958232,1.0446684408973875e-14,-4.1165674002870405e-14,0.0013408715220958232,ok,20.81
3.2199999999999998,0.9730484681624365,75.0,92,6,8,-75.93985419704578,-75.93898265530221,-76.12844232891771,-76.12746388204724,-0.001415438690438195,5.618483745141523e-15,-2.2593931465955875e-14,0.001415438690438195,ok,19.64
3.2199999999999998,1.17311930899858,75.0,92,6,8,-75.91843357149006,-75.917569517594,-76.10461637238552,-76.10358554094975,-0.0013621433303756092,2.35573008481395e-15,-5.4019812210949295e-15,0.0013621433303756092,ok,18.34
2.68,2.5,75.0,92,6,8,-75.80640655909545,-75.8019320710786,-75.96317652218332,-75.95873642781912,-0.004095277198205757,-5.919012626599231e-15,1.200489642451088e-13,0.004095277198205757,ok,45.31
3.2199999999999998,1.4691596244932197,75.0,92,6,8,-75.86646148303413,-75.86565765548275,-76.04420813865458,-76.04319782188763,-0.0011426592024082211,-2.4205894912075514e-15,8.933209990231282e-15,0.0011426592024082211,ok,16.14
3.2199999999999998,3.2199999999999998,75.0,92,6,8,-75.80445155214919,-75.80401549273066,-75.95926398619065,-75.95876593221473,-1.3610607884094244e-07,-5.865486890418128e-14,-4.056473163421579e-14,1.361060788409611e-07,ok,9.73
3.2199999999999998,1.3541907073778483,75.0,92,6,8,-75.88580550827392,-75.8849733025422,-76.06734217187254,-76.06631313605803,-0.0012403522111272454,-1.5909278516378965e-15,5.912502047312998e-15,0.0012403522111272454,ok,19.83
3.04,2.5,75.0,92,6,8,-75.80496691024518,-75.80107829828157,-75.96104896007525,-75.95657841845627,0.003188559843829702,-4.946909094401233e-15,-2.2135788685203373e-15,0.003188559843829702,ok,31.49
3.2199999999999998,1.6101543756409509,75.0,92,6,8,-75.84668968848932,-75.84592592178019,-76.01947144855266,-76.01850526803406,-0.0010224331644637851,-2.752515259462109e-14,9.09804630593303e-14,0.0010224331644637851,ok,20.05
3.04,2.86,75.0,92,6,8,-75.80497456585522,-75.80404486567204,-75.96023111487692,-75.95910675682312,-0.0005499586960847867,-2.2037346596025742e-11,-8.584850694944871e-11,0.0005499586960847939,ok,30.5
3.2199999999999998,2.86,75.0,92,6,8,-75.80484801962444,-75.80432224945235,-75.95996204088434,-75.95929421784341,-0.0004679491204738495,-1.6913203612533466e-12,-1.3306164435323192e-11,0.0004679491204738497,ok,16.56
3.04,3.04,75.0,92,6,8,-75.8038073716558,-75.80337095094752,-75.95874924121361,-75.95821641961983,-5.983055408320247e-05,1.307015284907489e-13,1.7731027913093211e-13,5.983055408320247e-05,ok,33.93
3.2199999999999998,1.7925140766422638,75.0,92,6,8,-75.82836466357952,-75.82765693449792,-75.99512871691546,-75.99423906683428,-0.0008823024380555746,-2.3304418791627714e-14,5.828317333511654e-14,0.0008823024380555746,ok,28.17
3.4,1.3541907073778483,75.0,92,6,8,-75.88560791038826,-75.88514690384446,-76.06704932967087,-76.06644286655413,0.0008166555273829558,2.537723686492524e-15,-9.175180120459991e-15,0.0008166555273829558,ok,13.05
3.4,1.17311930899858,75.0,92,6,8,-75.91821643563756,-75.91773627787457,-76.10430848321272,-76.10370037781962,-0.0008893406988192979,-1.7921557241054517e-15,3.1532204492849685e-15,0.0008893406988192979,ok,18.73
3.2199999999999998,3.04,75.0,92,6,8,-75.80458762365775,-75.80403300211644,-75.95949893164321,-75.95879860455265,-0.00033641265257903325,-2.966189417925739e-11,-1.1028626992668837e-10,0.0003364126525790526,ok,27.12
2.86,2.5,75.0,92,6,8,-75.80487096262414,-75.80422802262446,-75.9611624071537,-75.96042870960603,-0.002476766421607469,2.0504958371086276e-15,-1.5295436172982845e-14,0.002476766421607469,ok,54.78
3.2199999999999998,2.0510782147427644,75.0,92,6,8,-75.81414159894084,-75.81333731052095,-75.97473843365155,-75.97399980563928,-0.0007146934038224508,7.979699599795963e-15,-3.1425684640868503e-14,0.0007146934038224508,ok,30.85
3.4,1.4691596244932197,75.0,92,6,8,-75.86628232303052,-75.86583804948746,-76.04392519584897,-76.04333851230147,0.0007540052596221223,2.3422253777148925e-14,-8.87351430230488e-14,0.0007540052596221223,ok,16.0
3.4,1.0990821169362144,75.0,92,6,8,-75.92975268812765,-75.92926842064087,-76.11710436190266,-76.11652927035188,0.000906559916462479,-7.749613678876897e-15,3.233648988036746e-14,0.000906559916462479,ok,20.58
3.4,1.7925140766422638,75.0,92,6,8,-75.82824790077528,-75.82785812830367,-75.99488837027825,-75.99435708599964,0.0005932890121140254,-4.1538294693681517e-13,1.1226395748489356e-12,0.0005932890121140254,ok,17.68
3.2199999999999998,2.5,75.0,92,6,8,-75.8042939962916,-75.80131356958206,-75.96014766816153,-75.95672628141244,-0.003616578699150689,7.279474285879657e-14,2.3575801811983113e-14,0.003616578699150689,ok,33.26
3.4,1.2571204432701741,75.0,92,6,8,-75.90323771251624,-75.90276498665796,-76.08742336533844,-76.08682353575843,0.0008587743212870476,-3.699635953754223e-15,1.3391251854966019e-14,0.0008587743212870476,ok,21.78
3.4,2.0510782147427644,75.0,92,6,8,-75.81406378520452,-75.81371264087215,-75.97455735873886,-75.97411044554669,-0.0004833877471370568,-4.270008438017221e-14,1.5481960435141573e-13,0.0004833877471370568,ok,20.4
3.4,1.6101543756409509,75.0,92,6,8,-75.84653725970797,-75.84611600280172,-76.01920139979103,-76.01866396859448,-0.0006790447487418374,1.979752993342221e-15,-9.378352765972834e-15,0.0006790447487418374,ok,21.51
2.68,2.68,75.0,92,6,8,-75.80580402089313,-75.79582691260708,-75.96200304456312,-75.95498911204051,-0.001966822838574726,4.723986848031679e-14,5.3309267733009586e-14,0.001966822838574726,ok,77.0
3.4,2.5,75.0,92,6,8,-75.80440956394658,-75.80146794653211,-75.96019896485251,-75.95681273927272,-0.0025341507416845243,2.7291261413364575e-15,8.046319674154777e-16,0.0025341507416845243,ok,31.67
3.4,2.86,75.0,92,6,8,-75.80478459248833,-75.80449059817028,-75.95981100625441,-75.9594241552618,0.00036250103172921614,1.5362004901319346e-13,2.207769298164183e-12,0.00036250103172921614,ok,31.33
0.738001992915057,0.7,85.0,92,6,8,-75.841722844892,-75.5483170585632,-76.08301931606026,-75.75214393497392,-0.40133691373171754,7.823414923343378e-16,-1.3870253059194829e-15,0.40133691373171754,ok,24.66
2.5,2.5,75.0,92,6,8,-75.8080308803556,-75.7939784600019,-75.96566116919655,-75.9541833206194,0.0029791531057890264,9.698461061558736e-14,1.1644665545511945e-13,0.0029791531057890264,ok,93.31
3.4,3.04,75.0,92,6,8,-75.80452027577505,-75.80421165272145,-75.9593507929474,-75.95893433079866,0.00031213789827728685,-1.1146076437223384e-12,-8.414848210290699e-12,0.00031213789827728696,ok,33.18
0.7784650775728821,0.7,85.0,92,6,8,-75.87701368078623,-75.58783094657338,-76.11857904941816,-75.79223499511494,-0.3967693113559531,-4.71103579942953e-16,-2.6046046627193587e-15,0.3967693113559531,ok,26.08
0.8217302352684964,0.738001992915057,85.0,92,6,8,-75.94745648534172,-75.66619040204246,-76.18987971182159,-75.87208482360379,-0.3881302179392986,-7.262936048634714e-16,-3.2490809090385696e-15,0.3881302179392986,ok,25.06
0.8682146206261605,0.7,85.0,92,6,8,-75.9211998286271,-75.64226041056286,-76.16250863938913,-75.84787453105413,-0.3802318780470139,-1.0425906979586158e-15,-4.636763606670098e-15,0.3802318780470139,ok,24.45
2.86,2.68,75.0,92,6,8,-75.80469337511104,-75.80370063659542,-75.96041494229156,-75.95928832215456,-0.0020477885239074296,-4.008996488408274e-14,1.7740417727833028e-13,0.0020477885239074296,ok,79.64
0.8217302352684964,0.7784650775728821,85.0,92,6,8,-75.98028574849454,-75.70192481749123,-76.22599784883135,-75.9114078247245,-0.37861068930708386,-8.039301772960148e-17,-3.323472243069734e-15,0.37861068930708386,ok,27.16
3.4,3.2199999999999998,75.0,92,6,8,-75.80438015702896,-75.8040594452003,-75.95909873907107,-75.95866166077886,-0.00021361036470489203,-3.297896386987418e-13,-1.1452698032811835e-12,0.00021361036470489203,ok,36.83
3.04,2.68,75.0,92,6,8,-75.80390272471583,-75.80222848562201,-75.95932860940188,-75.95737516446732,-0.0035166372994380893,-8.324680909844318e-15,-3.4284006068556783e-15,0.0035166372994380893,ok,73.7
0.7,0.7,85.0,92,6,8,-75.7960428710651,-75.49882790250346,-76.036881969538,-75.70204017412912,0.4042561464503396,-6.421832878945562e-16,1.4821740166957143e-15,0.4042561464503396,ok,35.32
0.7784650775728821,0.7784650775728821,85.0,92,6,8,-75.95535920979528,-75.67321216994003,-76.19877602141236,-75.87981807130804,0.389579546703932,-2.7255962274866898e-15,4.9217599253376235e-15,0.389579546703932,ok,32.89
3.2199999999999998,2.68,75.0,92,6,8,-75.80466652717888,-75.80240290776375,-75.96006350820888,-75.9574390551378,0.0018116981016442382,5.26457007164048e-14,1.6795997193281246e-14,0.0018116981016442382,ok,62.22
0.7784650775728821,0.738001992915057,85.0,92,6,8,-75.92142676889566,-75.63558948575576,-76.16387859640999,-75.84098052374584,-0.3942760479070741,1.621930909686366e-16,-2.4377625998416148e-15,0.3942760479070741,ok,33.78
0.8217302352684964,0.8217302352684964,85.0,92,6,8,-76.0059001572695,-75.73195606624822,-76.25011411735181,-75.94030401597678,0.37713141691102087,2.4047214354926664e-15,-4.445582854948456e-15,0.37713141691102087,ok,34.4
0.8682146206261605,0.738001992915057,85.0,92,6,8,-75.96542296895471,-75.68941824277442,-76.20753643561498,-75.89588439992859,-0.3790352174045112,4.809141112326514e-16,-3.1977845017637917e-15,0.3790352174045112,ok,32.2
0.9184360891594576,0.8217302352684964,85.0,92,6,8,-76.03421534749712,-75.77062950767562,-76.27732073138428,-75.97990280583339,-0.35950843328850124,2.795137356886372e-15,-4.298238607479603e-15,0.35950843328850124,ok,22.19
0.738001992915057,0.738001992915057,85.0,92,6,8,-75.88622506133754,-75.59633078235714,-76.12852798889602,-75.80127682559501,0.39829588518131315,4.875446861204814e-16,1.6871967297402266e-15,0.39829588518131315,ok,38.96
0.9730484681624365,0.9730484681624365,85.0,92,6,8,-76.06890330519735,-75.82163095664443,-76.31173539625195,-76.03664572191943,0.2998128311882504,-4.2324472638259355e-14,4.4819848140756995e-14,0.2998128311882504,ok,10.3
0.9184360891594576,0.9184360891594576,85.0,92,6,8,-76.06060171644228,-75.80365061302845,-76.30574267697688,-76.01733532166767,0.33005916412579744,-9.166979566697904e-15,1.2477502245987465e-14,0.33005916412579744,ok,17.83
0.9184360891594576,0.738001992915057,85.0,92,6,8,-75.97634309271078,-75.70657002545579,-76.21775440451488,-75.9137261461433,-0.36559480379914444,-2.0130919548960835e-16,-5.4202150199730396e-15,0.36559480379914444,ok,32.34
0.8217302352684964,0.7,85.0,92,6,8,-75.90313613093637,-75.61871492136359,-76.14473630713866,-75.82370688247205,-0.3900425558111647,-5.658793444401933e-16,-4.022050377086255e-15,0.3900425558111647,ok,38.99
3.4,2.68,75.0,92,6,8,-75.80464264825166,-75.80250893349977,-75.95996005248523,-75.95748538586388,-0.003917412239613062,1.17793824748533e-13,3.3227599827159014e-14,0.003917412239613062,ok,51.53
0.9184360891594576,0.7,85.0,92,6,8,-75.93221580705841,-75.65977630819948,-76.17282419749975,-75.86612521465615,-0.36600631613571133,-1.7470172223492935e-15,-6.822148152232037e-15,0.36600631613571133,ok,32.85
0.8682146206261605,0.8682146206261605,85.0,92,6,8,-76.04015988051368,-75.7748385903409,-76.28473940245804,-75.9851178352659,0.35938068239380133,2.0219740069017063e-15,-6.173821593890544e-15,0.35938068239380133,ok,34.15
0.8682146206261605,0.7784650775728821,85.0,92,6,8,-75.99911064878805,-75.72634678195514,-76.24206709670196,-75.93382564157402,-0.3761329073256694,-1.9228530507604764e-17,-4.3137870124690155e-15,0.3761329073256694,ok,38.23
0.8682146206261605,0.8217302352684964,85.0,92,6,8,-76.02357886353167,-75.7543882325075,-76.26738073636712,-75.96309681842534,-0.3703534146819257,2.0770048268236992e-15,-1.8231194334247864e-15,0.3703534146819257,ok,38.3
0.9730484681624365,0.8217302352684964,85.0,92,6,8,-76.0387567567488,-75.782057216617,-76.2806960350605,-75.99211453224876,-0.34238495728278173,6.023738014346229e-16,-1.0955980154841692e-14,0.34238495728278173,ok,21.29
1.0328937646339662,1.0328937646339662,85.0,92,6,8,-76.06701481148525,-75.83043468105978,-76.3059202229453,-76.04631624927922,0.2626191965443401,2.8288992649121062e-14,-1.757729836112827e-14,0.2626191965443401,ok,11.29
0.9730484681624365,0.7,85.0,92,6,8,-75.9371058999798,-75.67268036456775,-76.17646627374124,-75.87990654949473,0.34528310394034645,-1.1099619337358497e-15,5.865019254451287e-15,0.34528310394034645,ok,25.64
0.9184360891594576,0.7784650775728821,85.0,92,6,8,-76.00990566321359,-75.74308060617608,-76.25216419051712,-75.95119651468862,0.36379600217973296,5.505018700596578e-16,6.1984451749929614e-15,0.36379600217973296,ok,36.78
0.9730484681624365,0.7784650775728821,85.0,92,6,8,-76.01459371300828,-75.75508032129693,-76.255648127429,-75.96401195721695,-0.3450894740055156,2.949756265122281e-16,-8.0123306919337e-15,0.3450894740055156,ok,26.1
1.0990821169362144,0.7784650775728821,85.0,92,6,8,-76.01090347525339,-75.76812609298847,-76.2442920141912,-75.97651803458146,0.2142657216727462,3.7194677811383295e-15,1.2829794221600157e-13,0.2142657216727462,ok,13.96
0.9730484681624365,0.738001992915057,85.0,92,6,8,-75.9811445488339,-75.71905594837408,-76.22133110292904,-75.92706251367521,-0.3457486882943888,4.936598232425026e-16,-6.4554718405444714e-15,0.3457486882943888,ok,31.64
1.0328937646339662,0.7,85.0,92,6,8,-75.93667359408255,-75.68262929734114,-76.17417872010778,-75.890888211108,0.3154724361610703,8.67196770583986e-16,1.971052221191568e-14,0.3154724361610703,ok,27.03
1.17311930899858,1.17311930899858,85.0,92,6,8,-76.03806976520731,-75.83035706993597,-76.26441340169528,-76.04387478484799,0.17456187583399171,-2.3537319653201208e-14,4.877345151579276e-15,0.17456187583399171,ok,6.39
1.17311930899858,0.8682146206261605,85.0,92,6,8,-76.04698759591925,-75.82401306757336,-76.27410313235214,-76.0302985369515,0.16124910138880252,4.3580783686922334e-16,-8.693751740483261e-15,0.16124910138880252,ok,12.72
1.17311930899858,0.9730484681624365,85.0,92,6,8,-76.05963324232364,-75.83969321854167,-76.28671793159168,-76.04681825236017,0.1632978924918849,2.6951788960851495e-15,-1.3867783575709827e-14,0.1632978924918849,ok,12.4
1.17311930899858,0.738001992915057,85.0,92,6,8,-75.97049506251217,-75.74446218280659,-76.19709474131847,-75.94979663682436,-0.15920828105901244,1.942636017849376e-15,1.6882869064040147e-13,0.15920828105901244,ok,18.12
1.0990821169362144,0.738001992915057,85.0,92,6,8,-75.97641790789247,-75.73229223500013,-76.20975430156791,-75.94047935177343,-0.21404913770826337,9.743841769306478e-16,-4.0912998320554205e-14,0.21404913770826337,ok,23.91
1.0990821169362144,0.8217302352684964,85.0,92,6,8,-76.03600636050477,-75.79485432037632,-76.26958148339143,-76.00363343367606,0.2152415760136653,-1.5258768751538076e-14,3.3388178741107865e-13,0.2152415760136653,ok,23.26
1.0990821169362144,0.8682146206261605,85.0,92,6,8,-76.05282505871801,-75.8136029957556,-76.28661484906993,-76.02289618341531,0.2166559092884815,-1.7032104703669223e-15,-9.67711725938958e-15,0.2166559092884815,ok,23.71
1.17311930899858,0.7784650775728821,85.0,92,6,8,-76.00498917267275,-75.77985511801015,-76.2317945447628,-75.9854889878323,-0.15993129012571594,-1.011104728630146e-15,7.117369725851071e-14,0.15993129012571594,ok,18.08
1.17311930899858,0.9184360891594576,85.0,92,6,8,-76.05653501295077,-75.83492179215976,-76.28369165652127,-76.04157203530521,-0.1620727032444901,2.6545380042433667e-17,1.2051766885429626e-14,0.1620727032444901,ok,15.45
1.17311930899858,0.7,85.0,92,6,8,-75.92543772257679,-75.69858827532833,-76.15182166003265,-75.90365696219511,-0.15838640404688162,-1.7737145106533428e-15,-7.333270617879176e-13,0.15838640404688162,ok,20.84
1.0990821169362144,0.9184360891594576,85.0,92,6,8,-76.06233682514687,-75.82545437056845,-76.29628457773197,-76.03544685782933,0.2185245867091769,9.459950981351108e-16,-1.2897220725284167e-14,0.2185245867091769,ok,23.89
1.17311930899858,0.8217302352684964,85.0,92,6,8,-76.03012624963895,-75.80600072818649,-76.25711112284846,-76.01195579901801,-0.16059724893838584,-6.162003638828226e-16,4.4906199630957916e-14,0.16059724893838584,ok,17.78
1.0990821169362144,1.0328937646339662,85.0,92,6,8,-76.06294803816928,-75.8331196779819,-76.29699219035666,-76.0460100888423,0.22430585319505092,1.6951606318648988e-14,-3.738498923497168e-14,0.22430585319505092,ok,21.7
1.17311930899858,1.0328937646339662,85.0,92,6,8,-76.05703878631914,-75.83932367487829,-76.28394849384193,-76.04709839688745,0.1655601798363277,2.8138024506270892e-15,-8.306094458426171e-15,0.1655601798363277,ok,15.31
1.17311930899858,1.0990821169362144,85.0,92,6,8,-76.04943981334284,-75.83509776764936,-76.27614987213705,-76.04439556690379,0.17015380890544562,3.356134748363915e-15,-5.391271974198805e-15,0.17015380890544562,ok,13.34
0.9184360891594576,0.8682146206261605,85.0,92,6,8,-76.05058015643604,-75.79049180832797,-76.29442224849463,-76.00120110655696,-0.3506823548142422,3.0245255146242587e-15,-4.734766533320758e-15,0.3506823548142422,ok,46.64
1.0328937646339662,0.738001992915057,85.0,92,6,8,-75.98064899799544,-75.72852794591708,-76.2189694017337,-75.93754141336282,-0.3167007374760789,-2.114600884489961e-15,-1.626834887231753e-14,0.3167007374760789,ok,35.21
0.9730484681624365,0.9184360891594576,85.0,92,6,8,-76.06456689575714,-75.81384947825423,-76.30774406787775,-76.02701846975572,0.32155844024420344,8.408585937650773e-15,-1.462000686086877e-14,0.32155844024420344,ok,39.78
1.0328937646339662,0.9730484681624365,85.0,92,6,8,-76.0684174593927,-75.82679275402091,-76.30830362286328,-76.04118268634609,-0.2731089259304781,-1.9381988875247612e-14,3.511782737297795e-14,0.2731089259304781,ok,31.96
1.0990821169362144,0.9730484681624365,85.0,92,6,8,-76.06541140009398,-75.83152833085103,-76.29945796414054,-76.04260865384185,-0.22126479619616396,4.411629016913877e-16,2.5272734461984398e-14,0.22126479619616396,ok,26.21
1.2571204432701741,0.7784650775728821,85.0,92,6,8,-75.99476225015073,-75.79450855457142,-76.21555076179197,-75.99759834001479,0.11786964342681881,-1.3467490274184107e-16,-3.2746376319416674e-14,0.11786964342681881,ok,9.81
1.2571204432701741,0.8217302352684964,85.0,92,6,8,-76.01995475780915,-75.82027090728953,-76.24086606583597,-76.02358326651505,0.11811961120003493,-1.3307244166089927e-16,-2.711643262925515e-14,0.11811961120003493,ok,9.52
0.9730484681624365,0.8682146206261605,85.0,92,6,8,-76.05493968292231,-75.80122353230882,-76.29767158751392,-76.01268317802771,-0.33567433920156214,-2.5479665691915573e-15,7.245165783198418e-15,0.33567433920156214,ok,42.94
1.2571204432701741,0.7,85.0,92,6,8,-75.91509133838701,-75.71384078400598,-76.13557669659853,-75.91649572283299,0.11680558088678492,-9.00282265781523e-16,-5.128564735111517e-14,0.11680558088678492,ok,16.32
1.0328937646339662,0.8217302352684964,85.0,92,6,8,-76.03807878473685,-75.79030739249698,-76.27821780476525,-76.00136265886772,-0.3155590572154077,1.304134940223852e-15,-2.366781412426713e-14,0.3155590572154077,ok,40.27
1.2571204432701741,0.9184360891594576,85.0,92,6,8,-76.0464856368582,-75.84816962760081,-76.26739503774472,-76.05188718184947,0.11817003965427392,6.606188811619409e-16,-3.2970855635360085e-14,0.11817003965427392,ok,12.36
1.2571204432701741,0.738001992915057,85.0,92,6,8,-75.960211083498,-75.7594393836,-76.18085683518696,-75.96229904647667,0.11743384950855301,-5.426448838730006e-16,-4.0214896821948845e-14,0.11743384950855301,ok,18.43
1.2571204432701741,1.2571204432701741,85.0,92,6,8,-76.01245405571441,-75.82608216697399,-76.23098579803431,-76.0352639179886,-0.13168834988366962,-4.329009880104052e-14,1.7430798385230927e-14,0.13168834988366962,ok,12.03
1.3541907073778483,1.0328937646339662,85.0,92,6,8,-76.03323055002457,-75.86555121309638,-76.24769805585822,-76.06620151497677,0.08476076768288066,4.4282473903222603e-16,-1.884405965919353e-14,0.08476076768288066,ok,9.78
1.0328937646339662,0.9184360891594576,85.0,92,6,8,-76.06488278975473,-75.81929363870725,-76.3051629552763,-76.032611926607,-0.275924642179844,-5.8858192875234035e-15,-2.1087498848008567e-14,0.275924642179844,ok,40.66
1.3541907073778483,1.3541907073778483,85.0,92,6,8,-75.98025620842462,-75.82071720319486,-76.1904620466697,-76.02346258212212,0.09473709922499461,2.159394295141864e-14,1.675016515895872e-14,0.09473709922499461,ok,8.08
1.3541907073778483,0.7784650775728821,85.0,92,6,8,-75.98058337576181,-75.8109221658136,-76.19576772480491,-76.01143946863294,0.08606605416279413,-6.293777813878623e-17,-2.584563717155008e-14,0.08606605416279413,ok,13.56
1.2571204432701741,1.0990821169362144,85.0,92,6,8,-76.0397418821322,-75.84476842178299,-76.25946638765281,-76.04864602906453,0.11893025240832861,2.288263988787595e-15,-1.4054303655507446e-14,0.11893025240832861,ok,14.69
1.2571204432701741,0.9730484681624365,85.0,92,6,8,-76.04966783136865,-75.85220940811703,-76.27036819092665,-76.05602386407938,0.11809488777791852,6.491064707869492e-17,-1.5862148336835566e-14,0.11809488777791852,ok,15.3
1.3541907073778483,0.738001992915057,85.0,92,6,8,-75.94598222543041,-75.7760475620104,-76.16105127193295,-75.97638492096432,0.08567151876124236,6.545007920978964e-18,-2.8465785840158327e-14,0.08567151876124236,ok,14.14
1.2571204432701741,1.17311930899858,85.0,92,6,8,-76.02790993602865,-75.83524192097337,-76.2469031275447,-76.03965187850721,0.12178494453933393,3.5271852768787903e-15,-3.1529533605909194e-15,0.12178494453933393,ok,14.88
1.3541907073778483,1.17311930899858,85.0,92,6,8,-76.01421428595579,-75.84805267680392,-76.22690652341144,-76.04758542965182,0.08350500964476819,2.703580611942573e-15,-1.0882082831072266e-14,0.08350500964476819,ok,10.44
1.4691596244932197,0.7,85.0,92,6,8,-75.88330185019389,-75.74777850031985,-76.09291004826967,-75.9454008041283,0.060923952009576024,3.8019687244415567e-16,-2.946521700121735e-14,0.060923952009576024,ok,8.99
1.0328937646339662,0.8682146206261605,85.0,92,6,8,-76.0541841466737,-75.80863662969884,-76.29519359370126,-76.02114161408257,0.3099364970918602,4.338903300208309e-15,6.356664350785239e-15,0.3099364970918602,ok,45.59
1.3541907073778483,0.9184360891594576,85.0,92,6,8,-76.03242297599382,-75.86378379709174,-76.24762606051895,-76.0647248005999,-0.08592162181634887,-3.4426487666223515e-16,1.8727804169613416e-14,0.08592162181634887,ok,14.16
1.2571204432701741,1.0328937646339662,85.0,92,6,8,-76.04719185982711,-75.85079320885997,-76.26750366676475,-76.05463966507227,0.11819735788168916,2.5361683698651543e-15,-2.052644200814474e-14,0.11819735788168916,ok,17.71
1.3541907073778483,0.8217302352684964,85.0,92,6,8,-76.00581840041353,-75.83645835369761,-76.2210916143916,-76.03719540298705,0.08624107034295748,-1.8198418028397098e-16,-2.3318123957037993e-14,0.08624107034295748,ok,16.2
1.4691596244932197,0.7784650775728821,85.0,92,6,8,-75.96318568798449,-75.82786286399286,-76.17298270665675,-76.02583742947385,0.06207905382650918,-5.865537716717605e-16,-2.6436782210945698e-14,0.06207905382650918,ok,8.73
1.2571204432701741,0.8682146206261605,85.0,92,6,8,-76.03687183765751,-75.83782608847952,-76.257845269963,-76.0413384340818,-0.11820664402891737,-3.5231394919661605e-16,2.2509349417706583e-14,0.11820664402891737,ok,19.76
1.0328937646339662,0.7784650775728821,85.0,92,6,8,-76.0140149956987,-75.7639955735097,-76.25322093252628,-75.97392446120597,-0.31702575229745866,-1.0944980618173615e-15,-1.568647596845683e-14,0.31702575229745866,ok,48.38
1.4691596244932197,1.17311930899858,85.0,92,6,8,-75.99702952915683,-75.86337401021558,-76.20416764449024,-76.05948477902805,0.05882607838050089,1.0340894621643005e-15,-9.40110422061857e-15,0.05882607838050089,ok,4.53
1.3541907073778483,0.8682146206261605,85.0,92,6,8,-76.0227725776426,-75.85375054329411,-76.23807038973958,-76.05464953546267,-0.08619334015323088,8.083756490464671e-16,2.1569979652670473e-14,0.08619334015323088,ok,16.13
1.3541907073778483,0.9730484681624365,85.0,92,6,8,-76.03564697632235,-75.86744854443516,-76.2505871260721,-76.06831753707813,-0.08543351519686537,-1.2894422289690502e-15,1.0208990375459225e-14,0.08543351519686537,ok,16.0
3.4,3.4,75.0,92,6,8,-75.8039916348495,-75.80387853545679,-75.95862781215973,-75.95843303579848,0.00039007277884262363,-4.021660138884039e-14,-5.50463370721736e-14,0.00039007277884262363,ok,84.03
1.0990821169362144,1.0990821169362144,85.0,92,6,8,-76.05642855770338,-75.83249982195613,-76.28974807358227,-76.04809630226924,-0.21974701166130292,3.0648136498573284e-14,-4.0771638200983483e-14,0.21974701166130292,ok,40.97
1.3541907073778483,1.0990821169362144,85.0,92,6,8,-76.02587449574051,-75.85883900113258,-76.23960161817668,-76.05904613672897,-0.08402930835001093,-1.0418406454494159e-15,2.5630962398679927e-14,0.08402930835001093,ok,15.65
1.3541907073778483,0.7,85.0,92,6,8,-75.90080308987531,-75.73061620287379,-76.11575995134106,-75.93078637245426,0.08507477106515872,-1.3003487275553983e-16,-3.173043038871066e-14,0.08507477106515872,ok,20.84
1.4691596244932197,0.8217302352684964,85.0,92,6,8,-75.98845740284412,-75.85326054265514,-76.19832670392402,-76.05141326783556,0.062356560522215734,-3.1860539535098345e-16,-2.5083298093983312e-14,0.062356560522215734,ok,10.76
1.4691596244932197,0.738001992915057,85.0,92,6,8,-75.92853806651641,-75.79310783971677,-76.13824745762618,-75.99089537614616,0.06159564735402506,-1.0395840558739954e-16,-2.779316563684116e-14,0.06159564735402506,ok,13.22
1.4691596244932197,0.8682146206261605,85.0,92,6,8,-76.00543982035407,-75.8703937268179,-76.21531841066972,-76.06865441810213,0.06240976235299538,6.922197696368751e-16,-4.272817140053536e-14,0.06240976235299538,ok,10.96
1.6101543756409509,0.8217302352684964,85.0,92,6,8,-75.96884722494485,-75.86959850002754,-76.17332670464478,-76.06512645579984,0.044194702240600396,1.144655570089123e-15,-2.9768706631829493e-15,0.044194702240600396,ok,6.21
1.4691596244932197,1.3541907073778483,85.0,92,6,8,-75.96346736885683,-75.83140056985326,-76.16699457053619,-76.0243099652154,0.05670636027500177,3.9569140578184485e-15,9.512747231055276e-15,0.05670636027500177,ok,7.67
1.4691596244932197,1.0990821169362144,85.0,92,6,8,-76.00863143649568,-75.87456296052187,-76.21689517637036,-76.0717007758937,-0.06006328362111153,-4.171616583956007e-16,2.4051815901033493e-14,0.06006328362111153,ok,9.54
1.4691596244932197,1.2571204432701741,85.0,92,6,8,-75.98176928113365,-75.84869827540011,-76.1873509695324,-76.04338333426081,0.05749426334837289,1.7464395515903816e-15,-4.680026334368917e-15,0.05749426334837289,ok,9.45
1.6101543756409509,1.3541907073778483,85.0,92,6,8,-75.94410896679233,-75.84638883712009,-76.14202629922461,-76.03558729781605,0.03852557823408076,-3.0912406762574604e-18,3.9931773549533264e-14,0.03852557823408076,ok,5.79
1.4691596244932197,0.9184360891594576,85.0,92,6,8,-76.01511181519743,-75.88024570343927,-76.22489130492794,-76.07851976548879,0.06221985673408006,2.4666468131943415e-16,-2.2546652545407338e-14,0.06221985673408006,ok,12.53
1.4691596244932197,0.9730484681624365,85.0,92,6,8,-76.01835368773169,-75.88370381223558,-76.22786514079428,-76.08182463701938,-0.0617757395456035,-8.201147302892035e-16,6.494376779647995e-15,0.0617757395456035,ok,12.04
1.6101543756409509,0.8682146206261605,85.0,92,6,8,-75.98585155008824,-75.8866260717616,-76.19036455393706,-76.08226509839575,-0.044424009814886464,4.3326127407123504e-16,8.07364831512935e-14,0.044424009814886464,ok,8.25
1.6101543756409509,1.17311930899858,85.0,92,6,8,-75.97749770766578,-75.87891070554416,-76.17931179865681,-76.07208621110918,0.04176274327430719,2.289687177231234e-15,-1.4979816571965561e-13,0.04176274327430719,ok,6.98
1.6101543756409509,0.9184360891594576,85.0,92,6,8,-75.99553738699521,-75.89635981926456,-76.1999693951998,-76.09201357302993,0.04443469891395031,4.860583429416724e-16,-2.9986603617042405e-15,0.04443469891395031,ok,8.46
1.6101543756409509,0.738001992915057,85.0,92,6,8,-75.90885625799152,-75.80961806250359,-76.113147320713,-76.00480369584571,0.04316826057334627,4.413231415753139e-16,-4.018006593141431e-14,0.04316826057334627,ok,9.99
1.6101543756409509,1.0990821169362144,85.0,92,6,8,-75.98907848902256,-75.89025840388037,-76.19204382323207,-76.0846024759362,-0.04289354451432246,-2.2250354699769506e-16,1.3403709471124368e-14,0.04289354451432246,ok,8.17
1.6101543756409509,1.0328937646339662,85.0,92,6,8,-75.9963953206778,-75.89741114105112,-76.20011488083874,-76.09250811564084,-0.04369860888922363,-6.084984285896929e-16,-1.6837433740621055e-13,0.04369860888922363,ok,8.85
1.6101543756409509,0.7784650775728821,85.0,92,6,8,-75.94354456518018,-75.84429338714135,-76.1479518288452,-76.03966854109878,0.04377023632583898,1.672285424241401e-15,-4.026838460293626e-15,0.04377023632583898,ok,11.76
1.3541907073778483,1.2571204432701741,85.0,92,6,8,-75.99882977234483,-75.83413239988269,-76.2101836931681,-76.03305208009428,0.08425198584944324,5.4520005920195274e-15,-2.4517798274961466e-15,0.08425198584944324,ok,22.06
1.6101543756409509,0.9730484681624365,85.0,92,6,8,-75.99878728527706,-75.89968774052933,-76.20296983759796,-76.09519536609821,-0.044202518275873265,2.436155231023164e-16,2.572438089999342e-13,0.044202518275873265,ok,10.69
1.7925140766422638,1.0328937646339662,85.0,92,6,8,-75.97590018917919,-75.91203872905935,-76.17436632085567,-76.10455339189177,0.03020018044978773,5.111460500009628e-16,-2.9703309644077446e-15,0.03020018044978773,ok,5.64
1.4691596244932197,1.4691596244932197,85.0,92,6,8,-75.94272128072305,-75.81452181513835,-76.14397733917377,-76.00907987308419,-0.06498526616591259,-4.583467830428052e-14,-4.041250849354293e-14,0.06498526616591259,ok,13.68
1.7925140766422638,0.738001992915057,85.0,92,6,8,-75.88833375058286,-75.82471784443845,-76.08713330774582,-76.01734166817701,0.028741423960777022,2.66815649691001e-15,-3.3951177166769114e-14,0.028741423960777022,ok,7.82
1.7925140766422638,1.0990821169362144,85.0,92,6,8,-75.96858137352505,-75.90479401442492,-76.16629604676929,-76.09655929055265,-0.02971777229711981,9.351549673720668e-16,-6.270499520042337e-14,0.02971777229711981,ok,6.66
1.7925140766422638,0.9730484681624365,85.0,92,6,8,-75.97829863821306,-75.91441043313637,-76.17719072192793,-76.10735745155893,0.030427086032201418,-1.5181000428374452e-16,-2.1234955178241937e-15,0.030427086032201418,ok,6.9
1.0990821169362144,0.7,85.0,92,6,8,-75.93153960013761,-75.69157666471074,-76.16658831316778,-75.9008371654777,0.27486066063865283,5.3979772166919835e-16,2.795644225539396e-14,0.27486066063865283,ok,53.86
1.6101543756409509,0.7,85.0,92,6,8,-75.86356935155207,-75.76435572353205,-76.0677356971968,-75.95938011355884,0.042419529333684786,-4.024203646540539e-16,-5.0729315067094506e-14,0.042419529333684786,ok,14.23
1.7925140766422638,0.8682146206261605,85.0,92,6,8,-75.96536859056388,-75.90152553183182,-76.16450274424608,-76.09458272730899,-0.0302388013565561,-2.738646090174193e-16,2.6321629865715703e-15,0.0302388013565561,ok,8.42
1.7925140766422638,0.7,85.0,92,6,8,-75.84301807613951,-75.77950279169957,-76.04170151123247,-75.97195848324547,-0.02800026249765738,7.179218619521805e-16,-3.339467931634829e-14,0.02800026249765738,ok,11.66
1.7925140766422638,1.17311930899858,85.0,92,6,8,-75.95701411533132,-75.89336648895306,-76.15355560917934,-76.08398503558475,-0.028943528698359467,-1.2309195544893589e-15,1.123907199972945e-13,0.028943528698359467,ok,8.0
1.7925140766422638,0.8217302352684964,85.0,92,6,8,-75.94835842932946,-75.88457426600012,-76.14741053684132,-76.07752846039834,-0.029876173837010363,-1.4992255752864736e-15,4.772444501951822e-15,0.029876173837010363,ok,10.32
1.6101543756409509,1.2571204432701741,85.0,92,6,8,-75.96229040108113,-75.86404298731767,-76.16246001135059,-76.05557017328863,0.04029162002196546,1.3968148817083482e-14,-4.84622454103251e-13,0.04029162002196546,ok,14.01
1.7925140766422638,0.7784650775728821,85.0,92,6,8,-75.92304284821212,-75.85933591767595,-76.12195596396232,-76.05213391747358,-0.029374032912944267,-1.1202551068298965e-15,3.335808121098532e-15,0.029374032912944267,ok,11.54
2.0510782147427644,0.738001992915057,85.0,92,6,8,-75.86923245009356,-75.83752420577588,-76.06281257506858,-76.02787765515129,0.01685388031592126,2.9314454230775527e-15,-3.394762528451799e-14,0.01685388031592126,ok,7.74
2.0510782147427644,0.7784650775728821,85.0,92,6,8,-75.90392011946538,-75.872104675798,-76.09768264089227,-76.06263853706977,0.017356473364823686,2.57361671253005e-15,-3.4280539360221945e-14,0.017356473364823686,ok,7.78
1.7925140766422638,0.9184360891594576,85.0,92,6,8,-75.97505387610056,-75.91117435380008,-76.17414651510434,-76.10426834186207,0.030429569120004954,1.787280821436884e-15,-7.248034830488373e-14,0.030429569120004954,ok,12.76
1.7925140766422638,1.3541907073778483,85.0,92,6,8,-75.92378546365207,-75.86076758823373,-76.11623325073131,-76.04705904914549,-0.02638307999113815,3.803010120660697e-16,-1.6266031598663147e-14,0.02638307999113815,ok,10.44
1.4691596244932197,1.0328937646339662,85.0,92,6,8,-76.01595656327572,-75.88156724428987,-76.22497557918783,-76.07934757075674,-0.06105575690721208,-7.85486596065936e-18,1.2176816540378572e-14,0.06105575690721208,ok,22.04
1.7925140766422638,1.7925140766422638,85.0,92,6,8,-75.86114225512118,-75.80226332324736,-76.04097194006354,-75.97632797074368,0.025508359194934084,1.2751251748222089e-14,4.382164390609005e-14,0.025508359194934084,ok,10.52
2.0510782147427644,1.2571204432701741,85.0,92,6,8,-75.92264796187376,-75.8907870678581,-76.11238473963184,-76.07721624281366,-0.017295363833527064,1.908868094893236e-16,-3.7133655540735805e-15,0.017295363833527064,ok,6.91
1.6101543756409509,1.4691596244932197,85.0,92,6,8,-75.92367175963096,-75.82686985189163,-76.1186114586699,-76.01291601465536,0.036769175961244356,1.0778909916866012e-14,1.1606280085652179e-14,0.036769175961244356,ok,16.95
1.6101543756409509,1.6101543756409509,85.0,92,6,8,-75.90185720688055,-75.8078941612772,-76.09314227626653,-75.9927516335046,0.04215986304319701,8.446875446527838e-14,-3.7767294720152795e-15,0.04215986304319701,ok,17.32
2.0510782147427644,0.8682146206261605,85.0,92,6,8,-75.94619076239624,-75.91419661437833,-76.14018038900758,-76.10504377633492,-0.01813492534605325,-2.0944104410588433e-16,2.155654991203383e-15,0.01813492534605325,ok,9.68
1.7925140766422638,1.4691596244932197,85.0,92,6,8,-75.90358206967656,-75.84122515706055,-76.09279314159728,-76.02399442052655,-0.024552669558772906,-3.9556403088445945e-15,-1.905196704697831e-14,0.024552669558772906,ok,12.41
2.0510782147427644,0.8217302352684964,85.0,92,6,8,-75.9292096901977,-75.89729806851818,-76.12310706151588,-76.08801256162366,-0.017788283222828254,-3.6219526668501174e-16,2.2427286804940276e-15,0.017788283222828254,ok,11.68
2.0510782147427644,1.4691596244932197,85.0,92,6,8,-75.88484704576594,-75.85371911778913,-76.06854265202045,-76.03384368236037,-0.015261653491909454,-9.162079489934051e-17,-1.0220012915620344e-14,0.015261653491909454,ok,8.83
1.7925140766422638,1.2571204432701741,85.0,92,6,8,-75.94185405416613,-75.87844342642147,-76.13668987379256,-76.06730411695567,-0.027842322538871804,-1.1129888612622175e-15,3.7399445146031926e-14,0.027842322538871804,ok,16.16
2.0510782147427644,1.0990821169362144,85.0,92,6,8,-75.94930136086651,-75.91720859141795,-76.14200839392615,-76.10669013574723,-0.01830178688445168,-2.9840709631474535e-16,2.344361287413054e-15,0.01830178688445168,ok,12.42
2.5,0.8682146206261605,85.0,92,6,8,-75.93183869913284,-75.92333595750625,-76.12186919850858,-76.11253650752622,0.006951296486653493,2.4064373235951498e-15,-3.1552318737833413e-14,0.006951296486653493,ok,7.75
2.0510782147427644,1.6101543756409509,85.0,92,6,8,-75.8640811604564,-75.83374633175049,-76.04318789838398,-76.00901817621941,-0.013791828682009856,-2.4733992731818054e-15,-6.978604208119721e-15,0.013791828682009856,ok,11.28
2.5,1.0990821169362144,85.0,92,6,8,-75.93475063258128,-75.92618267225942,-76.12356030776641,-76.11408222500165,0.007168056901993826,-7.074286359850958e-16,1.3413986890634582e-14,0.007168056901993826,ok,6.2
2.0510782147427644,1.7925140766422638,85.0,92,6,8,-75.84402959560492,-75.81508365196292,-76.01748191774192,-75.98434630440735,0.012007989473916039,1.7059376532100871e-15,-1.760093733503875e-14,0.012007989473916039,ok,12.95
2.0510782147427644,2.0510782147427644,85.0,92,6,8,-75.82716198255604,-75.80013375545877,-75.99451740929494,-75.96370776751614,-0.01390874904885203,3.139616920482018e-14,1.965229501136286e-14,0.01390874904885203,ok,12.28
2.5,0.7,85.0,92,6,8,-75.80986595218197,-75.80156013573773,-75.99915630096778,-75.9900259617853,-0.006179669921241147,-2.8769861655902055e-16,2.807452762529589e-15,0.006179669921241147,ok,11.49
2.0510782147427644,1.17311930899858,85.0,92,6,8,-75.93774604925095,-75.90573078806923,-76.12926628112812,-76.093995100217,-0.01791066598101447,-4.154996697653977e-18,1.0371257381099753e-14,0.01791066598101447,ok,14.0
2.5,1.17311930899858,85.0,92,6,8,-75.9232091514574,-75.9146703086809,-76.11078984594205,-76.10131013709419,0.007062304654876614,1.4251314520747414e-16,-5.305029669513039e-15,0.007062304654876614,ok,8.01
2.5,0.8217302352684964,85.0,92,6,8,-75.91492847642792,-75.90646752011276,-76.1048250619429,-76.09554857036905,0.006794328421633548,-2.0736913558545747e-15,2.723402868071845e-14,0.006794328421633548,ok,11.12
2.0510782147427644,1.0328937646339662,85.0,92,6,8,-75.9566342236849,-75.92451728357659,-76.150074827705,-76.11476742934609,0.018489890015198032,3.097830184176202e-16,-2.7618585550099583e-15,0.018489890015198032,ok,15.28
2.0510782147427644,0.7,85.0,92,6,8,-75.82393241519004,-75.79233963002942,-76.01733690969884,-75.98252184333934,0.01629419960803528,8.520427600407239e-16,-6.02340499552496e-15,0.01629419960803528,ok,19.26
1.7925140766422638,1.6101543756409509,85.0,92,6,8,-75.88221443861241,-75.82102146432196,-76.06720446184879,-75.99911793270596,0.02244053643786114,4.20700420683802e-15,-3.984549222988857e-14,0.02244053643786114,ok,19.93
2.5,0.7784650775728821,85.0,92,6,8,-75.88971108080656,-75.88129778319947,-76.07944835117101,-76.07021146750068,0.006608630187712799,-3.2136394778458733e-15,4.1241451731079085e-14,0.006608630187712799,ok,12.8
2.5,1.7925140766422638,85.0,92,6,8,-75.83205857662637,-75.82461550307934,-76.00053783384158,-75.99189461653567,0.004934678009835495,-1.8243559485585755e-15,1.975897535769698e-14,0.004934678009835495,ok,9.21
2.0510782147427644,0.9730484681624365,85.0,92,6,8,-75.95905907022652,-75.92695645870556,-76.15289915351948,-76.11764326570592,-0.018508506921083752,-2.060459656052199e-16,2.495824670177512e-15,0.018508506921083752,ok,17.56
2.5,0.9184360891594576,85.0,92,6,8,-75.94142584196427,-75.93288869076633,-76.13150059251177,-76.12212633060949,-0.007080914977253429,-1.466180856311042e-16,1.5148198166243595e-15,0.007080914977253429,ok,12.58
2.0510782147427644,1.3541907073778483,85.0,92,6,8,-75.90473329153926,-75.87314362655262,-76.09192808609667,-76.05693859213575,-0.01642201149463991,2.27581813968981e-16,-1.1577477608507669e-14,0.01642201149463991,ok,16.92
2.5,0.9730484681624365,85.0,92,6,8,-75.9445798723209,-75.93601807219078,-76.13452001679283,-76.12508672116957,-0.007162046399911713,-1.7410197782933284e-16,1.6473907359476846e-15,0.007162046399911713,ok,13.17
2.68,0.7,85.0,92,6,8,-75.80772824374961,-75.80299686244298,-75.9963164731686,-75.99113743584839,0.004040920436554832,2.01199312324155e-15,-2.2898749696106744e-14,0.004040920436554832,ok,8.66
2.68,0.9184360891594576,85.0,92,6,8,-75.93919149460767,-75.93430858094005,-76.12863010130683,-76.12328832526883,0.00461508364041735,3.286311194473652e-15,-4.246233419883429e-14,0.00461508364041735,ok,5.99
2.0510782147427644,0.9184360891594576,85.0,92,6,8,-75.95584499799371,-75.92378570645397,-76.14984724851979,-76.11464384691193,-0.018380612241830994,-7.238372940449346e-16,3.903171478946076e-15,0.018380612241830994,ok,19.52
2.5,1.2571204432701741,85.0,92,6,8,-75.90819008609634,-75.89971250154096,-76.09390820974654,-76.08443756255716,0.006870035693416235,4.101496981393956e-16,-2.486969501365884e-15,0.006870035693416235,ok,12.82
2.68,0.7784650775728821,85.0,92,6,8,-75.8875330233131,-75.88273146854603,-76.07660197509738,-76.07135714151333,0.0043132772221358435,3.5343272437874708e-15,-4.339718302833382e-14,0.0043132772221358435,ok,8.78
2.68,0.8682146206261605,85.0,92,6,8,-75.92962190081128,-75.92476168879162,-76.11902377901345,-76.11369739470271,-0.00453639186226111,-3.272276152693271e-17,1.2738930978978477e-15,0.00453639186226111,ok,9.03
2.68,1.17311930899858,85.0,92,6,8,-75.92094636912101,-75.91606160182894,-76.10788019627773,-76.10242902503158,0.004622655552749016,7.752837017064717e-16,-1.4479274269180703e-14,0.004622655552749016,ok,7.87
2.68,1.0990821169362144,85.0,92,6,8,-75.93248403815252,-75.92758041792095,-76.12066065620203,-76.11521528330897,-0.004686130974752953,-1.4490945034583948e-16,1.9862241441598535e-15,0.004686130974752953,ok,8.28
2.5,0.738001992915057,85.0,92,6,8,-75.85509553476537,-75.84673422375138,-76.0446127900386,-76.03542607298252,0.006403869564856815,3.770537193063883e-15,-4.5217754855772796e-14,0.006403869564856815,ok,19.82
2.68,1.0328937646339662,85.0,92,6,8,-75.93984699928586,-75.93493984204238,-76.12876888804803,-76.12333406547158,-0.004700203243327549,-2.0423639281189687e-15,2.7887448762588436e-14,0.004700203243327549,ok,8.94
2.68,1.4691596244932197,85.0,92,6,8,-75.86883445986902,-75.86416622045616,-76.04740198627074,-76.0420485909744,0.004055387592359056,1.576213169262125e-16,-2.339299966753832e-15,0.004055387592359056,ok,8.24
2.5,1.4691596244932197,85.0,92,6,8,-75.8709567223519,-75.86276111778645,-76.05026292496206,-76.04097875099956,0.006160055185827186,2.6942971051967994e-16,-2.2551939108514424e-15,0.006160055185827186,ok,16.04
2.5,1.3541907073778483,85.0,92,6,8,-75.89046489388666,-75.88209437031479,-76.07348520838208,-76.06406505204006,-0.006572894371500683,-1.6809753863712116e-16,1.5410303729003852e-15,0.006572894371500683,ok,16.35
2.68,0.738001992915057,85.0,92,6,8,-75.85293754155211,-75.84817010653092,-76.04177991434366,-76.03657074789515,-0.004183481594350313,-1.7057627892972744e-16,1.663801294364165e-15,0.004183481594350313,ok,12.22
2.86,0.8682146206261605,85.0,92,6,8,-75.92834447307214,-75.92559472239135,-76.11736069029497,-76.1143794363816,-0.0028957006387487828,-9.555062603358007e-17,1.1236340158099215e-15,0.0028957006387487828,ok,6.06
2.5,1.6101543756409509,85.0,92,6,8,-75.8508891469577,-75.84297754356626,-76.02531419417434,-76.01625994769634,-0.005617233645737441,4.040507129388424e-15,-4.534597474670905e-14,0.005617233645737441,ok,19.83
2.86,1.0328937646339662,85.0,92,6,8,-75.93853953982438,-75.93576000809166,-76.12708201967968,-76.12400363736593,0.003005726783231763,3.8149121834743074e-15,-5.2985739286499236e-14,0.003005726783231763,ok,7.95
2.68,1.7925140766422638,85.0,92,6,8,-75.83031660769407,-75.82609780613213,-75.99799093285743,-75.99304487651507,0.003262274346762261,-4.414389648463911e-15,5.271384567570601e-14,0.003262274346762261,ok,13.9
2.86,0.738001992915057,85.0,92,6,8,-75.85170057238902,-75.8490093941933,-76.04013552040672,-76.03722000399408,-0.0026800187274985243,-6.8124038777496e-17,1.3146050103428168e-15,0.0026800187274985243,ok,12.47
2.5,1.0328937646339662,85.0,92,6,8,-75.94210803719216,-75.93353448125887,-76.13165977614752,-76.12218737613787,-0.007196332042270056,-1.4670600133686372e-16,1.851472383670308e-15,0.007196332042270056,ok,24.01
2.5,2.0510782147427644,85.0,92,6,8,-75.81706558745994,-75.81034810042995,-75.97932481850472,-75.9714157192445,-0.004140506646060357,4.689663147217261e-15,-5.164371914842108e-14,0.004140506646060357,ok,22.98
2.5,2.5,85.0,92,6,8,-75.80838427888033,-75.79508749096131,-75.96600852598253,-75.9553432691866,0.003238681202017437,4.900969379725543e-14,5.791772284531129e-14,0.003238681202017437,ok,22.51
2.68,1.6101543756409509,85.0,92,6,8,-75.84890846603875,-75.84441261546552,-76.02256111590638,-76.01735839875673,-0.00371368108697488,4.145279018683274e-16,-6.2852463839840426e-15,0.00371368108697488,ok,16.07
2.86,0.8217302352684964,85.0,92,6,8,-75.9114661169814,-75.90873387988776,-76.1003096240387,-76.09735034962384,0.0028356911738129367,-2.0211750437010817e-15,2.6316468407712015e-14,0.0028356911738129367,ok,13.63
2.86,0.9730484681624365,85.0,92,6,8,-75.94103056059626,-75.93825604521174,-76.12995870266276,-76.12690620387723,0.0029888504680265875,3.1975171467492344e-15,-4.040782269547941e-14,0.0029888504680265875,ok,12.3
2.86,1.6101543756409509,85.0,92,6,8,-75.84778085684287,-75.84525017055883,-76.02096968243347,-76.0179976739408,-0.002391133778183055,-7.196800388905237e-15,8.566433145945205e-14,0.002391133778183055,ok,8.98
2.86,0.9184360891594576,85.0,92,6,8,-75.93790207871653,-75.93513794291216,-76.1269618442055,-76.12395807925225,-0.0029499356410006227,-1.190968464157855e-16,1.168890048222139e-15,0.0029499356410006227,ok,13.38
2.68,1.2571204432701741,85.0,92,6,8,-75.90594583947967,-75.90110055796242,-76.09099323121673,-76.08554667059707,0.004505005671820855,2.6170357259631988e-15,-2.858441669766446e-14,0.004505005671820855,ok,17.87
2.86,1.7925140766422638,85.0,92,6,8,-75.82933529052225,-75.82696464956925,-75.99654418034692,-75.99372401579677,0.0020860384272605704,6.173616260056387e-15,-7.837137200481452e-14,0.0020860384272605704,ok,9.4
2.86,0.7784650775728821,85.0,92,6,8,-75.88628211675487,-75.88356952776387,-76.07495121262681,-76.07201541529953,-0.002759333257707644,-2.5242786333378086e-11,4.143146707386964e-12,0.002759333257707644,ok,14.96
2.86,0.7,85.0,92,6,8,-75.8065051724437,-75.80383674567133,-75.99467844421586,-75.99177885726425,-0.0025903947207424954,-1.287535253184821e-16,2.3050135637655223e-15,0.0025903947207424954,ok,15.81
2.86,1.2571204432701741,85.0,92,6,8,-75.90465004809104,-75.90190934861087,-76.08929714252926,-76.08618888720737,-0.002886297658534835,-2.2967373297445557e-16,2.508553336333109e-15,0.002886297658534835,ok,11.18
2.68,0.9730484681624365,85.0,92,6,8,-75.94233034098646,-75.93743101688948,-76.1316408817411,-76.12624194342834,-0.004673866856354831,-1.8995941963096006e-16,1.4328403724626935e-15,0.004673866856354831,ok,19.95
2.68,1.3541907073778483,85.0,92,6,8,-75.88826268610777,-75.88348552560672,-76.07059787003618,-76.06516598992941,0.004317665492741157,4.85370238234328e-15,-6.271409440264744e-14,0.004317665492741157,ok,20.02
2.68,2.68,85.0,92,6,8,-75.80602039277693,-75.80244796961259,-75.96218645891597,-75.95810120299886,-0.003166132198702311,5.4150069007890106e-14,5.5317367858562786e-14,0.003166132198702311,ok,19.12
2.86,1.0990821169362144,85.0,92,6,8,-75.9311729776492,-75.92839569320518,-76.11896235042316,-76.11588009868635,-0.002999792137607417,-2.1403573871820743e-16,1.6768658679100467e-15,0.002999792137607417,ok,15.52
2.86,1.4691596244932197,85.0,92,6,8,-75.86761777889956,-75.86498519608881,-76.04574444591312,-76.04265659901772,-0.0026075809638567335,-2.634361820027782e-15,3.290630092602861e-14,0.0026075809638567335,ok,14.73
2.86,1.3541907073778483,85.0,92,6,8,-75.88699460042214,-75.88429596352294,-76.06890497045335,-76.06579659477762,0.002771790540967525,-3.0585558254171312e-15,3.790054120705892e-14,0.002771790540967525,ok,15.61
3.04,0.7,85.0,92,6,8,-75.80581480652148,-75.80432156493882,-75.99375529780306,-75.9921281534641,-0.0016399622521503883,-6.541225971891935e-16,6.358134479267153e-15,0.0016399622521503883,ok,10.35
3.04,1.0990821169362144,85.0,92,6,8,-75.93042516114289,-75.92886504711888,-76.11799448710129,-76.11625690478601,-0.0019019166948935568,-8.876761488082743e-17,1.3379395287132837e-15,0.0019019166948935568,ok,7.17
2.86,1.17311930899858,85.0,92,6,8,-75.91963807145709,-75.9168726483603,-76.10618168052632,-76.10308307436927,0.0029606117251364797,-8.575891435016123e-16,1.5512921173787505e-14,0.0029606117251364797,ok,17.48
2.68,2.0510782147427644,85.0,92,6,8,-75.8156815918588,-75.81188585052745,-75.97715255165363,-75.97265226955744,0.0027784418904470724,-1.7670076382508916e-15,5.185023404266035e-15,0.0027784418904470724,ok,23.58
3.04,0.9730484681624365,85.0,92,6,8,-75.94028994989387,-75.93873152488099,-76.12899887031561,-76.12727506580116,-0.0018921497206842923,-1.9133794255753754e-16,1.1082279569782518e-15,0.0018921497206842923,ok,8.88
3.04,1.3541907073778483,85.0,92,6,8,-75.88627433653156,-75.8847620927595,-76.06793244319765,-76.06615410664446,-0.0017609805913440608,-3.686610954350599e-15,4.384813770163295e-14,0.0017609805913440608,ok,8.34
3.04,0.738001992915057,85.0,92,6,8,-75.85100097965925,-75.84949394358225,-76.03922502756338,-76.03757661137249,0.001689687416303561,3.659232742143676e-15,-4.3173615817654145e-14,0.001689687416303561,ok,11.5
2.86,2.0510782147427644,85.0,92,6,8,-75.81491614304046,-75.81277852855622,-75.9759282514309,-75.9733758041989,0.00181332443726082,-3.029228436016062e-15,3.9266745518646364e-14,0.00181332443726082,ok,18.49
3.04,1.7925140766422638,85.0,92,6,8,-75.82878997731726,-75.82746602714663,-75.99569794362331,-75.99411093315362,0.0013583368980965526,4.9159725952708085e-15,-5.1987306387170244e-14,0.0013583368980965526,ok,9.57
3.04,0.8682146206261605,85.0,92,6,8,-75.92761840011995,-75.92607526378362,-76.11641047396175,-76.11474415219331,0.0018328633070974695,3.1798639162974325e-15,-3.9517440975360016e-14,0.0018328633070974695,ok,11.36
3.04,0.7784650775728821,85.0,92,6,8,-75.88557350216415,-75.8840531765587,-76.07403098778882,-76.07237914649333,0.0017384371656625614,-2.123367474081001e-15,2.6351181566231207e-14,0.0017384371656625614,ok,13.22
2.86,2.86,85.0,92,6,8,-75.80435522201225,-75.80321239647898,-75.95970473224922,-75.95835995938165,0.0033321325305665397,5.4728944583565375e-14,5.821860998525667e-14,0.0033321325305665397,ok,17.66
3.04,0.8217302352684964,85.0,92,6,8,-75.91074862456591,-75.90921618222427,-76.09937126415203,-76.0977002450223,0.001789910718976839,2.3913617820246813e-15,-2.8700848683471523e-14,0.001789910718976839,ok,15.13
3.04,1.0328937646339662,85.0,92,6,8,-75.9377939877362,-75.93623243424847,-76.12611770820365,-76.12439185161819,-0.00190494254623924,-1.9931917411622525e-15,2.5860039850580447e-14,0.00190494254623924,ok,16.06
3.04,1.17311930899858,85.0,92,6,8,-75.91889210836008,-75.91733933316809,-76.10520776354787,-76.10345161342713,0.00187840421566801,7.278943666141461e-17,-2.145471589000961e-15,0.00187840421566801,ok,16.34
2.68,0.8217302352684964,85.0,92,6,8,-75.91273062340551,-75.9078978827273,-76.10196606221703,-76.09669577515145,-0.004431496241605007,-8.822905195930291e-17,1.3126477796391117e-15,0.004431496241605007,ok,36.72
3.2199999999999998,1.3541907073778483,85.0,92,6,8,-75.88586940204655,-75.8850281525137,-76.06737858330354,-76.06635648533542,0.0011276289103755782,-3.3863776272823107e-15,3.861309833026942e-14,0.0011276289103755782,ok,8.06
3.04,0.9184360891594576,85.0,92,6,8,-75.937168211243,-75.93561613406195,-76.12600413709852,-76.12432480113948,-0.0018673789003501432,-1.873824224005325e-16,1.1602171560663296e-15,0.0018673789003501432,ok,20.93
3.04,1.6101543756409509,85.0,92,6,8,-75.84714708205843,-75.84573314334764,-76.02006298752569,-76.01837162396635,-0.0015240210540943067,-7.156124784719013e-16,9.051820748626663e-15,0.0015240210540943067,ok,20.51
3.04,1.2571204432701741,85.0,92,6,8,-75.90391220466759,-75.9023745220815,-76.0883197433721,-76.08655214680277,0.0018351650186981812,-1.4840475319444885e-15,1.477631948375175e-14,0.0018351650186981812,ok,21.25
3.04,2.0510782147427644,85.0,92,6,8,-75.81449547927927,-75.81327870784673,-75.97523899911037,-75.97376313274549,0.0011283392146879119,5.153750961158483e-16,-1.9160481428798515e-14,0.0011283392146879119,ok,21.33
3.2199999999999998,1.17311930899858,85.0,92,6,8,-75.91847121808568,-75.91760564640668,-76.104637778428,-76.1036324864671,0.0012012142228256134,1.7000052665350593e-16,-1.883573530492873e-15,0.0012012142228256134,ok,13.27
3.04,1.4691596244932197,85.0,92,6,8,-75.86692960281529,-75.865456554319,-76.04480858593105,-76.04305291669773,-0.0016592345604223484,-4.754450645449803e-15,5.743915421765004e-14,0.0016592345604223484,ok,22.68
2.86,2.5,85.0,92,6,8,-75.80513052323208,-75.80348091255576,-75.96140424130766,-75.95988214652327,0.0035170457938909355,-7.555550509712789e-16,-4.369577720386673e-15,0.0035170457938909355,ok,34.08
3.2199999999999998,0.9184360891594576,85.0,92,6,8,-75.93675478185996,-75.93588936406253,-76.12546653829271,-76.12453049270692,-0.001188345453972348,-3.2390196931523534e-16,8.624915084431204e-16,0.001188345453972348,ok,18.47
3.2199999999999998,1.0990821169362144,85.0,92,6,8,-75.93000307484387,-75.92913294970118,-76.11742974707671,-76.11644728996967,-0.0012149921737228393,-2.7210304029524457e-16,2.603752053917862e-15,0.0012149921737228393,ok,17.88
3.2199999999999998,0.9730484681624365,85.0,92,6,8,-75.93987231417843,-75.93900309655392,-76.12845062359746,-76.12747548973127,0.0012061001045191521,2.0494584072261322e-15,-2.5452919752022795e-14,0.0012061001045191521,ok,19.08
2.68,2.5,85.0,92,6,8,-75.80667858744076,-75.80316378602546,-75.96344820271102,-75.95961304084528,0.003814321004700541,-1.412262142376932e-16,2.7161995875698275e-15,0.003814321004700541,ok,44.09
3.04,3.04,85.0,92,6,8,-75.80385040309704,-75.80355800017861,-75.95877776568875,-75.95840518310605,-0.00044328320079914743,-1.4034747146235083e-13,-1.5213944807315948e-13,0.00044328320079914743,ok,25.99
3.2199999999999998,1.6101543756409509,85.0,92,6,8,-75.84679436285548,-75.84600978197695,-76.01954008741285,-76.0185745962522,-0.0009821294056936332,-6.810177192958654e-16,9.526737562156158e-15,0.0009821294056936332,ok,17.61
3.2199999999999998,1.4691596244932197,85.0,92,6,8,-75.86654424365126,-75.86572590905779,-76.04425645998809,-76.04326685550544,-0.0010659708604974039,-2.7177561086223808e-15,3.2350754794830196e-14,0.0010659708604974039,ok,20.1
2.86,2.68,85.0,92,6,8,-75.80482741176422,-75.80306197722818,-75.96054305922489,-75.95879626466032,0.0017113869458293737,-3.0117355425432e-16,-1.987924560206399e-15,0.0017113869458293737,ok,39.11
3.2199999999999998,2.0510782147427644,85.0,92,6,8,-75.81426642020949,-75.81350524641826,-75.97484208835522,-75.97398963543122,-0.0006950484700480522,3.5122282753968e-16,-2.1696145351237203e-16,0.0006950484700480522,ok,16.17
3.2199999999999998,0.8682146206261605,85.0,92,6,8,-75.92720993987045,-75.92634987456734,-76.11587777180367,-76.11494717499477,0.0011645831806013883,3.0586144081380053e-15,-3.811026172333856e-14,0.0011645831806013883,ok,25.12
3.2199999999999998,1.2571204432701741,85.0,92,6,8,-75.90349639060062,-75.90263995597594,-76.08774509234007,-76.08669326898521,-0.0011746088938210041,1.7406408610871604e-15,-1.759626933323467e-14,0.0011746088938210041,ok,23.48
3.4,0.8217302352684964,85.0,92,6,8,-75.91012108620183,-75.90964862579689,-76.09854315704487,-76.09799291391303,0.0007337671532095865,2.1375950431574e-15,-2.5508110273612526e-14,0.0007337671532095865,ok,12.6
3.2199999999999998,2.5,85.0,92,6,8,-75.80454902653423,-75.80142584096248,-75.96040368635637,-75.9568273193022,0.004188723348904997,6.933211730847754e-15,9.857777467307155e-16,0.004188723348904997,ok,20.3
3.04,2.5,85.0,92,6,8,-75.80450897416586,-75.80117654152549,-75.96047182610157,-75.95665675090187,0.0042659011159575135,9.347344482523925e-15,2.0740755257697756e-15,0.0042659011159575135,ok,36.22
3.2199999999999998,1.7925140766422638,85.0,92,6,8,-75.82848878112758,-75.8277542878549,-75.99521877797231,-75.99431842809001,-0.0008788963552913583,4.954362376614685e-15,-4.5869700496584874e-14,0.0008788963552913583,ok,26.02
3.4,1.6101543756409509,85.0,92,6,8,-75.84659996934673,-75.84616811831168,-76.01922690776944,-76.01867403780895,-0.0006524981455086431,2.176233487024338e-15,-2.4742111495639665e-14,0.0006524981455086431,ok,8.09
3.4,0.7784650775728821,85.0,92,6,8,-75.88495510968818,-75.88448687459585,-76.07319174512946,-76.07265107942024,-0.0007173552068104897,-6.671161765769788e-17,1.179607484679302e-15,0.0007173552068104897,ok,17.27
3.4,1.4691596244932197,85.0,92,6,8,-75.86633049075238,-75.86587960139386,-76.0439379297666,-76.04336142927275,-0.000705570795037944,-3.6920674187916118e-16,3.773537015792484e-15,0.000705570795037944,ok,14.24
3.4,1.7925140766422638,85.0,92,6,8,-75.82832432122214,-75.8279200370672,-75.99492866989897,-75.99439241379176,-0.0005883886453447233,1.8730182556199493e-16,-6.541270160546485e-15,0.0005883886453447233,ok,13.56
3.4,0.7,85.0,92,6,8,-75.80521504197557,-75.8047563313562,-75.99289333141735,-75.99242573694895,-0.000665191853346268,-2.052170024396453e-16,1.4297103748116504e-15,0.000665191853346268,ok,25.53
3.4,2.0510782147427644,85.0,92,6,8,-75.8141428363745,-75.81329183076349,-75.9746091169796,-75.9738759955907,0.0004892917763013464,-2.6614116063487315e-16,2.707654230274801e-15,0.0004892917763013464,ok,16.95
3.2199999999999998,3.2199999999999998,85.0,92,6,8,-75.8039168232307,-75.80377018500576,-75.95865837326983,-75.95843228660893,9.083468157300976e-05,-4.4691911311543955e-15,-4.040084000417186e-15,9.083468157300976e-05,ok,28.21
3.4,3.4,85.0,92,6,8,-75.80432084397431,-75.80402429435311,-75.9589806569601,-75.95863117448116,4.3937527814007286e-07,-1.4929493457358137e-12,1.415011680630331e-12,4.393752781448878e-07,ok,12.88
3.4,1.0328937646339662,85.0,92,6,8,-75.93713793282603,-75.93665564211877,-76.12523149057624,-76.12467916588956,-0.0007947144804878274,-6.532262881862932e-17,9.124623936384598e-16,0.0007947144804878274,ok,24.99
3.2199999999999998,2.68,85.0,92,6,8,-75.80378210776844,-75.80245242228625,-75.95902306086955,-75.95748089786719,0.0031744572317153764,-1.0376804966576767e-13,-1.4673365998406998e-14,0.0031744572317153764,ok,39.61
3.4,2.5,85.0,92,6,8,-75.8053948430664,-75.80157205699821,-75.96130003384448,-75.95692112342364,0.004948687010701322,-6.983869760201205e-14,-7.788941361029723e-15,0.004948687010701322,ok,24.87
3.2199999999999998,0.7784650775728821,85.0,92,6,8,-75.8851761152275,-75.88432970136905,-76.07348654755626,-76.07255961349455,0.0011074034335942832,3.342929347905445e-15,-4.042196811283271e-14,0.0011074034335942832,ok,50.46
3.2199999999999998,3.04,85.0,92,6,8,-75.80462245069904,-75.80400502278832,-75.95952293352113,-75.95872397268634,-0.0005052187122922095,-8.141009741867162e-12,-7.656262665431373e-11,0.0005052187122922153,ok,40.42
0.7784650775728821,0.738001992915057,95.0,92,6,8,-75.93535998496573,-75.64857518963099,-76.17748537644944,-75.85330427583612,-0.398093495593109,9.300334689670947e-17,-9.182015068059854e-16,0.398093495593109,ok,18.6
3.04,2.68,85.0,92,6,8,-75.80503781464472,-75.80231930073539,-75.96058044910733,-75.95740562403361,0.0015157679662622225,-2.380932585349335e-15,-3.933181350720918e-16,0.0015157679662622225,ok,63.06
3.2199999999999998,2.86,85.0,92,6,8,-75.8048959072681,-75.80432720584867,-75.95999410366785,-75.95926695733274,0.0005890103721969263,4.405255897117825e-13,1.0915700535632618e-11,0.0005890103721969264,ok,49.88
0.7,0.7,95.0,92,6,8,-75.81364339727364,-75.515850054295,-76.05316670267081,-75.71756202694728,0.40837164972298673,2.1072368975748594e-16,-1.5578353614035099e-15,0.40837164972298673,ok,31.03
3.4,2.86,85.0,92,6,8,-75.80481767329066,-75.80450517219501,-75.95982813253694,-75.95941290420028,0.00041757730773934933,8.627129500226389e-14,3.786256769428438e-12,0.0004175773077393494,ok,38.05
3.4,2.68,85.0,92,6,8,-75.80434074386146,-75.8025375332203,-75.9595960683072,-75.95750690498788,0.0030912963380251846,-1.839456003411211e-15,-7.318243591021295e-17,0.0030912963380251846,ok,41.34
0.8682146206261605,0.738001992915057,95.0,92,6,8,-75.97864867417532,-75.70147502134338,-76.21996515979305,-75.90672206396998,-0.3832739715849608,5.593321309384084e-16,-1.924573058388515e-15,0.3832739715849608,ok,25.42
0.7784650775728821,0.7784650775728821,95.0,92,6,8,-75.96969690489257,-75.6867263154189,-76.21203626576316,-75.8919169776261,0.3947265293133951,-4.151158839674673e-15,-1.155746012346103e-15,0.3947265293133951,ok,29.7
0.8217302352684964,0.7784650775728821,95.0,92,6,8,-75.99348740461319,-75.71459963637045,-76.23679384799689,-75.92115627300169,-0.38746844451109236,8.089994492099341e-17,-2.9276297445309274e-15,0.38746844451109236,ok,29.0
0.8682146206261605,0.7,95.0,92,6,8,-75.93500795934975,-75.65480887151368,-76.1755597861025,-75.85922864378841,-0.38389795525453574,-1.8017330212349614e-16,-2.754821527112235e-15,0.38389795525453574,ok,26.6
0.738001992915057,0.738001992915057,95.0,92,6,8,-75.90223404384771,-75.611617207549,-76.14335214354278,-75.81512846291221,0.4027760678165714,1.3128144404005782e-15,-1.785512080690264e-15,0.4027760678165714,ok,35.66
0.738001992915057,0.7,95.0,92,6,8,-75.85736569943685,-75.5631613446519,-76.09795842978386,-75.76603641299177,-0.4053518675993502,1.9138563445546286e-16,-8.869350755220463e-16,0.4053518675993502,ok,37.57
0.7784650775728821,0.7,95.0,92,6,8,-75.89291679979478,-75.60290832550757,-76.13351694750888,-75.80605850681643,-0.4006577935227372,2.245019450055923e-16,-1.3185786002026028e-15,0.4006577935227372,ok,32.78
3.04,2.86,85.0,92,6,8,-75.80389254610444,-75.80353413208809,-75.95899769815527,-75.9586851089867,-0.0009358702529790832,-1.0347308167028379e-16,-6.227921404293363e-16,0.0009358702529790832,ok,74.39
0.9730484681624365,0.738001992915057,95.0,92,6,8,-75.99200650134783,-75.72810997048947,-76.2316444336643,-75.93494645512739,-0.34921221119289536,-7.740474216747135e-16,-6.133593206119773e-15,0.34921221119289536,ok,16.35
0.9184360891594576,0.7,95.0,92,6,8,-75.94482559005291,-75.67079693450455,-76.18478467963585,-75.87595484331139,-0.36936945442607116,-1.058811275498766e-15,-6.19230241801986e-15,0.36936945442607116,ok,26.29
0.8217302352684964,0.7,95.0,92,6,8,-75.91804247016235,-75.6326084582192,-76.15878652970136,-75.83638834995173,-0.39383640894694155,2.2476101591408904e-09,-2.7397735765613583e-09,0.39383640894694155,ok,35.33
0.9184360891594576,0.8217302352684964,95.0,92,6,8,-76.0449502430626,-75.78026824514365,-76.28740094712103,-75.98829442946736,0.3656924247988972,-1.4659352625382219e-15,2.4115140345193523e-15,0.3656924247988972,ok,24.07
0.9730484681624365,0.9730484681624365,95.0,92,6,8,-76.07571081365633,-75.8277672331963,-76.3191336639627,-76.04239161576257,-0.30629985513607033,5.449399384093904e-14,-6.439043279970918e-14,0.30629985513607033,ok,10.39
0.8217302352684964,0.738001992915057,95.0,92,6,8,-75.96171124433005,-75.67947525943525,-76.20323603103441,-75.88412175837415,-0.3924527059507501,-2.6968984191094995e-16,-2.8804855607894324e-15,0.3924527059507501,ok,36.61
0.8217302352684964,0.8217302352684964,95.0,92,6,8,-76.01847426561596,-75.74367766632703,-76.26173334147407,-75.95060130978132,0.3833428899338539,2.114037365253683e-15,-3.4720584439922532e-15,0.3833428899338539,ok,35.66
0.8682146206261605,0.8217302352684964,95.0,92,6,8,-76.03416390699618,-75.76365025484088,-76.27831547923897,-75.9721840426363,-0.3718946086485669,2.7434149525269755e-16,-2.3930369264190548e-15,0.3718946086485669,ok,31.68
0.8682146206261605,0.8682146206261605,95.0,92,6,8,-76.05085382829688,-75.78476812973321,-76.29468148443648,-75.99362669050863,0.36710276868554526,4.87850838215113e-15,-9.841006452837892e-15,0.36710276868554526,ok,33.52
0.9184360891594576,0.738001992915057,95.0,92,6,8,-75.98843685448206,-75.71722247131517,-76.22916833605187,-75.92317030737767,-0.3696312504159738,2.7119613699108656e-16,-3.040042921196851e-15,0.3696312504159738,ok,29.56
0.8682146206261605,0.7784650775728821,95.0,92,6,8,-76.01164734501086,-75.73781242066399,-76.25380539161807,-75.9440416834003,0.38118912334919397,-9.19693983188884e-16,2.3310573261593882e-15,0.38118912334919397,ok,36.43
0.9730484681624365,0.7,95.0,92,6,8,-75.9484208059459,-75.68197607501449,-76.18728031344043,-75.88805548581973,-0.3479313691025128,-1.5154550497975299e-15,-6.876095442175073e-15,0.3479313691025128,ok,25.88
3.4,3.04,85.0,92,6,8,-75.80454386731294,-75.80417110282731,-75.95933092486614,-75.95883043688963,0.00038078347120479425,-5.21523288917088e-17,5.998681770109543e-19,0.00038078347120479425,ok,51.94
0.9184360891594576,0.8682146206261605,95.0,92,6,8,-76.05974875925354,-75.7979921398526,-76.3042394022168,-76.00878026408583,-0.3489771597826169,6.352239997756126e-16,-5.792323676563392e-15,0.3489771597826169,ok,26.89
0.9184360891594576,0.7784650775728821,95.0,92,6,8,-76.02138454524021,-75.75327577817504,-76.26296336159245,-75.96017344848232,-0.36874212663505507,3.254121234096504e-15,1.2161259779432221e-15,0.36874212663505507,ok,36.57
1.0990821169362144,0.8682146206261605,95.0,92,6,8,-76.0588879753941,-75.81844695117834,-76.29319686393004,-76.02708589934518,-0.21575427875614583,-6.9695862685985235e-15,-6.384371237449645e-14,0.21575427875614583,ok,13.0
1.0328937646339662,1.0328937646339662,95.0,92,6,8,-76.07209072585228,-75.83503526147861,-76.31179152375135,-76.05059237872358,0.2676701036383496,-6.725837615084234e-14,8.284218281498465e-14,0.2676701036383496,ok,17.95
1.0990821169362144,0.738001992915057,95.0,92,6,8,-75.98380330843426,-75.73730590093807,-76.21732703129227,-75.94467864994289,0.2091664165326326,3.1609920378590825e-16,2.5677234066106705e-14,0.2091664165326326,ok,16.86
1.0328937646339662,0.9730484681624365,95.0,92,6,8,-76.07429502096247,-75.83210518397354,-76.31458167184321,-76.04566061216738,-0.27792242766953507,9.165329923025294e-15,-1.914394327663956e-14,0.27792242766953507,ok,20.63
1.0990821169362144,0.9184360891594576,95.0,92,6,8,-76.06786278911198,-75.8300922109145,-76.30236636537384,-76.03943974645014,0.21869603727536044,-1.6878080552322391e-15,1.4734666248742408e-13,0.21869603727536044,ok,16.92
1.0990821169362144,1.0328937646339662,95.0,92,6,8,-76.0672375333127,-75.83704758834142,-76.30195042048246,-76.04926792439694,-0.22606303860301788,-1.2863599392453088e-14,2.2600371282467957e-14,0.22606303860301788,ok,17.19
1.0990821169362144,0.8217302352684964,95.0,92,6,8,-76.04255009939882,-75.79983208781705,-76.27659714481327,-76.0079432311761,0.2132485180481459,-9.078757000065977e-16,6.295545421729345e-14,0.2132485180481459,ok,20.38
1.0328937646339662,0.738001992915057,95.0,92,6,8,-75.99018898229168,-75.73579878661083,-76.22809593387842,-75.9437345943222,0.3187991829720104,-2.045213356475526e-15,7.691419633695278e-15,0.3187991829720104,ok,28.66
1.0990821169362144,1.0990821169362144,95.0,92,6,8,-76.05998803766295,-75.83590721330933,-76.2941496214881,-76.051178136783,-0.22171973832805633,4.7341951311720235e-14,-4.0834043764015654e-14,0.22171973832805633,ok,20.18
1.17311930899858,0.738001992915057,95.0,92,6,8,-75.9764970223009,-75.74793776964924,-76.20369624409561,-75.95287807918334,-0.15098735811087308,-7.486594161728346e-14,-2.0672167966143355e-12,0.15098735811087308,ok,18.06
1.17311930899858,0.9184360891594576,95.0,92,6,8,-76.06099739030543,-75.83835888399985,-76.28880287258555,-76.0446054291201,-0.15828407848879508,-1.470113746374377e-18,8.626642723687008e-14,0.15828407848879508,ok,16.69
1.17311930899858,0.8682146206261605,95.0,92,6,8,-76.05190094137079,-75.82752557054961,-76.27966072820837,-76.0333579274452,0.15633883219129213,-1.1510490596583919e-15,-6.789430642602593e-14,0.15633883219129213,ok,17.48
1.0990821169362144,0.7784650775728821,95.0,92,6,8,-76.01788247935417,-75.77316430239944,-76.2516479980448,-75.98085467923292,0.2110369055712622,1.5899940512783212e-15,3.2813059228967414e-14,0.2110369055712622,ok,25.25
1.17311930899858,1.17311930899858,95.0,92,6,8,-76.0403327610147,-75.83318128886987,-76.26741593663269,-76.04611589029162,-0.17273905224216543,-1.8874279268454584e-14,1.2094056709246145e-15,0.17273905224216543,ok,8.71
1.0990821169362144,0.9730484681624365,95.0,92,6,8,-76.07035772349366,-75.83585926805459,-76.30499104295323,-76.04624610588051,0.22221402853690195,-1.6354050239889062e-14,-7.910951518620501e-14,0.22221402853690195,ok,23.33
0.9730484681624365,0.8217302352684964,95.0,92,6,8,-76.0484017953329,-75.7903917142022,-76.2898050371081,-75.9992422023749,-0.34840010030955904,2.8389255962903104e-15,4.754307798790556e-16,0.34840010030955904,ok,37.37
0.9730484681624365,0.7784650775728821,95.0,92,6,8,-76.02491010043384,-75.76381590121933,-76.26539893255139,-75.97155974748325,0.34962188870104366,-6.716638240716003e-16,5.17828887812699e-15,0.34962188870104366,ok,40.55
1.0328937646339662,0.7,95.0,92,6,8,-75.94660972410763,-75.69001956741758,-76.18374011635512,-75.8972158082947,0.3165837354358647,1.1078502359539703e-15,1.5786808985308395e-14,0.3165837354358647,ok,33.19
1.17311930899858,0.7,95.0,92,6,8,-75.93172281442409,-75.70197331900921,-76.15868675280151,-75.90668222191258,-0.14912576562155025,-3.387201632906666e-15,-1.760151886188944e-13,0.14912576562155025,ok,21.67
1.17311930899858,0.8217302352684964,95.0,92,6,8,-76.03544808839722,-75.80954041169784,-76.26307451345747,-76.01503303624361,0.15452162223129434,-2.2031654066620048e-15,-1.0493570890463223e-13,0.15452162223129434,ok,20.54
1.0328937646339662,0.9184360891594576,95.0,92,6,8,-76.0714991131087,-75.82510306258042,-76.31193891674486,-76.03734919627513,-0.2793257287113993,5.035356238499105e-16,-2.514615801983511e-14,0.2793257287113993,ok,32.58
1.17311930899858,0.7784650775728821,95.0,92,6,8,-76.01067146076687,-75.7833830439449,-76.23809740507613,-75.9885868348266,0.15276901399767392,-1.1509211684426103e-17,-4.2764000920505466e-13,0.15276901399767392,ok,21.41
0.9184360891594576,0.9184360891594576,95.0,92,6,8,-76.06909921905273,-75.81215201531066,-76.31291286627848,-76.02326319687869,0.34341543391378565,4.479842300671158e-15,-8.8678383003729e-15,0.34341543391378565,ok,48.23
1.0328937646339662,0.7784650775728821,95.0,92,6,8,-76.02306648705402,-75.77108768831769,-76.2618380008543,-75.97991329100509,-0.3204995091987315,-4.031129747427534e-15,-1.4589162493493807e-14,0.3204995091987315,ok,35.76
1.17311930899858,1.0990821169362144,95.0,92,6,8,-76.05227288932758,-75.83808962725224,-76.27975842221736,-76.04692464480347,-0.16924950514224463,-3.9619028282900164e-15,2.341005863336258e-15,0.16924950514224463,ok,15.62
1.17311930899858,1.0328937646339662,95.0,92,6,8,-76.06045448122165,-75.84249014355537,-76.28809288940643,-76.0498077626808,-0.16392907683810776,9.730155001606324e-16,8.636764805871156e-15,0.16392907683810776,ok,16.69
1.2571204432701741,0.8217302352684964,95.0,92,6,8,-76.02404040202686,-75.82266338413662,-76.24558413175318,-76.02566176866968,-0.10909625959403502,1.0704421651003655e-15,3.5133608697160253e-14,0.10909625959403502,ok,10.79
0.9730484681624365,0.8682146206261605,95.0,92,6,8,-76.06373822743856,-75.80906491026866,-76.30603891849051,-76.01929726478345,-0.3436870534729929,1.669786192820146e-15,-3.500094566857028e-15,0.3436870534729929,ok,44.7
1.17311930899858,0.9730484681624365,95.0,92,6,8,-76.06359391139046,-75.84301487911597,-76.2913563005118,-76.04968364770306,0.16064744207315235,-1.0952166980688739e-16,-2.045944411246373e-14,0.16064744207315235,ok,20.72
1.2571204432701741,0.7,95.0,92,6,8,-75.91994779443169,-75.71597845956951,-76.14105432213036,-75.91839281852253,0.10469201070859535,-1.0917050225907634e-15,-5.2197282540606654e-14,0.10469201070859535,ok,16.71
1.2571204432701741,1.0328937646339662,95.0,92,6,8,-76.04972631437677,-75.8531507064242,-76.27071375324302,-76.05667435619787,-0.11401483311011115,-1.266473007957005e-15,3.169712832765076e-14,0.11401483311011115,ok,10.64
1.2571204432701741,1.2571204432701741,95.0,92,6,8,-76.01358926050699,-75.82901426100747,-76.23265249334513,-76.03725980827873,0.127090106236343,2.535847093546048e-14,5.770488179765061e-15,0.127090106236343,ok,9.65
1.0328937646339662,0.8217302352684964,95.0,92,6,8,-76.04651149125345,-75.7971579622535,-76.2862368566025,-76.00708351427863,0.32100197794596397,1.847238960382943e-15,1.4658065813023546e-14,0.32100197794596397,ok,40.06
1.2571204432701741,0.738001992915057,95.0,92,6,8,-75.96484323286585,-75.76168700811047,-76.18612918599756,-75.96428307977189,0.10628260404422482,-3.7908110844783456e-16,-4.4719812597361746e-14,0.10628260404422482,ok,16.45
1.3541907073778483,1.3541907073778483,95.0,92,6,8,-75.98049833050938,-75.82419274992044,-76.19098083551776,-76.02574986921198,-0.08918539832302143,-3.8978220114292383e-14,-3.1996738398858187e-14,0.08918539832302143,ok,5.21
1.2571204432701741,0.9184360891594576,95.0,92,6,8,-76.0498787961367,-75.85059077325238,-76.2714082290246,-76.05398875931245,0.11148948731291627,-1.6490431347353516e-16,-2.489117528012818e-14,0.11148948731291627,ok,13.91
1.2571204432701741,0.9730484681624365,95.0,92,6,8,-76.05265216948482,-75.85460626155846,-76.2739919135469,-76.05809725870306,-0.1126628647922997,2.2129709118466664e-16,2.2287124727541964e-14,0.1126628647922997,ok,14.5
1.2571204432701741,0.8682146206261605,95.0,92,6,8,-76.04063155948938,-75.84024686758447,-76.26222425138933,-76.04347605011343,-0.11032226951498794,1.2348775254483078e-15,2.7621043484497133e-14,0.11032226951498794,ok,15.15
1.3541907073778483,1.17311930899858,95.0,92,6,8,-76.01511523727221,-75.84981038748737,-76.22839865803701,-76.04921037455844,-0.08025561258808847,1.336339667484483e-16,7.278935767516067e-15,0.08025561258808847,ok,8.28
1.0990821169362144,0.7,95.0,92,6,8,-75.9390908037072,-75.6910333490376,-76.17251301445444,-75.89825207435179,0.208065017116072,8.855140850351435e-16,4.085787940075603e-14,0.208065017116072,ok,40.72
1.3541907073778483,0.8217302352684964,95.0,92,6,8,-76.00865302176527,-75.83801634242604,-76.2245006813942,-76.03851357785254,0.07555691395201182,-5.493182978004573e-16,-4.234716386610947e-14,0.07555691395201182,ok,12.43
1.2571204432701741,0.7784650775728821,95.0,92,6,8,-75.99913812472712,-75.79684237364518,-76.22056292408607,-75.99961992291941,-0.10775143262589992,1.3198182646102007e-15,3.8613887092822707e-14,0.10775143262589992,ok,19.71
1.3541907073778483,0.9730484681624365,95.0,92,6,8,-76.03766101504854,-75.86911231182708,-76.25315549373994,-76.06974166206173,-0.07821795407279486,5.549284566873534e-16,1.8772362194512512e-14,0.07821795407279486,ok,11.26
1.2571204432701741,1.0990821169362144,95.0,92,6,8,-76.0417868973112,-75.84710318028718,-76.26222435821617,-76.05069148536393,-0.11595594040575716,-5.269725106842596e-16,7.3177579422322e-15,0.11595594040575716,ok,15.17
1.3541907073778483,0.7784650775728821,95.0,92,6,8,-75.98363169709891,-75.81240502576385,-76.19939827504183,-76.0127209430901,0.07436890695009918,-2.0458031619319763e-16,-2.5254411724382943e-14,0.07436890695009918,ok,14.07
1.3541907073778483,0.8682146206261605,95.0,92,6,8,-76.02536503341196,-75.85536353257696,-76.24122062273726,-76.05599839075124,-0.0766010467335792,8.067316417057954e-16,2.3384860627848332e-14,0.0766010467335792,ok,13.03
1.4691596244932197,0.9184360891594576,95.0,92,6,8,-76.01639650564549,-75.88134028004434,-76.22662552142032,-76.07939032686481,-0.05307738128627862,1.5606776744772268e-16,4.025767714269265e-14,0.05307738128627862,ok,5.51
1.3541907073778483,0.738001992915057,95.0,92,6,8,-75.9492189066895,-75.77743607008438,-76.16486791648317,-75.97756959414387,-0.0730258850738129,6.693524957784865e-16,4.771043678109322e-14,0.0730258850738129,ok,15.4
1.3541907073778483,0.7,95.0,92,6,8,-75.9042055681044,-75.73189313298302,-76.11974005883337,-75.9318777584247,0.07154603743588085,-1.0987188824025313e-15,-2.971101892172112e-14,0.07154603743588085,ok,15.63
1.3541907073778483,1.2571204432701741,95.0,92,6,8,-75.99931171150607,-75.83618398139595,-76.21125550613296,-76.03510169809823,0.08229934056876587,4.3854193369019155e-15,7.093463488458188e-15,0.08229934056876587,ok,10.6
1.4691596244932197,1.0990821169362144,95.0,92,6,8,-76.00924479188866,-75.87573933034012,-76.21793777044356,-76.07271830011358,0.05444788169621833,4.133880993948951e-16,-1.7555861632578413e-14,0.05444788169621833,ok,5.52
1.0328937646339662,0.8682146206261605,95.0,92,6,8,-76.06236887125337,-75.81259819736795,-76.30322070362115,-76.02452159882733,0.28044968332021947,-6.888292796406115e-18,1.408647301388648e-14,0.28044968332021947,ok,47.96
1.4691596244932197,1.0328937646339662,95.0,92,6,8,-76.01681592275293,-75.8827191132058,-76.22629445053845,-76.08030998914249,0.05419645056979396,-5.372256937453276e-16,-1.9163659387568765e-14,0.05419645056979396,ok,8.08
1.3541907073778483,1.0990821169362144,95.0,92,6,8,-76.02717701817276,-75.86052300323323,-76.24150258763268,-76.06050513866681,-0.07942201503110988,-1.611732034367191e-15,2.592940888829891e-14,0.07942201503110988,ok,14.18
1.4691596244932197,0.9730484681624365,95.0,92,6,8,-76.01943715058803,-75.88483181312509,-76.22939993199623,-76.08275125164936,-0.05373758426263123,7.942360537219568e-17,2.1525046832087535e-14,0.05373758426263123,ok,8.31
1.4691596244932197,1.17311930899858,95.0,92,6,8,-75.99737870691595,-75.86459931013188,-76.20491975887954,-76.06060252178769,0.054519100695465034,1.0888048547119064e-15,-1.2344461247757774e-14,0.054519100695465034,ok,6.89
1.2571204432701741,1.17311930899858,95.0,92,6,8,-76.02944064882482,-75.83766107171115,-76.2491597052029,-76.04183139828385,0.11975513552836324,3.590919272562087e-15,2.549672245993989e-15,0.11975513552836324,ok,19.39
1.4691596244932197,0.8682146206261605,95.0,92,6,8,-76.00690405245405,-75.87144079687278,-76.21725780816377,-76.06948984725948,0.05223006042495088,3.6494489681631937e-16,-2.233984206870054e-14,0.05223006042495088,ok,9.59
1.3541907073778483,0.9184360891594576,95.0,92,6,8,-76.03474286525388,-75.8654309733176,-76.25050534236426,-76.06612037228619,-0.07748149491836588,-1.266174909564201e-16,1.933083100818794e-14,0.07748149491836588,ok,16.89
1.6101543756409509,1.0328937646339662,95.0,92,6,8,-75.99655221062145,-75.89819271463311,-76.2005246824746,-76.09313099636077,0.03679142724876259,6.040382298982577e-16,-8.454236065784004e-14,0.03679142724876259,ok,4.88
1.4691596244932197,1.2571204432701741,95.0,92,6,8,-75.9818445661463,-75.85005650925406,-76.1877948903424,-76.0446992673467,-0.054558493794695566,-3.2724426311362373e-16,9.886200732168121e-15,0.054558493794695566,ok,7.69
1.4691596244932197,0.8217302352684964,95.0,92,6,8,-75.99008090860448,-75.85424515069587,-76.20046463736314,-76.05221826851933,0.05122028802756733,-8.302972356288973e-16,-2.2754821011267298e-14,0.05122028802756733,ok,12.22
1.4691596244932197,0.7784650775728821,95.0,92,6,8,-75.96494916132224,-75.82877164000094,-76.17525063399432,-76.0265818564265,0.05003017195159065,-1.1115754195415293e-15,-2.325674197210181e-14,0.05003017195159065,ok,12.27
1.4691596244932197,0.7,95.0,92,6,8,-75.8852949588853,-75.74850119898316,-76.09538696481756,-75.94597725605006,0.04730537630422435,2.4070985495678763e-18,-2.7079039653824458e-14,0.04730537630422435,ok,14.6
1.4691596244932197,0.738001992915057,95.0,92,6,8,-75.93042349575109,-75.79392933771088,-76.14061221745533,-75.99156246183685,0.04873353700217066,-7.834637317578203e-16,-2.4369423151163667e-14,0.04873353700217066,ok,14.05
1.6101543756409509,1.0990821169362144,95.0,92,6,8,-75.98910769565795,-75.89106791336027,-76.19230076011152,-76.0852769189519,0.03704754875858587,3.2971256488430645e-15,-2.2666312041827087e-13,0.03704754875858587,ok,7.72
1.6101543756409509,0.738001992915057,95.0,92,6,8,-75.90954997617565,-75.81008764425863,-76.11418760815947,-76.00517609219978,0.03134632230350051,-3.280185323286701e-16,-3.2132358785771514e-14,0.03134632230350051,ok,10.47
1.6101543756409509,0.9730484681624365,95.0,92,6,8,-75.99906147615826,-75.90043859077429,-76.2035167947819,-76.09576043513776,0.03630344690734155,-6.933969313178676e-16,-2.2381131591860713e-15,0.03630344690734155,ok,9.6
1.6101543756409509,0.8682146206261605,95.0,92,6,8,-75.98632546963364,-75.887290864546,-76.19115121528716,-76.08278163138469,0.03475148551312371,-6.956191575382917e-16,-7.971384033058695e-14,0.03475148551312371,ok,9.87
1.7925140766422638,0.9730484681624365,95.0,92,6,8,-75.9780124639033,-75.91489347688781,-76.17699781587068,-76.10773197082777,0.023722580438357,1.021928543994466e-15,7.230698675522044e-14,0.023722580438357,ok,4.63
0.9730484681624365,0.9184360891594576,95.0,92,6,8,-76.07249195746317,-75.81995592466195,-76.31618499721661,-76.03300736064062,-0.3177325641820579,1.5833977731592744e-15,-2.9084268689283873e-15,0.3177325641820579,ok,60.22
1.6101543756409509,0.9184360891594576,95.0,92,6,8,-75.99591740095214,-75.89707215234391,-76.20064682460017,-76.0925566597776,-0.035613875011574946,7.14447759043505e-16,1.1079187866896528e-15,0.035613875011574946,ok,10.37
1.3541907073778483,1.0328937646339662,95.0,92,6,8,-76.034904807515,-75.86722120005417,-76.24995061933035,-76.06762660738117,-0.07883449451104699,1.313492384529524e-16,1.6968109741592154e-14,0.07883449451104699,ok,22.52
1.6101543756409509,1.3541907073778483,95.0,92,6,8,-75.94374999566409,-75.84746082215548,-76.14176402229242,-76.03661186327959,-0.036286971073279224,-4.894537544586601e-15,-1.904671944646447e-14,0.036286971073279224,ok,9.4
1.7925140766422638,0.8682146206261605,95.0,92,6,8,-75.9651397460122,-75.90193416246028,-76.16442886171102,-76.09493481336689,-0.02226065809030961,2.1173510934501287e-16,3.7573232610953747e-16,0.02226065809030961,ok,7.59
1.7925140766422638,0.7784650775728821,95.0,92,6,8,-75.92286029306908,-75.85965027960026,-76.1219848170648,-76.05242150736014,0.020350893188912166,-5.418124534894112e-16,-3.433989302758623e-14,0.020350893188912166,ok,8.57
1.6101543756409509,0.7784650775728821,95.0,92,6,8,-75.94417459583657,-75.84483555632899,-76.14889025562793,-76.04010329805712,0.032596605109306315,-3.030923525301833e-16,-3.81003962038354e-14,0.032596605109306315,ok,13.35
1.6101543756409509,1.2571204432701741,95.0,92,6,8,-75.96205218402527,-75.86495579585993,-76.1623727728988,-76.05643533119071,-0.03676713719066259,2.158750709912115e-15,-6.507360034080292e-14,0.03676713719066259,ok,11.3
1.6101543756409509,1.17311930899858,95.0,92,6,8,-75.97739306311598,-75.87975568220352,-76.1794003340984,-76.07284207613881,-0.037042939842884794,8.238934916905076e-17,1.7673852099756775e-14,0.037042939842884794,ok,11.76
1.7925140766422638,1.0328937646339662,95.0,92,6,8,-75.9755819275754,-75.91255169891613,-76.17411848596275,-76.10498052164314,0.024227297651466653,-1.7471616065923914e-15,-7.445597855514728e-14,0.024227297651466653,ok,7.16
1.7925140766422638,0.738001992915057,95.0,92,6,8,-75.88817022749149,-75.82497942384661,-76.08714871642677,-76.01756552998683,-0.019271310228395643,-3.2425947627728775e-16,-6.464435379954939e-14,0.019271310228395643,ok,9.6
1.6101543756409509,0.8217302352684964,95.0,92,6,8,-75.96940435111829,-75.87020612451352,-76.17420912978194,-76.06560712780937,0.03374033364093603,-1.6295463760679354e-16,-2.7536935545696864e-14,0.03374033364093603,ok,14.02
1.7925140766422638,0.8217302352684964,95.0,92,6,8,-75.94815400243031,-75.88493809681752,-76.14738455285223,-76.0778220065908,-0.021351189586600997,3.812095418672258e-16,2.186391443719021e-15,0.021351189586600997,ok,8.92
1.7925140766422638,0.9184360891594576,95.0,92,6,8,-75.97479772577682,-75.91162278387918,-76.17402144849298,-76.1046262024012,0.023059791315729085,-1.1930656830989417e-15,-7.155233171546486e-14,0.023059791315729085,ok,8.64
1.6101543756409509,1.6101543756409509,95.0,92,6,8,-75.90148409166602,-75.81238332025603,-76.09253568880293,-75.99632459593168,0.03875629262987977,8.805344283625391e-14,-4.369054799289482e-14,0.03875629262987977,ok,11.4
1.7925140766422638,1.2571204432701741,95.0,92,6,8,-75.94145299193202,-75.87905138066655,-76.1362658024122,-76.06778977465007,-0.024441984022920867,1.4720415473903407e-15,-7.211934938387098e-14,0.024441984022920867,ok,8.85
2.0510782147427644,0.9184360891594576,95.0,92,6,8,-75.9553808829327,-75.92403910260941,-76.1493664356613,-76.11486581222754,0.013600407291786638,4.526806276187405e-16,1.6344595285792235e-14,0.013600407291786638,ok,4.64
1.7925140766422638,1.0990821169362144,95.0,92,6,8,-75.96823084713381,-75.90533378470681,-76.16598819911086,-76.09698753468084,-0.02453825496664063,-1.5487351677391689e-18,3.3244718660575357e-15,0.02453825496664063,ok,9.7
2.0510782147427644,0.738001992915057,95.0,92,6,8,-75.8687455933957,-75.83766363078566,-76.06230805594501,-76.02798075993839,0.01099504479187572,-1.4807508491227718e-15,-3.116420112174583e-14,0.01099504479187572,ok,7.44
1.7925140766422638,1.4691596244932197,95.0,92,6,8,-75.90320636261791,-75.84204809390998,-76.09227274331653,-76.02473986159721,0.023226414537702186,-2.154650618343611e-13,8.814808080681346e-13,0.023226414537702186,ok,8.85
1.7925140766422638,1.17311930899858,95.0,92,6,8,-75.956634011369,-75.89393481430784,-76.15319115777855,-76.08444484710917,-0.024622893818501634,-2.181918938188768e-15,-1.9635505344295391e-13,0.024622893818501634,ok,13.18
1.6101543756409509,1.4691596244932197,95.0,92,6,8,-75.92322171958772,-75.82839973766002,-76.11818107459563,-76.0144902180003,0.03601706076825014,1.729250684386881e-14,-1.832257316453843e-14,0.03601706076825014,ok,16.26
2.0510782147427644,0.7784650775728821,95.0,92,6,8,-75.90343692903492,-75.87227498293149,-76.09720432943182,-76.0628037726763,0.011712837470017754,-1.978503186786556e-15,-4.6630820148372395e-14,0.011712837470017754,ok,9.29
2.0510782147427644,0.8682146206261605,95.0,92,6,8,-75.94571857482646,-75.91442421167177,-76.13971025980149,-76.10524473298409,-0.013023612673572015,7.337762921453954e-16,1.69811244150974e-14,0.013023612673572015,ok,8.66
2.0510782147427644,0.8217302352684964,95.0,92,6,8,-75.92873126190653,-75.8974979389053,-76.12264814694603,-76.08818793637201,-0.012395629590450928,1.9310916892478922e-15,4.784198598281959e-14,0.012395629590450928,ok,9.13
1.7925140766422638,0.7,95.0,92,6,8,-75.8428713839705,-75.77970888123784,-76.04174370342265,-75.97216778825138,-0.018136083123610376,-4.238392527256532e-16,-5.3626334767082537e-14,0.018136083123610376,ok,16.25
1.4691596244932197,1.4691596244932197,95.0,92,6,8,-75.94243695311435,-75.81862454445321,-76.14370517696517,-76.01199586009088,-0.06003345302913144,3.8582339094953893e-14,4.0068606795460464e-14,0.06003345302913144,ok,21.06
1.6101543756409509,0.7,95.0,92,6,8,-75.86431980374192,-75.76474575131509,-76.0688659752377,-75.95971169610186,-0.03000150900087583,1.2710329783323174e-16,8.487042298774239e-14,0.03000150900087583,ok,21.4
2.0510782147427644,1.2571204432701741,95.0,92,6,8,-75.92229819881996,-75.89115161316694,-76.11191539030085,-76.07754165311607,-0.01482297667587976,4.10916802840902e-16,-1.0413901601066943e-14,0.01482297667587976,ok,8.33
2.0510782147427644,0.7,95.0,92,6,8,-75.82344323224733,-75.792447002274,-76.01682485340912,-75.98258812957756,-0.01024859436479341,4.394129179800094e-16,4.413499390289649e-15,0.01024859436479341,ok,12.05
2.0510782147427644,1.4691596244932197,95.0,92,6,8,-75.88463685319135,-75.85416963738089,-76.06815197760147,-76.03421224746245,0.014062429730264647,9.36072408378024e-15,5.6699925771922025e-14,0.014062429730264647,ok,8.8
2.0510782147427644,2.0510782147427644,95.0,92,6,8,-75.82734730802157,-75.80300666048628,-75.99455628328376,-75.96666772484832,0.013254133035454817,6.398297549704835e-14,6.758727841617616e-14,0.013254133035454817,ok,9.11
2.0510782147427644,1.7925140766422638,95.0,92,6,8,-75.84406108681179,-75.81579747444584,-76.01732574573282,-75.98506661655023,0.012455629591563305,8.289793220445709e-15,-3.5755131676165786e-14,0.012455629591563305,ok,9.71
2.0510782147427644,1.6101543756409509,95.0,92,6,8,-75.86398156368517,-75.834285039086,-76.04288812381967,-76.0094750011573,0.013323161101376064,1.610114039942453e-14,-9.314886950163548e-14,0.013323161101376064,ok,9.83
1.7925140766422638,1.7925140766422638,95.0,92,6,8,-75.86104403245275,-75.80648433851948,-76.04058452036763,-75.98014488909466,0.023814339632190096,-2.2115975648242678e-14,-6.633842497153424e-14,0.023814339632190096,ok,13.42
2.5,0.7784650775728821,95.0,92,6,8,-75.88946066431124,-75.88136156005271,-76.07914151850731,-76.07025716966562,0.004749221609902858,1.838199562907669e-15,2.8191886587978055e-14,0.004749221609902858,ok,7.96
1.4691596244932197,1.3541907073778483,95.0,92,6,8,-75.96327175348962,-75.83318031329397,-76.16712724178835,-76.02618529673572,0.055217035494776315,4.8946447637281615e-15,1.324013541109047e-14,0.055217035494776315,ok,25.71
2.0510782147427644,0.9730484681624365,95.0,92,6,8,-75.95860567046913,-75.92723364462776,-76.15242687897211,-76.11790697901648,-0.014090409369110381,-1.2471135358779827e-15,-3.45484493835229e-14,0.014090409369110381,ok,12.2
1.7925140766422638,1.3541907073778483,95.0,92,6,8,-75.92338146281587,-75.8614455308996,-76.11575214547035,-76.0476498406181,-0.023970854231240804,-1.2851006096065694e-14,4.7247999153988906e-14,0.023970854231240804,ok,16.93
2.5,0.8682146206261605,95.0,92,6,8,-75.93159919143245,-75.92341876084429,-76.12159725178843,-76.11260062464297,-0.005216303563102513,-2.99277416929594e-18,-6.28237605326106e-16,0.005216303563102513,ok,8.19
2.0510782147427644,1.0328937646339662,95.0,92,6,8,-75.95619554876292,-75.92481620139527,-76.14959862770303,-76.11504554420583,-0.014488518118518923,7.206982220389749e-16,1.7548908038481628e-14,0.014488518118518923,ok,13.54
2.5,0.738001992915057,95.0,92,6,8,-75.85484148258791,-75.84678780147426,-76.0443037185994,-76.03545988227789,0.004497638486554037,-1.1418246526540372e-15,-1.505613528996474e-14,0.004497638486554037,ok,11.29
2.5,0.7,95.0,92,6,8,-75.8096092249379,-75.80160333831624,-75.99884571775043,-75.99004019249195,0.004241956405343953,1.910009545866385e-15,2.6400391422168186e-14,0.004241956405343953,ok,12.04
2.5,1.0990821169362144,95.0,92,6,8,-75.93456236399781,-75.92629900926636,-76.12330269089713,-76.11417649898785,-0.005868585031063804,6.938081099163581e-17,7.291829379036877e-16,0.005868585031063804,ok,7.61
2.0510782147427644,1.17311930899858,95.0,92,6,8,-75.9373559944699,-75.9060709733688,-76.12878974160989,-76.094319878102,0.014878347980326702,7.705897595272519e-16,4.190682981592635e-14,0.014878347980326702,ok,14.33
1.7925140766422638,1.6101543756409509,95.0,92,6,8,-75.88191384036915,-75.82221738041915,-76.0667041449344,-76.00032573782318,-0.022437191423362233,-6.304589648742867e-15,-2.184173531222472e-14,0.022437191423362233,ok,17.63
2.0510782147427644,1.3541907073778483,95.0,92,6,8,-75.90444129435406,-75.8735417290126,-76.09148501510768,-76.05728191540192,-0.014560206426334502,6.566843992485138e-15,2.5369310003418117e-14,0.014560206426334502,ok,14.86
2.5,1.2571204432701741,95.0,92,6,8,-75.9080584439653,-75.89984853686487,-76.09368356275772,-76.08454851874271,0.005911755487317897,-9.071900386328144e-16,-7.254520723375278e-17,0.005911755487317897,ok,8.97
2.5,1.0328937646339662,95.0,92,6,8,-75.94190120472982,-75.93364247579834,-76.13139351133091,-76.12228329405436,-0.005759826146405119,1.854612271043129e-15,2.785506842838486e-14,0.005759826146405119,ok,9.37
2.0510782147427644,1.0990821169362144,95.0,92,6,8,-75.94888284007898,-75.91752808689716,-76.14153416593618,-76.10701828452449,0.014756582003793598,1.531890058820739e-15,3.966241064129484e-14,0.014756582003793598,ok,17.33
2.5,0.8217302352684964,95.0,92,6,8,-75.9146827847447,-75.90654110833722,-76.1045288498519,-76.09560898404789,0.0049894295043715255,-9.13032507310142e-16,-1.3421216439289261e-14,0.0049894295043715255,ok,14.55
2.5,0.9184360891594576,95.0,92,6,8,-75.94119438195136,-75.93298019923623,-76.13121876803713,-76.12220724292543,-0.005427205227274966,-5.505458960414663e-18,-6.515780388864614e-16,0.005427205227274966,ok,14.4
2.68,1.0328937646339662,95.0,92,6,8,-75.9397149766396,-75.93500857764238,-76.1285961745895,-76.12340604225841,0.00380613435686108,8.624269485079324e-17,6.164932674018045e-16,0.00380613435686108,ok,8.25
2.5,1.4691596244932197,95.0,92,6,8,-75.87091931649559,-75.86292810897915,-76.05011127371675,-76.04108319928126,-0.005636197090875624,-4.506106487620303e-15,-4.2760532239844756e-14,0.005636197090875624,ok,13.52
2.68,0.9184360891594576,95.0,92,6,8,-75.93904328873188,-75.93436724546113,-76.12844005356855,-76.12333773811412,0.0035990310811151553,1.8174676350822363e-15,2.6306636464560733e-14,0.0035990310811151553,ok,9.96
2.68,1.0990821169362144,95.0,92,6,8,-75.93236464427928,-75.92765439543751,-76.1204886373035,-76.11527739811116,-0.0038729938668233947,-5.697496018071121e-17,-3.181491666243641e-16,0.0038729938668233947,ok,8.96
2.68,0.8682146206261605,95.0,92,6,8,-75.92946855946408,-75.92481518100513,-76.1188172307359,-76.11375504521381,0.0034733780090457425,-4.101069339397728e-17,9.859772154539185e-16,0.0034733780090457425,ok,12.3
2.68,0.738001992915057,95.0,92,6,8,-75.8527752717005,-75.84820591443531,-76.04157384851884,-76.03659436705611,0.003026658329985648,-3.3077849934239468e-15,-4.218117531605632e-14,0.003026658329985648,ok,13.45
2.68,1.6101543756409509,95.0,92,6,8,-75.84893649562693,-75.84453557136298,-76.02251845226937,-76.01745276008212,-0.0035196647349520125,1.2003068070940622e-16,9.75498255719107e-15,0.0035196647349520125,ok,9.68
2.68,0.7784650775728821,95.0,92,6,8,-75.88737290494646,-75.88277356008692,-76.07638549131622,-76.07138544205533,0.003184950017203006,-3.107467792732426e-15,-4.113575093111332e-14,0.003184950017203006,ok,13.79
2.5,1.17311930899858,95.0,92,6,8,-75.92304542658174,-75.91479565539072,-76.11054484931772,-76.10140853677642,-0.005923794967260277,1.4389022431172826e-15,2.2996559895927894e-14,0.005923794967260277,ok,17.71
2.5,1.3541907073778483,95.0,92,6,8,-75.89037498971051,-75.88224374683453,-76.07328926910257,-76.06416974259503,-0.005820900336326445,-3.579938213388449e-15,-3.3105260371641175e-14,0.005820900336326445,ok,18.42
2.5,2.0510782147427644,95.0,92,6,8,-75.81718601170326,-75.81056752467474,-75.97938589722582,-75.9716035502091,0.004457401054397584,3.0261828217250145e-15,3.4507856667725404e-14,0.004457401054397584,ok,16.33
2.68,0.8217302352684964,95.0,92,6,8,-75.9125734345322,-75.90794586393301,-76.10175324616567,-76.09672918609677,-0.0033325863509063784,9.819174056178663e-17,7.846701231818276e-17,0.0033325863509063784,ok,15.09
2.5,1.6101543756409509,95.0,92,6,8,-75.85091404839957,-75.84316649325655,-76.02523192186302,-76.01638067204408,0.005339167453508979,9.542055997419188e-16,1.2623305347655733e-14,0.005339167453508979,ok,18.85
2.5,1.7925140766422638,95.0,92,6,8,-75.83214597539678,-75.82482581603098,-76.00052884090016,-75.99203316612191,-0.004918088520894831,4.043617759101106e-15,9.937895344419082e-14,0.004918088520894831,ok,17.93
2.68,1.17311930899858,95.0,92,6,8,-75.92084384188688,-75.91614150077041,-76.10771922153647,-76.10249405514269,-0.00390579978174397,1.4938897096332418e-15,2.279597366314427e-14,0.00390579978174397,ok,13.64
2.5,0.9730484681624365,95.0,92,6,8,-75.94435898163239,-75.9361179315614,-76.13424896575879,-76.12517523675008,-0.005609038492530572,3.913874839079911e-15,5.608479114818723e-14,0.005609038492530572,ok,20.38
2.68,0.7,95.0,92,6,8,-75.8075643126969,-75.80302634435189,-75.99611681924591,-75.99115434761045,-0.00287619761708041,9.509556527436361e-17,3.3450255770840004e-16,0.00287619761708041,ok,17.88
2.68,0.9730484681624365,95.0,92,6,8,-75.94218900583397,-75.93749471500608,-76.13146239961375,-76.12630474765065,0.0037128530166800518,2.026639928574336e-15,2.7043026388079073e-14,0.0037128530166800518,ok,17.43
2.86,0.7784650775728821,95.0,92,6,8,-75.88618425178605,-75.88359691825482,-76.07480705682869,-76.07201310547858,-0.002082344114438781,1.9005304544480528e-16,1.0901618085500283e-15,0.002082344114438781,ok,9.69
2.86,0.9730484681624365,95.0,92,6,8,-75.94094360097614,-75.93829611055953,-76.12984900453698,-76.12696622887505,-0.002403703459525174,-1.3023613129610772e-16,-6.189458196302026e-16,0.002403703459525174,ok,8.25
2.5,2.5,95.0,92,6,8,-75.80845303590509,-75.79642278759123,-75.96604118341665,-75.95675582927335,0.0032503164417794195,4.178269721380845e-14,4.4893376724245974e-14,0.0032503164417794195,ok,21.18
2.68,1.2571204432701741,95.0,92,6,8,-75.90586561819953,-75.90118763632277,-76.09084851477621,-76.08562304304499,-0.0038958750792013157,-1.4889050077594212e-17,1.4183543779825173e-16,0.0038958750792013157,ok,17.03
2.86,0.9184360891594576,95.0,92,6,8,-75.93781097274532,-75.93517506593867,-76.12684445663164,-76.12398928629551,-0.0023345449430938643,9.0481819354057e-16,1.231382881774455e-14,0.0023345449430938643,ok,9.62
2.86,1.0990821169362144,95.0,92,6,8,-75.9310998226124,-75.9284418991052,-76.11885377072683,-76.11591909155737,-0.002499125282029852,8.956661867424637e-16,1.263658359689508e-14,0.002499125282029852,ok,7.86
2.68,1.3541907073778483,95.0,92,6,8,-75.8882115087208,-75.8835817629676,-76.07047106265642,-76.06525454011592,-0.0038352505240051406,-4.533959877957656e-16,-5.626049107441568e-15,0.0038352505240051406,ok,17.65
2.86,0.738001992915057,95.0,92,6,8,-75.85160147528671,-75.84903310502081,-76.03999362846208,-76.03721329767647,-0.0019912961950326468,2.2843032822018966e-16,1.787783661347852e-15,0.0019912961950326468,ok,14.22
2.68,2.68,95.0,92,6,8,-75.80616549584151,-75.80285165638482,-75.96233063742363,-75.95854795232715,-0.0019023316061795054,-3.619951818752419e-14,-3.0920094832339206e-14,0.0019023316061795054,ok,16.28
2.86,1.0328937646339662,95.0,92,6,8,-75.93845839397528,-75.93580301991614,-76.12697285365317,-76.12406162705975,-0.0024577126220402716,-1.9682513809177984e-15,-2.6660195030277494e-14,0.0024577126220402716,ok,9.69
2.86,1.6101543756409509,95.0,92,6,8,-75.84780447738088,-75.84532880393726,-76.02094443473854,-76.01805914579357,-0.0022647971022060442,5.635071546773287e-15,7.542483410460789e-14,0.0022647971022060442,ok,7.55
2.86,0.8682146206261605,95.0,92,6,8,-75.92825032750544,-75.92562887576278,-76.11722573846924,-76.11440975043433,-0.002255912256105984,7.367210958635094e-18,-3.664793772467912e-16,0.002255912256105984,ok,12.84
3.4,3.2199999999999998,85.0,92,6,8,-75.80439730569849,-75.80400021561258,-75.95910346408908,-75.9585558981746,-0.00028616414620980326,-1.7355766554697904e-11,-1.3763179787692358e-10,0.0002861641462098369,ok,129.95
2.86,1.4691596244932197,95.0,92,6,8,-75.86761318070899,-75.86505395915312,-76.04569266167262,-76.042744013077,-0.002389390542586306,3.572969698522957e-15,3.776133354898519e-14,0.002389390542586306,ok,9.15
2.68,1.4691596244932197,95.0,92,6,8,-75.86881969227531,-75.86427452134951,-76.04731664925166,-76.0421440970635,-0.003713592019896216,-7.484815405432592e-15,-7.695151805682662e-14,0.003713592019896216,ok,21.62
2.86,0.8217302352684964,95.0,92,6,8,-75.91136986422644,-75.90876474594657,-76.10017001644299,-76.0973637078113,0.0021705509626779715,-1.8943236763025613e-15,-2.628889502720884e-14,0.0021705509626779715,ok,16.44
2.68,2.0510782147427644,95.0,92,6,8,-75.81577180419868,-75.81201470521624,-75.97720178327278,-75.97275200847358,-0.002910116521376164,-3.1221289474486506e-15,-3.560215943590523e-14,0.002910116521376164,ok,22.31
3.04,1.3541907073778483,95.0,92,6,8,-75.88625821720518,-75.88479972703561,-76.06788774304245,-76.0661881534682,0.0015736041947458572,1.4126759730622916e-15,1.4755042164897815e-14,0.0015736041947458572,ok,4.72
2.86,1.3541907073778483,95.0,92,6,8,-75.88696590053073,-75.8843566787075,-76.06883074429271,-76.0658491245245,-0.002469232850659315,2.324896532416365e-17,-1.0601965229202951e-16,0.002469232850659315,ok,15.65
3.04,0.9184360891594576,95.0,92,6,8,-75.93711356580664,-75.93563928789543,-76.12593976127556,-76.12437082086852,0.0014949977763795681,-4.845656711656443e-15,-6.268378351993715e-14,0.0014949977763795681,ok,10.42
2.86,1.17311930899858,95.0,92,6,8,-75.91957575403163,-75.91692259759749,-76.10607527475109,-76.10311453400432,-0.002517853721480957,1.854999280913654e-15,2.304913448144003e-14,0.002517853721480957,ok,17.35
2.68,2.5,95.0,92,6,8,-75.80560499442427,-75.80406348168641,-75.96233192187653,-75.96032528017963,-0.003400234874039468,2.3988755965739396e-14,1.0272365671207661e-13,0.003400234874039468,ok,25.8
3.04,0.8682146206261605,95.0,92,6,8,-75.92756208761594,-75.92609665046156,-76.11633649137107,-76.11478221174613,-0.0014497881019035347,5.1000842085553286e-17,3.4928231337383365e-16,0.0014497881019035347,ok,11.94
2.86,0.7,95.0,92,6,8,-75.806405208999,-75.80385660919305,-75.99453547325798,-75.99177620913906,0.0018999652294484155,-1.1288103961225657e-15,-1.4235388973557422e-14,0.0018999652294484155,ok,25.23
3.04,1.0328937646339662,95.0,92,6,8,-75.93774523145943,-75.93625901055708,-76.12604530966965,-76.12441752715947,0.0015749335410703243,1.0424426305002868e-16,1.1500898810755461e-15,0.0015749335410703243,ok,10.95
3.04,1.0990821169362144,95.0,92,6,8,-75.9303812271099,-75.92889354016043,-76.11792182024881,-76.116277975403,-0.0015986477658060023,3.186311912167707e-15,3.7700257633469965e-14,0.0015986477658060023,ok,10.93
3.04,0.738001992915057,95.0,92,6,8,-75.85094217819032,-75.84950924202832,-76.03911258759219,-76.03757028335158,-0.0012898242722402145,8.967302849764658e-17,1.339486467924954e-15,0.0012898242722402145,ok,13.87
2.86,1.2571204432701741,95.0,92,6,8,-75.9046022652453,-75.90196396499124,-76.08919993753118,-76.0862232440284,0.0025111245369902843,3.930931702417496e-16,1.081487868208017e-14,0.0025111245369902843,ok,19.72
2.86,2.0510782147427644,95.0,92,6,8,-75.81497972617194,-75.81285573794263,-75.97595702982633,-75.9734094457708,0.001841947807578155,-2.8829960557270197e-16,-8.290380109912565e-15,0.001841947807578155,ok,17.84
2.86,2.86,95.0,92,6,8,-75.80452236639165,-75.80329170330143,-75.9598927593928,-75.95845079437878,0.0026483474412529327,-8.990618522527818e-14,-8.26764558495697e-14,0.0026483474412529327,ok,17.36
3.04,0.7784650775728821,95.0,92,6,8,-75.88551517569063,-75.88407072393946,-76.07392569815941,-76.07238403529539,-0.0013463297775373076,-3.187683914867277e-15,-3.9792063062993315e-14,0.0013463297775373076,ok,16.14
3.04,0.7,95.0,92,6,8,-75.80575552049132,-75.80433471788292,-75.99365072297915,-75.99212376312813,-0.0012322598039880557,-3.0769138897479666e-17,-4.453946864502855e-16,0.0012322598039880557,ok,17.84
3.04,1.17311930899858,95.0,92,6,8,-75.91885487965695,-75.91737007198886,-76.10513708703795,-76.1034699024917,0.0016080557312631264,8.956832157024753e-17,1.002422225125279e-15,0.0016080557312631264,ok,15.18
3.04,0.8217302352684964,95.0,92,6,8,-75.91069110733584,-75.90923574305174,-76.09929541115493,-76.09772186460783,-0.0013963924517111567,-3.0320546502983677e-15,-3.872153127734944e-14,0.0013963924517111567,ok,19.29
3.04,1.2571204432701741,95.0,92,6,8,-75.90388403041669,-75.90240821222164,-76.08825153528934,-76.08655727076872,0.0016018641951487948,7.922931604976741e-16,1.1815296443569484e-14,0.0016018641951487948,ok,17.32
3.04,1.4691596244932197,95.0,92,6,8,-75.86692886269996,-75.86549948567033,-76.04476687850409,-76.04308827524176,0.0015227587212039329,-7.009149926973882e-15,-7.735134221729878e-14,0.0015227587212039329,ok,17.04
3.04,3.04,95.0,92,6,8,-75.80385375729169,-75.80365132890965,-75.95878374257839,-75.9585088398416,-0.0001898231858148089,5.4634498910347297e-14,4.984569665617504e-14,0.0001898231858148089,ok,13.74
3.04,2.0510782147427644,95.0,92,6,8,-75.81453878334975,-75.81334914403452,-75.97524968489806,-75.97380946808687,0.001180099361643072,6.622792963978795e-15,7.755019158308322e-14,0.001180099361643072,ok,16.99
3.04,0.9730484681624365,95.0,92,6,8,-75.940237788222,-75.93875631917577,-76.12892968484563,-76.12733988254136,-0.0015365255095270364,9.04856277379013e-16,1.1857765776738391e-14,0.0015365255095270364,ok,20.9
3.04,1.6101543756409509,95.0,92,6,8,-75.84716455120571,-75.84578254808342,-76.02004506237952,-76.01840986782696,0.0014444372012031113,-4.943653365423766e-15,-5.459517137538319e-14,0.0014444372012031113,ok,19.65
3.2199999999999998,0.738001992915057,95.0,92,6,8,-75.85057479259339,-75.84978065541928,-76.03862483255179,-76.03775900092307,0.0008358752454728639,-1.147798360601039e-15,-1.450710019208087e-14,0.0008358752454728639,ok,14.11
3.04,1.7925140766422638,95.0,92,6,8,-75.82882504511961,-75.82752131716322,-75.99569381801983,-75.9941402400402,-0.0013338242969593646,1.3842101832409317e-15,1.6234559587772072e-14,0.0013338242969593646,ok,21.5
3.2199999999999998,0.7784650775728821,95.0,92,6,8,-75.88514173843109,-75.8843406327336,-76.073443449603,-76.0725892183124,-0.0008701424648127098,2.0656470648274305e-15,2.519457740526407e-14,0.0008701424648127098,ok,14.57
2.86,2.5,95.0,92,6,8,-75.80495872549683,-75.80324216811408,-75.96120050298757,-75.95969838959644,0.0042946729755830495,-1.450866477719213e-14,-3.5363139008544926e-14,0.0042946729755830495,ok,31.35
3.2199999999999998,1.17311930899858,95.0,92,6,8,-75.91844909577543,-75.91762436360943,-76.1046024314481,-76.1036620084562,0.0010364418241421026,-4.490829833255901e-17,1.47861270636961e-15,0.0010364418241421026,ok,15.63
3.2199999999999998,1.7925140766422638,95.0,92,6,8,-75.82851187078298,-75.82778893958884,-75.9952131748315,-75.99435452737833,-0.0008605626858862179,3.823873390858474e-15,4.8345086793627574e-14,0.0008605626858862179,ok,14.29
3.2199999999999998,1.2571204432701741,95.0,92,6,8,-75.9034797820708,-75.90266042810619,-76.0877182149513,-76.08673059396153,0.0010326442133736012,-5.675832661652284e-16,-7.517894643061545e-15,0.0010326442133736012,ok,17.15
3.2199999999999998,2.0510782147427644,95.0,92,6,8,-75.81429465064024,-75.8136255036517,-75.97485465726136,-75.97407591020952,-0.0007400311121676232,-4.176803179872706e-15,-4.765660417083034e-14,0.0007400311121676232,ok,14.4
3.2199999999999998,0.8217302352684964,95.0,92,6,8,-75.9103116096506,-75.90950398009161,-76.09881057998813,-76.09792878850195,-0.0009068339186022794,8.886780850959294e-17,-2.1441937203905157e-17,0.0009068339186022794,ok,20.39
3.2199999999999998,0.9730484681624365,95.0,92,6,8,-75.93984139674595,-75.93901831309803,-76.12840681807333,-76.12753088477604,0.0009961671470102118,-7.996621524579176e-17,1.972985746048491e-16,0.0009961671470102118,ok,21.55
3.2199999999999998,1.4691596244932197,95.0,92,6,8,-75.86654465515585,-75.86575227835387,-76.04423747043917,-76.04329033205636,-0.0009811701433884525,1.4784845849823478e-16,1.3245205381561076e-15,0.0009811701433884525,ok,19.5
3.2199999999999998,1.0990821169362144,95.0,92,6,8,-75.92997693874801,-75.9291503687292,-76.11738893622953,-76.11646893386656,0.0010319943294951216,1.3015764780974516e-16,1.4345584907122446e-15,0.0010319943294951216,ok,21.53
3.2199999999999998,1.6101543756409509,95.0,92,6,8,-75.84680624554414,-75.84604044662876,-76.01952057167881,-76.01860047009899,0.0009325005323352021,1.9135666706304796e-15,2.3947675529848683e-14,0.0009325005323352021,ok,19.57
3.2199999999999998,1.0328937646339662,95.0,92,6,8,-75.93734430840158,-75.93651847875103,-76.12551578090124,-76.12459830328798,-0.001017717646184676,-2.473358292586328e-16,-1.4483455950987582e-15,0.001017717646184676,ok,22.61
3.04,2.68,95.0,92,6,8,-75.80452498911714,-75.80233385525517,-75.95997843011881,-75.95741276000146,-0.001776097237179323,-8.429087947990347e-14,4.1938646109157624e-15,0.001776097237179323,ok,28.8
3.2199999999999998,1.3541907073778483,95.0,92,6,8,-75.88586025670458,-75.88505105617668,-76.06734961730557,-76.06637968827332,-0.0010145534907348762,-2.8447527301483554e-17,-4.061444336444036e-16,0.0010145534907348762,ok,22.04
3.4,0.8217302352684964,95.0,92,6,8,-75.91010098263277,-75.9096560162232,-76.09853192184677,-76.09801053712465,0.0005998997395626822,5.49898145208936e-17,8.480296457177522e-16,0.0005998997395626822,ok,11.74
3.4,0.8682146206261605,95.0,92,6,8,-75.9269624059686,-75.92651406351465,-76.1155482975755,-76.11506371936018,0.0006226259919419822,-2.0102703251735768e-15,-2.3615968359039547e-14,0.0006226259919419822,ok,12.88
3.2199999999999998,2.68,95.0,92,6,8,-75.80376040235868,-75.80248927634568,-75.95898762294061,-75.9575003828222,0.002876111859683775,4.842129539683977e-15,-3.892954376719355e-16,0.002876111859683775,ok,20.1
3.4,0.7,95.0,92,6,8,-75.80519466354392,-75.80476173308529,-75.99283891621518,-75.99244342265196,-0.0005290576798343008,-2.26274330095299e-15,-2.6123525797923102e-14,0.0005290576798343008,ok,18.09
3.4,1.6101543756409509,95.0,92,6,8,-75.84660774473723,-75.84618689890007,-76.01921438385727,-76.0186854783095,-0.0006252800581080164,-7.766845176409486e-16,-9.467226764947733e-15,0.0006252800581080164,ok,9.78
3.2199999999999998,2.5,95.0,92,6,8,-75.8052638236373,-75.80143478289104,-75.96123495659167,-75.95683863238723,-0.002236288541471073,-6.774675036383539e-14,1.0420919309395812e-15,0.002236288541471073,ok,24.69
3.4,1.7925140766422638,95.0,92,6,8,-75.8283391839896,-75.8279416126395,-75.99492900128674,-75.99441504061184,-0.0005787110586674877,7.481797300465873e-15,9.093028291728784e-14,0.0005787110586674877,ok,10.67
3.4,1.3541907073778483,95.0,92,6,8,-75.88563848550477,-75.88519348802402,-76.06704196601116,-76.06648254611608,-0.0006738255710539842,-9.787877330098494e-17,-1.0876812385705936e-15,0.0006738255710539842,ok,13.32
3.4,1.0328937646339662,95.0,92,6,8,-75.93712078975095,-75.93666563706367,-76.1252143177193,-76.12468382200774,0.0006767569868895112,-1.4581125967932123e-16,1.6953844537480776e-16,0.0006767569868895112,ok,17.66
3.4,1.4691596244932197,95.0,92,6,8,-75.86633105656641,-75.86589556820606,-76.04392406011878,-76.0433834838955,-0.000652957658663201,1.809002027717378e-16,1.7109944358241747e-15,0.000652957658663201,ok,14.0
3.2199999999999998,3.2199999999999998,95.0,92,6,8,-75.80392785250851,-75.80389392567625,-75.95866910065575,-75.95856427425026,1.4706843997823173e-05,4.5547455358423234e-14,4.184305970750583e-14,1.4706843997823173e-05,ok,27.53
3.4,3.4,95.0,92,6,8,-75.80432274360183,-75.80403501829385,-75.95897255405183,-75.95858082841397,0.0005706336253293078,1.513169214580268e-14,-5.125813929023984e-14,0.0005706336253293078,ok,11.92
3.4,0.9730484681624365,95.0,92,6,8,-75.93962058497047,-75.93916691005114,-76.12811245240033,-76.1276126835572,-0.000662370622249603,-1.94808637002571e-15,-2.3685995586939274e-14,0.000662370622249603,ok,23.81
3.4,2.0510782147427644,95.0,92,6,8,-75.8141612675735,-75.8137231504711,-75.9746146073875,-75.9740929013377,-0.0004549160857639621,-1.2062626479173608e-15,-1.7009457771128244e-14,0.0004549160857639621,ok,20.59
3.04,2.5,95.0,92,6,8,-75.80458134296627,-75.80396343976459,-75.96058041703816,-75.9602485023628,0.002341753055188355,-4.8333000789583224e-15,-1.134480592107418e-14,0.002341753055188355,ok,49.16
0.7784650775728821,0.738001992915057,105.0,92,6,8,-75.94318394867136,-75.65581813153835,-76.18452955002361,-75.85950151892371,-0.4016246774870057,7.753775370168247e-16,-1.8157451448408777e-15,0.4016246774870057,ok,14.72
3.2199999999999998,0.8682146206261605,95.0,92,6,8,-75.92717663303769,-75.92636303872884,-76.115833960342,-76.1149803796472,0.0009374134585650802,-3.7190221705296005e-17,6.075261953180063e-16,0.0009374134585650802,ok,48.44
3.4,2.5,95.0,92,6,8,-75.80473991171252,-75.80151940943281,-75.96054310539249,-75.95685931948826,0.0030270936598476715,2.4808389817991133e-15,-6.30600694728233e-17,0.0030270936598476715,ok,28.75
0.7,0.7,105.0,92,6,8,-75.8234873011963,-75.52513403496,-76.06241924288896,-75.72604410890975,0.41134007773136183,3.761990494730256e-14,2.850521646857303e-14,0.41134007773136183,ok,24.66
3.2199999999999998,2.86,95.0,92,6,8,-75.80490713273544,-75.80432472121247,-75.95999287308881,-75.95923907212924,0.0006932812848401261,-6.7407566738557085e-15,1.0145124583394024e-13,0.0006932812848401261,ok,46.13
2.86,2.68,95.0,92,6,8,-75.80471205832174,-75.80346056307505,-75.96040949345354,-75.95908308018262,0.0025541256298380194,-3.315849099117587e-14,-8.426343205081447e-14,0.0025541256298380194,ok,69.58
0.738001992915057,0.7,105.0,92,6,8,-75.86652956723715,-75.57173937245403,-76.10638828239591,-75.77366376793834,-0.40857746150597285,-2.0581377845692436e-16,-5.923996300652727e-16,0.40857746150597285,ok,28.63
0.7784650775728821,0.7784650775728821,105.0,92,6,8,-75.97689441306767,-75.69335049507809,-76.21857477187186,-75.89757729018106,0.39813118252160423,-6.8410857356828e-16,-1.2716028122770067e-15,0.39813118252160423,ok,27.0
0.738001992915057,0.738001992915057,105.0,92,6,8,-75.91078108602038,-75.61957273540018,-76.15124249310882,-75.82217372871187,0.4058806496793782,-1.5181573950616927e-16,-7.06757068069723e-16,0.4058806496793782,ok,28.85
3.4,2.68,95.0,92,6,8,-75.8048665335507,-75.802579874579,-75.96018304877786,-75.9575391515583,-0.002722621839671136,-4.971180163959921e-14,4.125540537503863e-15,0.002722621839671136,ok,35.97
0.8217302352684964,0.7784650775728821,105.0,92,6,8,-75.99990474527138,-75.72051460056826,-76.242453837639,-75.92595759428914,-0.39153236217120757,1.11932914317585e-15,-1.9213847170725147e-15,0.39153236217120757,ok,27.1
0.8217302352684964,0.8217302352684964,105.0,92,6,8,-76.02426319028088,-75.74898707238764,-76.26692881565864,-75.95494539541708,0.38725185064188306,-1.0790015682306498e-15,2.3713649146235412e-15,0.38725185064188306,ok,27.61
0.8682146206261605,0.8682146206261605,105.0,92,6,8,-76.05516154200518,-75.78881165708873,-76.29850724923232,-75.9967199702256,0.37168846952273893,-5.643321202621375e-16,-2.2486313507397703e-15,0.37168846952273893,ok,24.53
3.2199999999999998,3.04,95.0,92,6,8,-75.8046305371856,-75.804037176049,-75.9595288545938,-75.95873342928455,-0.0007013976503604364,7.002882281064382e-12,-5.323065278406152e-11,0.0007013976503604384,ok,54.27
0.8682146206261605,0.7,105.0,92,6,8,-75.94173989306789,-75.6607454592048,-76.18190674955478,-75.8643725277383,-0.38581555457060046,6.83186908370023e-16,-3.0504530891626233e-15,0.38581555457060046,ok,29.21
0.9184360891594576,0.7,105.0,92,6,8,-75.95059679805692,-75.67565405682959,-76.19027072033445,-75.88003642385151,0.3703793461114969,-2.4445593335006726e-15,2.1771880698124212e-15,0.3703793461114969,ok,28.84
0.8682146206261605,0.8217302352684964,105.0,92,6,8,-76.03909107518277,-75.76827163481903,-76.28255306277472,-75.97564453333962,-0.37668041067722086,3.4765407823242707e-16,-1.6586460628936145e-15,0.37668041067722086,ok,31.25
0.7784650775728821,0.7,105.0,92,6,8,-75.90134947981485,-75.6107039381588,-76.1414272430774,-75.81304697613086,-0.4033336290804922,-3.6728392509684215e-16,-1.9503430143351444e-15,0.4033336290804922,ok,36.92
3.04,2.86,95.0,92,6,8,-75.80345772871691,-75.80359704581565,-75.95850065860652,-75.9587412046203,0.0011534971589111146,-4.752440635861316e-14,-8.268010264474781e-14,0.0011534971589111146,ok,73.97
0.9184360891594576,0.738001992915057,105.0,92,6,8,-75.99379439169056,-75.72179889425914,-76.23417860691202,-75.92695375428069,-0.37122961132688714,-2.1104914257474763e-16,-4.058829592566854e-15,0.37122961132688714,ok,27.21
0.8217302352684964,0.7,105.0,92,6,8,-75.92566148591152,-75.63952411330038,-76.1659385214839,-75.84250186245973,-0.3962352749678792,-5.526837069971215e-16,-3.5321930982941275e-15,0.3962352749678792,ok,39.34
0.8217302352684964,0.738001992915057,105.0,92,6,8,-75.96619218625185,-75.68310273630053,-76.20847956625636,-75.88807465636194,-0.3939391639627451,-9.357214365022987e-17,-2.1368016262347425e-15,0.3939391639627451,ok,39.64
1.0328937646339662,0.9184360891594576,105.0,92,6,8,-76.07262405475765,-75.82671699804786,-76.31325623553843,-76.03833240393678,0.2778312610938275,5.497861124561631e-16,1.0906387013863279e-14,0.2778312610938275,ok,9.65
0.9184360891594576,0.8217302352684964,105.0,92,6,8,-76.04712826564568,-75.7811696077811,-76.29134074432031,-75.9904655209474,-0.35649944552713514,-4.3549563977932333e-16,-4.641046352419754e-15,0.35649944552713514,ok,26.64
0.8682146206261605,0.7784650775728821,105.0,92,6,8,-76.01477176690997,-75.73999397760366,-76.25821281289788,-75.94697770799894,-0.3791919958807669,6.852138531747771e-16,-1.9096294594792275e-15,0.3791919958807669,ok,39.39
3.4,2.86,95.0,92,6,8,-75.80482552432835,-75.80451407189676,-75.95983070083547,-75.95940093108376,-0.0004631230985776201,-1.8506938839402224e-15,-1.9390470730888e-14,0.0004631230985776201,ok,53.87
0.9184360891594576,0.8682146206261605,105.0,92,6,8,-76.06309594594498,-75.80139651781087,-76.30698977007448,-76.01094929174455,-0.3542482705075717,5.092317652127852e-16,-3.7654094094331915e-15,0.3542482705075717,ok,29.91
0.8682146206261605,0.738001992915057,105.0,92,6,8,-75.98491439157351,-75.70703803394211,-76.22579272096264,-75.9114540941916,-0.385633025648437,8.063990696713842e-16,-2.2903448791274157e-15,0.385633025648437,ok,43.45
1.0328937646339662,0.8682146206261605,105.0,92,6,8,-76.06401938528472,-75.8143523919796,-76.30459039031945,-76.02504358753848,-0.27637044155583357,-2.0655168767906127e-15,-1.0278705147541978e-14,0.27637044155583357,ok,18.72
1.0990821169362144,1.0328937646339662,105.0,92,6,8,-76.06665275157158,-75.83809422459012,-76.30204932395961,-76.0503103031189,-0.22188540684992744,1.3941189213054337e-14,-7.613435723040056e-14,0.22188540684992744,ok,9.03
0.9730484681624365,0.738001992915057,105.0,92,6,8,-75.99638805798567,-75.73161082780268,-76.23577550856858,-75.93769660071037,-0.3493103448486988,-6.487394416012982e-16,-5.33760359071153e-15,0.3493103448486988,ok,30.14
0.9184360891594576,0.9184360891594576,105.0,92,6,8,-76.07184808127748,-75.81502761955184,-76.31538601448348,-76.02526781123136,0.3485058965656189,-2.2297877003867603e-16,3.648722209027657e-15,0.3485058965656189,ok,32.34
1.0990821169362144,0.9730484681624365,105.0,92,6,8,-76.07017799102778,-75.83697023907095,-76.30547524734611,-76.04722110454968,-0.21813085271430205,2.8210576276133374e-15,-3.225193857003399e-14,0.21813085271430205,ok,12.45
1.0328937646339662,0.9730484681624365,105.0,92,6,8,-76.07489472699478,-75.83347044031846,-76.31553936025638,-76.04657559833431,-0.27712646669712065,9.775939717228172e-16,-8.964492861373785e-15,0.27712646669712065,ok,21.63
1.0328937646339662,1.0328937646339662,105.0,92,6,8,-76.07215702144077,-75.83609373010023,-76.31246724583572,-76.05170229805321,0.26585373140665275,-7.857480033616736e-15,1.5830225036092997e-14,0.26585373140665275,ok,19.13
0.9730484681624365,0.9184360891594576,105.0,92,6,8,-76.07431665786942,-75.82222732212601,-76.317633979715,-76.03409835640632,0.32112715249340074,-1.5046612097153585e-15,4.317360616666349e-15,0.32112715249340074,ok,30.92
1.0328937646339662,0.7,105.0,92,6,8,-75.95026877907225,-75.69249815896345,-76.18731907684337,-75.89900270686309,0.31298461741771305,4.013003600142734e-15,1.564430983876514e-14,0.31298461741771305,ok,29.31
3.4,3.04,95.0,92,6,8,-75.80454991338293,-75.80419244150731,-75.9593613929463,-75.95885732183275,-0.0004371237838234968,9.675941321841584e-13,-1.6938810329341838e-11,0.00043712378382349714,ok,65.66
1.0990821169362144,0.9184360891594576,105.0,92,6,8,-76.06810691038667,-75.83127708055103,-76.30322782118446,-76.04041858823499,0.2138783495966426,2.1277093475133185e-15,3.3873056873159286e-14,0.2138783495966426,ok,17.37
0.9730484681624365,0.8217302352684964,105.0,92,6,8,-76.05184224755432,-75.79337992709546,-76.29297157066553,-76.00149705690411,0.3505787910927536,5.750741445456999e-16,4.8012351271665465e-15,0.3505787910927536,ok,37.54
0.9730484681624365,0.7,105.0,92,6,8,-75.95316312829401,-75.68566463122524,-76.1918412970904,-75.89099330495429,0.34729939842864943,5.058706972288719e-15,9.110728838431448e-15,0.34729939842864943,ok,40.83
1.0990821169362144,0.8217302352684964,105.0,92,6,8,-76.04358019430063,-75.80113347141204,-76.27819022856016,-76.00886649065914,0.2063308731127622,2.7247008421697384e-15,3.5283294971986245e-14,0.2063308731127622,ok,22.72
1.0990821169362144,0.738001992915057,105.0,92,6,8,-75.98550946615573,-75.73861402890003,-76.21945979333883,-75.94548953335088,-0.19966984460654008,-2.5187082120382775e-15,-3.980546817503877e-14,0.19966984460654008,ok,24.83
1.0990821169362144,0.7784650775728821,105.0,92,6,8,-76.01926337316803,-75.77448678863583,-76.25354177224327,-75.98174562990847,0.20291111088403258,-7.707708944093044e-16,2.5478051363576758e-14,0.20291111088403258,ok,24.51
1.17311930899858,0.8682146206261605,105.0,92,6,8,-76.05157319956058,-75.82828188422874,-76.28010145225508,-76.034004744032,-0.1474453975744893,1.2469533069203288e-14,2.2871424390750356e-13,0.1474453975744893,ok,12.14
0.9184360891594576,0.7784650775728821,105.0,92,6,8,-76.02625887929948,-75.7575138585278,-76.26745495424049,-75.9635996431748,-0.3710350254595686,-4.402205813709304e-16,-3.0577069783727893e-15,0.3710350254595686,ok,51.74
0.9730484681624365,0.7784650775728821,105.0,92,6,8,-76.02886345242851,-75.76708447289045,-76.2690772134822,-75.97408331401788,0.3506341217330675,-2.3643133099318647e-16,5.056429828001976e-15,0.3506341217330675,ok,41.01
1.0990821169362144,0.8682146206261605,105.0,92,6,8,-76.05953883221568,-75.81969937976986,-76.29443101572042,-76.0280312585315,0.2099428650719505,1.4350332607438818e-15,4.00899878081949e-14,0.2099428650719505,ok,24.5
1.0990821169362144,1.0990821169362144,105.0,92,6,8,-76.05904135484137,-75.83699284232755,-76.2937521987388,-76.05220391811487,-0.21541725989573818,-4.018763917477507e-13,5.383275595712218e-13,0.21541725989573818,ok,19.82
1.17311930899858,0.8217302352684964,105.0,92,6,8,-76.03544667403457,-75.81027197451935,-76.26379630701503,-76.01559641367969,-0.1444281232766766,1.3863146914833786e-14,3.371882935363974e-13,0.1444281232766766,ok,14.92
1.17311930899858,1.17311930899858,105.0,92,6,8,-76.03845747719717,-75.83504317266829,-76.26594341924918,-76.04747722684559,-0.16274219205743692,7.909540452557306e-15,1.154224123953437e-14,0.16274219205743692,ok,9.24
1.0328937646339662,0.7784650775728821,105.0,92,6,8,-76.0260356950355,-75.77334156874437,-76.26462125632571,-75.98149598703422,-0.3190585311712095,-1.8257192242344264e-15,-1.0952588662701805e-14,0.3190585311712095,ok,36.25
0.9730484681624365,0.9730484681624365,105.0,92,6,8,-76.07676460043007,-75.82984324975979,-76.31963116105118,-76.0428786656586,0.31306965511954404,-1.762376094253284e-15,-3.3062354120072123e-15,0.31306965511954404,ok,38.92
1.17311930899858,1.0328937646339662,105.0,92,6,8,-76.05901041734518,-75.84344189329774,-76.28754010952849,-76.05089411766554,-0.15838619862782016,-3.079403830182772e-15,4.36680182786315e-14,0.15838619862782016,ok,12.44
1.17311930899858,0.738001992915057,105.0,92,6,8,-75.97706923811626,-75.74858384401472,-76.20492974224811,-75.95331491839933,-0.13851000586686227,-4.2389294671174146e-14,-5.72813714198411e-13,0.13851000586686227,ok,21.85
1.17311930899858,0.7,105.0,92,6,8,-75.93254229325672,-75.70255446011336,-76.16015718771769,-75.90707050069412,-0.13552886448923798,-8.853610718510127e-15,-1.610500236299787e-13,0.13552886448923798,ok,23.1
1.0328937646339662,0.738001992915057,105.0,92,6,8,-75.9935335252126,-75.73818280281182,-76.23129781297149,-75.9454376392642,0.3161871908244941,-1.0982494811092514e-15,8.932458013895064e-15,0.3161871908244941,ok,41.41
1.17311930899858,1.0990821169362144,105.0,92,6,8,-76.05050354728971,-75.83932321274847,-76.27884158635258,-76.04845227296065,0.16366542768517725,6.730484415819461e-15,-1.746180914889564e-14,0.16366542768517725,ok,15.03
1.17311930899858,0.7784650775728821,105.0,92,6,8,-76.010970607421,-75.78407863870913,-76.23908727067594,-75.98907633748091,-0.14146461107000968,1.877468704060611e-14,5.128977803541609e-13,0.14146461107000968,ok,20.47
1.17311930899858,0.9184360891594576,105.0,92,6,8,-76.06031282354434,-75.83914463976063,-76.28893705273006,-76.04530885716308,-0.1506380646896026,6.120722673219497e-15,1.236848737723237e-13,0.1506380646896026,ok,18.83
1.17311930899858,0.9730484681624365,105.0,92,6,8,-76.06253063760738,-75.84385212152276,-76.29116108989821,-76.0505242400344,0.1541942991577421,-1.1863976479011738e-15,-5.129619004241826e-14,0.1541942991577421,ok,18.73
1.2571204432701741,1.2571204432701741,105.0,92,6,8,-76.01087781086665,-75.832100129428,-76.23025563052977,-76.03948085203761,-0.11602550378037123,2.1362454768143597e-14,-5.915407422020723e-14,0.11602550378037123,ok,9.17
1.2571204432701741,1.17311930899858,105.0,92,6,8,-76.02663280930805,-75.83924998275614,-76.24727335094467,-76.04397568904213,0.1145972926931128,5.103733086314955e-15,-4.171551216706863e-15,0.1145972926931128,ok,10.16
1.0990821169362144,0.7,105.0,92,6,8,-75.94111927883479,-75.69226468255859,-76.17475521091013,-75.89883563195797,0.19658355762983637,2.9914616036884623e-15,2.2399938144156994e-14,0.19658355762983637,ok,36.34
1.2571204432701741,1.0990821169362144,105.0,92,6,8,-76.03926704757458,-75.84804421989077,-76.26060095995666,-76.05189150703282,0.11022559611800417,4.218026492734211e-16,-1.4132970602797549e-14,0.11022559611800417,ok,11.36
1.2571204432701741,0.738001992915057,105.0,92,6,8,-75.96432114895246,-75.76190299909538,-76.18631824419533,-75.96435348083752,0.09180005486008928,-7.045041393122424e-16,-3.44036602117811e-14,0.09180005486008928,ok,17.94
1.2571204432701741,0.8682146206261605,105.0,92,6,8,-76.03938360743003,-75.84063803142237,-76.26175316425464,-76.04378298816424,-0.09938084801090333,1.0107236854338119e-15,3.105977450560533e-14,0.09938084801090333,ok,14.53
1.2571204432701741,0.7,105.0,92,6,8,-75.91962392722178,-75.71612014716123,-76.14144680803506,-75.91840525770228,0.08915790537393146,-1.9338826767701693e-15,-5.04745116177024e-14,0.08915790537393146,ok,18.95
1.3541907073778483,0.7784650775728821,105.0,92,6,8,-75.9819349066358,-75.81247731857252,-76.19838409745165,-76.01269581701241,0.060242901848342814,-7.91688726428484e-16,-2.7724081826929665e-14,0.060242901848342814,ok,11.28
1.3541907073778483,0.7,105.0,92,6,8,-75.90281313327797,-75.73183482475622,-76.11902255145036,-75.93172609401432,0.055466293936459535,-8.127927282017593e-16,-2.7433116929369238e-14,0.055466293936459535,ok,13.06
1.2571204432701741,0.7784650775728821,105.0,92,6,8,-75.99839818883763,-75.79712224017297,-76.22057018529848,-75.99978734579547,-0.09437778974180079,1.3826705880397646e-15,3.23590895447277e-14,0.09437778974180079,ok,18.52
1.2571204432701741,0.8217302352684964,105.0,92,6,8,-76.02305892242762,-75.82300040223356,-76.24535418924644,-76.02590461920981,0.09690144019935545,-1.3466875623685626e-15,-5.453746962592761e-14,0.09690144019935545,ok,18.3
1.3541907073778483,0.9184360891594576,105.0,92,6,8,-76.03246297758045,-75.86566891356759,-76.24892985470838,-76.06632132885669,-0.06683051063620848,3.840571601490443e-16,3.5635340615991075e-14,0.06683051063620848,ok,11.25
1.2571204432701741,0.9730484681624365,105.0,92,6,8,-76.05080111777366,-75.85513374430694,-76.27299866503746,-76.05864454075298,-0.10435709378805937,-2.3636067576142672e-16,3.236139097245457e-14,0.10435709378805937,ok,16.23
1.3541907073778483,0.8217302352684964,105.0,92,6,8,-76.0067801376237,-75.83814496723568,-76.22333002282183,-76.03855483424408,0.06252241674456625,-7.963315918962264e-16,-3.588883454274291e-14,0.06252241674456625,ok,12.62
1.3541907073778483,1.17311930899858,105.0,92,6,8,-76.01185986288704,-75.85077341518075,-76.22589734917605,-76.05047261441268,-0.07496197542596539,-1.5425549154949334e-15,3.6917633635334934e-15,0.07496197542596539,ok,9.61
1.3541907073778483,0.8682146206261605,105.0,92,6,8,-76.02329744401342,-75.85554616135515,-76.2398515403543,-76.05610067062966,0.06472131532492978,3.606351702560719e-16,-1.9596786805166955e-14,0.06472131532492978,ok,13.32
1.2571204432701741,0.9184360891594576,105.0,92,6,8,-76.04834126050999,-75.85103908805482,-76.27069574701684,-76.05439311101478,-0.10184284564203096,1.2027170671145843e-15,3.082850477332753e-14,0.10184284564203096,ok,17.81
1.3541907073778483,1.0990821169362144,105.0,92,6,8,-76.02416849853117,-75.86111375476665,-76.23923110474581,-76.06125358448983,0.07279568386318125,-2.3108534330754066e-16,-1.1857366827980631e-14,0.07279568386318125,ok,11.23
1.3541907073778483,1.2571204432701741,105.0,92,6,8,-75.99585692027745,-75.83804817476427,-76.20853223364328,-76.03758645728516,0.0779332563285343,8.166418561184663e-15,-8.844245483214027e-15,0.0779332563285343,ok,10.59
1.3541907073778483,0.738001992915057,105.0,92,6,8,-75.94768217289825,-75.77744589304622,-76.16400683752865,-75.9774786525159,-0.057886902920723224,4.915457292815427e-16,2.6708784642071402e-14,0.057886902920723224,ok,14.97
1.4691596244932197,0.8682146206261605,105.0,92,6,8,-76.00419648454515,-75.8715468943746,-76.2150827963103,-76.06952291208574,-0.04045507713478842,2.024201844849721e-16,1.6772702201366667e-14,0.04045507713478842,ok,6.85
1.3541907073778483,1.0328937646339662,105.0,92,6,8,-76.03214997926044,-75.86762930495426,-76.24792932163844,-76.06810609381948,-0.07082851468774926,2.3511787935893603e-16,2.1370904330162544e-14,0.07082851468774926,ok,15.47
1.3541907073778483,1.3541907073778483,105.0,92,6,8,-75.97726598587153,-75.82840735809164,-76.1878999736925,-76.02902350572225,0.07930096430085293,-4.0729607208752224e-14,-1.5848803426693523e-14,0.07930096430085293,ok,12.95
1.4691596244932197,0.9730484681624365,105.0,92,6,8,-76.01645302476747,-75.88502914845733,-76.22694745514448,-76.08295043304256,0.04419318479259519,-9.29923853900671e-16,-3.7394963302179634e-14,0.04419318479259519,ok,8.84
1.4691596244932197,1.0990821169362144,105.0,92,6,8,-76.00595724664856,-75.87611005646338,-76.21514193913005,-76.07315997913147,0.047390105682458224,6.416508331299768e-16,-2.0395564726451942e-14,0.047390105682458224,ok,7.71
1.4691596244932197,0.738001992915057,105.0,92,6,8,-75.92805212633897,-75.79389427448862,-76.138767503575,-75.99140512689493,0.034141379646590614,1.6304639882862553e-16,-2.257938400633061e-14,0.034141379646590614,ok,13.36
1.4691596244932197,1.0328937646339662,105.0,92,6,8,-76.01368063796092,-75.8829829534145,-76.22366069391674,-76.08059657167499,0.045864720465766104,4.925445006842605e-16,-2.0011374824538544e-14,0.045864720465766104,ok,8.54
1.3541907073778483,0.9730484681624365,105.0,92,6,8,-76.03515152821448,-75.86941784190721,-76.25138640688188,-76.0700589173093,0.06885912773291147,2.3703730008807424e-17,-3.5860625628686857e-14,0.06885912773291147,ok,16.91
1.4691596244932197,0.9184360891594576,105.0,92,6,8,-76.0135554791336,-75.88148932660377,-76.22432090472573,-76.07949801731517,-0.04237669059348832,-2.190512597886759e-16,1.7614719920859542e-14,0.04237669059348832,ok,11.77
1.4691596244932197,0.7,105.0,92,6,8,-75.88301710174481,-75.74840900900101,-76.09363906210129,-75.94577213666645,0.031906874876270946,-2.000287944380067e-16,-2.2751164935684264e-14,0.031906874876270946,ok,16.33
1.4691596244932197,1.3541907073778483,105.0,92,6,8,-75.95967617216081,-75.83519100091924,-76.16392698212611,-76.02866947921443,-0.051860885545044616,-9.086204152179794e-15,-4.279144557779684e-14,0.051860885545044616,ok,9.32
1.4691596244932197,0.7784650775728821,105.0,92,6,8,-75.96247552714748,-75.8287883781592,-76.17327446145282,-76.02646235081605,0.03631672818310412,-1.9124786390254962e-16,-2.2762462290181112e-14,0.03631672818310412,ok,17.07
1.6101543756409509,1.2571204432701741,105.0,92,6,8,-75.95870534340537,-75.86551550154488,-76.1591917882199,-76.0570642694779,0.03230186202636783,-5.201682672651674e-16,-7.421188532289169e-14,0.03230186202636783,ok,7.74
1.6101543756409509,1.0990821169362144,105.0,92,6,8,-75.98582553169578,-75.89133709155229,-76.18924256128678,-76.08558514605934,-0.03028841705597152,2.3552767416781904e-15,5.943889440160242e-14,0.03028841705597152,ok,8.37
1.6101543756409509,0.9730484681624365,105.0,92,6,8,-75.99590620221764,-75.90061226332861,-76.20065008483122,-76.09590254810895,-0.027476129632688126,-1.5570242203904939e-15,7.25469065532285e-14,0.027476129632688126,ok,9.58
1.4691596244932197,1.17311930899858,105.0,92,6,8,-75.9939477878507,-75.86516813969078,-76.20197269300417,-76.06134451443282,0.04877090910485381,1.834460309193232e-16,-1.3750250076200827e-14,0.04877090910485381,ok,12.74
1.6101543756409509,1.0328937646339662,105.0,92,6,8,-75.99333097227435,-75.89840454593806,-76.19756474500186,-76.09333798548718,0.02896626875212962,-2.6117058084239616e-15,-1.5172404144606348e-14,0.02896626875212962,ok,9.49
1.4691596244932197,1.2571204432701741,105.0,92,6,8,-75.9782975907005,-75.85103861547427,-76.18470585398855,-76.04596848790696,-0.05011540498621043,-7.119849551755619e-16,-3.1396243155096305e-15,0.05011540498621043,ok,13.75
1.2571204432701741,1.0328937646339662,105.0,92,6,8,-76.04754309093903,-75.85381479913349,-76.26941169638262,-76.05745213163908,-0.10705068250958928,-9.674625588002806e-17,1.604013020115946e-14,0.10705068250958928,ok,28.59
1.6101543756409509,1.3541907073778483,105.0,92,6,8,-75.94044050162077,-75.84842353918401,-76.13856298041708,-76.03769364295846,-0.03301896658562291,-8.82295472133855e-15,3.159851616778419e-14,0.03301896658562291,ok,8.38
1.6101543756409509,0.9184360891594576,105.0,92,6,8,-75.99282863504195,-75.8972147978444,-76.19785209730715,-76.0926414801088,-0.025847756230759134,7.889671641895465e-16,3.825015675410045e-14,0.025847756230759134,ok,12.14
1.6101543756409509,1.6101543756409509,105.0,92,6,8,-75.89881673710352,-75.81742135921743,-76.08957122373923,-76.00083209155936,0.033993720664545465,4.961270973933429e-14,-4.013891756454416e-14,0.033993720664545465,ok,8.33
1.6101543756409509,1.4691596244932197,105.0,92,6,8,-75.92005285546253,-75.83037973977288,-76.11502981735573,-76.01673692472409,0.033847664773107106,-2.9610139523746754e-14,8.935643716131789e-14,0.033847664773107106,ok,9.06
1.6101543756409509,0.8682146206261605,105.0,92,6,8,-75.98330082739521,-75.88740392309609,-76.18842886657852,-76.08281372181709,0.024112670051833995,2.385735712696653e-15,-3.7336680374015294e-14,0.024112670051833995,ok,12.8
1.6101543756409509,0.738001992915057,105.0,92,6,8,-75.90669263473237,-75.81009803735246,-76.11162434464937,-76.00506005036328,-0.018479156101429167,1.6856241548364703e-15,8.239865282097726e-14,0.018479156101429167,ok,14.46
1.7925140766422638,0.7,105.0,92,6,8,-75.8401167046299,-75.77976501043545,-76.03897935203278,-75.97212523030139,-0.007849689770621716,6.984981921618187e-16,-3.39226743628971e-14,0.007849689770621716,ok,9.38
1.6101543756409509,0.8217302352684964,105.0,92,6,8,-75.96643961076677,-75.8702884613468,-76.17154899905655,-76.06559211574506,-0.02229467621950131,-1.136419176493354e-15,2.9108449902310895e-14,0.02229467621950131,ok,14.53
1.6101543756409509,0.7,105.0,92,6,8,-75.86150926162614,-75.76471517445805,-76.06635414634222,-75.95955433578631,-0.016510264082855865,3.992407336011981e-15,9.906912453635424e-14,0.016510264082855865,ok,15.52
1.4691596244932197,0.8217302352684964,105.0,92,6,8,-75.98749479937607,-75.85430915891837,-76.19836576147657,-76.05214596369132,0.038425071480292596,-4.620841947633189e-16,-2.320792716363952e-14,0.038425071480292596,ok,20.12
1.7925140766422638,0.8217302352684964,105.0,92,6,8,-75.94535239356313,-75.88506658138053,-76.14461927899742,-76.07791803761593,-0.012417761169914263,-6.464096649034532e-15,-1.4882281844578164e-13,0.012417761169914263,ok,9.55
1.7925140766422638,0.9730484681624365,105.0,92,6,8,-75.97516884990992,-75.9150766274119,-76.174179616843,-76.10789684863316,0.0166115122164543,2.36144345834818e-15,6.00200447237103e-14,0.0166115122164543,ok,7.02
1.6101543756409509,1.17311930899858,105.0,92,6,8,-75.97406389471013,-75.8801244940935,-76.1762787939353,-76.07329220892335,0.03140521311134477,-3.6215795318446673e-16,-3.499626433480554e-14,0.03140521311134477,ok,13.71
1.7925140766422638,0.8682146206261605,105.0,92,6,8,-75.96232225415199,-75.90208221119346,-76.16164117735094,-76.09503966717074,-0.013879169942806404,-1.6974723999554498e-15,-4.911578173891228e-14,0.013879169942806404,ok,8.8
1.7925140766422638,0.9184360891594576,105.0,92,6,8,-75.97196573163215,-75.91178860575693,-76.17121748458946,-76.10475512760738,0.015284759804818767,4.574662562443597e-16,5.1321547766919384e-14,0.015284759804818767,ok,8.66
1.7925140766422638,0.738001992915057,105.0,92,6,8,-75.88540030282228,-75.82506213159797,-76.08442042950335,-76.01759850387009,-0.009391460117906217,3.998428194682506e-15,-4.574570702565043e-15,0.009391460117906217,ok,11.73
1.7925140766422638,1.0990821169362144,105.0,92,6,8,-75.96538367830006,-75.90556355911019,-76.163135641363,-76.09725674180618,0.018928854221135695,6.43261172958e-15,1.4021657410616125e-13,0.018928854221135695,ok,9.77
2.0510782147427644,0.7,105.0,92,6,8,-75.82151151284725,-75.79254869468613,-76.01472366832559,-75.98263376426384,-0.00424243125047646,-5.217043740282221e-16,-1.1562563180467062e-14,0.00424243125047646,ok,7.18
1.6101543756409509,0.7784650775728821,105.0,92,6,8,-75.94126561813836,-75.84488389549853,-76.14627148208794,-76.0400358318917,-0.02041237158801639,2.4488447593664336e-15,7.46206321684682e-14,0.02041237158801639,ok,20.54
1.7925140766422638,0.7784650775728821,105.0,92,6,8,-75.92007459442917,-75.85975717805367,-76.1192433246336,-76.05241926058326,-0.010917771649995456,-1.95830084116936e-15,-8.266445094918327e-14,0.010917771649995456,ok,14.88
2.0510782147427644,0.9184360891594576,105.0,92,6,8,-75.9534535418933,-75.9241982595066,-76.14732635477851,-76.11499747344295,0.00879133462224596,4.1762608889691146e-15,3.2156301346194286e-14,0.00879133462224596,ok,7.32
1.7925140766422638,1.0328937646339662,105.0,92,6,8,-75.97273193856232,-75.91275441940073,-76.17127938646193,-76.10517692814794,0.01783667870323382,1.6657922822931182e-15,6.421208106612348e-14,0.01783667870323382,ok,12.27
2.0510782147427644,1.0328937646339662,105.0,92,6,8,-75.9542946296086,-75.9249901951369,-76.1475633051705,-76.11520182308008,0.010413950542612689,-2.7899525410726665e-15,-1.663450374312134e-14,0.010413950542612689,ok,7.75
2.0510782147427644,1.17311930899858,105.0,92,6,8,-75.93551952410098,-75.90626862914661,-76.1267969067403,-76.09447927308214,-0.011720109021735557,-1.674137330782828e-15,-2.376983926271588e-14,0.011720109021735557,ok,8.01
2.0510782147427644,0.9730484681624365,105.0,92,6,8,-75.95668845979381,-75.92740017579838,-76.15037612851563,-76.11803577577403,0.009632092388284552,-7.636934726646294e-15,-4.8162200591977046e-14,0.009632092388284552,ok,9.27
2.0510782147427644,0.7784650775728821,105.0,92,6,8,-75.90150135789447,-75.8724042489039,-76.0951310205162,-76.0629115072911,-0.006093092209772147,5.435526762130711e-16,-6.069766325051793e-17,0.006093092209772147,ok,10.95
2.0510782147427644,2.0510782147427644,105.0,92,6,8,-75.82683908589527,-75.80584760825832,-75.99384337043118,-75.96967297457932,-0.012258765946707738,-4.85866375838502e-14,-3.418791783125079e-14,0.012258765946707738,ok,7.63
1.4691596244932197,1.4691596244932197,105.0,92,6,8,-75.93919472183191,-75.82354319647595,-76.140381430258,-76.0160809202709,-0.052534027019913485,-6.19401968610048e-14,1.543002746177891e-13,0.052534027019913485,ok,26.02
2.0510782147427644,1.7925140766422638,105.0,92,6,8,-75.84306062988966,-75.81689218412224,-76.01606942162368,-75.98619073426275,-0.01240663510073665,-2.0754729578040293e-14,8.112108534681577e-15,0.01240663510073665,ok,9.39
1.7925140766422638,1.17311930899858,105.0,92,6,8,-75.95380602062325,-75.89420890489416,-76.15032615757056,-76.08468846263936,0.01984887406338888,-3.023543619939023e-15,-5.4615143124507566e-14,0.01984887406338888,ok,15.92
1.7925140766422638,1.7925140766422638,105.0,92,6,8,-75.85943045347285,-75.81088025877166,-76.03861946689068,-75.98443046615355,0.021424960648239132,9.212906461454915e-14,-4.886949526365751e-14,0.021424960648239132,ok,13.47
2.0510782147427644,0.8217302352684964,105.0,92,6,8,-75.92679590834976,-75.89763873856748,-76.12058993550608,-76.0883049070177,-0.0070133873970001735,6.167138083273065e-16,-1.2850902223165158e-16,0.0070133873970001735,ok,12.67
2.0510782147427644,1.3541907073778483,105.0,92,6,8,-75.90275614083346,-75.87381823654951,-76.08959758545254,-76.05750658453272,-0.01250204593077509,-1.4908572774829902e-15,-5.366338495448118e-15,0.01250204593077509,ok,11.19
1.7925140766422638,1.3541907073778483,105.0,92,6,8,-75.9206946846112,-75.86196029749698,-76.11293877108729,-76.04814669131414,0.02103385661000741,7.973326312637741e-15,-4.468444214767781e-15,0.02103385661000741,ok,16.08
2.0510782147427644,0.8682146206261605,105.0,92,6,8,-75.94378556950427,-75.91457499979464,-76.137666811729,-76.10536647432889,0.007916753942936821,-3.4270368153102554e-15,-1.5113172919941938e-14,0.007916753942936821,ok,13.58
1.7925140766422638,1.2571204432701741,105.0,92,6,8,-75.9386721382129,-75.87940678224408,-76.13340183548286,-76.06811435015514,-0.020560814784543663,1.1470961949592651e-15,-4.5037241367076746e-14,0.020560814784543663,ok,17.47
2.5,0.7,105.0,92,6,8,-75.8089681809714,-75.80166625247247,-75.9980786984538,-75.9900492856446,0.0023982049934706986,2.734800944042874e-16,1.5627664539851579e-15,0.0023982049934706986,ok,8.59
2.0510782147427644,1.2571204432701741,105.0,92,6,8,-75.92052147003344,-75.89137595032926,-76.10996662565397,-76.0777379955609,0.012192663424690404,1.5811689517761099e-15,-5.642569551679997e-15,0.012192663424690404,ok,14.04
2.0510782147427644,1.4691596244932197,105.0,92,6,8,-75.88309298073281,-75.85454917191849,-76.06637851013454,-76.03453579836867,0.012623207504585296,-6.21722591378019e-16,7.824219178838197e-16,0.012623207504585296,ok,13.58
2.5,0.738001992915057,105.0,92,6,8,-75.85419862021239,-75.84685524222286,-76.04354695318466,-76.0354913750114,-0.002682833766346054,8.676655199008465e-15,3.818938039153474e-14,0.002682833766346054,ok,10.1
2.0510782147427644,0.738001992915057,105.0,92,6,8,-75.86681151650379,-75.83777964752662,-76.06023139789129,-76.02806672710018,-0.005167470711169008,-8.391768101963882e-15,-5.470110743540667e-14,0.005167470711169008,ok,17.5
2.5,0.8682146206261605,105.0,92,6,8,-75.93095590466837,-75.92349549405658,-76.12087518276847,-76.1126888881565,-0.0035474538870757318,-1.208508253415409e-16,-1.7294694978110023e-15,0.0035474538870757318,ok,9.34
2.0510782147427644,1.0990821169362144,105.0,92,6,8,-75.9470074670948,-75.9177111470879,-76.13951508770805,-76.10714561022908,-0.011117760832739385,2.4811594179568794e-15,1.7718512355116454e-14,0.011117760832739385,ok,16.34
2.5,0.9184360891594576,105.0,92,6,8,-75.9405536958704,-75.9330585333436,-76.13052652609213,-76.12228555789363,0.003824307822886565,3.0016397506587354e-16,1.7723482148292258e-15,0.003824307822886565,ok,10.21
2.5,0.8217302352684964,105.0,92,6,8,-75.91403858847276,-75.90661549088892,-76.1037991926016,-76.09566135071773,0.0032621730874932784,2.738864312451312e-16,2.1478054657928144e-15,0.0032621730874932784,ok,12.65
2.5,1.6101543756409509,105.0,92,6,8,-75.85051619830989,-75.84331475852926,-76.02471193637737,-76.01646248862838,0.004973667496494019,1.3241704223368483e-14,4.966660290626179e-14,0.004973667496494019,ok,8.52
2.0510782147427644,1.6101543756409509,105.0,92,6,8,-75.8626544045526,-75.83487610108793,-76.04129866200465,-76.01001075939314,0.012548489720321245,-4.290759375595849e-15,-4.069028376794932e-14,0.012548489720321245,ok,18.67
2.5,0.9730484681624365,105.0,92,6,8,-75.94372316711916,-75.93619728286191,-76.13354354904683,-76.12526085752143,-0.004097603807052571,-3.9701501473565705e-17,-1.7432719319340318e-15,0.004097603807052571,ok,12.81
2.5,1.7925140766422638,105.0,92,6,8,-75.83186002190094,-75.82504050810776,-76.00012781076721,-75.99220459401872,-0.004794398177387562,-8.442561885940133e-15,-2.9814388659021424e-14,0.004794398177387562,ok,9.16
2.5,1.3541907073778483,105.0,92,6,8,-75.88984167102703,-75.88233733500898,-76.0726438547905,-76.06419889542349,-0.005023817641902207,-3.4903159871857004e-16,-1.568615253404859e-15,0.005023817641902207,ok,10.61
2.5,1.4691596244932197,105.0,92,6,8,-75.87044151053288,-75.86304010160346,-76.04951515562894,-76.04112818843305,-0.005043722564225803,-4.72547950655263e-15,-1.679959822325906e-14,0.005043722564225803,ok,10.29
2.68,0.8217302352684964,105.0,92,6,8,-75.91219257118345,-75.90799663696527,-76.10132870964833,-76.09677645251718,0.0022829335479042628,4.764182321503929e-16,2.4178038088644833e-15,0.0022829335479042628,ok,8.78
2.68,0.7784650775728821,105.0,92,6,8,-75.88699261963419,-75.88282260771238,-76.07594220906778,-76.0714085040874,-0.0021114570333787097,2.6801189928672337e-15,1.1576088355676052e-14,0.0021114570333787097,ok,9.28
2.5,1.0990821169362144,105.0,92,6,8,-75.93394661476174,-75.92637947538272,-76.12260647354408,-76.11422591610825,-0.004581868605763924,-5.523793741798599e-16,-2.8228020365548193e-15,0.004581868605763924,ok,13.9
0.9730484681624365,0.8682146206261605,105.0,92,6,8,-76.06654525328392,-75.81173033242789,-76.30860541987704,-76.02123676053876,0.3473399128488996,1.1050117227908194e-15,6.067727293246598e-15,0.3473399128488996,ok,90.48
2.5,1.17311930899858,105.0,92,6,8,-75.92244760713149,-75.91487732850561,-76.10985392751115,-76.10144560180936,0.004777277885562167,4.382752497845774e-15,2.4141674275210737e-14,0.004777277885562167,ok,13.57
2.68,1.0990821169362144,105.0,92,6,8,-75.93199987950528,-75.92770693979261,-76.12006412173386,-76.11531323123593,0.003072267615248852,1.0011275585248987e-15,4.533016138295832e-15,0.003072267615248852,ok,7.34
1.7925140766422638,1.6101543756409509,105.0,92,6,8,-75.87970037923907,-75.8239132053256,-76.064249625701,-76.00210141767144,0.021501619571876913,-4.621761443860654e-13,9.460549958746714e-13,0.021501619571876913,ok,27.03
2.68,0.8682146206261605,105.0,92,6,8,-75.92908788194285,-75.92486712549811,-76.11839569074927,-76.11380815958034,0.0024549567152581764,4.08201129388004e-16,1.9192828617865808e-15,0.0024549567152581764,ok,10.7
2.68,1.3541907073778483,105.0,92,6,8,-75.88789794620527,-75.88363954127755,-76.07007327226711,-76.065264560477,-0.003325684827511986,-1.0448784934497956e-14,-3.225178958965715e-14,0.003325684827511986,ok,6.82
2.5,1.2571204432701741,105.0,92,6,8,-75.90748691273929,-75.89993360292397,-76.0930006141468,-76.08457031735341,0.004927983734423599,-3.584481676071844e-17,-9.045716750863757e-15,0.004927983734423599,ok,15.4
2.68,0.9184360891594576,105.0,92,6,8,-75.93866380184492,-75.93441992068423,-76.1280288048769,-76.12339963407531,0.002622340259976684,5.343119848388543e-16,2.0905280193206875e-15,0.002622340259976684,ok,11.05
2.68,0.9730484681624365,105.0,92,6,8,-75.94181221441363,-75.93754764880467,-76.13103654945519,-76.12637129581422,-0.0027831904925076814,5.618282819293579e-15,2.442581711954254e-14,0.0027831904925076814,ok,10.63
2.68,0.738001992915057,105.0,92,6,8,-75.85239606489236,-75.84825274781704,-76.04111100110275,-76.03659250483861,0.0019418198279067358,-6.463733272826078e-15,-2.6462478196029925e-14,0.0019418198279067358,ok,14.1
2.5,1.0328937646339662,105.0,92,6,8,-75.94127331284827,-75.93372244836556,-76.13069417666391,-76.12234628280957,0.004351448019684692,5.699845540308316e-15,2.7968031930734552e-14,0.004351448019684692,ok,18.4
2.68,1.4691596244932197,105.0,92,6,8,-75.86854062864633,-75.86434192199727,-76.04696140941515,-76.04216526997678,-0.0033306147929270825,-2.1550390499126838e-16,-1.0237843517636706e-15,0.0033306147929270825,ok,7.68
2.68,0.7,105.0,92,6,8,-75.80718663459066,-75.8030704738459,-75.99565711793882,-75.99115047662083,-0.001771167900810805,6.118839272377022e-15,2.4949546243285732e-14,0.001771167900810805,ok,15.71
2.5,0.7784650775728821,105.0,92,6,8,-75.88881674569576,-75.88143280803348,-76.07839919020635,-76.07030142925363,0.002971100336511478,3.918976015207441e-16,2.1046728165675674e-15,0.002971100336511478,ok,22.65
2.68,1.6101543756409509,105.0,92,6,8,-75.8487066038586,-75.84462241041149,-76.02221194869752,-76.0174998422434,0.0032752554809920903,3.478127041060935e-16,7.627742130689001e-15,0.0032752554809920903,ok,8.19
1.7925140766422638,1.4691596244932197,105.0,92,6,8,-75.90069163615304,-75.84289870591294,-76.08958417755825,-76.02558462401588,0.02128106444102506,-9.212932684610146e-15,-2.7924402078174187e-14,0.02128106444102506,ok,32.3
2.5,2.0510782147427644,105.0,92,6,8,-75.81703879478957,-75.81090452301655,-75.97916040182933,-75.97193966227785,-0.0045883562551405285,-1.8522281126242426e-14,-6.051722219934464e-14,0.0045883562551405285,ok,18.1
2.5,2.5,105.0,92,6,8,-75.80844786199725,-75.80398772242287,-75.96599833199883,-75.96080583809874,0.0045445843705717364,5.45600947120435e-15,4.707893214901594e-15,0.0045445843705717364,ok,18.09
2.68,1.0328937646339662,105.0,92,6,8,-75.93934289517752,-75.93506137412685,-76.12816897545802,-76.1234466219794,0.0029348609229445585,3.677221965157061e-16,2.7780996823044047e-15,0.0029348609229445585,ok,15.09
2.68,1.17311930899858,105.0,92,6,8,-75.92049009739193,-75.9161940692523,-76.10729426263305,-76.102515854106,-0.0031878926192185704,-1.057233028029131e-15,-4.8330804143619014e-15,0.0031878926192185704,ok,15.84
2.86,1.0990821169362144,105.0,92,6,8,-75.93088875160893,-75.9284754740452,-76.1185956641027,-76.11591510942036,-0.002010841016764981,-1.1756387699568555e-14,-5.038748443155114e-14,0.002010841016764981,ok,6.95
2.86,0.7784650775728821,105.0,92,6,8,-75.88596536276205,-75.88362969031992,-76.0745471916132,-76.07204893346072,0.0014446668951170745,-2.9272335686758514e-15,-1.138464134586556e-14,0.0014446668951170745,ok,10.12
2.68,1.2571204432701741,105.0,92,6,8,-75.90552822958313,-75.90124135768474,-76.09043385725343,-76.08563471137488,-0.003274094980249104,-1.0780130733094302e-15,-6.4433533475389404e-15,0.003274094980249104,ok,16.03
2.86,1.0328937646339662,105.0,92,6,8,-75.93824321193188,-75.93583710356484,-76.12670807039937,-76.12405727287289,0.0019310808773292376,8.809859620376256e-15,3.805869944635886e-14,0.0019310808773292376,ok,8.52
2.68,2.68,105.0,92,6,8,-75.80618147874023,-75.80342479012899,-75.9623400897108,-75.95918567547119,-0.0020613756395337886,-8.638242087672585e-14,-6.663486572205806e-14,0.0020613756395337886,ok,12.11
2.86,1.3541907073778483,105.0,92,6,8,-75.88678535751833,-75.88439166673852,-76.06859330049978,-76.06586221378329,0.002154484108001387,1.4828744237768045e-15,4.3065945377559625e-15,0.002154484108001387,ok,8.14
2.68,2.0510782147427644,105.0,92,6,8,-75.81569188890187,-75.8121927884908,-75.97707366460268,-75.97292832821759,-0.002959118512540818,7.730211950712496e-16,1.4042631261826387e-14,0.002959118512540818,ok,14.05
2.86,1.4691596244932197,105.0,92,6,8,-75.86745344800842,-75.86509394982619,-76.04547551469558,-76.0427558639295,-0.0021498617502951883,-1.249487431593247e-14,-4.46455998829984e-14,0.0021498617502951883,ok,8.6
2.86,0.8217302352684964,105.0,92,6,8,-75.91115043993067,-75.9087984102559,-76.09991384510893,-76.09741211819383,-0.0015486109937164693,-9.25666077850563e-15,-3.8871455774059936e-14,0.0015486109937164693,ok,12.3
3.4,3.2199999999999998,95.0,92,6,8,-75.80440134295493,-75.80402999276964,-75.95884869480082,-75.95830714591604,0.0004342555115228693,-3.059092320127974e-12,2.930946250415469e-11,0.00043425551152287027,ok,134.52
2.86,0.9184360891594576,105.0,92,6,8,-75.93759187544333,-75.93520959314202,-76.12658894610192,-76.12401716867413,0.001746304897387123,5.910010935667738e-15,2.5354082655684818e-14,0.001746304897387123,ok,12.77
2.86,0.8682146206261605,105.0,92,6,8,-75.92803077600189,-75.9256631172839,-76.11697912488667,-76.11444841589406,0.0016469674428476742,-8.51515481415844e-15,-3.54520779796156e-14,0.0016469674428476742,ok,14.08
2.86,1.6101543756409509,105.0,92,6,8,-75.84767420178734,-75.84537939556172,-76.02076474165099,-76.01808229315752,-0.002110161853832181,5.418158257123699e-16,1.49355013237881e-15,0.002110161853832181,ok,11.08
2.86,2.0510782147427644,105.0,92,6,8,-75.81493704982053,-75.81295972901499,-75.97587392259308,-75.97351478160378,-0.001886652948497894,-1.0189373147079283e-14,-3.901580757433257e-14,0.001886652948497894,ok,10.91
2.86,0.7,105.0,92,6,8,-75.80618834969617,-75.80388655486064,-75.99428235798602,-75.99176812418257,-0.0012470976624229231,-7.147129601792009e-15,-2.898554513670128e-14,0.0012470976624229231,ok,16.52
2.86,1.17311930899858,105.0,92,6,8,-75.91937118143309,-75.91695563181506,-76.1058233413988,-76.10311390905197,0.0020776932996272052,1.1694387679514157e-15,5.284831626417779e-15,0.0020776932996272052,ok,13.69
3.04,0.738001992915057,105.0,92,6,8,-75.85081898554363,-75.849529960006,-76.03897522345004,-76.03757763689848,-0.0009084005648777825,2.8017196424001493e-15,1.1240377760027665e-14,0.0009084005648777825,ok,10.34
2.86,1.2571204432701741,105.0,92,6,8,-75.90440736926524,-75.90199717977009,-76.08895602055344,-76.08623278045472,-0.0021282094516537997,-4.2824169409625614e-15,-1.9680455113073894e-14,0.0021282094516537997,ok,17.0
3.04,0.8682146206261605,105.0,92,6,8,-75.92743764306792,-75.92611892746406,-76.11618590420532,-76.11480441345631,0.0010880001592598113,6.991965377911959e-16,2.684851409134578e-15,0.0010880001592598113,ok,10.72
3.04,1.17311930899858,105.0,92,6,8,-75.91873832713452,-75.91739061432475,-76.10498725704943,-76.10345526073414,0.001341571528237283,4.078790459262635e-16,2.1562562731352448e-15,0.001341571528237283,ok,9.6
3.04,1.4691596244932197,105.0,92,6,8,-75.86683855422837,-75.86552311676844,-76.0446371064716,-76.04309700993765,-0.0013759216615061107,-8.61324560343135e-16,-3.184405881224204e-15,0.0013759216615061107,ok,9.63
3.04,0.7784650775728821,105.0,92,6,8,-75.8853913590078,-75.88409214293975,-76.07380084879692,-76.07242408571543,0.0009593174346897474,5.106515725050029e-16,1.8949336383249646e-15,0.0009593174346897474,ok,14.5
3.04,0.9730484681624365,105.0,92,6,8,-75.94011409302698,-75.93877853980446,-76.12877871289784,-76.12733830693243,-0.0012046479494265622,2.5213480730339016e-15,1.0489075209598835e-14,0.0012046479494265622,ok,12.47
2.86,2.86,105.0,92,6,8,-75.80454746561107,-75.80362169290387,-75.9599165241013,-75.95882361487384,-0.002802874795671693,2.8723651590573588e-15,2.364309304605536e-15,0.002802874795671693,ok,17.96
2.86,0.9730484681624365,105.0,92,6,8,-75.94072591520224,-75.93833051688065,-76.12958728107219,-76.12698411765155,0.0018421183859363695,-5.620181125387708e-15,-2.3585426508483978e-14,0.0018421183859363695,ok,23.34
3.04,0.8217302352684964,105.0,92,6,8,-75.91056686428573,-75.90925768993495,-76.09916005955557,-76.09776888902584,0.001027779148271677,7.986785287654948e-16,2.896683358705736e-15,0.001027779148271677,ok,16.48
3.04,1.7925140766422638,105.0,92,6,8,-75.82877545567608,-75.82756110425244,-75.99560550368861,-75.99415609430267,-0.0012910593067120499,-1.1045781756786979e-14,-4.1398848115866045e-14,0.0012910593067120499,ok,12.87
3.04,1.3541907073778483,105.0,92,6,8,-75.88615565674854,-75.88482071179786,-76.06774918874372,-76.066194044773,-0.0013824893566020797,-9.036402347971759e-17,4.229317032521502e-15,0.0013824893566020797,ok,13.66
3.04,1.2571204432701741,105.0,92,6,8,-75.90377304600256,-75.90242850830514,-76.08811124211677,-76.08656371223209,0.0013685744040434866,1.620416505042742e-15,6.563627389291626e-15,0.0013685744040434866,ok,14.52
3.04,0.7,105.0,92,6,8,-75.80563313511185,-75.8043545471121,-75.9935098996023,-75.99211323436943,-0.0008513656870214408,-7.412076875869807e-15,-2.9026080779788534e-14,0.0008513656870214408,ok,19.99
3.04,1.0990821169362144,105.0,92,6,8,-75.93026111117783,-75.92891466760433,-76.11776637586296,-76.11625545597731,-0.0013043906798525708,-3.3807331613354183e-16,-1.8211486510189624e-15,0.0013043906798525708,ok,16.91
3.04,0.9184360891594576,105.0,92,6,8,-75.93698925248746,-75.9356616681987,-76.12578707019921,-76.12437872348983,-0.0011440298082746542,5.2113521112428766e-15,2.22605045355297e-14,0.0011440298082746542,ok,17.86
2.68,2.5,105.0,92,6,8,-75.80706180971544,-75.80441187921987,-75.96389665539134,-75.96074469518629,-0.003271928102496199,-6.304435105109358e-14,-1.0120078340600484e-13,0.003271928102496199,ok,30.31
3.04,1.0328937646339662,105.0,92,6,8,-75.93762288214224,-75.93628075218245,-76.12588806646113,-76.12440851729318,0.0012582762809161888,5.975121216731759e-16,1.8854547986320653e-15,0.0012582762809161888,ok,18.38
3.04,1.6101543756409509,105.0,92,6,8,-75.84709161438283,-75.84581201619892,-76.01993566757272,-76.01842789644158,0.0013477014784013478,-4.262854409552192e-15,-1.666096441492507e-14,0.0013477014784013478,ok,16.97
3.04,2.0510782147427644,105.0,92,6,8,-75.81451636687868,-75.81340449031336,-75.97519679250503,-75.9738564454177,0.0011915690833316475,-9.076932295653251e-15,-3.518413701204599e-14,0.0011915690833316475,ok,18.65
3.04,3.04,105.0,92,6,8,-75.80386684273914,-75.80367660470556,-75.95880201811504,-75.95854162434652,0.0004483697199614505,1.1142373143421263e-13,8.529795219238846e-14,0.0004483697199614505,ok,17.87
3.2199999999999998,1.7925140766422638,105.0,92,6,8,-75.82848499741979,-75.82781196166384,-75.99516152136884,-75.99433906336252,0.0008345084134515897,-2.0524318480504038e-15,-5.6184264445188405e-15,0.0008345084134515897,ok,7.79
3.2199999999999998,1.6101543756409509,105.0,92,6,8,-75.8467658810079,-75.84605766671464,-76.01946158121808,-76.01859832981367,-0.0008711617096189088,4.1429394570875085e-16,1.5819510760181396e-15,0.0008711617096189088,ok,8.55
3.2199999999999998,0.8682146206261605,105.0,92,6,8,-75.92710693104296,-75.92637746498073,-76.11574913638403,-76.11499669518761,-0.0007239404810283566,-6.087210869367254e-15,-2.4471778230765566e-14,0.0007239404810283566,ok,13.1
3.2199999999999998,0.7,105.0,92,6,8,-75.80532584361978,-75.80462019105812,-75.99303404053198,-75.99231397113947,-0.0005797219037211737,6.172446410385192e-15,2.4306515668623833e-14,0.0005797219037211737,ok,18.08
3.2199999999999998,0.738001992915057,105.0,92,6,8,-75.85050586799238,-75.84979405600507,-76.03854389522556,-76.03777033965419,0.0006163206120668059,5.891932019859509e-16,2.465776734248265e-15,0.0006163206120668059,ok,18.89
2.86,2.5,105.0,92,6,8,-75.80466514936121,-75.8038412431842,-75.96087897986666,-75.96016392416558,0.003212737892790192,3.969153521199132e-15,6.597226802595853e-15,0.003212737892790192,ok,34.05
3.2199999999999998,3.2199999999999998,105.0,92,6,8,-75.80448104117899,-75.80374573044762,-75.95928710025169,-75.95844964449736,-4.3972384242976767e-07,9.684886257769557e-13,2.851172940298784e-13,4.397238424309266e-07,ok,9.56
3.2199999999999998,1.0990821169362144,105.0,92,6,8,-75.92990927848436,-75.9291637204932,-76.1173038779844,-76.11646368184073,0.0008558725952277111,9.38217103603073e-15,3.8049996734442207e-14,0.0008558725952277111,ok,18.55
3.2199999999999998,1.17311930899858,105.0,92,6,8,-75.91838334097751,-75.91763715899421,-76.10451268230847,-76.10366149146071,0.00087686107756149,9.685039333066668e-15,3.87094308779822e-14,0.00087686107756149,ok,18.52
2.86,2.68,105.0,92,6,8,-75.80408204806093,-75.80370236493435,-75.95967804063315,-75.95917909083941,-0.0006535794300979857,-3.6372342020835926e-14,-4.628628490852679e-14,0.0006535794300979857,ok,39.05
2.86,0.738001992915057,105.0,92,6,8,-75.85138350259611,-75.84906458335621,-76.03974084629724,-76.03722796289644,0.0013460920190396998,3.181541623505908e-16,1.7061341773560603e-15,0.0013460920190396998,ok,45.1
2.86,1.7925140766422638,105.0,92,6,8,-75.82929683787083,-75.82712121761517,-75.99639572804631,-75.99383324642862,0.0020208382832849264,8.374880054437614e-15,3.089607365409071e-14,0.0020208382832849264,ok,40.22
3.2199999999999998,1.4691596244932197,105.0,92,6,8,-75.86649410160102,-75.8657662923201,-76.04416243275773,-76.04329655150545,-0.0008912196130269766,3.720477263935375e-15,1.3474263955531489e-14,0.0008912196130269766,ok,19.31
3.04,2.5,105.0,92,6,8,-75.80472249671577,-75.80475066005256,-75.96074358840522,-75.96085505366972,-0.002540461638781544,-7.94660305768136e-15,-1.6412974157850834e-14,0.002540461638781544,ok,30.51
3.2199999999999998,2.0510782147427644,105.0,92,6,8,-75.81428324651131,-75.81364478944674,-75.9748101546454,-75.97405536069353,-0.0007286872909547412,-1.2458987885912953e-14,-5.000021609744101e-14,0.0007286872909547412,ok,17.83
3.2199999999999998,1.3541907073778483,105.0,92,6,8,-75.88580249756265,-75.88506372148007,-76.06726958757216,-76.06637387967962,-0.0008954863062272205,-2.091772627419856e-15,-8.808841590397454e-15,0.0008954863062272205,ok,21.05
3.4,0.8217302352684964,105.0,92,6,8,-75.91006226506362,-75.90966523085649,-76.09850619693238,-76.0980679334889,0.00047544372367747155,6.084992891234396e-16,2.2392090089582304e-15,0.00047544372367747155,ok,16.96
3.2199999999999998,1.2571204432701741,105.0,92,6,8,-75.90341714590596,-75.9026728804935,-76.08763015149137,-76.08673803665685,0.000892195315414374,9.509205314049316e-15,3.835723232436558e-14,0.000892195315414374,ok,26.95
3.4,0.738001992915057,105.0,92,6,8,-75.85033314334606,-75.84994300181563,-76.03829428377533,-76.03787788052463,-0.00042589396713521013,2.859096770207081e-15,1.1109296491750135e-14,0.00042589396713521013,ok,18.71
3.2199999999999998,1.0328937646339662,105.0,92,6,8,-75.93727549523116,-75.93653241494171,-76.12542169971228,-76.1246047750119,0.0008288389479008439,7.478536039884934e-16,2.713306684498426e-15,0.0008288389479008439,ok,29.65
3.4,0.7784650775728821,105.0,92,6,8,-75.88489615618809,-75.88450252432712,-76.0731303792426,-76.07270989302295,-0.0004519275609305667,-6.288222762122381e-15,-2.4780990457959843e-14,0.0004519275609305667,ok,19.0
3.4,1.2571204432701741,105.0,92,6,8,-75.90321922958306,-75.90281101285562,-76.08735997243159,-76.08685735655158,0.0005991361491849695,7.273796177807906e-16,2.9323189729584884e-15,0.0005991361491849695,ok,14.9
3.4,3.4,105.0,92,6,8,-75.80431594260523,-75.80409062450909,-75.95895761844157,-75.95862871624175,0.00046155276059152146,1.3195571958145428e-16,1.1845443069626268e-16,0.00046155276059152146,ok,9.74
3.4,1.4691596244932197,105.0,92,6,8,-75.86630300326858,-75.86590396865587,-76.04388753634447,-76.04338949186223,0.0005951117362422995,4.686551799468141e-15,1.7015540272666185e-14,0.0005951117362422995,ok,20.8
3.4,1.6101543756409509,105.0,92,6,8,-75.84658560235006,-75.8461971124693,-76.0191794256928,-76.01870533387763,0.0005827793992243722,4.798077700963472e-15,1.8316082473308777e-14,0.0005827793992243722,ok,20.69
3.4,0.9730484681624365,105.0,92,6,8,-75.93958194869055,-75.93917626409801,-76.12807829688037,-76.12764928160401,-0.0005435548094594057,5.325872763925623e-15,2.074273378213119e-14,0.0005435548094594057,ok,27.19
3.4,2.0510782147427644,105.0,92,6,8,-75.81415570265767,-75.81380056558321,-75.97459616782541,-75.97416573861143,0.0004847236592364782,3.1335405674402e-16,6.697708452606358e-16,0.0004847236592364782,ok,23.0
3.2199999999999998,2.86,105.0,92,6,8,-75.8049076582216,-75.80435995679649,-75.95998051207316,-75.95926523617962,-0.0007514979185742585,9.231140804502345e-13,-5.9945539196942264e-12,0.0007514979185742585,ok,42.82
0.7784650775728821,0.738001992915057,115.0,92,6,8,-75.94488173719452,-75.65711202764359,-76.18628605504871,-75.86056905774588,-0.4035436500315118,1.4843937745382471e-15,-1.3002123969556132e-15,0.4035436500315118,ok,18.44
3.2199999999999998,2.5,105.0,92,6,8,-75.80479383629735,-75.80140556804625,-75.96066328079036,-75.95681066272827,0.0028798661282854686,-6.0487459736728625e-15,9.98606975246135e-16,0.0028798661282854686,ok,44.99
3.04,2.86,105.0,92,6,8,-75.80304326140421,-75.80379184877266,-75.95806617051322,-75.95893418332597,0.0008667447696665326,3.6250246624058626e-14,3.592664726702884e-14,0.0008667447696665326,ok,56.84
3.4,1.7925140766422638,105.0,92,6,8,-75.82832490489866,-75.82795499340602,-75.99490434155467,-75.99443966976258,-0.0005619758163447888,1.0732685057192717e-14,3.9265323135351097e-14,0.0005619758163447888,ok,29.13
0.738001992915057,0.738001992915057,115.0,92,6,8,-75.91304951203756,-75.62137828885483,-76.15367684632392,-75.82387009745699,0.4077070318910256,4.1192542020443213e-16,-8.538570571213485e-16,0.4077070318910256,ok,23.83
1.0328937646339662,0.8217302352684964,105.0,92,6,8,-76.04902060393871,-75.79924933011443,-76.28856455129042,-76.00852003702376,-0.3211199016181969,1.0304662073376397e-15,-6.371736575476102e-15,0.3211199016181969,ok,164.14
3.4,2.68,105.0,92,6,8,-75.80405262761997,-75.80257314546009,-75.95924025775895,-75.95753160025367,-0.0032954918292513956,1.3180129756726086e-13,-3.111708021002177e-14,0.0032954918292513956,ok,35.67
3.4,2.86,105.0,92,6,8,-75.80482511269847,-75.80450337186114,-75.959819335355,-75.9593707711669,-0.0004842089501977493,2.8250913543632784e-13,-3.212279197700555e-12,0.0004842089501977493,ok,35.44
0.7,0.7,115.0,92,6,8,-75.82682242376418,-75.5279251828884,-76.0662795583168,-75.72907307713984,0.4132348163514168,3.4223484623461066e-16,-1.4504571381166853e-15,0.4132348163514168,ok,30.56
0.8217302352684964,0.7784650775728821,115.0,92,6,8,-76.00045646754111,-75.72085634604302,-76.24293604800498,-75.9259316960338,-0.3934478802211369,7.829885115201326e-16,-1.9973746635248896e-15,0.3934478802211369,ok,22.78
0.7784650775728821,0.7784650775728821,115.0,92,6,8,-75.97805709968044,-75.69418615112441,-76.21975593607912,-75.89813790178556,0.39990216041355353,-1.0767650469962958e-15,1.4617825595195602e-15,0.39990216041355353,ok,29.41
3.4,2.5,105.0,92,6,8,-75.8047850678465,-75.80156524755209,-75.96059924272286,-75.95691248164374,0.002689968574321217,-9.521499477936871e-16,2.2826362997927625e-16,0.002689968574321217,ok,41.59
0.8682146206261605,0.8217302352684964,115.0,92,6,8,-76.0384430445011,-75.7677305185405,-76.28179654752063,-75.9746440117187,-0.378477410479763,-5.976578095801958e-16,-3.703824129284532e-15,0.378477410479763,ok,23.72
0.8217302352684964,0.8217302352684964,115.0,92,6,8,-76.0242759145705,-75.74889557860485,-76.26689531169657,-75.95449471462425,0.38896205084119884,-1.9591484471927144e-15,2.3983057984009443e-15,0.38896205084119884,ok,29.26
0.9184360891594576,0.8217302352684964,115.0,92,6,8,-76.04567421224695,-75.78018860443561,-76.28950037798889,-75.98864098380099,0.3577305723371745,-1.3245867807178684e-15,2.8763353350449215e-15,0.3577305723371745,ok,20.3
0.8217302352684964,0.7,115.0,92,6,8,-75.92714256260345,-75.64057732517101,-76.16758675210411,-75.84337584369241,-0.39717904903962914,6.433775722566662e-16,-1.4170747840078125e-15,0.39717904903962914,ok,37.14
3.2199999999999998,2.68,105.0,92,6,8,-75.80451803615976,-75.80248845816253,-75.95988704207642,-75.957534289463,0.004045328390166997,9.634370419369826e-14,-2.0330085858711857e-14,0.004045328390166997,ok,67.12
3.04,2.68,105.0,92,6,8,-75.80403034861934,-75.80231314556575,-75.9594027961724,-75.95739597454809,-0.0027628214678203887,4.455169226585193e-15,-1.0190087894657532e-15,0.0027628214678203887,ok,80.33
0.8682146206261605,0.7784650775728821,115.0,92,6,8,-76.01459552336075,-75.73980915776184,-76.25779014557271,-75.9461860445623,-0.381135116918949,4.1341658194528854e-16,-3.3399158038143358e-15,0.381135116918949,ok,31.2
0.9184360891594576,0.8682146206261605,115.0,92,6,8,-76.06120780713029,-75.80011005982784,-76.30503517542843,-76.00921673336379,-0.3552835465081159,-3.2417193471457074e-16,-4.42086180279183e-15,0.3552835465081159,ok,23.57
0.7784650775728821,0.7,115.0,92,6,8,-75.90108616365097,-75.60975905910749,-76.1421087815395,-75.81274510514565,-0.40563731219127286,4.844044354808762e-11,2.8457286123347488e-11,0.40563731219127286,ok,43.16
0.738001992915057,0.7,115.0,92,6,8,-75.86932694996446,-75.57401406096045,-76.10954600399705,-75.77601959510571,0.41049235524131256,1.8012592546430978e-15,2.414262391506898e-15,0.41049235524131256,ok,44.3
0.8682146206261605,0.7,115.0,92,6,8,-75.94249205012265,-75.66111815392321,-76.18284081839697,-75.86454081302017,-0.38584407497826156,1.163594260064937e-16,-2.155937933504743e-15,0.38584407497826156,ok,33.13
0.8682146206261605,0.8682146206261605,115.0,92,6,8,-76.05398070518532,-75.78788544124001,-76.297290988175,-75.99544455378165,0.3732270568857459,-1.9497815514579952e-15,2.795444988580031e-15,0.3732270568857459,ok,31.85
0.8217302352684964,0.738001992915057,115.0,92,6,8,-75.96722716918208,-75.68383479841292,-76.2094142750813,-75.8884088047225,-0.3959661764838799,-1.0852490790934933e-16,-1.5400298942595506e-15,0.3959661764838799,ok,37.78
0.9184360891594576,0.9184360891594576,115.0,92,6,8,-76.0694450591287,-75.81344256881253,-76.3130368808183,-76.02340971136566,0.3492493016671555,5.820042114850631e-16,-5.074634340471074e-15,0.3492493016671555,ok,26.41
0.8682146206261605,0.738001992915057,115.0,92,6,8,-75.98528415783397,-75.70713524011859,-76.22626544986646,-75.9113076662938,-0.38604131679481113,-1.2798349869959435e-15,-3.799820615149115e-15,0.38604131679481113,ok,34.73
0.9184360891594576,0.7,115.0,92,6,8,-75.95056497285123,-75.67531562454552,-76.19045918516024,-75.87949138956297,-0.36878323444691463,7.775488360758497e-16,-2.5567898578990973e-15,0.36878323444691463,ok,32.52
0.9730484681624365,0.7,115.0,92,6,8,-75.95230122822598,-75.68462760652557,-76.19124207328629,-75.88976532952915,-0.3428270902692641,-1.4278251826489573e-15,-6.024024086021177e-15,0.3428270902692641,ok,26.89
3.4,3.04,105.0,92,6,8,-75.80455048844496,-75.80413647159658,-75.95934626126127,-75.95877996734053,0.0004464810921942604,-8.613505675610919e-14,5.902800730342392e-13,0.0004464810921942604,ok,56.58
0.9730484681624365,0.9184360891594576,115.0,92,6,8,-76.07125088833928,-75.82042899997725,-76.31467753629734,-76.03197029527622,-0.31920764245863414,4.019996379230932e-16,-5.195638308206058e-15,0.31920764245863414,ok,23.33
3.2199999999999998,3.04,105.0,92,6,8,-75.80463120525332,-75.8040449725551,-75.95951727596291,-75.95874084237565,0.0007314797086301092,-1.1024837001601695e-11,3.7335211870477526e-11,0.0007314797086301102,ok,76.82
0.9184360891594576,0.738001992915057,115.0,92,6,8,-75.99342287789707,-75.72125122996518,-76.23394489230833,-75.92616693751118,-0.37015052704407464,-7.506534310304423e-17,-3.2786962385029638e-15,0.37015052704407464,ok,39.94
0.9730484681624365,0.9730484681624365,115.0,92,6,8,-76.07322179022134,-75.82788997812648,-76.31634839504726,-76.04089107360494,0.3105987642855488,2.357630712418386e-15,-7.572450249822789e-15,0.3105987642855488,ok,25.65
1.0328937646339662,0.8682146206261605,115.0,92,6,8,-76.06076677202364,-75.81256209938928,-76.30160628795532,-76.02292942755426,0.2683126272965579,-1.279954877296549e-16,8.198640802815124e-15,0.2683126272965579,ok,17.26
1.0990821169362144,1.0328937646339662,115.0,92,6,8,-76.06177031186297,-75.83690981630255,-76.29784976646285,-76.04955949112112,-0.21031130889659605,6.824220306214117e-15,-5.4111673650944685e-14,0.21031130889659605,ok,11.07
1.0328937646339662,0.9184360891594576,115.0,92,6,8,-76.06899827297526,-75.82486655472323,-76.31001684871022,-76.03637889970459,-0.27053755002113367,7.544056057235625e-16,-8.299576670532572e-15,0.27053755002113367,ok,15.81
0.9730484681624365,0.738001992915057,115.0,92,6,8,-75.99522712196116,-75.7304347845993,-76.23479627457154,-75.93631792383633,-0.34558515160688674,-4.179827098021616e-16,-8.426588749288898e-15,0.34558515160688674,ok,34.19
0.9730484681624365,0.7784650775728821,115.0,92,6,8,-76.02735594795492,-75.7657457076477,-76.26770035878386,-75.97254358478789,-0.3477670188826405,8.81722920447897e-16,-7.190646239109893e-15,0.3477670188826405,ok,33.18
1.0328937646339662,1.0328937646339662,115.0,92,6,8,-76.06782554712662,-75.83433506210835,-76.30861988415373,-76.05029415248198,0.2561404188163594,1.340687791102933e-15,2.751473873398131e-15,0.2561404188163594,ok,16.56
0.9730484681624365,0.8682146206261605,115.0,92,6,8,-76.06301020940346,-75.80755057432175,-76.30652413103158,-76.01811639786462,-0.32156289405663874,-5.434350560443707e-16,-6.309303000547696e-15,0.32156289405663874,ok,32.05
1.0328937646339662,0.7,115.0,92,6,8,-75.94853546553992,-75.69087769895286,-76.1859044820309,-75.89721084987012,-0.3039429800742696,-2.188381695694636e-15,-1.391605461398189e-14,0.3039429800742696,ok,27.75
1.0990821169362144,1.0990821169362144,115.0,92,6,8,-76.05400179177389,-75.83642508189344,-76.28909525952892,-76.05165014431593,-0.20014533488184466,1.538471632882263e-14,-3.2667459232711194e-14,0.20014533488184466,ok,17.05
1.0990821169362144,0.9730484681624365,115.0,92,6,8,-76.0655272851738,-75.83553164147372,-76.30156878692065,-76.04601549490364,0.20757507443633688,1.125427305853936e-15,2.3961380774742425e-14,0.20757507443633688,ok,20.95
1.0328937646339662,0.738001992915057,115.0,92,6,8,-75.99154226281522,-75.73648920039358,-76.2295597873455,-75.94358246396791,-0.3081312998672867,6.256165804578043e-16,-8.838534793345664e-15,0.3081312998672867,ok,32.61
1.17311930899858,0.738001992915057,115.0,92,6,8,-75.97290595217656,-75.74710735023874,-76.20169403528581,-75.95186829780549,-0.12138533065923994,-1.7396057794816104e-13,-2.5519882846495176e-12,0.12138533065923994,ok,18.91
1.17311930899858,1.17311930899858,115.0,92,6,8,-76.03264789755717,-75.8364010175917,-76.26046052580944,-76.04832394512844,0.14505103835340338,3.1903866472726286e-14,-3.5756720843566895e-14,0.14505103835340338,ok,9.89
1.17311930899858,1.0990821169362144,115.0,92,6,8,-76.04462352400071,-75.83942836501066,-76.27385609616107,-76.04927161841225,0.15158649483669112,4.390147492208815e-15,-8.447147077770916e-15,0.15158649483669112,ok,10.32
1.0328937646339662,0.9730484681624365,115.0,92,6,8,-76.07090024788596,-75.83158984754799,-76.31197978803165,-76.04480515547492,-0.2696344144074486,1.6117349129333073e-15,-1.1186581192419647e-14,0.2696344144074486,ok,25.68
1.0328937646339662,0.8217302352684964,115.0,92,6,8,-76.04519251098718,-75.79345072853134,-76.28578607127059,-76.00302700917315,0.26521232257042,4.115706413370936e-15,1.42285273982075e-14,0.26521232257042,ok,30.07
1.0990821169362144,0.8682146206261605,115.0,92,6,8,-76.05549673548626,-75.81810226897863,-76.29111472634678,-76.02643919069709,0.19832497133335913,3.8488917526552835e-15,3.495384874037916e-14,0.19832497133335913,ok,24.62
1.0990821169362144,0.9184360891594576,115.0,92,6,8,-76.06375349799836,-75.82972717650338,-76.29961414297524,-76.03894908907102,-0.20304170396515553,-2.3078401210717977e-15,-2.174544018912942e-14,0.20304170396515553,ok,24.86
1.17311930899858,0.7784650775728821,115.0,92,6,8,-76.0065707906574,-75.7826556145042,-76.23563076595147,-75.98769568542363,0.1255063021355188,-3.017328912636785e-14,-6.755034173721763e-13,0.1255063021355188,ok,19.09
1.17311930899858,1.0328937646339662,115.0,92,6,8,-76.05327227576859,-75.84283731835372,-76.28279086257707,-76.05078639927557,-0.14739523842218782,-2.585739389250693e-15,8.127065182590726e-14,0.14739523842218782,ok,12.87
1.0990821169362144,0.738001992915057,115.0,92,6,8,-75.98234042600379,-75.73696304174035,-76.21694846967925,-75.9437184437431,-0.18468638265657902,-9.409515096722032e-16,-2.3359500251816473e-14,0.18468638265657902,ok,26.46
1.0990821169362144,0.8217302352684964,115.0,92,6,8,-76.03984476584833,-75.79951450914501,-76.27516303123458,-76.00718484033162,-0.1936870943994328,-2.363322952116069e-15,-5.000033486055034e-14,0.1936870943994328,ok,26.33
1.0990821169362144,0.7784650775728821,115.0,92,6,8,-76.01581807777859,-75.77285536590907,-76.25080207147332,-75.98001537939454,0.18916157900989605,5.625291305305904e-15,3.373009520865391e-14,0.18916157900989605,ok,27.4
1.2571204432701741,1.2571204432701741,115.0,92,6,8,-76.00443073324946,-75.83540238879735,-76.22402417335073,-76.0419751740591,0.09960775463514024,-1.2356425286641788e-14,-9.85482572493942e-15,0.09960775463514024,ok,4.44
1.0990821169362144,0.7,115.0,92,6,8,-75.93821161685318,-75.69058134058895,-76.17246702930271,-75.89702150488513,-0.18022607357381557,-2.9459258369346736e-15,-2.3113787967974814e-14,0.18022607357381557,ok,29.45
1.17311930899858,0.7,115.0,92,6,8,-75.92860200969413,-75.70102364822307,-76.15711158047266,-75.90558158445195,-0.11724041076504169,-4.088018182948785e-15,-2.2412229235811824e-13,0.11724041076504169,ok,27.04
1.2571204432701741,0.7,115.0,92,6,8,-75.91471254060907,-75.71486495251521,-76.13750243637537,-75.91721491126535,0.07012105118469816,-2.103880733037018e-15,-3.275161239220111e-14,0.07012105118469816,ok,16.36
1.17311930899858,0.9184360891594576,115.0,92,6,8,-76.05510986068262,-75.83798116337118,-76.2847305077155,-76.04431735118501,0.13819564408487575,-5.421154729844228e-15,-1.6619064763984057e-13,0.13819564408487575,ok,19.54
1.17311930899858,0.8682146206261605,115.0,92,6,8,-76.04665214727915,-75.82699808401611,-76.27615995551653,-76.03283174164653,-0.13385319807110416,1.5221990203861176e-14,2.6210666629669083e-13,0.13385319807110416,ok,22.61
1.17311930899858,0.8217302352684964,115.0,92,6,8,-76.03079485960114,-75.80890850895557,-76.26010748653141,-76.0143014937347,-0.12964284892821856,7.515453591435486e-15,2.1447385928922717e-13,0.12964284892821856,ok,23.1
1.2571204432701741,0.8682146206261605,115.0,92,6,8,-76.03368037251428,-75.8396637392162,-76.25706444160559,-76.0429193745685,0.084933399160809,-6.958925444265538e-16,-3.261680257883136e-14,0.084933399160809,ok,16.24
1.17311930899858,0.9730484681624365,115.0,92,6,8,-76.05704702927149,-75.84288656974182,-76.28666070185811,-76.0498530783637,-0.14270265292337653,1.779343886292781e-15,6.572716228244488e-14,0.14270265292337653,ok,20.29
1.3541907073778483,0.9184360891594576,115.0,92,6,8,-76.02601516522927,-75.86509079555462,-76.24336672849901,-76.06587504586564,-0.05363965923345422,5.237109164231548e-16,2.1567414912112617e-14,0.05363965923345422,ok,7.57
0.9184360891594576,0.7784650775728821,115.0,92,6,8,-76.02183747987286,-75.75244294317771,-76.26560483927894,-75.96048016390436,-0.358068027303264,-4.420558534680533e-16,-3.857149936162218e-15,0.358068027303264,ok,58.93
1.2571204432701741,0.7784650775728821,115.0,92,6,8,-75.99311765186624,-75.7959898960179,-76.21627510095539,-75.99869756029895,0.0775381065927673,-1.6978207879241527e-15,-3.616611539921841e-14,0.0775381065927673,ok,18.87
1.2571204432701741,0.738001992915057,115.0,92,6,8,-75.95923076054366,-75.76070835184453,-76.1822081058642,-75.96319350719182,0.0738387970209851,-1.6270011017079312e-15,-3.18762002163166e-14,0.0738387970209851,ok,19.37
1.3541907073778483,1.17311930899858,115.0,92,6,8,-76.00479723793529,-75.85163289022337,-76.21967772086487,-76.05192543358699,-0.06637190695647738,-5.293470485503067e-16,-1.8709754684156517e-14,0.06637190695647738,ok,6.71
1.2571204432701741,0.9184360891594576,115.0,92,6,8,-76.04240576327904,-75.85018758280171,-76.26577435432473,-76.05370598457648,-0.08864200405008493,6.693437962882505e-16,3.3962975647383885e-14,0.08864200405008493,ok,16.11
1.2571204432701741,1.17311930899858,115.0,92,6,8,-76.01992478517836,-75.84064191592624,-76.2415258600775,-76.0462041737354,0.10392633985632248,5.038520695090123e-15,-1.8252419754130014e-14,0.10392633985632248,ok,12.4
0.9730484681624365,0.8217302352684964,115.0,92,6,8,-76.04749172486963,-75.78797021773119,-76.29120544809494,-75.9981531151704,-0.3215716096012037,-4.4379160659970003e-16,-5.071711167952007e-15,0.3215716096012037,ok,52.42
1.2571204432701741,0.8217302352684964,115.0,92,6,8,-76.01757592024045,-75.82193669557778,-76.2408837495986,-76.02491964813794,0.08122352447681201,-5.702433700442351e-16,-3.1604603229504367e-14,0.08122352447681201,ok,20.55
1.3541907073778483,1.0990821169362144,115.0,92,6,8,-76.01721790427372,-75.86127294480264,-76.23316603107419,-76.06181387621356,0.06328516507866688,-2.6898440467826725e-16,-1.5976350842358845e-14,0.06328516507866688,ok,9.62
1.3541907073778483,0.8682146206261605,115.0,92,6,8,-76.01701635288428,-75.85487234280308,-76.23445656455652,-76.05551531207364,0.05033071308151201,-3.9292682678913055e-16,-2.0136100137443884e-14,0.05033071308151201,ok,11.11
1.2571204432701741,0.9730484681624365,115.0,92,6,8,-76.04462316935025,-75.85447234068994,-76.26785455108481,-76.05824258180166,-0.09241037380506453,5.170805135448845e-16,3.1689179178268123e-14,0.09241037380506453,ok,15.21
1.3541907073778483,0.738001992915057,115.0,92,6,8,-75.9418378958936,-75.77659028399096,-76.15907069684904,-75.97663514130271,0.04028233782052648,-7.138721937872182e-17,-2.608956154115305e-14,0.04028233782052648,ok,13.12
1.3541907073778483,1.2571204432701741,115.0,92,6,8,-75.98880889436055,-75.84038333651552,-76.20220713447745,-76.0406779597569,-0.06918411018021242,-8.589851047993847e-15,3.878691574748073e-14,0.06918411018021242,ok,9.21
1.2571204432701741,1.0328937646339662,115.0,92,6,8,-76.04112703848125,-75.85346848395238,-76.26403895801508,-76.05749820364758,-0.09624034781156891,1.746418947315796e-16,2.3010699762285584e-14,0.09624034781156891,ok,17.15
1.4691596244932197,0.9730484681624365,115.0,92,6,8,-76.0097288570193,-75.88480366055549,-76.22082514061634,-76.08282840809079,-0.03291003292793053,9.703632587445869e-16,3.430097986057819e-14,0.03291003292793053,ok,7.0
1.3541907073778483,0.8217302352684964,115.0,92,6,8,-76.00065455298555,-75.83740097655279,-76.21807902248976,-76.03785384228765,-0.046999102318673824,5.693913822145489e-17,3.3533146066919946e-14,0.046999102318673824,ok,14.74
1.2571204432701741,1.0990821169362144,115.0,92,6,8,-76.03264520414987,-75.8482707752882,-76.25502914746623,-76.05272663442564,0.10018905789340943,5.855691742138988e-16,-3.545834894969183e-14,0.10018905789340943,ok,17.76
1.3541907073778483,1.0328937646339662,115.0,92,6,8,-76.02535722706446,-75.86741152626368,-76.2420235348015,-76.06816781118555,0.060126073578883776,-3.335375527682707e-17,-2.4618667567454398e-14,0.060126073578883776,ok,14.43
1.3541907073778483,0.7784650775728821,115.0,92,6,8,-75.97595585261331,-75.81167388168831,-76.19328849406497,-76.01190872633899,0.04364534050222346,1.000286194332784e-16,-1.808880626756294e-14,0.04364534050222346,ok,16.21
1.4691596244932197,1.0328937646339662,115.0,92,6,8,-76.00686619505632,-75.88289206465936,-76.21746545068322,-76.08070273046232,0.03575001727802237,-1.1598782765213884e-15,-3.655443943586321e-14,0.03575001727802237,ok,8.17
1.3541907073778483,0.7,115.0,92,6,8,-75.8970987148509,-75.73092516581877,-76.11421079347214,-75.93082373191686,-0.036898644070651083,5.512415934448897e-16,2.8043326193186823e-14,0.036898644070651083,ok,19.05
1.4691596244932197,1.0990821169362144,115.0,92,6,8,-75.99906701119517,-75.87624164392463,-76.20883332729618,-76.07353740651644,-0.038445386848354274,-2.8110816337046734e-15,2.8726932916880826e-15,0.038445386848354274,ok,8.87
1.4691596244932197,0.9184360891594576,115.0,92,6,8,-76.00692840521047,-75.88117484886688,-76.2183039296612,-76.07924222454865,-0.029988452681195474,1.0400528627970904e-16,1.7978682289700048e-14,0.029988452681195474,ok,11.07
1.4691596244932197,0.7,115.0,92,6,8,-75.87682452726851,-75.74786606914482,-76.08809657375552,-75.94519285073143,0.014889739312023427,-5.552116280067736e-16,-2.3656200474121437e-14,0.014889739312023427,ok,13.61
1.4691596244932197,1.2571204432701741,115.0,92,6,8,-75.97139904992582,-75.852295913268,-76.17829904979699,-76.04765843430282,-0.04329555732013598,8.788360629401144e-16,-6.181642424223125e-14,0.04329555732013598,ok,9.62
1.4691596244932197,0.738001992915057,115.0,92,6,8,-75.92178299870699,-75.79338905249003,-76.13315514772162,-75.99087832991867,0.01792797779432595,-7.020175092125484e-16,-2.5522646161047826e-14,0.01792797779432595,ok,13.95
1.4691596244932197,0.8682146206261605,115.0,92,6,8,-75.9976659729122,-75.8711695247125,-76.20917074342198,-76.06916912930056,0.02701884992608846,-8.334417742349603e-16,-1.638374594219262e-14,0.02701884992608846,ok,12.74
1.6101543756409509,1.0990821169362144,115.0,92,6,8,-75.9794941114069,-75.89150512978942,-76.18315118655488,-76.08584701688264,-0.022454307951580876,-3.8671305755070215e-15,2.0282890020589727e-14,0.022454307951580876,ok,4.94
1.4691596244932197,1.4691596244932197,115.0,92,6,8,-75.93314589070458,-75.82886798671927,-76.13416253097742,-76.02085631051628,-0.043183121655454626,-3.7289059192442804e-14,3.3018201921265064e-14,0.043183121655454626,ok,9.56
1.3541907073778483,0.9730484681624365,115.0,92,6,8,-76.02853091723252,-75.86897924580299,-76.24564810157906,-76.06982025078685,-0.05690846850333048,7.48797660751734e-16,2.3222756456105186e-14,0.05690846850333048,ok,20.61
1.4691596244932197,0.7784650775728821,115.0,92,6,8,-75.95612448658758,-75.82832165948582,-76.1675672932748,-76.0259869663178,-0.020964650857578367,2.1175016013942023e-16,2.4263502067486574e-14,0.020964650857578367,ok,14.97
1.4691596244932197,0.8217302352684964,115.0,92,6,8,-75.9810567968145,-75.8538833781237,-76.19256072074685,-76.05172449726956,0.02399834671100963,-4.0436317957886576e-16,-1.8544145997578627e-14,0.02399834671100963,ok,15.94
1.6101543756409509,0.9730484681624365,115.0,92,6,8,-75.9895978038678,-75.90058969583171,-76.19459033251474,-76.09593069340762,0.017681350731423226,-1.4810756454747207e-15,-3.315577971581049e-14,0.017681350731423226,ok,9.93
1.6101543756409509,0.8682146206261605,115.0,92,6,8,-75.9770584132782,-75.88729794293795,-76.18244037595453,-76.0827042232342,-0.01257738199369604,6.6019969272637075e-15,6.275774556487722e-14,0.01257738199369604,ok,11.11
1.6101543756409509,0.9184360891594576,115.0,92,6,8,-75.98655068680323,-75.89714390939201,-76.1918217860944,-76.09258903633376,0.01515424693854419,6.95429295845311e-15,-3.381491091987054e-17,0.01515424693854419,ok,11.05
1.6101543756409509,1.0328937646339662,115.0,92,6,8,-75.98700134066668,-75.8984555343574,-76.19148329393347,-76.09347150790634,-0.020128245455445958,5.964748772280205e-15,8.00970630184449e-14,0.020128245455445958,ok,9.38
1.6101543756409509,1.6101543756409509,115.0,92,6,8,-75.89407249221958,-75.82265670556977,-76.08440009369015,-76.00576735746561,-0.028273060304435202,-9.516422691303638e-14,1.690745579099433e-13,0.028273060304435202,ok,8.24
1.6101543756409509,0.8217302352684964,115.0,92,6,8,-75.96023441887793,-75.87015456839445,-76.16560187210582,-76.065437104666,-0.00997921517126257,4.922772487835174e-15,6.192318724029711e-14,0.00997921517126257,ok,13.76
1.0328937646339662,0.7784650775728821,115.0,92,6,8,-76.02125081696722,-75.76638904152068,-76.26165320918854,-75.97549471859217,0.2623514143572439,6.201975169849694e-16,1.1162737171471002e-14,0.2623514143572439,ok,59.47
1.7925140766422638,0.8682146206261605,115.0,92,6,8,-75.95717017898059,-75.90218011041966,-76.15639784641444,-76.09513121374206,-0.0053156379066203775,-1.9707611538534695e-15,-3.312818146401932e-14,0.0053156379066203775,ok,7.14
1.6101543756409509,0.7,115.0,92,6,8,-75.85541041621198,-75.7645102602825,-76.06049955516745,-75.95927743711384,-0.002197252835779269,-6.487035176733903e-15,-6.238193101046115e-14,0.002197252835779269,ok,15.31
1.4691596244932197,1.17311930899858,115.0,92,6,8,-75.9870177330449,-75.86568745672683,-76.19558769241401,-76.06219348010447,0.040974681454730044,-5.852393192563811e-15,-9.800379694090215e-14,0.040974681454730044,ok,17.23
1.6101543756409509,1.4691596244932197,115.0,92,6,8,-75.91444246841142,-75.83328783658413,-76.10931716434605,-76.0199457767458,0.029518719921886004,-3.8293103873073236e-14,6.708557691310325e-14,0.029518719921886004,ok,11.03
1.6101543756409509,0.7784650775728821,115.0,92,6,8,-75.93509749068217,-75.8447254602054,-76.14037997417746,-76.03983582081105,-0.00737385295780961,-1.9623069519631008e-15,1.3632737607557518e-14,0.00737385295780961,ok,16.29
1.6101543756409509,0.738001992915057,115.0,92,6,8,-75.90055996705846,-75.80991653301068,-76.10574756372853,-76.00485595729126,-0.004775654204291789,-7.376291324616587e-15,-5.1469501158675347e-14,0.004775654204291789,ok,16.45
1.7925140766422638,0.9184360891594576,115.0,92,6,8,-75.96681476604005,-75.9119023855736,-76.16596582035316,-76.10486678458476,-0.007279197319083955,5.9907457374085664e-15,1.8221716056741996e-14,0.007279197319083955,ok,8.27
1.7925140766422638,0.8217302352684964,115.0,92,6,8,-75.94020352072235,-75.88515156097851,-76.13933683663967,-76.0779800151367,-0.0033436527745209325,-1.0251182132896694e-15,-2.984801239061212e-14,0.0033436527745209325,ok,9.74
1.7925140766422638,1.4691596244932197,115.0,92,6,8,-75.89630569215348,-75.8441909920407,-76.0849123671698,-76.02695803325982,0.01848788809474822,-7.073730638847185e-15,-2.0043142967449603e-14,0.01848788809474822,ok,7.53
1.7925140766422638,1.0328937646339662,115.0,92,6,8,-75.967608811259,-75.9129216358316,-76.16604666746474,-76.10535360702968,0.011107958880075174,4.4094110212499854e-15,4.560539933040079e-14,0.011107958880075174,ok,10.21
1.7925140766422638,1.6101543756409509,115.0,92,6,8,-75.87586565952526,-75.82641763810186,-76.06001256651965,-76.00471222658842,0.01930575227213957,1.8039840485875356e-13,-3.414641495756015e-13,0.01930575227213957,ok,7.92
1.7925140766422638,0.9730484681624365,115.0,92,6,8,-75.97002622931939,-75.91521176442406,-76.16894082392166,-76.10802875757362,0.00921720865510026,-2.7862194002627016e-15,2.4234783454596692e-15,0.00921720865510026,ok,11.29
1.3541907073778483,1.3541907073778483,115.0,92,6,8,-75.97066547568755,-75.83308750894297,-76.18138398897354,-76.03294857633499,0.06612957341074897,-5.6369533126923535e-14,3.505458936803232e-14,0.06612957341074897,ok,26.14
1.7925140766422638,1.7925140766422638,115.0,92,6,8,-75.85656500553975,-75.81526070343037,-76.03526296065107,-75.9887755531929,0.01854625113320671,7.0202946198802354e-15,-3.023385889376589e-14,0.01854625113320671,ok,8.55
1.6101543756409509,1.3541907073778483,115.0,92,6,8,-75.93443166055324,-75.8498314516583,-76.13259989674106,-76.03937254697402,-0.028202369600820402,-6.0540158569399435e-15,4.493295492511655e-14,0.028202369600820402,ok,17.1
1.7925140766422638,0.7784650775728821,115.0,92,6,8,-75.91493132423811,-75.85983073758189,-76.11395518469878,-76.05248360848329,-0.001379519817551876,-2.8386797112663883e-15,-3.015488775129013e-14,0.001379519817551876,ok,14.25
1.7925140766422638,0.7,115.0,92,6,8,-75.83499005586978,-75.77981416805635,-76.03368886728211,-75.97209408709178,-0.002482312427559915,-1.403791119187301e-16,2.6346457642277826e-14,0.002482312427559915,ok,14.8
1.6101543756409509,1.2571204432701741,115.0,92,6,8,-75.95249852284498,-75.86623650464624,-76.1531279206807,-76.05798382400909,-0.0265376275208763,3.182437805765965e-16,-4.787714960635975e-14,0.0265376275208763,ok,18.69
1.7925140766422638,1.2571204432701741,115.0,92,6,8,-75.93376834745794,-75.87986609485176,-76.12834279790401,-76.06861355608179,-0.016112770918017234,-6.954013117684987e-15,4.509574950426409e-14,0.016112770918017234,ok,12.92
1.7925140766422638,1.17311930899858,115.0,92,6,8,-75.94878744958936,-75.89451481588446,-76.14517036587827,-76.0849976134357,0.014596328812900034,4.232655509939068e-15,6.803463286568201e-14,0.014596328812900034,ok,13.7
1.6101543756409509,1.17311930899858,115.0,92,6,8,-75.96776471677836,-75.8804907070865,-76.17017771830409,-76.07378896975315,-0.02460639063539036,3.413503366267208e-15,7.972303293530916e-14,0.02460639063539036,ok,20.37
2.0510782147427644,1.6101543756409509,115.0,92,6,8,-75.86035547446967,-75.83577026451928,-76.03866104411391,-76.01088099935217,-0.011388496390335037,-4.4113669591364115e-14,9.275418114497699e-14,0.011388496390335037,ok,5.28
2.0510782147427644,0.8682146206261605,115.0,92,6,8,-75.9406119855056,-75.91474632888517,-76.13424578828212,-76.1055227433773,0.003068275583539429,-3.9428700409691244e-15,-1.1564443788440294e-14,0.003068275583539429,ok,9.24
1.7925140766422638,0.738001992915057,115.0,92,6,8,-75.88026505261199,-75.82512360816547,-76.07914469449001,-76.01760073058887,-0.0005624476837171113,1.7779982224784188e-15,2.6480249700290692e-14,0.0005624476837171113,ok,17.61
2.0510782147427644,1.3541907073778483,115.0,92,6,8,-75.89992114844958,-75.87419320823493,-76.08649667588206,-76.05786035421589,-0.010256141122996925,-8.732352520724271e-15,-1.7039810038976925e-14,0.010256141122996925,ok,7.39
1.7925140766422638,1.3541907073778483,115.0,92,6,8,-75.91598448409798,-75.86270098009079,-76.10802870705518,-76.04894170625514,0.017420442437955208,-1.7046165844936783e-14,8.89423979199823e-14,0.017420442437955208,ok,14.63
2.0510782147427644,0.738001992915057,115.0,92,6,8,-75.86363779611732,-75.83793760512994,-76.05678453201989,-76.02819506811653,-0.00027288572185569203,-1.0500402331567728e-15,4.473403261753576e-16,0.00027288572185569203,ok,12.38
2.0510782147427644,1.4691596244932197,115.0,92,6,8,-75.8804641548382,-75.8550999237961,-76.06344774471343,-76.03506424998609,0.010909765985234524,2.081953696753189e-14,2.876875253476675e-14,0.010909765985234524,ok,7.66
2.0510782147427644,0.9184360891594576,115.0,92,6,8,-75.95028680934217,-75.92437375539768,-76.14393962474082,-76.11517021979817,0.0042038994600327294,-1.1592437223387483e-14,-4.094831846169693e-14,0.0042038994600327294,ok,11.76
1.7925140766422638,1.0990821169362144,115.0,92,6,8,-75.96029810936531,-75.9057823578961,-76.15791902513229,-76.09746406309645,0.012912836077595802,-1.3477265799860657e-14,-9.318172472866509e-14,0.012912836077595802,ok,19.61
1.4691596244932197,1.3541907073778483,115.0,92,6,8,-75.95296774923483,-75.83803657118361,-76.15756190564576,-76.03205874949977,0.045247764486308246,9.989189718853837e-15,1.2408232079565584e-14,0.045247764486308246,ok,29.63
2.5,1.17311930899858,115.0,92,6,8,-75.92152460895656,-75.91496781904524,-76.10881508640416,-76.10149576943947,-0.0036874065896410416,-1.8380885215443224e-15,-5.740560336454743e-15,0.0036874065896410416,ok,5.1
2.5,0.7784650775728821,115.0,92,6,8,-75.88786773133086,-75.8815222709496,-76.07732394476884,-76.07036807241673,0.0014048546976107605,-3.832692366277437e-15,-9.595218424830755e-15,0.0014048546976107605,ok,8.81
2.0510782147427644,1.0990821169362144,115.0,92,6,8,-75.9439076959921,-75.91791553680737,-76.13616947282907,-76.1073552618947,-0.007519017782421741,-5.708438130850517e-16,-4.952546720423802e-15,0.007519017782421741,ok,13.72
2.0510782147427644,0.8217302352684964,115.0,92,6,8,-75.92361960462554,-75.89780604379288,-76.11715026632828,-76.08846437350263,-0.0019383889216238077,-2.4801137667744173e-16,-3.3478996678953774e-15,0.0019383889216238077,ok,16.09
2.0510782147427644,1.0328937646339662,115.0,92,6,8,-75.95116134048033,-75.92517977296257,-76.14419462448646,-76.11541449996994,-0.006445549080515962,1.0249959445510228e-16,-2.593877622996418e-15,0.006445549080515962,ok,16.27
2.5,1.4691596244932197,115.0,92,6,8,-75.86964846621967,-75.86318363741819,-76.04858868592706,-76.0412275323268,-0.004403092767937085,6.545539047716296e-16,-3.3135814110607594e-17,0.004403092767937085,ok,7.71
2.5,0.738001992915057,115.0,92,6,8,-75.85325351532339,-75.84694387515383,-76.04246656130262,-76.03555070829461,0.0010924180429017485,1.3587364943159163e-15,3.725150540163022e-15,0.0010924180429017485,ok,12.02
2.5,1.0990821169362144,115.0,92,6,8,-75.93300827284037,-75.92646795047816,-76.12155658255648,-76.11428984472192,-0.00338117553184929,-8.498579273731918e-15,-2.4716729242877196e-14,0.00338117553184929,ok,8.79
2.0510782147427644,0.7,115.0,92,6,8,-75.8183416735612,-75.79270102358541,-76.0112811169816,-75.98278566256413,0.0013545746044455464,-6.570668073284121e-16,-9.484506241961544e-15,0.0013545746044455464,ok,20.86
2.5,1.6101543756409509,115.0,92,6,8,-75.8498257093668,-75.84351938486931,-76.02387100250095,-76.01662086663772,-0.004522285103685131,-6.481052344819811e-15,-2.324648646434305e-14,0.004522285103685131,ok,7.98
2.5,0.9184360891594576,115.0,92,6,8,-75.93959960712041,-75.93314804540677,-76.12946149370234,-76.1223545399941,-0.0023884275566507882,-1.0430227317590772e-15,-4.015836835826538e-15,0.0023884275566507882,ok,11.42
2.5,1.2571204432701741,115.0,92,6,8,-75.90658902877806,-75.90003046512092,-76.0919815815563,-76.08461454186914,-0.003969469118948024,-2.538866801495323e-16,-1.8660480300592817e-15,0.003969469118948024,ok,9.88
2.5,0.7,115.0,92,6,8,-75.80802755899356,-75.80175376808113,-75.99696572541573,-75.99008549534302,0.0007902492621232196,1.838194587160109e-14,4.39192080885703e-14,0.0007902492621232196,ok,14.56
3.4,3.2199999999999998,105.0,92,6,8,-75.80440136924102,-75.80407521359916,-75.9590878175921,-75.95860233586026,0.0004692626479158117,-3.068425142681664e-12,1.1094553935171934e-11,0.0004692626479158118,ok,120.82
2.0510782147427644,1.2571204432701741,115.0,92,6,8,-75.91755676409574,-75.8916575140259,-76.10674684904721,-76.0779975801432,0.009452988488220213,-2.255163081801784e-16,3.761280880028492e-15,0.009452988488220213,ok,19.06
2.5,0.8217302352684964,115.0,92,6,8,-75.9130865775405,-75.9067053517342,-76.10273429094981,-76.09573395196236,0.001727759655147005,1.2390879138676083e-15,3.4627011497265325e-15,0.001727759655147005,ok,14.91
2.5,0.8682146206261605,115.0,92,6,8,-75.93000208872067,-75.92358533304439,-76.1198038497669,-76.11275644663016,-0.002059821052110434,8.219773078068192e-15,2.1968652223718447e-14,0.002059821052110434,ok,15.4
2.5,1.0328937646339662,115.0,92,6,8,-75.9403259533027,-75.93381081386502,-76.12963728256784,-76.1224322872297,-0.003057209581155969,-1.7199925769415785e-15,-5.10873597830654e-15,0.003057209581155969,ok,13.75
2.0510782147427644,1.7925140766422638,115.0,92,6,8,-75.84128663737785,-75.81852307673532,-76.01393703928177,-75.987860577019,-0.011711404780581903,-9.950436991375773e-15,2.113436609680831e-14,0.011711404780581903,ok,17.86
2.5,0.9730484681624365,115.0,92,6,8,-75.94277099322817,-75.9362861835987,-76.13248757239955,-76.12533556564799,0.0027252846557060946,1.7963198900970555e-15,5.111789529488834e-15,0.0027252846557060946,ok,14.97
2.68,0.738001992915057,115.0,92,6,8,-75.85185190867179,-75.8483125593251,-76.04047461184905,-76.03666462590184,0.0009901564938252162,1.7467360300842495e-15,4.200054521370598e-15,0.0009901564938252162,ok,9.35
2.0510782147427644,1.17311930899858,115.0,92,6,8,-75.93247233220032,-75.90650011829464,-76.1235019199623,-76.09468950113607,0.008529467269799248,-4.015994743327598e-15,-3.242695022905365e-14,0.008529467269799248,ok,21.81
2.68,0.7784650775728821,115.0,92,6,8,-75.88644548536456,-75.88288271655416,-76.07531751581135,-76.07146159837919,-0.0011752100720651055,8.5740130296152e-15,2.0957536176790606e-14,0.0011752100720651055,ok,9.12
2.68,0.7,115.0,92,6,8,-75.80664589792683,-75.80312978428854,-75.99502664461737,-75.99117627603373,-0.0008191061927392521,-1.1554307995338614e-14,-2.7780929566888995e-14,0.0008191061927392521,ok,9.94
2.5,2.0510782147427644,115.0,92,6,8,-75.81673390621191,-75.81142559007117,-75.97875406870205,-75.9724819474454,0.0044959932996437935,-3.7465975720128814e-14,-5.5469557495738684e-14,0.0044959932996437935,ok,14.62
2.68,0.8217302352684964,115.0,92,6,8,-75.91164309096695,-75.90805673139042,-76.10071766997964,-76.0968229348125,-0.001364424052451305,8.556219538927245e-15,2.0941788893149747e-14,0.001364424052451305,ok,12.01
2.5,1.3541907073778483,115.0,92,6,8,-75.88898413365789,-75.8824493634339,-76.0716546435568,-76.06425624014109,-0.0042118079328176,-2.451034663103417e-15,-4.656852647653287e-15,0.0042118079328176,ok,18.18
2.86,0.9730484681624365,115.0,92,6,8,-75.94041287245179,-75.93836812830745,-76.12923165149394,-76.12699176371466,0.0013383619728456544,1.4402468409158122e-15,3.4662238767917834e-15,0.0013383619728456544,ok,4.75
2.0510782147427644,0.7784650775728821,115.0,92,6,8,-75.8983252501333,-75.87256720093414,-76.09168612118971,-76.06304888332842,0.0008211900559880903,-7.955454664958561e-15,-2.1832580984445647e-14,0.0008211900559880903,ok,29.62
2.68,1.6101543756409509,115.0,92,6,8,-75.84830618795782,-75.84473721579205,-76.02171261559097,-76.0175795517623,0.0029858106973124805,7.11451925550897e-15,1.2944285040750028e-14,0.0029858106973124805,ok,9.39
2.68,1.17311930899858,115.0,92,6,8,-75.91995385696845,-75.91625077988199,-76.10668285443833,-76.10251862814852,-0.0025118881553937897,1.1823114688642269e-14,3.104944838005421e-14,0.0025118881553937897,ok,11.28
2.68,0.8682146206261605,115.0,92,6,8,-75.92853663977286,-75.92492706058508,-76.11777012888919,-76.11383273410766,-0.001558111871813186,3.6841047060055744e-15,9.73385712321328e-15,0.001558111871813186,ok,14.18
2.0510782147427644,2.0510782147427644,115.0,92,6,8,-75.82584767723077,-75.80857314077062,-75.99257604307378,-75.97262523865274,-0.01105043467638174,3.448038425608001e-14,3.180117091323878e-14,0.01105043467638174,ok,24.71
2.0510782147427644,0.9730484681624365,115.0,92,6,8,-75.9535341591306,-75.92758127165816,-76.14700060217719,-76.11822095364893,0.005332592899442851,-3.9889104029907976e-15,-1.3601380632120692e-14,0.005332592899442851,ok,29.42
2.68,1.0328937646339662,115.0,92,6,8,-75.93879356834225,-75.93511897068512,-76.1275432344968,-76.12347601621849,-0.0021416446847134867,7.825034784314825e-15,2.0718998875282687e-14,0.0021416446847134867,ok,12.92
2.5,1.7925140766422638,115.0,92,6,8,-75.83133002840106,-75.82535748904726,-75.9994599222999,-75.99249774920544,0.0045448325546758135,9.294624270917988e-15,3.428880975380042e-14,0.0045448325546758135,ok,19.82
2.68,1.2571204432701741,115.0,92,6,8,-75.90500616850721,-75.90130044875983,-76.08983371560173,-76.08564016601045,-0.0026755086301819184,2.7190253010339765e-15,8.295534235429855e-15,0.0026755086301819184,ok,12.75
2.5,2.5,115.0,92,6,8,-75.80838056023713,-75.80482130198713,-75.96589502899158,-75.96174222964423,-0.004130534226764088,3.25033262872343e-15,2.5168217940879397e-15,0.004130534226764088,ok,20.78
2.68,0.9184360891594576,115.0,92,6,8,-75.9381118475853,-75.9344792803249,-76.12739845558934,-76.12341382711818,0.0017506334649223104,1.1159194597713064e-15,3.5382844973033294e-15,0.0017506334649223104,ok,16.9
2.86,0.7,115.0,92,6,8,-75.80588358639916,-75.80392538393463,-75.99391313075819,-75.99181976568373,-0.0006841938721610335,3.189840100379683e-15,7.35698019368188e-15,0.0006841938721610335,ok,11.27
2.68,1.3541907073778483,115.0,92,6,8,-75.88739941332403,-75.88370566348573,-76.06949200159917,-76.06528218979783,-0.0028181967370431737,-2.4960749447495267e-15,-3.806846129765949e-15,0.0028181967370431737,ok,15.44
2.86,1.6101543756409509,115.0,92,6,8,-75.84744625092647,-75.84544377251123,-76.02047781279519,-76.01813149279846,-0.001928835641914322,-1.520816144432112e-16,7.600346839840345e-16,0.001928835641914322,ok,5.73
2.86,0.9184360891594576,115.0,92,6,8,-75.93727901036065,-75.9352479241268,-76.12622297300284,-76.12401452482104,-0.0012243211947642351,-9.483271202443224e-15,-2.3654697985121003e-14,0.0012243211947642351,ok,11.63
2.68,1.0990821169362144,115.0,92,6,8,-75.93145520954944,-75.92776367169114,-76.11944435118056,-76.11532914465032,-0.002331859167870501,-1.3818964487229562e-14,-3.6131716749455164e-14,0.002331859167870501,ok,18.51
2.68,1.7925140766422638,115.0,92,6,8,-75.82991804497738,-75.82652930719377,-75.9973674955664,-75.9933899815139,0.0029839597652094505,2.9071069692520547e-15,3.63467036157124e-15,0.0029839597652094505,ok,16.89
2.68,0.9730484681624365,115.0,92,6,8,-75.94126072712264,-75.93760621131969,-76.13041426306098,-76.12638922844353,-0.0019458390932869905,-1.4937748379000877e-15,-3.45482374039235e-15,0.0019458390932869905,ok,20.16
2.86,1.0990821169362144,115.0,92,6,8,-75.93057877392258,-75.92851096338947,-76.11823786827331,-76.11591860994479,0.0015633394999035996,-3.7519272792345035e-15,-8.564260469948978e-15,0.0015633394999035996,ok,11.16
2.86,0.8682146206261605,115.0,92,6,8,-75.92771865460642,-75.92570198586407,-76.11661977463935,-76.1144513481007,0.001108757445435999,1.455955786447757e-15,3.50967974051933e-15,0.001108757445435999,ok,14.03
2.86,1.3541907073778483,115.0,92,6,8,-75.88650093569815,-75.88443025129911,-76.06826028295077,-76.0658711123673,-0.0018416510410901178,2.7814654801956243e-15,1.0163097075267532e-14,0.0018416510410901178,ok,9.53
2.68,1.4691596244932197,115.0,92,6,8,-75.86807991797019,-75.86442427915496,-76.04641505872344,-76.04221145435923,0.0029243722238599407,-9.76838363114971e-15,-1.8453210286249548e-14,0.0029243722238599407,ok,18.82
2.86,0.738001992915057,115.0,92,6,8,-75.85107637717216,-75.84910363934883,-76.03934891180583,-76.03728540279437,0.0007855516402389766,1.7693650442999643e-15,4.1775585008953645e-15,0.0007855516402389766,ok,15.42
2.86,1.4691596244932197,115.0,92,6,8,-75.86719072793105,-75.86514093086419,-76.04516198667885,-76.0427759446536,0.0019001900987878993,2.9941401395004283e-15,6.038310814864097e-15,0.0019001900987878993,ok,9.52
2.86,0.8217302352684964,115.0,92,6,8,-75.91083957829905,-75.90883754346248,-76.09957726046186,-76.09744987626853,0.0010020636056680622,1.8301110473083584e-15,4.8230288410629814e-15,0.0010020636056680622,ok,15.03
2.68,2.68,115.0,92,6,8,-75.80625192771207,-75.7954566833444,-75.96241944632067,-75.95473438680341,-4.4344036318925495e-07,2.635601349130613e-14,-4.203064249293763e-14,4.4344036318925776e-07,ok,19.08
2.86,1.0328937646339662,115.0,92,6,8,-75.93793099320716,-75.93587369192431,-76.12635158715646,-76.12408325849522,0.0014534472903790486,1.877499682790507e-14,4.586726779952748e-14,0.0014534472903790486,ok,16.99
3.04,0.7,115.0,92,6,8,-75.80546362012191,-75.80437956690142,-75.9932881724718,-75.99218133680465,-0.0005208629250800846,-1.2730104723872865e-14,-2.885015856010177e-14,0.0005208629250800846,ok,10.04
2.86,1.17311930899858,115.0,92,6,8,-75.9190655730458,-75.91699046375183,-76.10547519964018,-76.1031279606441,-0.001666422291342005,3.991758612364216e-15,1.0422354984929507e-14,0.001666422291342005,ok,14.51
2.68,2.0510782147427644,115.0,92,6,8,-75.81551697619538,-75.81246011458974,-75.97682239145234,-75.97318594857879,-0.0029291252339023544,-4.030721433579488e-14,-8.878219357726438e-14,0.0029291252339023544,ok,23.58
3.04,0.7784650775728821,115.0,92,6,8,-75.88521906387808,-75.8841173710431,-76.07356442885764,-76.07241985219778,-0.000638971696034882,3.5201461186545237e-15,8.487445451453908e-15,0.000638971696034882,ok,10.94
3.04,0.9184360891594576,115.0,92,6,8,-75.93681445037905,-75.93568618634903,-76.12556441934055,-76.12435370818982,-0.0008380168088272669,7.837909230500523e-15,1.93354067052326e-14,0.0008380168088272669,ok,9.61
3.04,1.0990821169362144,115.0,92,6,8,-75.93008695776882,-75.92893677597162,-76.11756782531944,-76.11629240136013,0.0010352116013585496,-8.707874199950878e-15,-2.109540889597053e-14,0.0010352116013585496,ok,8.08
2.86,0.7784650775728821,115.0,92,6,8,-75.88565623057292,-75.88366882077074,-76.07418319917328,-76.07208717492654,-0.0008920417614630017,8.63776151761928e-15,2.0380777687005794e-14,0.0008920417614630017,ok,22.38
2.68,2.5,115.0,92,6,8,-75.80731381330082,-75.80496602229852,-75.9641310445981,-75.96133488772395,-0.0029977604342619397,-3.064655418872928e-16,-5.711190005819618e-16,0.0029977604342619397,ok,24.19
3.04,1.4691596244932197,115.0,92,6,8,-75.8666907634892,-75.865549863394,-76.04445502580755,-76.04309220338357,0.00122263611520808,-7.679447071019313e-16,-5.463602056342917e-15,0.00122263611520808,ok,8.94
3.04,1.7925140766422638,115.0,92,6,8,-75.82867795278256,-75.82761459954331,-75.99546803012025,-75.99417709625365,0.0012273514105812405,-1.2976301222389036e-14,-2.266554362525391e-14,0.0012273514105812405,ok,9.02
3.04,0.738001992915057,115.0,92,6,8,-75.85064800669991,-75.84955506763728,-76.03873168102349,-76.03761510134655,-0.0005818575515839724,8.685558917671412e-15,2.035075338408425e-14,0.0005818575515839724,ok,16.33
3.04,1.6101543756409509,115.0,92,6,8,-75.84696346590768,-75.84584821290056,-76.01976692709401,-76.01842624765074,-0.0012358136818496133,-1.098086502112039e-16,7.405434425372752e-18,0.0012358136818496133,ok,9.75
3.04,0.8217302352684964,115.0,92,6,8,-75.91039343782609,-75.90928293406331,-76.09895276457428,-76.09780278698211,-0.0006986658683184686,-2.3803910530527853e-14,-5.709090399901868e-14,0.0006986658683184686,ok,14.9
3.04,0.9730484681624365,115.0,92,6,8,-75.93993892358449,-75.93880243341559,-76.12857669607209,-76.12733292862512,-0.0009045829183160748,-9.789030297652504e-15,-2.3605461632911292e-14,0.0009045829183160748,ok,13.48
3.04,2.0510782147427644,115.0,92,6,8,-75.81446110999698,-75.81348401723886,-75.97510517329707,-75.97389600579392,0.0011558448461411284,-1.6687718606046603e-14,-3.661233178963054e-14,0.0011558448461411284,ok,11.57
3.04,1.0328937646339662,115.0,92,6,8,-75.93744779244194,-75.93630383891342,-76.12569043611575,-76.12443277862147,0.0009711961093556846,1.4997106522681541e-15,3.4779175059795396e-15,0.0009711961093556846,ok,16.31
2.86,1.2571204432701741,115.0,92,6,8,-75.90410965116057,-75.90203252863606,-76.0886168086543,-76.08625622102572,-0.001761570583000391,-1.3089178168178945e-14,-3.3086283997792036e-14,0.001761570583000391,ok,23.74
3.04,1.2571204432701741,115.0,92,6,8,-75.90360543757296,-75.9024496285851,-76.08792358439244,-76.08659876715242,0.0011453630032973235,2.675064042241076e-14,6.312389225086178e-14,0.0011453630032973235,ok,14.18
3.04,1.3541907073778483,115.0,92,6,8,-75.88599553332841,-75.8848431888421,-76.06755988668634,-76.06620134361083,0.0011918733770897862,1.4332449720304022e-14,3.439478838684226e-14,0.0011918733770897862,ok,15.05
3.04,0.8682146206261605,115.0,92,6,8,-75.92726342024255,-75.92614392087273,-76.1159765398349,-76.11478945588372,0.0007726167603397051,1.6231218304009785e-15,4.0359375748687165e-15,0.0007726167603397051,ok,19.72
3.04,1.17311930899858,115.0,92,6,8,-75.91856643724776,-75.91741187429551,-76.10479383832359,-76.10349252570627,-0.001093728273706103,-2.1044614330237266e-14,-4.993950614272008e-14,0.001093728273706103,ok,16.44
2.86,2.5,115.0,92,6,8,-75.80546622138603,-75.80417739841407,-75.96176575867639,-75.96048271956126,0.0029897068345110566,2.659919892191425e-15,2.982323377265045e-15,0.0029897068345110566,ok,25.88
3.2199999999999998,1.6101543756409509,115.0,92,6,8,-75.84669460309956,-75.84607802285703,-76.01935600483145,-76.01859333886489,0.0008006506077056607,1.2791915028509882e-14,2.5248490521541857e-14,0.0008006506077056607,ok,11.02
2.86,2.68,115.0,92,6,8,-75.80512275035015,-75.8044116722328,-75.96082485252992,-75.95996339518977,-0.0020544382588283828,5.951676617905489e-14,6.040125713186438e-14,0.0020544382588283828,ok,29.36
2.86,1.7925140766422638,115.0,92,6,8,-75.82912286881324,-75.82721750765947,-75.99615693074303,-75.99389814005293,0.0019148368398725461,3.444242132043132e-14,7.219400590968904e-14,0.0019148368398725461,ok,30.5
2.86,2.0510782147427644,115.0,92,6,8,-75.81483839473812,-75.8131079958311,-75.97572879540292,-75.97363490360108,0.001840411835410607,-5.416096800756267e-15,-1.0606869054354502e-14,0.001840411835410607,ok,30.69
3.2199999999999998,1.0990821169362144,115.0,92,6,8,-75.92981242434573,-75.92917749504393,-76.11717726371315,-76.11642793464168,0.0006917695508012197,1.024428664739937e-14,2.416229454330544e-14,0.0006917695508012197,ok,14.1
3.2199999999999998,0.8217302352684964,115.0,92,6,8,-75.91014638607919,-75.90953442700115,-76.09857791860402,-76.09797166206394,0.0004978390904628719,1.898400800442894e-15,4.372052782228637e-15,0.0004978390904628719,ok,17.07
3.2199999999999998,1.3541907073778483,115.0,92,6,8,-75.88571322217348,-75.88507697526138,-76.06716052267771,-76.06637967883367,0.0007794891509212779,1.3495560139216221e-14,3.062049671636518e-14,0.0007794891509212779,ok,14.41
3.2199999999999998,0.7,115.0,92,6,8,-75.8052324481449,-75.80463617336227,-75.99295066262792,-75.99237152230864,-0.00038678839855746513,-1.2446603884680944e-14,-2.8494240324228415e-14,0.00038678839855746513,ok,20.83
3.2199999999999998,1.4691596244932197,115.0,92,6,8,-75.86641176223245,-75.86578166728455,-76.04405185881,-76.04327355888752,-0.0007959163192979044,1.6159027126742778e-14,3.6741847932542414e-14,0.0007959163192979044,ok,14.97
3.2199999999999998,1.2571204432701741,115.0,92,6,8,-75.90332374213047,-75.90268557723675,-76.0875230621941,-76.08677105354198,-0.0007548631990002449,-3.672018716242065e-15,-8.242549526316012e-15,0.0007548631990002449,ok,17.98
3.2199999999999998,2.0510782147427644,115.0,92,6,8,-75.81425264718045,-75.81369276672203,-75.9747556277634,-75.97404771829429,-0.0007150682264187035,1.1185063980669405e-14,2.5058210728284895e-14,0.0007150682264187035,ok,15.62
3.2199999999999998,1.17311930899858,115.0,92,6,8,-75.91828762909304,-75.91765017544513,-76.10440003090442,-76.10366499565897,-0.0007238163134763286,-1.0858733266056932e-14,-2.5564895066376387e-14,0.0007238163134763286,ok,20.68
3.04,2.5,115.0,92,6,8,-75.80457224953119,-75.80324532452939,-75.96055284405429,-75.95967086903033,-0.002204370150750266,3.094330904025281e-16,9.33297983658208e-16,0.002204370150750266,ok,29.51
3.2199999999999998,0.738001992915057,115.0,92,6,8,-75.85041158765156,-75.84981016393102,-76.0384264703631,-76.03778855360889,-0.00041544327212576565,8.97679044423647e-15,2.0180523738578576e-14,0.00041544327212576565,ok,29.18
3.2199999999999998,0.7784650775728821,115.0,92,6,8,-75.884977429999,-75.8843706668894,-76.07322540004226,-76.07260882929529,0.00045990141218203414,2.0645169194785866e-15,4.636056199851898e-15,0.00045990141218203414,ok,27.94
3.2199999999999998,1.7925140766422638,115.0,92,6,8,-75.82843084246153,-75.82784171212124,-75.99507675065783,-75.99433074607555,0.0007904824795920101,3.348258598805608e-14,6.927042587026384e-14,0.0007904824795920101,ok,22.64
3.4,1.17311930899858,115.0,92,6,8,-75.91813295987724,-75.91778457214654,-76.10417161176154,-76.10373735951424,-0.0004922310781548494,-1.939230205299685e-15,-4.3630649203105424e-15,0.0004922310781548494,ok,13.51
3.4,0.738001992915057,115.0,92,6,8,-75.85028153780999,-75.84995337126267,-76.03820795737843,-76.03793578697555,-0.0003080322504714888,8.684830027366925e-15,1.979861980197032e-14,0.0003080322504714888,ok,19.66
3.4,0.9730484681624365,115.0,92,6,8,-75.93952868805013,-75.93918606019966,-76.12800431925035,-76.12763570315539,-0.00043226099889344415,7.581209675564487e-15,1.7718296518345648e-14,0.00043226099889344415,ok,21.55
3.04,2.86,115.0,92,6,8,-75.80296887932403,-75.80398386965906,-75.95793540834558,-75.95909504741485,-2.8126890874405477e-05,-1.7780642635883616e-16,-6.659970433334146e-17,2.8126890874405477e-05,ok,41.95
3.4,1.7925140766422638,115.0,92,6,8,-75.82829495522353,-75.82797146157293,-75.99485568783065,-75.99442234029422,0.0005294820611998446,-4.84043930790307e-15,-1.7349240907430298e-14,0.0005294820611998446,ok,15.12
3.4,1.4691596244932197,115.0,92,6,8,-75.86625748025354,-75.86591280231976,-76.04382304959185,-76.04336845810406,-0.0005317967397308557,-1.99972769918505e-14,-4.420217308025262e-14,0.0005317967397308557,ok,19.49
3.2199999999999998,2.86,115.0,92,6,8,-75.80490548521969,-75.80444992147652,-75.95995973541682,-75.9593452112821,0.000753557389827669,2.6557597149093784e-13,-1.3145302041834124e-12,0.000753557389827669,ok,33.95
3.4,3.4,115.0,92,6,8,-75.80431920046169,-75.80414061818692,-75.95895823213961,-75.95867969125828,-0.0003973410804399268,1.4309474411346557e-14,-1.858193451022819e-14,0.0003973410804399268,ok,10.87
3.2199999999999998,2.5,115.0,92,6,8,-75.8045277757723,-75.80232757493025,-75.96039894311923,-75.9589062768778,0.002742336293285428,-5.951784759242213e-15,-4.324739670048921e-15,0.002742336293285428,ok,37.44
3.4,1.6101543756409509,115.0,92,6,8,-75.84654617152901,-75.84620855945766,-76.01911532508895,-76.01867290906239,0.0005320837230282866,1.952569222219861e-15,6.1281579122888635e-15,0.0005320837230282866,ok,23.63
3.4,2.0510782147427644,115.0,92,6,8,-75.81413860404844,-75.81381972377842,-75.97456425261707,-75.97416792114262,0.00045242343713768735,1.087975255838145e-14,2.4390244329118826e-14,0.00045242343713768735,ok,23.36
2.86,2.86,115.0,92,6,8,-75.8045249100964,-75.79667038168336,-75.95988641043445,-75.95537332709088,3.096109317302753e-05,9.881142484947082e-14,-1.5159006146142837e-13,3.096109317302753e-05,ok,62.69
3.2199999999999998,3.2199999999999998,115.0,92,6,8,-75.80447893958964,-75.80366982213752,-75.95927177829392,-75.95835674222549,-1.3456904430184677e-06,2.4609445893551836e-14,5.30158183967732e-14,1.345690443018469e-06,ok,44.16
3.04,2.68,115.0,92,6,8,-75.80454848236606,-75.8038468917138,-75.95999173982821,-75.95933002580539,0.001679923078886476,-5.3243546167610376e-14,-5.5891326510069014e-14,0.001679923078886476,ok,59.78
3.4,2.86,115.0,92,6,8,-75.80482336615607,-75.8045656463709,-75.95980070090533,-75.95942732105087,0.00048738591330664945,-2.4411060973521025e-13,2.0860247206378198e-12,0.00048738591330664945,ok,32.52
0.738001992915057,0.738001992915057,125.0,92,6,8,-75.91034896394544,-75.61831718972097,-76.15208051357129,-75.82159645126205,0.4082083576983918,-6.611911662979126e-16,1.701693409746761e-15,0.4082083576983918,ok,23.12
0.7784650775728821,0.738001992915057,125.0,92,6,8,-75.94171467784815,-75.65369413113137,-76.18408583563395,-75.8578218646931,-0.4038808262767005,2.500296379976122e-16,-1.3160073737313108e-15,0.4038808262767005,ok,24.43
0.7784650775728821,0.7784650775728821,125.0,92,6,8,-75.97441154442993,-75.69043412379719,-76.21688309132347,-75.89487173337915,0.4000574191654556,5.604345667120864e-16,-2.015218843397551e-15,0.4000574191654556,ok,25.21
0.8217302352684964,0.7,125.0,92,6,8,-75.92373703446142,-75.63698402986991,-76.16509158664209,-75.84031581691723,0.3965973258914014,4.3049186417252285e-15,5.69655943004049e-15,0.3965973258914014,ok,24.89
0.8682146206261605,0.8217302352684964,125.0,92,6,8,-76.03329760687473,-75.76310131474409,-76.27713176046058,-75.97026812704101,0.37746208833747186,-6.1541656203892985e-15,-6.811124018612243e-16,0.37746208833747186,ok,21.1
0.8217302352684964,0.8217302352684964,125.0,92,6,8,-76.01965617525354,-75.74451998729245,-76.26285526452517,-75.950447271592,0.3885364630431982,-3.581945380516883e-16,2.835787145148821e-15,0.3885364630431982,ok,24.64
0.8682146206261605,0.7784650775728821,125.0,92,6,8,-76.00988062561693,-75.73541943693243,-76.25359630202166,-75.94205184876388,-0.38021513363844284,7.145763690507721e-16,-2.808644381615225e-15,0.38021513363844284,ok,25.4
0.8682146206261605,0.8682146206261605,125.0,92,6,8,-76.04836670348551,-75.78302672881817,-76.29213850762613,-75.99085813179676,0.37174271105256596,1.2064239814851494e-15,-3.642882377455718e-15,0.37174271105256596,ok,22.95
0.8217302352684964,0.7784650775728821,125.0,92,6,8,-75.99631353184358,-75.71677918923663,-76.23945256418087,-75.92224118382319,-0.3933361464007406,9.76483382227773e-16,-2.0366647869317785e-15,0.3933361464007406,ok,29.16
0.7,0.7,125.0,92,6,8,-75.82505376821346,-75.52557482848678,-76.06634341397985,-75.72817809130221,0.41378564333613443,-1.0696720447678165e-16,-1.7763760677167658e-15,0.41378564333613443,ok,36.51
3.2199999999999998,3.04,115.0,92,6,8,-75.80462982040781,-75.8041465835575,-75.95949600629864,-75.95886113449478,0.000714595998181587,-5.3710965552291624e-12,1.5302473506712746e-11,0.0007145959981815871,ok,63.81
0.8217302352684964,0.738001992915057,125.0,92,6,8,-75.9635253743561,-75.68004267226965,-76.20653598232798,-75.88515628955575,0.3959234256348665,6.918264381894355e-15,7.847073374958314e-15,0.3959234256348665,ok,34.28
3.2199999999999998,2.68,115.0,92,6,8,-75.80358094434686,-75.80248343847246,-75.9587535145139,-75.95746980818171,0.001842870920935393,-1.3004456385250574e-13,5.710357471430746e-14,0.001842870920935393,ok,67.34
0.9184360891594576,0.7,125.0,92,6,8,-75.94587511127779,-75.67085943188528,-76.18660669480316,-75.87547047439557,-0.36426361960393805,3.4787183544470615e-15,-1.4156420220242304e-15,0.36426361960393805,ok,30.5
0.8682146206261605,0.738001992915057,125.0,92,6,8,-75.97701129420517,-75.69871741231196,-76.22053643596382,-75.90492117597876,0.3811295760492759,6.9759826956653416e-15,7.0671736908994065e-15,0.3811295760492759,ok,35.0
3.4,2.5,115.0,92,6,8,-75.80474621325484,-75.80317826657212,-75.96056578482265,-75.95939483571256,0.0017670869913945647,-2.5394787240108554e-17,1.632557670075926e-16,0.0017670869913945647,ok,53.35
0.8682146206261605,0.7,125.0,92,6,8,-75.93846440354359,-75.65707645679916,-76.17967389270704,-75.86096548223142,-0.38385035535273454,3.927616875996905e-16,-2.2874364308361592e-15,0.38385035535273454,ok,36.77
0.9184360891594576,0.738001992915057,125.0,92,6,8,-75.98844530002285,-75.71664609051201,-76.22970405111107,-75.92195730888183,-0.36616765118052186,4.474164250529305e-16,-4.467359014976087e-15,0.36616765118052186,ok,32.52
0.9184360891594576,0.9184360891594576,125.0,92,6,8,-76.06284949299472,-75.80835983627003,-76.30685735142337,-76.01865878494158,0.34546579459067606,7.295676703648373e-16,-3.970358937582523e-15,0.34546579459067606,ok,25.99
0.9184360891594576,0.8217302352684964,125.0,92,6,8,-76.03993252246889,-75.77537939974157,-76.28410737002886,-75.98391588014216,-0.35474688519022723,1.1490680877643484e-15,-4.313869767297563e-15,0.35474688519022723,ok,28.92
3.4,3.04,115.0,92,6,8,-75.80454900925614,-75.80429168667155,-75.95933167486363,-75.95894514820893,0.0004849155652228987,-5.451970999433543e-12,2.7088557857481958e-11,0.0004849155652228995,ok,54.28
0.9184360891594576,0.8682146206261605,125.0,92,6,8,-76.0550555693425,-75.7951404384363,-76.2992712979294,-76.00444749660913,-0.35221612639815814,-2.7558834375835e-16,-6.080944969205822e-15,0.35221612639815814,ok,28.71
0.738001992915057,0.7,125.0,92,6,8,-75.86711961343806,-75.5712987816868,-76.10894905663024,-75.774566152846,0.41093066511266213,1.1387846275765009e-15,2.5709496383280706e-15,0.41093066511266213,ok,46.1
0.9730484681624365,0.9184360891594576,125.0,92,6,8,-76.06418880601899,-75.8154882474927,-76.30803347140413,-76.02733413759341,0.3113458958150923,-2.1685267247383983e-15,8.433637915900517e-15,0.3113458958150923,ok,19.56
0.9730484681624365,0.9730484681624365,125.0,92,6,8,-76.06601043592931,-75.8224446459832,-76.31098634987687,-76.03801472300094,0.2924257495308796,2.2246982850005384e-15,-7.142113879431668e-15,0.2924257495308796,ok,18.77
0.9184360891594576,0.7784650775728821,125.0,92,6,8,-76.01645661711589,-75.74781336973113,-76.26044875731716,-75.95574209879958,-0.3549725241380033,2.14425581860356e-15,-4.450892565853625e-15,0.3549725241380033,ok,36.3
3.4,2.68,115.0,92,6,8,-75.80373380969087,-75.80257727761499,-75.95887027566368,-75.95752425772308,0.002066578445293276,-6.675065969856682e-15,2.943846211634353e-15,0.002066578445293276,ok,58.65
0.9730484681624365,0.7,125.0,92,6,8,-75.94691547879353,-75.67987758143187,-76.18668493615534,-75.88545194344805,-0.33404485435423475,-1.5759238755127382e-16,-4.763204601587271e-15,0.33404485435423475,ok,28.44
1.0328937646339662,0.8682146206261605,125.0,92,6,8,-76.05356564778751,-75.80806587061927,-76.29494570284689,-76.01859375864439,-0.25416150895013156,2.331397663316364e-16,-1.8719848673190676e-14,0.25416150895013156,ok,16.14
0.9730484681624365,0.7784650775728821,125.0,92,6,8,-76.02142567530983,-75.76079422053772,-76.26240216114032,-75.9679889850787,-0.34067465566605304,-6.013489758056285e-16,-6.848395374372606e-15,0.34067465566605304,ok,29.46
1.0328937646339662,1.0328937646339662,125.0,92,6,8,-76.05981957664221,-75.83066924957686,-76.30102401777377,-76.04715943634801,0.2380138113526783,-5.144479016018143e-15,1.1729128581144211e-14,0.2380138113526783,ok,16.13
3.04,3.04,115.0,92,6,8,-75.8038518099613,-75.79736299860684,-75.95877670219247,-75.95574607116414,3.143355682980251e-06,-6.815900654049484e-14,1.1195723782673169e-13,3.143355682980254e-06,ok,95.49
1.0328937646339662,0.9184360891594576,125.0,92,6,8,-76.06149743848718,-75.8204342521307,-76.30308147350462,-76.03228026290799,-0.2565985560979568,-6.196820906006752e-16,-7.548079911135184e-15,0.2565985560979568,ok,19.83
0.7784650775728821,0.7,125.0,92,6,8,-75.89838115979067,-75.60664550500101,-76.14084061548283,-75.81074461960645,0.40586867346548916,2.5508706820508493e-15,3.596432704790765e-15,0.40586867346548916,ok,54.63
0.9730484681624365,0.8682146206261605,125.0,92,6,8,-76.05631379993514,-75.80264317614593,-76.30015442432801,-76.01327405550575,0.3139436437229186,1.084901305400879e-15,6.223555770065557e-15,0.3139436437229186,ok,31.37
0.9730484681624365,0.8217302352684964,125.0,92,6,8,-76.0411215372761,-75.7831542102029,-76.28481192368186,-75.99290732248052,-0.3133016153677436,-1.4021885151460879e-15,-7.892289494491428e-15,0.3133016153677436,ok,32.83
1.17311930899858,0.9730484681624365,125.0,92,6,8,-76.04778699353656,-75.84083518796463,-76.27858765834134,-76.04835854052311,0.12600423271955996,-1.9375370981615076e-15,-1.149065069681504e-13,0.12600423271955996,ok,9.12
0.9730484681624365,0.738001992915057,125.0,92,6,8,-75.98958839512278,-75.72558545043236,-76.2299151155652,-75.93188342710954,0.3376081557695556,1.7428217120043716e-15,6.584494754611544e-15,0.3376081557695556,ok,37.36
1.0328937646339662,0.9730484681624365,125.0,92,6,8,-76.06312860059857,-75.82734733513603,-76.30478655569125,-76.04116799579077,0.25469231087584493,1.9546018547020223e-15,7.31902985956398e-15,0.25469231087584493,ok,24.18
1.0990821169362144,0.8682146206261605,125.0,92,6,8,-76.04756954588194,-75.81449880615372,-76.28410967593588,-76.0231508648355,0.18085631503863894,9.532646080967737e-16,5.523949908744293e-14,0.18085631503863894,ok,21.41
1.0990821169362144,1.0990821169362144,125.0,92,6,8,-76.0453208141708,-75.83496936738631,-76.28076037518791,-76.05021869221592,0.17673652841809412,3.667373580657385e-14,-7.672261581117908e-14,0.17673652841809412,ok,19.12
1.0990821169362144,1.0328937646339662,125.0,92,6,8,-76.05322005529848,-75.83433050340672,-76.29003698503094,-76.04773386347088,0.19105275436917238,-1.566070894733285e-15,1.0179152904993251e-14,0.19105275436917238,ok,19.44
1.0990821169362144,0.8217302352684964,125.0,92,6,8,-76.03217887468197,-75.79582311359519,-76.26843456976019,-76.00375409576672,-0.17541086055011354,-6.964560072818664e-15,-4.038878131051202e-14,0.17541086055011354,ok,23.19
1.17311930899858,1.0328937646339662,125.0,92,6,8,-76.04383263909965,-75.84137476211012,-76.27448770072684,-76.05008535176171,0.13053299496638632,-2.073364026396759e-16,1.4999890927735608e-14,0.13053299496638632,ok,11.34
1.0328937646339662,0.8217302352684964,125.0,92,6,8,-76.0382941262305,-75.78894292455922,-76.27938276120368,-75.99853767893127,0.25022642392875,-9.561381640549779e-16,1.1996829473953913e-14,0.25022642392875,ok,32.37
1.17311930899858,1.17311930899858,125.0,92,6,8,-76.02316013934917,-75.83760359587022,-76.25136634421189,-76.04908536678538,0.12167565357874709,-2.8958016236463506e-14,4.587780360928709e-14,0.12167565357874709,ok,10.76
1.0328937646339662,0.7,125.0,92,6,8,-75.94242175384201,-75.6861088059166,-76.18062927587427,-75.89284838121662,0.2887621130280428,7.742989776522128e-16,8.048783471616553e-15,0.2887621130280428,ok,37.63
1.17311930899858,0.8217302352684964,125.0,92,6,8,-76.02223304080556,-75.80617243726317,-76.25272247153826,-76.01185480724773,-0.11044835598723961,8.08766979193503e-15,1.5717418205590254e-13,0.11044835598723961,ok,18.43
1.0328937646339662,0.7784650775728821,125.0,92,6,8,-76.01465813393713,-75.76187439193379,-76.25539799322063,-75.97077853939878,-0.24568255971043054,-2.0172391830571095e-15,-1.3292879226105772e-14,0.24568255971043054,ok,35.99
1.0990821169362144,0.9184360891594576,125.0,92,6,8,-76.05557160122541,-75.82628113300073,-76.29233398185853,-76.03591993417425,-0.1860263545957664,-4.314337513453818e-15,-4.5661806721708276e-14,0.1860263545957664,ok,25.55
1.17311930899858,0.8682146206261605,125.0,92,6,8,-76.03785520357859,-75.82439667343947,-76.26852770070705,-76.03054875561112,0.11567723103856056,-9.554022582144338e-15,-1.960342374877944e-13,0.11567723103856056,ok,20.71
1.17311930899858,0.9184360891594576,125.0,92,6,8,-76.04607603619213,-75.83558802041932,-76.2768514641123,-76.04232782722977,-0.12090064531701422,5.4325314514321064e-15,1.282936119753606e-13,0.12090064531701422,ok,19.64
1.17311930899858,0.7,125.0,92,6,8,-75.92070676949847,-75.69806986759383,-76.15040142318355,-75.90292871909817,0.09480611752530506,-1.472284881388741e-15,2.8965042748036695e-15,0.09480611752530506,ok,23.41
1.0990821169362144,0.9730484681624365,125.0,92,6,8,-76.05712164510845,-75.83237774493946,-76.29401977552122,-76.04345978929085,-0.19028253035536463,1.4261406389177925e-15,-8.250404925292824e-15,0.19028253035536463,ok,24.9
1.0990821169362144,0.738001992915057,125.0,92,6,8,-75.97518274161708,-75.73318603155066,-76.21071878434925,-75.94018547005075,-0.16433916145909686,-1.857034184883872e-15,-2.4980729528625073e-14,0.16433916145909686,ok,29.32
1.2571204432701741,0.8682146206261605,125.0,92,6,8,-76.02413248151468,-75.83790613936914,-76.24876887215355,-76.04140744719247,0.06715931320819199,-6.7860857331715405e-16,-3.132634791108362e-14,0.06715931320819199,ok,10.58
1.17311930899858,0.738001992915057,125.0,92,6,8,-75.96479170421534,-75.74421108211122,-76.19476934512906,-75.94925602828373,0.10004213575369231,-2.5028540892756243e-14,-5.651749468943051e-13,0.10004213575369231,ok,23.48
1.17311930899858,0.7784650775728821,125.0,92,6,8,-75.99823693777299,-75.77982700816615,-76.22849001417477,-75.98515480100575,0.10523321371006449,-1.1740770914372204e-14,-2.2257966095497058e-13,0.10523321371006449,ok,23.44
1.2571204432701741,0.738001992915057,125.0,92,6,8,-75.95023806397496,-75.75865249155456,-76.17449686866817,-75.96138963141868,-0.05287780664180271,-2.1419029306180873e-15,-8.123662751049308e-15,0.05287780664180271,ok,16.03
1.2571204432701741,0.9730484681624365,125.0,92,6,8,-76.03467699820945,-75.85320538713364,-76.25915680398211,-76.05740568933741,-0.07670385275120545,1.050231342036808e-15,5.083994944073596e-14,0.07670385275120545,ok,10.67
1.2571204432701741,0.7784650775728821,125.0,92,6,8,-75.98394723142371,-75.79400723732532,-76.20837546763812,-75.9969582702816,0.057612917964981795,-5.22677421993384e-16,-2.901600058110891e-14,0.057612917964981795,ok,14.54
1.2571204432701741,0.7,125.0,92,6,8,-75.90589534163306,-75.71274686797099,-76.12996186589153,-75.91536789864479,-0.048143712122890835,-1.8399886409251256e-15,-7.763693245603987e-15,0.048143712122890835,ok,17.43
1.2571204432701741,0.8217302352684964,125.0,92,6,8,-76.00821990991098,-75.82004932737817,-76.2327777136478,-76.02325550787572,-0.06237246685929825,9.939870825450841e-16,2.9878492127509635e-14,0.06237246685929825,ok,15.35
1.0990821169362144,0.7784650775728821,125.0,92,6,8,-76.00840915965635,-75.76911277809435,-76.24431567888853,-75.97651554629515,0.16990510451105897,1.506329018245061e-15,2.901704347345944e-14,0.16990510451105897,ok,33.02
1.3541907073778483,0.7,125.0,92,6,8,-75.8875968948476,-75.72955181544528,-76.10585853229533,-75.92962109041393,-0.016314806208770675,-1.1914973653971096e-16,2.9301922212169454e-14,0.016314806208770675,ok,9.65
1.2571204432701741,1.0328937646339662,125.0,92,6,8,-76.03099894864793,-75.85268664541448,-76.25516117394302,-76.05730365124425,0.08130966237593529,3.0693591532448894e-15,-5.2554621443238295e-15,0.08130966237593529,ok,11.13
1.2571204432701741,1.0990821169362144,125.0,92,6,8,-76.02238923948572,-75.84832758543027,-76.24598616637932,-76.05355953373315,-0.08541549744132301,8.353920412219501e-16,-2.850920496491579e-14,0.08541549744132301,ok,11.44
1.3541907073778483,1.3541907073778483,125.0,92,6,8,-75.96086279693651,-75.83784086366236,-76.17166546960664,-76.03713893121767,-0.05103987104055158,2.0337992025497354e-14,-2.2785107338157893e-14,0.05103987104055158,ok,7.12
1.2571204432701741,0.9184360891594576,125.0,92,6,8,-76.03265726367515,-75.84862376972612,-76.25728319107732,-76.05246217848565,-0.07195127434574493,1.1080322428836134e-15,3.3126941559593486e-14,0.07195127434574493,ok,17.43
1.3541907073778483,1.0990821169362144,125.0,92,6,8,-76.00671478146974,-75.86144894110271,-76.22370060280171,-76.06249095740583,-0.05067382943087324,-2.4545848461672992e-15,6.4877204496825004e-15,0.05067382943087324,ok,10.44
1.3541907073778483,0.9184360891594576,125.0,92,6,8,-76.01586592630558,-75.86415192470918,-76.23430353028783,-76.06514225253132,-0.03803196042363895,1.1174623908061829e-15,3.7399414849903323e-14,0.03803196042363895,ok,12.45
1.4691596244932197,0.7,125.0,92,6,8,-75.8671125144488,-75.74712871668451,-76.07913669711957,-75.9445117471174,-0.0034094741430350725,-7.636392585738389e-16,-4.1482848812653684e-14,0.0034094741430350725,ok,10.36
1.3541907073778483,0.9730484681624365,125.0,92,6,8,-76.0182440458595,-75.8682583395153,-76.23643585148463,-76.06937929842208,-0.042384467555215855,8.084337801059007e-16,2.702601989841223e-14,0.042384467555215855,ok,11.84
1.2571204432701741,1.2571204432701741,125.0,92,6,8,-75.99443166999195,-75.83880021125778,-76.21433466393,-76.04476556168126,0.07982628977747872,-1.4737443505061668e-14,1.3539403703083061e-14,0.07982628977747872,ok,16.16
1.3541907073778483,1.0328937646339662,125.0,92,6,8,-76.01494594428283,-75.86702968912383,-76.23268286634243,-76.06816723496598,0.046638515877576156,-4.247105336783804e-16,-3.73418639484453e-14,0.046638515877576156,ok,12.01
1.3541907073778483,0.7784650775728821,125.0,92,6,8,-75.96620990055223,-75.81041070023713,-76.18468008655258,-76.01079459341699,-0.02491423346925753,-2.2939260770201534e-15,-8.728769447013906e-15,0.02491423346925753,ok,15.42
1.2571204432701741,1.17311930899858,125.0,92,6,8,-76.00969979738315,-75.84220905596547,-76.23227327586663,-76.04844813210913,-0.08749543219597682,7.173288381212595e-15,-3.634830184891646e-14,0.08749543219597682,ok,17.02
1.4691596244932197,1.17311930899858,125.0,92,6,8,-75.97688433716759,-75.8664890760017,-76.18604886298925,-76.06332725979618,-0.031004941856765698,6.179193699254654e-16,1.2349723088231622e-13,0.031004941856765698,ok,6.87
1.17311930899858,1.0990821169362144,125.0,92,6,8,-76.03512874599431,-75.8390417544398,-76.26531979223945,-76.04966783952236,-0.13253843432238024,3.451865631528054e-15,-1.810144873431393e-14,0.13253843432238024,ok,28.43
1.3541907073778483,0.738001992915057,125.0,92,6,8,-75.93221633146749,-75.77526665947818,-76.15059964589912,-75.97546969242299,0.02059983203479432,-7.844916006486767e-16,-2.7063415641811525e-14,0.02059983203479432,ok,16.98
1.4691596244932197,1.0990821169362144,125.0,92,6,8,-75.98888811810548,-75.87648425188127,-76.19929699606642,-76.074035083526,0.02756214982156347,-6.487836894809333e-15,-1.0319734792052826e-13,0.02756214982156347,ok,9.03
1.3541907073778483,0.8217302352684964,125.0,92,6,8,-75.99077971658426,-75.83621330220069,-76.20929988801717,-76.03677398163153,0.029265927167664615,-1.0425502358285117e-16,-1.8120416847519145e-14,0.029265927167664615,ok,16.71
1.4691596244932197,1.0328937646339662,125.0,92,6,8,-75.99670222720371,-75.88279914582753,-76.2079344637315,-76.08079946159611,-0.023846853771660625,1.9073264575139203e-15,3.281521050657511e-14,0.023846853771660625,ok,10.27
1.3541907073778483,1.17311930899858,125.0,92,6,8,-75.9942811870954,-75.85278099605424,-76.21008513335566,-76.053692454918,0.054174110068155146,-2.9855839388045436e-15,-1.5680430136088115e-14,0.054174110068155146,ok,15.4
1.4691596244932197,1.4691596244932197,125.0,92,6,8,-75.92447207362707,-75.83415390915522,-76.12518158927497,-76.0257630630819,0.03279086646783077,-2.3351026430802987e-14,3.5454061928832955e-14,0.03279086646783077,ok,8.16
1.3541907073778483,0.8682146206261605,125.0,92,6,8,-76.00700587111018,-75.85378769095215,-76.22553528354263,-76.05457617173793,-0.03364372031003142,4.769249979510115e-16,1.9594673592996912e-14,0.03364372031003142,ok,18.28
1.0990821169362144,0.7,125.0,92,6,8,-75.93130783970551,-75.68677010135691,-76.16647415140201,-75.89348784488648,0.15864284731962192,3.585257674045378e-15,2.6710213249067773e-14,0.15864284731962192,ok,45.12
1.0328937646339662,0.738001992915057,125.0,92,6,8,-75.98520871136982,-75.73166747723764,-76.22400934964638,-75.93918606723929,-0.2940481676395427,-2.1716781384733626e-15,-1.054015867608674e-14,0.2940481676395427,ok,56.1
1.4691596244932197,0.9730484681624365,125.0,92,6,8,-75.99961370428514,-75.88449677382604,-76.2114119425742,-76.08270163381775,0.01998928586101275,5.4123205920546855e-15,1.765980022066415e-14,0.01998928586101275,ok,13.9
1.4691596244932197,0.7784650775728821,125.0,92,6,8,-75.94627979150974,-75.8276604491254,-76.15846141923721,-76.02536898183394,0.004252211170205404,-5.402416217149978e-16,-4.1412734006423344e-14,0.004252211170205404,ok,16.66
1.4691596244932197,0.738001992915057,125.0,92,6,8,-75.91200569643314,-75.79268651378919,-76.12412355269963,-75.99021963745591,-0.00039710971717004523,-2.8260918645153876e-15,-7.815042610617283e-15,0.00039710971717004523,ok,17.94
1.6101543756409509,1.0990821169362144,125.0,92,6,8,-75.97039341252824,-75.89182708009312,-76.17415138590961,-76.08629412837251,0.013606219214647993,4.424374613334132e-15,1.7474418804537862e-14,0.013606219214647993,ok,7.63
1.6101543756409509,0.8217302352684964,125.0,92,6,8,-75.9510903160286,-75.87000736354705,-76.1565795282043,-76.06526483804349,0.002931964555678259,-1.1647629487427743e-14,-6.834349048339092e-14,0.002931964555678259,ok,8.79
1.6101543756409509,1.17311930899858,125.0,92,6,8,-75.95876691768575,-75.88110624531843,-76.16124831343946,-76.07454958478682,-0.016659902578161793,7.114277011355597e-15,3.3120437775355294e-13,0.016659902578161793,ok,7.59
1.6101543756409509,1.0328937646339662,125.0,92,6,8,-75.97785255000295,-75.89859433204953,-76.1824723725378,-76.09370007413958,0.010393099550259435,-6.21095201793729e-15,-1.1432791173600433e-13,0.010393099550259435,ok,8.0
1.4691596244932197,0.8682146206261605,125.0,92,6,8,-75.98768220436642,-75.87062764459412,-76.19989381800744,-76.06870664374263,-0.012101121715693969,-6.835346623244872e-16,2.761286925763979e-14,0.012101121715693969,ok,16.9
1.4691596244932197,1.2571204432701741,125.0,92,6,8,-75.9614288295862,-75.85408358355986,-76.16879174501192,-76.04986478182381,-0.033935633713690544,-1.5481221940660906e-14,1.8979659016696238e-13,0.033935633713690544,ok,16.57
1.6101543756409509,1.4691596244932197,125.0,92,6,8,-75.90666398073546,-75.83689065999471,-76.10120187564081,-76.02370809472738,0.02334242526790792,-2.92062773322976e-14,3.9948254924730706e-14,0.02334242526790792,ok,8.54
1.6101543756409509,0.9184360891594576,125.0,92,6,8,-75.97738192926823,-75.89708901676507,-76.18278360062409,-76.09255317166695,0.0037352862570656335,-3.043679169021557e-15,-4.8161679635725346e-14,0.0037352862570656335,ok,11.95
1.4691596244932197,0.9184360891594576,125.0,92,6,8,-75.99687515041896,-75.88072910509726,-76.20893630800825,-76.07889631494048,-0.016048227571283977,3.401559139873583e-16,1.7240141101821802e-14,0.016048227571283977,ok,20.09
1.6101543756409509,0.9730484681624365,125.0,92,6,8,-75.98042995528922,-75.90061226602029,-76.1855698021327,-76.09601383273343,0.007084038739083812,5.40828760653537e-15,1.399940690998194e-14,0.007084038739083812,ok,11.87
1.6101543756409509,0.7,125.0,92,6,8,-75.84632357537254,-75.76429203588721,-76.05157292205426,-75.95899606638628,0.012570684472501738,3.0874403513902004e-15,1.2187626708517626e-13,0.012570684472501738,ok,15.39
1.6101543756409509,0.738001992915057,125.0,92,6,8,-75.89145312615997,-75.80971760470874,-76.09679381889912,-76.00460980270779,0.00942030548713628,1.4575717429831298e-15,6.035509109163608e-14,0.00942030548713628,ok,15.39
1.4691596244932197,0.8217302352684964,125.0,92,6,8,-75.97114330622078,-75.85327322575094,-76.18334795766187,-76.05113601475215,0.00816416271681563,-6.101544198919906e-16,-1.9071768991877422e-14,0.00816416271681563,ok,23.48
3.4,3.2199999999999998,115.0,92,6,8,-75.80439767741537,-75.80410316530823,-75.9588802836126,-75.95844772440583,0.00043840590159823964,-2.8777576415651126e-11,8.577039488883536e-11,0.00043840590159824897,ok,104.44
1.7925140766422638,0.9730484681624365,125.0,92,6,8,-75.96288398888849,-75.91544737519959,-76.16147525398834,-76.10824644593407,-0.0018152015076700473,1.0727526055502893e-14,1.1186703311249255e-14,0.0018152015076700473,ok,9.24
1.7925140766422638,0.9184360891594576,125.0,92,6,8,-75.95964622475408,-75.91210239837224,-76.1584833636461,-76.10504183169046,0.0006358505086858195,-1.662870544190906e-15,-2.2339594150929706e-14,0.0006358505086858195,ok,9.66
1.6101543756409509,0.7784650775728821,125.0,92,6,8,-75.92597115294248,-75.84454954017627,-76.1314001565554,-76.03962353421903,0.006204852904550029,7.388877910449852e-15,1.271024411629324e-13,0.006204852904550029,ok,16.79
1.7925140766422638,0.8217302352684964,125.0,92,6,8,-75.9330064604057,-75.88531183502226,-76.13179417430845,-76.0780598719849,-0.0054788649423653454,2.321473930670061e-15,2.000825461553548e-14,0.0054788649423653454,ok,12.04
1.7925140766422638,1.2571204432701741,125.0,92,6,8,-75.92702460868759,-75.88059016047954,-76.12124541825439,-76.06934530830488,0.011201000146502854,-1.6380136145356046e-14,4.3046230693247985e-14,0.011201000146502854,ok,9.04
1.6101543756409509,0.8682146206261605,125.0,92,6,8,-75.96789904363793,-75.8871894790835,-76.17339938807763,-76.0825847594787,0.00038794633812561444,-8.781418117427706e-15,-1.214635716005724e-13,0.00038794633812561444,ok,17.79
1.7925140766422638,1.4691596244932197,125.0,92,6,8,-75.89032517299762,-75.84598594853408,-76.0784353955933,-76.02880454361622,-0.014899054121467038,-1.948760793657254e-14,1.4398869124619982e-14,0.014899054121467038,ok,9.57
1.7925140766422638,0.738001992915057,125.0,92,6,8,-75.8730601162898,-75.82526068176567,-76.07158200239482,-76.01762802088766,0.010122056497334768,-4.928016992069311e-15,-9.220093663783787e-15,0.010122056497334768,ok,14.36
1.6101543756409509,1.6101543756409509,125.0,92,6,8,-75.88747331629823,-75.82773187770857,-76.07716853458517,-76.01065210564194,-0.022043405372587588,-1.3865163046696046e-13,2.699343413621175e-13,0.022043405372587588,ok,15.83
1.7925140766422638,1.0990821169362144,125.0,92,6,8,-75.9532677176799,-75.90615271736901,-76.15058208748665,-76.09787764720342,-0.006677920282742868,-2.2760802289613574e-15,-2.047323986700566e-14,0.006677920282742868,ok,11.97
1.7925140766422638,1.17311930899858,125.0,92,6,8,-75.94186682521419,-75.8950180014725,-76.13791870637698,-76.0855387865393,0.009005949003507513,-5.811814790849675e-15,-6.630591521745879e-14,0.009005949003507513,ok,12.07
1.7925140766422638,0.7,125.0,92,6,8,-75.82778484876417,-75.77994304170343,-76.02612483819955,-75.97210387894513,-0.012353497845380682,1.7935147144875518e-15,3.273184513777215e-14,0.012353497845380682,ok,16.97
1.6101543756409509,1.3541907073778483,125.0,92,6,8,-75.92598586116438,-75.85182841912228,-76.12404902111777,-76.04157833460691,-0.02182306606033131,-1.0977240625400093e-14,2.5012996269791858e-14,0.02182306606033131,ok,18.99
1.6101543756409509,1.2571204432701741,125.0,92,6,8,-75.94369574063549,-75.86734815030577,-76.14433814166885,-76.05926560341574,0.019453516718916743,-1.4320197528347055e-14,1.4955074728477755e-13,0.019453516718916743,ok,19.1
2.0510782147427644,0.7784650775728821,125.0,92,6,8,-75.89418322856945,-75.87279991615503,-76.08709658713467,-76.06320776548941,-0.0037257636081608862,1.435506658618428e-14,2.786103399893096e-14,0.0037257636081608862,ok,8.88
1.3541907073778483,1.2571204432701741,125.0,92,6,8,-75.97848073034226,-75.84328078732827,-76.19255875646088,-76.04405864103012,0.056025954584807455,-2.0829445683048896e-15,-1.7162664242257044e-14,0.056025954584807455,ok,32.21
1.4691596244932197,1.3541907073778483,125.0,92,6,8,-75.94342034140142,-75.84159809258503,-76.14820405647643,-76.03590810516856,-0.03560822050844904,1.4787217878694266e-14,-2.26784294522547e-14,0.03560822050844904,ok,26.51
1.7925140766422638,1.0328937646339662,125.0,92,6,8,-75.96050976445412,-75.91320971432486,-76.1586370200488,-76.10564957107461,-0.00426673595751044,-1.5806002098596215e-15,-1.421131638826734e-14,0.00426673595751044,ok,14.16
1.7925140766422638,0.7784650775728821,125.0,92,6,8,-75.90772924559195,-75.85997746279465,-76.10640218011181,-76.05255382770552,-0.007828718266918114,5.6818754769097975e-15,1.5651089619217612e-14,0.007828718266918114,ok,18.25
2.0510782147427644,1.4691596244932197,125.0,92,6,8,-75.87700096020318,-75.85588712682969,-76.0595603245396,-76.03582320655768,0.008977302020844648,3.434250296012414e-15,5.507082802141282e-14,0.008977302020844648,ok,5.06
1.7925140766422638,1.7925140766422638,125.0,92,6,8,-75.85268396652744,-75.81940889828742,-76.03070387470777,-75.99292744841365,0.015405363996141258,-7.174446678544573e-14,1.615940459781629e-13,0.015405363996141258,ok,11.63
2.0510782147427644,1.3541907073778483,125.0,92,6,8,-75.89619542412767,-75.87474672666995,-76.08237525613504,-76.05837446009572,0.00791293412492702,-1.57694896722784e-14,-3.0521475001906063e-15,0.00791293412492702,ok,7.77
2.0510782147427644,0.8217302352684964,125.0,92,6,8,-75.91947790650647,-75.89804247302314,-76.11258648031472,-76.08864040356407,-0.0024813802733303775,-1.1895968410854217e-14,-1.8712369920272768e-14,0.0024813802733303775,ok,12.37
2.0510782147427644,1.2571204432701741,125.0,92,6,8,-75.91366899914773,-75.89207898765372,-76.10248669033959,-76.07838007363945,-0.006727787017691878,-8.090117900876156e-15,-1.5387012562682285e-15,0.006727787017691878,ok,9.3
2.0510782147427644,1.0990821169362144,125.0,92,6,8,-75.93985589538848,-75.91821587689829,-76.13176622456335,-76.10768409905458,-0.004144822156877679,-8.19312755994157e-16,-5.810424581010706e-15,0.004144822156877679,ok,9.92
1.7925140766422638,1.6101543756409509,125.0,92,6,8,-75.8706895943528,-75.82947754803213,-76.05422754306159,-76.00785467875265,0.016092556763024554,3.157492800155136e-15,-1.2258683520701073e-14,0.016092556763024554,ok,17.06
2.0510782147427644,1.17311930899858,125.0,92,6,8,-75.92848376406876,-75.90684516253705,-76.11914370022517,-76.09500322656277,0.005461655753849045,2.093234632041475e-15,2.4575977821410817e-14,0.005461655753849045,ok,10.63
2.0510782147427644,1.0328937646339662,125.0,92,6,8,-75.9470699294435,-75.92545369744022,-76.13976000766577,-76.11568571388119,-0.0028013249037163925,-1.5405302425039504e-15,-6.550373116026574e-15,0.0028013249037163925,ok,12.06
2.0510782147427644,0.8682146206261605,125.0,92,6,8,-75.93647372498404,-75.91498764115092,-76.12969305551397,-76.10571429609855,0.00119917143061056,-1.4091793820917056e-15,-5.220218393418985e-15,0.00119917143061056,ok,14.6
1.7925140766422638,0.8682146206261605,125.0,92,6,8,-75.94998397584169,-75.90235697372648,-76.14882883008542,-76.09524234322762,0.00307842611462986,-1.5928505833359393e-14,-4.4294332172538177e-14,0.00307842611462986,ok,23.0
2.0510782147427644,0.7,125.0,92,6,8,-75.81420610683779,-75.79292781872022,-76.00670361540088,-75.98287498495637,0.006083933875471187,-1.485765989102438e-14,-2.117905286500305e-14,0.006083933875471187,ok,16.44
2.0510782147427644,0.738001992915057,125.0,92,6,8,-75.85949795306124,-75.83816720327465,-76.05223921061699,-76.02835564503067,-0.00493768668169867,-1.8589523886713724e-15,4.301078182675674e-16,0.00493768668169867,ok,15.6
1.7925140766422638,1.3541907073778483,125.0,92,6,8,-75.9095286643534,-75.86380628673987,-76.10116225709744,-76.05008053793057,0.013195330007363028,3.033538245489264e-14,-7.15545101288909e-14,0.013195330007363028,ok,19.3
2.5,1.3541907073778483,125.0,92,6,8,-75.88791506764218,-75.88260625514576,-76.07047660072928,-76.06441316456737,0.00342327113374864,6.3048806064082105e-15,7.53377182524452e-15,0.00342327113374864,ok,6.38
2.5,0.7784650775728821,125.0,92,6,8,-75.88672059724635,-75.88163143985635,-76.07601401456274,-76.07044372047368,-0.00016513204496482106,-1.4204815720761484e-14,-2.429760673786886e-14,0.00016513204496482106,ok,11.64
2.5,0.738001992915057,125.0,92,6,8,-75.8521115636679,-75.84705323543724,-76.0412041452226,-76.03561084046206,0.00016606507881394925,-2.209565657706977e-14,-3.6439233858570776e-14,0.00016606507881394925,ok,11.77
2.5,1.4691596244932197,125.0,92,6,8,-75.86865056607957,-75.86338556763685,-76.04745733666233,-76.04141714451879,-0.0037346779373950874,6.712100717178195e-15,6.504673664054628e-15,0.0037346779373950874,ok,9.51
2.5,0.7,125.0,92,6,8,-75.80689191832506,-75.80186294846354,-75.9957210509853,-75.99015393330961,-0.0004590182578086558,-6.878818305604833e-15,-1.0340520292599583e-14,0.0004590182578086558,ok,13.67
2.68,1.0328937646339662,125.0,92,6,8,-75.93813357022302,-75.93518904667101,-76.12682353057686,-76.12353278227404,0.0014672282025317996,-4.213558964610507e-15,-7.664224846751058e-15,0.0014672282025317996,ok,4.74
2.0510782147427644,0.9730484681624365,125.0,92,6,8,-75.94941830109417,-75.92783929936749,-76.14251215041811,-76.11844587703261,0.0014529856699343029,9.8454708432852e-15,2.7028579316022326e-14,0.0014529856699343029,ok,18.35
2.0510782147427644,1.7925140766422638,125.0,92,6,8,-75.83895263056934,-75.82051073479657,-76.01112133485587,-75.98991656202071,-0.010461257580650581,-5.202858688661095e-14,1.2662893141248015e-13,0.010461257580650581,ok,15.97
2.0510782147427644,0.9184360891594576,125.0,92,6,8,-75.94615642153147,-75.92462182174779,-76.13941381204394,-76.11537871574919,0.00011477951924102579,1.023448415418374e-14,2.6117048610032065e-14,0.00011477951924102579,ok,20.3
2.0510782147427644,1.6101543756409509,125.0,92,6,8,-75.8573221102104,-75.83698267685497,-76.03516309408955,-76.01209558041774,0.009864830551515553,-8.339632538659974e-14,2.679609493304915e-13,0.009864830551515553,ok,17.49
2.5,0.8217302352684964,125.0,92,6,8,-75.91193495481525,-75.90681448236606,-76.1014379328647,-76.0958126274977,-0.0004985356896790765,4.6423755365097e-15,7.984238924779741e-15,0.0004985356896790765,ok,14.39
2.5,0.9184360891594576,125.0,92,6,8,-75.93844212371408,-75.93325739952516,-76.12817758966347,-76.12244940412147,-0.001198478959229094,-1.2404436909643811e-14,-2.320848696706054e-14,0.001198478959229094,ok,14.44
2.5,0.9730484681624365,125.0,92,6,8,-75.94161314818287,-75.93639591210544,-76.1312116902218,-76.12542897785222,0.0015765502659811463,-9.59726005769444e-15,-1.7601768181046846e-14,0.0015765502659811463,ok,14.28
2.5,1.17311930899858,125.0,92,6,8,-75.92038916140729,-75.91508776876097,-76.10757399933213,-76.10163862118503,-0.002710031887065143,8.379144923744502e-15,1.848820579631602e-14,0.002710031887065143,ok,15.84
2.5,1.0328937646339662,125.0,92,6,8,-75.93917048781091,-75.93392168151118,-76.12837023569665,-76.12253710877872,0.0019527056935769263,-1.0065577273395486e-14,-1.909121028687097e-14,0.0019527056935769263,ok,16.05
2.68,1.0990821169362144,125.0,92,6,8,-75.93079798677407,-75.92783451937385,-76.11872483189309,-76.11539707606853,-0.0016889601400937727,-1.7720804224451703e-14,-3.120857278813012e-14,0.0016889601400937727,ok,8.61
2.5,1.0990821169362144,125.0,92,6,8,-75.93185944082744,-75.92658165225018,-76.12029929066424,-76.11442046853591,-0.0023333569269876043,-3.465289016669202e-15,-7.204421902747632e-15,0.0023333569269876043,ok,16.32
2.5,1.2571204432701741,125.0,92,6,8,-75.90547790016882,-75.90016305825507,-76.09075669984891,-76.08475738855006,-0.0030772672848705307,-5.148064162434675e-16,-4.329419518699977e-15,0.0030772672848705307,ok,15.94
2.68,0.738001992915057,125.0,92,6,8,-75.85120521685452,-75.84838377270722,-76.03975563735673,-76.03666182473499,-0.0002500068149375095,-1.601742010759168e-14,-2.58805329951634e-14,0.0002500068149375095,ok,12.21
2.5,1.6101543756409509,125.0,92,6,8,-75.84894697286747,-75.84380271900856,-76.02284113576364,-76.01689730195139,-0.003992864851173315,-3.0551811403445988e-15,-5.144013102234683e-15,0.003992864851173315,ok,15.19
2.68,0.7784650775728821,125.0,92,6,8,-75.8857948160121,-75.88295371428578,-76.07457591471257,-76.07151990076015,-0.0004359528712029057,-2.091164817656228e-14,-3.4520231337444356e-14,0.0004359528712029057,ok,13.95
2.68,0.8217302352684964,125.0,92,6,8,-75.91098889655264,-75.90812760573178,-76.09998751460121,-76.0968859110209,-0.000628112838175046,-1.9488995811981193e-14,-3.353941571343828e-14,0.000628112838175046,ok,14.79
2.68,0.9730484681624365,125.0,92,6,8,-75.94060038733762,-75.93767626295278,-76.12969347136529,-76.12644039333264,0.0012499952052863381,2.290970222739178e-15,4.052859223935356e-15,0.0012499952052863381,ok,14.33
2.68,1.17311930899858,125.0,92,6,8,-75.91930336947374,-75.91632408443004,-76.10597012253176,-76.1025754120799,-0.0019079946369491246,-1.1152137254025782e-14,-1.990084243704664e-14,0.0019079946369491246,ok,10.4
2.68,0.8682146206261605,125.0,92,6,8,-75.92787963407991,-75.92499764230017,-76.11703640796964,-76.11388018419254,-0.0008293019662497557,4.425645310933078e-15,7.758823317188102e-15,0.0008293019662497557,ok,15.64
2.5,2.0510782147427644,125.0,92,6,8,-75.81633918583034,-75.81196456763446,-75.97823442137538,-75.97304286091054,-0.004290140352900678,-1.1125148736937735e-14,-1.421367947503487e-14,0.004290140352900678,ok,18.32
2.68,1.6101543756409509,125.0,92,6,8,-75.84780087875193,-75.84489654612798,-76.02110961730365,-76.01772865134389,-0.0026470154150030818,-2.5395453056728393e-15,-1.2153676060762492e-14,0.0026470154150030818,ok,13.66
2.86,0.9184360891594576,125.0,92,6,8,-75.93690933634207,-75.9352921959803,-76.12581443114374,-76.12403226819526,0.0007953976467643081,2.8587229770608185e-15,4.6695067764332406e-15,0.0007953976467643081,ok,9.06
2.86,0.9730484681624365,125.0,92,6,8,-75.9400420989993,-75.93841188245102,-76.12883070760311,-76.12701217263104,0.0009178402208969601,2.7753892355225538e-15,4.524922884377147e-15,0.0009178402208969601,ok,9.26
2.68,1.3541907073778483,125.0,92,6,8,-75.88678548561836,-75.88379726440124,-76.0688089573384,-76.065366152896,0.00232354203494578,-2.3608001212308175e-16,7.505410030846003e-16,0.00232354203494578,ok,15.18
2.86,0.738001992915057,125.0,92,6,8,-75.8507154993733,-75.84914902822517,-76.03898379531154,-76.03727119039681,0.00034240718464378754,3.717402647645796e-15,5.915435392965934e-15,0.00034240718464378754,ok,12.78
2.68,1.2571204432701741,125.0,92,6,8,-75.90436883696773,-75.90137962201592,-76.0891337135045,-76.08570677227283,0.002121018786736671,4.927763429877535e-15,9.901770173785635e-15,0.002121018786736671,ok,16.09
2.68,0.9184360891594576,125.0,92,6,8,-75.93745265048442,-75.93454960821876,-76.12666269244463,-76.12346243452743,-0.0010343504937038819,-1.2496226155672954e-14,-2.1486801320711417e-14,0.0010343504937038819,ok,20.56
2.0510782147427644,2.0510782147427644,125.0,92,6,8,-75.8245244080996,-75.81086584381072,-75.99090265535662,-75.9750508269404,0.009570218612472543,-3.007761615996988e-14,1.1171137718939246e-14,0.009570218612472543,ok,30.01
2.5,0.8682146206261605,125.0,92,6,8,-75.92884692289903,-75.9236945034114,-76.11851122576871,-76.11283460805869,0.000848169729299816,2.5042185984562045e-15,4.583490579502618e-15,0.000848169729299816,ok,27.79
2.5,2.5,125.0,92,6,8,-75.80827875805656,-75.80559766526956,-75.96575543784068,-75.96262678888672,-0.0035763423420152626,8.762072717693867e-14,4.6161888557907975e-14,0.0035763423420152626,ok,23.4
2.86,1.4691596244932197,125.0,92,6,8,-75.86686642285709,-75.86520669880288,-76.04478986807192,-76.0428338040665,-0.0016384377767098292,2.1457122562986965e-15,5.254658380731822e-15,0.0016384377767098292,ok,7.24
2.86,1.0328937646339662,125.0,92,6,8,-75.93755986786026,-75.93591706962945,-76.12594947434977,-76.124109985664,0.0010453241507558733,-4.896758127400854e-15,-8.229312328516573e-15,0.0010453241507558733,ok,11.88
2.68,1.7925140766422638,125.0,92,6,8,-75.8295247297794,-75.82676500017695,-75.99687931948274,-75.99362666962386,-0.0027389894458474755,1.0481202449956011e-14,1.2747676381092312e-14,0.0027389894458474755,ok,17.32
2.86,0.7,125.0,92,6,8,-75.80552567172984,-75.80397109093775,-75.99353969458174,-75.99184171866656,0.00024920717136977686,4.999802096792399e-15,8.212273737557191e-15,0.00024920717136977686,ok,15.57
2.86,0.7784650775728821,125.0,92,6,8,-75.88529264098108,-75.8837139854464,-76.07380223397504,-76.07214759563281,-0.00043399303074629324,-2.1028730902748156e-14,-3.380560452932584e-14,0.00043399303074629324,ok,15.62
2.5,1.7925140766422638,125.0,92,6,8,-75.83064628968044,-75.82578353435467,-75.99862220932242,-75.99293296218454,0.004165343420150934,-4.057661375391747e-15,-6.28983873878037e-16,0.004165343420150934,ok,26.3
2.86,0.8682146206261605,125.0,92,6,8,-75.92735073370753,-75.92574657655987,-76.11621809803648,-76.11448226562975,-0.00067389902221814,-1.2990000413751682e-14,-2.118279356598721e-14,0.00067389902221814,ok,14.99
2.86,1.2571204432701741,125.0,92,6,8,-75.90374981595158,-75.9020793710579,-76.08822337235878,-76.08629354652463,-0.001420183779723771,4.840573588736822e-15,8.281554997430694e-15,0.001420183779723771,ok,11.58
2.86,1.0990821169362144,125.0,92,6,8,-75.9302086801679,-75.92855428469358,-76.11783865643895,-76.11594240345475,0.0011730188229852221,1.904084274653179e-14,3.201922373586745e-14,0.0011730188229852221,ok,13.9
2.68,1.4691596244932197,125.0,92,6,8,-75.86750634139995,-75.86453981473664,-76.04575821998581,-76.04230585691641,-0.002502686921404779,-2.2517598324484846e-14,-2.871801550715331e-14,0.002502686921404779,ok,20.47
2.86,1.7925140766422638,125.0,92,6,8,-75.82890029785796,-75.82734839382852,-75.99587575920555,-75.99402445883652,-0.0017626233907896364,2.642139631782259e-14,3.750175175953011e-14,0.0017626233907896364,ok,9.86
2.68,0.7,125.0,92,6,8,-75.8060035294726,-75.80320138806181,-75.99432790701128,-75.99123928831362,7.920622340572758e-05,4.547287479780232e-15,7.146259932483132e-15,7.920622340572758e-05,ok,27.71
2.68,2.0510782147427644,125.0,92,6,8,-75.8152850432948,-75.81282232908957,-75.97652203339482,-75.97357208122249,-0.0028098084423477153,-2.604200923708509e-15,-6.743463748862785e-15,0.0028098084423477153,ok,19.85
2.86,1.17311930899858,125.0,92,6,8,-75.91869880090621,-75.91703457763884,-76.10507912388788,-76.10317394138372,0.0012993890771405034,-1.0630819560556898e-14,-1.8059181323022514e-14,0.0012993890771405034,ok,15.6
2.68,2.68,125.0,92,6,8,-75.80621773387122,-75.79525088421148,-75.96240175284213,-75.9545468305364,-2.1980830705849923e-07,4.962762171448451e-16,-1.14724729565306e-15,2.1980830705849923e-07,ok,20.39
2.68,2.5,125.0,92,6,8,-75.80663892856151,-75.80548157073582,-75.96338303445982,-75.96191250888556,-0.003169524128962216,3.2877317715603116e-15,5.688041617820248e-15,0.003169524128962216,ok,21.63
3.04,1.0328937646339662,125.0,92,6,8,-75.93724144010153,-75.93633042947584,-76.12545527069103,-76.12441188321432,0.0007229197164829672,-4.3875448906812415e-15,-6.511654929649131e-15,0.0007229197164829672,ok,7.89
2.86,0.8217302352684964,125.0,92,6,8,-75.91047369350227,-75.90888243830275,-76.0991835449252,-76.09749076110765,-0.0005624672772436431,1.0472980133466507e-14,1.6990376060002146e-14,0.0005624672772436431,ok,21.0
3.04,0.8682146206261605,125.0,92,6,8,-75.92705974080496,-75.9261717955915,-76.11575535552666,-76.11481323408178,-0.0005101878093325182,-1.8654750370550994e-14,-2.9839735744567356e-14,0.0005101878093325182,ok,10.79
3.04,0.9184360891594576,125.0,92,6,8,-75.93660948874,-75.93571375730998,-76.12533419443798,-76.12435158527747,-0.0005796041892003096,4.29633213680409e-15,7.115581723910757e-15,0.0005796041892003096,ok,10.87
3.04,0.7784650775728821,125.0,92,6,8,-75.88501830471213,-75.8841456971932,-76.07331444097157,-76.07243958964095,0.00038196443787970194,3.479156732048147e-15,5.20243010885717e-15,0.00038196443787970194,ok,11.94
2.86,2.68,125.0,92,6,8,-75.80581782468562,-75.80474363862012,-75.9616022973111,-75.96034794810049,-0.0017461135913305842,5.817743945619538e-14,4.655788042629565e-14,0.0017461135913305842,ok,13.82
2.86,2.0510782147427644,125.0,92,6,8,-75.81470817184412,-75.81330122485005,-75.97555325963054,-75.97383661243879,0.0017377283922755343,3.6532939307882735e-14,5.1685785603498825e-14,0.0017377283922755343,ok,17.38
2.86,1.6101543756409509,125.0,92,6,8,-75.84716044301618,-75.84553321589829,-76.02012767713337,-76.01820379037243,0.001719322616494629,-1.8805256360219297e-15,-3.4721899375795984e-16,0.001719322616494629,ok,19.15
3.04,1.4691596244932197,125.0,92,6,8,-75.86650953393433,-75.86558717514146,-76.04424113775094,-76.04312237780279,-0.0010622608324049822,-8.898963927492483e-15,-1.3356505046329328e-14,0.0010622608324049822,ok,11.4
2.86,2.5,125.0,92,6,8,-75.80602223348583,-75.80465847322012,-75.96235161700533,-75.96090046378552,0.0025433329499981094,2.4857905177308374e-14,2.4696086540632227e-14,0.0025433329499981094,ok,16.88
3.04,0.738001992915057,125.0,92,6,8,-75.85044878811786,-75.84958371284047,-76.03856851209511,-76.03762276055288,-0.00030737288909122836,-2.300749505625172e-14,-3.5460706401157063e-14,0.00030737288909122836,ok,16.27
3.04,0.8217302352684964,125.0,92,6,8,-75.91019120609927,-75.90931102093734,-76.09872320928227,-76.09781455125434,-0.00044765730207048425,9.832568334761338e-15,1.5635626359920368e-14,0.00044765730207048425,ok,16.45
3.04,1.0990821169362144,125.0,92,6,8,-75.92988089030297,-75.92896305551898,-76.11733538733262,-76.11625149599735,-0.0007972205361799986,-3.4073827950611305e-15,-5.1395263496947534e-15,0.0007972205361799986,ok,14.41
3.04,0.9730484681624365,125.0,92,6,8,-75.93973301369684,-75.938829542764,-76.12834641783368,-76.12733115692808,0.0006513096300980433,4.40745882937702e-15,7.281179331133775e-15,0.0006513096300980433,ok,15.93
3.04,1.2571204432701741,125.0,92,6,8,-75.90340464935487,-75.90247721425828,-76.08769903009093,-76.08660925003986,0.0009402641097822105,-5.088238754980032e-15,-8.18790800738285e-15,0.0009402641097822105,ok,15.28
3.2199999999999998,0.7,125.0,92,6,8,-75.80512476463983,-75.80465419739048,-75.99286856866058,-75.99237554021292,-0.00023048096050956417,3.2253373011707683e-15,4.667854607428127e-15,0.00023048096050956417,ok,11.46
3.04,0.7,125.0,92,6,8,-75.8052663796009,-75.80440834623732,-75.99309550591398,-75.9921926268991,0.0002643025640056019,4.400786182066607e-15,6.598978880685485e-15,0.0002643025640056019,ok,19.7
2.86,1.3541907073778483,125.0,92,6,8,-75.88615408208406,-75.88448329538335,-76.06787363819345,-76.06593083867945,-0.0015372985290038382,9.072722912641075e-15,1.6031142297620854e-14,0.0015372985290038382,ok,26.92
3.2199999999999998,0.8217302352684964,125.0,92,6,8,-75.9100355796532,-75.90955209278198,-76.09847522904435,-76.09799592952982,0.0003356527033662629,3.5133230735383176e-15,5.305154623141753e-15,0.0003356527033662629,ok,11.87
3.04,1.17311930899858,125.0,92,6,8,-75.91836191282314,-75.91743834704894,-76.10456743209917,-76.1034841805491,0.0008692525519065283,-4.0729338376020386e-15,-6.819225358561973e-15,0.0008692525519065283,ok,19.7
3.2199999999999998,0.9184360891594576,125.0,92,6,8,-75.93644349885491,-75.93595100366164,-76.12507345888469,-76.12453825024659,-0.0004177263583167606,-1.8446119886593146e-14,-2.919402046142926e-14,0.0004177263583167606,ok,11.16
3.2199999999999998,1.0990821169362144,125.0,92,6,8,-75.92969862738016,-75.9291934538492,-76.11705064504278,-76.11642290172337,0.0005437326134886664,1.4183686755508104e-14,2.1645910686277978e-14,0.0005437326134886664,ok,10.2
3.2199999999999998,1.6101543756409509,125.0,92,6,8,-75.8466056999694,-75.8461060715403,-76.01923463658719,-76.0185903133344,0.0007160891111679808,-1.2323330076328814e-15,-6.546603767927642e-16,0.0007160891111679808,ok,8.88
3.04,3.04,125.0,92,6,8,-75.80388181504782,-75.80325096208342,-75.95882422533757,-75.95812340388177,1.0495939414916476e-08,-6.002403892801335e-14,1.1500341559665628e-13,1.0495939415718151e-08,ok,19.98
3.2199999999999998,1.4691596244932197,125.0,92,6,8,-75.86631124229216,-75.86580282001154,-76.04392551620359,-76.04327864536792,-0.000691992361284511,1.7677286211984084e-14,2.5856267076196882e-14,0.000691992361284511,ok,10.86
3.2199999999999998,0.9730484681624365,125.0,92,6,8,-75.93956165191388,-75.93906460993813,-76.1280784174109,-76.12751924980391,0.00045851198068479725,3.1770101500671974e-15,4.892206032209235e-15,0.00045851198068479725,ok,14.68
3.04,1.6101543756409509,125.0,92,6,8,-75.84680362069442,-75.84589828821872,-76.01956554667274,-76.01845939585682,-0.0011052294941606964,-9.617005801004287e-15,-1.3905003971105307e-14,0.0011052294941606964,ok,22.14
2.86,2.86,125.0,92,6,8,-75.8045071436069,-75.80255237573299,-75.95985125298813,-75.95769795741562,-1.302138477132195e-07,2.7255350099943044e-14,-5.220955327476957e-14,1.3021384771323282e-07,ok,27.6
3.04,2.0510782147427644,125.0,92,6,8,-75.81438789611764,-75.81358899619067,-75.97500710758065,-75.97399284530945,-0.0010894463307757432,-1.71354353653887e-14,-2.7845491871367126e-14,0.0010894463307757432,ok,23.34
3.04,1.7925140766422638,125.0,92,6,8,-75.82855336056869,-75.82768722441226,-75.99530656458857,-75.99424180402555,0.001124429495874032,-3.0876117868782172e-15,-3.0751184918724856e-15,0.001124429495874032,ok,25.93
3.2199999999999998,3.2199999999999998,125.0,92,6,8,-75.80447581301429,-75.80361922861627,-75.9592759699637,-75.9583178853151,-1.725745248948871e-07,1.6810699077384117e-13,-1.7142537666193748e-13,1.7257452489505412e-07,ok,9.8
3.04,1.3541907073778483,125.0,92,6,8,-75.88580179137736,-75.88487388641329,-76.06733978955204,-76.06622868804338,0.00100554176531445,7.320977312664766e-15,1.1219598832832468e-14,0.00100554176531445,ok,29.82
3.2199999999999998,1.7925140766422638,125.0,92,6,8,-75.82836155698715,-75.82788182159472,-75.99498222523931,-75.99435528438869,0.0007223052746814284,-5.3301687104574895e-15,-5.401078518131897e-15,0.0007223052746814284,ok,17.78
3.4,0.7,125.0,92,6,8,-75.80504713723839,-75.80479154381581,-75.99275099675431,-75.99250704648999,-0.00019581775060438468,-1.8081420670727843e-14,-2.694176813603699e-14,0.00019581775060438468,ok,13.9
3.2199999999999998,0.7784650775728821,125.0,92,6,8,-75.8848675716089,-75.88438848958573,-76.07307014724299,-76.07261480296428,-0.00030190006560146124,1.0283207932487117e-14,1.6048025632940882e-14,0.00030190006560146124,ok,27.1
3.04,2.5,125.0,92,6,8,-75.8044131581609,-75.80459264890469,-75.960379909861,-75.96066889189939,0.001828974350163902,3.1258605968071085e-15,2.9595412063634527e-15,0.001828974350163902,ok,31.15
3.2199999999999998,0.738001992915057,125.0,92,6,8,-75.85030287326788,-75.84982798249827,-76.03831516964958,-76.03777873930433,0.00026400034198244184,3.633191319330406e-15,5.5050208997958565e-15,0.00026400034198244184,ok,28.72
3.4,0.7784650775728821,125.0,92,6,8,-75.88478464034547,-75.88452423611372,-76.07293793370977,-76.07271726083665,-0.00023664178634975842,4.322173559194332e-15,6.709315012472076e-15,0.00023664178634975842,ok,16.44
3.4,0.8682146206261605,125.0,92,6,8,-75.92681032429027,-75.9265448491285,-76.11537275106777,-76.11510374045541,0.0002811436746062543,4.641941978445001e-15,7.15134129124893e-15,0.0002811436746062543,ok,13.81
3.04,2.86,125.0,92,6,8,-75.80294610239959,-75.80423274014086,-75.95790191742243,-75.95937711642424,-0.0004046462644647768,4.578971678518343e-14,9.457992030772353e-15,0.0004046462644647768,ok,33.81
3.4,0.9184360891594576,125.0,92,6,8,-75.93635177679563,-75.93608378130494,-76.1249372421356,-76.12464736772885,-0.00030533654958041613,-1.7880890644939707e-14,-2.7594577634296922e-14,0.00030533654958041613,ok,16.15
3.4,0.9730484681624365,125.0,92,6,8,-75.93946680450647,-75.9391963286175,-76.12794086330574,-76.12763262782319,-0.00033065549860210796,3.673763190327806e-15,5.655635012370583e-15,0.00033065549860210796,ok,17.55
3.2199999999999998,2.0510782147427644,125.0,92,6,8,-75.8142118696359,-75.8137632414026,-75.97469892224784,-75.97410645712525,0.0006788052036168029,9.368210164422615e-15,1.357412007138061e-14,0.0006788052036168029,ok,28.44
3.2199999999999998,1.3541907073778483,125.0,92,6,8,-75.88560588892108,-75.88509475777073,-76.06703629078939,-76.0663908110089,0.0006619828452351068,-6.0501933128142005e-15,-9.171196373099574e-15,0.0006619828452351068,ok,31.74
3.4,2.0510782147427644,125.0,92,6,8,-75.81411581871672,-75.8138680042718,-75.97453120109465,-75.97418246239337,0.0004425989122528042,2.706949778550862e-14,3.971071758855978e-14,0.0004425989122528042,ok,11.75
3.4,3.4,125.0,92,6,8,-75.80432202612322,-75.80418727476082,-75.95895725995832,-75.95873159768671,0.0003720319626479732,1.2751078002473102e-15,-5.781470775706393e-15,0.0003720319626479732,ok,10.44
3.4,1.7925140766422638,125.0,92,6,8,-75.82825655457293,-75.82799330522764,-75.9947974142894,-75.99440548176929,0.00047665896747217917,-4.9163236244670126e-14,-8.121045947949572e-14,0.00047665896747217917,ok,15.0
3.4,1.6101543756409509,125.0,92,6,8,-75.84649713653137,-75.84622379832096,-76.0190509580838,-76.0186518393906,-0.00047609139580635936,-9.558808233442167e-15,-1.2382617842772913e-14,0.00047609139580635936,ok,17.31
3.4,1.0328937646339662,125.0,92,6,8,-75.93696666054882,-75.93669379517776,-76.12503923985751,-76.12470175938806,0.00035453929970867483,3.276119287798459e-15,4.970519649153449e-15,0.00035453929970867483,ok,24.79
3.4,3.2199999999999998,125.0,92,6,8,-75.8043982907362,-75.80421867356206,-75.95907759955888,-75.95877985480743,0.000417592273943961,-3.970733643310564e-11,1.214533448106818e-10,0.00041759227394398056,ok,17.86
3.2199999999999998,2.5,125.0,92,6,8,-75.80450157204112,-75.80494960936403,-75.96036653986386,-75.96093724367047,0.0011886889332580726,-1.0081638336444746e-14,-9.661720518294839e-15,0.0011886889332580726,ok,37.55
3.04,2.68,125.0,92,6,8,-75.80403964857501,-75.80328850595508,-75.95941329171727,-75.95897517271185,0.001994209523713079,1.4350841501317174e-15,1.075893208731235e-15,0.001994209523713079,ok,50.22
3.4,1.3541907073778483,125.0,92,6,8,-75.88549777483162,-75.88521914823589,-76.06686075828974,-76.06647313625027,0.0004452305443788911,-3.4664019430133846e-14,-5.121148875197694e-14,0.0004452305443788911,ok,27.68
3.2199999999999998,3.04,125.0,92,6,8,-75.80462793354039,-75.80427990015976,-75.95949263164421,-75.959027731288,-0.0006560590943833046,-2.8585468700301623e-12,8.439170129572957e-12,0.0006560590943833046,ok,40.13
3.4,2.86,125.0,92,6,8,-75.80482125633154,-75.80454265712385,-75.9597839566853,-75.95937306707866,-0.0004491985000162041,7.741734136516747e-13,-6.0847289084787865e-12,0.00044919850001620416,ok,29.42
0.7784650775728821,0.7784650775728821,135.0,92,6,8,-75.96738457942487,-75.68346495973415,-76.21130326503352,-75.88902245691546,0.3985416510955139,-1.0469382022584573e-14,9.76047876666423e-16,0.3985416510955139,ok,22.38
0.8217302352684964,0.7784650775728821,135.0,92,6,8,-75.98886787320689,-75.70961527793881,-76.23331835959634,-75.9161139946856,-0.3912309338678001,1.3327464399900636e-16,-3.3770168526455172e-15,0.3912309338678001,ok,21.71
0.8682146206261605,0.8217302352684964,135.0,92,6,8,-76.02496891479747,-75.75564843160953,-76.26982063490263,-75.96365604535306,-0.3737366035635415,2.688833657615142e-15,-3.81272158731549e-15,0.3737366035635415,ok,22.94
0.8217302352684964,0.8217302352684964,135.0,92,6,8,-76.01176210514491,-75.73716200655369,-76.25612165984451,-75.94401146024931,0.3860054433315123,6.74704107347167e-16,-1.5251412222920842e-15,0.3860054433315123,ok,29.29
3.4,2.5,125.0,92,6,8,-75.80460387752903,-75.80415194670857,-75.96039962768242,-75.96018636798466,0.0014654859898730862,-8.663090594160415e-15,-7.115081002312116e-15,0.0014654859898730862,ok,43.57
0.9184360891594576,0.7784650775728821,135.0,92,6,8,-76.00801951628688,-75.74050585256037,-76.25295679992037,-75.94915343690613,-0.34792884624092796,-1.9502834840515535e-11,3.2079486925269946e-12,0.34792884624092796,ok,24.66
0.8682146206261605,0.8682146206261605,135.0,92,6,8,-76.03960652914053,-75.77546599819853,-76.28432124022116,-75.98413188637882,0.36729459050237256,-8.342223606430715e-17,-3.4195321508148335e-15,0.36729459050237256,ok,30.7
0.7784650775728821,0.738001992915057,135.0,92,6,8,-75.9351769831008,-75.64695569802115,-76.17937624765509,-75.85256540074899,-0.4023210790027559,4.146574651052804e-15,-1.7441147788502145e-15,0.4023210790027559,ok,37.9
0.9730484681624365,0.8682146206261605,135.0,92,6,8,-76.04672030416506,-75.79558641476018,-76.29129526895794,-76.0068512545576,-0.3008940987385475,-1.4300122667745396e-15,-1.0803688537305753e-14,0.3008940987385475,ok,16.54
0.9184360891594576,0.9184360891594576,135.0,92,6,8,-76.05326310827664,-75.80094193837303,-76.29806081428065,-76.01211618673914,-0.33702538304245777,2.1600823041838782e-16,2.126741617330863e-15,0.33702538304245777,ok,25.05
0.738001992915057,0.738001992915057,135.0,92,6,8,-75.90420130587415,-75.6118209101387,-76.1478879132228,-75.81666690950732,0.4070001493312027,-1.844087711054826e-15,-2.1549662773587307e-15,0.4070001493312027,ok,44.98
0.9184360891594576,0.8682146206261605,135.0,92,6,8,-76.0458747358029,-75.78767878558595,-76.29090306525346,-75.99773493718682,-0.3450414116062933,1.1397586675686041e-15,-6.47322238576042e-15,0.3450414116062933,ok,30.0
0.8217302352684964,0.7,135.0,92,6,8,-75.91687028467302,-75.63012416216351,-76.15976254332568,-75.83457774812791,-0.3944070780903343,1.5014558588614652e-15,-3.41529688995564e-15,0.3944070780903343,ok,41.58
0.9730484681624365,0.9730484681624365,135.0,92,6,8,-76.05580249267446,-75.8159448446792,-76.30132931957033,-76.0323437909863,0.275141422860026,-4.219036619922152e-15,1.1089391597648266e-14,0.275141422860026,ok,15.91
0.9730484681624365,0.738001992915057,135.0,92,6,8,-75.9807489226023,-75.7182574823419,-76.2223929719526,-75.925593259963,-0.3251142125296177,-3.856908874820128e-15,-7.04489632662415e-15,0.3251142125296177,ok,29.88
0.9184360891594576,0.738001992915057,135.0,92,6,8,-75.98018923641106,-75.70923621821454,-76.2227565348931,-75.9155448532932,-0.35912716166614495,3.5376227522522456e-17,-4.477954281314791e-15,0.35912716166614495,ok,38.59
3.4,3.04,125.0,92,6,8,-75.8045468178158,-75.80433408132969,-75.95932391533957,-75.95899574871295,-0.00044667484638498135,3.0012414082180134e-12,-1.4278797972363226e-11,0.0004466748463849816,ok,54.02
0.9730484681624365,0.7,135.0,92,6,8,-75.93829651130235,-75.67261639073621,-76.17947241025934,-75.87920862897683,0.32063996289053864,6.47681325614159e-16,5.331746895805493e-15,0.32063996289053864,ok,33.54
3.2199999999999998,2.68,125.0,92,6,8,-75.80472858649416,-75.80247122280639,-75.96005297771427,-75.95746634256533,0.0010234905966306001,-4.546250620079895e-15,2.714250478201989e-15,0.0010234905966306001,ok,74.18
0.8682146206261605,0.7784650775728821,135.0,92,6,8,-76.0019619909445,-75.72811486925943,-76.24683308394592,-75.93567314646258,-0.3766441642859827,1.3738441074525491e-16,-2.8710381117498092e-15,0.3766441642859827,ok,43.6
0.9184360891594576,0.8217302352684964,135.0,92,6,8,-76.03113467255298,-75.76797331000589,-76.27617142207373,-75.97721042953131,-0.34786625650448194,1.8185728764861676e-15,-4.490278794223855e-15,0.34786625650448194,ok,38.88
0.9184360891594576,0.7,135.0,92,6,8,-75.9378662532418,-75.66355000325953,-76.18003607649331,-75.86918979555543,-0.3566476750594961,-2.7134539828132026e-15,-5.08273391362381e-15,0.3566476750594961,ok,44.69
1.0328937646339662,0.9184360891594576,135.0,92,6,8,-76.0511588504515,-75.81449253431397,-76.2936057356755,-76.0270965822345,-0.23654295199612368,1.218623360431205e-15,-2.1654667044355715e-14,0.23654295199612368,ok,15.5
0.8682146206261605,0.7,135.0,92,6,8,-75.93104067623882,-75.64994354769331,-76.17370916094158,-75.85487573296773,-0.37972127771891606,1.6094765581886035e-15,-1.4165487100223468e-15,0.37972127771891606,ok,51.18
0.9730484681624365,0.9184360891594576,135.0,92,6,8,-76.05427014889254,-75.80853375609362,-76.29887969290938,-76.02121662493948,0.29733675199117854,-8.43849190402102e-16,1.1798831741749457e-14,0.29733675199117854,ok,31.32
1.0328937646339662,0.7784650775728821,135.0,92,6,8,-76.00514998212783,-75.75562546224732,-76.24677026797502,-75.96499702773286,-0.22485176554329048,9.801975947887408e-16,-1.192972115167409e-14,0.22485176554329048,ok,21.94
0.8682146206261605,0.738001992915057,135.0,92,6,8,-75.96950153077553,-75.69156772082624,-76.21448514549428,-75.89898391250455,-0.3773565070496294,3.3518515896819273e-16,-4.379579769481587e-15,0.3773565070496294,ok,52.85
0.8217302352684964,0.738001992915057,135.0,92,6,8,-75.95653565475952,-75.67307341348659,-76.2012259934508,-75.87956675186462,-0.3937007583937824,1.117273236643969e-15,-2.141379914199703e-15,0.3937007583937824,ok,55.26
0.9730484681624365,0.8217302352684964,135.0,92,6,8,-76.03185086903004,-75.77609089538332,-76.27626559649315,-75.98634980010603,-0.30016923464765466,2.2922910385851526e-16,-8.212283327482197e-15,0.30016923464765466,ok,37.95
1.0328937646339662,1.0328937646339662,135.0,92,6,8,-76.04899043494008,-75.8261232582697,-76.29068944874935,-76.04320556189472,0.21253430110599383,4.926798657175944e-15,-1.0398813486655336e-14,0.21253430110599383,ok,20.15
1.0990821169362144,0.9730484681624365,135.0,92,6,8,-76.04580656563368,-75.82841569097764,-76.28383217908564,-76.04035570020675,-0.16740719890276073,-3.3930179930631785e-15,-9.123306506227973e-16,0.16740719890276073,ok,13.93
1.0328937646339662,0.8682146206261605,135.0,92,6,8,-76.04349462881277,-75.80193692004009,-76.28574631505735,-76.01306373100289,0.23450530357239274,1.8577293306884236e-15,1.746974975806268e-14,0.23450530357239274,ok,25.93
3.4,2.68,125.0,92,6,8,-75.80371149807281,-75.80256303477458,-75.9588210174528,-75.95749129810335,-0.0020891424637204713,1.3817124254524319e-13,-8.948831243949037e-14,0.0020891424637204713,ok,71.83
1.0328937646339662,0.9730484681624365,135.0,92,6,8,-76.05255939986817,-75.82181487726089,-76.29504377211347,-76.03663549496473,0.23272563451775954,-1.1850374213604598e-16,2.6159618690389896e-14,0.23272563451775954,ok,26.06
1.0990821169362144,1.0328937646339662,135.0,92,6,8,-76.04173940472295,-75.83122667326039,-76.27947935699916,-76.04543854720056,0.16556786580447222,2.898606471362267e-15,-4.1492469222261464e-15,0.16556786580447222,ok,17.13
1.0990821169362144,0.8217302352684964,135.0,92,6,8,-76.02157817585758,-75.79097885007596,-76.25908334668726,-75.99947138508244,-0.15276460035355444,-5.412889500954683e-15,-1.0169366741678601e-14,0.15276460035355444,ok,22.45
1.0328937646339662,0.7,135.0,92,6,8,-75.93315678987179,-75.67932129147337,-76.17257777910133,-75.88683315341204,0.2673232886759024,6.849613189870427e-15,8.747552264321641e-15,0.2673232886759024,ok,36.07
1.0328937646339662,0.8217302352684964,135.0,92,6,8,-76.02850240998552,-75.78272987368075,-76.27046733571115,-75.99283166442379,0.23020718994347622,-4.80396510503714e-16,1.8052909108694114e-14,0.23020718994347622,ok,32.46
1.17311930899858,0.9184360891594576,135.0,92,6,8,-76.03402071196665,-75.83263981831152,-76.26633340338137,-76.03998335881293,0.09990110070041075,3.774543399303652e-15,6.0664087641637744e-15,0.09990110070041075,ok,12.05
1.0990821169362144,0.9184360891594576,135.0,92,6,8,-76.04447414491511,-75.82185385979278,-76.2824446446496,-76.03219117290601,0.16394550655381718,2.862486528208451e-15,6.925837226887794e-15,0.16394550655381718,ok,23.11
1.0990821169362144,0.8682146206261605,135.0,92,6,8,-76.03671648135878,-75.8098083371401,-76.27449744593356,-76.01906513238974,0.15870743747907542,4.4919690606587924e-15,7.193855380158933e-14,0.15870743747907542,ok,24.01
0.9730484681624365,0.7784650775728821,135.0,92,6,8,-76.00861620321929,-75.74876975252383,-76.25279122679154,-75.95829923364977,-0.2974095911831518,-1.6466689706655649e-15,-7.305345740235186e-15,0.2974095911831518,ok,51.56
1.17311930899858,0.7784650775728821,135.0,92,6,8,-75.98688762141883,-75.77627472495578,-76.2187087792237,-75.9821099943468,-0.08203203005221311,-2.0976172090379215e-15,-7.635536892791078e-15,0.08203203005221311,ok,16.49
1.0990821169362144,0.7784650775728821,135.0,92,6,8,-75.99806629503261,-75.76417260850528,-76.23523732348463,-75.97211937583613,0.14649526266653842,3.7947811049249536e-15,4.8222298706869793e-14,0.14649526266653842,ok,27.0
1.0990821169362144,1.0990821169362144,135.0,92,6,8,-76.03356497827775,-75.83329842386678,-76.26957279360128,-76.0485402712855,0.14811474637615588,9.77894496380925e-14,-2.3235812582940205e-13,0.14811474637615588,ok,22.75
1.17311930899858,1.0990821169362144,135.0,92,6,8,-76.02254855493356,-75.83861255951203,-76.25387119634472,-76.04980031282501,-0.10867887250951581,-1.2426773393381065e-14,4.6624121266149727e-14,0.10867887250951581,ok,12.82
1.17311930899858,0.738001992915057,135.0,92,6,8,-75.95368631622281,-75.74055987157527,-76.18521864904467,-75.94614439809122,0.0759108391129108,-1.4265743810983552e-14,-3.2995487304321935e-13,0.0759108391129108,ok,22.54
1.17311930899858,1.17311930899858,135.0,92,6,8,-76.01041111713543,-75.83876201244132,-76.23931515997812,-76.04987431522738,0.09576071496470674,-9.031155975770262e-15,2.994521323522745e-14,0.09576071496470674,ok,14.34
1.2571204432701741,1.0990821169362144,135.0,92,6,8,-76.00901373177416,-75.84847893850187,-76.23402402874459,-76.05443919575701,-0.06700147952657096,-2.3654666993096276e-15,6.90768533995949e-15,0.06700147952657096,ok,6.25
0.738001992915057,0.7,135.0,92,6,8,-75.86455073452296,-75.56658361262797,-76.08949005421341,-75.74882805677451,0.4018689432407025,-3.2979275975136398e-15,8.939576264167718e-16,0.4018689432407025,ok,79.88
1.0990821169362144,0.738001992915057,135.0,92,6,8,-75.96511132911886,-75.72817647646326,-76.20191229610946,-75.93575748900548,0.1399828251820419,3.1390306904550307e-15,8.372435280886803e-15,0.1399828251820419,ok,33.37
1.17311930899858,1.0328937646339662,135.0,92,6,8,-76.03135939664413,-75.83965975649308,-76.2634324323589,-76.04921719006693,0.10910286519343447,1.9557636663728296e-15,-9.101165900131319e-16,0.10910286519343447,ok,18.82
1.17311930899858,0.9730484681624365,135.0,92,6,8,-76.035505279154,-75.83834892549501,-76.26779779158166,-76.04661118283147,-0.10520186098814197,-1.9062206170491505e-15,-6.443766454827378e-15,0.10520186098814197,ok,20.84
1.17311930899858,0.8682146206261605,135.0,92,6,8,-76.02603533282112,-75.82116081461652,-76.25826904311758,-76.02784462838137,0.09409843425547484,3.038424124942862e-15,8.000828026754987e-15,0.09409843425547484,ok,22.24
1.3541907073778483,0.738001992915057,135.0,92,6,8,-75.91944779244241,-75.77374489353683,-76.13930459361522,-75.97423352490205,0.00045590517712457146,-3.2986813078825356e-15,-7.677069875853636e-15,0.00045590517712457146,ok,8.53
1.2571204432701741,1.0328937646339662,135.0,92,6,8,-76.01774860799583,-75.85184852847505,-76.24346903550187,-76.05714514968521,-0.06316681667527349,-1.981932325648701e-15,-8.305948894895207e-15,0.06316681667527349,ok,12.94
1.2571204432701741,0.738001992915057,135.0,92,6,8,-75.93816035645625,-75.75617732154095,-76.16408988649876,-75.95935587720365,-0.03001679340321143,-2.645065655302089e-15,-1.1592501274317897e-14,0.03001679340321143,ok,19.15
1.3541907073778483,1.0328937646339662,135.0,92,6,8,-76.00139082908035,-75.8667152495512,-76.2203730768987,-76.0683155966073,-0.030949839527458042,-2.0885917995739307e-15,-1.1177176193019325e-14,0.030949839527458042,ok,7.08
1.2571204432701741,0.8217302352684964,135.0,92,6,8,-75.99575031499418,-75.81779592318765,-76.22198427108641,-76.02142585094705,-0.04133421125883309,-2.4668841401937545e-15,-9.688861144427031e-15,0.04133421125883309,ok,17.62
3.2199999999999998,2.86,125.0,92,6,8,-75.80357680548885,-75.80306937925585,-75.95846357472931,-75.9578712583075,-0.001106689904623133,-4.569024437049792e-15,2.883426850082607e-15,0.001106689904623133,ok,108.44
1.17311930899858,0.8217302352684964,135.0,92,6,8,-76.01064921362601,-75.80274863066337,-76.24271305157654,-76.00894440371479,-0.08809879664756859,-2.1559824886378758e-15,-8.592794254309324e-15,0.08809879664756859,ok,27.89
1.0990821169362144,0.7,135.0,92,6,8,-75.92155845059514,-75.68168324467298,-76.15797225226271,-75.88912454841564,0.1331054161450754,5.679527141312939e-15,9.483022963748105e-15,0.1331054161450754,ok,42.31
1.3541907073778483,1.0990821169362144,135.0,92,6,8,-75.99308736695905,-75.86180354368517,-76.21123820626424,-76.06336762857451,-0.035583938796423,-1.1452343428124119e-15,-1.4409713537026243e-14,0.035583938796423,ok,8.72
1.2571204432701741,0.7784650775728821,135.0,92,6,8,-75.97167120423576,-75.7916299749526,-76.19777772244306,-75.99499958692243,0.035665996118926534,1.6842006913535486e-15,8.888749809611435e-15,0.035665996118926534,ok,20.7
1.2571204432701741,0.9184360891594576,135.0,92,6,8,-76.01978969042935,-75.84679479516304,-76.24601689498589,-76.05110587958161,0.052663948664653654,-1.2144561492816153e-15,-4.274295542945374e-14,0.052663948664653654,ok,16.7
1.2571204432701741,0.8682146206261605,135.0,92,6,8,-76.01146623261704,-75.83582481502492,-76.23774200332855,-76.03976533176036,0.047016616541156644,1.902277378154763e-15,1.055644675084468e-14,0.047016616541156644,ok,19.24
0.7784650775728821,0.7,135.0,92,6,8,-75.89549608493525,-75.60178105575153,-76.09783411708553,-75.76401364289657,-0.39625935618389485,2.1690930762418203e-15,-9.186893220205253e-16,0.39625935618389485,ok,86.46
1.2571204432701741,0.7,135.0,92,6,8,-75.89403019733405,-75.71018819502596,-76.11975421183848,-75.9132777775242,-0.0243702606080759,-3.2589792519396615e-15,-7.250090771898285e-15,0.0243702606080759,ok,23.1
1.3541907073778483,0.7,135.0,92,6,8,-75.87496559540664,-75.72796715624833,-76.09472571329302,-75.92836580191928,0.005583571487518445,-2.413704389622942e-15,-7.539882540146802e-15,0.005583571487518445,ok,14.84
1.17311930899858,0.7,135.0,92,6,8,-75.90987772327891,-75.6943264787264,-76.14109420053234,-75.8998160381941,-0.06966147024503445,4.361418864228277e-15,7.797415018198283e-15,0.06966147024503445,ok,35.9
1.3541907073778483,0.8682146206261605,135.0,92,6,8,-75.99383368012954,-75.85257972384596,-76.21375224781295,-76.05365558475489,0.015273149105108644,-6.150704058095743e-17,-2.94980543866025e-14,0.015273149105108644,ok,13.28
1.2571204432701741,1.17311930899858,135.0,92,6,8,-75.99634485978882,-75.84391377530405,-76.21998782375749,-76.0505035166763,0.06742530800802299,1.3413847461330742e-14,-2.1457529357563777e-14,0.06742530800802299,ok,16.52
1.3541907073778483,0.7784650775728821,135.0,92,6,8,-75.95330577703174,-75.80896868253052,-76.17323434273469,-76.0096206734371,-0.004728077865721013,3.4672067362183645e-16,3.394947831642758e-14,0.004728077865721013,ok,15.11
1.2571204432701741,0.9730484681624365,135.0,92,6,8,-76.0216092269278,-75.85176056256896,-76.24769697163207,-76.05652127304316,-0.058141766610412426,-2.1880886000662216e-15,-8.238221059029695e-15,0.058141766610412426,ok,18.1
1.3541907073778483,1.2571204432701741,135.0,92,6,8,-75.96515060315713,-75.84635725540222,-76.17992804474511,-76.04730021856035,0.04025247925493328,1.561594301650276e-14,-2.793641271404957e-14,0.04025247925493328,ok,11.3
1.3541907073778483,0.9184360891594576,135.0,92,6,8,-76.00255881397781,-75.86313309646494,-76.2223333284802,-76.06442307931358,-0.02059369171728105,-3.1491243620656123e-15,-1.3550973740752776e-14,0.02059369171728105,ok,15.38
1.3541907073778483,0.8217302352684964,135.0,92,6,8,-75.97774345734977,-75.83486980191589,-76.19769111326059,-76.03572651792436,0.009973589271642429,2.134019224787952e-15,1.0863375834708285e-14,0.009973589271642429,ok,17.75
1.3541907073778483,1.17311930899858,135.0,92,6,8,-75.98068320525815,-75.85421890658557,-76.19759747535231,-76.0556439351276,-0.03919971775312683,-5.862967029109696e-15,4.95207749963156e-14,0.03919971775312683,ok,13.94
1.4691596244932197,0.8682146206261605,135.0,92,6,8,-75.97465355267765,-75.87009855071135,-76.1876111094532,-76.06831577574037,0.00391381586262507,-1.1302254188595688e-14,-9.219557381738774e-14,0.00391381586262507,ok,8.96
1.4691596244932197,0.7,135.0,92,6,8,-75.85432871088622,-75.74634463666388,-76.06727850748968,-75.9438894722797,-0.02254932525179444,-9.632886661960554e-15,-1.8558002873693735e-13,0.02254932525179444,ok,13.34
1.3541907073778483,0.9730484681624365,135.0,92,6,8,-76.00480531767604,-75.86751841461069,-76.2243072116264,-76.06902177434483,-0.025860455652372896,-2.642217555582454e-15,-1.5280540176673887e-14,0.025860455652372896,ok,16.88
1.4691596244932197,1.3541907073778483,135.0,92,6,8,-75.9312739367951,-75.84533979585191,-76.13598413567209,-76.03970040320647,-0.024218843498179425,-5.971648172591846e-16,-1.699998181344346e-14,0.024218843498179425,ok,8.41
1.4691596244932197,0.738001992915057,135.0,92,6,8,-75.89915782261832,-75.7919454186203,-76.11213596246455,-75.98958786926028,-0.018031213924457584,-5.597326158162114e-15,-1.063799498277089e-13,0.018031213924457584,ok,13.9
1.4691596244932197,1.0990821169362144,135.0,92,6,8,-75.97575869051653,-75.87694519594794,-76.1867653070257,-76.07479312766148,0.015094392879390885,6.067268188989653e-15,1.326984159993441e-13,0.015094392879390885,ok,9.65
1.0328937646339662,0.738001992915057,135.0,92,6,8,-75.97234804643477,-75.71938450242703,-76.21359495380366,-75.92825026451034,0.21883524871000684,5.637717418702424e-15,7.868620840349899e-15,0.21883524871000684,ok,58.69
1.4691596244932197,0.7784650775728821,135.0,92,6,8,-75.93337060776014,-75.82697171920621,-76.14640151982627,-76.0247953789065,-0.0134115843870929,-9.121671783361545e-15,-1.3840616369798562e-13,0.0134115843870929,ok,12.44
1.4691596244932197,1.4691596244932197,135.0,92,6,8,-75.9133917500464,-75.8390145824523,-76.11353214143196,-76.03033187263385,-0.022060122857618887,1.189656613578759e-14,-3.699869669194257e-14,0.022060122857618887,ok,10.07
1.4691596244932197,1.0328937646339662,135.0,92,6,8,-75.98355246596208,-75.8828479896278,-76.19544502953829,-76.08108311299466,0.010518529097240943,8.308825646655195e-15,8.760190238934918e-14,0.010518529097240943,ok,12.28
1.6101543756409509,1.0990821169362144,135.0,92,6,8,-75.95883814121403,-75.89238154167515,-76.16245296342326,-76.08694380975889,-0.004056322577460771,-1.9157642668477606e-14,-3.546175218390595e-13,0.004056322577460771,ok,9.58
0.7,0.7,135.0,92,6,8,-75.82276620454732,-75.52101551143771,-76.05235413327725,-75.70718019293892,0.40513092802003586,-1.964144939650314e-15,-1.890387388954551e-15,0.40513092802003586,ok,102.37
1.4691596244932197,0.9184360891594576,135.0,92,6,8,-75.9837924331626,-75.88032646824183,-76.19655646964556,-76.07864044802997,-0.0009165316924481734,9.255439673430045e-15,1.077036231171172e-13,0.0009165316924481734,ok,14.98
1.6101543756409509,0.9184360891594576,135.0,92,6,8,-75.96565419130361,-75.89716382924196,-76.17092132315372,-76.09261569574858,0.008047062917839756,3.325712356369287e-15,1.064999218856357e-13,0.008047062917839756,ok,12.3
1.4691596244932197,1.2571204432701741,135.0,92,6,8,-75.94867441784933,-75.85625225321417,-76.15635070761616,-76.05233069732282,0.02262490715020636,2.2819641324464154e-14,-1.1329911493107856e-13,0.02262490715020636,ok,14.06
1.2571204432701741,1.2571204432701741,135.0,92,6,8,-75.98119021198016,-75.84201580775036,-76.20170295433863,-76.04750932502007,0.058843482297842836,-1.7084624940204437e-14,5.5057570365960636e-14,0.058843482297842836,ok,28.9
1.6101543756409509,1.0328937646339662,135.0,92,6,8,-75.96620275612108,-75.8989239186946,-76.17067822839259,-76.09405773641086,7.081379068689386e-05,1.4949688734695527e-14,1.6139469986785479e-13,7.081379068689386e-05,ok,12.88
1.6101543756409509,0.7,135.0,92,6,8,-75.834587826224,-75.7641515984785,-76.0398144435436,-75.95880200008976,0.027314986153922034,3.450552278977961e-14,1.0101570631274522e-12,0.027314986153922034,ok,15.06
1.6101543756409509,0.738001992915057,135.0,92,6,8,-75.87971134031773,-75.80959917801644,-76.08502299483634,-76.0044152629709,0.023654144098493604,1.542012247523661e-15,1.3895773861274478e-13,0.023654144098493604,ok,15.04
1.4691596244932197,0.9730484681624365,135.0,92,6,8,-75.98648530252409,-75.88427757171323,-76.19894365818509,-76.08265873307863,0.005755230523942029,3.324995429647988e-15,1.8588660798752446e-14,0.005755230523942029,ok,16.82
1.4691596244932197,0.8217302352684964,135.0,92,6,8,-75.95817342884216,-75.8526528276681,-76.17117172122079,-76.05065788891912,-0.008707603290169959,-5.071110861168951e-15,-8.429736636272286e-14,0.008707603290169959,ok,19.6
1.6101543756409509,1.17311930899858,135.0,92,6,8,-75.947376220993,-75.88201206963464,-76.14966502418275,-76.07558580405126,0.007876440536473642,-2.951633718597606e-16,-2.643747833143446e-14,0.007876440536473642,ok,13.11
1.6101543756409509,0.7784650775728821,135.0,92,6,8,-75.91422599103912,-75.8444598877274,-76.11961000202733,-76.03945529212082,0.019888461961314368,4.6538806382405685e-15,1.434911059832288e-13,0.019888461961314368,ok,16.97
1.6101543756409509,0.8217302352684964,135.0,92,6,8,-75.93934469428805,-75.86995667982771,-76.14477096840218,-76.06517009510743,-0.016023548958652864,4.138810435825178e-15,9.868613935314962e-15,0.016023548958652864,ok,16.83
1.6101543756409509,0.9730484681624365,135.0,92,6,8,-75.96872974092895,-75.90079010458359,-76.17375212350345,-76.09621368030538,0.003980103036885514,2.5808050857750005e-15,1.0301268661008044e-13,0.003980103036885514,ok,16.81
1.6101543756409509,1.6101543756409509,135.0,92,6,8,-75.87929205741048,-75.83235736160263,-76.06802878145193,-76.01512040536399,0.015715392432456565,5.813667084282629e-14,-1.3597830428031756e-13,0.015715392432456565,ok,12.32
1.6101543756409509,1.4691596244932197,135.0,92,6,8,-75.89699769989149,-75.84065676455668,-76.09082873039625,-76.02744407079562,-0.016193889804857385,-2.1406777187059898e-14,3.479603153740426e-14,0.016193889804857385,ok,12.7
1.4691596244932197,1.17311930899858,135.0,92,6,8,-75.96385977665685,-75.86760170829038,-76.17352962811798,-76.06476513195061,0.019265370431840005,-3.2279402623215294e-15,8.00463594661446e-14,0.019265370431840005,ok,20.33
1.7925140766422638,0.8682146206261605,135.0,92,6,8,-75.941147661157,-75.90267316150208,-76.13932494367799,-76.09544377415213,-0.01074265012649561,-2.8848165661670874e-15,1.404522273662446e-14,0.01074265012649561,ok,11.72
1.7925140766422638,0.7784650775728821,135.0,92,6,8,-75.89885420878463,-75.86025188831127,-76.09685681207556,-76.05266874741505,-0.016076536129513666,-2.670709789886724e-15,1.7927094066916822e-14,0.016076536129513666,ok,12.53
1.7925140766422638,1.0328937646339662,135.0,92,6,8,-75.95181084328688,-75.91367493965106,-76.14931093031706,-76.10604008680494,0.0022642949189469394,4.2450050977702413e-16,-1.4002827503843276e-14,0.0022642949189469394,ok,9.88
1.7925140766422638,0.7,135.0,92,6,8,-75.81888821202959,-75.78019645202193,-76.01654883162793,-75.97219824927816,0.02104806005424735,-2.327758624731164e-15,-6.499052312638332e-15,0.02104806005424735,ok,14.09
1.7925140766422638,0.9184360891594576,135.0,92,6,8,-75.9508405326435,-75.912451866895,-76.14896739154317,-76.10527416817172,0.007964151916655591,1.0871728785916625e-14,-9.441795698227105e-15,0.007964151916655591,ok,11.88
1.6101543756409509,1.2571204432701741,135.0,92,6,8,-75.93259475314561,-75.86881705117221,-76.13295920649773,-76.06086351904835,0.011383782154398937,2.380447156496083e-14,-1.3366520367788606e-13,0.011383782154398937,ok,16.69
1.7925140766422638,0.738001992915057,135.0,92,6,8,-75.86417279270907,-75.8255225633674,-76.06200697164243,-76.01771234782203,-0.018612804600278754,7.402369826621422e-16,2.4554902854968148e-14,0.018612804600278754,ok,14.06
1.3541907073778483,1.3541907073778483,135.0,92,6,8,-75.94808386884527,-75.84225363463224,-76.15898534780372,-76.04114649036777,-0.0352744665783108,4.609759777815508e-15,-2.4592477124979118e-14,0.0352744665783108,ok,29.11
1.7925140766422638,1.3541907073778483,135.0,92,6,8,-75.9016747327393,-75.86521907068341,-76.09261826164615,-76.0514587492795,-0.008630958472457373,1.509231623240493e-14,8.238819701267121e-15,0.008630958472457373,ok,9.79
1.7925140766422638,1.0990821169362144,135.0,92,6,8,-75.94466373539014,-75.90672224166381,-76.14136717873147,-76.09838882012647,0.0005955537513321653,1.415114533545672e-14,3.714202565459197e-14,0.0005955537513321653,ok,12.77
1.7925140766422638,1.17311930899858,135.0,92,6,8,-75.93340924639776,-75.89574947137109,-76.12885383070277,-76.08625853516787,0.0034103163116744363,6.8375177426021945e-16,2.2344386376614637e-14,0.0034103163116744363,ok,12.64
2.0510782147427644,0.8217302352684964,135.0,92,6,8,-75.91472603639123,-75.89835415083552,-76.10726065859836,-76.08884552221501,-0.005840108548090497,5.6146113061296114e-15,8.431028029119028e-15,0.005840108548090497,ok,8.55
1.7925140766422638,0.9730484681624365,135.0,92,6,8,-75.95412230610371,-75.9158431864544,-76.15208216469581,-76.10856415439724,-0.00512866181050697,-4.112160710084796e-15,1.1264366201586201e-14,0.00512866181050697,ok,15.96
2.0510782147427644,0.7784650775728821,135.0,92,6,8,-75.88943156667099,-75.87310578313648,-76.08176365225636,-76.0633733829263,0.007119759725903304,-7.5427823342055e-15,-9.635382422302954e-15,0.007119759725903304,ok,10.74
2.0510782147427644,0.7,135.0,92,6,8,-75.80946185629968,-75.79322685272095,-76.00137300595235,-75.98303724125243,0.009503712120214211,-6.156771553743017e-15,-9.508960947510809e-15,0.009503712120214211,ok,11.43
1.7925140766422638,0.8217302352684964,135.0,92,6,8,-75.92414809252331,-75.88560370271138,-76.12224989057148,-76.07822631182209,-0.01345306312161087,-1.1420310731538856e-15,2.5302522635138086e-14,0.01345306312161087,ok,18.24
2.0510782147427644,1.17311930899858,135.0,92,6,8,-75.9238900662764,-75.90730924683095,-76.11406865223849,-76.09545870968698,-0.002737848231235719,-4.878231264816504e-15,7.652697731643064e-15,0.002737848231235719,ok,8.48
1.6101543756409509,0.8682146206261605,135.0,92,6,8,-75.95615823534506,-75.88719139872046,-76.16157317986988,-76.0825750429109,-0.012068411688382689,-1.6091062092085944e-14,-3.0071582905793666e-13,0.012068411688382689,ok,26.95
1.7925140766422638,1.4691596244932197,135.0,92,6,8,-75.88308733258089,-75.84810214283075,-76.07042446922925,-76.03090462711782,-0.010818733112763797,2.7966459631023832e-14,-8.73770430191884e-15,0.010818733112763797,ok,14.27
1.6101543756409509,1.3541907073778483,135.0,92,6,8,-75.91539676684025,-75.85421921753304,-76.1130383950514,-76.044074260991,-0.014333167650789496,1.6314213271346386e-14,-3.5068731942543307e-14,0.014333167650789496,ok,22.79
1.7925140766422638,1.2571204432701741,135.0,92,6,8,-75.91879785061512,-75.88157998269145,-76.1123764690682,-76.07031940235738,-0.006118326044248591,1.57323573706518e-14,-5.857583041362085e-14,0.006118326044248591,ok,16.52
2.0510782147427644,0.738001992915057,135.0,92,6,8,-75.85474905304117,-75.83846890221713,-76.04688838463944,-76.02848911950731,0.008341549570156924,-2.079463700449386e-14,-2.3472867906372366e-14,0.008341549570156924,ok,15.15
2.0510782147427644,1.4691596244932197,135.0,92,6,8,-75.87299962510069,-75.8568571916539,-76.05501420376679,-76.03675368526774,-0.006939474993206718,-3.1656292013537613e-15,5.939585377457639e-14,0.006939474993206718,ok,9.91
2.0510782147427644,1.3541907073778483,135.0,92,6,8,-75.89189394298461,-75.87545869426185,-76.07755739739385,-76.05903966067922,0.00561939653303659,9.706265654665576e-15,1.7394551409178125e-14,0.00561939653303659,ok,11.68
2.0510782147427644,1.0990821169362144,135.0,92,6,8,-75.93519429109301,-75.9186218569753,-76.12662365080541,-76.10805421857448,0.0012549841930536362,9.325192466327257e-15,3.3083648056672016e-14,0.0012549841930536362,ok,13.17
2.0510782147427644,1.2571204432701741,135.0,92,6,8,-75.9091861276131,-75.89263684980466,-76.09750710823171,-76.07888889688303,0.004204440949674289,-1.1284263242447775e-14,3.722297893786959e-15,0.004204440949674289,ok,13.13
2.0510782147427644,1.0328937646339662,135.0,92,6,8,-75.94236712180383,-75.92582302506004,-76.1345415854164,-76.11597548154077,-0.0002287635482291408,-1.258715738857383e-14,-2.455760519259841e-14,0.0002287635482291408,ok,14.44
1.7925140766422638,1.7925140766422638,135.0,92,6,8,-75.84806374440123,-75.82314063586065,-76.0252065905142,-75.99664929588806,-0.012175902705668882,-2.2344937685372e-14,-4.669762799864475e-14,0.012175902705668882,ok,18.9
2.0510782147427644,1.6101543756409509,135.0,92,6,8,-75.85382274007154,-75.83838782987927,-76.03109287406132,-76.01348665200648,0.008087863793266169,1.8993660786292706e-14,-1.8877549898896718e-14,0.008087863793266169,ok,12.84
2.5,1.17311930899858,135.0,92,6,8,-75.9191628867124,-75.91523603523729,-76.1062308569547,-76.10178391438481,-0.0018795446692873446,6.512420773839068e-16,1.515512570807211e-15,0.0018795446692873446,ok,8.21
2.5,0.738001992915057,135.0,92,6,8,-75.85089351293308,-75.84717653442848,-76.03985870496285,-76.03569085253407,0.000984282001906693,3.1432736900806204e-15,3.3326653074648265e-15,0.000984282001906693,ok,13.91
2.5,0.9730484681624365,135.0,92,6,8,-75.94037187942729,-75.93652458730507,-76.1298606060429,-76.12556394956572,-0.0007050009931447859,1.0683398194842122e-14,1.4118121906772189e-14,0.0007050009931447859,ok,10.36
2.5,1.0328937646339662,135.0,92,6,8,-75.93792907067018,-75.93405378758399,-76.12701672122706,-76.1226779696818,0.0010874922714339845,5.699304566381287e-15,7.591469508825442e-15,0.0010874922714339845,ok,10.32
2.0510782147427644,0.9730484681624365,135.0,92,6,8,-75.94469089968277,-75.92818517201145,-76.1372566228603,-76.11872238827655,0.0016907706004895204,1.8423369201073622e-14,2.9303382644999014e-14,0.0016907706004895204,ok,19.51
2.0510782147427644,0.9184360891594576,135.0,92,6,8,-75.94141483784747,-75.92495225391119,-76.1340967194991,-76.11560641917045,0.003119692024024224,-1.9373193870370703e-14,-3.220162863969679e-14,0.003119692024024224,ok,19.69
2.5,0.8217302352684964,135.0,92,6,8,-75.91070512626708,-75.90693900145867,-76.10008359508252,-76.09592167884581,0.00035775494569501194,-1.6842806580330855e-14,-2.1391040146609386e-14,0.00035775494569501194,ok,14.37
2.5,1.0990821169362144,135.0,92,6,8,-75.9306221759025,-75.9267196067422,-76.11894300752941,-76.11454850132657,0.001481488379536934,-1.049556157215329e-14,-1.5374530739401517e-14,0.001481488379536934,ok,11.86
2.5,1.3541907073778483,135.0,92,6,8,-75.88675159120496,-75.88280358240219,-76.06920015310496,-76.06465785352786,-0.0026755768326609418,2.307077367287639e-14,1.5783672227278894e-14,0.0026755768326609418,ok,10.1
1.7925140766422638,1.6101543756409509,135.0,92,6,8,-75.86448412641025,-75.83266173040633,-76.04714547059358,-76.01103428597085,-0.0123590773352223,-1.3934205976745582e-14,-7.258754573636147e-14,0.0123590773352223,ok,24.18
2.5,1.4691596244932197,135.0,92,6,8,-75.86755899388334,-75.86363617786921,-76.0462252712026,-76.04168245782941,-0.0030491491315116576,3.444095564643784e-14,2.66652854386295e-14,0.0030491491315116576,ok,11.98
2.5,1.7925140766422638,135.0,92,6,8,-75.82989123902946,-75.82627587160144,-75.99770021702503,-75.99344233505903,0.0036387062745801817,8.668009967385352e-15,1.2080747446961963e-14,0.0036387062745801817,ok,12.31
2.5,0.9184360891594576,135.0,92,6,8,-75.93720343647163,-75.9333840921066,-76.12680267809742,-76.12255041469818,0.0003348788059399782,3.8952427685776886e-15,5.296158369624272e-15,0.0003348788059399782,ok,15.22
2.5,0.7,135.0,92,6,8,-75.80568023422299,-75.80198641600143,-75.99440772186013,-75.990281298479,-0.0012751016293793401,-2.0229224757980863e-14,-2.1165906905926587e-14,0.0012751016293793401,ok,19.5
2.68,0.7,135.0,92,6,8,-75.80532765574895,-75.80328066413722,-75.99362946870865,-75.99132312722742,-0.00041010795258757983,8.327172761343508e-15,8.98837588920658e-15,0.00041010795258757983,ok,10.52
2.68,0.7784650775728821,135.0,92,6,8,-75.88510987442922,-75.88303274658423,-76.07386013423893,-76.07157497077311,-7.80175807057349e-05,5.2852255757762306e-15,6.103912627347199e-15,7.80175807057349e-05,ok,11.52
2.0510782147427644,0.8682146206261605,135.0,92,6,8,-75.93172470460044,-75.91530730761596,-76.12439595555693,-76.10594551121986,0.004504458506449788,4.1561467333882405e-15,4.5593860737756934e-15,0.004504458506449788,ok,26.79
2.68,1.17311930899858,135.0,92,6,8,-75.91860970285461,-75.91641358768611,-76.10522690855784,-76.10267181680491,-0.0013918429090748986,5.191142189337305e-15,6.826162348643809e-15,0.0013918429090748986,ok,8.47
2.5,2.5,135.0,92,6,8,-75.8081525170703,-75.80629192656865,-75.96560222559192,-75.96341545966439,0.003483981646280713,1.0159528996351019e-13,4.1660233908324926e-14,0.003483981646280713,ok,15.22
2.0510782147427644,1.7925140766422638,135.0,92,6,8,-75.83627994703642,-75.82257879533378,-76.0078969813889,-75.9920661645651,0.008827718316338799,-2.679693516438052e-14,9.752241063758702e-14,0.008827718316338799,ok,24.87
2.68,0.8217302352684964,135.0,92,6,8,-75.9102998796059,-75.90820676984862,-76.09925391757406,-76.09697172805154,0.00010912843082591661,4.87684937282155e-15,5.77567717098959e-15,0.00010912843082591661,ok,13.36
2.5,2.0510782147427644,135.0,92,6,8,-75.81590252482744,-75.81278484566919,-75.97767578825528,-75.9739793737103,0.003750705676868171,-3.3802720189038604e-16,7.283594184697003e-16,0.003750705676868171,ok,16.84
2.68,1.0328937646339662,135.0,92,6,8,-75.93743372011264,-75.93527081928522,-76.12608227634954,-76.12362289011327,-0.0009331688411492577,-5.974456955811205e-15,-7.24305518418803e-15,0.0009331688411492577,ok,12.23
2.68,0.8682146206261605,135.0,92,6,8,-75.92718687789781,-75.92507701746202,-76.11630844463122,-76.113978453558,-0.00029899234390932516,4.8658631949745734e-15,5.989512953152953e-15,0.00029899234390932516,ok,14.2
2.68,2.0510782147427644,135.0,92,6,8,-75.81503675743845,-75.81321884890302,-75.97620807980525,-75.97400798140097,0.0024801224093191137,2.2970628199707177e-15,2.1030271119243003e-15,0.0024801224093191137,ok,9.35
2.5,0.8682146206261605,135.0,92,6,8,-75.92761217801846,-75.92381998031345,-76.11716156120917,-76.11295406849703,-2.098273554406848e-05,4.317527423366244e-15,5.787645155270696e-15,2.098273554406848e-05,ok,21.9
2.68,0.9184360891594576,135.0,92,6,8,-75.9367565365064,-75.93462937853931,-76.12592119497867,-76.12354847287209,-0.0005016756500047168,-2.1749155435158347e-14,-2.7100223395558104e-14,0.0005016756500047168,ok,13.78
2.68,1.7925140766422638,135.0,92,6,8,-75.82909348608598,-75.8270411048797,-75.99635843084754,-75.99391268595534,0.002396958306777812,-2.181232474050273e-14,-1.868175728418159e-14,0.002396958306777812,ok,9.93
2.68,1.0990821169362144,135.0,92,6,8,-75.93009931621674,-75.92791893292221,-76.11798221651463,-76.11547921266693,0.0011574307531071319,6.433541995198357e-15,7.975422418994467e-15,0.0011574307531071319,ok,12.56
2.86,0.8217302352684964,135.0,92,6,8,-75.91009189083125,-75.90893180331972,-76.09878780031339,-76.09755040911084,0.0002447818695330427,4.975513109836182e-15,5.446004197619474e-15,0.0002447818695330427,ok,8.44
2.68,1.2571204432701741,135.0,92,6,8,-75.90368657585468,-75.90147835934823,-76.08838832966673,-76.08581363617905,-0.0016223196967894544,-8.885583819654279e-15,-1.320588598800545e-14,0.0016223196967894544,ok,14.84
2.5,1.2571204432701741,135.0,92,6,8,-75.9042736660266,-75.90032942933503,-76.0894467026522,-76.08494589120204,0.002282674479355638,1.878983261217212e-15,3.226113465888267e-16,0.002282674479355638,ok,24.89
2.68,0.9730484681624365,135.0,92,6,8,-75.93990172242258,-75.9377566921235,-76.12895031747308,-76.12653088565312,-0.0007123913927998297,5.176046654197113e-15,6.672673500437098e-15,0.0007123913927998297,ok,18.34
2.86,0.9730484681624365,135.0,92,6,8,-75.93965330627927,-75.93846134860922,-76.12843902902331,-76.12707513610005,0.0005893080620862573,4.647049726304067e-15,5.457474656746439e-15,0.0005893080620862573,ok,8.35
2.68,1.4691596244932197,135.0,92,6,8,-75.86688597797617,-75.86468359369256,-76.04506881304381,-76.04247616229961,0.002062795723995065,4.389517659619847e-15,4.504704517134646e-15,0.002062795723995065,ok,16.15
2.5,1.6101543756409509,135.0,92,6,8,-75.84798043578995,-75.84414434185663,-76.02171629025908,-76.01724689249694,-0.0033833183878091977,-1.0115807101232666e-14,-2.2210773334235036e-14,0.0033833183878091977,ok,25.64
2.86,1.0328937646339662,135.0,92,6,8,-75.93716986312717,-75.93596700605254,-76.12555289549458,-76.1241606999972,-0.0007162029527992666,-4.499209337419215e-15,-5.089330659531488e-15,0.0007162029527992666,ok,8.08
2.86,0.7,135.0,92,6,8,-75.80515275211454,-75.8040210506684,-75.99317653100267,-75.9919115990047,-4.927092818794807e-05,-4.487530715636464e-14,-4.7905594494810206e-14,4.927092818794807e-05,ok,13.55
2.68,2.68,135.0,92,6,8,-75.80625283871177,-75.79525589622827,-75.96244725989162,-75.95457948498294,4.307040399698179e-07,2.3476009716646095e-14,-5.657544536640068e-14,4.3070403996982223e-07,ok,15.04
2.68,2.5,135.0,92,6,8,-75.80539809882505,-75.80590403469398,-75.96195794042934,-75.9624077821247,0.003705469743517696,-5.6742389427137205e-14,-3.961031071680522e-14,0.003705469743517696,ok,17.73
2.86,0.8682146206261605,135.0,92,6,8,-75.92696624402582,-75.9257959472583,-76.11584802150723,-76.11455705301604,0.0003396495375361029,1.5404954127781823e-14,1.8003768266213203e-14,0.0003396495375361029,ok,12.35
2.86,0.7784650775728821,135.0,92,6,8,-75.88491365560691,-75.88376344256619,-76.07340033617481,-76.07214340231252,0.00014001562056015606,5.571468353011022e-15,6.071395248965422e-15,0.00014001562056015606,ok,15.3
2.86,1.17311930899858,135.0,92,6,8,-75.91831121052023,-75.91708802644098,-76.10467120143326,-76.10321528437983,-0.0009771804186423207,-2.260015393450481e-14,-2.639569282021193e-14,0.0009771804186423207,ok,10.91
2.68,1.3541907073778483,135.0,92,6,8,-75.88612526870801,-75.88391235940333,-76.06808446075087,-76.06549539839092,0.0018505651017410474,-9.558699471382758e-16,1.7375192588035477e-15,0.0018505651017410474,ok,21.55
2.86,1.6101543756409509,135.0,92,6,8,-75.84685121759657,-75.84564235249186,-76.01976917432343,-76.01830156871439,0.0014689055061049012,7.818980019503329e-17,1.696561855000595e-15,0.0014689055061049012,ok,13.06
2.86,1.3541907073778483,135.0,92,6,8,-75.88578413630447,-75.88454999117806,-76.06747436881548,-76.06600899710281,0.0012414448138979512,1.2043013122388193e-14,1.4037265016361095e-14,0.0012414448138979512,ok,13.42
2.68,0.738001992915057,135.0,92,6,8,-75.85052463936526,-75.84846284179093,-76.0390793375837,-76.03675364187583,0.0002479122922689212,1.164076719297145e-14,1.3103569121839386e-14,0.0002479122922689212,ok,28.75
2.86,2.86,135.0,92,6,8,-75.80473926026997,-75.80261977518381,-75.9601505485552,-75.95779238600844,2.0971054132718517e-06,3.127647163481992e-14,-7.436919304026945e-14,2.097105413271853e-06,ok,12.05
3.04,0.7,135.0,92,6,8,-75.80506247498172,-75.80443941777253,-75.99293349379293,-75.99224795894087,8.110507183656116e-05,7.351313039574629e-15,7.741463598048488e-15,8.110507183656116e-05,ok,10.97
2.68,1.6101543756409509,135.0,92,6,8,-75.8472504722255,-75.84509007326565,-76.0204725379186,-76.01792209496541,-0.002254865749561455,5.490659342147936e-16,6.931447445117946e-16,0.002254865749561455,ok,24.43
2.86,1.7925140766422638,135.0,92,6,8,-75.82865752342207,-75.82750289160245,-75.99558673329216,-75.99418569584563,0.0015447668554953776,1.7525931803557913e-14,8.567359793953733e-15,0.0015447668554953776,ok,15.14
2.86,1.2571204432701741,135.0,92,6,8,-75.90336814663775,-75.90213740640331,-76.08780812366915,-76.08634565960958,0.001110485093417188,-5.210467994837271e-15,-6.373347461159105e-15,0.001110485093417188,ok,16.65
2.86,0.9184360891594576,135.0,92,6,8,-75.93652254948206,-75.93534149004199,-76.12542362213043,-76.12409796794708,0.0004685727728995625,4.743104952903227e-15,5.3728690060310415e-15,0.0004685727728995625,ok,18.97
2.0510782147427644,2.0510782147427644,135.0,92,6,8,-75.82301559670631,-75.8134245407006,-75.98899266010595,-75.9777752708928,0.008061102745924798,4.8748534820745526e-14,-3.3035847960147763e-14,0.008061102745924798,ok,41.78
3.04,1.0328937646339662,135.0,92,6,8,-75.93702606672768,-75.93636062607912,-76.12525501868733,-76.12445440204074,0.00051832359220622,-5.3094734882937854e-15,-6.168482827080437e-15,0.00051832359220622,ok,8.97
3.04,1.17311930899858,135.0,92,6,8,-75.91814731055604,-75.91747006499563,-76.10434513312185,-76.10350686960453,-0.0006680168046596905,-2.5822908908084812e-14,-2.8508641323302546e-14,0.0006680168046596905,ok,8.77
2.86,2.0510782147427644,135.0,92,6,8,-75.8145656200204,-75.81352328838578,-75.97538208483591,-75.97408923309033,-0.001536261156542837,7.624905658716815e-15,1.0324429991210038e-14,0.001536261156542837,ok,17.41
2.86,1.4691596244932197,135.0,92,6,8,-75.86651837553526,-75.86528873680267,-76.04440432588473,-76.04292383816838,0.0013644858862229617,-1.6692593705363105e-14,-1.7782113191808534e-14,0.0013644858862229617,ok,17.61
2.86,1.0990821169362144,135.0,92,6,8,-75.92981882419984,-75.92860531820314,-76.11743602450458,-76.11600583436648,-0.000845347620794152,-1.4915393867901714e-14,-1.7726318521991947e-14,0.000845347620794152,ok,19.67
3.04,1.2571204432701741,135.0,92,6,8,-75.90319299094817,-75.90251122153867,-76.08747313020585,-76.08663689758495,-0.0007443111092971985,-2.8914397368505464e-14,-3.167766633875587e-14,0.0007443111092971985,ok,9.94
3.04,0.8217302352684964,135.0,92,6,8,-75.90998133882324,-75.90934156373606,-76.09854532290078,-76.09788941810858,0.000240751347713519,5.265559003902197e-15,5.77699056858074e-15,0.000240751347713519,ok,13.24
2.86,0.738001992915057,135.0,92,6,8,-75.85033945464941,-75.8491986650753,-76.03862770137766,-76.03733491916114,4.427262721678343e-05,6.31415510767056e-15,6.9016175086422654e-15,4.427262721678343e-05,ok,25.97
2.5,0.7784650775728821,135.0,92,6,8,-75.88549633238333,-75.8817552392814,-76.07465491989787,-76.0705140511337,-0.0006796460710050637,5.050675929272928e-15,6.175045571483367e-15,0.0006796460710050637,ok,44.35
3.04,0.9730484681624365,135.0,92,6,8,-75.93951859444752,-75.93885963029281,-76.12814259857542,-76.12738286367097,-0.00044760354879861243,-2.1412306482900766e-14,-2.4293069547472857e-14,0.00044760354879861243,ok,13.61
2.86,2.68,135.0,92,6,8,-75.80499423562665,-75.80511159372011,-75.96068387719934,-75.96073298186575,-0.0020327694989796625,3.389720927950007e-15,1.5209371254174492e-15,0.0020327694989796625,ok,19.68
3.04,1.7925140766422638,135.0,92,6,8,-75.82841788266451,-75.82777342026579,-75.9951404415746,-75.9943179174028,0.0009878631069460972,-3.770302057273566e-14,-3.9559108171508175e-14,0.0009878631069460972,ok,9.8
3.04,1.6101543756409509,135.0,92,6,8,-75.84663142465837,-75.84595951465428,-76.01936244570261,-76.01850375447104,0.0009485442009660368,-1.5754368652561535e-14,-1.1886904152489067e-14,0.0009485442009660368,ok,13.84
3.04,0.8682146206261605,135.0,92,6,8,-75.92684827335583,-75.92620207737072,-76.1155597674443,-76.1148584366382,0.00031103981033937887,4.826128254478274e-15,5.452292326005349e-15,0.00031103981033937887,ok,20.29
3.04,0.9184360891594576,135.0,92,6,8,-75.93639639517014,-75.93574394131127,-76.12514561191536,-76.12441273394101,-0.00036986175569317815,1.1130939813153992e-14,1.280936313638746e-14,0.00036986175569317815,ok,20.05
3.04,1.4691596244932197,135.0,92,6,8,-75.86631597175385,-75.86563373122084,-76.04402401916049,-76.04316199307783,-0.0008893009821093567,4.544796667174274e-14,4.6451365109472336e-14,0.0008893009821093567,ok,17.88
2.86,2.5,135.0,92,6,8,-75.80608564478972,-75.80455145614354,-75.9624063860793,-75.96093588899448,0.0022117460088684777,-8.493099210645145e-14,-5.062126961990688e-14,0.0022117460088684777,ok,28.01
3.04,0.738001992915057,135.0,92,6,8,-75.8502428841323,-75.84961446440481,-76.03838141260313,-76.03766718962454,0.00013444054617989558,5.53640208932285e-15,5.925841775868213e-15,0.00013444054617989558,ok,24.48
3.04,1.3541907073778483,135.0,92,6,8,-75.88559638969356,-75.8849122835316,-76.06711511762812,-76.06626469444569,-0.000819345770169248,-2.0290656909969226e-14,-2.1794891547876013e-14,0.000819345770169248,ok,20.7
3.2199999999999998,1.4691596244932197,135.0,92,6,8,-75.8662043614236,-75.8658288739018,-76.04380261554034,-76.04328482257633,-0.000581938815866998,1.1518492378437555e-15,1.1976889387812858e-15,0.000581938815866998,ok,10.47
3.04,1.0990821169362144,135.0,92,6,8,-75.92966531607073,-75.92899367360455,-76.11712476510225,-76.11630188986122,-0.0005931618543207322,2.660471868483233e-14,3.0394103334015064e-14,0.0005931618543207322,ok,23.26
3.2199999999999998,0.7,135.0,92,6,8,-75.8050141141922,-75.80467346861117,-75.99280181598743,-75.99244465270887,0.00011750783951879713,7.767789965216592e-15,8.016022355207623e-15,0.00011750783951879713,ok,17.65
3.2199999999999998,1.2571204432701741,135.0,92,6,8,-75.90309615461275,-75.90272151664838,-76.0872748106564,-76.0867758606689,0.0004990966578893664,-5.744468323605425e-15,-6.229603744006428e-15,0.0004990966578893664,ok,14.29
3.2199999999999998,0.738001992915057,135.0,92,6,8,-75.85019092244117,-75.84984700766788,-76.03824045325149,-76.03785632678635,-0.00014928107060132234,-2.7180740056397537e-14,-2.922892126454528e-14,0.00014928107060132234,ok,17.9
3.04,0.7784650775728821,135.0,92,6,8,-75.88481040944876,-75.88417627398282,-76.07315303873938,-76.07245851820929,-0.00019075633461603523,4.352753626725948e-15,5.05781590184702e-15,0.00019075633461603523,ok,29.13
3.2199999999999998,1.0990821169362144,135.0,92,6,8,-75.92958032425308,-75.92921161981874,-76.1169385391087,-76.11645263538705,0.00041294750635377563,9.212144586492798e-15,1.0136299146475e-14,0.00041294750635377563,ok,15.62
3.04,2.0510782147427644,135.0,92,6,8,-75.81430801857832,-75.81371774659522,-75.97491462850607,-75.9741627191807,-0.0009711325307930232,1.7818944617954213e-14,1.7814264228533005e-14,0.0009711325307930232,ok,21.11
3.2199999999999998,2.0510782147427644,135.0,92,6,8,-75.81416736944682,-75.81383358230084,-75.97464328395893,-75.97418022630589,0.0006033034599988455,1.9614149856142314e-14,2.199970045721817e-14,0.0006033034599988455,ok,11.85
3.2199999999999998,1.6101543756409509,135.0,92,6,8,-75.84651057023675,-75.84613993784033,-76.01912156701785,-76.01860275534148,-0.000614056364878871,1.7373000529151287e-14,1.4945552027323477e-14,0.000614056364878871,ok,15.14
3.2199999999999998,0.7784650775728821,135.0,92,6,8,-75.8847543940463,-75.88440728722665,-76.07303899268089,-76.07264802224074,-0.00016997617683703727,4.834902072255314e-15,5.360033082359254e-15,0.00016997617683703727,ok,19.52
3.04,3.04,135.0,92,6,8,-75.80387813749927,-75.80322253086923,-75.95882894287446,-75.95810563567274,2.4856885076117845e-07,2.5689881550513618e-14,-6.187982142726853e-14,2.4856885076118745e-07,ok,20.89
3.04,2.68,135.0,92,6,8,-75.8042160657057,-75.80406755926336,-75.95960178722261,-75.95956362151448,0.002154693081417658,9.88279956807534e-14,4.883583130318136e-14,0.002154693081417658,ok,23.52
3.2199999999999998,0.9184360891594576,135.0,92,6,8,-75.93632708857507,-75.93596920435364,-76.12497497106813,-76.12457526150077,-0.0002887707314505488,4.626296905016015e-15,5.358517158406064e-15,0.0002887707314505488,ok,21.83
3.2199999999999998,0.8217302352684964,135.0,92,6,8,-75.90992129698945,-75.90957065170642,-76.09837675457655,-76.09803954104945,-0.0002157780382990638,-1.5537383592866243e-14,-1.7220673414434533e-14,0.0002157780382990638,ok,23.41
3.2199999999999998,0.9730484681624365,135.0,92,6,8,-75.93944429076788,-75.93908272257673,-76.12797465297581,-76.12755360255211,0.000328992493713624,4.9663279993606195e-15,5.481281206735126e-15,0.000328992493713624,ok,21.79
3.2199999999999998,3.2199999999999998,135.0,92,6,8,-75.8044792730506,-75.8043114826155,-75.95926773318048,-75.95902556089962,0.0004977225993626965,5.221624190030622e-15,-1.3351598697667339e-14,0.0004977225993626965,ok,11.54
3.2199999999999998,1.17311930899858,135.0,92,6,8,-75.91805665234166,-75.91768464078461,-76.10414628266672,-76.10363920800533,0.0004558522147654828,5.860345283708116e-15,6.367227134542878e-15,0.0004558522147654828,ok,23.11
3.4,1.6101543756409509,135.0,92,6,8,-75.84644465502173,-75.84624233070355,-76.0189918286887,-76.01864941711567,-0.0004047769180489884,4.193511159975766e-15,4.020509330905374e-15,0.0004047769180489884,ok,7.95
3.04,2.5,135.0,92,6,8,-75.80510035041458,-75.80471117832724,-75.961121686478,-75.96081765131161,-0.0017876575807146576,-7.808571943125035e-14,-4.4498861689312487e-14,0.0017876575807146576,ok,30.65
3.2199999999999998,1.7925140766422638,135.0,92,6,8,-75.82828645872344,-75.82792958548717,-75.99489541101096,-75.99439542995324,0.0006314330816607442,4.4758838131112656e-14,5.4606145343242165e-14,0.0006314330816607442,ok,23.4
3.4,0.9730484681624365,135.0,92,6,8,-75.93940305126739,-75.93920697129381,-76.12788292088456,-76.12764516225087,0.00024202914168988026,7.80390871511842e-15,8.576352059575877e-15,0.00024202914168988026,ok,13.01
3.4,2.0510782147427644,135.0,92,6,8,-75.81409072681933,-75.81390543675637,-75.97449552797583,-75.97420827452697,0.0004650727335524191,8.798283823793229e-15,-8.400718934723032e-15,0.0004650727335524191,ok,10.59
3.4,0.8682146206261605,135.0,92,6,8,-75.92674782682596,-75.92655582621302,-76.11532881670213,-76.11513420246311,-0.0001970603804171537,4.218519554315991e-15,4.742555437902232e-15,0.0001970603804171537,ok,15.24
3.4,0.738001992915057,135.0,92,6,8,-75.85016239413245,-75.84997613261902,-76.03816102929746,-76.0379633083698,-0.00013850870489672158,1.2296938346887747e-14,1.3078252924421441e-14,0.00013850870489672158,ok,17.72
3.2199999999999998,1.3541907073778483,135.0,92,6,8,-75.88549270649094,-75.88511652910466,-76.0669057879397,-76.06639819240222,0.0005423559508621048,1.2998455221591822e-14,1.346307835954665e-14,0.0005423559508621048,ok,28.27
3.4,0.9184360891594576,135.0,92,6,8,-75.93628859457016,-75.93609460106305,-76.12488540216253,-76.12466651842202,0.0002186831840982487,5.11858742117096e-15,5.588450478850424e-15,0.0002186831840982487,ok,16.26
3.04,2.86,135.0,92,6,8,-75.80290454990671,-75.80458223169157,-75.95786164122568,-75.95970768841038,-0.0002705559501240785,3.005891873816715e-14,1.1468268166564232e-14,0.0002705559501240785,ok,34.36
3.4,0.7784650775728821,135.0,92,6,8,-75.88472362199511,-75.88453555965755,-76.07295922999006,-76.07272519985895,0.00015606076635251917,7.233595786654197e-15,7.79379190865336e-15,0.00015606076635251917,ok,22.63
3.4,3.4,135.0,92,6,8,-75.80431922709187,-75.8042289683336,-75.95896217906248,-75.95878819707671,-0.0002534302577115933,-1.088754109554456e-14,1.7237692920798254e-14,0.0002534302577115933,ok,10.87
3.4,1.0990821169362144,135.0,92,6,8,-75.92953334223716,-75.9293331946493,-76.1168344656819,-76.11652446447924,0.00029059937359897977,-5.695989585361718e-15,-5.809913116296299e-15,0.00029059937359897977,ok,20.51
3.2199999999999998,2.5,135.0,92,6,8,-75.80523801668143,-75.8043177964547,-75.96117590651308,-75.9604258791119,-0.0008714223775725617,-3.73216004048045e-15,-2.136216492042715e-15,0.0008714223775725617,ok,29.18
3.4,1.0328937646339662,135.0,92,6,8,-75.9369024493942,-75.93670432156058,-76.1249773966931,-76.12471198178773,0.0002666682447056744,5.377713265711334e-15,5.667113499016295e-15,0.0002666682447056744,ok,21.38
3.4,1.3541907073778483,135.0,92,6,8,-75.8854357272887,-75.88523118358353,-76.06679037099441,-76.06646549533964,0.00036460315477789023,1.3301404946828921e-14,1.3607297394399519e-14,0.00036460315477789023,ok,21.2
3.4,3.04,135.0,92,6,8,-75.80454570386591,-75.80432616555724,-75.95932508071257,-75.95899618300339,-0.0003850184008976577,2.7452545127032986e-12,-1.4593682397648323e-11,0.00038501840089765794,ok,16.94
3.4,1.7925140766422638,135.0,92,6,8,-75.82821514523928,-75.82801937992357,-75.99474753643224,-75.99441797524831,0.0004134008623042004,5.529540324437499e-14,6.670430358930632e-14,0.0004134008623042004,ok,21.02
3.4,2.5,135.0,92,6,8,-75.80455362088597,-75.80309150389364,-75.96034400420115,-75.95935941340285,-0.0014825816045221784,-3.779740962867092e-15,-1.6433141076232884e-15,0.0014825816045221784,ok,20.03
3.2199999999999998,3.04,135.0,92,6,8,-75.80462571679105,-75.80439000352003,-75.95950221624283,-75.95917534114679,-0.0005652482015168309,-8.113048560471577e-12,2.7954585162929573e-11,0.0005652482015168316,ok,33.37
3.4,2.86,135.0,92,6,8,-75.80481914633452,-75.80465001807403,-75.95977947027409,-75.95950499085235,-0.0004033072672628145,2.2314386622990087e-13,-1.978932022552306e-12,0.0004033072672628145,ok,27.53
0.8217302352684964,0.8217302352684964,145.0,92,6,8,-76.00218953099152,-75.7283044940236,-76.24812542513935,-75.93648537851846,0.3815368460514062,2.9033908902927296e-15,-1.2898952389092073e-15,0.3815368460514062,ok,28.74
3.2199999999999998,2.68,135.0,92,6,8,-75.80446248560386,-75.80256359562848,-75.95976348606487,-75.95837337421031,-0.0020195268024149806,-1.0663860221563919e-13,-3.3272560778799716e-14,0.0020195268024149806,ok,53.12
0.9184360891594576,0.8682146206261605,145.0,92,6,8,-76.0351586595144,-75.77910143799745,-76.28142300158987,-75.9903640067534,-0.33419769872048233,-2.927480932221381e-15,-4.380066319655826e-15,0.33419769872048233,ok,25.97
0.8682146206261605,0.7,145.0,92,6,8,-75.92181779521479,-75.64122211658287,-76.16631278468665,-75.84754542060658,0.37350588269415846,1.4625846346915388e-14,9.9933201635792e-15,0.37350588269415846,ok,30.51
0.8682146206261605,0.8217302352684964,145.0,92,6,8,-76.01502416286804,-75.74681720233659,-76.26131050201862,-75.95609032063805,0.3676293630179912,7.443569260540429e-15,4.959409516562546e-15,0.3676293630179912,ok,30.53
0.8682146206261605,0.8682146206261605,145.0,92,6,8,-76.02923688630483,-75.76661889447752,-76.27532666402755,-75.9765599632208,-0.3601840046002295,-2.1042375928758754e-15,3.2728188298501926e-15,0.3601840046002295,ok,31.22
0.9184360891594576,0.8217302352684964,145.0,92,6,8,-76.02079502574838,-75.7593705750998,-76.26711015011192,-75.96976845503345,0.33769217624113235,4.240403254987615e-15,5.974381745349331e-15,0.33769217624113235,ok,31.05
0.9184360891594576,0.9184360891594576,145.0,92,6,8,-76.04215977284527,-75.79252671292633,-76.28818214281888,-76.0050504063622,0.32417173799211263,1.1767208966964096e-15,-4.226885611413846e-15,0.32417173799211263,ok,31.7
0.8217302352684964,0.7784650775728821,145.0,92,6,8,-75.97979651461745,-75.70085358455458,-76.22609924077665,-75.90894166409527,-0.38696701219979607,-1.3195345220231362e-14,-6.4159051592073635e-15,0.38696701219979607,ok,39.78
0.9730484681624365,0.7784650775728821,145.0,92,6,8,-75.99819320654836,-75.74077253669282,-76.24357578100198,-75.9513103662734,-0.2800787537945812,-7.284229083439516e-15,-8.33255673763693e-15,0.2800787537945812,ok,31.99
0.8682146206261605,0.7784650775728821,145.0,92,6,8,-75.99246886922026,-75.71934921333839,-76.23900798119878,-75.9283827959591,0.3706585911669599,1.0462550112493113e-14,7.990137493292028e-15,0.3706585911669599,ok,39.39
0.7784650775728821,0.7784650775728821,145.0,92,6,8,-75.95867260268363,-75.67479956091326,-76.20455945180935,-75.88200536051706,0.39497052810679795,3.631225713199211e-15,-2.2659567163535426e-15,0.39497052810679795,ok,48.79
0.9730484681624365,0.8217302352684964,145.0,92,6,8,-76.0210928795217,-75.76811798623936,-76.26669571720946,-75.9793639561601,0.283182784934167,2.8671739874904478e-15,6.928683650138307e-15,0.283182784934167,ok,35.17
0.9730484681624365,0.738001992915057,145.0,92,6,8,-75.97023531169401,-75.70981013282154,-76.21363791959588,-75.91856613277788,0.3084689892868385,4.771071906909881e-15,5.787709358175638e-15,0.3084689892868385,ok,39.51
0.9730484681624365,0.7,145.0,92,6,8,-75.9279844509828,-75.66421032010497,-76.17059101792591,-75.87181431107112,0.3028916714228912,5.992021342186904e-15,6.930113239461025e-15,0.3028916714228912,ok,41.38
3.4,3.2199999999999998,135.0,92,6,8,-75.80439875703314,-75.80428187449414,-75.95908679740376,-75.95887222470262,0.0003523796875856627,-8.526125659375656e-12,2.992890245183804e-11,0.0003523796875856641,ok,57.77
0.9184360891594576,0.7,145.0,92,6,8,-75.9281074136557,-75.65483323094095,-76.172029703571,-75.86180278211882,-0.346051369486446,-6.836269131841561e-15,-7.381107535366687e-15,0.346051369486446,ok,45.23
0.9730484681624365,0.8682146206261605,145.0,92,6,8,-76.03564531255661,-75.78769443207088,-76.28140008697461,-76.00004851941115,0.2834956899762547,5.810187809875453e-15,6.7105250604369855e-15,0.2834956899762547,ok,33.81
0.8217302352684964,0.7,145.0,92,6,8,-75.90817021106922,-75.62154610319345,-76.15295322250324,-75.82746890696207,0.3905884345878931,1.193636010663302e-14,5.9231190284207794e-15,0.3905884345878931,ok,55.32
0.9730484681624365,0.9184360891594576,145.0,92,6,8,-76.04289313967782,-75.80085834051081,-76.28868477121651,-76.01486010741812,0.27804359339356166,4.329679133797515e-16,6.069669294486111e-15,0.27804359339356166,ok,25.2
0.9184360891594576,0.738001992915057,145.0,92,6,8,-75.97021518014967,-75.70045609564147,-76.21457653840139,-75.90819786781937,-0.34918919258557923,1.6043477730339043e-15,-3.5251813306356262e-15,0.34918919258557923,ok,48.45
3.2199999999999998,2.86,135.0,92,6,8,-75.8035192698876,-75.80257257744279,-75.95841665775994,-75.9580169416917,0.0013960178369964225,1.4483624840920133e-15,3.506977132521751e-16,0.0013960178369964225,ok,81.61
0.9184360891594576,0.7784650775728821,145.0,92,6,8,-75.99806835477403,-75.73193296561637,-76.2444145328043,-75.94185566337667,0.3377085890732104,6.4490602398709635e-15,7.353870559322828e-15,0.3377085890732104,ok,52.88
1.0328937646339662,0.9184360891594576,145.0,92,6,8,-76.03924981637053,-75.80819601850598,-76.28301085087553,-76.02191980059435,-0.21259793838484925,-2.6981614805315717e-15,-1.3247204123791842e-14,0.21259793838484925,ok,20.1
1.0328937646339662,0.9730484681624365,145.0,92,6,8,-76.04038354935086,-75.81612520659507,-76.28407598753681,-76.03216933916532,0.2063788922855972,1.4859936287924587e-16,5.6563528947398265e-15,0.2063788922855972,ok,22.29
1.0328937646339662,0.8682146206261605,145.0,92,6,8,-76.03186156886132,-75.79534141523607,-76.2754610880401,-76.00744342028503,0.21146489206227168,2.3988730933803113e-15,9.891888944274623e-15,0.21146489206227168,ok,25.03
1.0328937646339662,1.0328937646339662,145.0,92,6,8,-76.03640165173573,-75.82165404447122,-76.27898336197867,-76.03929887488525,0.18325012015711195,2.5491737365475586e-15,-2.317015680267012e-14,0.18325012015711195,ok,21.46
0.7784650775728821,0.7,145.0,92,6,8,-75.88792053258602,-75.5939705094564,-76.08631115445652,-75.75220615557417,0.3930329323609892,1.1179221738154691e-14,6.9125059198834655e-15,0.3930329323609892,ok,66.39
1.0990821169362144,0.9184360891594576,145.0,92,6,8,-76.03160966512974,-75.81732121688096,-76.2712950615488,-76.02864041669686,-0.13951220123216468,-8.182005196399014e-16,-1.2207332195636495e-14,0.13951220123216468,ok,17.39
0.738001992915057,0.7,145.0,92,6,8,-75.85731180860589,-75.55896754111569,-76.07981814122728,-75.73865946409768,0.3995245554804336,4.72476522052484e-15,3.472509592441538e-15,0.3995245554804336,ok,73.21
0.7,0.7,145.0,92,6,8,-75.81582499279368,-75.51357674508832,-76.0463865201218,-75.7003793316964,-0.40334879685218133,-5.968329648532177e-15,-5.766538161647371e-16,0.40334879685218133,ok,74.74
1.17311930899858,1.0328937646339662,145.0,92,6,8,-76.01675356144386,-75.83806327783311,-76.25073213401544,-76.04844044190844,-0.08592526477374197,-6.029170777339859e-16,-9.345730727147532e-15,0.08592526477374197,ok,8.52
1.0990821169362144,1.0328937646339662,145.0,92,6,8,-76.02829450760052,-75.82829292712304,-76.26741469113387,-76.04320567415716,0.1376702453983104,-1.0239342583261425e-15,6.588657292207672e-15,0.1376702453983104,ok,19.8
1.0990821169362144,0.9730484681624365,145.0,92,6,8,-76.0326632104676,-75.82447025132453,-76.27231771200447,-76.03742992949316,-0.14189817122234544,2.824754033791153e-16,-1.7585721596144197e-14,0.14189817122234544,ok,20.81
0.738001992915057,0.738001992915057,145.0,92,6,8,-75.89894776639186,-75.60444577160021,-76.13048955544963,-75.79260367083995,0.39662031838999934,5.074902131898804e-15,-2.3040054948022414e-16,0.39662031838999934,ok,78.21
1.0328937646339662,0.7784650775728821,145.0,92,6,8,-75.99411930311099,-75.74877941948006,-76.2370859753931,-75.95906070589872,0.20140154338932093,3.908570882540436e-15,1.0597709856118551e-14,0.20140154338932093,ok,39.81
1.0990821169362144,1.0990821169362144,145.0,92,6,8,-76.01960603934523,-75.83180341026197,-76.25678083970297,-76.04701971923997,0.1187584225951972,-1.4584757662387432e-14,2.857306154336961e-14,0.1187584225951972,ok,22.69
0.7784650775728821,0.738001992915057,145.0,92,6,8,-75.9296893388681,-75.63953633098922,-76.14784321196124,-75.81593848256533,0.39129132930225885,8.522828566990898e-15,5.28139281693115e-15,0.39129132930225885,ok,80.0
1.17311930899858,0.8682146206261605,145.0,92,6,8,-76.01228749735277,-75.81786695666251,-76.2466533764017,-76.02532993224486,0.0713756439903059,1.7184156261611603e-15,1.1330648757011022e-14,0.0713756439903059,ok,18.39
1.0328937646339662,0.738001992915057,145.0,92,6,8,-75.96174085128196,-75.71241644884218,-76.20430823326659,-75.9223792559821,-0.19425626237934301,-3.3144833942139257e-15,-7.712196630328012e-15,0.19425626237934301,ok,43.67
1.17311930899858,1.0990821169362144,145.0,92,6,8,-76.00765986581021,-75.83827305292465,-76.24058639775866,-76.04981646118883,-0.08375692542423054,5.710141528185316e-16,-5.467948509415883e-15,0.08375692542423054,ok,15.21
1.17311930899858,0.8217302352684964,145.0,92,6,8,-75.99718235866462,-75.7992221536096,-76.23137121247508,-76.00615138071709,-0.06484073155160569,-2.6947845871863563e-15,-1.4051815886086736e-14,0.06484073155160569,ok,19.48
1.0328937646339662,0.8217302352684964,145.0,92,6,8,-76.01715873023801,-75.77597752201298,-76.26047290717426,-75.98698023442252,0.20722407999210254,2.928280559319753e-15,7.488165130029745e-15,0.20722407999210254,ok,42.76
1.17311930899858,0.9730484681624365,145.0,92,6,8,-76.02118363358409,-75.83592127063794,-76.25552985715,-76.04504782518359,-0.08279966159787357,-2.1541204492942e-15,-1.637843346648826e-14,0.08279966159787357,ok,16.71
1.0990821169362144,0.7784650775728821,145.0,92,6,8,-75.98607658715041,-75.7589232882254,-76.22495122906673,-75.96771576888135,0.12155903607335615,2.2496220272499422e-15,8.136794049047724e-15,0.12155903607335615,ok,32.45
1.0990821169362144,0.8217302352684964,145.0,92,6,8,-76.00928058291743,-75.78588352462685,-76.24852370894763,-75.99521717216123,-0.12834664330467588,-2.9383212911204903e-15,-1.2618261790331605e-14,0.12834664330467588,ok,31.89
1.0990821169362144,0.8682146206261605,145.0,92,6,8,-76.02413244082776,-75.80492981748645,-76.26365289329264,-76.01508526546372,0.13451811563559957,1.4202522880805852e-15,9.275507128985953e-15,0.13451811563559957,ok,31.8
1.17311930899858,1.17311930899858,145.0,92,6,8,-75.99510845746795,-75.839768989225,-76.22536321878026,-76.05061216843264,0.07058412042082948,5.738149877829199e-16,-3.816921394644541e-14,0.07058412042082948,ok,16.86
1.2571204432701741,0.7784650775728821,145.0,92,6,8,-75.95732347727179,-75.78917040895635,-76.18571140666057,-75.99317231452167,-0.01327498997939889,-2.409420345371119e-15,-8.892252747842258e-15,0.01327498997939889,ok,12.49
1.0328937646339662,0.7,145.0,92,6,8,-75.92224233845056,-75.67175707642286,-76.16198369391216,-75.87910214997169,0.240409222038994,6.375062184927797e-15,8.49493684633635e-15,0.240409222038994,ok,50.68
1.2571204432701741,1.2571204432701741,145.0,92,6,8,-75.96518048606958,-75.84472501958737,-76.18683985242926,-76.04996901576143,0.03850191838589908,-9.850927408224516e-15,-9.048798226278921e-15,0.03850191838589908,ok,6.43
3.4,2.68,135.0,92,6,8,-75.803955518738,-75.80254804993848,-75.95911364656644,-75.95748079238844,0.0028450398178754836,-1.1758516456024942e-15,1.0256685928503034e-15,0.0028450398178754836,ok,94.26
1.17311930899858,0.7784650775728821,145.0,92,6,8,-75.97371391857831,-75.77257229125304,-76.20763026716011,-75.97915617262746,-0.058124268032528056,-2.8559651720010836e-15,-1.1628036248529325e-14,0.058124268032528056,ok,27.25
1.17311930899858,0.738001992915057,145.0,92,6,8,-75.94086855797512,-75.73668406396737,-76.17442162021865,-75.94315804820853,-0.051252402013525315,-2.558325573249171e-15,-6.953546386745739e-15,0.051252402013525315,ok,33.9
1.2571204432701741,0.9184360891594576,145.0,92,6,8,-76.00470037942047,-75.84498650016306,-76.2331848097349,-76.049967432526,-0.03243671984077936,-1.7628493549722033e-15,-1.6618885266699718e-14,0.03243671984077936,ok,15.67
1.2571204432701741,0.8217302352684964,145.0,92,6,8,-75.98115641106155,-75.81549391211945,-76.20966907849461,-76.01972711330555,-0.019689735367899426,-2.832686682802201e-15,-1.432296017267561e-14,0.019689735367899426,ok,17.99
1.3541907073778483,1.0990821169362144,145.0,92,6,8,-75.97686085126786,-75.86224549415418,-76.19657968671748,-76.06437759273919,0.019222861726904183,1.8508413528211588e-15,-8.888101697701553e-14,0.019222861726904183,ok,5.98
1.2571204432701741,1.0990821169362144,145.0,92,6,8,-75.99319792334565,-75.84869811321254,-76.22007678396302,-76.0553133902344,0.047234422328010194,2.3376899524016014e-15,-2.6877158812995466e-14,0.047234422328010194,ok,12.3
1.2571204432701741,0.738001992915057,145.0,92,6,8,-75.92409209331123,-75.75357224388604,-76.1522810794914,-75.95748217654051,-0.006865978830733831,-2.199045552184573e-15,-8.187120243703376e-15,0.006865978830733831,ok,20.99
1.2571204432701741,1.0328937646339662,145.0,92,6,8,-76.00214980049996,-75.85109702195786,-76.22990093835823,-76.05709418269669,-0.04370872058055977,-6.308115755173271e-16,-2.697900523728821e-14,0.04370872058055977,ok,14.64
1.3541907073778483,0.8217302352684964,145.0,92,6,8,-75.96230000852894,-75.833508370663,-76.18423891760168,-76.03479547217951,0.009981267064003707,-2.9209197552516555e-15,-1.598300167106806e-14,0.009981267064003707,ok,13.51
1.0990821169362144,0.738001992915057,145.0,92,6,8,-75.95352167989591,-75.72276144233852,-76.19193582076642,-75.93135806856556,0.1142237384506721,3.643668691859057e-15,9.840498024712056e-15,0.1142237384506721,ok,45.98
1.3541907073778483,0.8682146206261605,145.0,92,6,8,-75.97822110425258,-75.85137831270632,-76.20005047268397,-76.05288196121751,-0.0038686677141035186,3.01938826673126e-15,1.414049032025692e-14,0.0038686677141035186,ok,13.64
1.3541907073778483,1.2571204432701741,145.0,92,6,8,-75.94914008657548,-75.84913607564614,-76.1646483434025,-76.05019846997288,0.023756704318158336,1.3141293725705034e-14,-3.665483776293349e-14,0.023756704318158336,ok,10.12
1.3541907073778483,0.7784650775728821,145.0,92,6,8,-75.93803150892036,-75.80748301108915,-76.15997511917774,-76.00858446299497,0.016035640368498,-2.511306175027171e-15,-1.0236400642837621e-14,0.016035640368498,ok,15.32
1.3541907073778483,0.9730484681624365,145.0,92,6,8,-75.98885182059804,-75.86683907486012,-76.21013127877755,-76.06879824940623,-0.008321045596357345,-2.7193636580400698e-15,-3.372745256441697e-14,0.008321045596357345,ok,14.57
1.3541907073778483,1.0328937646339662,145.0,92,6,8,-75.98528177848166,-75.86648201386468,-76.20597110131742,-76.0685886221915,-0.014103507378052278,3.709587585212639e-16,2.3970363099455088e-14,0.014103507378052278,ok,12.86
1.4691596244932197,0.8682146206261605,145.0,92,6,8,-75.95904830182646,-75.86963469670594,-76.17296100930272,-76.06802437692872,-0.020589317078793825,2.9056088914190366e-15,1.5203604091515585e-14,0.020589317078793825,ok,7.17
1.3541907073778483,0.738001992915057,145.0,92,6,8,-75.90435334289202,-75.77215337259256,-76.12626195276707,-75.97317427376976,0.02200115594943395,-1.943546532300767e-15,-8.910644435700362e-15,0.02200115594943395,ok,18.43
1.17311930899858,0.9184360891594576,145.0,92,6,8,-76.01999056546747,-75.82968454476216,-76.2544215322499,-76.03786513857044,0.07751382125022549,1.592405997960758e-15,1.2535731003530438e-14,0.07751382125022549,ok,35.46
1.3541907073778483,1.17311930899858,145.0,92,6,8,-75.96444639405891,-75.85567177463953,-76.18262580664198,-76.05760856194436,0.022951891824573335,9.78376702252067e-16,-7.212623152772721e-15,0.022951891824573335,ok,14.53
1.3541907073778483,0.7,145.0,92,6,8,-75.86008340643602,-75.72627151655334,-76.08193848499896,-75.92733062361012,0.02790850611654518,-2.0729978786707567e-15,-8.147706521141259e-15,0.02790850611654518,ok,20.64
1.3541907073778483,0.9184360891594576,145.0,92,6,8,-75.98677671188553,-75.86214651323681,-76.20843498450918,-76.06390306235049,-0.002270167040359497,-3.4555843591316795e-15,-2.3295940915310453e-14,0.002270167040359497,ok,18.82
1.2571204432701741,0.9730484681624365,145.0,92,6,8,-76.00626267397664,-75.85037303100435,-76.2344940717776,-76.0558022584694,0.038438590559915775,1.1644205757146817e-15,2.5539196063101303e-14,0.038438590559915775,ok,24.46
1.4691596244932197,0.7784650775728821,145.0,92,6,8,-75.91789530601196,-75.82631593528049,-76.13199507179685,-76.02435055610255,-0.03162114937005539,-1.2914966255499082e-14,-2.506605063834138e-13,0.03162114937005539,ok,11.29
1.4691596244932197,1.17311930899858,145.0,92,6,8,-75.9482857268255,-75.8688467560706,-76.1583295111197,-76.0663671997206,0.006482023126873848,-1.0406830926086211e-14,8.838060276534922e-14,0.006482023126873848,ok,8.25
1.4691596244932197,0.738001992915057,145.0,92,6,8,-75.88375149466611,-75.79122410313968,-76.09786829673305,-75.98912503222232,0.03696076030294082,-1.2377392149916202e-14,-2.0143136738932754e-13,0.03696076030294082,ok,13.34
1.4691596244932197,0.8217302352684964,145.0,92,6,8,-75.94263227627438,-75.85207987391263,-76.15668344441517,-76.05029878587081,-0.026158313666876758,3.0647882771742523e-15,1.2693088667133483e-14,0.026158313666876758,ok,12.42
1.2571204432701741,0.8682146206261605,145.0,92,6,8,-75.99662756879258,-75.83372909144077,-76.22519198270727,-76.03831197963183,-0.02611293273220358,-1.1547754596513622e-15,-1.555797401681533e-14,0.02611293273220358,ok,30.29
1.3541907073778483,1.3541907073778483,145.0,92,6,8,-75.9326138258152,-75.84598964438415,-76.14361148072966,-76.04459918481535,0.019731593340890446,-1.0635139169304594e-14,3.91566301745466e-15,0.019731593340890446,ok,17.58
1.4691596244932197,1.0990821169362144,145.0,92,6,8,-75.96005471925741,-75.8775451997503,-76.17164311196112,-76.0757316157657,-0.0016558695394337797,4.743269287818218e-16,-7.530911526081493e-14,0.0016558695394337797,ok,9.38
1.2571204432701741,1.17311930899858,145.0,92,6,8,-75.98040276327876,-75.845474750801,-76.2055564456622,-76.05229932294372,0.046693301189718914,9.358979749638749e-15,-4.7374674297909e-14,0.046693301189718914,ok,25.5
1.4691596244932197,1.0328937646339662,145.0,92,6,8,-75.96782034935643,-75.88302065011543,-76.18044302812524,-76.08154042155783,-0.0036869657833291866,-2.1763528081673115e-15,-5.505499241532839e-14,0.0036869657833291866,ok,12.43
1.6101543756409509,0.7784650775728821,145.0,92,6,8,-75.90025047537152,-75.84450863459091,-76.10531030565012,-76.03945925970032,-0.033059787116392333,3.715691984192794e-14,1.3479636976519387e-12,0.033059787116392333,ok,6.94
1.2571204432701741,0.7,145.0,92,6,8,-75.88036273551398,-75.70738926408228,-76.10832589802146,-75.91150553846221,-0.00033135923430044345,-2.5926042727140298e-15,-1.0546995523590025e-14,0.00033135923430044345,ok,36.0
1.4691596244932197,0.7,145.0,92,6,8,-75.83899747933492,-75.74556952454512,-76.05312629548082,-75.94340609326962,-0.04217863016109537,3.718090374708457e-15,1.1635858803102037e-14,0.04217863016109537,ok,18.52
1.4691596244932197,0.9730484681624365,145.0,92,6,8,-75.97077551437744,-75.88416071403812,-76.18405479122595,-76.08277988041263,-0.009270674191007522,-1.025609554495586e-14,-1.7871694585188393e-13,0.009270674191007522,ok,15.69
1.0990821169362144,0.7,145.0,92,6,8,-75.9138543328704,-75.67788817572037,-76.14530537531508,-75.88053266721755,0.11321916211838,3.787136887728696e-15,7.992034294526248e-15,0.11321916211838,ok,64.48
1.6101543756409509,1.17311930899858,145.0,92,6,8,-75.93396743772712,-75.88311979358248,-76.13565158764894,-76.07679138113946,0.0011933195393835153,-4.075146482263569e-16,3.120570247169071e-14,0.0011933195393835153,ok,8.04
1.6101543756409509,1.0990821169362144,145.0,92,6,8,-75.9452056401075,-75.89313426011009,-76.14828657860596,-76.08775773552013,-0.00564937529952704,-7.690988655871506e-15,-2.874404901850844e-13,0.00564937529952704,ok,10.12
1.4691596244932197,0.9184360891594576,145.0,92,6,8,-75.96812942768568,-75.88000756637072,-76.18181843163678,-76.07850771556134,0.014938167879654629,1.2290673423760931e-14,1.8555618095716894e-13,0.014938167879654629,ok,20.56
1.6101543756409509,1.0328937646339662,145.0,92,6,8,-75.95243633321161,-75.89943938748476,-76.15642634737485,-76.09459082137585,0.01027843810615802,1.771560527614102e-14,3.289831117433062e-13,0.01027843810615802,ok,10.9
1.6101543756409509,0.8682146206261605,145.0,92,6,8,-75.94222349250258,-75.88734557709205,-76.14722458188143,-76.0826163791208,0.024212366339978062,-3.1264467393012396e-15,-1.514210830874744e-14,0.024212366339978062,ok,13.46
1.4691596244932197,1.3541907073778483,145.0,92,6,8,-75.91677717203568,-75.84876982600173,-76.12105680457766,-76.04307831391164,-0.012279885795498081,-1.8922410966221596e-14,5.769022448083428e-14,0.012279885795498081,ok,17.03
1.6101543756409509,0.7,145.0,92,6,8,-75.8205950768068,-75.76414196653474,-76.02553893504812,-75.95875736379313,-0.041381374834972416,7.324951876617288e-15,3.9292752944905243e-13,0.041381374834972416,ok,17.21
1.6101543756409509,1.3541907073778483,145.0,92,6,8,-75.90303485671961,-75.85668543094035,-76.09971195573648,-76.04651699682653,-0.006431288309803201,5.526313954200844e-15,-5.3649756209524185e-15,0.006431288309803201,ok,11.06
1.6101543756409509,0.738001992915057,145.0,92,6,8,-75.86572523710355,-75.80961400711075,-76.07071760367138,-76.00437399600874,-0.03729084035383071,1.0208197760527523e-14,4.1394248207339304e-13,0.03729084035383071,ok,17.7
1.7925140766422638,0.8682146206261605,145.0,92,6,8,-75.93119459348259,-75.90314006106719,-76.12827839541015,-76.0956838410124,0.01680883781580572,-5.720436422127224e-16,-1.0614833734533515e-14,0.01680883781580572,ok,10.02
1.6101543756409509,0.9730484681624365,145.0,92,6,8,-75.95488042750792,-75.90114333516101,-76.15943586854843,-76.09653459731419,0.014957236537365831,6.20900038169567e-14,1.165099879434394e-12,0.014957236537365831,ok,15.74
1.6101543756409509,0.9184360891594576,145.0,92,6,8,-75.95175323188349,-75.89740158808539,-76.15662236009285,-76.09280952855433,-0.019618213381870534,-1.0584083189706501e-13,-2.2997708538391194e-12,0.019618213381870534,ok,17.0
1.7925140766422638,0.738001992915057,145.0,92,6,8,-75.85414286767913,-75.82593037451797,-76.0508608459408,-76.01790130601826,0.024971109263422914,-3.181172842808549e-15,-7.262031560946597e-15,0.024971109263422914,ok,13.41
1.6101543756409509,0.8217302352684964,145.0,92,6,8,-75.9253859626717,-75.87005029504589,-76.1304493183329,-76.0651680592691,0.02870204359740857,-2.813441231549187e-15,-1.2726564121658476e-14,0.02870204359740857,ok,18.75
1.7925140766422638,1.0328937646339662,145.0,92,6,8,-75.94203636304356,-75.91430650210492,-76.1385129511168,-76.10656039370996,0.00780164250134141,-3.4276456210530544e-15,-1.060701805404753e-14,0.00780164250134141,ok,10.47
1.7925140766422638,0.7784650775728821,145.0,92,6,8,-75.8888437048658,-75.86067257301303,-76.08572870620094,-76.05283811576727,-0.022365078141335575,1.674379971737346e-14,-2.190088370404297e-14,0.022365078141335575,ok,13.47
1.7925140766422638,0.9184360891594576,145.0,92,6,8,-75.94092900582373,-75.91295680988036,-76.13800571949326,-76.1056032656231,-0.013879493070636692,1.0960371126143358e-14,2.1969968694555998e-15,0.013879493070636692,ok,12.51
1.7925140766422638,0.7,145.0,92,6,8,-75.80884386092272,-75.78059647396296,-76.00540187094944,-75.97237833228607,-0.027461511697841983,-4.703054117196146e-15,3.00631159190187e-14,0.027461511697841983,ok,16.43
1.7925140766422638,1.17311930899858,145.0,92,6,8,-75.92392715107991,-75.89665722437765,-76.11838205534367,-76.08711348025412,0.0016287119123577533,-8.843135291800116e-15,-7.766343676559576e-14,0.0016287119123577533,ok,11.18
1.6101543756409509,1.2571204432701741,145.0,92,6,8,-75.91956658594616,-75.87046826604094,-76.11919278465766,-76.06259525031345,-0.0029207851192786863,-9.795798419272638e-15,5.1193944437044546e-14,0.0029207851192786863,ok,18.58
1.7925140766422638,0.8217302352684964,145.0,92,6,8,-75.91416291608188,-75.88604336014852,-76.11117088102598,-76.0783947043918,-0.019638681992157722,-9.885157107036859e-15,2.532201800712949e-14,0.019638681992157722,ok,17.23
1.7925140766422638,1.0990821169362144,145.0,92,6,8,-75.93500560890284,-75.90746398355206,-76.13070803016915,-76.09905194581802,0.004707464452512588,-1.2016364676789554e-14,-6.092825050578744e-14,0.004707464452512588,ok,13.35
1.7925140766422638,1.7925140766422638,145.0,92,6,8,-75.8430765718664,-75.82631943767964,-76.01918461176363,-75.99983407595178,0.009001780610287974,-2.4997191616501593e-14,-2.1916994774224252e-14,0.009001780610287974,ok,11.49
1.7925140766422638,0.9730484681624365,145.0,92,6,8,-75.94426768060288,-75.91640032982562,-76.1411687618388,-76.10897994265478,-0.010869730333229823,-4.1303903106950515e-15,2.435879628071403e-14,0.010869730333229823,ok,18.25
2.0510782147427644,0.8217302352684964,145.0,92,6,8,-75.90981498480751,-75.89871736116363,-76.10164509912111,-76.08906352150983,-0.007701684151580546,-1.418758491514606e-14,-8.704553282763191e-15,0.007701684151580546,ok,9.35
1.7925140766422638,1.2571204432701741,145.0,92,6,8,-75.9095912223798,-75.88274273489426,-76.10216605618683,-76.07144481911821,0.0013616404435340679,6.6507439896622466e-15,-5.102257746494362e-14,0.0013616404435340679,ok,13.9
2.0510782147427644,0.7,145.0,92,6,8,-75.80456553525013,-75.79357410789079,-75.99578608747065,-75.98324952443247,-0.011113511973402747,9.805441964037182e-15,5.336302934191376e-15,0.011113511973402747,ok,11.6
1.6101543756409509,1.4691596244932197,145.0,92,6,8,-75.88579651213463,-75.84415802021516,-76.07840202879035,-76.03075883626754,0.008889307257216435,1.0125945820076943e-14,-2.3399311157301778e-14,0.008889307257216435,ok,22.21
2.0510782147427644,0.9184360891594576,145.0,92,6,8,-75.93650936764992,-75.92533921378649,-76.12854762898041,-76.11591760109631,0.005116744251540845,3.9991668955872845e-15,3.2282437928799244e-15,0.005116744251540845,ok,8.88
1.4691596244932197,1.2571204432701741,145.0,92,6,8,-75.93343986848988,-75.85845613280378,-76.14116843053428,-76.05478472293139,0.010304929871569543,1.6274146635934408e-15,-1.4895214604833917e-14,0.010304929871569543,ok,31.48
1.7925140766422638,1.3541907073778483,145.0,92,6,8,-75.89291087673928,-75.86678092793744,-76.0827934462421,-76.05294221275969,0.004186047958731953,-6.947603217204488e-17,-1.4088538974378562e-14,0.004186047958731953,ok,16.91
0.8217302352684964,0.738001992915057,145.0,92,6,8,-75.95079240263726,-75.66564163363313,-76.13590330773597,-75.81310055027532,0.38164386727767463,1.1906459499380441e-14,7.163601823379142e-15,0.38164386727767463,ok,128.81
1.7925140766422638,1.4691596244932197,145.0,92,6,8,-75.87505636113653,-75.85027536827859,-76.06126009120314,-76.03296078078965,0.006688440217082741,2.4269347595563785e-14,-2.036925636000455e-14,0.006688440217082741,ok,17.44
2.5,0.7784650775728821,145.0,92,6,8,-75.88432126009833,-75.88188347587423,-76.07337126121341,-76.0706039655209,-0.0011061211349515767,8.185695234111713e-15,6.854406061950953e-15,0.0011061211349515767,ok,5.22
1.6101543756409509,1.6101543756409509,145.0,92,6,8,-75.86992504403385,-75.83634506910046,-76.05726894566777,-76.01884895298701,-0.009653514852374548,-9.356950054262174e-15,3.8593554873068494e-14,0.009653514852374548,ok,27.43
1.4691596244932197,1.4691596244932197,145.0,92,6,8,-75.90018890419223,-75.84319099651077,-76.09935712552223,-76.03417829112233,0.011514251824901636,-8.12521791869709e-15,8.452574143322883e-15,0.011514251824901636,ok,35.78
2.0510782147427644,0.9730484681624365,145.0,92,6,8,-75.9397964186197,-75.92859124309055,-76.13169751132799,-76.11904367653977,-0.0037420355831487857,-6.594517784136465e-15,-7.354283546625577e-15,0.0037420355831487857,ok,15.33
2.5,0.7,145.0,92,6,8,-75.80451816559456,-75.80211297726308,-75.99311554044556,-75.99038823978694,-0.0016179697040902274,-5.864933766400626e-15,-4.0670929278245345e-15,0.0016179697040902274,ok,8.24
1.17311930899858,0.7,145.0,92,6,8,-75.90083085693209,-75.69143294691077,-76.12779354349897,-75.89243940302771,-0.04829533803453577,-2.993349476430756e-15,2.1356766505411632e-16,0.04829533803453577,ok,77.29
2.0510782147427644,1.2571204432701741,145.0,92,6,8,-75.90452599657895,-75.8932715529096,-76.09224868008687,-76.07950265983231,0.002098650038853289,-1.686263403930206e-14,2.7381617742922695e-15,0.002098650038853289,ok,16.46
2.0510782147427644,1.0328937646339662,145.0,92,6,8,-75.93749410665097,-75.92625648339367,-76.12904558711168,-76.11634721276268,0.002320982813978129,-9.841781439250693e-15,-1.8226416426263177e-14,0.002320982813978129,ok,18.16
2.0510782147427644,0.7784650775728821,145.0,92,6,8,-75.88452304812822,-75.873461336428,-76.07618484593543,-76.06357060642695,-0.00890202265719884,-1.973329434566913e-15,8.48504530482679e-16,0.00890202265719884,ok,20.44
2.0510782147427644,1.17311930899858,145.0,92,6,8,-75.91912043625294,-75.90784651553959,-76.10871509319375,-76.09597343061932,0.0006171534238681303,6.109949691756342e-15,3.3106094274379506e-15,0.0006171534238681303,ok,17.73
2.5,1.0328937646339662,145.0,92,6,8,-75.93673051614184,-75.93419540415948,-76.1257103810828,-76.1228556225078,0.0004811587422868073,6.257225886393023e-15,6.677255581033763e-15,0.0004811587422868073,ok,12.41
0.9730484681624365,0.9730484681624365,145.0,92,6,8,-76.04402940747897,-75.80919057472784,-76.28989627337468,-76.02586614992002,0.25661661583834683,-6.686919574367186e-16,-5.542456803263212e-15,0.25661661583834683,ok,107.23
2.0510782147427644,0.8682146206261605,145.0,92,6,8,-75.92681448392003,-75.91568053476796,-76.11880634945281,-76.1062057468146,0.0064388648199705505,1.0312514377523665e-15,2.738415005908263e-17,0.0064388648199705505,ok,23.25
2.0510782147427644,1.3541907073778483,145.0,92,6,8,-75.88741753322704,-75.87624694712106,-76.07245334665727,-76.05976146824648,0.003556592060067254,-2.478320699540645e-14,3.616840809906463e-14,0.003556592060067254,ok,20.22
2.5,0.738001992915057,145.0,92,6,8,-75.84972475198614,-75.84730371806974,-76.03856798646227,-76.03580927752691,0.001369737694169629,2.8778033431593746e-14,2.2193196554204283e-14,0.001369737694169629,ok,16.18
2.5,0.9184360891594576,145.0,92,6,8,-75.93601139368589,-75.9335178584294,-76.12549131971764,-76.12269346514032,0.0002025653422832556,-1.559745519359681e-14,-1.4848318766319727e-14,0.0002025653422832556,ok,15.67
2.5,2.0510782147427644,145.0,92,6,8,-75.81547271409893,-75.81345933756445,-75.97714413926433,-75.9747270800627,0.0031053012264067588,3.174033154846942e-15,3.924759319796487e-15,0.0031053012264067588,ok,8.98
2.0510782147427644,0.738001992915057,145.0,92,6,8,-75.84984554706725,-75.83881920871988,-76.04129787809335,-76.02871119989807,0.010040049719659369,-5.309182479528697e-15,-4.731101655466072e-15,0.010040049719659369,ok,27.24
2.5,0.8217302352684964,145.0,92,6,8,-75.90952405816924,-75.90706869194808,-76.09876570067684,-76.09603415166582,0.0008206393762954919,1.1927484992940775e-14,9.995842929070262e-15,0.0008206393762954919,ok,16.25
2.5,0.9730484681624365,145.0,92,6,8,-75.9391755322573,-75.93666149354195,-76.12856017846877,-76.12573102620165,0.00013194010523319682,6.437876802360015e-15,6.413082543358009e-15,0.00013194010523319682,ok,16.94
2.5,2.5,145.0,92,6,8,-75.80805086763229,-75.80687385781043,-75.96547250456264,-75.96408999478648,0.0024216872813865266,1.00605284224105e-13,3.161643253141212e-14,0.0024216872813865266,ok,10.59
2.68,0.7,145.0,92,6,8,-75.80468755082241,-75.80336117665074,-75.99300628345516,-75.99148315742683,-0.0006592666021466216,3.1701517874044224e-14,2.347961630625548e-14,0.0006592666021466216,ok,8.57
1.7925140766422638,1.6101543756409509,145.0,92,6,8,-75.85766884438442,-75.83561608382914,-76.0391605988036,-76.01387408306864,0.008560732688452135,-3.4643648904074625e-15,-6.586397810344901e-14,0.008560732688452135,ok,30.95
2.5,1.3541907073778483,145.0,92,6,8,-75.88561621550332,-75.88301812568174,-76.06794556696397,-76.06491527167466,-0.0019808339055385604,-2.3997776097451283e-16,-1.4990443048169801e-15,0.0019808339055385604,ok,13.84
2.0510782147427644,1.7925140766422638,145.0,92,6,8,-75.83352784058332,-75.82448726062647,-76.00453312149632,-75.9940363630313,-0.0069689155758377854,5.991406163776403e-14,-1.99918620070467e-13,0.0069689155758377854,ok,21.91
2.68,0.7784650775728821,145.0,92,6,8,-75.8844608692728,-75.88311384233775,-76.07318139958322,-76.07162256365697,-0.00035609387441728904,8.047036479690926e-15,6.463488900368744e-15,0.00035609387441728904,ok,9.18
2.5,0.8682146206261605,145.0,92,6,8,-75.92642543445764,-75.92395144530776,-76.1158583825349,-76.1130942616246,-0.000521058266091716,9.464097237893116e-15,8.96205395759555e-15,0.000521058266091716,ok,19.58
2.5,1.0990821169362144,145.0,92,6,8,-75.92942500629279,-75.92686893187629,-76.11765112320744,-76.11472982257408,-0.0008432595981112019,-9.335100225445186e-15,-1.0166291148406704e-14,0.0008432595981112019,ok,16.94
2.5,1.4691596244932197,145.0,92,6,8,-75.86648972251811,-75.86390450473738,-76.04502274058828,-76.04198407733175,-0.0023546195154828396,4.286611568046865e-15,-4.527823824393194e-16,0.0023546195154828396,ok,15.36
2.5,1.17311930899858,145.0,92,6,8,-75.91797343600531,-75.91539778041853,-76.10492610998949,-76.10195341226382,-0.0012176661830007396,4.240988812056546e-15,8.646277808187789e-15,0.0012176661830007396,ok,17.89
2.0510782147427644,2.0510782147427644,145.0,92,6,8,-75.82148284713483,-75.77422491887452,-75.98704542637054,-75.94086925617843,0.00041514206743146847,-3.544428544611978e-14,-2.9370672856068835e-14,0.00041514206743146847,ok,24.44
2.5,1.7925140766422638,145.0,92,6,8,-75.82914739045614,-75.82677219993279,-75.99680964486097,-75.99397530873568,-0.002976222417582576,8.720988228123964e-15,1.6092977748170051e-15,0.002976222417582576,ok,15.65
2.5,1.2571204432701741,145.0,92,6,8,-75.90310247333272,-75.90051122800489,-76.08816578451268,-76.085167182887,0.0015978813168508745,-5.133563647461987e-15,9.287478839273392e-16,0.0015978813168508745,ok,19.03
2.68,1.17311930899858,145.0,92,6,8,-75.9179447605675,-75.9165106627714,-76.1045127380272,-76.10279688377504,-0.0009598916153968225,-1.1143074420825651e-14,-1.0679122255347171e-14,0.0009598916153968225,ok,8.74
2.68,0.8682146206261605,145.0,92,6,8,-75.92652943416232,-75.92515960196022,-76.11560034255191,-76.11406768658132,2.7989223251251652e-05,5.041971422290065e-15,4.797052923857061e-15,2.7989223251251652e-05,ok,12.24
2.68,0.738001992915057,145.0,92,6,8,-75.84987994817362,-75.84854357415921,-76.03839327497765,-76.0368448760428,0.000505316749746655,-5.3017768287994527e-14,-4.154482090979796e-14,0.000505316749746655,ok,15.84
2.5,1.6101543756409509,145.0,92,6,8,-75.84703005012508,-75.8445011498913,-76.02061923946819,-76.01762900919728,-0.002701321243103523,-1.4283725552033564e-15,-1.0883334769155601e-14,0.002701321243103523,ok,19.96
2.0510782147427644,1.0990821169362144,145.0,92,6,8,-75.93035939763311,-75.91909640123015,-76.1211810253645,-76.10845449092781,-0.0008638352408441696,1.3057661460561915e-15,2.403549546802889e-14,0.0008638352408441696,ok,34.63
2.68,0.9730484681624365,145.0,92,6,8,-75.93923672382198,-75.93784160885686,-76.12824476037356,-76.12664844410676,-0.0003417770865273514,1.215096971354838e-14,1.1269924368851086e-14,0.0003417770865273514,ok,12.54
2.68,0.8217302352684964,145.0,92,6,8,-75.9096465902722,-75.90828855438832,-76.09852888363754,-76.09702250582399,-0.0001994234909752689,7.239689075227762e-15,6.1779278973527494e-15,0.0001994234909752689,ok,17.23
2.68,1.7925140766422638,145.0,92,6,8,-75.82867191893729,-75.82732315207446,-75.99584334722903,-75.99420458881579,0.0019690781428740862,-1.4235131978795998e-15,5.280815793706525e-15,0.0019690781428740862,ok,10.06
2.68,1.2571204432701741,145.0,92,6,8,-75.90303059367109,-75.90158586101676,-76.08770192731215,-76.08598339724745,-0.001179438303776023,-5.853382101685257e-15,-6.601251667164208e-15,0.001179438303776023,ok,12.4
2.0510782147427644,1.6101543756409509,145.0,92,6,8,-75.85018883612072,-75.839804440922,-76.02680361956958,-76.01486657582639,-0.006176017349018863,-1.8375693508054183e-14,5.071630175935954e-14,0.006176017349018863,ok,32.44
2.68,2.68,145.0,92,6,8,-75.80624284461679,-75.7952888775969,-75.96243608571928,-75.95464806258785,2.1123245376454176e-06,7.733655341758845e-15,-2.4719460489267434e-14,2.1123245376454176e-06,ok,10.65
2.68,0.9184360891594576,145.0,92,6,8,-75.93609511251984,-75.93471291661564,-76.12520230836981,-76.12365020869842,-0.00015311067642851967,-2.4741689805292818e-15,-2.1806517958006758e-15,0.00015311067642851967,ok,15.56
2.86,0.7784650775728821,145.0,92,6,8,-75.88455772556651,-75.88381406548844,-76.073083494755,-76.07220763403701,4.607498143269955e-05,4.271032731256101e-15,3.709923561990619e-15,4.607498143269955e-05,ok,10.6
2.0510782147427644,1.4691596244932197,145.0,92,6,8,-75.86883420664677,-75.8578906049822,-76.05020921442363,-76.0377322875148,0.0049464253572204355,2.608205278682069e-15,-1.6893762596431587e-14,0.0049464253572204355,ok,34.3
2.68,1.0990821169362144,145.0,92,6,8,-75.9294313970069,-75.92800968674766,-76.1172685952783,-76.11559078563775,0.0007461344399780046,-1.7756178228829845e-14,-1.6321970619083396e-14,0.0007461344399780046,ok,15.84
2.86,0.8217302352684964,145.0,92,6,8,-75.90973318923865,-75.90898267386606,-76.09841617476341,-76.09759692788758,-4.3256371644323586e-05,-2.5828948495040493e-14,-2.087905947181157e-14,4.3256371644323586e-05,ok,11.69
2.86,0.7,145.0,92,6,8,-75.80480268663955,-75.80407161244017,-75.99284041634921,-75.99200021783754,0.00020920048048551215,1.8672908177543772e-14,1.3878014616945501e-14,0.00020920048048551215,ok,14.02
2.86,0.738001992915057,145.0,92,6,8,-75.84998639313443,-75.84924916590707,-76.03828781891318,-76.03742353882069,-0.00013169419169342406,8.615726974850409e-15,6.6915086277421704e-15,0.00013169419169342406,ok,13.57
2.86,0.8682146206261605,145.0,92,6,8,-75.92660482469338,-75.92584712938356,-76.11547853188267,-76.11462946474425,-0.00013909107207786325,1.2154628565126261e-14,1.0497721653162058e-14,0.00013909107207786325,ok,12.6
2.68,1.0328937646339662,145.0,92,6,8,-75.93676630025428,-75.93535783957995,-76.12538294169383,-76.1237612169064,0.0005405745923473507,6.804659876797071e-15,6.256245426492409e-15,0.0005405745923473507,ok,18.8
2.86,0.9730484681624365,145.0,92,6,8,-75.93928656585595,-75.93851352332842,-76.12807877052289,-76.12717242095329,0.0003479275064407726,6.87094734630944e-15,5.5365423702104004e-15,0.0003479275064407726,ok,13.24
2.68,1.6101543756409509,145.0,92,6,8,-75.84671436420336,-75.84529343969687,-76.01986032031887,-76.01814117380897,0.0018100109444662271,2.2423995723886093e-15,6.562962067068936e-15,0.0018100109444662271,ok,17.75
2.86,0.9184360891594576,145.0,92,6,8,-75.93615835390713,-75.9353931091955,-76.1250637984715,-76.12418461218394,0.00023916249593782446,6.8823929622820165e-15,5.691870994076642e-15,0.00023916249593782446,ok,15.4
2.86,1.0328937646339662,145.0,92,6,8,-75.93680119160013,-75.93602003551099,-76.12519324782282,-76.1242436354272,0.000460437675206865,2.346213127257024e-15,1.964205368874266e-15,0.000460437675206865,ok,15.0
2.68,2.5,145.0,92,6,8,-75.8064361570315,-75.80629857249089,-75.96310599892062,-75.96288834994039,-0.0015610022778887588,7.920602304467279e-14,3.2711796053323405e-14,0.0015610022778887588,ok,20.09
3.04,0.7,145.0,92,6,8,-75.80487233063117,-75.80447079988689,-75.99276956961866,-75.99231445345903,-2.6284067300174664e-05,1.2254904426380118e-14,9.102128673820373e-15,2.6284067300174664e-05,ok,9.47
2.68,1.3541907073778483,145.0,92,6,8,-75.8854879745657,-75.88403745667487,-76.06741648879448,-76.06568411665215,0.00139975957106837,4.280677510911493e-15,2.901683000079872e-15,0.00139975957106837,ok,23.06
3.04,0.738001992915057,145.0,92,6,8,-75.85005078664953,-75.84964569179976,-76.03826160362593,-76.03778669856571,1.109684220282868e-06,-3.195503671075221e-14,-2.456484806798107e-14,1.1096842202828686e-06,ok,10.23
2.86,1.17311930899858,145.0,92,6,8,-75.9179425898451,-75.91714583310642,-76.10427722585443,-76.1032819929199,0.0006999211882274509,-5.971679966042733e-15,-5.292247983368258e-15,0.0006999211882274509,ok,15.71
2.86,1.6101543756409509,145.0,92,6,8,-75.84655175786098,-75.84575761169762,-76.01943024513552,-76.01842666654468,-0.0011837780190019228,-1.4447360149489182e-14,-9.435575802217687e-15,0.0011837780190019228,ok,13.83
2.86,1.2571204432701741,145.0,92,6,8,-75.9030038032,-75.90220052527977,-76.08744017754981,-76.08646779877385,0.0008252466705195981,2.309767125352118e-14,1.9077344426980076e-14,0.0008252466705195981,ok,15.08
2.86,1.7925140766422638,145.0,92,6,8,-75.8284213776031,-75.82766221905645,-75.99530326929884,-75.99434527014387,-0.0012709602694070494,-2.985909564229737e-14,-3.4978732250655896e-14,0.0012709602694070494,ok,14.92
3.04,1.2571204432701741,145.0,92,6,8,-75.90299199123798,-75.9025478960567,-76.08727896647619,-76.08670835007713,0.0005604599908782942,2.306472646902119e-14,1.7627984546323575e-14,0.0005604599908782942,ok,7.06
2.68,1.4691596244932197,145.0,92,6,8,-75.86628444467075,-75.86483802944332,-76.04440814053173,-76.04267115020696,0.0016128166323845694,1.2887378520224934e-14,4.031806201678424e-15,0.0016128166323845694,ok,26.92
2.86,2.0510782147427644,145.0,92,6,8,-75.81441104245347,-75.8137373475501,-75.97521944915259,-75.97433427805281,0.0014704051828492155,-3.416008209859315e-16,-1.5043823961268436e-14,0.0014704051828492155,ok,15.9
3.04,0.7784650775728821,145.0,92,6,8,-75.88461652682582,-75.88420746064233,-76.07304721564991,-76.07255220794576,-4.9071489472323274e-05,-2.7410608144527103e-14,-2.1503557294943922e-14,4.9071489472323274e-05,ok,14.08
2.86,2.68,145.0,92,6,8,-75.80482568779087,-75.80529630758123,-75.96050719815798,-75.96097611552825,-0.0023195465943260407,2.5839760843105543e-15,1.5885599804462455e-15,0.0023195465943260407,ok,16.64
2.68,2.0510782147427644,145.0,92,6,8,-75.81479061066409,-75.81360669525287,-75.97590027872874,-75.9744408685197,0.002065467742936947,-2.5609591984057896e-14,-1.238181866106289e-14,0.002065467742936947,ok,27.18
3.04,1.0328937646339662,145.0,92,6,8,-75.93682385626867,-75.9363926407087,-76.12506324264628,-76.1245286462375,-0.0003529849230754368,5.115574965312003e-15,4.583957888904477e-15,0.0003529849230754368,ok,12.42
3.04,0.8682146206261605,145.0,92,6,8,-75.9266509454466,-75.9262334602846,-76.11538922725076,-76.11492286893815,0.0001702403856948631,-1.1941552498797948e-14,-9.805547882783858e-15,0.0001702403856948631,ok,14.74
2.86,1.0990821169362144,145.0,92,6,8,-75.92944923430666,-75.92866004260463,-76.11705996256212,-76.11609122938617,0.0005787317409089087,7.433636171858067e-15,6.181729883812025e-15,0.0005787317409089087,ok,23.1
2.86,2.86,145.0,92,6,8,-75.80482976700102,-75.80256733206997,-75.96023776271039,-75.95774934893166,6.032818984149174e-07,8.646700994139494e-16,-3.0318003782455406e-15,6.032818984149174e-07,ok,17.33
3.04,1.0990821169362144,145.0,92,6,8,-75.92946225589537,-75.92902633811562,-76.11693685879874,-76.1163548737436,0.00042017546689248416,7.590014799615815e-15,6.173604363598424e-15,0.00042017546689248416,ok,12.68
3.04,0.9184360891594576,145.0,92,6,8,-75.9361973441844,-75.93577544158025,-76.12496149370538,-76.12446779794972,0.00022749948413947584,7.013382338198822e-15,5.61845645193381e-15,0.00022749948413947584,ok,15.76
3.04,0.9730484681624365,145.0,92,6,8,-75.93931784021993,-75.93889131137195,-76.12797047491523,-76.12744509720079,-0.0002887127627498043,-1.5552055873392434e-14,-1.2554899134458791e-14,0.0002887127627498043,ok,15.61
3.04,1.17311930899858,145.0,92,6,8,-75.91794440337922,-75.91750410404114,-76.1041392296068,-76.10354969288828,0.0004903112899248193,-4.078389051962846e-15,-3.376414518966424e-15,0.0004903112899248193,ok,15.66
3.04,2.0510782147427644,145.0,92,6,8,-75.81423020865324,-75.8138417654962,-75.97481085681409,-75.97427942988536,-0.0008145197312893421,1.2137352477626375e-14,8.812629314171884e-15,0.0008145197312893421,ok,11.51
2.86,2.5,145.0,92,6,8,-75.80670089911979,-75.80584443200087,-75.96307844363261,-75.96204048485635,0.0012016041110289573,-8.831369176689414e-14,-4.856093500533064e-14,0.0012016041110289573,ok,21.96
3.04,0.8217302352684964,145.0,92,6,8,-75.90978591395387,-75.90937266061414,-76.09833421244721,-76.09790931552122,-0.00011598530577474958,-1.755838785611992e-14,-1.4065878713407989e-14,0.00011598530577474958,ok,20.47
3.04,1.6101543756409509,145.0,92,6,8,-75.84646544820521,-75.84602430784714,-76.01918064258744,-76.01857254481301,0.0007632693523059881,1.4481090150540612e-14,1.0481901095690524e-14,0.0007632693523059881,ok,13.94
2.86,1.3541907073778483,145.0,92,6,8,-75.88542959869571,-75.88462229075681,-76.06710989182554,-76.06611890369518,0.0009515009224747033,3.548581094362989e-15,2.7866562556973287e-15,0.0009515009224747033,ok,25.82
2.86,1.4691596244932197,145.0,92,6,8,-75.86618307699713,-75.86537694376744,-76.04404733088552,-76.0430343740965,0.0010741467301444837,3.417686820779752e-15,2.9130937993007003e-15,0.0010741467301444837,ok,26.83
3.04,1.3541907073778483,145.0,92,6,8,-75.8854004732293,-75.8849536399536,-76.06692198391869,-76.06632425159695,-0.0006349349602476436,-1.91777541875692e-14,-1.4166307884472324e-14,0.0006349349602476436,ok,19.13
3.04,3.04,145.0,92,6,8,-75.80397230749276,-75.80323085162132,-75.95895993020713,-75.9581320483108,1.3850285295150281e-10,-1.7318509059426548e-14,5.4603576146123396e-14,1.3850286479776112e-10,ok,15.75
3.2199999999999998,1.4691596244932197,145.0,92,6,8,-75.86610223255884,-75.86585669139427,-76.04370031790133,-76.04331588974377,0.00046038753601886106,-1.017753151097544e-14,-7.156135608191809e-15,0.00046038753601886106,ok,10.88
3.2199999999999998,0.9730484681624365,145.0,92,6,8,-75.93933514860211,-75.93910161551607,-76.12790039141376,-76.12760863936913,-0.0002234524412036195,-2.2634784229249366e-14,-1.78143801173736e-14,0.0002234524412036195,ok,12.51
3.2199999999999998,0.8682146206261605,145.0,92,6,8,-75.92667664724796,-75.92644829756678,-76.11533930647354,-76.11508535970816,0.00015443082626707266,1.2269025115573531e-14,8.918607033332519e-15,0.00015443082626707266,ok,14.26
3.2199999999999998,1.0990821169362144,145.0,92,6,8,-75.92946954384678,-75.92923069300781,-76.1168392099861,-76.11649151487208,-0.0002987218595651964,-8.064578543315552e-15,-6.2300714248294384e-15,0.0002987218595651964,ok,12.88
3.2199999999999998,0.7,145.0,92,6,8,-75.80491171255382,-75.80469255263534,-75.99273682846751,-75.99250130818614,-4.660833306947094e-05,4.333750878490359e-16,3.8024297627651845e-16,4.660833306947094e-05,ok,18.07
3.2199999999999998,0.7784650775728821,145.0,92,6,8,-75.88464969747301,-75.88442601177016,-76.07297680977,-76.0726980254767,9.42568812485724e-05,7.41790829124733e-15,5.719608275624918e-15,9.42568812485724e-05,ok,17.42
3.2199999999999998,0.9184360891594576,145.0,92,6,8,-75.9362190214106,-75.93598810794316,-76.12489594532765,-76.12461775797821,0.00018842212030164424,7.156002961840701e-15,5.46268133696341e-15,0.00018842212030164424,ok,15.42
3.04,1.4691596244932197,145.0,92,6,8,-75.86613035915207,-75.86568363997601,-76.04382704537815,-76.04321965218918,-0.0007046845427056674,9.903812066539837e-15,6.907072056140872e-15,0.0007046845427056674,ok,23.25
3.2199999999999998,1.3541907073778483,145.0,92,6,8,-75.88538502344439,-75.88513982364658,-76.06679330430414,-76.06641998448734,0.00042136112985734534,1.7835126930415223e-14,1.2966803447954888e-14,0.00042136112985734534,ok,14.97
3.04,1.7925140766422638,145.0,92,6,8,-75.82828677143158,-75.82786290182075,-75.99499319497427,-75.99441890940405,-0.0008095016280969917,2.3574811879681132e-14,1.7875363239364396e-14,0.0008095016280969917,ok,22.97
3.2199999999999998,0.738001992915057,145.0,92,6,8,-75.85008723592634,-75.84986593749707,-76.03816813497791,-76.03791994707893,-6.878194215578217e-05,-2.2048485271926816e-14,-1.6764849866262404e-14,6.878194215578217e-05,ok,19.67
3.04,2.5,145.0,92,6,8,-75.80483807046565,-75.80475657888014,-75.96083189337074,-75.96088412850553,0.0007532630506301296,1.07052663556792e-15,6.152831552302673e-16,0.0007532630506301296,ok,25.44
3.2199999999999998,1.6101543756409509,145.0,92,6,8,-75.84641907857203,-75.84617607278416,-76.01902741184334,-76.01863618052681,0.0004964239025756932,-6.354462432503745e-15,-4.329705061618246e-15,0.0004964239025756932,ok,17.14
3.2199999999999998,3.2199999999999998,145.0,92,6,8,-75.80447831889624,-75.80437446444012,-75.9592851617374,-75.95912410783522,0.0003895465068785996,-4.094530795658191e-14,9.63508934368047e-14,0.0003895465068785996,ok,13.25
3.2199999999999998,2.5,145.0,92,6,8,-75.80468549059147,-75.80510453907057,-75.96056215841821,-75.96107319380238,-0.0006003724650470738,-4.3044303995751546e-15,-1.907403318409621e-15,0.0006003724650470738,ok,15.69
3.2199999999999998,1.2571204432701741,145.0,92,6,8,-75.90298596385654,-75.90274239024188,-76.08716668854248,-76.08680689679298,0.0003782684328184192,-1.687822190523549e-14,-1.2408356620274413e-14,0.0003782684328184192,ok,20.22
3.2199999999999998,0.8217302352684964,145.0,92,6,8,-75.90981545166218,-75.90958943697682,-76.09827967291922,-76.09806716922702,0.00012339136974494867,6.891430023681297e-15,5.3544476995660165e-15,0.00012339136974494867,ok,23.78
3.2199999999999998,1.0328937646339662,145.0,92,6,8,-75.93683639613758,-75.93660025011727,-76.12499734939443,-76.12468103975665,-0.0002526365011998584,-2.3907498556322704e-14,-1.8822126258393476e-14,0.0002526365011998584,ok,23.82
3.4,0.7784650775728821,145.0,92,6,8,-75.8846673237097,-75.88454660628726,-76.07294298234115,-76.07278923752015,9.706939062587797e-05,7.555011315996266e-15,5.632770718282957e-15,9.706939062587797e-05,ok,16.12
3.2199999999999998,1.7925140766422638,145.0,92,6,8,-75.8282142309663,-75.82797947116211,-75.99481027519683,-75.9944543706873,-0.0005185931088660231,4.702015991298903e-14,3.9332779206359506e-14,0.0005185931088660231,ok,24.22
3.2199999999999998,2.0510782147427644,145.0,92,6,8,-75.8141243409658,-75.8139050853019,-75.9745902355013,-75.97426142274973,0.0005080423310948114,1.5163273527793216e-14,1.2361317416249547e-14,0.0005080423310948114,ok,24.16
3.04,2.86,145.0,92,6,8,-75.8029863451941,-75.80473300004505,-75.95797161833481,-75.95988925211485,1.4092658216603103e-05,5.683001587125634e-16,2.7786592974105287e-16,1.4092658216603103e-05,ok,34.16
3.4,2.0510782147427644,145.0,92,6,8,-75.81406760720796,-75.81394326685695,-75.974458697602,-75.97423414820821,0.00037699605824819066,2.8553221713971736e-14,3.068846563252172e-14,0.00037699605824819066,ok,10.56
3.4,0.7,145.0,92,6,8,-75.80493295594937,-75.80481469781114,-75.99270340039665,-75.99258537837567,-6.581452094246406e-05,1.1256204186349378e-14,8.220152457370086e-15,6.581452094246406e-05,ok,22.9
3.4,0.738001992915057,145.0,92,6,8,-75.85010680256138,-75.84998732406555,-76.03814256223245,-76.03801521600323,-8.02487964216489e-05,4.718106385682441e-15,3.674540408050638e-15,8.02487964216489e-05,ok,22.25
3.4,1.0990821169362144,145.0,92,6,8,-75.92947324391623,-75.92934401436773,-76.11678571544417,-76.11654674821642,0.0002127912128704983,8.260320558001091e-15,6.075604461528723e-15,0.0002127912128704983,ok,17.62
3.4,0.9730484681624365,145.0,92,6,8,-75.9393441507301,-75.93921782814715,-76.12784371664121,-76.12767819839219,-0.0001702116288544715,1.1585145980738425e-14,9.308910878471447e-15,0.0001702116288544715,ok,18.75
3.04,2.68,145.0,92,6,8,-75.80387897266048,-75.80311666677406,-75.95923077689216,-75.95892024450819,0.0024860679078540977,7.603186214429733e-16,2.3372927196433745e-16,0.0024860679078540977,ok,38.44
3.4,1.6101543756409509,145.0,92,6,8,-75.84639459539807,-75.84626205627204,-76.01893363348269,-76.0186573360188,-0.00032169551702475546,7.843140369316259e-15,4.546101012208348e-15,0.00032169551702475546,ok,17.68
3.4,0.9184360891594576,145.0,92,6,8,-75.93623038151459,-75.9361055061832,-76.124850859409,-76.1246989880253,-0.00014872943935920853,-2.1897110485357037e-14,-1.6923312550951026e-14,0.00014872943935920853,ok,23.49
3.2199999999999998,3.04,145.0,92,6,8,-75.80462387120876,-75.80447791523783,-75.95951569359777,-75.95930120650355,0.0004477911020521258,-2.319507649688245e-12,1.0241811824130903e-11,0.00044779110205212593,ok,29.68
3.4,1.17311930899858,145.0,92,6,8,-75.9179462348758,-75.9178155502488,-76.10397667443465,-76.10370252516016,-0.00023489997452977654,-3.1896735153705113e-14,-2.3658213172334702e-14,0.00023489997452977654,ok,21.88
3.4,3.4,145.0,92,6,8,-75.804321724414,-75.80426431720099,-75.95898091248495,-75.95885508396142,0.00023769094797678709,-1.3911735379939908e-15,2.8634051676666794e-15,0.00023769094797678709,ok,12.82
3.2199999999999998,2.68,145.0,92,6,8,-75.80424128069201,-75.80277723490445,-75.95952065626624,-75.95856737584957,-0.0016328381653006444,-9.095091927842647e-16,1.3104116162945372e-16,0.0016328381653006444,ok,37.84
3.4,1.7925140766422638,145.0,92,6,8,-75.82817560417368,-75.82804685274328,-75.99469064817819,-75.99444445142768,-0.00032944471088940477,3.235798572598895e-14,3.939961010159006e-14,0.00032944471088940477,ok,24.0
3.4,2.86,145.0,92,6,8,-75.80481749305277,-75.80470055903326,-75.95978827015216,-75.95958230860782,0.00033907625380158674,-5.194438104028428e-13,6.6189451793421956e-12,0.0003390762538015868,ok,27.02
3.2199999999999998,2.86,145.0,92,6,8,-75.8034645067543,-75.80331413188586,-75.95837157507962,-75.95849848360633,-0.001015079708335752,1.2437813864212474e-13,2.178247015963775e-14,0.001015079708335752,ok,50.15
3.4,2.5,145.0,92,6,8,-75.80522474950358,-75.80498074475892,-75.96110136872352,-75.96091629113936,7.919588549631018e-06,-1.0148794424232822e-14,-5.2455618632858254e-15,7.919588549631018e-06,ok,37.44
0.8217302352684964,0.8217302352684964,155.0,92,6,8,-75.99277677911225,-75.71949061355129,-76.24066815155355,-75.92932952929348,0.3752688771271519,1.9180872528668452e-15,-3.1961574206216468e-15,0.3752688771271519,ok,37.15
0.8682146206261605,0.8217302352684964,155.0,92,6,8,-76.00525148107167,-75.73813454254886,-76.25330627020632,-75.9489602098431,-0.3599189587864343,-2.4155087756910555e-15,-5.805601904929089e-15,0.3599189587864343,ok,34.24
0.8682146206261605,0.8682146206261605,155.0,92,6,8,-76.01899390488282,-75.75800582484452,-76.26676803636991,-75.96942517485196,-0.3512891845553241,-1.4381983472641427e-15,4.532517796523911e-15,0.3512891845553241,ok,35.64
0.7784650775728821,0.738001992915057,155.0,92,6,8,-75.92170034527135,-75.63155005846744,-76.14662954087305,-75.8138162434103,0.3873688764268452,6.057397562212105e-15,5.242261656745013e-15,0.3873688764268452,ok,45.46
3.4,3.2199999999999998,145.0,92,6,8,-75.80440012556518,-75.80432334770006,-75.95910473586771,-75.95895320767183,0.00029443620638613596,-2.3662789147457134e-12,1.0575117344553642e-11,0.0002944362063861361,ok,55.99
0.9184360891594576,0.8217302352684964,155.0,92,6,8,-76.01063986014233,-75.75105684388377,-76.2585388236296,-75.9628355678442,0.3257518652113062,5.824510158902634e-15,8.326562321360736e-15,0.3257518652113062,ok,39.19
0.9184360891594576,0.8682146206261605,155.0,92,6,8,-76.02461969904242,-75.77087899591145,-76.27243525691667,-75.98353427011659,0.32104931563311234,-3.152170292944223e-15,6.825470576956334e-15,0.32104931563311234,ok,40.34
3.4,2.68,145.0,92,6,8,-75.80402749216287,-75.80253451621431,-75.95919131020294,-75.957475838226,-0.0011486873133230136,-3.069737907969097e-15,3.6757637248038416e-15,0.0011486873133230136,ok,64.06
0.9184360891594576,0.9184360891594576,155.0,92,6,8,-76.03125858686609,-75.78454249266719,-76.27886507807942,-75.99861813514629,-0.3080417631261646,-5.24113783557062e-16,6.236423822049357e-15,0.3080417631261646,ok,44.39
0.9730484681624365,0.8682146206261605,155.0,92,6,8,-76.02474550771076,-75.7803277093654,-76.27206872631002,-75.9939790763609,0.2645204382955245,4.551743897881891e-15,1.0136016730295284e-14,0.2645204382955245,ok,32.45
0.9730484681624365,0.9730484681624365,155.0,92,6,8,-76.03259866018999,-75.80289561730146,-76.27995768299249,-76.02117340117816,0.22958900950587108,9.398671734353494e-16,-1.1176037667800496e-14,0.22958900950587108,ok,19.99
0.9730484681624365,0.738001992915057,155.0,92,6,8,-75.9597979333204,-75.7016529212905,-76.20428559453431,-75.91108834543247,-0.28911902341940876,-6.413644341231101e-15,-6.631107610438184e-15,0.28911902341940876,ok,43.85
0.9730484681624365,0.9184360891594576,155.0,92,6,8,-76.031715754258,-75.79379065430909,-76.27909923828827,-76.00931034818414,-0.2564470206946707,-4.51646451377378e-16,-9.534638835261113e-15,0.2564470206946707,ok,23.54
0.8682146206261605,0.7,155.0,92,6,8,-75.91254575702108,-75.63251716038951,-76.15865303155951,-75.84003308020228,0.3657654091649582,2.1001781277254335e-14,1.0342867771172118e-14,0.3657654091649582,ok,60.95
0.9730484681624365,0.8217302352684964,155.0,92,6,8,-76.01050607631531,-75.76060886521756,-76.25765839383855,-75.97306121949464,0.26515170441778174,5.415407988879006e-15,8.089528424855634e-15,0.26515170441778174,ok,38.68
0.9730484681624365,0.7,155.0,92,6,8,-75.91771896402642,-75.65608438423284,-76.16087966806144,-75.86383881479895,0.2826308643524728,1.0760308118250424e-14,8.755905395870349e-15,0.2826308643524728,ok,49.06
0.8217302352684964,0.7784650775728821,155.0,92,6,8,-75.97330214240634,-75.69275441230245,-76.17972431178818,-75.85967121342917,-0.3740435529156372,-1.755514634432409e-15,-5.915829659504139e-15,0.3740435529156372,ok,64.38
0.7,0.7,155.0,92,6,8,-75.80853714618564,-75.50589757703439,-76.04045620539166,-75.69363628238511,0.4011932886367319,4.4977259598197285e-15,-1.2728708176519409e-15,0.4011932886367319,ok,69.09
1.0328937646339662,0.9184360891594576,155.0,92,6,8,-76.027341222249,-75.80261334056416,-76.27288717124614,-76.01754323992027,-0.18891186021723308,-2.6242063908358375e-16,-1.613667018223577e-14,0.18891186021723308,ok,13.53
3.4,3.04,145.0,92,6,8,-75.8042596108669,-75.80423175275953,-75.95902124685776,-75.95892013690136,-0.0002941930132304038,1.538430857649953e-12,1.629715762694832e-11,0.00029419301323040423,ok,78.57
1.0328937646339662,1.0328937646339662,155.0,92,6,8,-76.02352339422657,-75.81794787109774,-76.26758961509222,-76.0360892578546,0.1556657713046356,9.74490130743679e-15,-4.6818910184320295e-14,0.1556657713046356,ok,15.52
0.9184360891594576,0.7,155.0,92,6,8,-75.91834283489283,-75.6462473242412,-76.16354157885884,-75.85409293084477,0.3334484778046506,1.6518220285549507e-14,8.100750829174047e-15,0.3334484778046506,ok,69.51
1.0990821169362144,1.0328937646339662,155.0,92,6,8,-76.01433208090411,-75.82591601999873,-76.25562682570478,-76.04144619690221,0.11235175702866848,9.580994259275335e-15,-1.3661217098788005e-13,0.11235175702866848,ok,11.61
1.0328937646339662,0.9730484681624365,155.0,92,6,8,-76.02812329691213,-75.81123440705454,-76.27340714412092,-76.02837863084844,0.1805562842748101,-2.6556729112858783e-15,2.5025235039406645e-14,0.1805562842748101,ok,22.08
1.0328937646339662,0.8682146206261605,155.0,92,6,8,-76.02025356237887,-75.78939503172,-76.26569246009971,-76.00262464613529,0.18891326335411268,2.6232739722709233e-15,1.297636943084288e-14,0.18891326335411268,ok,26.47
0.9184360891594576,0.738001992915057,155.0,92,6,8,-75.96026702392686,-75.69183335615105,-76.2063747375452,-75.90089365479548,0.33729985445472765,1.1501578569338202e-14,7.984227307754718e-15,0.33729985445472765,ok,72.33
0.738001992915057,0.738001992915057,155.0,92,6,8,-75.89121197933612,-75.59655065614578,-76.12390620124403,-75.78559211723912,0.39343627668943754,4.132583770314646e-17,-3.013480225752411e-15,0.39343627668943754,ok,82.79
1.0990821169362144,1.0990821169362144,155.0,92,6,8,-76.00485792429905,-75.83060911397182,-76.24431823477536,-76.04595165764317,0.09335306338184028,-7.55643563615345e-15,1.9762295071424797e-14,0.09335306338184028,ok,13.45
1.0990821169362144,0.9730484681624365,155.0,92,6,8,-76.01918665181637,-75.8211470250475,-76.26114186305878,-76.03509289554907,-0.11814052893444273,4.929658631898487e-15,-3.8655146588984327e-14,0.11814052893444273,ok,17.19
0.738001992915057,0.7,155.0,92,6,8,-75.84979552247648,-75.55116604014131,-76.07073544579907,-75.72924395844618,0.39681634279036293,2.1815141682362335e-15,3.2687043076800765e-15,0.39681634279036293,ok,86.48
1.0990821169362144,0.9184360891594576,155.0,92,6,8,-76.01850635987375,-75.8134002627093,-76.26058029659481,-76.02574707827802,0.11670694791093675,-1.7493126379844544e-15,2.138829281494497e-14,0.11670694791093675,ok,19.01
1.0328937646339662,0.8217302352684964,155.0,92,6,8,-76.00586280378698,-75.76981736939896,-76.25100093693996,-75.98191276836664,0.18503884008204308,5.196320278379246e-15,9.307956199055073e-15,0.18503884008204308,ok,33.34
1.0990821169362144,0.8682146206261605,155.0,92,6,8,-76.01136809080307,-75.80063425374617,-76.25330073009047,-76.01179173704932,0.11202007756096916,1.6606903700234644e-16,1.3699993311794296e-14,0.11202007756096916,ok,22.54
0.8217302352684964,0.738001992915057,155.0,92,6,8,-75.94251604165947,-75.65757665359254,-76.12125336801667,-75.7994238404871,0.3762947692156437,8.672528715260087e-15,5.41630082210589e-15,0.3762947692156437,ok,86.1
1.0990821169362144,0.8217302352684964,155.0,92,6,8,-75.99685939083813,-75.78132847084923,-76.23847552549653,-75.99166893817123,0.10580527016440927,3.751888023718449e-15,1.2120650895233717e-14,0.10580527016440927,ok,30.55
1.17311930899858,1.0328937646339662,155.0,92,6,8,-76.0013699603083,-75.83674026692776,-76.23829078508892,-76.04791691433147,0.06486340985663333,-1.7367267366522569e-15,-4.0596849581240355e-14,0.06486340985663333,ok,12.59
1.17311930899858,1.0990821169362144,155.0,92,6,8,-75.9917327586009,-75.83796708601501,-76.22746104936152,-76.04990126380969,0.06186639665155345,-7.468503343397351e-16,-2.5109358591021247e-14,0.06186639665155345,ok,12.18
0.9730484681624365,0.7784650775728821,155.0,92,6,8,-75.9880947313631,-75.73308726696177,-76.23505839711184,-75.94508667407305,0.26191351282951664,5.959917369101946e-15,6.015873368518203e-15,0.26191351282951664,ok,76.74
0.7784650775728821,0.7784650775728821,155.0,92,6,8,-75.95234693391298,-75.66664302214964,-76.1860942725085,-75.8574240978693,0.3828946078060482,2.7268139755474047e-15,-2.052445774136971e-15,0.3828946078060482,ok,95.23
1.17311930899858,0.9730484681624365,155.0,92,6,8,-76.00624607934675,-75.83385375916856,-76.2436111076389,-76.04389529718208,-0.06219374433628045,-1.5207371296571564e-15,-3.3405645441271613e-14,0.06219374433628045,ok,15.48
1.17311930899858,1.17311930899858,155.0,92,6,8,-75.97842331996092,-75.84044640635949,-76.21142628657302,-76.05129568785188,0.04915469301177493,1.8309771861470047e-15,-1.0286942740354316e-14,0.04915469301177493,ok,13.74
1.17311930899858,0.8217302352684964,155.0,92,6,8,-75.98336634600152,-75.79605361851436,-76.22050547885222,-76.00393853422986,-0.04360073345492599,-5.228064493441562e-16,-1.291889264349569e-14,0.04360073345492599,ok,21.56
1.17311930899858,0.9184360891594576,155.0,92,6,8,-76.00544310401511,-75.82712232989944,-76.24291626697615,-76.03620743220362,0.0569358242895815,7.802013842227711e-16,1.9074355329333126e-14,0.0569358242895815,ok,19.3
1.2571204432701741,0.8682146206261605,155.0,92,6,8,-75.98095698667323,-75.83180754953241,-76.21280657882039,-76.03715611406031,-0.006553781398437299,-2.051513376883416e-15,-2.0257248006126266e-14,0.006553781398437299,ok,13.5
0.7784650775728821,0.7,155.0,92,6,8,-75.88013209898197,-75.58605543525445,-76.07264903578677,-75.73913536499154,0.38942028625445146,1.191429296286447e-14,5.64118301411482e-15,0.38942028625445146,ok,101.81
1.2571204432701741,1.0990821169362144,155.0,92,6,8,-75.97598635877003,-75.84881186028522,-76.20594542889036,-76.05605700922158,0.028932802433756177,-1.887138017997969e-15,-1.9625054318620902e-14,0.028932802433756177,ok,8.38
1.2571204432701741,0.9184360891594576,155.0,92,6,8,-75.98868210790809,-75.84334892258553,-76.22045918341344,-76.04909678747315,-0.013452597529466918,-9.796556937318243e-16,-3.019258639750889e-14,0.013452597529466918,ok,16.25
1.0990821169362144,0.7784650775728821,155.0,92,6,8,-75.974109380904,-75.75409908672114,-76.21518815694627,-75.96403691151752,0.09869820051652964,2.864604755327048e-15,1.2652334131050955e-14,0.09869820051652964,ok,42.46
1.17311930899858,0.7784650775728821,155.0,92,6,8,-75.96034878037973,-75.76913030233315,-76.19705667759024,-75.97682074124693,-0.03643223805476823,-1.2982366212516097e-15,-1.0102712874988606e-14,0.03643223805476823,ok,29.31
1.2571204432701741,1.0328937646339662,155.0,92,6,8,-75.98536235194875,-75.85040862405603,-76.21634575654069,-76.05720130929406,0.025495193676086922,-3.0181155946453875e-16,-3.611967756299034e-14,0.025495193676086922,ok,12.5
1.0328937646339662,0.7784650775728821,155.0,92,6,8,-75.98325769578113,-75.74240489220355,-76.2278997826387,-75.9538957427533,0.17890984748147368,1.2486992498823652e-15,6.7574694146215075e-15,0.17890984748147368,ok,57.7
1.17311930899858,0.8682146206261605,155.0,92,6,8,-75.99810664878912,-75.81496016533814,-76.23549127246335,-76.023334808654,0.05052671002979209,1.2712027932514128e-15,1.583169184557982e-14,0.05052671002979209,ok,28.61
1.2571204432701741,0.7784650775728821,155.0,92,6,8,-75.94238746454928,-75.78679377767855,-76.17395295312078,-75.99178047119896,0.0074749763510430015,-2.5122398217180854e-15,-1.2126638159190434e-14,0.0074749763510430015,ok,25.17
1.2571204432701741,0.9730484681624365,155.0,92,6,8,-75.9898792600836,-75.84911981372976,-76.22142772600299,-76.05537962686377,-0.01995483780728423,1.5765995817061636e-15,3.423666647603864e-14,0.01995483780728423,ok,19.77
1.3541907073778483,0.8682146206261605,155.0,92,6,8,-75.96118741180052,-75.85018590747515,-76.18599055132091,-76.05234809969764,0.022633774367576534,9.114017051757078e-15,2.1881398147046305e-13,0.022633774367576534,ok,13.03
1.2571204432701741,1.17311930899858,155.0,92,6,8,-75.96276291949891,-75.84659290976597,-76.19059570658699,-76.053682895718,-0.02803321893972588,4.1323532479780166e-15,4.321971476032565e-15,0.02803321893972588,ok,19.4
1.3541907073778483,0.738001992915057,155.0,92,6,8,-75.88817082832702,-75.7704485062638,-76.11311740940153,-75.97245425329467,-0.042955021615258826,-5.667101757921129e-15,-3.958344627516609e-13,0.042955021615258826,ok,17.52
1.2571204432701741,0.8217302352684964,155.0,92,6,8,-75.96583300674911,-75.81334104085025,-76.19760587292548,-76.01840251112722,0.0004660688462024831,-1.5085428919114117e-15,-1.550086151792527e-14,0.0004660688462024831,ok,28.84
1.3541907073778483,1.0990821169362144,155.0,92,6,8,-75.95875979995483,-75.86255595916286,-76.1808588395807,-76.06526314775593,0.003091854302700432,9.809054513186654e-16,-2.0452703614192336e-14,0.003091854302700432,ok,9.31
1.3541907073778483,0.9730484681624365,155.0,92,6,8,-75.9712877899302,-75.86615596379846,-76.1953503173699,-76.06873622723855,-0.008952548972237684,2.5892319190983794e-15,6.334815352805657e-14,0.008952548972237684,ok,12.24
1.3541907073778483,1.0328937646339662,155.0,92,6,8,-75.96744072381402,-75.86620720607117,-76.19074584044618,-76.06895260143898,0.0025179233565598494,-1.4991163246679784e-16,7.35095405282947e-14,0.0025179233565598494,ok,12.53
1.2571204432701741,1.2571204432701741,155.0,92,6,8,-75.94711813793039,-75.8466605014942,-76.17089932295424,-76.05189632506476,0.02036045226367971,-1.4629874513600783e-14,6.387228963258427e-14,0.02036045226367971,ok,21.22
1.3541907073778483,1.17311930899858,155.0,92,6,8,-75.946161734604,-75.85680673774627,-76.16625216624476,-76.05918832124127,-0.007024635934036891,7.90873401433953e-16,-6.3816617201318606e-15,0.007024635934036891,ok,11.95
1.3541907073778483,0.9184360891594576,155.0,92,6,8,-75.96948438521497,-75.86117082605162,-76.19406396793214,-76.0635833486628,-0.015729950560937178,1.0372663605782818e-14,2.04443003918794e-13,0.015729950560937178,ok,16.61
1.3541907073778483,1.3541907073778483,155.0,92,6,8,-75.91479465736522,-75.84884528610228,-76.12597055297151,-76.04723152004605,0.004957412375781539,-1.860050419791824e-15,6.7911198435250855e-15,0.004957412375781539,ok,10.92
1.0328937646339662,0.7,155.0,92,6,8,-75.91280706583355,-75.66178454989682,-76.149307934747,-75.86660393155435,0.169576699207615,4.486819257006486e-15,6.699050352584657e-15,0.169576699207615,ok,78.87
1.3541907073778483,0.8217302352684964,155.0,92,6,8,-75.94551964234567,-75.83214217733214,-76.17046188436262,-76.0341320537825,0.02950064566941013,7.405133163079318e-15,2.349857559002156e-13,0.02950064566941013,ok,21.05
1.3541907073778483,0.7784650775728821,155.0,92,6,8,-75.921519511446,-75.80595768399051,-76.14649190587097,-76.00784483511652,-0.036273916928345376,-6.384745382825373e-15,-2.6030498284764196e-13,0.036273916928345376,ok,21.48
0.8217302352684964,0.7,155.0,92,6,8,-75.90079928579794,-75.61199323432248,-76.07296499692922,-75.74841282753792,0.37655868014200006,1.4515744704051643e-14,7.41724766043419e-15,0.37655868014200006,ok,120.32
1.4691596244932197,1.0990821169362144,155.0,92,6,8,-75.94219911297125,-75.87812788370681,-76.15441208838077,-76.07661170719749,-0.012094779749607418,-4.244958569285904e-15,7.052504007954748e-14,0.012094779749607418,ok,9.12
1.4691596244932197,0.9730484681624365,155.0,92,6,8,-75.9529824295608,-75.8840724960072,-76.16733217456716,-76.0829879437513,-0.024584213656080878,-2.568499047397917e-16,-2.387055666215003e-14,0.024584213656080878,ok,10.87
1.4691596244932197,0.9184360891594576,155.0,92,6,8,-75.95041718229902,-75.87971818276422,-76.16534446077468,-76.07857835290557,0.03107417732346141,-4.912120279936553e-15,-5.070992458203303e-14,0.03107417732346141,ok,11.03
1.4691596244932197,1.0328937646339662,155.0,92,6,8,-75.94996897589668,-75.8832102981614,-76.16346101959878,-76.08201562050897,-0.018195403576381775,-1.4678970713909233e-15,-5.382795884139925e-14,0.018195403576381775,ok,10.94
1.4691596244932197,1.2571204432701741,155.0,92,6,8,-75.91605733894399,-75.86039301278083,-76.12359187315603,-76.05679935095087,-0.0021871485929095963,-1.118443183873197e-15,-7.314388391979747e-16,0.0021871485929095963,ok,9.03
1.4691596244932197,0.8682146206261605,155.0,92,6,8,-75.94142768132195,-75.86919277296546,-76.15672191457767,-76.0679103700571,0.03752739122091611,5.0935258056165174e-15,1.364465057538859e-13,0.03752739122091611,ok,12.75
1.4691596244932197,1.17311930899858,155.0,92,6,8,-75.9305435912517,-75.86999443240602,-76.14087866746372,-76.067761097858,-0.00659895770330346,-2.933586897269464e-16,-7.284285300491435e-15,0.00659895770330346,ok,12.01
1.3541907073778483,1.2571204432701741,155.0,92,6,8,-75.93088318687631,-75.85126361172071,-76.14761704938716,-76.05243297997909,-0.00791534951958052,-1.057112249282708e-14,4.9932623260544534e-14,0.00791534951958052,ok,22.78
1.4691596244932197,0.738001992915057,155.0,92,6,8,-75.86643481575315,-75.7904800951646,-76.0822807027772,-75.98885884182081,0.05617669961959051,1.9784237160593703e-14,8.753036327823432e-13,0.05617669961959051,ok,19.66
1.0328937646339662,0.738001992915057,155.0,92,6,8,-75.95372042336757,-75.71005575268865,-76.19509223346351,-75.91879284190998,-0.21862783789027898,-6.625773553624304e-15,-1.0304347849924682e-14,0.21862783789027898,ok,84.29
1.4691596244932197,0.8217302352684964,155.0,92,6,8,-75.92510837252311,-75.851517492082,-76.1406516663614,-76.05008717679394,0.04388344460274422,-2.9601236855330883e-15,-2.0357296996762914e-14,0.04388344460274422,ok,16.3
1.6101543756409509,0.738001992915057,155.0,92,6,8,-75.84995166993096,-75.8098222368369,-76.05409710404136,-76.00447726652337,0.04919410078080584,-2.45863245070796e-15,-1.0628417410160158e-14,0.04919410078080584,ok,10.92
1.0990821169362144,0.7,155.0,92,6,8,-75.90342455769925,-75.673177801018,-76.13662363508622,-75.87724986628866,0.08560900401744387,3.1545507418494e-15,1.152120630275311e-14,0.08560900401744387,ok,71.83
1.2571204432701741,0.7,155.0,92,6,8,-75.87009531597954,-75.70586301666097,-76.09581380917615,-75.90658433054,0.01878759287811834,-1.480545899444852e-15,-1.1450468373920563e-14,0.01878759287811834,ok,49.08
1.6101543756409509,0.9184360891594576,155.0,92,6,8,-75.93615272612848,-75.89782714943078,-76.13997657649652,-76.09307308019261,-0.02997705423208879,6.0453133213678586e-15,5.840482928244993e-14,0.02997705423208879,ok,10.74
1.2571204432701741,0.738001992915057,155.0,92,6,8,-75.90986453437355,-75.75075539814279,-76.14102402442833,-75.95616708999772,0.014546978136150551,-1.697919090671091e-15,-9.784578337263968e-15,0.014546978136150551,ok,50.24
1.4691596244932197,0.7784650775728821,155.0,92,6,8,-75.90047007298232,-75.82565685943044,-76.11618775891124,-76.02410984034697,0.05010253815625418,6.357858671636162e-15,2.460399957990405e-13,0.05010253815625418,ok,22.34
1.6101543756409509,0.7,155.0,92,6,8,-75.80480080885337,-75.76432954789276,-76.00894866404505,-75.95886179474722,-0.05360190627693258,2.755199349377605e-15,-2.2863518451527474e-13,0.05360190627693258,ok,17.49
1.6101543756409509,0.8682146206261605,155.0,92,6,8,-75.92656102093707,-75.88768966596231,-76.13057687231696,-76.08283005441801,-0.03499489571556061,3.1922603092672274e-15,2.5408532618282452e-14,0.03499489571556061,ok,15.31
1.4691596244932197,1.4691596244932197,155.0,92,6,8,-75.88528191127189,-75.84658751177406,-76.08283090399217,-76.03706062416337,0.0016297450660938753,-7.542607001929924e-15,2.8524300773542296e-14,0.0016297450660938753,ok,18.89
1.4691596244932197,1.3541907073778483,155.0,92,6,8,-75.90023943731788,-75.85162418288706,-76.10359026804939,-76.04568274937704,0.0005609368162365694,1.5855275013992928e-14,-6.39616445189588e-14,0.0005609368162365694,ok,19.91
1.0990821169362144,0.738001992915057,155.0,92,6,8,-75.94578756239035,-75.71843680526366,-76.18060374788753,-75.9241720221411,0.09388424025948398,1.6487727569082506e-15,9.133549508187906e-15,0.09388424025948398,ok,76.3
1.6101543756409509,0.9730484681624365,155.0,92,6,8,-75.9393646320729,-75.90167956323566,-76.14286521977412,-76.09693699962288,-0.024858759657338404,2.6532631498144755e-14,2.9848808590871895e-13,0.024858759657338404,ok,12.58
1.6101543756409509,1.0328937646339662,155.0,92,6,8,-75.93704247114911,-75.90012878710931,-76.13990680876995,-76.0951521721942,0.019715275479038532,2.9124970430929793e-15,4.4788589935715825e-14,0.019715275479038532,ok,13.03
1.6101543756409509,1.0990821169362144,155.0,92,6,8,-75.92999752581851,-75.89403942184545,-76.13191758982849,-76.08861518365248,0.014610772412321945,2.710256217367935e-15,-4.843707936365641e-14,0.014610772412321945,ok,13.92
1.4691596244932197,0.7,155.0,92,6,8,-75.82181921073918,-75.74473458213532,-76.03777801013703,-75.9431538078409,0.06214761685245495,5.538749575993712e-15,5.772246463888563e-13,0.06214761685245495,ok,30.59
1.6101543756409509,1.17311930899858,155.0,92,6,8,-75.91905404925211,-75.8843380777512,-76.11946057106643,-76.07793312860782,-0.009670504838960571,9.168867792018476e-15,-5.195792686597794e-14,0.009670504838960571,ok,13.7
1.7925140766422638,0.7,155.0,92,6,8,-75.79847833613105,-75.78114835392589,-75.9934082009053,-75.97263696118134,-0.029744591596935575,-1.3640925837145936e-14,5.573397640278766e-14,0.029744591596935575,ok,10.41
1.6101543756409509,0.8217302352684964,155.0,92,6,8,-75.90967724111424,-75.87033320370335,-76.11378696332655,-76.06531662112096,-0.03988648563006771,9.759431953340139e-15,2.0854426406293273e-13,0.03988648563006771,ok,22.21
1.7925140766422638,0.738001992915057,155.0,92,6,8,-75.84379202370549,-75.82648443927756,-76.03888740386546,-76.01815968244618,-0.027443265539793094,-1.3098287123447352e-14,4.873918659330879e-14,0.027443265539793094,ok,14.45
1.6101543756409509,1.4691596244932197,155.0,92,6,8,-75.8736455397636,-75.84716904105017,-76.06441487665944,-76.03334097961526,0.002199459640788104,4.955381534748299e-15,-1.691459164307052e-14,0.002199459640788104,ok,15.51
1.7925140766422638,0.9184360891594576,155.0,92,6,8,-75.9307192055121,-75.91359607441893,-76.1262336356086,-76.10590014949105,-0.01701823794171721,-2.034326388008837e-15,2.197751411869027e-14,0.01701823794171721,ok,10.27
1.6101543756409509,0.7784650775728821,155.0,92,6,8,-75.884506327531,-75.84474644040094,-76.08865915886638,-76.03956891678573,-0.04462782211671885,5.816127685899462e-15,2.029774548475981e-13,0.04462782211671885,ok,24.16
1.6101543756409509,1.2571204432701741,155.0,92,6,8,-75.90514420782897,-75.87214057614668,-76.10333119824917,-76.06411028188316,0.005064329926016017,9.186283169373491e-15,-9.719792277233785e-15,0.005064329926016017,ok,18.12
1.6101543756409509,1.3541907073778483,155.0,92,6,8,-75.88945109498977,-75.8589915332154,-76.08448968235744,-76.04853182504651,-0.0010165900273518165,-8.926209517301536e-15,1.1081003848633121e-14,0.0010165900273518165,ok,17.82
0.9184360891594576,0.7784650775728821,155.0,92,6,8,-75.99126651995864,-75.72700430958832,-76.23801949709025,-75.93717863387461,0.339996450342259,6.970478478625997e-15,5.175862095944283e-15,0.339996450342259,ok,135.46
1.7925140766422638,0.7784650775728821,155.0,92,6,8,-75.87851401301734,-75.86123598913164,-76.07377767386001,-76.05311051820395,-0.025017115865914638,-4.198444423531383e-15,2.8325146544555612e-14,0.025017115865914638,ok,14.55
1.6101543756409509,1.6101543756409509,155.0,92,6,8,-75.86002905517157,-75.83960425697362,-76.045540168952,-76.0216936170701,-0.004314498648689786,1.143199275447243e-14,-4.8689570617259696e-14,0.004314498648689786,ok,18.1
1.7925140766422638,1.0328937646339662,155.0,92,6,8,-75.93198854852915,-75.91506142217787,-76.12699642538516,-76.10711834228835,-0.011210903714967801,-2.1368595545498806e-15,-7.654982702374478e-15,0.011210903714967801,ok,12.41
1.7925140766422638,1.17311930899858,155.0,92,6,8,-75.91421148998181,-75.89765284161058,-76.10724382913978,-76.08791080390823,-0.005234463008645839,-3.679045179546497e-15,-4.3778903156783107e-14,0.005234463008645839,ok,12.01
2.0510782147427644,0.8217302352684964,155.0,92,6,8,-75.90529423687663,-75.89908349886356,-76.09641943848864,-76.08927336154441,-0.007699959367408325,7.245402049642189e-15,4.515391717841751e-15,0.007699959367408325,ok,8.88
1.7925140766422638,0.8682146206261605,155.0,92,6,8,-75.92093344297226,-75.90374473901491,-76.11644011731113,-76.09597064658756,-0.019800437916460065,-4.943409142233345e-15,2.602908538718002e-14,0.019800437916460065,ok,16.39
1.3541907073778483,0.7,155.0,92,6,8,-75.84465424950682,-75.72408708315785,-76.06974908874271,-75.92684881496889,0.04998295976287408,-1.6450505894569735e-15,-1.2919530879442363e-14,0.04998295976287408,ok,53.2
1.7925140766422638,1.4691596244932197,155.0,92,6,8,-75.86693960222247,-75.8522638772612,-76.0517180042733,-76.03470077500997,0.0030615466906030887,-6.674093641968115e-16,-4.665421108050775e-15,0.0030615466906030887,ok,11.96
1.7925140766422638,0.8217302352684964,155.0,92,6,8,-75.90386257727197,-75.88662341481006,-76.0992737303657,-76.07869204019586,-0.02246785318797846,-1.1335418143847603e-14,3.956191642762667e-14,0.02246785318797846,ok,19.19
1.7925140766422638,1.6101543756409509,155.0,92,6,8,-75.85087522519552,-75.83810653264555,-76.03098126286137,-76.01615423648757,0.005099623060434917,1.5439620255010752e-14,-8.728329476241839e-15,0.005099623060434917,ok,14.03
1.7925140766422638,1.2571204432701741,155.0,92,6,8,-75.90018053430464,-75.88395327243597,-76.09134872276931,-76.07247183179211,0.002300265224277386,1.2503302052467102e-14,4.5823506202082016e-15,0.002300265224277386,ok,16.21
2.0510782147427644,0.7784650775728821,155.0,92,6,8,-75.88000783765365,-75.87381989892884,-76.0709575285618,-76.06381475253063,0.008693744933433018,4.2515391417584986e-15,-3.384604887429875e-16,0.008693744933433018,ok,14.04
1.17311930899858,0.7,155.0,92,6,8,-75.8890465683071,-75.68821077055438,-76.1187117842406,-75.89089709019402,0.024080137672657084,-6.653125008763465e-16,8.542875517564421e-15,0.024080137672657084,ok,83.7
1.7925140766422638,0.9730484681624365,155.0,92,6,8,-75.93412617346806,-75.91708760144223,-76.129504965111,-76.10934218849266,0.014153247748750188,-4.2955745918291354e-15,2.6030718503197976e-14,0.014153247748750188,ok,20.02
2.0510782147427644,0.7,155.0,92,6,8,-75.80006917177012,-75.79392590226692,-75.99055859997193,-75.9834834367914,-0.010502392774433031,2.715126799660207e-14,3.4322975400744943e-15,0.010502392774433031,ok,15.57
1.7925140766422638,1.3541907073778483,155.0,92,6,8,-75.88398856803876,-75.86831266107862,-76.07245414538086,-76.05425527850302,-0.0005123802747909172,-4.913319834328235e-15,8.509052400117378e-15,0.0005123802747909172,ok,17.64
1.7925140766422638,1.0990821169362144,155.0,92,6,8,-75.92509159279254,-75.9083162283936,-76.11935618971354,-76.09970994530362,0.008226131103675793,-1.4432319466093493e-14,-6.397930693204437e-14,0.008226131103675793,ok,18.78
2.0510782147427644,1.0328937646339662,155.0,92,6,8,-75.93299448514207,-75.92669307589038,-76.12389939083633,-76.1167428290816,-0.0031878734032574196,-2.935589924859142e-15,-1.2213833013348685e-14,0.0031878734032574196,ok,11.16
2.0510782147427644,0.9730484681624365,155.0,92,6,8,-75.93528103512807,-75.92900111017391,-76.1265303407445,-76.11938163021864,-0.0043857726579833315,1.581212414749165e-14,1.5929603701009076e-14,0.0043857726579833315,ok,11.57
2.0510782147427644,1.3541907073778483,155.0,92,6,8,-75.88326519973032,-75.87699909522676,-76.06765764955472,-76.06048645346097,0.001911103656356234,-2.3654847536274074e-14,-2.907114413571759e-14,0.001911103656356234,ok,10.42
1.7925140766422638,1.7925140766422638,155.0,92,6,8,-75.83824470018277,-75.82884465216296,-76.01321444209354,-76.00226435376618,0.006020451401443768,-2.1408335597603674e-14,2.5910498716783172e-14,0.006020451401443768,ok,19.19
2.5,0.8217302352684964,155.0,92,6,8,-75.90851311012489,-75.90718833915781,-76.09765947811131,-76.09615030598842,0.0009084441172844092,1.2779837042741492e-14,7.48106641769474e-15,0.0009084441172844092,ok,9.32
1.17311930899858,0.738001992915057,155.0,92,6,8,-75.93165089679937,-75.73323113015915,-76.1628158597259,-75.9374644459471,0.03175173888651152,7.386966179215789e-16,9.196327936599665e-15,0.03175173888651152,ok,83.63
2.0510782147427644,0.738001992915057,155.0,92,6,8,-75.84533844504782,-75.83917311369771,-76.03608058347294,-76.028968674634,-0.009630113547848288,-7.828773727009947e-15,2.1007665933796452e-16,0.009630113547848288,ok,19.68
2.5,0.7784650775728821,155.0,92,6,8,-75.88331597881007,-75.88200126369206,-76.07230296912154,-76.07074628804762,0.0011309379400607214,3.207586020628033e-15,1.6401781944887638e-15,0.0011309379400607214,ok,10.05
2.5,0.7,155.0,92,6,8,-75.80352495986807,-75.80222877373949,-75.99202184820926,-75.99052361394168,-0.0015285227725573701,-8.822815823488534e-15,-3.852625025202165e-15,0.0015285227725573701,ok,11.24
2.5,0.8682146206261605,155.0,92,6,8,-75.9254089148351,-75.92407340845736,-76.1147582796167,-76.11324053013546,0.0006731789276921566,5.35171081890901e-15,3.3175452351015585e-15,0.0006731789276921566,ok,8.79
2.0510782147427644,0.9184360891594576,155.0,92,6,8,-75.93198708945876,-75.92573016512321,-76.12333073719704,-76.11620353159466,0.005543265575121603,-6.803813405576265e-15,-6.525420371115607e-15,0.005543265575121603,ok,17.32
2.0510782147427644,1.2571204432701741,155.0,92,6,8,-75.9002081300969,-75.89389151115019,-76.08728419986639,-76.08006109595921,0.0006266115098797539,1.5493133532186698e-14,1.776182909902815e-14,0.0006266115098797539,ok,15.86
2.5,0.738001992915057,155.0,92,6,8,-75.84872533560964,-75.84742023014766,-76.03747488564369,-76.03595064395044,0.0013370890601369042,-2.7072596872897688e-15,-1.530912575851041e-15,0.0013370890601369042,ok,12.87
2.0510782147427644,1.4691596244932197,155.0,92,6,8,-75.86496931481936,-75.858844964322,-76.04567552222377,-76.03864404373786,-0.0031522166606619837,-1.5238920604421173e-14,3.1184613446513376e-15,0.0031522166606619837,ok,16.17
2.0510782147427644,0.8682146206261605,155.0,92,6,8,-75.92229111609676,-75.9160572863787,-76.11354498376787,-76.106439172915,-0.006649836782213647,2.097084190431022e-14,1.2497672719599688e-14,0.006649836782213647,ok,19.28
2.5,1.17311930899858,155.0,92,6,8,-75.91694634948878,-75.9155500763714,-76.10382304252508,-76.10215093411867,-0.0007170795975079062,-1.4599227047512863e-15,-1.7368962485198875e-15,0.0007170795975079062,ok,8.82
2.5,1.3541907073778483,155.0,92,6,8,-75.8846301791057,-75.88321823795127,-76.06685363919637,-76.06514318007638,-0.0013481199216689118,-1.0296400275724722e-14,-5.000068714279291e-15,0.0013481199216689118,ok,8.4
2.0510782147427644,1.6101543756409509,155.0,92,6,8,-75.84682561621344,-75.84105426353146,-76.0227629996514,-76.01607873509757,-0.004265363143042769,-1.9360133760758925e-15,-1.6385929720305732e-14,0.004265363143042769,ok,17.1
2.0510782147427644,1.7925140766422638,155.0,92,6,8,-75.83100420834293,-75.82606127907088,-76.00140505565959,-75.99562638167806,0.004994735138453023,1.0553411012916557e-14,-6.219443974098328e-14,0.004994735138453023,ok,16.33
2.0510782147427644,2.0510782147427644,155.0,92,6,8,-75.82010366800438,-75.78092295076735,-75.98528848194869,-75.94712716707852,0.0020986478099554546,-7.962822884288235e-15,-1.6767703922933125e-16,0.0020986478099554546,ok,16.59
2.5,0.9730484681624365,155.0,92,6,8,-75.93814860234832,-75.93678965178823,-76.12743777873003,-76.12587680635697,-0.00015623886054688544,9.314283600994342e-15,6.525169785066003e-15,0.00015623886054688544,ok,13.07
2.5,1.6101543756409509,155.0,92,6,8,-75.84619963581778,-75.84482366096236,-76.0196602317518,-76.01798207857387,0.0019620167595829343,-3.121091751050612e-14,-1.350468707141063e-13,0.0019620167595829343,ok,11.15
2.5,2.5,155.0,92,6,8,-75.80795229084198,-75.79286366059446,-75.96536384846443,-75.95319014529029,-1.0172674674420278e-06,2.1003090254151796e-16,-1.2308838802625642e-15,1.0172674674420278e-06,ok,10.34
2.0510782147427644,1.17311930899858,155.0,92,6,8,-75.91470671349359,-75.90837960804207,-76.10364574472403,-76.09644022504308,-0.0006627743398912346,5.747703328394883e-15,5.390167512112426e-15,0.0006627743398912346,ok,22.81
2.68,0.8682146206261605,155.0,92,6,8,-75.92597297427436,-75.92523654427552,-76.11504305673218,-76.11418618617552,-0.00017186257529073264,9.187697031186137e-15,5.248047105645487e-15,0.00017186257529073264,ok,7.89
2.68,0.8217302352684964,155.0,92,6,8,-75.90909389083487,-75.90836423265816,-76.09794545484229,-76.09711082196236,-0.0003041858612082113,9.112849590432182e-15,5.194168756666514e-15,0.0003041858612082113,ok,8.94
2.68,0.7,155.0,92,6,8,-75.80414646235101,-75.80343465377182,-75.9924091586574,-75.99156792784547,-0.0006684721032428585,5.537612997744905e-15,2.999063226015377e-15,0.0006684721032428585,ok,9.71
2.5,0.9184360891594576,155.0,92,6,8,-75.93498943341184,-75.93364255743322,-76.12439691185568,-76.12285822845082,-0.00042082675241322635,-5.857511665979922e-15,-3.9055014178463906e-15,0.00042082675241322635,ok,18.09
2.5,1.7925140766422638,155.0,92,6,8,-75.82849708025017,-75.8272088102295,-75.99602123104398,-75.99445454434253,0.0022039099182640833,1.3943781794794458e-14,-7.566663228780745e-15,0.0022039099182640833,ok,14.25
2.68,1.0990821169362144,155.0,92,6,8,-75.92886214911701,-75.92809513693481,-76.11668715237246,-76.115745090543,0.0004407548925840282,-1.1286013510110316e-14,-7.972935643791757e-15,0.0004407548925840282,ok,8.85
2.5,1.0328937646339662,155.0,92,6,8,-75.93569995919262,-75.93432845877636,-76.12461210706343,-76.12302786115272,0.00012321434681320095,-6.135757434660867e-15,-4.828303596606452e-15,0.00012321434681320095,ok,18.28
2.5,1.2571204432701741,155.0,92,6,8,-75.90208856627076,-75.90068185495743,-76.08705469841831,-76.08535958605405,0.0010292996494028496,-1.8700006691315866e-14,-2.336422140933795e-15,0.0010292996494028496,ok,17.23
2.68,1.3541907073778483,155.0,92,6,8,-75.88493982533028,-75.8841538864303,-76.06683759519362,-76.0658399228791,-0.0009726647890059605,-2.9893453314664037e-15,-3.5408067911587442e-15,0.0009726647890059605,ok,9.17
2.68,1.17311930899858,155.0,92,6,8,-75.91737657647856,-75.91660181944695,-76.1039149180158,-76.10291476290895,-0.0006121270882559995,5.926782910461097e-15,4.659360337974456e-15,0.0006121270882559995,ok,10.22
2.5,1.4691596244932197,155.0,92,6,8,-75.86555810936383,-75.8641515907266,-76.04397612763022,-76.04225846780804,-0.001665899089593156,-5.004243241568245e-15,-6.957037104533028e-15,0.001665899089593156,ok,19.01
2.68,0.7784650775728821,155.0,92,6,8,-75.88391189235078,-75.88318842003339,-76.0726203184061,-76.07173625565264,0.00042800646956766544,-3.380418537402815e-14,-1.8784084627379525e-14,0.00042800646956766544,ok,15.06
2.5,2.0510782147427644,155.0,92,6,8,-75.81509844024583,-75.81402034803764,-75.9766635496236,-75.97535038806858,-0.0023013729977783247,-1.6813206648873603e-15,-6.125203980598487e-15,0.0023013729977783247,ok,17.53
2.68,0.9730484681624365,155.0,92,6,8,-75.93867260094711,-75.93792137321054,-76.12766567357615,-76.12677418542455,-0.00011787656384814856,-9.123932141246774e-15,-5.789753681452979e-15,0.00011787656384814856,ok,13.08
2.0510782147427644,1.0990821169362144,155.0,92,6,8,-75.9258903369433,-75.91957198812483,-76.11603609503818,-76.1088582523637,-0.0019365976643676095,1.0979152028092595e-14,3.7969468956788843e-16,0.0019365976643676095,ok,29.89
2.68,1.4691596244932197,155.0,92,6,8,-75.86576510220577,-75.86498039661943,-76.04384316208527,-76.04285410652311,0.0011525468738955353,-1.7478201376976697e-14,-7.860196011505792e-15,0.0011525468738955353,ok,12.23
2.68,0.738001992915057,155.0,92,6,8,-75.84933488595698,-75.8486173035583,-76.03781428971952,-76.03695269445784,-0.0005437643527318277,1.2958606915819663e-14,6.852563952774728e-15,0.0005437643527318277,ok,17.6
2.5,1.0990821169362144,155.0,92,6,8,-75.92839368627864,-75.92700943311634,-76.11654650277767,-76.11493707309347,0.0004139563631645614,1.8360638102799638e-15,1.5892619551358757e-15,0.0004139563631645614,ok,22.3
2.86,0.7784650775728821,155.0,92,6,8,-75.88425937611362,-75.88386082004209,-76.07279122012622,-76.07227866706832,0.00012362135515162336,-3.0294885897362526e-14,-1.628689366573555e-14,0.00012362135515162336,ok,8.7
2.68,0.9184360891594576,155.0,92,6,8,-75.93553482010401,-75.93479114859028,-76.124644755645,-76.12377558702046,3.018569345852049e-05,5.435653508746281e-15,3.3777750392128635e-15,3.018569345852049e-05,ok,16.85
2.68,1.7925140766422638,155.0,92,6,8,-75.82830606479526,-75.82757436107491,-75.99541187564321,-75.99449172460594,-0.0014631771983396144,-5.145827731307065e-14,-7.232483848296446e-14,0.0014631771983396144,ok,12.89
2.68,2.68,155.0,92,6,8,-75.80621369756086,-75.79526280142599,-75.96242442416609,-75.9546530123991,-2.598804291981348e-06,1.0297443856350807e-14,-4.6853711949514415e-14,2.5988042919813482e-06,ok,10.44
2.86,0.8217302352684964,155.0,92,6,8,-75.9094325123784,-75.90903024152209,-76.09809600155452,-76.09763462115964,5.555562931434683e-05,-2.60451459538731e-14,-1.4515781580408087e-14,5.555562931434683e-05,ok,9.64
2.86,1.17311930899858,155.0,92,6,8,-75.91762961451627,-75.91720016519275,-76.10396534151535,-76.10336627242727,0.00046320829437724307,-1.3046961121355399e-14,-7.630488486153073e-15,0.00046320829437724307,ok,7.52
2.86,0.7,155.0,92,6,8,-75.8045091097108,-75.80411766348337,-75.99255381457102,-75.99206119832496,0.00024802681977183823,4.6585419089358785e-15,2.1446713988434533e-15,0.00024802681977183823,ok,11.95
2.86,1.3541907073778483,155.0,92,6,8,-75.88512615020494,-75.8846896830564,-76.06681026381162,-76.06622396536605,0.0006696367329741019,-1.5891237516018086e-14,-8.289977978198393e-15,0.0006696367329741019,ok,7.63
2.68,1.2571204432701741,155.0,92,6,8,-75.90246815266859,-75.90168666994894,-76.0871049866883,-76.0861217126914,-0.0007905511123559715,-3.4880601919048586e-15,-2.817717338768931e-15,0.0007905511123559715,ok,18.08
2.86,1.0990821169362144,155.0,92,6,8,-75.92913658511003,-75.92871170469576,-76.11675681075508,-76.11617328601197,0.0003661067402818609,-5.426553134540859e-15,-3.405090417155872e-15,0.0003661067402818609,ok,10.39
2.68,1.0328937646339662,155.0,92,6,8,-75.93619883926573,-75.93543983196207,-76.12480269524322,-76.1238958307427,0.0002751784742309588,-5.532188553703577e-15,-3.5949153736332595e-15,0.0002751784742309588,ok,21.74
2.68,2.5,155.0,92,6,8,-75.8071226823589,-75.8059540929823,-75.96388326352171,-75.96261866516105,0.0012527561716899427,-3.63068044159898e-14,-8.303631373382996e-15,0.0012527561716899427,ok,17.92
2.86,1.0328937646339662,155.0,92,6,8,-75.93649040298314,-75.93607025678176,-76.12489188483835,-76.12434549525891,0.00027302669147680095,-1.2131881939938199e-14,-7.34295949865621e-15,0.00027302669147680095,ok,14.17
2.86,0.738001992915057,155.0,92,6,8,-75.84969026082678,-75.84929548514066,-76.03799292457045,-76.03749851657034,-0.00018808580267330212,1.2039892636989663e-14,6.254731514554184e-15,0.00018808580267330212,ok,16.96
2.86,0.9184360891594576,155.0,92,6,8,-75.93585281780554,-75.93544200318853,-76.12476580220488,-76.12427686362845,9.77990167472546e-05,9.147464306588156e-15,5.066567822830272e-15,9.77990167472546e-05,ok,15.34
2.68,2.0510782147427644,155.0,92,6,8,-75.81457761830436,-75.81393217382067,-75.97562807174279,-75.97482106559414,0.0015489731001833381,-3.4328574259890523e-14,4.893352853571198e-15,0.0015489731001833381,ok,20.81
3.04,0.8682146206261605,155.0,92,6,8,-75.92648707652194,-75.92626344388917,-76.11523361280683,-76.11495103842924,7.963555230395061e-05,8.687930730054228e-15,4.6399009471151224e-15,7.963555230395061e-05,ok,9.41
3.04,0.738001992915057,155.0,92,6,8,-75.84989100714131,-75.84967428583315,-76.03806036564784,-76.0377911881387,3.712186713402104e-05,1.0738312128756739e-14,5.502269625660096e-15,3.712186713402104e-05,ok,10.05
2.86,0.8682146206261605,155.0,92,6,8,-75.92630186484024,-75.92589537846192,-76.115180501414,-76.11469861213729,2.4437022482426927e-05,6.063796029793315e-15,4.670406548324318e-15,2.4437022482426927e-05,ok,19.7
2.68,1.6101543756409509,155.0,92,6,8,-75.8462498825498,-75.84547826882807,-76.01934118565916,-76.01836826278918,-0.001324762424743147,-8.616978754591268e-15,-1.2484913424766337e-14,0.001324762424743147,ok,24.36
3.04,1.0328937646339662,155.0,92,6,8,-75.93665462350195,-75.93642306179483,-76.1249223071056,-76.12460107661745,-0.00022218872651257764,-9.394594562686476e-15,-5.044525590410297e-15,0.00022218872651257764,ok,9.19
3.04,0.9730484681624365,155.0,92,6,8,-75.93915047520922,-75.93892164491838,-76.12782452197699,-76.12751042221052,-0.00017176265329576753,4.785359438635987e-15,2.9109238846867888e-15,0.00017176265329576753,ok,9.57
3.04,0.8217302352684964,155.0,92,6,8,-75.9096234182332,-75.90940222797823,-76.09815158801003,-76.09789914070528,-3.916866226827669e-05,1.1606099547340915e-14,6.688520277339413e-15,3.916866226827669e-05,ok,12.07
2.86,2.86,155.0,92,6,8,-75.80526176961018,-75.80238688368522,-75.96077563278237,-75.95756657607933,-9.170181434901535e-07,-1.1690157001130597e-14,9.35187742055337e-14,9.170181434901584e-07,ok,13.57
3.04,0.7784650775728821,155.0,92,6,8,-75.88445537720705,-75.8842364762659,-76.072857832969,-76.07256349613398,1.4256602183094873e-06,1.3470079306175036e-14,7.482745308976549e-15,1.4256602183094873e-06,ok,13.46
3.04,0.7,155.0,92,6,8,-75.80471398153605,-75.80449928663498,-75.99262062845696,-75.99236585322024,7.091508806449532e-05,2.7954071266373547e-14,1.3744372865065713e-14,7.091508806449532e-05,ok,15.16
2.86,2.0510782147427644,155.0,92,6,8,-75.81430755937168,-75.81393494388946,-75.97505509347448,-75.97455819237368,0.00102478290593044,8.308672682238094e-14,6.097006102361245e-14,0.00102478290593044,ok,17.81
3.04,0.9184360891594576,155.0,92,6,8,-75.93603183520034,-75.93580568464556,-76.12481798482285,-76.1245410331655,-0.00012417965374628094,-2.2231930049310565e-14,-1.221812782330822e-14,0.00012417965374628094,ok,14.86
2.86,1.4691596244932197,155.0,92,6,8,-75.86589508197348,-75.86545840599017,-76.04374997351992,-76.04315427343715,0.0007717074591980864,-1.5329844584728352e-14,-6.50544684729248e-15,0.0007717074591980864,ok,18.77
3.04,1.0990821169362144,155.0,92,6,8,-75.92929150657449,-75.92905712037259,-76.11677585263739,-76.11642549072978,0.00027628704649923855,3.993788915772515e-14,2.2075824660315803e-14,0.00027628704649923855,ok,13.4
3.04,1.17311930899858,155.0,92,6,8,-75.9177730267662,-75.91753585942566,-76.10398114901693,-76.10358113960213,0.00033104807364126173,4.946838406544053e-15,2.3731186865167393e-15,0.00033104807364126173,ok,14.0
2.86,2.68,155.0,92,6,8,-75.80451150329725,-75.80551837439349,-75.96019777839707,-75.96124690926227,0.0010126012961217377,1.18842215299887e-13,3.413746907121437e-14,0.0010126012961217377,ok,19.45
2.86,0.9730484681624365,155.0,92,6,8,-75.93897836587928,-75.93856293641818,-76.12777402915111,-76.12727989118925,0.00018264205552170074,-5.020135977679233e-15,-3.1418044765498347e-15,0.00018264205552170074,ok,25.66
2.86,1.7925140766422638,155.0,92,6,8,-75.82821749256158,-75.82780549951666,-75.99506221751312,-75.99450976022771,0.000945430288033591,2.4521515248679102e-14,-1.0566604256722461e-14,0.000945430288033591,ok,22.37
2.86,1.2571204432701741,155.0,92,6,8,-75.90269324623796,-75.90225961899165,-76.08713625208873,-76.08656746796943,-0.0005650142834242497,4.390894950268892e-15,2.7775420941209894e-15,0.0005650142834242497,ok,24.59
2.86,1.6101543756409509,155.0,92,6,8,-75.84629372242469,-75.84586281973145,-76.01915408519746,-76.01856601325632,0.00086720848373497,-1.3266577162415007e-14,-4.498924820503857e-15,0.00086720848373497,ok,23.03
3.04,2.0510782147427644,155.0,92,6,8,-75.8141639029339,-75.81395368377312,-75.97472472215557,-75.974412515016,-0.0006103532284047427,-8.100919100259299e-15,-4.693885559876207e-15,0.0006103532284047427,ok,13.8
3.04,1.6101543756409509,155.0,92,6,8,-75.84632299825863,-75.84608375821155,-76.01902989222616,-76.01865606209999,0.000557206549632816,5.626763646197993e-15,4.093285224217569e-15,0.000557206549632816,ok,15.22
3.04,1.2571204432701741,155.0,92,6,8,-75.90282145205063,-75.90258190853048,-76.08712296385421,-76.08677082218145,0.0003899483325377929,1.6196181432108863e-14,8.265838343910307e-15,0.0003899483325377929,ok,18.42
3.04,1.3541907073778483,155.0,92,6,8,-75.88523334317867,-75.88499207407673,-76.06677254943848,-76.066398816655,-0.0004492068783250253,1.6144809127134546e-14,7.897750326580486e-15,0.0004492068783250253,ok,18.49
3.04,2.86,155.0,92,6,8,-75.80365792315024,-75.80489919698404,-75.95873642457167,-75.96008264285875,-0.00011383839550947633,-9.345887238464435e-16,-1.498516590737996e-16,0.00011383839550947633,ok,16.18
3.2199999999999998,0.8682146206261605,155.0,92,6,8,-75.92658865859065,-75.92646646096793,-76.11527351124778,-76.11512873829861,8.830078618599383e-05,8.756892904851338e-15,4.569325466953332e-15,8.830078618599383e-05,ok,12.94
2.86,2.5,155.0,92,6,8,-75.80667728538255,-75.80615790820377,-75.96305709006137,-75.96243130573248,-0.0008875907723438168,1.3934312903739903e-13,4.856051574375565e-14,0.0008875907723438168,ok,28.32
3.2199999999999998,0.7,155.0,92,6,8,-75.80482682322935,-75.80470991616794,-75.99266158417981,-75.99253431929458,-2.218444254876604e-06,-2.7018396993736513e-15,-1.2092533269348658e-15,2.218444254876604e-06,ok,14.89
3.2199999999999998,0.9730484681624365,155.0,92,6,8,-75.93924487522867,-75.93911976279523,-76.12783272530717,-76.12763392391705,0.0001395991363768907,-1.1833043383801322e-14,-6.467305996332717e-15,0.0001395991363768907,ok,12.02
3.2199999999999998,0.738001992915057,155.0,92,6,8,-75.85000149863828,-75.84988329640116,-76.03808738158254,-76.03795428447151,-2.3047853392597906e-05,-3.339059705662322e-14,-1.70655741907446e-14,2.3047853392597906e-05,ok,15.85
3.2199999999999998,0.7784650775728821,155.0,92,6,8,-75.88456313047125,-75.88444369861716,-76.07289096562496,-76.07273502787092,4.274774030654056e-05,9.766619163042864e-15,5.168765233124132e-15,4.274774030654056e-05,ok,16.09
3.2199999999999998,1.4691596244932197,155.0,92,6,8,-75.86601516773268,-75.86588235851936,-76.04361914309005,-76.04335857195215,0.0003340873528568733,-7.174538727124751e-15,-3.390206055049115e-15,0.0003340873528568733,ok,10.32
3.2199999999999998,1.3541907073778483,155.0,92,6,8,-75.88529352913524,-75.88516123797945,-76.06672060894303,-76.0664674551819,0.00030022803880047383,-3.116652182637874e-14,-1.5191671400864233e-14,0.00030022803880047383,ok,10.94
3.2199999999999998,2.0510782147427644,155.0,92,6,8,-75.81408851118616,-75.81396530458619,-75.97454124241577,-75.97434020301361,-0.00043524349599775755,9.069766682849636e-14,4.706835233137579e-14,0.00043524349599775755,ok,9.35
3.04,3.04,155.0,92,6,8,-75.80412393458339,-75.80325201106874,-75.9591533728677,-75.95818270944696,-2.3249077625379425e-07,3.5675500342775495e-14,-1.5976586314590587e-13,2.324907762538519e-07,ok,18.27
3.04,1.4691596244932197,155.0,92,6,8,-75.86597169095036,-75.86572955275118,-76.04368087518135,-76.04329689129518,-0.0005021473019578646,-1.459464042271293e-14,-7.174454695737493e-15,0.0005021473019578646,ok,23.41
3.04,2.68,155.0,92,6,8,-75.80344713415712,-75.80360058663263,-75.95875882051097,-75.95930589543833,0.0018649806225077624,-5.437645235708657e-14,-8.705533143915732e-16,0.0018649806225077624,ok,20.88
3.2199999999999998,0.8217302352684964,155.0,92,6,8,-75.90972818901015,-75.90960742822054,-76.09821015212077,-76.09808340510781,-5.568204046380249e-05,-3.813785441078828e-14,-2.0509238364827593e-14,5.568204046380249e-05,ok,19.24
3.2199999999999998,1.6101543756409509,155.0,92,6,8,-75.84634103680249,-75.84620928669536,-76.01895183851944,-76.01869089136329,-0.0003639738343037699,-1.988018513955484e-14,-8.66817288149045e-15,0.0003639738343037699,ok,13.53
3.04,2.5,155.0,92,6,8,-75.80532515002483,-75.80486749675809,-75.96136666290163,-75.96107180964174,0.0005212756804660116,-5.99936106785919e-14,-1.2201102458439647e-14,0.0005212756804660116,ok,24.97
3.2199999999999998,1.2571204432701741,155.0,92,6,8,-75.90289274551897,-75.90276156266742,-76.08709070631438,-76.08685109234703,0.0002643370117000185,-6.29067420251936e-14,-3.162648769352195e-14,0.0002643370117000185,ok,17.63
3.04,1.7925140766422638,155.0,92,6,8,-75.82817419520384,-75.82794399753473,-75.9948626174306,-75.99451265040294,-0.0006019809476332372,-1.5945802656186704e-15,4.680836591757107e-15,0.0006019809476332372,ok,27.11
3.2199999999999998,1.17311930899858,155.0,92,6,8,-75.91785223647433,-75.91772248711854,-76.10396057610293,-76.10368934765567,-0.00023182932021565718,1.5073574238491596e-14,7.916090379067399e-15,0.00023182932021565718,ok,19.74
3.4,0.7,155.0,92,6,8,-75.804887835989,-75.80482484386073,-75.99266917258592,-75.9926121872159,-3.0706362195943946e-05,9.608979042442057e-15,4.7603552156558794e-15,3.0706362195943946e-05,ok,10.25
3.4,1.4691596244932197,155.0,92,6,8,-75.86603995895719,-75.86596799083466,-76.04357986674493,-76.0433809172965,0.00021830132634304336,1.0106169478924297e-14,4.818801797358192e-15,0.00021830132634304336,ok,5.72
3.2199999999999998,0.9184360891594576,155.0,92,6,8,-75.93612998328575,-75.93600636018638,-76.12483894675853,-76.1246704188478,0.00010561204927123135,-1.0722193218490379e-14,-5.9582692007759384e-15,0.00010561204927123135,ok,22.82
3.4,0.9184360891594576,155.0,92,6,8,-75.93618273372783,-75.93611612289214,-76.12482523071188,-76.124734075903,9.394342046063157e-05,8.599502582092773e-15,4.425426465278183e-15,9.394342046063157e-05,ok,8.81
3.2199999999999998,1.0328937646339662,155.0,92,6,8,-75.93674482809828,-75.93661820792167,-76.12490875901952,-76.12471964076582,-0.0001700661319149917,2.6782670153572736e-14,1.471976991923474e-14,0.0001700661319149917,ok,21.39
3.2199999999999998,3.2199999999999998,155.0,92,6,8,-75.80447765669557,-75.80442364458237,-75.95930865139148,-75.95921701093582,0.00028242517780868563,-1.108088909189808e-15,4.2920721435694386e-15,0.00028242517780868563,ok,12.92
3.2199999999999998,1.7925140766422638,155.0,92,6,8,-75.82815257025487,-75.82802508319004,-75.99473981089905,-75.99450922253858,-0.0003837659403877235,6.537982598352461e-14,5.96828738778698e-14,0.0003837659403877235,ok,18.51
3.4,2.0510782147427644,155.0,92,6,8,-75.81404815995347,-75.81397303122053,-75.97443667936152,-75.97428305673407,-0.0002983666412528808,-7.181503299117276e-14,-4.602237073399282e-14,0.0002983666412528808,ok,8.54
3.4,0.8682146206261605,155.0,92,6,8,-75.92664324150772,-75.92657737679315,-76.11527928914315,-76.11519574069159,7.943590102690943e-05,-1.6880895015416254e-14,-9.161952751644126e-15,7.943590102690943e-05,ok,15.78
3.4,0.8217302352684964,155.0,92,6,8,-75.90978461682974,-75.90971941583736,-76.09823004463063,-76.09813692025024,-6.59935714585739e-05,-2.2599153945560444e-14,-1.1760742896298872e-14,6.59935714585739e-05,ok,15.91
3.4,0.7784650775728821,155.0,92,6,8,-75.88462121152759,-75.88455680082686,-76.07289879375475,-76.07281932008462,-5.4088213656225403e-05,1.1368604767563793e-14,5.9717129234585094e-15,5.4088213656225403e-05,ok,17.61
3.2199999999999998,3.04,155.0,92,6,8,-75.80462266565664,-75.80450464395079,-75.95953770372479,-75.95937273216238,0.00032604142822027825,-3.908764452971109e-12,2.5783032062187696e-11,0.0003260414282202793,ok,20.73
3.4,0.9730484681624365,155.0,92,6,8,-75.93929575542985,-75.93922826680463,-76.12781950773817,-76.12771365346498,-0.00010965028487553525,-2.8912045324269425e-15,-1.3836325695785667e-15,0.00010965028487553525,ok,16.13
3.4,0.738001992915057,155.0,92,6,8,-75.85006107155716,-75.84999744994525,-76.03809923773292,-76.03803475222989,-4.2491517864733704e-05,1.1509612115284507e-14,5.7064346404273306e-15,4.2491517864733704e-05,ok,19.49
3.4,3.4,155.0,92,6,8,-75.80432183614083,-75.80429199778138,-75.95900579137843,-75.95892790625088,0.0001580230256433426,3.1479973954358263e-15,-1.0285049889798925e-14,0.0001580230256433426,ok,11.09
3.2199999999999998,2.5,155.0,92,6,8,-75.8046303087533,-75.80439881300467,-75.96048311186095,-75.96054349262826,-0.0022578709563933186,-1.3218816294030165e-15,-2.66311109695774e-16,0.0022578709563933186,ok,28.01
3.4,1.17311930899858,155.0,92,6,8,-75.91789566035864,-75.9178255354444,-76.10394265425293,-76.10374645926709,-0.00016154096866282736,-1.2627157815578518e-14,-6.3195885676363e-15,0.00016154096866282736,ok,20.7
3.4,1.0990821169362144,155.0,92,6,8,-75.92942324608222,-75.92935396746113,-76.11675590708101,-76.11658379661725,0.0001441779856746247,5.052501778999379e-15,2.4743866787793365e-15,0.0001441779856746247,ok,22.55
3.4,1.2571204432701741,155.0,92,6,8,-75.90293211899035,-75.90286118401075,-76.08706763178834,-76.08687685470784,0.00018220081149155655,1.5911339860577087e-14,7.751709569952496e-15,0.00018220081149155655,ok,22.85
3.4,1.6101543756409509,155.0,92,6,8,-75.84635215467603,-75.84628033537719,-76.01889629751435,-76.01869691525873,0.00023492603449336822,-3.681304630962207e-15,-1.1779989020400014e-15,0.00023492603449336822,ok,22.04
3.4,1.3541907073778483,155.0,92,6,8,-75.8853271407095,-75.88525548592962,-76.06668502619306,-76.06649081013212,0.00020154349075699075,4.4700568756455055e-14,2.1470238926263215e-14,0.00020154349075699075,ok,24.02
3.4,3.04,155.0,92,6,8,-75.80454576138484,-75.80448918421993,-75.95936297988219,-75.95925491635816,0.00023867018448565447,3.0820163162942114e-14,-3.5417601105737624e-13,0.00023867018448565447,ok,19.7
3.2199999999999998,2.68,155.0,92,6,8,-75.80382031263522,-75.8037133143954,-75.95905903727778,-75.95925365201582,0.0010123301413557109,1.2298867412532737e-13,1.2899032514104452e-14,0.0010123301413557109,ok,36.99
3.4,1.7925140766422638,155.0,92,6,8,-75.828142094209,-75.82807219393996,-75.9946616698591,-75.9944850797574,-0.0002439797936847451,-2.3172913885696614e-13,-1.7833789602477205e-13,0.0002439797936847451,ok,31.59
3.4,2.5,155.0,92,6,8,-75.80457546277135,-75.80523756466906,-75.96037100150463,-75.96114428432801,-0.0009062495269351006,-5.813883026790428e-15,-1.858072694258588e-15,0.0009062495269351006,ok,31.11
3.4,3.2199999999999998,155.0,92,6,8,-75.80439977030483,-75.80435624550458,-75.95912678307167,-75.95903483814543,-0.0002193626612806888,9.58316030456355e-12,-6.32362846542172e-11,0.00021936266128069813,ok,33.02
3.2199999999999998,2.86,155.0,92,6,8,-75.8035322803448,-75.80370829005857,-75.95846541546862,-75.95878038913797,-0.0008494438172921555,-2.4740825996298855e-16,7.33807858372343e-17,0.0008494438172921555,ok,52.15
0.9184360891594576,0.9184360891594576,165.0,92,6,8,-76.02243739896377,-75.77833925308863,-76.27185242438527,-75.99400651970059,0.29133599378644276,9.629442686896151e-16,-9.018974634486425e-15,0.29133599378644276,ok,24.47
3.4,2.68,155.0,92,6,8,-75.80381548577134,-75.80283623341376,-75.95898126720051,-75.95851360142721,0.0027399590428970337,6.418663193463823e-14,-7.313686574859062e-16,0.0027399590428970337,ok,46.05
3.4,2.86,155.0,92,6,8,-75.80463895060532,-75.80457677420794,-75.95960836616857,-75.95948324200185,-0.0003086314784030272,1.7256838998653124e-13,7.261390763408973e-14,0.0003086314784030272,ok,50.12
0.9184360891594576,0.8682146206261605,165.0,92,6,8,-76.01605819816837,-75.76442834657206,-76.26555396529221,-75.97844224266419,0.3080547000559751,4.846102958228787e-15,1.0358095840271786e-14,0.3080547000559751,ok,39.84
0.9730484681624365,0.9730484681624365,165.0,92,6,8,-76.023065159939,-75.79839120790484,-76.27177886411583,-76.01755837063652,0.2103728129706403,-4.0112587983209354e-16,-1.8591356579578027e-14,0.2103728129706403,ok,14.23
0.9730484681624365,0.8217302352684964,165.0,92,6,8,-76.00185712401064,-75.75483221080042,-76.25078532250762,-75.96854491160963,0.2503288098936704,-2.1537998409058455e-16,7.876301978443104e-15,0.2503288098936704,ok,34.13
0.8682146206261605,0.8682146206261605,165.0,92,6,8,-76.01065439695776,-75.7511079189174,-76.26015501918954,-75.96388993995258,-0.34226542882471195,-4.000016946844489e-15,6.143955657142052e-15,0.34226542882471195,ok,57.43
0.7,0.7,165.0,92,6,8,-75.80253422678184,-75.49962374573809,-76.03621104065078,-75.68880453590104,0.39905258588440373,1.890571804815383e-14,-8.413026367044594e-19,0.39905258588440373,ok,71.22
0.9730484681624365,0.8682146206261605,165.0,92,6,8,-76.01585124511165,-75.77471205425653,-76.26502681508268,-75.98975083080818,0.24842471260109394,2.6190587656776436e-15,1.0114396532255091e-14,0.24842471260109394,ok,33.48
0.9730484681624365,0.9184360891594576,165.0,92,6,8,-76.0226130070366,-75.78847672965932,-76.27183093906162,-76.0055637115817,0.23804774364385498,2.7532633718931655e-16,1.9354221042489542e-14,0.23804774364385498,ok,35.6
1.0328937646339662,0.8682146206261605,165.0,92,6,8,-76.01055567302092,-75.78501574700715,-76.25822211124742,-75.99942233672961,0.1715344757780851,4.516865022518451e-15,1.4432817755305627e-14,0.1715344757780851,ok,16.31
0.738001992915057,0.7,165.0,92,6,8,-75.84363039775373,-75.5448247476812,-76.0633495175076,-75.72176900986537,0.3942137735734103,6.183974412172464e-15,4.117717998125723e-15,0.3942137735734103,ok,77.67
1.0328937646339662,0.9184360891594576,165.0,92,6,8,-76.01738054557711,-75.79855022382708,-76.26509285025699,-76.01467605071278,-0.1704773671930892,-1.311245436534675e-15,-2.1194206158270194e-14,0.1704773671930892,ok,11.39
0.9730484681624365,0.7,165.0,92,6,8,-75.90932452907845,-75.64950711614777,-76.15316484038782,-75.85747550607715,-0.26292768693063107,-8.303759347235626e-15,-5.718704338480562e-15,0.26292768693063107,ok,57.32
0.7784650775728821,0.7784650775728821,165.0,92,6,8,-75.9456957379494,-75.66017282218237,-76.1811401927271,-75.85242555893171,0.37879895921411655,1.0515660806373413e-14,-2.1208714430608898e-15,0.37879895921411655,ok,74.2
1.0328937646339662,1.0328937646339662,165.0,92,6,8,-76.01244568229846,-75.81537611476011,-76.25888655416568,-76.03398777969436,0.13516038107595185,-5.747724619508705e-14,3.98376815077728e-13,0.13516038107595185,ok,9.78
0.738001992915057,0.738001992915057,165.0,92,6,8,-75.8848976010172,-75.5901549954709,-76.11934166299632,-75.78047507098627,0.3904685079612811,1.4235040625127114e-14,-1.0178802347703774e-15,0.3904685079612811,ok,82.03
0.8217302352684964,0.8217302352684964,165.0,92,6,8,-75.98732792841031,-75.71240686210481,-76.236466125581,-75.92373673128702,0.3622376252935292,7.089926012269031e-15,-3.8106847908963256e-15,0.3622376252935292,ok,80.56
1.0328937646339662,0.9730484681624365,165.0,92,6,8,-76.01776983211053,-75.80775927050095,-76.26515293036566,-76.02581298231351,0.16064105431970135,-1.4060963576696435e-15,3.625076010581766e-14,0.16064105431970135,ok,17.42
0.9184360891594576,0.7,165.0,92,6,8,-75.91031514947169,-75.63926196454061,-76.15609788303175,-75.84732265351593,0.3213052024981512,2.5564044697936328e-14,9.641968715554065e-15,0.3213052024981512,ok,73.78
0.7784650775728821,0.738001992915057,165.0,92,6,8,-75.91521282675168,-75.62510699708761,-76.12765155792152,-75.79601313296085,-0.38374780560707117,-3.896837020838268e-15,-3.945831250479264e-15,0.38374780560707117,ok,84.98
1.0990821169362144,1.0328937646339662,165.0,92,6,8,-76.00204339718091,-75.82427774325942,-76.2465308023567,-76.04035627875348,-0.09418737398504046,-9.47163447829686e-15,1.301768321754216e-13,0.09418737398504046,ok,13.84
1.0990821169362144,0.8682146206261605,165.0,92,6,8,-76.00040576334294,-75.79754744201803,-76.24543026845137,-76.0096596940573,0.09523562256683821,2.5750746041867495e-14,1.8495607732488115e-14,0.09523562256683821,ok,17.1
0.9184360891594576,0.738001992915057,165.0,92,6,8,-75.95210763285496,-75.6848285946974,-76.19905746040187,-75.8944152494258,-0.3256305635479867,-5.2662932597363856e-15,-6.1085364089567554e-15,0.3256305635479867,ok,82.42
0.8682146206261605,0.7,165.0,92,6,8,-75.90503566930644,-75.62530699497255,-76.15168331547169,-75.83316627710077,0.3568556416797551,1.1485307940395761e-14,5.08919326352045e-15,0.3568556416797551,ok,90.92
1.0990821169362144,0.9184360891594576,165.0,92,6,8,-76.00722397417258,-75.81061097832912,-76.25242091194485,-76.0239216893687,-0.09970964962907222,-4.248117101981514e-15,-3.3403926038895085e-14,0.09970964962907222,ok,18.98
1.0990821169362144,0.9730484681624365,165.0,92,6,8,-76.0075025841816,-75.81881731154522,-76.25258635244666,-76.03363568506181,0.10060100624981513,3.971858011665198e-15,9.074358974261666e-14,0.10060100624981513,ok,20.71
0.9730484681624365,0.738001992915057,165.0,92,6,8,-75.95126376196899,-75.69507059470872,-76.1961845807269,-75.90452570945916,0.2702194302167227,4.5816683099661165e-15,5.6623595304070026e-15,0.2702194302167227,ok,73.52
1.0990821169362144,1.0990821169362144,165.0,92,6,8,-75.99157647169244,-75.82976013017452,-76.23462755151655,-76.0453755511649,0.0758555206990793,-8.878877305387806e-15,2.1669130437658635e-14,0.0758555206990793,ok,20.7
1.17311930899858,0.9184360891594576,165.0,92,6,8,-75.99249457617975,-75.82527669875091,-76.23409259111577,-76.03521360204263,0.041580999760830906,2.833374458292449e-15,6.427713825237811e-14,0.041580999760830906,ok,9.02
1.0328937646339662,0.8217302352684964,165.0,92,6,8,-75.99643051761771,-75.76523042385678,-76.24375612018046,-75.9784496186339,0.1682360249243488,5.618091214228756e-15,1.0815730498844628e-14,0.1682360249243488,ok,49.22
0.8217302352684964,0.738001992915057,165.0,92,6,8,-75.93581965016276,-75.65111455432115,-76.11221019613083,-75.79115502933607,0.37151314739500385,1.4593823711567623e-14,5.835643451468806e-15,0.37151314739500385,ok,106.29
0.8217302352684964,0.7784650775728821,165.0,92,6,8,-75.96646116693495,-75.6862786132361,-76.166237439941,-75.8474497951812,0.36899552986265505,8.054545578806352e-15,5.343390095735271e-15,0.36899552986265505,ok,105.95
1.17311930899858,0.9730484681624365,165.0,92,6,8,-75.99284344311437,-75.83237352442491,-76.23441235006477,-76.04326419392925,0.047079823948776085,-3.685858850240249e-15,-2.8041353405182134e-14,0.047079823948776085,ok,15.5
1.0990821169362144,0.8217302352684964,165.0,92,6,8,-75.98623543482191,-75.777993108815,-76.23080275534419,-75.98932915178862,-0.0890639637869922,1.503845907286184e-14,-2.0934401547813666e-14,0.0890639637869922,ok,35.45
1.17311930899858,1.17311930899858,165.0,92,6,8,-75.96241644418788,-75.84071395288244,-76.20014033981795,-76.05194932553995,0.03475433965594541,-7.045090047974925e-15,1.1504356262757283e-14,0.03475433965594541,ok,15.85
0.8682146206261605,0.8217302352684964,165.0,92,6,8,-75.99975549834619,-75.7311695622283,-76.18488838727285,-75.88024226411241,0.3474111399602958,1.3933617524922103e-15,5.9937629208483655e-15,0.3474111399602958,ok,105.41
1.17311930899858,0.8682146206261605,165.0,92,6,8,-75.9855526563735,-75.81284422959759,-76.22693681211858,-76.02207809494182,-0.03483307138356213,-2.5848081934408726e-15,-3.9243087701500774e-14,0.03483307138356213,ok,24.55
1.17311930899858,0.8217302352684964,165.0,92,6,8,-75.97124098002635,-75.79366829580431,-76.2121468402279,-76.00252012810427,-0.02761020827997667,-2.768315896918834e-15,-1.7723465465781906e-14,0.02761020827997667,ok,31.34
1.17311930899858,1.0990821169362144,165.0,92,6,8,-75.97693972952594,-75.83766055729888,-76.21707715421832,-76.0501101031865,-0.04680385670700081,-1.872642091470842e-15,2.2002251579267094e-14,0.04680385670700081,ok,21.68
1.17311930899858,1.0328937646339662,165.0,92,6,8,-75.98739179601334,-75.83577464090766,-76.22860737314203,-76.04773064639336,-0.0497996948419142,-2.244338263542847e-15,5.617245319858269e-14,0.0497996948419142,ok,21.95
1.2571204432701741,0.9730484681624365,165.0,92,6,8,-75.97446354669377,-75.84809146206352,-76.2110313613834,-76.05516606997143,0.00567272938163349,1.2222961134537672e-17,-9.496544705530204e-14,0.00567272938163349,ok,13.11
1.2571204432701741,1.0328937646339662,165.0,92,6,8,-75.96935816993339,-75.8497643166034,-76.20549136016334,-76.05740353600329,-0.01175564171300282,-1.3498376111358117e-15,5.0917330267523054e-14,0.01175564171300282,ok,13.09
1.0328937646339662,0.7,165.0,92,6,8,-75.90517678951863,-75.6568646884211,-76.14297846641563,-75.86296274133974,0.14402403572015796,6.01140267509009e-15,8.767017983330843e-15,0.14402403572015796,ok,82.83
1.2571204432701741,0.9184360891594576,165.0,92,6,8,-75.97377203123695,-75.84202734825635,-76.21048856512066,-76.04860634352698,-0.0014343244085925494,-7.617043121995074e-16,-2.0081113426474074e-14,0.0014343244085925494,ok,15.17
1.0990821169362144,0.7,165.0,92,6,8,-75.89482761582008,-75.66960587016885,-76.13002635647406,-75.87528277156048,0.06514575210441874,1.7026316194324283e-15,7.585703323134283e-15,0.06514575210441874,ok,59.9
1.0990821169362144,0.7784650775728821,165.0,92,6,8,-75.9683970866907,-75.74961298550704,-76.2069982907421,-75.958846606374,0.08242000669717664,7.583723810881726e-16,1.1320648216326883e-14,0.08242000669717664,ok,57.07
1.2571204432701741,0.8217302352684964,165.0,92,6,8,-75.95186248175409,-75.81152719433734,-76.18818459382743,-76.0176128164678,0.01642727049164036,-2.0475205828713287e-15,-2.4203402022442197e-14,0.01642727049164036,ok,24.58
1.0990821169362144,0.738001992915057,165.0,92,6,8,-75.93709702560547,-75.71487768342702,-76.17389370998175,-75.92224554949836,0.07370938409339617,4.451362424599096e-16,1.2881063921415345e-14,0.07370938409339617,ok,60.75
0.7784650775728821,0.7,165.0,92,6,8,-75.87377757995021,-75.57965534072262,-76.0619852231919,-75.7288443532178,0.38609152253397844,3.06082282599708e-14,8.091151383698569e-15,0.38609152253397844,ok,135.1
1.17311930899858,0.7,165.0,92,6,8,-75.87921890114762,-75.6856512357439,-76.11145811052896,-75.88993194102105,0.00542043130850383,2.144243703726047e-15,8.125417162261472e-15,0.00542043130850383,ok,48.35
1.3541907073778483,1.0990821169362144,165.0,92,6,8,-75.94002937561952,-75.86248245217216,-76.16645709799134,-76.06591597854445,-0.010768059111147345,6.057745019427644e-16,-2.517987216154825e-14,0.010768059111147345,ok,6.03
1.2571204432701741,0.8682146206261605,165.0,92,6,8,-75.96649931158862,-75.83025082121304,-76.20314055278982,-76.03646355924307,0.008919794326659104,-3.909923126289372e-15,-4.1316539577644615e-14,0.008919794326659104,ok,25.69
1.0328937646339662,0.738001992915057,165.0,92,6,8,-75.94726060668057,-75.70233924979267,-76.18670740596967,-75.91022196647772,0.15293075078420168,5.050741722374678e-15,7.972096656915908e-15,0.15293075078420168,ok,89.64
1.2571204432701741,1.2571204432701741,165.0,92,6,8,-75.92828410454342,-75.84762668888109,-76.15633095367822,-76.05321283943742,-0.0066896572137394375,1.9778369116079496e-14,-1.468168480411338e-13,0.0066896572137394375,ok,20.49
1.3541907073778483,1.17311930899858,165.0,92,6,8,-75.92682898763857,-75.85731360609832,-76.15058050881841,-76.06022098351332,0.006671113340124664,4.759267185577912e-15,-1.912727859460485e-15,0.006671113340124664,ok,9.04
1.2571204432701741,0.7,165.0,92,6,8,-75.85863474665388,-75.70400663370714,-76.08769973076569,-75.90634165978013,-0.03695050958683904,8.981670091835778e-16,1.3419434178099229e-14,0.03695050958683904,ok,39.72
1.3541907073778483,1.0328937646339662,165.0,92,6,8,-75.94928374006366,-75.86571084509922,-76.17727204324525,-76.06920294838737,-0.016915902211714566,3.961769773719891e-15,-1.4099249470756972e-13,0.016915902211714566,ok,9.78
1.2571204432701741,1.17311930899858,165.0,92,6,8,-75.94508973162057,-75.84707782092433,-76.17784493206354,-76.05475881771791,-0.014600993830931698,-8.481993476980851e-15,3.829277877591467e-14,0.014600993830931698,ok,24.54
1.3541907073778483,0.9730484681624365,165.0,92,6,8,-75.9536466817793,-75.86535104332742,-76.18255940286137,-76.06871683415326,0.024062895890163256,1.8419355222337537e-16,4.7259730929832454e-14,0.024062895890163256,ok,14.05
1.3541907073778483,0.8682146206261605,165.0,92,6,8,-75.94443567978438,-75.8489468678565,-76.17423054294419,-76.05203300604775,0.039246401128661394,-3.0506952417960735e-15,-6.758256512057124e-14,0.039246401128661394,ok,15.84
1.3541907073778483,0.7784650775728821,165.0,92,6,8,-75.90581422040822,-75.80417800933975,-76.13552637355473,-76.00748456827709,0.05413375876277593,-1.823175081793666e-15,-2.7412567478723117e-14,0.05413375876277593,ok,22.45
1.3541907073778483,1.2571204432701741,165.0,92,6,8,-75.91105980632902,-75.85248318859972,-76.13015735071605,-76.05385582673202,-0.0060313289701653255,1.1696564618470413e-15,-1.3186470264536862e-14,0.0060313289701653255,ok,11.02
1.3541907073778483,0.8217302352684964,165.0,92,6,8,-75.9292071786406,-75.83069837334128,-76.15904798913199,-76.03372446398969,0.046799736414758736,-4.986737167247964e-15,-4.1405604722554635e-13,0.046799736414758736,ok,20.04
1.4691596244932197,0.738001992915057,165.0,92,6,8,-75.84821904486587,-75.7894923269742,-76.0672481634041,-75.98880000325987,-0.07591656598389278,-1.7641232382616024e-15,1.7764870798913573e-14,0.07591656598389278,ok,10.44
0.8682146206261605,0.7784650775728821,165.0,92,6,8,-75.97873510033784,-75.70492781999627,-76.16417877681788,-75.85649945220386,0.34925390155811353,2.017081002594729e-14,8.856297277947956e-15,0.34925390155811353,ok,138.73
1.4691596244932197,1.2571204432701741,165.0,92,6,8,-75.89689507591774,-75.86195367584926,-76.10344333466243,-76.05807460577512,-0.01419305138856575,-2.351864763613645e-16,-6.569544360334891e-15,0.01419305138856575,ok,8.76
1.4691596244932197,0.9184360891594576,165.0,92,6,8,-75.93136099697335,-75.87931373005493,-76.14843532074288,-76.07859125469706,-0.04726095033363574,3.4329776784937273e-15,2.0791719220761846e-14,0.04726095033363574,ok,12.14
1.4691596244932197,1.3541907073778483,165.0,92,6,8,-75.88212088608716,-75.85391793017028,-76.08339885436027,-76.04742185361766,-0.010186958123003569,2.727731805604615e-15,-1.3957570306346388e-14,0.010186958123003569,ok,9.63
1.2571204432701741,1.0990821169362144,165.0,92,6,8,-75.95924642055108,-75.84869238818183,-76.19427833245416,-76.05670913764196,0.015498641708808485,1.3666087003448511e-15,-2.5252125384660696e-14,0.015498641708808485,ok,36.15
1.4691596244932197,0.9730484681624365,165.0,92,6,8,-75.93373994380211,-75.88386964197582,-76.14986642834538,-76.08311998019755,-0.039857530815403386,-1.4503687750752646e-15,-3.7138191111763236e-14,0.039857530815403386,ok,12.2
1.3541907073778483,0.9184360891594576,165.0,92,6,8,-75.95230131196674,-75.86013404963785,-76.18175892535444,-76.06332571067168,0.031618991246212466,2.6965417666084968e-15,1.2636971599555004e-13,0.031618991246212466,ok,25.84
1.3541907073778483,1.3541907073778483,165.0,92,6,8,-75.89502004717131,-75.8507451681188,-76.10640360684877,-76.04891131163649,-0.008760081411017244,-6.628218426109651e-15,4.4719635273559936e-14,0.008760081411017244,ok,17.54
1.4691596244932197,0.8217302352684964,165.0,92,6,8,-75.90643488514657,-75.85081158446731,-76.12474302543538,-76.05000295056482,-0.06186256420572313,5.44444687365609e-15,3.89829291040597e-14,0.06186256420572313,ok,15.65
1.3541907073778483,0.7,165.0,92,6,8,-75.83394718113183,-75.7234416249258,-76.058966820674,-75.92330599407492,-0.06622460608844666,-9.233053914903351e-14,1.8219312343680523e-12,0.06622460608844666,ok,34.01
1.17311930899858,0.738001992915057,165.0,92,6,8,-75.92171489343484,-75.73070896322099,-76.15546774997759,-75.93657885887872,-0.013564725302728058,-8.337220550069872e-15,-9.268546240937505e-15,0.013564725302728058,ok,66.48
1.4691596244932197,1.17311930899858,165.0,92,6,8,-75.91103589738835,-75.87090023146052,-76.12136453061876,-76.06864828979921,-0.01937051509579436,3.9525660746246625e-16,-1.72069458115565e-14,0.01937051509579436,ok,13.99
1.4691596244932197,1.0328937646339662,165.0,92,6,8,-75.93055884192563,-75.88326812223042,-76.1453984330076,-76.08237451902706,-0.03256744553156678,-4.801638066247241e-16,-1.8420959262942823e-14,0.03256744553156678,ok,16.08
1.17311930899858,0.7784650775728821,165.0,92,6,8,-75.95326450264955,-75.76517920914995,-76.1886180297364,-75.97271953040217,0.021954701983562447,-2.4319861225541023e-15,1.396876500731034e-14,0.021954701983562447,ok,69.5
1.4691596244932197,0.8682146206261605,165.0,92,6,8,-75.92256143951879,-75.86862612781579,-76.1402994784251,-76.06783162289202,-0.0546355038521666,-8.268879692955394e-15,-2.2531711610547457e-13,0.0546355038521666,ok,20.12
1.6101543756409509,0.738001992915057,165.0,92,6,8,-75.8330068923558,-75.81040096200047,-76.0349723815104,-76.00478360267554,-0.056078866729823096,-9.96197973874762e-16,-1.6238653170662911e-13,0.056078866729823096,ok,13.08
1.4691596244932197,0.7784650775728821,165.0,92,6,8,-75.8820046062005,-75.82481767894815,-76.10067503673248,-76.02399956556263,0.06896792258246083,-8.938898845763115e-15,-7.704907263786498e-13,0.06896792258246083,ok,25.15
1.4691596244932197,1.0990821169362144,165.0,92,6,8,-75.92267191982756,-75.87854184123105,-76.13562725338728,-76.07719245847237,0.025627009161697523,-3.905721988634675e-15,4.888981743665691e-14,0.025627009161697523,ok,21.63
0.9730484681624365,0.7784650775728821,165.0,92,6,8,-75.98224427316524,-75.73023683674276,-76.228783745984,-75.9418103919393,0.2772754138296181,1.1672539416971824e-14,9.27334634715497e-15,0.2772754138296181,ok,134.28
1.0328937646339662,0.7784650775728821,165.0,92,6,8,-75.9783615366424,-75.7373261660354,-76.21973426448268,-75.94726373626538,-0.16177191012596742,-4.708560707134607e-15,-6.830645236729223e-15,0.16177191012596742,ok,114.0
1.4691596244932197,0.7,165.0,92,6,8,-75.8040427342776,-75.74346907187953,-76.0235235422519,-75.94319645940675,-0.08300854331815566,3.1138152542439115e-14,1.478635070856185e-14,0.08300854331815566,ok,28.61
1.6101543756409509,0.7,165.0,92,6,8,-75.78780184675688,-75.76490045451779,-75.98981206180723,-75.95918840401376,0.06054166634493902,-2.8449389498396335e-15,-1.0619480228708594e-14,0.06054166634493902,ok,19.07
1.6101543756409509,0.7784650775728821,165.0,92,6,8,-75.86762473169478,-75.84534721094263,-76.06955909750154,-76.03988246497306,-0.051415159483761616,-5.32364504652322e-15,-1.8107728760519673e-13,0.051415159483761616,ok,16.47
1.6101543756409509,0.9184360891594576,165.0,92,6,8,-75.91956602696047,-75.89858355015227,-76.12096268918943,-76.09343409869366,-0.03640710708478886,-1.6095983454761742e-14,-1.2602190825695841e-13,0.03640710708478886,ok,13.44
1.2571204432701741,0.7784650775728821,165.0,92,6,8,-75.93324723613725,-75.78308237951236,-76.16508894503227,-75.9883646085052,-0.021161843849950908,1.4988364941123567e-15,1.695532325767304e-14,0.021161843849950908,ok,62.47
1.3541907073778483,0.738001992915057,165.0,92,6,8,-75.87702779989202,-75.76811904302274,-76.10318423563129,-75.96926715311145,-0.058856613930867364,2.127578064065962e-14,-5.911110052434601e-13,0.058856613930867364,ok,46.6
1.4691596244932197,1.4691596244932197,165.0,92,6,8,-75.86945598423395,-75.84933150412121,-76.06419763584582,-76.03912860278453,-0.006554249847704117,-2.3221653120953768e-15,8.26071991490573e-15,0.006554249847704117,ok,21.31
1.6101543756409509,1.6101543756409509,165.0,92,6,8,-75.85083051042992,-75.84208815518676,-76.03415107336406,-76.02371113695595,0.0005345064283861153,-4.231080966147136e-15,2.9586015059126344e-14,0.0005345064283861153,ok,13.84
1.7925140766422638,0.8217302352684964,165.0,92,6,8,-75.89461779140551,-75.88728777543152,-76.08804795991311,-76.07906886327103,0.019407274133162827,-1.5643237510921506e-15,-1.7526883966959143e-14,0.019407274133162827,ok,9.6
1.6101543756409509,1.2571204432701741,165.0,92,6,8,-75.8903296671981,-75.87382296850433,-76.08584051482273,-76.0652420579254,0.010728027399906383,-6.10664860664602e-15,1.408208951726968e-14,0.010728027399906383,ok,16.19
1.6101543756409509,0.8682146206261605,165.0,92,6,8,-75.90985382101562,-75.88837701684463,-76.11150117203329,-76.08314833732561,-0.04156337268825184,1.1078227578373513e-14,8.244826467022733e-14,0.04156337268825184,ok,19.42
1.7925140766422638,0.7,165.0,92,6,8,-75.78917460245847,-75.78180277354693,-75.98208391519152,-75.97302219197506,0.024910469611106663,-1.9069115904841245e-15,-5.561190806887031e-15,0.024910469611106663,ok,14.9
1.6101543756409509,0.8217302352684964,165.0,92,6,8,-75.89287401604956,-75.87096924843247,-76.0946807646922,-76.06561479274046,-0.04657589153356493,-1.5253056705540653e-14,-2.687240959287338e-13,0.04657589153356493,ok,22.26
1.7925140766422638,0.738001992915057,165.0,92,6,8,-75.83449837857164,-75.8271351795703,-76.02758374235123,-76.01853336841222,-0.023186203265218686,-8.222328671135336e-15,4.5865399921176204e-14,0.023186203265218686,ok,16.56
1.6101543756409509,1.0328937646339662,165.0,92,6,8,-75.92081962441125,-75.90109885307875,-76.12114655954275,-76.09567659212425,0.02587121062203075,1.6129613876997627e-15,1.3263683122278528e-14,0.02587121062203075,ok,21.96
1.6101543756409509,1.17311930899858,165.0,92,6,8,-75.90355991613652,-75.88570449470097,-76.10132066643985,-76.07874228242038,0.0155304061256789,7.856087110567032e-16,8.362325969179822e-15,0.0155304061256789,ok,21.64
1.6101543756409509,1.3541907073778483,165.0,92,6,8,-75.87574191188132,-75.86107621712533,-76.06809527700875,-76.0500568465698,-0.006355326050681606,-1.0079606529304481e-14,7.087489883177018e-15,0.006355326050681606,ok,21.73
1.7925140766422638,1.4691596244932197,165.0,92,6,8,-75.85986897848166,-75.85385931622432,-76.04309207632693,-76.03599444915086,-0.000629513975970079,8.154716564294305e-15,7.856999046175967e-16,0.000629513975970079,ok,9.77
1.6101543756409509,1.4691596244932197,165.0,92,6,8,-75.8617371271676,-75.84963376884677,-76.04991140066983,-76.0352515698353,-0.002542496353605341,3.0919295822212168e-15,-9.684618022691408e-15,0.002542496353605341,ok,21.87
1.7925140766422638,1.0328937646339662,165.0,92,6,8,-75.9230142617283,-75.91585284999157,-76.1161746679178,-76.10752055666488,-0.010716538140532358,-3.038667255243275e-14,-7.257766939247162e-14,0.010716538140532358,ok,13.21
1.6101543756409509,1.0990821169362144,165.0,92,6,8,-75.91406787436352,-75.89517618764975,-76.11337345456597,-76.08920451573997,0.02062499171727592,1.7061663099437498e-15,7.976306793230917e-15,0.02062499171727592,ok,24.55
1.7925140766422638,0.7784650775728821,165.0,92,6,8,-75.8692395757487,-75.86188997592052,-76.06250353935987,-76.05348145488955,-0.021351190193834888,9.396632102848e-15,-2.636955212648695e-14,0.021351190193834888,ok,18.85
2.0510782147427644,0.738001992915057,165.0,92,6,8,-75.84183796969569,-75.83946784545384,-76.03193208205035,-76.02919113012679,-0.00698917825222153,1.152234665500395e-14,1.82646800121087e-15,0.00698917825222153,ok,8.85
1.6101543756409509,0.9730484681624365,165.0,92,6,8,-75.92293299526416,-75.90252776079046,-76.12393976761996,-76.09736598024358,-0.03115856817465601,-2.6970688263829778e-15,-2.6770466462136248e-14,0.03115856817465601,ok,27.27
1.7925140766422638,1.3541907073778483,165.0,92,6,8,-75.87613560775725,-75.86963064325353,-76.06296677669413,-76.05525638854544,0.0014593011952246764,-2.749815820141991e-15,1.0506598800053063e-14,0.0014593011952246764,ok,15.15
1.7925140766422638,1.0990821169362144,165.0,92,6,8,-75.91625604527192,-75.9091772241076,-76.10869440494237,-76.10019798019964,0.008381423888250628,2.6214828617320258e-15,3.877237702740226e-14,0.008381423888250628,ok,18.38
1.7925140766422638,0.9730484681624365,165.0,92,6,8,-75.92505235339455,-75.91782995125371,-76.11855184719087,-76.1097810646878,-0.013003601593379882,1.0706645483419984e-14,3.038516591961899e-14,0.013003601593379882,ok,21.36
1.7925140766422638,1.2571204432701741,165.0,92,6,8,-75.89184904303217,-75.88506117495669,-76.08130456823238,-76.07322259203265,-0.0037053840888952305,8.685013451702758e-15,-6.195065842851932e-15,0.0037053840888952305,ok,19.36
1.7925140766422638,0.8682146206261605,165.0,92,6,8,-75.91173014317907,-75.90442666562066,-76.10529318395977,-76.0963684215248,-0.01736436123031592,3.800265804986528e-15,-1.2723314631560835e-14,0.01736436123031592,ok,22.5
2.0510782147427644,0.7,165.0,92,6,8,-75.79658088697724,-75.79422009746676,-75.986444205828,-75.98372148782721,-0.007566424200357973,1.210147745325883e-14,3.508068576131779e-16,0.007566424200357973,ok,16.0
2.0510782147427644,0.8682146206261605,165.0,92,6,8,-75.91876907542138,-75.91637001148821,-76.10946207304757,-76.10666356744798,-0.0050121662929236,2.500714882076846e-14,6.23655910482765e-15,0.0050121662929236,ok,14.41
1.7925140766422638,0.9184360891594576,165.0,92,6,8,-75.9215715420252,-75.91430330339722,-76.11517338659525,-76.10631839654023,0.015224917839751523,5.936532716156415e-16,2.3209918762186e-14,0.015224917839751523,ok,23.57
1.7925140766422638,1.7925140766422638,165.0,92,6,8,-75.83427451665261,-75.83062551911672,-76.00823522536423,-76.00392846998699,-0.003360697630678344,1.0297746338900015e-14,1.574238559578235e-14,0.003360697630678344,ok,19.72
2.0510782147427644,1.0990821169362144,165.0,92,6,8,-75.92239940992647,-75.91996367058074,-76.1120026829168,-76.10919507090476,0.0018357566570917326,3.2447219679998156e-15,-3.3515069289996475e-15,0.0018357566570917326,ok,11.64
2.0510782147427644,1.2571204432701741,165.0,92,6,8,-75.89682746108987,-75.89439150318667,-76.083348666665,-76.08050238681182,-8.095856465829138e-05,-1.949943837366111e-14,-2.284433074449257e-14,8.095856465829138e-05,ok,11.31
2.0510782147427644,0.7784650775728821,165.0,92,6,8,-75.87649754617689,-75.87411792071973,-76.06683122571324,-76.06407783880465,0.006371775086675447,-1.877604009089245e-14,-2.3475732291132515e-15,0.006371775086675447,ok,17.54
2.0510782147427644,0.9184360891594576,165.0,92,6,8,-75.92846353091066,-75.92605460340931,-76.11918795981808,-76.11641611431928,0.004272018022007832,-1.2206000898872222e-15,-1.3442934789312266e-15,0.004272018022007832,ok,15.91
2.0510782147427644,1.17311930899858,165.0,92,6,8,-75.91125510818291,-75.90881513169944,-76.09964624650154,-76.09682246692041,0.0009662101966139477,-1.872255369166044e-15,-8.978837848481483e-15,0.0009662101966139477,ok,14.09
2.0510782147427644,1.3541907073778483,165.0,92,6,8,-75.88001031714933,-75.87759483915177,-76.06383125252226,-76.06098075466055,0.0008098578762225639,-8.395969552500486e-16,-3.657294832107912e-15,0.0008098578762225639,ok,13.99
1.7925140766422638,1.6101543756409509,165.0,92,6,8,-75.84507368091934,-75.83996046089345,-76.02380466777629,-76.01777237198915,0.0023740265655237385,-1.2317295976893192e-14,4.3370309083527086e-15,0.0023740265655237385,ok,23.67
2.0510782147427644,1.0328937646339662,165.0,92,6,8,-75.92948272994549,-75.9270547671111,-76.1198083428958,-76.1170122597893,-0.002679277111308614,1.5476255097757563e-15,2.196567937682843e-15,0.002679277111308614,ok,16.32
1.2571204432701741,0.738001992915057,165.0,92,6,8,-75.90139930389347,-75.74886119333111,-76.13179649325555,-75.95261391072059,0.029202515949459593,-3.3459978692925226e-15,-1.2700024312241005e-14,0.029202515949459593,ok,88.66
2.0510782147427644,2.0510782147427644,165.0,92,6,8,-75.81905585345164,-75.77955871622223,-75.9839535870402,-75.94613479835525,-0.0009258407456451711,8.660083962572553e-15,6.959291129848159e-15,0.0009258407456451711,ok,13.53
2.5,0.8217302352684964,165.0,92,6,8,-75.90777580950194,-75.90728086971602,-76.09688540182877,-76.09629122704175,-0.0006853920740131879,1.3348259155431357e-14,4.736359609925781e-15,0.0006853920740131879,ok,8.49
2.0510782147427644,0.9730484681624365,165.0,92,6,8,-75.93176002958077,-75.92934126974986,-76.12243435598899,-76.11963123806991,-0.0034942823616713405,1.0000015957683431e-14,8.553145989546691e-15,0.0034942823616713405,ok,18.68
2.5,0.7,165.0,92,6,8,-75.80280177306426,-75.80231786264841,-75.99124934202142,-75.99068226994771,0.0010772417992043648,1.8390938866981333e-15,1.406088931018523e-17,0.0010772417992043648,ok,14.37
2.5,0.9184360891594576,165.0,92,6,8,-75.93424347679813,-75.933739773806,-76.1236123040775,-76.12300096874905,-0.0003747297840919826,-1.3192060555962925e-14,-5.331555863390302e-15,0.0003747297840919826,ok,9.69
2.5,1.17311930899858,165.0,92,6,8,-75.91619209676759,-75.91566867584608,-76.10303364711223,-76.10234457274504,-0.00036145457341644886,9.269191934718335e-16,-1.6276257091709569e-15,0.00036145457341644886,ok,8.24
2.5,0.8682146206261605,165.0,92,6,8,-75.9246671797288,-75.92416826105625,-76.11399403659739,-76.1134014396583,-0.0005392960560641567,1.3957725591979301e-15,4.1723302706728665e-16,0.0005392960560641567,ok,10.36
2.5,0.738001992915057,165.0,92,6,8,-75.84799713753094,-75.84750979965858,-76.03669657657026,-76.03611106049114,0.0009575052147665134,1.586448641881778e-14,4.327307379398624e-15,0.0009575052147665134,ok,15.4
2.0510782147427644,1.7925140766422638,165.0,92,6,8,-75.82904833322468,-75.82717936936288,-75.99896051158524,-75.99675337673246,-0.002991787354672356,3.0174420284979165e-15,-1.619263215159859e-14,0.002991787354672356,ok,18.11
1.7925140766422638,1.17311930899858,165.0,92,6,8,-75.90557677481156,-75.89861430615909,-76.09686723358462,-76.08852367061574,-0.0060313417378261465,-8.144213374022907e-15,-3.60530845632424e-15,0.0060313417378261465,ok,33.41
2.0510782147427644,1.4691596244932197,165.0,92,6,8,-75.8619385455053,-75.85958203466834,-76.04207691904188,-76.03930899263611,0.0016775097511289626,-1.8785501446322534e-14,-5.698832736511759e-15,0.0016775097511289626,ok,22.06
2.0510782147427644,0.8217302352684964,165.0,92,6,8,-75.90177671446625,-75.89938745954079,-76.09236973030339,-76.08959139354302,0.005719286116140327,1.1851015462871512e-14,2.517023638077954e-16,0.005719286116140327,ok,27.02
2.5,0.7784650775728821,165.0,92,6,8,-75.88258307886535,-75.88209202181734,-76.07153171182419,-76.07091032131721,-0.0008245744413963806,1.6085053818378078e-14,5.042892094835639e-15,0.0008245744413963806,ok,17.06
2.5,1.0328937646339662,165.0,92,6,8,-75.93494597203127,-75.93443255929407,-76.12380152540923,-76.12316115297894,2.288670795819788e-05,-1.214271363174201e-14,-5.91956343225537e-15,2.288670795819788e-05,ok,15.02
2.5,1.7925140766422638,165.0,92,6,8,-75.82801494340242,-75.82753205117672,-75.99545591761378,-75.99484333529134,0.0013551330355347866,-5.236457148821631e-15,-5.280024901119609e-16,0.0013551330355347866,ok,11.56
2.5,2.5,165.0,92,6,8,-75.80782550992751,-75.79952934746684,-75.96524479511766,-75.95599458466194,1.4520941720821729e-07,1.00521276124772e-15,-7.108827982135396e-15,1.4520941720821747e-07,ok,11.65
2.68,0.7784650775728821,165.0,92,6,8,-75.88351553848587,-75.88324607451547,-76.07222341069831,-76.07186741878566,-0.00033103108204811686,1.374092535712605e-14,4.491696085023885e-15,0.00033103108204811686,ok,9.65
2.5,0.9730484681624365,165.0,92,6,8,-75.93739826263294,-75.93688988315265,-76.12662702408002,-76.12600844088409,0.00020204680796280863,-1.1511000603338989e-14,-5.0618757304685014e-15,0.00020204680796280863,ok,17.11
2.5,1.3541907073778483,165.0,92,6,8,-75.88390265673777,-75.88337222040687,-76.066072538633,-76.06534871283515,-0.0007771038879318337,1.0965606547499412e-14,9.126478138420486e-16,0.0007771038879318337,ok,16.01
2.5,1.0990821169362144,165.0,92,6,8,-75.92763779822843,-75.92711925237796,-76.11573707387016,-76.11507959675869,-0.0001653861397318498,1.3027155761855268e-15,1.8111019735479637e-15,0.0001653861397318498,ok,17.65
2.68,1.17311930899858,165.0,92,6,8,-75.91696267839167,-75.91667294158691,-76.10351552230668,-76.10307997003834,-0.0003346888973852734,-9.122357662732123e-15,-4.197939784237938e-15,0.0003346888973852734,ok,8.05
2.5,1.6101543756409509,165.0,92,6,8,-75.84558391278156,-75.84506687597454,-76.01896089454262,-76.01827305084589,0.0011877017538544329,1.0911449569422807e-14,6.687602086047938e-15,0.0011877017538544329,ok,15.67
2.68,0.8217302352684964,165.0,92,6,8,-75.90869498867372,-75.90842308515592,-76.09756066652093,-76.09723496207344,0.00025277308224431333,5.327680702983157e-15,1.8887459692869933e-15,0.00025277308224431333,ok,13.36
2.5,1.2571204432701741,165.0,92,6,8,-75.90134210898307,-75.90081427261768,-76.08623612788158,-76.08548828122296,-0.0005666459855342019,-1.9654390587647705e-14,-3.289967903724916e-15,0.0005666459855342019,ok,19.11
2.68,0.7,165.0,92,6,8,-75.80375602932754,-75.80349104374349,-75.99196964824576,-75.99165132053851,-0.0004711271438496249,6.9329203232485385e-15,1.9716828913117104e-15,0.0004711271438496249,ok,15.34
2.68,0.8682146206261605,165.0,92,6,8,-75.92557136831034,-75.92529680254157,-76.11465489953619,-76.11431828331884,-0.000168258626026476,1.3258521530857237e-15,7.208214990728248e-16,0.000168258626026476,ok,15.18
2.0510782147427644,1.6101543756409509,165.0,92,6,8,-75.84419481585267,-75.84198580364276,-76.01958472070682,-76.0169863426469,-0.0024690253831375934,-9.76472337478857e-15,1.4179945531969917e-15,0.0024690253831375934,ok,31.24
2.68,1.0990821169362144,165.0,92,6,8,-75.92844869424248,-75.92816212080484,-76.11627514298796,-76.11587681696629,0.00022288147324500923,3.70543127443473e-15,1.5767797260701076e-15,0.00022288147324500923,ok,13.4
2.86,0.7,165.0,92,6,8,-75.80429857775894,-75.8041531024129,-75.99234537286597,-75.99216235344947,0.00019025605465917451,-1.460692813494746e-15,-4.33405804843025e-16,0.00019025605465917451,ok,8.12
2.68,1.2571204432701741,165.0,92,6,8,-75.90205728683308,-75.90176478788189,-76.08667963246111,-76.08623420164731,-0.0004500095770450267,-1.551214531116522e-15,-5.211004933239336e-16,0.0004500095770450267,ok,14.28
2.68,1.0328937646339662,165.0,92,6,8,-75.93578774867724,-75.93550434433936,-76.12438466055602,-76.12400276441682,-0.00011742169689901607,-5.008366372153688e-15,-1.7631280683446536e-15,0.00011742169689901607,ok,19.83
2.68,2.68,165.0,92,6,8,-75.80621533803503,-75.79527076029659,-75.96244054262273,-75.95473288596087,1.4808646272156624e-06,8.082646896404435e-15,-6.1037156261848e-14,1.4808646272156637e-06,ok,12.78
2.68,1.6101543756409509,165.0,92,6,8,-75.84590787030845,-75.8456183186545,-76.0189653046227,-76.01855969284334,-0.0008054554372425528,1.6460553991328492e-14,1.5587246670055995e-14,0.0008054554372425528,ok,16.65
2.68,0.738001992915057,165.0,92,6,8,-75.84894127422163,-75.84867411808153,-76.03741564019015,-76.03708327226367,0.00040295970102625965,-2.8705671953161196e-15,-9.738213075984197e-16,0.00040295970102625965,ok,23.37
2.86,1.0990821169362144,165.0,92,6,8,-75.92891095889331,-75.92875239481783,-76.1165579338964,-76.11629219861871,-0.0001984796044328794,5.7967775771743175e-15,2.061198157355353e-15,0.0001984796044328794,ok,9.45
2.68,0.9184360891594576,165.0,92,6,8,-75.93513016207754,-75.93485280010871,-76.12425688413235,-76.12390725553014,-7.850151344455242e-05,-3.127943714330859e-14,-1.2294895660170214e-14,7.850151344455242e-05,ok,21.91
2.86,0.738001992915057,165.0,92,6,8,-75.8494780371419,-75.84933128387613,-76.03778937287122,-76.03759921464817,-0.00015398840780898198,-3.22429083176298e-14,-9.5178967009925e-15,0.00015398840780898198,ok,13.74
2.86,1.17311930899858,165.0,92,6,8,-75.91740289627236,-75.91724252292397,-76.10374841139468,-76.10344682769929,-0.00026244056266199817,6.168968947466638e-15,2.07482767809266e-15,0.00026244056266199817,ok,9.18
2.5,2.0510782147427644,165.0,92,6,8,-75.81482234027897,-75.81441951922875,-75.97632165191135,-75.97580548998026,-0.0014108143337027736,-2.8133538304440507e-14,-1.5532405237042958e-14,0.0014108143337027736,ok,26.94
2.86,0.8682146206261605,165.0,92,6,8,-75.92608517291146,-75.92593397454974,-76.11502259923817,-76.1148245141915,-2.9886568428840908e-05,1.4092366033431837e-15,6.066120643360704e-16,2.9886568428840908e-05,ok,13.28
2.86,1.3541907073778483,165.0,92,6,8,-75.8849047986364,-75.88474148274096,-76.0665861025278,-76.06630145353925,0.00039632239067852664,3.216936570482597e-14,9.601823890050318e-15,0.00039632239067852664,ok,9.35
2.68,2.0510782147427644,165.0,92,6,8,-75.81442125517452,-75.81417609043854,-75.97544594632171,-75.97512872167401,-0.0009641110447342402,-1.4098580286746357e-14,3.417439305919975e-15,0.0009641110447342402,ok,17.13
2.68,0.9730484681624365,165.0,92,6,8,-75.9382646383584,-75.93798435291481,-76.12725560647469,-76.12689034942252,1.614090069508166e-05,-6.0828966092382744e-15,-2.3298070872578513e-15,1.614090069508166e-05,ok,23.46
2.86,1.4691596244932197,165.0,92,6,8,-75.86568437612286,-75.86552077624553,-76.04353592492559,-76.04325145156203,-0.00046496320821445077,4.045200888568619e-14,1.0420397830733613e-14,0.00046496320821445077,ok,8.42
2.5,1.4691596244932197,165.0,92,6,8,-75.8648687633243,-75.864340252067,-76.04321597280756,-76.04249762683679,0.00098863393196914,2.1041916359295923e-13,1.6266677955647239e-13,0.00098863393196914,ok,31.66
2.68,1.4691596244932197,165.0,92,6,8,-75.8653835517666,-75.8650892265834,-76.04343666214824,-76.04300607048357,-0.0006902911840104893,1.0174927729623449e-15,-2.230409234684593e-15,0.0006902911840104893,ok,20.92
2.86,0.8217302352684964,165.0,92,6,8,-75.9092174426635,-75.90906785315852,-76.09791666100422,-76.09772516479633,-6.541554134659872e-05,1.1344567881287715e-14,3.88026493878764e-15,6.541554134659872e-05,ok,15.91
2.68,2.5,165.0,92,6,8,-75.8070829605761,-75.80657326412597,-75.96386299429746,-75.96329898194382,-0.0007779832722105026,-1.9907943283784616e-13,-4.7177478837543134e-14,0.0007779832722105026,ok,18.52
2.86,0.9730484681624365,165.0,92,6,8,-75.93875739475385,-75.93860254966316,-76.12757872026805,-76.1273614307112,7.768533468467068e-05,-1.095898722494677e-14,-4.158521206172157e-15,7.768533468467068e-05,ok,14.3
2.86,1.6101543756409509,165.0,92,6,8,-75.84610460675466,-75.84594288420287,-76.01895109155404,-76.01868966925296,-0.000526499457066093,-8.168518022161368e-15,-4.0379502197699556e-15,0.000526499457066093,ok,10.36
0.9184360891594576,0.7784650775728821,165.0,92,6,8,-75.98294644955618,-75.72001395629164,-76.23107075496029,-75.93123563022021,0.3288526378632062,8.636851966678293e-15,7.339243511985287e-15,0.3288526378632062,ok,207.3
2.68,1.3541907073778483,165.0,92,6,8,-75.88453809692075,-75.8842436639335,-76.06640196154302,-76.06595158320111,0.0005700661467702745,-8.649034955135106e-15,-3.7570453529014405e-15,0.0005700661467702745,ok,24.23
2.86,1.0328937646339662,165.0,92,6,8,-75.93626688537654,-75.93611025602334,-76.12468455482144,-76.12445661343956,0.00013926757394925747,7.563380564068795e-15,2.471451465919512e-15,0.00013926757394925747,ok,17.18
2.86,0.9184360891594576,165.0,92,6,8,-75.93563422168641,-75.93548122732996,-76.12458718293485,-76.12438176154288,2.8344936999321257e-05,-5.7195653756494534e-15,-2.043040656375914e-15,2.8344936999321257e-05,ok,19.23
2.86,1.2571204432701741,165.0,92,6,8,-75.90246747358951,-75.90230529109412,-76.08691584692512,-76.08664867881403,0.00032756443982310943,2.1707031971954513e-14,7.005009313878847e-15,0.00032756443982310943,ok,15.84
2.86,0.7784650775728821,165.0,92,6,8,-75.8840456527889,-75.88389745357017,-76.07258620272732,-76.07238351833624,0.00011199674537317752,4.48399690006078e-15,1.6594958217291699e-15,0.00011199674537317752,ok,21.17
3.04,0.7,165.0,92,6,8,-75.80460103593934,-75.8045213102622,-75.99251956326461,-75.9924228655591,6.558057677032896e-05,-1.2777797997270734e-14,-3.6018224845960056e-15,6.558057677032896e-05,ok,10.23
2.68,1.7925140766422638,165.0,92,6,8,-75.82803659429648,-75.82776224963601,-75.99509959717993,-75.9947348210777,-0.0008999629616482442,-6.124613528303642e-15,1.685147132706177e-14,0.0008999629616482442,ok,27.91
3.04,1.17311930899858,165.0,92,6,8,-75.91764918761264,-75.91756072785424,-76.10386789142346,-76.10364108378927,0.0001902067280194899,2.77702480804278e-14,8.708835936523168e-15,0.0001902067280194899,ok,10.98
3.04,0.9730484681624365,165.0,92,6,8,-75.93903142049837,-75.93894636082696,-76.12772766534395,-76.12759589359071,8.049085021085431e-05,-4.289904156527085e-15,-1.5955078607730614e-15,8.049085021085431e-05,ok,12.15
3.04,0.8682146206261605,165.0,92,6,8,-75.92637111275118,-75.92628787200982,-76.11515696051042,-76.1150347717324,3.291691923772372e-05,-1.1932569223986153e-14,-4.155763777834278e-15,3.291691923772372e-05,ok,13.33
2.86,2.86,165.0,92,6,8,-75.8052655731254,-75.80264601832587,-75.9608113015684,-75.95790099243746,3.566564388317195e-08,3.890491345547273e-15,-3.0678696353199195e-14,3.566564388318536e-08,ok,15.89
3.04,1.0990821169362144,165.0,92,6,8,-75.92916886854283,-75.92908146321616,-76.11669001914606,-76.11649116404416,0.00015380041086808928,-6.629299409207003e-15,1.4160843453352221e-14,0.00015380041086808928,ok,14.04
3.04,1.0328937646339662,165.0,92,6,8,-75.93653377349695,-75.93644744423659,-76.1248308080898,-76.12463733305721,0.0001203012615195241,8.828735003655237e-15,3.01751984616018e-15,0.0001203012615195241,ok,14.48
3.04,0.8217302352684964,165.0,92,6,8,-75.90950829883825,-75.90942607712479,-76.09811585561947,-76.09796026910061,4.132849879054509e-06,-2.7213603896815693e-14,-8.906996965686896e-15,4.132849879054509e-06,ok,15.89
2.86,2.68,165.0,92,6,8,-75.80363935242715,-75.80470354215633,-75.95925067281148,-75.96066923705636,-0.0005415399458891803,-1.4522059437751963e-16,-2.1779736199044752e-16,0.0005415399458891803,ok,17.81
2.86,2.0510782147427644,165.0,92,6,8,-75.81422041489016,-75.81406661974952,-75.97495607282367,-75.97473969988131,0.0006483479419060281,-6.171892868905573e-14,-8.226850974923209e-15,0.0006483479419060281,ok,18.78
3.2199999999999998,0.7,165.0,92,6,8,-75.80476651782524,-75.804723421772,-75.99264790957534,-75.99260993570232,-3.0305994108906957e-05,2.3858371824829916e-14,6.895549012426511e-15,3.0305994108906957e-05,ok,9.77
3.04,0.738001992915057,165.0,92,6,8,-75.84977722808416,-75.84969664985576,-76.03795239804826,-76.03784945626708,-4.417500546986396e-05,1.4606228655724312e-14,4.404933991288188e-15,4.417500546986396e-05,ok,17.92
3.04,1.7925140766422638,165.0,92,6,8,-75.82809206564748,-75.8280056843106,-75.99477222666131,-75.9946083821906,-0.00036800317915299105,6.20731067926336e-14,3.643615318987613e-14,0.00036800317915299105,ok,15.06
2.86,1.7925140766422638,165.0,92,6,8,-75.82806808980821,-75.82791355331815,-75.99490208903337,-75.99466648892243,-0.0005794556317722042,1.1434914375034293e-14,2.3613484317956507e-14,0.0005794556317722042,ok,22.15
3.2199999999999998,1.0328937646339662,165.0,92,6,8,-75.93667980811679,-75.93663267324021,-76.1248846453401,-76.12476204261206,-9.546006757661023e-05,-9.639471775747031e-15,-3.1256034813277865e-15,9.546006757661023e-05,ok,6.02
3.04,2.0510782147427644,165.0,92,6,8,-75.8141037113189,-75.81403659143919,-75.97465890033628,-75.97453227831488,1.562170948567469e-05,-1.0532238460253206e-13,-2.7771861634588733e-14,1.562170948567469e-05,ok,17.49
3.2199999999999998,0.738001992915057,165.0,92,6,8,-75.84994083851396,-75.84989702474918,-76.0380228783985,-76.03797843751222,8.808224793977176e-07,1.4006442257196742e-14,4.183754317655637e-15,8.808224793977177e-07,ok,14.54
3.04,0.7784650775728821,165.0,92,6,8,-75.88434081961347,-75.88425960457045,-76.07278747955554,-76.07267047918648,4.340249157402205e-05,3.011644395557235e-14,1.0347713333897457e-14,4.340249157402205e-05,ok,24.14
3.2199999999999998,0.8682146206261605,165.0,92,6,8,-75.92652695958324,-75.9264816039921,-76.1152116077313,-76.11512533011214,4.123903658954605e-05,1.023601166502348e-14,3.3402746983050516e-15,4.123903658954605e-05,ok,11.79
3.2199999999999998,1.2571204432701741,165.0,92,6,8,-75.90282523325635,-75.90277633743563,-76.08704343963271,-76.08688756397675,0.0001562135762446792,1.877694152768165e-14,5.357728311319905e-15,0.0001562135762446792,ok,8.87
3.2199999999999998,0.9730484681624365,165.0,92,6,8,-75.93918119821558,-75.93913466300914,-76.12779747237178,-76.12769196053115,-7.525167367608901e-05,-1.9133656804104258e-14,-5.57016494315201e-15,7.525167367608901e-05,ok,10.84
3.2199999999999998,0.9184360891594576,165.0,92,6,8,-75.9360674488525,-75.93602155371144,-76.12479607676637,-76.12470378716165,-5.86340187886808e-05,-1.0271922727299875e-14,-3.4329035131183036e-15,5.86340187886808e-05,ok,12.3
3.04,3.04,165.0,92,6,8,-75.80457713248691,-75.80321426167944,-75.95967724855177,-75.95815746133208,-7.923915665056553e-07,1.7635309105819234e-14,-1.3351188744419066e-13,7.923915665056667e-07,ok,19.7
3.04,0.9184360891594576,165.0,92,6,8,-75.9359145528551,-75.93583041041278,-76.12474232588006,-76.12461497596438,5.8038628322592796e-05,1.181136397429645e-15,1.9342243735636248e-16,5.8038628322592796e-05,ok,26.27
3.2199999999999998,1.0990821169362144,165.0,92,6,8,-75.92931043981174,-75.92926275192518,-76.11672933229764,-76.11661249016916,-0.000114185207990011,-2.5495087723981232e-14,-7.963914429961023e-15,0.000114185207990011,ok,12.56
3.04,1.4691596244932197,165.0,92,6,8,-75.86585573338382,-75.86576499852578,-76.04357313075626,-76.04338216588857,0.0003120494024003067,2.340257732060529e-14,6.8618644380408614e-15,0.0003120494024003067,ok,25.61
3.2199999999999998,2.0510782147427644,165.0,92,6,8,-75.81406255688168,-75.81400828758301,-75.97451801147436,-75.97441901522768,-0.00027910278485992264,8.063197793047044e-15,-2.487521640749464e-15,0.00027910278485992264,ok,8.92
3.04,1.6101543756409509,165.0,92,6,8,-75.84621895780191,-75.8461292762608,-76.01892843827738,-76.01873923636867,0.00034125562535335113,-8.147147285081048e-16,-5.015556757522067e-17,0.00034125562535335113,ok,25.82
3.2199999999999998,1.4691596244932197,165.0,92,6,8,-75.86595182085173,-75.86590213550863,-76.04357423590224,-76.04342235298,0.00020137003301421374,2.388596652050444e-14,6.5442337077409686e-15,0.00020137003301421374,ok,13.16
3.2199999999999998,0.7784650775728821,165.0,92,6,8,-75.88450231405827,-75.88445781732055,-76.07281493504493,-76.07275197392364,-1.3349169808706549e-05,1.3351088538096044e-14,4.309152507689645e-15,1.3349169808706549e-05,ok,23.65
3.04,2.86,165.0,92,6,8,-75.80476880124185,-75.80495636091754,-75.95998343971142,-75.96018379869197,0.00032039899988149217,9.113241214224479e-14,1.4422288327484704e-14,0.00032039899988149217,ok,28.19
2.86,2.5,165.0,92,6,8,-75.80665891897708,-75.80623546141032,-75.963050620922,-75.96255866556471,0.0005948558895877536,1.4008251645502362e-14,1.1936392412296439e-14,0.0005948558895877536,ok,36.85
3.4,1.17311930899858,165.0,92,6,8,-75.9178593039828,-75.91783327157529,-76.10393155095312,-76.10380041666207,9.382136168782393e-05,3.3302471859091094e-14,9.728332687270401e-15,9.382136168782393e-05,ok,5.97
3.2199999999999998,3.2199999999999998,165.0,92,6,8,-75.80447714689211,-75.80445747474224,-75.9593337252676,-75.9592966661203,0.0001692866462263067,4.581262098002542e-15,-3.713300435168732e-14,0.0001692866462263067,ok,11.46
3.2199999999999998,1.7925140766422638,165.0,92,6,8,-75.82810788156104,-75.82806000645648,-75.99469809999063,-75.99457612838144,-0.0002358603338406205,-1.2678268196643549e-14,-8.605356808642227e-16,0.0002358603338406205,ok,18.11
3.04,2.68,165.0,92,6,8,-75.80335723851005,-75.80367683659532,-75.9586790460018,-75.95939790856434,0.0016648440667005107,-7.99772407948791e-14,1.0237694735534439e-14,0.0016648440667005107,ok,31.5
3.4,0.9184360891594576,165.0,92,6,8,-75.93614963828867,-75.9361249577114,-76.12482012842014,-76.12478460401154,5.0353942446826686e-05,-1.6900298026584303e-14,-5.447516790511929e-15,5.0353942446826686e-05,ok,9.61
3.04,2.5,165.0,92,6,8,-75.80537293380954,-75.80513434530374,-75.96140937639319,-75.96133996637394,0.000818285137139183,-9.053547819428148e-14,-6.348758403871845e-15,0.000818285137139183,ok,32.54
3.04,1.2571204432701741,165.0,92,6,8,-75.90269768079874,-75.90260824566738,-76.08702883146718,-76.08683886849704,0.00023023355571183084,-1.656932983314114e-13,7.5255012227355e-14,0.00023023355571183084,ok,36.37
3.4,1.0328937646339662,165.0,92,6,8,-75.93675890536063,-75.93673350270748,-76.1249027987725,-76.12482120273933,-7.194392702181661e-05,-1.6799202353569296e-15,-3.6812926271596513e-16,7.194392702181661e-05,ok,10.49
3.2199999999999998,2.5,165.0,92,6,8,-75.80492938944822,-75.80459072205072,-75.96084765356825,-75.96078880957108,-0.0008232130673987274,7.257215138247809e-15,3.568007170794822e-16,0.0008232130673987274,ok,17.5
3.4,0.738001992915057,165.0,92,6,8,-75.8500289699442,-75.8500054016186,-76.03807253532288,-76.03805323539163,1.920393925310777e-05,5.4922260863448055e-15,1.819535567154607e-15,1.920393925310777e-05,ok,17.03
3.4,0.7784650775728821,165.0,92,6,8,-75.88458895940808,-75.88456511864459,-76.07285878417325,-76.07283016271046,2.6667670412169322e-05,1.1539413569101078e-14,3.4368602225539584e-15,2.6667670412169322e-05,ok,16.33
3.4,0.8682146206261605,165.0,92,6,8,-75.92661067947532,-75.92658621435552,-76.11526449707124,-76.11522178342082,-4.055585996743261e-05,-1.2994917766462397e-14,-3.1294147424307373e-15,4.055585996743261e-05,ok,15.34
3.4,0.9730484681624365,165.0,92,6,8,-75.93926189062827,-75.93923685591805,-76.12780974493008,-76.12774164751421,6.10593745288975e-05,2.672435195836451e-15,7.283370520220828e-16,6.10593745288975e-05,ok,15.42
3.2199999999999998,1.6101543756409509,165.0,92,6,8,-75.84628428688521,-75.84623488050524,-76.01890327952395,-76.0187540607399,0.00021988334039408584,-8.715617194388733e-15,-2.085553049919862e-15,0.00021988334039408584,ok,26.43
3.4,2.0510782147427644,165.0,92,6,8,-75.8140343429542,-75.81399218861743,-75.97443173825265,-75.97434046125282,0.00020117572916561962,-1.1523416278955838e-14,-2.913527530992491e-15,0.00020117572916561962,ok,7.73
3.4,0.8217302352684964,165.0,92,6,8,-75.90975225762467,-75.9097280918849,-76.09820784103908,-76.0981437947042,3.3615436499118394e-05,-5.0444208420845845e-15,-1.814235439162357e-15,3.3615436499118394e-05,ok,19.37
3.2199999999999998,0.8217302352684964,165.0,92,6,8,-75.90966699840033,-75.9096221962363,-76.09818140591446,-76.0980614223029,2.8282899454674503e-05,-5.524787463411345e-15,-1.9310541302205676e-15,2.8282899454674503e-05,ok,33.12
3.4,3.4,165.0,92,6,8,-75.80432194276119,-75.80431102516238,-75.95903194857122,-75.95899773313033,-0.00011048514724644037,2.247065803076772e-14,-1.8288680593602522e-13,0.00011048514724644037,ok,7.22
3.4,0.7,165.0,92,6,8,-75.80485594465583,-75.80483269117937,-75.99265415347513,-75.99264186790599,9.962368525206523e-06,2.1944470988027062e-14,6.235405862872668e-15,9.962368525206523e-06,ok,21.68
3.4,1.0990821169362144,165.0,92,6,8,-75.92938759547938,-75.9293618149889,-76.11675384999795,-76.11665841202091,8.290851497910171e-05,2.0014811402739953e-14,5.9761096809747434e-15,8.290851497910171e-05,ok,18.64
3.04,1.3541907073778483,165.0,92,6,8,-75.88511175150568,-75.88502156095028,-76.06665720082697,-76.0664585634218,0.00026754494412526157,-2.7029994185778438e-14,-7.783579394366746e-15,0.00026754494412526157,ok,46.26
3.4,1.4691596244932197,165.0,92,6,8,-75.86600569138305,-75.8659787707717,-76.04356279191964,-76.04344894120928,0.00013438784951031992,4.1349292122465275e-14,1.1141239920424765e-14,0.00013438784951031992,ok,14.17
3.4,1.6101543756409509,165.0,92,6,8,-75.8463214487624,-75.84629455740169,-76.0188873146082,-76.01877832437069,-0.00014564271440588994,1.91821549235859e-14,4.8821843827659e-15,0.00014564271440588994,ok,12.93
3.4,1.2571204432701741,165.0,92,6,8,-75.90289557498924,-75.9028691535776,-76.08705029956037,-76.08692151494856,0.00010602781920934678,-4.851862953081152e-15,-1.4500573247801484e-15,0.00010602781920934678,ok,17.02
3.2199999999999998,2.68,165.0,92,6,8,-75.80445523636084,-75.80390959111652,-75.95977724640495,-75.95937153229201,0.0009376763949059846,1.0841025247800172e-13,1.2699369302884352e-15,0.0009376763949059846,ok,34.4
3.2199999999999998,3.04,165.0,92,6,8,-75.80462160939236,-75.80459319073375,-75.95955545334536,-75.95951103534321,0.00020101407953433957,-1.767377865173201e-12,2.696580064167264e-11,0.0002010140795343414,ok,34.31
3.4,1.3541907073778483,165.0,92,6,8,-75.88529111126707,-75.88526439233775,-76.06667187985725,-76.06654568138097,0.00012026374486545315,-2.538253694071048e-15,-6.963946004697101e-16,0.00012026374486545315,ok,25.47
3.4,2.5,165.0,92,6,8,-75.8047675177479,-75.80313280526815,-75.96055971516627,-75.95953196209325,0.0021616749986371857,1.0308928900915844e-13,-1.3343806730328547e-14,0.0021616749986371857,ok,26.55
3.2199999999999998,2.86,165.0,92,6,8,-75.8048632791344,-75.80458963950095,-75.95995374485142,-75.95963382613685,-0.00028144152565641396,3.0923855267722087e-13,6.850335936259043e-14,0.00028144152565641396,ok,47.27
3.4,3.04,165.0,92,6,8,-75.80454523512685,-75.80452811890643,-75.95938333878095,-75.95934301875621,-0.00014613072361569017,1.5918190576416404e-16,-1.4898460591497602e-13,0.00014613072361569017,ok,38.01
3.4,2.68,165.0,92,6,8,-75.8052567405148,-75.8051213587027,-75.96058951913679,-75.96040951471714,-0.00035901911766793196,5.42879183464744e-14,1.4383491749630196e-14,0.00035901911766793196,ok,40.39
3.4,2.86,165.0,92,6,8,-75.80478651085664,-75.80448138952457,-75.9597889034412,-75.9594298057179,-0.0001814422090580383,-9.990035676938406e-14,-2.1730425133436786e-14,0.0001814422090580383,ok,49.68
0.9184360891594576,0.8682146206261605,175.0,92,6,8,-76.01116172846942,-75.76089691402676,-76.26247880717278,-75.97626885251081,0.29892653333460856,6.066653615698311e-15,1.0346621315263115e-14,0.29892653333460856,ok,32.39
0.9730484681624365,0.9730484681624365,175.0,92,6,8,-76.01756506470458,-75.79603082252207,-76.26837995426266,-76.01633725971546,0.19969549676781542,1.1391160327872313e-15,-3.2182661535546936e-14,0.19969549676781542,ok,12.31
0.9730484681624365,0.8682146206261605,175.0,92,6,8,-76.0107903342772,-75.77169786263826,-76.26201011447961,-75.98830450365786,-0.23977430691547985,-1.1755869674482644e-14,-1.809798543750375e-14,0.23977430691547985,ok,22.46
0.9730484681624365,0.9184360891594576,175.0,92,6,8,-76.01744109605632,-75.78565325970177,-76.26841153977504,-76.00435528815768,-0.2280877928239529,-1.61238582735539e-14,-1.714594327205037e-14,0.2280877928239529,ok,19.93
3.4,3.2199999999999998,165.0,92,6,8,-75.80439956797862,-75.80438539828363,-75.95915211768934,-75.95911432697193,-0.0001297018198132659,2.2968288116372285e-12,-3.5453538144457715e-11,0.0001297018198132708,ok,58.27
0.9184360891594576,0.9184360891594576,175.0,92,6,8,-76.01749175257649,-75.77494899385647,-76.26888187869989,-75.99229664559465,0.2796194249434969,-2.8053572283059788e-15,-1.2545131237569618e-14,0.2796194249434969,ok,40.08
0.8682146206261605,0.8682146206261605,175.0,92,6,8,-76.00567938131799,-75.74729422204045,-76.25658349163363,-75.9609774564311,0.33542203704441803,-1.5908680042705294e-15,-6.641836481094391e-15,0.33542203704441803,ok,53.26
0.9730484681624365,0.8217302352684964,175.0,92,6,8,-75.99681105630185,-75.75178166343647,-76.24771593272347,-75.96683569584312,0.24321529893172564,7.696339582255584e-15,9.15317915788589e-15,0.24321529893172564,ok,34.21
0.738001992915057,0.7,175.0,92,6,8,-75.8401561419667,-75.54125264410452,-76.05982007018275,-75.71815092558683,0.39240151132137696,3.261465098031883e-14,4.4832406562315205e-15,0.39240151132137696,ok,63.69
0.738001992915057,0.738001992915057,175.0,92,6,8,-75.8813470541441,-75.58656135395493,-76.1183898612824,-75.77934181881048,0.38842915443961473,1.7202005213158947e-15,-3.116294820560197e-15,0.38842915443961473,ok,69.02
1.0328937646339662,0.9730484681624365,175.0,92,6,8,-76.01167160867442,-75.80598079341966,-76.26140910940985,-76.02498768822734,0.15018273010384786,-2.0122513507015667e-14,9.550220255268386e-14,0.15018273010384786,ok,13.4
0.9184360891594576,0.738001992915057,175.0,92,6,8,-75.9470370304432,-75.680845883769,-76.19514575400864,-75.89108964441506,-0.32106692178134394,-5.6186527133712175e-14,-1.0050638676348038e-14,0.32106692178134394,ok,64.12
1.0328937646339662,0.9184360891594576,175.0,92,6,8,-76.01155695069426,-75.79644996908222,-76.26160636004647,-76.01369883780556,-0.16082565602667748,-1.5703939433954394e-14,-3.0339931903735985e-14,0.16082565602667748,ok,18.13
1.0328937646339662,0.8682146206261605,175.0,92,6,8,-76.0048486568025,-75.78276719768337,-76.2549081161424,-75.99827521797874,-0.1627031633770638,-2.826448296109495e-14,-2.3375196910760455e-14,0.1627031633770638,ok,20.94
0.7,0.7,175.0,92,6,8,-75.79914071478291,-75.49608232204989,-76.03489127596644,-75.6876304440531,0.3974797453009418,5.929402334439739e-17,-2.474356117214462e-15,0.3974797453009418,ok,78.29
0.8217302352684964,0.8217302352684964,175.0,92,6,8,-75.98342049200667,-75.70882041536021,-76.23330307766655,-75.92093370698919,0.35865918057732604,-1.0644254820729283e-16,-5.763713268521196e-15,0.35865918057732604,ok,78.68
1.0328937646339662,1.0328937646339662,175.0,92,6,8,-76.00580680647838,-75.81407842306868,-76.25479799454871,-76.03337726734588,0.12475354303915433,-4.683869473109792e-15,1.0018839111671939e-13,0.12475354303915433,ok,24.21
1.0990821169362144,0.8682146206261605,175.0,92,6,8,-75.99365939870287,-75.7960898926548,-76.24179707336552,-76.00896975848701,-0.08684084505704628,-9.134345379544905e-14,-2.0365567151457194e-14,0.08684084505704628,ok,17.9
1.0990821169362144,0.9730484681624365,175.0,92,6,8,-76.00039323514727,-75.81766310729449,-76.24854134544789,-76.03333251991775,-0.09195314517595404,2.2956789796550287e-14,1.923693334129301e-13,0.09195314517595404,ok,15.31
1.0990821169362144,0.9184360891594576,175.0,92,6,8,-76.00036605096467,-75.80924505842702,-76.24861488255438,-76.02343065371878,0.09121052615901509,1.9013946455172687e-14,6.763778720469657e-14,0.09121052615901509,ok,18.03
1.0328937646339662,0.8217302352684964,175.0,92,6,8,-75.99070899072731,-75.76297106744363,-76.24044903899137,-75.97713136089544,0.16033422364169997,2.2841295752585286e-14,1.1229213355530437e-14,0.16033422364169997,ok,40.29
1.0990821169362144,1.0990821169362144,175.0,92,6,8,-75.98315902004563,-75.82932862635217,-76.22988927169828,-76.04546879062356,0.06807411510198566,-1.2559001277354033e-15,2.4388705927082914e-14,0.06807411510198566,ok,13.92
0.7784650775728821,0.7784650775728821,175.0,92,6,8,-75.94197519601464,-75.65655643529527,-76.18032537865001,-75.85156070376324,0.37613508726054257,-8.024285004898749e-16,-4.930035220313671e-15,0.37613508726054257,ok,97.12
1.0990821169362144,0.8217302352684964,175.0,92,6,8,-75.97945813763221,-75.77655775607074,-76.22726155769664,-75.98845742505388,-0.08078051518928679,-2.8422789240249803e-13,8.150744743531696e-15,0.08078051518928679,ok,33.21
0.7784650775728821,0.738001992915057,175.0,92,6,8,-75.91157432498342,-75.62149782128661,-76.12233878980659,-75.7910583712667,-0.3813764093336303,4.366973024590438e-14,-1.0409625950018323e-15,0.3813764093336303,ok,101.39
0.7784650775728821,0.7,175.0,92,6,8,-75.870208918473,-75.57606173386958,-76.05590443342498,-75.72325758780607,-0.3837833006318348,-2.848467028166376e-14,-5.893067788083591e-15,0.3837833006318348,ok,106.34
0.8217302352684964,0.7784650775728821,175.0,92,6,8,-75.96264248911282,-75.6826723090912,-76.16040678478743,-75.84237209477638,0.3657952732878871,4.928617891658824e-14,7.24039820617649e-15,0.3657952732878871,ok,105.02
1.0990821169362144,1.0328937646339662,175.0,92,6,8,-75.9944660083116,-75.82346454811207,-76.24213889614843,-76.04022458680558,-0.08551966164648114,9.655104513946434e-15,5.773115234131041e-14,0.08551966164648114,ok,30.77
1.17311930899858,0.8682146206261605,175.0,92,6,8,-75.97736929123454,-75.811992677878,-76.22307010992506,-76.0217958352587,-0.02681841905485876,1.3683332265989573e-14,-5.143733551526295e-14,0.02681841905485876,ok,32.01
0.9184360891594576,0.7,175.0,92,6,8,-75.90530791575581,-75.6352694599356,-76.1524286509925,-75.84409996608703,0.3166552281005901,1.1837307758888338e-13,1.555074018440107e-14,0.3166552281005901,ok,117.55
1.17311930899858,1.0328937646339662,175.0,92,6,8,-75.97830992040961,-75.83531644443892,-76.22403698698211,-76.048014671138,-0.04320063225678223,-1.7578670819331763e-15,2.8325425150854613e-14,0.04320063225678223,ok,22.22
1.17311930899858,0.9184360891594576,175.0,92,6,8,-75.98416273020618,-75.82447225248596,-76.23008061133879,-76.03511280961148,0.0340167391104407,1.578590818173107e-14,-4.039390306592715e-14,0.0340167391104407,ok,29.5
0.9730484681624365,0.7784650775728821,175.0,92,6,8,-75.97685903105447,-75.7265504496324,-76.22470243530401,-75.93895083892978,0.2695497891860876,1.9139502116629004e-14,4.9158827808815166e-15,0.2695497891860876,ok,104.51
1.17311930899858,1.17311930899858,175.0,92,6,8,-75.95117042905045,-75.84074128768587,-76.1948836053206,-76.05258005262866,-0.03022921789070932,3.1504487225456983e-15,-6.990742808141612e-14,0.03022921789070932,ok,18.98
1.0328937646339662,0.738001992915057,175.0,92,6,8,-75.9428398699114,-75.69973424046466,-76.18343368966764,-75.9088293914548,0.14141536478852929,-6.536951765004536e-15,1.6811547731381798e-14,0.14141536478852929,ok,80.53
1.17311930899858,1.0990821169362144,175.0,92,6,8,-75.96707506201894,-75.83747813364894,-76.21214435912356,-76.05056613955547,-0.040933985567416405,-1.5705523493412903e-15,1.926073835914806e-14,0.040933985567416405,ok,27.07
1.17311930899858,0.8217302352684964,175.0,92,6,8,-75.96308016886596,-75.79284141343764,-76.20835828382768,-76.00206650987687,-0.019209442432653795,1.0369919289131816e-14,-2.634593325636111e-14,0.019209442432653795,ok,38.81
1.17311930899858,0.9730484681624365,175.0,92,6,8,-75.98422880005992,-75.83169759915523,-76.2301848273633,-76.04338207817571,-0.03998048517432925,2.930789396110438e-15,5.836725799912843e-14,0.03998048517432925,ok,33.91
0.8682146206261605,0.8217302352684964,175.0,92,6,8,-75.99573440960621,-75.7276409370761,-76.17880778895649,-75.8751195809455,0.34299512806824795,8.565594324161905e-15,6.034311469941759e-15,0.34299512806824795,ok,129.65
1.0990821169362144,0.7,175.0,92,6,8,-75.88993670434787,-75.66757572611425,-76.12661301570681,-75.87465161036893,0.05466374937167339,-5.058518872517121e-14,1.4937961443275488e-14,0.05466374937167339,ok,75.76
1.17311930899858,0.738001992915057,175.0,92,6,8,-75.91599297703917,-75.72914082247966,-76.15172446757131,-75.93660511556972,-0.003902928089300303,-6.7627560099447515e-15,-1.2179261047070231e-14,0.003902928089300303,ok,54.16
1.2571204432701741,0.9184360891594576,175.0,92,6,8,-75.96333621383876,-75.8414942704647,-76.20623616162109,-76.04871855678115,0.009122497383425902,1.2359915097206883e-15,1.1320981031544455e-13,0.009122497383425902,ok,19.19
1.2571204432701741,0.8682146206261605,175.0,92,6,8,-75.95632734353441,-75.82968151478188,-76.19904108101119,-76.03642121680579,0.017385942722198212,-5.7603480313872886e-15,-1.1920540739164342e-13,0.017385942722198212,ok,21.88
1.0990821169362144,0.738001992915057,175.0,92,6,8,-75.93215389503715,-75.71285743287217,-76.17041633797092,-75.9216284903649,-0.06332198356904184,-2.196974762905938e-14,-8.051378034144102e-15,0.06332198356904184,ok,83.33
0.8217302352684964,0.738001992915057,175.0,92,6,8,-75.93207884729794,-75.64750669144163,-76.10805222420973,-75.78770209255107,-0.3684007283991004,-2.820720446844388e-15,-3.914124207785667e-15,0.3684007283991004,ok,148.45
1.3541907073778483,0.8682146206261605,175.0,92,6,8,-75.93129786655379,-75.8480885760646,-76.16943235334548,-76.05200095412948,0.05003005173736068,-2.1406807909911688e-14,2.614618763372054e-13,0.05003005173736068,ok,12.6
1.2571204432701741,1.17311930899858,175.0,92,6,8,-75.93141265355979,-75.84705540978803,-76.17244141130664,-76.05558975764282,-0.011434417713490401,-4.1455509999910984e-16,1.3567714542267253e-14,0.011434417713490401,ok,25.97
1.2571204432701741,0.9730484681624365,175.0,92,6,8,-75.9636353715749,-75.8476337801072,-76.20659492897458,-76.05546044378194,0.0011060798756924034,-2.5000373827243398e-15,3.830191074013352e-14,0.0011060798756924034,ok,29.68
1.2571204432701741,1.0990821169362144,175.0,92,6,8,-75.94697612310351,-75.8485224499305,-76.18927452854086,-76.05737880247678,0.010996173614597031,-1.2476361259002923e-13,-9.00751385080594e-16,0.010996173614597031,ok,28.54
1.2571204432701741,1.2571204432701741,175.0,92,6,8,-75.9122169941628,-75.84757948928149,-76.14981251676299,-76.0541982924323,-0.004126207535960415,4.646915337057196e-16,-1.004248329953831e-14,0.004126207535960415,ok,26.59
1.0990821169362144,0.7784650775728821,175.0,92,6,8,-75.96339401657931,-75.74761443058469,-76.2033687102461,-75.95819221561992,0.07211909748586115,-1.8690842145259193e-13,3.4425149077688234e-14,0.07211909748586115,ok,91.51
1.3541907073778483,0.8217302352684964,175.0,92,6,8,-75.91673433561478,-75.82953910496633,-76.15429807312609,-76.03371255591412,-0.05806814985384243,-8.01016777095338e-15,6.695561587358585e-14,0.05806814985384243,ok,21.66
1.3541907073778483,0.9184360891594576,175.0,92,6,8,-75.93865127584353,-75.85936504850719,-76.17684940809136,-76.06339820235117,0.04148040640812344,-8.288198249518753e-15,-1.3147837000872372e-12,0.04148040640812344,ok,18.96
1.3541907073778483,1.3541907073778483,175.0,92,6,8,-75.87368998530023,-75.85173333880351,-76.08525704085075,-76.04997506413982,-0.021334387666457677,1.941023137809227e-15,-4.4530964712107905e-14,0.021334387666457677,ok,9.51
1.3541907073778483,1.17311930899858,175.0,92,6,8,-75.90925545668412,-75.85689167825126,-76.14279515543457,-76.06095960965037,-0.012244869635574543,1.0077413635691833e-15,-4.8000824484177417e-14,0.012244869635574543,ok,9.97
1.17311930899858,0.7,175.0,92,6,8,-75.87355825139481,-75.68406077807089,-76.10783607094501,-75.88996674794866,-0.004453538187911624,-3.5950529007656634e-14,1.1229026160139349e-14,0.004453538187911624,ok,82.01
1.0328937646339662,0.7784650775728821,175.0,92,6,8,-75.97389164196889,-75.73471805250696,-76.21633620725503,-75.9458649899322,-0.15013715747773515,-2.4745567456115505e-14,-8.016576249894636e-15,0.15013715747773515,ok,119.0
1.2571204432701741,1.0328937646339662,175.0,92,6,8,-75.95795247096187,-75.84943312496343,-76.20077737589551,-76.05786903902778,0.006025373674102032,-1.1540730033999568e-13,2.1002097304379144e-13,0.006025373674102032,ok,42.67
1.2571204432701741,0.8217302352684964,175.0,92,6,8,-75.94191701780099,-75.8108908065238,-76.1840962033102,-76.01744200964993,0.025452492920427255,-7.117694592279561e-15,-3.8709640659735534e-14,0.025452492920427255,ok,46.66
1.4691596244932197,0.8217302352684964,175.0,92,6,8,-75.88887687067232,-75.8492601285507,-76.1148718390534,-76.04990204225606,0.08044547225642656,1.3022409046091079e-13,-1.4107897501244565e-12,0.08044547225642656,ok,11.39
1.4691596244932197,0.9730484681624365,175.0,92,6,8,-75.91441012375955,-75.8830536298509,-76.1359596245747,-76.08312464297528,0.055061295807803376,-1.5662648517004554e-15,2.4947568491992875e-14,0.055061295807803376,ok,8.02
1.3541907073778483,0.738001992915057,175.0,92,6,8,-75.8681156540872,-75.76684295047036,-76.09877675180465,-75.9702733168005,-0.07077530487267696,-3.8036736622459196e-13,1.831181181485719e-12,0.07077530487267696,ok,39.64
1.3541907073778483,1.0328937646339662,175.0,92,6,8,-75.93425177800145,-75.86507485501147,-76.17168444906825,-76.06954682196732,-0.024405390967266058,5.984753470262824e-15,-6.298595176984793e-14,0.024405390967266058,ok,27.93
1.3541907073778483,1.2571204432701741,175.0,92,6,8,-75.89146870295663,-75.85234222899453,-76.11818352105698,-76.05472527379116,-0.013630505019628071,-1.9768263616243014e-15,2.4903536748851743e-14,0.013630505019628071,ok,19.56
1.3541907073778483,1.0990821169362144,175.0,92,6,8,-75.923940701652,-75.86193412994353,-76.16021724458868,-76.06645549687953,-0.01699951498969208,2.9254441681126744e-16,-1.5679851498027252e-14,0.01699951498969208,ok,29.43
1.4691596244932197,0.8682146206261605,175.0,92,6,8,-75.90439977900128,-75.86732740018924,-76.12937813051546,-76.0677307965021,-0.07215179858390963,-7.599210347789748e-14,2.1477502645771383e-12,0.07215179858390963,ok,17.11
1.4691596244932197,1.4691596244932197,175.0,92,6,8,-75.855368222624,-75.85181482518968,-76.04528941269793,-76.04056834818739,0.007511187872983251,7.428135898966798e-16,-1.6938961851914535e-14,0.007511187872983251,ok,9.55
1.3541907073778483,0.7,175.0,92,6,8,-75.82513467373434,-75.72212829211242,-76.05463498435702,-75.9242652757867,0.07860154083120396,-9.332691100088409e-15,-1.9382309308301037e-14,0.07860154083120396,ok,50.71
1.4691596244932197,1.3541907073778483,175.0,92,6,8,-75.86362025952175,-75.8564384376609,-76.05915343684843,-76.04885928727742,0.015368217118778203,-3.709303003517032e-15,1.652716965652518e-14,0.015368217118778203,ok,10.87
1.2571204432701741,0.7,175.0,92,6,8,-75.85181857419707,-75.70266809411405,-76.08377751818647,-75.90689617308772,0.047146970836827756,-3.3312608207615994e-14,-1.1348614061476095e-14,0.047146970836827756,ok,75.53
1.4691596244932197,0.7,175.0,92,6,8,-75.79427272038527,-75.74159769494312,-76.01950394279162,-75.94078529104173,0.1020872479610974,-3.4121306842088413e-12,1.1978233684092533e-11,0.1020872479610974,ok,31.8
1.17311930899858,0.7784650775728821,175.0,92,6,8,-75.94746847382264,-75.76364846634377,-76.18473565774038,-75.97272467608131,0.012490745793271939,-2.1176836350846474e-15,1.7012747214930612e-14,0.012490745793271939,ok,97.58
1.4691596244932197,1.0328937646339662,175.0,92,6,8,-75.91059804460636,-75.88280312377577,-76.12929166399165,-76.08252533839702,0.046629858513138625,-2.363079220713027e-14,8.206025626249428e-15,0.046629858513138625,ok,22.56
1.4691596244932197,0.7784650775728821,175.0,92,6,8,-75.86541886328709,-75.82269395991392,-76.09220035958161,-76.02404582176563,-0.08844839703299662,3.6566216937973655e-14,4.17046590926819e-14,0.08844839703299662,ok,27.98
1.4691596244932197,0.9184360891594576,175.0,92,6,8,-75.9126265299725,-75.87824018663791,-76.13618024399571,-76.07850468890018,0.06363733239017255,-2.9230621271037936e-15,4.459710979318386e-14,0.06363733239017255,ok,23.85
1.6101543756409509,0.738001992915057,175.0,92,6,8,-75.81674407625599,-75.81199292072255,-76.01265118462497,-76.00540128469962,0.039817075029460025,-2.941243844109159e-15,-1.2707601079795268e-14,0.039817075029460025,ok,15.1
1.3541907073778483,0.7784650775728821,175.0,92,6,8,-75.90019822775946,-75.80089914022611,-76.1320430042938,-76.00563648515941,-0.06257460769229177,7.458193694758698e-15,3.284640018903945e-14,0.06257460769229177,ok,53.17
1.6101543756409509,0.7784650775728821,175.0,92,6,8,-75.85154144654689,-75.84692428247735,-76.04747099265607,-76.04047398087846,-0.03647045805057325,1.9011464531867312e-14,1.517998469565171e-13,0.03647045805057325,ok,16.94
1.3541907073778483,0.9730484681624365,175.0,92,6,8,-75.93939444280144,-75.86464553917095,-76.17738343074217,-76.06891587675271,0.03281294929244701,-6.97514602042362e-15,-1.118938691499003e-13,0.03281294929244701,ok,45.51
1.2571204432701741,0.7784650775728821,175.0,92,6,8,-75.92626096190209,-75.78182359776508,-76.16087702065553,-75.98887016612049,-0.030733835820338062,-7.0483249547349285e-15,2.3074410228921652e-14,0.030733835820338062,ok,69.31
1.6101543756409509,0.7,175.0,92,6,8,-75.77138440900134,-75.76651769632493,-75.96726368959894,-75.95979423483915,-0.0429907875668904,4.61070755885596e-15,-1.1140343236448138e-13,0.0429907875668904,ok,19.28
1.2571204432701741,0.738001992915057,175.0,92,6,8,-75.89450601400497,-75.74755538532479,-76.12777255070695,-75.95318721169244,0.03909692393536442,1.7027640649144805e-15,-2.047565472595945e-14,0.03909692393536442,ok,86.33
1.4691596244932197,1.2571204432701741,175.0,92,6,8,-75.87627198438068,-75.86372160441243,-76.07860066492258,-76.05920679489522,-0.023670590139067794,-3.2629304855830016e-16,-8.030668786340997e-15,0.023670590139067794,ok,24.37
1.6101543756409509,0.8217302352684964,175.0,92,6,8,-75.87700133021842,-75.87254181981629,-76.07293539875306,-76.06623307999737,0.03294944324890872,-2.009158526864649e-14,-1.0242968822888697e-13,0.03294944324890872,ok,15.27
1.4691596244932197,0.738001992915057,175.0,92,6,8,-75.8376114426102,-75.78616243102456,-76.06386224070617,-75.9865746236865,0.0944686371904782,5.022421556385784e-09,-2.1649643659696408e-08,0.09446863719048082,ok,43.29
1.6101543756409509,1.17311930899858,175.0,92,6,8,-75.8903784077856,-75.88739762887796,-76.08361458397646,-76.07954116057387,0.011035235062806334,-3.550261080858295e-15,8.508150912879744e-15,0.011035235062806334,ok,11.77
1.6101543756409509,1.0328937646339662,175.0,92,6,8,-75.90631546488326,-75.90272060216682,-76.10148758573047,-76.0963939917575,0.018123301442740908,-8.314485582357156e-15,7.009378944164786e-15,0.018123301442740908,ok,19.31
1.6101543756409509,1.6101543756409509,175.0,92,6,8,-75.84469727556166,-75.843594928532,-76.02619423167266,-76.02482835694286,-0.00047467561361226856,2.6673634395288964e-16,-6.3235227555918486e-15,0.00047467561361226856,ok,14.13
1.6101543756409509,0.9184360891594576,175.0,92,6,8,-75.90424606788699,-75.90016758709129,-76.10004103326189,-76.09406047081374,0.025592254405542057,2.465796131669008e-15,1.4841289263327003e-14,0.025592254405542057,ok,20.9
0.9730484681624365,0.7,175.0,92,6,8,-75.90617606052963,-75.64416643591078,-76.14838581351445,-75.85161494845485,0.22329437723124476,1.938783379235105e-14,5.214176749484632e-15,0.22329437723124476,ok,186.57
1.6101543756409509,1.4691596244932197,175.0,92,6,8,-75.85303107432844,-75.85137955607387,-76.03846440879464,-76.03638516932462,-0.002412337258661668,-1.2012359640634498e-15,-6.802988932274288e-16,0.002412337258661668,ok,17.57
1.7925140766422638,0.738001992915057,175.0,92,6,8,-75.8285746054632,-75.82766052749274,-76.02003199310872,-76.01888386661393,-0.009543442013024601,2.6972067138956067e-15,4.7715964420912635e-15,0.009543442013024601,ok,14.79
1.4691596244932197,1.17311930899858,175.0,92,6,8,-75.89005683641481,-75.87170830895968,-76.09915026183886,-76.0693763909937,-0.03113630727417116,9.106066518113299e-15,3.0332780257201756e-14,0.03113630727417116,ok,37.54
1.7925140766422638,0.9184360891594576,175.0,92,6,8,-75.91575453605937,-75.91485375338678,-76.10777641063518,-76.10665422956218,0.0064381434379794196,-4.4232339941791493e-14,-5.1369093674635316e-14,0.0064381434379794196,ok,13.46
1.6101543756409509,0.9730484681624365,175.0,92,6,8,-75.90797787507618,-75.90412718973467,-76.10360776812385,-76.09804477714745,-0.021842586058903882,-1.9266242409986393e-14,-2.7963694835664804e-14,0.021842586058903882,ok,24.55
1.7925140766422638,0.7,175.0,92,6,8,-75.78324709387677,-75.78233217546874,-75.9745166889402,-75.97337544281221,-0.010207168849828856,1.9876148638018077e-15,2.5969963254325893e-14,0.010207168849828856,ok,18.12
1.6101543756409509,1.2571204432701741,175.0,92,6,8,-75.87816896805695,-75.87556689576626,-76.06965358369817,-76.06621304047118,-0.007809754088836919,-7.665735399384857e-16,-2.3923465860155576e-15,0.007809754088836919,ok,21.22
1.7925140766422638,0.8682146206261605,175.0,92,6,8,-75.90587058803852,-75.90496478851261,-76.09783542535047,-76.09670079390575,0.00727685041026709,-3.067602726719652e-16,5.1582417734304504e-15,0.00727685041026709,ok,17.72
1.6101543756409509,1.3541907073778483,175.0,92,6,8,-75.86502050517785,-75.86285869042695,-76.0539068073674,-76.05112785377062,0.004910127998995552,9.006831216279088e-16,1.6554282022504984e-15,0.004910127998995552,ok,21.86
1.7925140766422638,0.8217302352684964,175.0,92,6,8,-75.88872736324653,-75.88781732367613,-76.08055828601034,-76.07941560344395,0.008077329263819566,-8.153074100560483e-15,-1.5646638867667994e-14,0.008077329263819566,ok,18.1
1.6101543756409509,0.8682146206261605,175.0,92,6,8,-75.8942320923431,-75.88995249014906,-76.09016258918804,-76.08380074731588,-0.02930242189616701,-5.254639459032467e-13,-1.7840194397148389e-12,0.02930242189616701,ok,29.39
1.7925140766422638,0.7784650775728821,175.0,92,6,8,-75.86332774627229,-75.86241548795545,-76.05497767211169,-76.05383081252369,-0.00883072377999275,4.100407900343257e-15,8.09854628959157e-15,0.00883072377999275,ok,18.48
1.6101543756409509,1.0990821169362144,175.0,92,6,8,-75.90013567916246,-75.89682874260166,-76.09457004608427,-76.08999010285272,0.014494493051569263,-6.703581971508072e-16,1.7696474015530687e-14,0.014494493051569263,ok,27.11
1.7925140766422638,1.7925140766422638,175.0,92,6,8,-75.83198285204196,-75.83155949728018,-76.00532692011673,-76.00480996606552,0.0010658894720846066,-3.550602643557482e-16,6.412665663967968e-15,0.0010658894720846066,ok,7.03
1.4691596244932197,1.0990821169362144,175.0,92,6,8,-75.90209779554199,-75.87859069031916,-76.1167412690521,-76.07757635795541,0.038614001838495185,-4.756118987862233e-16,1.197988844152717e-14,0.038614001838495185,ok,44.41
1.7925140766422638,0.9730484681624365,175.0,92,6,8,-75.91929183271517,-75.91839762607206,-76.11123921352684,-76.11013849908753,0.005560148010773466,2.498367017915238e-14,2.2320429601140906e-14,0.005560148010773466,ok,17.54
1.7925140766422638,1.4691596244932197,175.0,92,6,8,-75.855526759065,-75.85480273960655,-76.03761922975305,-76.03670822427164,0.00010601075932084982,1.6501452457531606e-14,-1.2316278678123042e-15,0.00010601075932084982,ok,9.73
1.7925140766422638,1.17311930899858,175.0,92,6,8,-75.90014216984017,-75.89928587697807,-76.0900393507394,-76.088985591196,-0.0027928383063851054,-2.195911472551826e-15,-1.726699328478961e-15,0.0027928383063851054,ok,18.86
1.7925140766422638,1.0990821169362144,175.0,92,6,8,-75.91067466151388,-75.90980177011224,-76.10168398248842,-76.10062030252443,0.0037265310321241757,-5.359396543602081e-15,-4.677109872276388e-16,0.0037265310321241757,ok,20.18
1.7925140766422638,1.2571204432701741,175.0,92,6,8,-75.88663112102103,-75.88579973797934,-76.07477488488792,-76.07375593984698,0.0018638813611945994,1.3499741476649302e-14,5.836447759089572e-17,0.0018638813611945994,ok,15.96
1.7925140766422638,1.0328937646339662,175.0,92,6,8,-75.91732928640944,-75.91644420789723,-76.10901764030719,-76.10793724178043,0.004655482792608784,4.955537823677666e-15,5.112308129851387e-15,0.004655482792608784,ok,21.56
1.7925140766422638,1.3541907073778483,175.0,92,6,8,-75.87125332476072,-75.8704616331177,-76.05682309180061,-76.05583207262093,-0.0009561235503203528,-2.3718299692893662e-15,-1.0613781414727552e-15,0.0009561235503203528,ok,17.68
2.0510782147427644,0.738001992915057,175.0,92,6,8,-75.83991002189205,-75.83963751403789,-76.02975356003492,-76.02943429518496,-0.0025659711385552894,-3.953013052694487e-15,9.27659819201006e-16,0.0025659711385552894,ok,14.42
2.0510782147427644,1.7925140766422638,175.0,92,6,8,-75.82797311875598,-75.82776002199616,-75.99763721394744,-75.99737463595878,-0.0009944124023161948,3.278390082897739e-14,-3.0003006405154663e-15,0.0009944124023161948,ok,9.48
2.5,0.738001992915057,175.0,92,6,8,-75.84761363889993,-75.84755863867122,-76.0363588973627,-76.03630137326641,0.0003611761534331215,5.177461553601725e-15,3.004915843829656e-16,0.0003611761534331215,ok,9.32
2.0510782147427644,0.7784650775728821,175.0,92,6,8,-75.87456284451895,-75.8742890171577,-76.06462149841296,-76.06430117776017,-0.0023496194103770855,-7.288644978598037e-15,1.1709429304990771e-15,0.0023496194103770855,ok,16.85
2.0510782147427644,0.8682146206261605,175.0,92,6,8,-75.91682545875148,-75.91654947369797,-76.1072324790951,-76.1068977924138,-0.0018708983717486388,-1.1080159237718076e-15,8.286173647667797e-16,0.0018708983717486388,ok,17.07
2.0510782147427644,1.0328937646339662,175.0,92,6,8,-75.92754156491243,-75.92726182366647,-76.117522483085,-76.11718664883523,-0.0010458734640990135,2.416227164986291e-14,4.272160032929043e-15,0.0010458734640990135,ok,15.41
2.0510782147427644,0.9184360891594576,175.0,92,6,8,-75.92651811173393,-75.92624073705866,-76.11696155105045,-76.1166291530849,-0.0016082002636367818,6.238212855672073e-16,1.062234625981527e-15,0.0016082002636367818,ok,16.98
2.0510782147427644,0.7,175.0,92,6,8,-75.79466140706512,-75.79438997655129,-75.98428660091945,-75.98397327935201,-0.002765040050578657,-1.6647197323948397e-15,8.505220786883411e-16,0.002765040050578657,ok,21.17
2.0510782147427644,0.9730484681624365,175.0,92,6,8,-75.9298149029108,-75.92953638349871,-76.12014238240015,-76.1198124374017,-0.001333389775760222,1.1439542522009797e-14,2.9209894989779367e-15,0.001333389775760222,ok,17.56
2.5,0.7,175.0,92,6,8,-75.80242109835453,-75.80236646417046,-75.9909651810726,-75.99091885802746,-0.0004114367449867373,1.9881707551319887e-14,1.504408873694502e-15,0.0004114367449867373,ok,15.35
2.5,1.17311930899858,175.0,92,6,8,-75.91579300133306,-75.91573366496502,-76.10262872932508,-76.10251508100554,0.00010680381390790726,1.2467983351583868e-14,-2.1019789381368822e-16,0.00010680381390790726,ok,6.87
2.5,0.8217302352684964,175.0,92,6,8,-75.90738743050072,-75.90733143876587,-76.09654016929342,-76.0964471188491,0.0002524569056266793,-3.5095803643877253e-15,-5.847623217492664e-16,0.0002524569056266793,ok,13.25
2.0510782147427644,1.4691596244932197,175.0,92,6,8,-75.86025687411889,-75.85998562007683,-76.04008222660462,-76.03970982030681,-0.0005150785719858491,-8.233221352215758e-15,-3.6267229293123093e-16,0.0005150785719858491,ok,18.38
2.0510782147427644,0.8217302352684964,175.0,92,6,8,-75.89983691137138,-75.89956180150038,-76.09009546342374,-76.08976648705256,-0.0021168255812233135,1.5808351140687295e-14,-4.649842947016239e-16,0.0021168255812233135,ok,22.4
1.7925140766422638,1.6101543756409509,175.0,92,6,8,-75.84159081955889,-75.84098461222673,-76.0193880129807,-76.01863456539647,0.0006233685843117136,-1.8343203732134298e-15,-5.682265134595213e-16,0.0006233685843117136,ok,25.91
2.0510782147427644,1.2571204432701741,175.0,92,6,8,-75.89495388138884,-75.8946731840362,-76.08117041189604,-76.08080953200228,0.00011881934311539009,1.2667918162872495e-14,2.1731170659661446e-15,0.00011881934311539009,ok,19.98
2.5,1.2571204432701741,175.0,92,6,8,-75.90094645524623,-75.90088656215309,-76.08586170746894,-76.08573104145844,-0.0001776492704332288,4.448082695820109e-14,1.7767483406457906e-15,0.0001776492704332288,ok,8.28
2.5,0.8682146206261605,175.0,92,6,8,-75.9242766661886,-75.92422003895402,-76.11361156961553,-76.11353904191454,-0.00020181401022568524,6.9193283761004884e-15,1.0094108124310897e-15,0.00020181401022568524,ok,15.63
2.0510782147427644,1.6101543756409509,175.0,92,6,8,-75.84273782115204,-75.84248427906607,-76.01781821614026,-76.01749028667996,0.0008008451077183905,-2.3561180419387334e-15,4.923409234007669e-15,0.0008008451077183905,ok,20.06
2.0510782147427644,1.17311930899858,175.0,92,6,8,-75.90934384167608,-75.90906272549134,-76.09742853023602,-76.097080533645,-0.0004342607117515053,-1.1139183820608206e-14,-2.8907434598631006e-15,0.0004342607117515053,ok,20.88
2.0510782147427644,1.3541907073778483,175.0,92,6,8,-75.87820483380591,-75.87792649812742,-76.06172480835492,-76.06134621516465,-0.00020011974026810562,-5.1207760952490444e-15,5.891268330456213e-16,0.00020011974026810562,ok,21.53
2.5,1.0328937646339662,175.0,92,6,8,-75.9345480855936,-75.93448989805019,-76.12340511031024,-76.12331818106236,-2.506075801883903e-05,2.4611622728731753e-15,3.7684852350286365e-16,2.506075801883903e-05,ok,14.62
2.5,0.9184360891594576,175.0,92,6,8,-75.93385028192128,-75.93379336201562,-76.1232326500875,-76.12315766895642,0.0001455668131468737,7.282697359103461e-15,1.1193244142501433e-15,0.0001455668131468737,ok,18.1
2.0510782147427644,1.0990821169362144,175.0,92,6,8,-75.92046811314803,-75.9201874438348,-76.10975507083087,-76.10940910005164,0.0007477676350426895,-1.0615062863417834e-15,-1.8834894878707933e-15,0.0007477676350426895,ok,23.62
2.5,2.5,175.0,92,6,8,-75.80778774854357,-75.79961365902787,-75.9652418521704,-75.9561494651239,-2.4962066243998184e-07,7.46033952073939e-17,-7.216435585353034e-16,2.4962066243998184e-07,ok,8.94
2.5,1.3541907073778483,175.0,92,6,8,-75.88351623750681,-75.88345600380754,-76.06566759923682,-76.0655285871701,-0.00025149108748088393,6.4821687148789245e-15,-3.2416611138483433e-16,0.00025149108748088393,ok,11.84
2.5,0.9730484681624365,175.0,92,6,8,-75.93700268439768,-75.9369450740624,-76.12624253942306,-76.12616711558715,-8.705563672463965e-05,1.3898916319050141e-14,2.3229631652545678e-15,8.705563672463965e-05,ok,18.6
2.68,0.738001992915057,175.0,92,6,8,-75.8487352864959,-75.8487051275776,-76.03724127305169,-76.0372059998061,0.00014838558472136877,2.3247356079946706e-14,2.4705802604382047e-15,0.00014838558472136877,ok,9.13
2.68,0.7784650775728821,175.0,92,6,8,-75.88330812247234,-75.88327768063269,-76.07205868817996,-76.07200864378076,0.00013463127082417165,-1.6578642724344492e-14,-1.7303677169744076e-15,0.00013463127082417165,ok,10.28
2.68,1.0328937646339662,175.0,92,6,8,-75.93557223096137,-75.93554020891217,-76.1242004378514,-76.12415090684199,3.0342992075934033e-05,6.813761897726931e-15,9.529712221126588e-16,3.0342992075934033e-05,ok,8.4
2.68,0.8682146206261605,175.0,92,6,8,-75.92536129571326,-75.92533028455692,-76.11448080654706,-76.11443856306373,6.445161418933403e-05,-1.2799513222348537e-14,-1.6899453353002427e-15,6.445161418933403e-05,ok,10.17
2.5,1.4691596244932197,175.0,92,6,8,-75.8645021282181,-75.8644421734264,-76.04283296589881,-76.04268422232087,0.00032463010584902737,-3.6192537514297324e-14,-3.0166841796378075e-15,0.00032463010584902737,ok,16.49
2.68,0.9184360891594576,175.0,92,6,8,-75.93491849275621,-75.93488714534045,-76.1240759056023,-76.12403329627227,-3.650291973242238e-05,-5.460179337800405e-16,-3.9493739187494965e-16,3.650291973242238e-05,ok,11.51
2.68,0.7,175.0,92,6,8,-75.80355166581484,-75.80352183826353,-75.99184841798127,-75.99182441961949,-0.00018616399519305084,8.072099453672573e-17,-3.632755958553365e-17,0.00018616399519305084,ok,14.2
2.5,2.0510782147427644,175.0,92,6,8,-75.81467593041742,-75.8146284875015,-75.97616139413859,-75.97607405023516,-0.0004728506297372836,1.0144949602198756e-13,3.582426451695217e-14,0.0004728506297372836,ok,16.11
2.68,1.2571204432701741,175.0,92,6,8,-75.90184057216098,-75.90180744956959,-76.08645962210768,-76.08631844416111,-0.00014392841579089762,-1.9746487106084417e-14,-3.3367484848747493e-15,0.00014392841579089762,ok,11.01
1.0328937646339662,0.7,175.0,92,6,8,-75.90080099056867,-75.65426993219282,-76.13975946696944,-75.86157653537767,0.1327083462807602,1.916623460548143e-14,8.777999292969828e-15,0.1327083462807602,ok,197.39
2.0510782147427644,2.0510782147427644,175.0,92,6,8,-75.81848886668463,-75.81835090469919,-75.98326231830877,-75.98309696741202,0.0009406574934735563,2.9565382309033696e-14,-6.19546573030486e-15,0.0009406574934735563,ok,32.45
2.5,1.7925140766422638,175.0,92,6,8,-75.82775836251952,-75.82770360890026,-75.9951641283448,-75.99507647597606,0.00045542565893755564,6.402172651114704e-15,1.0122596200673254e-15,0.00045542565893755564,ok,19.09
2.68,1.17311930899858,175.0,92,6,8,-75.91674485572085,-75.91671199852509,-76.10333464035241,-76.10326041923621,0.00010428259702809016,1.538546599313169e-15,6.09156607100968e-17,0.00010428259702809016,ok,13.01
2.5,1.0990821169362144,175.0,92,6,8,-75.92723842576099,-75.9271796226785,-76.11533169429909,-76.11523199425044,4.003454420821353e-05,1.166917867719488e-15,-4.989503933846492e-16,4.003454420821353e-05,ok,23.69
2.68,0.9730484681624365,175.0,92,6,8,-75.93805109413628,-75.93801942958521,-76.1270702957317,-76.12702556893684,-3.827851618761163e-06,-9.680865561618227e-16,-3.068961004438883e-16,3.827851618761163e-06,ok,14.11
2.68,0.8217302352684964,175.0,92,6,8,-75.90848630479789,-75.90845556961746,-76.09744434072145,-76.09738327490717,-9.807069640140097e-05,1.583806168450053e-15,-5.919815146059253e-17,9.807069640140097e-05,ok,15.43
2.68,1.3541907073778483,175.0,92,6,8,-75.88432576807435,-75.88429244150684,-76.06621138580313,-76.06608829742804,0.0001873690101509835,-8.77884710659872e-15,-9.285229457659623e-16,0.0001873690101509835,ok,13.12
2.5,0.7784650775728821,175.0,92,6,8,-75.88219711503152,-75.88214145229438,-76.07115480516595,-76.07107377103799,0.0003013683168085698,6.946226095434366e-15,8.873878026105277e-16,0.0003013683168085698,ok,31.92
2.68,1.7925140766422638,175.0,92,6,8,-75.82789381106531,-75.8278627262651,-75.99495011618929,-75.99489680212517,-0.00030393347100512747,-2.4863481896645396e-14,3.652924352120077e-15,0.00030393347100512747,ok,13.44
2.68,1.0990821169362144,175.0,92,6,8,-75.92823160946581,-75.92819908847324,-76.11609186264651,-76.11603637037132,6.534175768116906e-05,9.091601814333763e-15,1.5668074028431793e-15,6.534175768116906e-05,ok,16.8
2.86,0.7784650775728821,175.0,92,6,8,-75.88393447463652,-75.88391777765557,-76.07249563910169,-76.07248348180619,4.403087484377546e-05,1.3546641825160543e-14,1.5564112222789385e-15,4.403087484377546e-05,ok,9.08
2.86,0.7,175.0,92,6,8,-75.80418889463998,-75.80417247452844,-75.99228705597612,-75.99226811695719,7.053889577725964e-05,-3.102216727750098e-14,-3.0649068916956827e-15,7.053889577725964e-05,ok,13.23
2.68,2.5,175.0,92,6,8,-75.80706178877428,-75.80655843797967,-75.96387100419963,-75.96335439926537,-0.00030809684079851577,-8.529111392997676e-14,-8.931473608550362e-15,0.00030809684079851577,ok,15.93
2.68,2.0510782147427644,175.0,92,6,8,-75.81433880625187,-75.81430303083351,-75.97537758457936,-75.9753344702244,0.0003279339516151469,1.0441413837908443e-13,2.9719725648799236e-14,0.0003279339516151469,ok,16.82
2.86,0.738001992915057,175.0,92,6,8,-75.84936753683685,-75.84935095094006,-76.03772456663117,-76.03770566466737,6.0506002399982224e-05,-2.1308571054643888e-16,-4.7435295737758e-18,6.0506002399982224e-05,ok,13.53
2.86,1.0990821169362144,175.0,92,6,8,-75.92879298071017,-75.92877503227844,-76.1164730303652,-76.11643565575741,6.22619834960636e-05,-5.79208551252116e-15,-9.99497033378199e-16,6.22619834960636e-05,ok,9.62
2.68,1.6101543756409509,175.0,92,6,8,-75.84572659111177,-75.84569372525269,-76.01878363321438,-76.01871092436367,-0.0002689883744877438,5.8416273918687136e-15,3.3560049553336227e-15,0.0002689883744877438,ok,18.71
2.68,2.68,175.0,92,6,8,-75.80620943695699,-75.79523236079135,-75.962458612594,-75.9547039372713,-1.3750482748290326e-06,1.7339581146902423e-15,-3.9802399497869967e-14,1.3750482748290332e-06,ok,17.49
2.86,1.2571204432701741,175.0,92,6,8,-75.90234862436273,-75.90233033441488,-76.08682330418127,-76.08675676392323,-0.00010426420482484444,3.183384667031176e-15,4.412393705002218e-16,0.00010426420482484444,ok,9.28
2.86,0.9730484681624365,175.0,92,6,8,-75.93864244807209,-75.93862498420468,-76.12749835581616,-76.12746792566963,-2.2098014694350463e-05,-1.1786774205970235e-14,-1.5848431036727932e-15,2.2098014694350463e-05,ok,12.8
2.86,0.8217302352684964,175.0,92,6,8,-75.90910577692102,-75.90908885323395,-76.09789586021068,-76.09785763695342,3.19658829561546e-05,-1.8810615533522042e-14,-2.1114729609907003e-15,3.19658829561546e-05,ok,15.41
2.86,1.3541907073778483,175.0,92,6,8,-75.88478812132043,-75.88476961231493,-76.06648890626566,-76.066397298996,-0.00013106845572807686,-6.675080283797869e-15,-6.907437205142829e-16,0.00013106845572807686,ok,11.27
2.86,1.0328937646339662,175.0,92,6,8,-75.936150393162,-75.9361326891534,-76.1246093837783,-76.12457483732649,4.103780712451908e-05,5.294728077033291e-15,6.957976996988192e-16,4.103780712451908e-05,ok,14.79
3.04,0.738001992915057,175.0,92,6,8,-75.84971821534629,-75.8497091414593,-76.0379617833511,-76.03795146573107,2.356992000566359e-05,1.2768451093005208e-14,1.3519295197350565e-15,2.356992000566359e-05,ok,8.84
2.86,1.6101543756409509,175.0,92,6,8,-75.84600458392374,-75.84598626219909,-76.01887074349945,-76.01882324209821,-0.00017730996961794494,1.9975522160076196e-14,-2.001338460446902e-15,0.00017730996961794494,ok,12.98
2.5,1.6101543756409509,175.0,92,6,8,-75.84525606964729,-75.84519733354072,-76.01860135573476,-76.01846439221988,0.00039816880171462195,4.844654078816737e-15,3.0305505762321627e-16,0.00039816880171462195,ok,32.87
2.86,2.86,175.0,92,6,8,-75.80527367480371,-75.80271596874769,-75.96082887810358,-75.9579337419634,-8.165322667292188e-08,3.4308753762068474e-17,3.232398389432379e-16,8.165322667292188e-08,ok,10.33
2.86,1.7925140766422638,175.0,92,6,8,-75.82798921052886,-75.82797169990451,-75.99482728125095,-75.9947871836245,-0.00019744146508091963,-1.4548161815884505e-14,-3.3484453051145657e-15,0.00019744146508091963,ok,13.23
2.86,1.4691596244932197,175.0,92,6,8,-75.86557310120463,-75.86555458653382,-76.04345251611277,-76.04338581934672,-0.00015680978126762958,-7.013324069158719e-15,-7.877009044691111e-16,0.00015680978126762958,ok,13.65
2.86,0.8682146206261605,175.0,92,6,8,-75.92597275489268,-75.9259557143119,-76.1149290724922,-76.11490418869923,-1.3417319465304956e-05,2.7693349232100204e-16,-1.12701935369123e-16,1.3417319465304956e-05,ok,17.22
3.04,0.7784650775728821,175.0,92,6,8,-75.88428172725877,-75.88427256841011,-76.0727435860988,-76.07273747864734,1.2549119186653973e-05,-2.046056366763316e-15,-2.178776329820259e-16,1.2549119186653973e-05,ok,8.6
2.86,1.17311930899858,175.0,92,6,8,-75.91728398860178,-75.91726584239923,-76.1036854846174,-76.10360203859294,-8.274123935330928e-05,1.2578576688479762e-14,1.6671758070397182e-15,8.274123935330928e-05,ok,16.79
3.04,0.7,175.0,92,6,8,-75.80454242579651,-75.80453340311418,-75.99252740190536,-75.99251108517286,-2.615063172885148e-05,1.2195821222593487e-14,1.3055495475636506e-15,2.615063172885148e-05,ok,12.16
3.04,0.9730484681624365,175.0,92,6,8,-75.93897001773908,-75.93896043036878,-76.12770557869467,-76.12768451390458,-2.64976103528832e-05,-1.1564752546846604e-14,-1.1790766331342442e-15,2.64976103528832e-05,ok,8.79
2.68,1.4691596244932197,175.0,92,6,8,-75.86518154078654,-75.86514809387259,-76.0432496525056,-76.04314714409138,0.00022958844916111097,6.68980822624517e-14,8.37318804941176e-15,0.00022958844916111097,ok,29.59
3.04,1.0990821169362144,175.0,92,6,8,-75.92910495228381,-75.9290950780103,-76.11666197752047,-76.11661230347055,-4.973736119261469e-05,-1.3761278039822547e-14,-1.6849560822366646e-15,4.973736119261469e-05,ok,10.13
3.2199999999999998,0.7784650775728821,175.0,92,6,8,-75.88447096164707,-75.88446603569618,-76.07283798485092,-76.07283096299207,7.328330495638257e-07,1.3404913843090615e-15,1.756298858177612e-16,7.328330495638257e-07,ok,6.16
3.04,2.0510782147427644,175.0,92,6,8,-75.81409166372752,-75.81407340641202,-75.97466625588666,-75.9746376174167,-0.00016312837479008868,1.84465551876438e-13,5.1435268565319737e-14,0.00016312837479008868,ok,8.3
2.86,2.68,175.0,92,6,8,-75.80537234896266,-75.80546525555583,-75.9611671097079,-75.96132759364723,0.00038545512545382164,-1.1055124475228219e-13,-1.4953227764816335e-14,0.00038545512545382164,ok,20.07
3.04,0.9184360891594576,175.0,92,6,8,-75.9358541328211,-75.93584464854513,-76.12473186521582,-76.12471355220897,-1.578138082752108e-05,-1.1375973348785325e-14,-8.127176293347979e-16,1.578138082752108e-05,ok,14.62
0.9730484681624365,0.738001992915057,175.0,92,6,8,-75.94813205784116,-75.6896836435983,-76.19138106597703,-75.898511021543,-0.2304257723244853,-3.937540073633214e-14,-1.2674070669563285e-14,0.2304257723244853,ok,247.0
2.86,2.0510782147427644,175.0,92,6,8,-75.81417460786814,-75.81413183571172,-75.97492973277105,-75.97488190686796,0.0002318888376183599,3.4673100123021605e-14,2.6569763082671928e-15,0.0002318888376183599,ok,23.11
2.86,0.9184360891594576,175.0,92,6,8,-75.93552070598372,-75.93550344912958,-76.12451612843405,-76.12448863797317,4.667577645164748e-06,-5.8903012186829526e-15,-1.4001123378597645e-14,4.667577645164748e-06,ok,28.25
3.04,3.04,175.0,92,6,8,-75.80471128145945,-75.80322356600672,-75.95984547938839,-75.95819316283766,1.2115942920488192e-07,-1.5032425663107037e-17,1.4937934674205405e-18,1.2115942920488192e-07,ok,14.57
3.2199999999999998,0.738001992915057,175.0,92,6,8,-75.84990961715495,-75.84990469517702,-76.03803658160679,-76.03803708703127,-2.2777586322972462e-07,5.123224143879376e-15,3.991731620565191e-16,2.2777586322972467e-07,ok,16.14
3.2199999999999998,1.0990821169362144,175.0,92,6,8,-75.92927603820945,-75.92927058483139,-76.11673338164593,-76.11670141479301,-3.511335526365519e-05,-2.9432356053285117e-15,-1.25459592536542e-16,3.511335526365519e-05,ok,9.57
3.2199999999999998,0.8217302352684964,175.0,92,6,8,-75.90963575316424,-75.90963071134551,-76.09820647287874,-76.09818746409832,-4.143085375179004e-06,-1.1915543843232232e-14,-1.4401416015947682e-15,4.143085375179004e-06,ok,14.79
3.04,1.17311930899858,175.0,92,6,8,-75.91758440133725,-75.9175744119287,-76.1038418292132,-76.10378079991352,6.0663122306604065e-05,2.6492243777535068e-14,3.019433145809158e-15,6.0663122306604065e-05,ok,21.41
3.04,1.0328937646339662,175.0,92,6,8,-75.93647102946484,-75.93646132482658,-76.12480209117753,-76.12477699248726,-3.798780291938345e-05,-1.2132273273475008e-14,-1.2878715382573243e-15,3.798780291938345e-05,ok,22.32
3.2199999999999998,0.8682146206261605,175.0,92,6,8,-75.92649549892212,-75.92649040933884,-76.11524848874703,-76.11523478650706,1.7123605778831467e-05,2.285533207760903e-14,2.8004983828163063e-15,1.7123605778831467e-05,ok,14.97
3.2199999999999998,1.0328937646339662,175.0,92,6,8,-75.93664625096304,-75.93664089152303,-76.12488293407463,-76.1248431178092,-2.9462597909057074e-05,-9.39390232340398e-16,-1.5771574952111159e-16,2.9462597909057074e-05,ok,12.57
3.04,1.6101543756409509,175.0,92,6,8,-75.84616415167821,-75.84615397541901,-76.01890280088595,-76.01885957347743,0.00011347221414961686,1.2591903369344024e-13,1.6154959968331453e-14,0.00011347221414961686,ok,20.35
3.04,2.5,175.0,92,6,8,-75.80642822064655,-75.80593576512645,-75.96261259753646,-75.96208116339866,-0.0001858411819495707,-3.149630491676292e-14,-1.5090042011231337e-15,0.0001858411819495707,ok,19.33
3.2199999999999998,1.17311930899858,175.0,92,6,8,-75.91774980939641,-75.91774436916528,-76.10392107887843,-76.10384050025651,-4.152018521424281e-05,-1.4875187443203874e-14,-1.5049375844385507e-15,4.152018521424281e-05,ok,12.35
3.04,0.8682146206261605,175.0,92,6,8,-75.92631139317989,-75.92630193776992,-76.11515426511114,-76.11513773286514,1.0060259327586527e-05,7.078673628705238e-15,7.684925388323686e-16,1.0060259327586527e-05,ok,25.95
2.86,2.5,175.0,92,6,8,-75.80660707134619,-75.80116775484055,-75.9630196060897,-75.95685650790068,-4.13941553716666e-05,-1.1595231870431984e-16,-5.435251684484068e-15,4.13941553716666e-05,ok,32.29
3.2199999999999998,0.9184360891594576,175.0,92,6,8,-75.93603553611763,-75.93603035779704,-76.1248242824003,-76.12480952708233,1.7594863538078183e-05,-4.8508654250299e-15,-7.883574086067457e-16,1.7594863538078183e-05,ok,17.27
3.04,0.8217302352684964,175.0,92,6,8,-75.90944897168902,-75.90943966436453,-76.09811596083821,-76.0980920575282,-2.9887246965015855e-07,-5.999001961437203e-15,-6.865811241344397e-16,2.988724696501586e-07,ok,27.37
3.04,1.7925140766422638,175.0,92,6,8,-75.82804887141955,-75.8280390679849,-75.99475254549581,-75.99471285236811,-0.00012543807558836124,1.371141236662209e-15,1.4548816623800574e-15,0.00012543807558836124,ok,22.93
3.2199999999999998,1.2571204432701741,175.0,92,6,8,-75.90278985581827,-75.90278435287652,-76.08704227625421,-76.08696882418656,4.8860336401653505e-05,-2.8074803976204746e-14,-2.8910986418246726e-15,4.8860336401653505e-05,ok,13.46
3.04,1.2571204432701741,175.0,92,6,8,-75.90263273379057,-75.90262257885797,-76.08699292699237,-76.08692078175262,7.477335079955021e-05,-3.2867426486086014e-15,-1.1066043488622814e-16,7.477335079955021e-05,ok,26.02
3.2199999999999998,0.9730484681624365,175.0,92,6,8,-75.93914851375209,-75.93914327207969,-76.12778117491996,-76.12777384019729,2.3316608474780766e-05,9.454443475536499e-16,-4.91413196497892e-17,2.3316608474780766e-05,ok,18.78
3.04,1.4691596244932197,175.0,92,6,8,-75.86579455835225,-75.86578430523451,-76.04354872031502,-76.04350881269647,0.00010217347841215868,-8.886889147088593e-14,8.759313929939978e-15,0.00010217347841215868,ok,26.36
3.2199999999999998,2.0510782147427644,175.0,92,6,8,-75.81404900858473,-75.81403206624019,-75.9745173774284,-75.9744905128122,-0.00010913416103642932,2.9790903586036297e-12,6.716054192794463e-13,0.00010913416103642937,ok,9.32
3.04,1.3541907073778483,175.0,92,6,8,-75.88504779845027,-75.88503750416521,-76.06664389028259,-76.06658273364296,8.89056434122275e-05,4.48977971727495e-16,2.541267157038326e-16,8.89056434122275e-05,ok,27.65
3.2199999999999998,1.3541907073778483,175.0,92,6,8,-75.88519220578108,-75.88518655766572,-76.06667274716135,-76.06661836737428,5.8816183263543434e-05,1.9578121672836494e-14,1.667812096095051e-15,5.8816183263543434e-05,ok,17.09
3.04,2.86,175.0,92,6,8,-75.8046943843985,-75.80330768665564,-75.9599138841552,-75.95890153850151,0.00019700158210026104,-2.472394859581715e-17,-8.85552414242681e-18,0.00019700158210026104,ok,28.64
3.4,0.7784650775728821,175.0,92,6,8,-75.88457258538023,-75.88456984831116,-76.0728594708462,-76.07286209744098,1.0165202146004927e-05,8.83077692645418e-16,1.2892576976236993e-16,1.0165202146004927e-05,ok,11.13
3.4,0.9730484681624365,175.0,92,6,8,-75.93924462848543,-75.93924182072293,-76.12781938803235,-76.12779770527503,-1.9474631983688103e-05,-1.1027104959016744e-14,-1.5200781664241854e-15,1.9474631983688103e-05,ok,10.4
3.2199999999999998,0.7,175.0,92,6,8,-75.80473565590961,-75.80473059811925,-75.99259934408893,-75.9926109462235,8.950743257048492e-06,-2.9206132737627783e-15,-2.9753573323266283e-16,8.950743257048492e-06,ok,30.3
3.4,0.8682146206261605,175.0,92,6,8,-75.92659417684617,-75.92659144309002,-76.11526851310187,-76.11526876499167,1.349570792190391e-05,-4.818596514780207e-15,-6.523852161230697e-16,1.349570792190391e-05,ok,11.46
3.2199999999999998,3.2199999999999998,175.0,92,6,8,-75.80447443847754,-75.80370232802886,-75.95937238861846,-75.95845951126199,5.901045485098011e-09,-1.536343685559615e-17,6.727412047403003e-16,5.901045485098049e-09,ok,14.1
3.4,2.0510782147427644,175.0,92,6,8,-75.81402708187328,-75.81397947511803,-75.97445000232149,-75.9743941311987,-0.00011060876989709455,-3.058644194890893e-13,-7.862489992336051e-14,0.00011060876989709455,ok,8.27
3.4,0.7,175.0,92,6,8,-75.80483960095043,-75.80483694201797,-75.99267295088356,-75.99268747069452,-1.565266452678365e-06,-6.516780600411054e-15,-7.103689235521349e-16,1.565266452678365e-06,ok,15.73
3.4,1.2571204432701741,175.0,92,6,8,-75.90287645127265,-75.90287347782115,-76.0870694018817,-76.0870045639112,-3.277699068603166e-05,-7.867760109471419e-15,-8.450812612509165e-16,3.277699068603166e-05,ok,11.37
3.4,0.8217302352684964,175.0,92,6,8,-75.90973585962388,-75.90973315484737,-76.09821082442203,-76.0981981436013,-4.822688138580761e-06,-1.1716403413160958e-14,-1.3885051856947634e-15,4.822688138580761e-06,ok,14.82
3.4,0.738001992915057,175.0,92,6,8,-75.85001253126462,-75.85000987108448,-76.03808650044407,-76.03810068686111,-6.031706824901435e-06,-2.2693781818045616e-14,-2.350118606316221e-15,6.031706824901435e-06,ok,17.24
3.4,1.3541907073778483,175.0,92,6,8,-75.88527224156968,-75.88526921985792,-76.06668382499373,-76.06663931770599,3.904140827318201e-05,2.8093332942796876e-15,2.0329901895286589e-16,3.904140827318201e-05,ok,13.5
3.4,1.0328937646339662,175.0,92,6,8,-75.93674104743658,-75.93673815701653,-76.12491462334886,-76.12488168201102,-2.185608783892987e-05,4.9432981747480465e-15,6.813197153939347e-16,2.185608783892987e-05,ok,16.69
3.4,1.17311930899858,175.0,92,6,8,-75.91784042589822,-75.91783743186929,-76.10395764346781,-76.10390107483443,3.006795910531105e-05,3.200426253611172e-14,3.3128296648944483e-15,3.006795910531105e-05,ok,15.77
3.2199999999999998,2.68,175.0,92,6,8,-75.80538311183822,-75.80516605375576,-75.9608178195528,-75.96058988839343,-9.0930568013038e-05,-1.420412314456909e-13,-1.2963097385168656e-14,9.0930568013038e-05,ok,21.45
3.4,0.9184360891594576,175.0,92,6,8,-75.93613290241464,-75.93613009159705,-76.12485617041006,-76.12484502409924,1.541554764571129e-05,1.453592230811859e-15,1.2625373691284175e-16,1.541554764571129e-05,ok,19.3
3.2199999999999998,1.4691596244932197,175.0,92,6,8,-75.86591852671978,-75.86591289694083,-76.04356720298534,-76.04352590986855,-6.703590446015205e-05,2.2116561195378385e-13,-6.931228680978113e-15,6.703590446015205e-05,ok,30.71
3.4,3.4,175.0,92,6,8,-75.80431951114531,-75.8039003833636,-75.95907186506382,-75.95855508698702,7.973763943782403e-10,2.8250191098780956e-16,-6.7203624409747155e-15,7.973763944066103e-10,ok,9.19
3.2199999999999998,2.5,175.0,92,6,8,-75.80478174731175,-75.80490003059711,-75.96068910984549,-75.96096580363458,-0.00014949178088584792,-1.1492209072857852e-14,1.2602705955022989e-15,0.00014949178088584792,ok,23.31
3.4,1.0990821169362144,175.0,92,6,8,-75.92936912767026,-75.9293661868241,-76.11677500864498,-76.11673831204395,-2.4614970680380914e-05,-1.30239391101645e-14,-1.3844971323541229e-15,2.4614970680380914e-05,ok,19.32
3.4,1.6101543756409509,175.0,92,6,8,-75.846305404088,-75.84630235025271,-76.01889569536628,-76.0188671953785,4.693129971961259e-05,-6.1405928300053e-16,3.9195917486195596e-17,4.693129971961259e-05,ok,16.79
3.4,2.5,175.0,92,6,8,-75.80624686686807,-75.80620043087205,-75.96221647865983,-75.96217888180867,-2.6754265065968532e-05,-1.489316651346921e-13,-1.2727316869036668e-14,2.6754265065968532e-05,ok,19.53
3.04,2.68,175.0,92,6,8,-75.80549835742534,-75.80191492493735,-75.9610858938751,-75.95703238026779,0.0009268605079462578,-1.31151040847721e-14,2.4691609319293424e-13,0.0009268605079462578,ok,48.73
3.4,2.68,175.0,92,6,8,-75.8053132021972,-75.80511385638364,-75.96066644664259,-75.9604576059313,-5.97797567660177e-05,6.659840946116618e-14,5.703465272869926e-15,5.97797567660177e-05,ok,30.18
3.2199999999999998,1.6101543756409509,175.0,92,6,8,-75.84625446788684,-75.84624886493576,-76.01890198046995,-76.0188624705314,-7.438359526742859e-05,5.751642085434211e-14,-2.5080861921017014e-15,7.438359526742859e-05,ok,48.22
3.4,3.04,175.0,92,6,8,-75.80454508755247,-75.80454250950713,-75.95940262333814,-75.95939856637992,-4.847740012698267e-05,-4.4227869855487495e-13,-2.0167735961419385e-12,4.847740012698271e-05,ok,30.35
3.2199999999999998,2.86,175.0,92,6,8,-75.80488168353699,-75.8028205429263,-75.96000734968725,-75.95769230021476,0.0006561980421355971,5.328737756294555e-16,-1.649265395992823e-14,0.0006561980421355971,ok,49.99
3.2199999999999998,3.04,175.0,92,6,8,-75.8046178657794,-75.80350810078878,-75.95962042953585,-75.95832528032766,-2.6741204505058226e-05,1.552688291352418e-13,-2.572728117165586e-13,2.6741204505058226e-05,ok,59.87
3.4,2.86,175.0,92,6,8,-75.80480711765787,-75.80302329297172,-75.95975477647114,-75.95773239358948,0.0007396769489935727,1.6313052165844924e-15,-5.874873475423167e-14,0.0007396769489935727,ok,60.42
3.4,3.2199999999999998,175.0,92,6,8,-75.80439737376935,-75.80375542692452,-75.95919037729453,-75.95846788995937,-8.26495674619155e-05,4.431352775602267e-12,-1.06717517245817e-11,8.264956746191631e-05,ok,87.72
3.2199999999999998,0.7784650775728821,65.0,92,6,8,-75.88511438930435,-75.88431681301728,-76.07346872861324,-76.07255508102726,-0.0015443116439780625,-2.0048933667581e-15,4.322206903527345e-15,0.0015443116439780625,ok,13.38
3.2199999999999998,0.8682146206261605,65.0,92,6,8,-75.92713491652486,-75.92631986942783,-76.11583388261106,-76.1149041173822,0.0015925848965732666,6.874630459861737e-17,-1.8407771439154295e-17,0.0015925848965732666,ok,16.72
3.4,1.2571204432701741,65.0,92,6,8,-75.90315850997803,-75.90271023276762,-76.08738082200676,-76.08680299807698,-0.0009412048679983364,-2.8537592009090646e-14,6.129583541084838e-14,0.0009412048679983364,ok,19.47
3.2199999999999998,0.738001992915057,65.0,92,6,8,-75.85055260458671,-75.84976520245378,-76.0386792274289,-76.03774981259923,0.0015110739678768407,-9.969155507135043e-15,2.2361230652775067e-14,0.0015110739678768407,ok,21.9
3.4,0.9730484681624365,55.0,92,6,8,-75.93951710862669,-75.93910528533414,-76.12808270399954,-76.12759443217071,0.0011096327029468773,1.1945738825523083e-17,3.5906979208675065e-17,0.0011096327029468773,ok,21.98
3.4,1.2571204432701741,55.0,92,6,8,-75.90300401860382,-75.90260398218338,-76.08727920323882,-76.08670767474185,0.0009981763495117608,6.50622682905825e-17,5.3681366820994944e-17,0.0009981763495117608,ok,23.98
3.4,0.8217302352684964,65.0,92,6,8,-75.91009000681294,-75.90963929918522,-76.09854283039815,-76.09801927184878,0.000989952302476376,-8.371429891761495e-18,5.0821345670486075e-17,0.000989952302476376,ok,24.66
3.4,1.0328937646339662,55.0,92,6,8,-75.93699632502343,-75.93658293214916,-76.12517457056889,-76.12465171431644,-0.0011046795353358222,-8.788821250317976e-17,2.108879008300309e-17,0.0011046795353358222,ok,24.8
3.4,1.0328937646339662,65.0,92,6,8,-75.9370825071228,-75.9366195101688,-76.1252197540659,-76.12466359433162,0.0010247543147323028,2.5741059808970337e-17,3.3804979944008e-18,0.0010247543147323028,ok,25.43
3.4,0.9730484681624365,65.0,92,6,8,-75.93959191399546,-75.9391302444123,-76.12815598611503,-76.12761766295183,0.0010131451826744843,1.0338375092071095e-16,1.6287646885728157e-17,0.0010131451826744843,ok,25.75
3.2199999999999998,0.8682146206261605,75.0,92,6,8,-75.9271982675346,-75.92633633385984,-76.11587711683055,-76.11491967172894,0.0013905351519738793,6.028053454938467e-17,7.601122035802768e-17,0.0013905351519738793,ok,25.77
3.4,0.7,75.0,92,6,8,-75.80521457439252,-75.80475511547746,-75.99290369492466,-75.99241716606726,-0.0007991204675925594,1.1499717103008058e-16,2.735182468080519e-17,0.0007991204675925594,ok,25.78
3.4,1.17311930899858,65.0,92,6,8,-75.91815257072494,-75.91769565422287,-76.10428384728085,-76.10370325682358,0.0009795182595140018,-1.247769537919946e-16,-5.581732019078352e-17,0.0009795182595140018,ok,26.16
3.2199999999999998,0.9184360891594576,75.0,92,6,8,-75.93674029502134,-75.93587255663998,-76.12546173082237,-76.12449669959516,0.0014080170034661962,-6.271077404953826e-16,3.235918482236324e-15,0.0014080170034661962,ok,26.32
3.4,0.738001992915057,65.0,92,6,8,-75.85036645383761,-75.84992765913884,-76.03843756492556,-76.0378948444181,0.0009249988641468259,-9.225329643987475e-18,-1.6766248419762866e-17,0.0009249988641468259,ok,26.7
3.2199999999999998,0.7784650775728821,55.0,92,6,8,-75.88501216501325,-75.8843123380426,-76.07335762071109,-76.07257323520956,0.0016816252868127714,-1.2644775590324039e-14,1.9425107858394604e-14,0.0016816252868127714,ok,27.09
3.4,0.7784650775728821,55.0,92,6,8,-75.88487601314483,-75.88448367526385,-76.07313378523381,-76.07267892376964,0.0010471182816350175,-8.85562276097127e-18,-3.64934563655057e-17,0.0010471182816350175,ok,27.4
3.2199999999999998,0.8217302352684964,75.0,92,6,8,-75.91033619271587,-75.90948130925263,-76.09884534145907,-76.09788498541054,-0.0013680279451918026,2.89407619773302e-16,-9.851766231553527e-16,0.0013680279451918026,ok,27.63
3.2199999999999998,0.9184360891594576,55.0,92,6,8,-75.93654069575835,-75.93581374793035,-76.12531672441385,-76.12449514453742,0.0017422381920418665,8.539928985751071e-17,-3.0080952240090954e-17,0.0017422381920418665,ok,27.68
3.4,0.738001992915057,75.0,92,6,8,-75.85039101621948,-75.8499257394881,-76.03838611703333,-76.0378345385667,-0.0008280924622979084,3.241699673495243e-17,1.3307085294196155e-17,0.0008280924622979084,ok,14.32
3.2199999999999998,0.738001992915057,55.0,92,6,8,-75.85045651388741,-75.84976763403529,-76.03857350824222,-76.0377569796072,0.0016416578781947501,5.603255165113457e-18,-4.673054874026543e-17,0.0016416578781947501,ok,29.05
3.2199999999999998,0.9730484681624365,55.0,92,6,8,-75.93963237788165,-75.93889980007498,-76.12831015754251,-76.12748102194487,-0.0017419992233746054,-3.52351098496188e-15,5.304911891102292e-15,0.0017419992233746054,ok,29.96
3.4,0.738001992915057,55.0,92,6,8,-75.85031888995336,-75.84993293396289,-76.03834466105775,-76.03783174736796,0.0010185274447194464,-1.5976433579424258e-16,-1.1139738673740528e-16,0.0010185274447194464,ok,29.99
3.4,0.8682146206261605,65.0,92,6,8,-75.92694710761972,-75.92649145877877,-76.11557504402023,-76.11504347263894,0.0010077793987062274,-5.28476237670527e-17,-3.391636704229169e-17,0.0010077793987062274,ok,31.07
3.4,0.7,65.0,92,6,8,-75.80519184120365,-75.80475898470846,-75.99289506555303,-75.99244116715259,-0.0009154453767634219,3.3866323675664816e-17,2.769149856092837e-17,0.0009154453767634219,ok,31.66
3.2199999999999998,0.7,75.0,92,6,8,-75.80542408885084,-75.80459600317688,-75.99327678696022,-75.99235104442555,0.0012743071433460548,-7.331551749016744e-17,1.417154095970481e-15,0.0012743071433460548,ok,31.7
3.4,0.8217302352684964,55.0,92,6,8,-75.91003473898613,-75.90963620655572,-76.09851721946674,-76.09805475476057,-0.0010722264467195536,3.046356999405934e-16,-6.229971245372358e-16,0.0010722264467195536,ok,32.45
3.4,1.0990821169362144,65.0,92,6,8,-75.92969973567223,-75.92923828398028,-76.1170713025653,-76.11649042980214,-0.0010112792760753509,-2.1017833706058256e-15,4.7858179402846176e-15,0.0010112792760753509,ok,32.51
3.4,0.8682146206261605,55.0,92,6,8,-75.92688672418092,-75.92648277822316,-76.11552324243524,-76.11505084265224,0.0010918383646701607,3.3865979644000443e-15,-1.250178387131325e-15,0.0010918383646701607,ok,33.97
3.4,0.9184360891594576,55.0,92,6,8,-75.93641705503643,-75.9360084973744,-76.12510311433259,-76.12463485700577,0.0011032491625050421,-8.02823849957766e-17,5.074800080850529e-16,0.0011032491625050421,ok,34.39
3.4,0.7784650775728821,75.0,92,6,8,-75.88495338345312,-75.88448290532939,-76.07320019112844,-76.07264849950428,0.0008484086384409101,8.549005954563951e-17,-2.300656296480215e-17,0.0008484086384409101,ok,18.38
2.68,1.7925140766422638,95.0,92,6,8,-75.83038669365627,-75.8262338218553,-75.99800268965986,-75.99314043574952,0.0032415034704897454,8.999458394549078e-15,8.783843335917317e-14,0.0032415034704897454,ok,17.44
3.4,0.9730484681624365,75.0,92,6,8,-75.93963125348392,-75.93914624787037,-76.1281413798229,-76.12759835509019,0.0009119711520761409,1.2486794892717044e-16,-3.200530118381078e-17,0.0009119711520761409,ok,21.83
3.4,0.9184360891594576,75.0,92,6,8,-75.93651844635983,-75.93603556320116,-76.12515685263452,-76.12461413825041,0.0009021646322209404,4.280558519158789e-17,-4.439124580665336e-17,0.0009021646322209404,ok,23.85
3.4,0.8217302352684964,75.0,92,6,8,-75.91011839622516,-75.90964313579533,-76.09854715806827,-76.09799978427188,0.0008701679788357783,-5.744050530706545e-10,-2.199535159685378e-10,0.0008701679788359957,ok,26.98
3.4,0.8682146206261605,85.0,92,6,8,-75.92698205463078,-75.92650601939889,-76.11561366952787,-76.11508229560452,0.0007432638145139102,-6.035832591578287e-17,1.880797906629198e-18,0.0007432638145139102,ok,21.22
3.4,0.8682146206261605,75.0,92,6,8,-75.92697825367938,-75.9264987458415,-76.11558010856211,-76.11504365051468,0.0008878470402660843,6.651998743470218e-17,-2.9429269161343335e-17,0.0008878470402660843,ok,25.76
3.2199999999999998,0.8217302352684964,85.0,92,6,8,-75.91034558825378,-75.90949188592369,-76.0988412465657,-76.09789555836497,0.0011378256084787553,-2.7354680845197087e-16,2.950259923405009e-17,0.0011378256084787553,ok,22.7
3.2199999999999998,1.0328937646339662,85.0,92,6,8,-75.93737326304411,-75.93650219088674,-76.12555770622818,-76.12459553262185,-0.00121554452399086,-2.9800266334232124e-15,3.745109430722354e-14,0.00121554452399086,ok,24.87
3.4,1.3541907073778483,85.0,92,6,8,-75.88564390308127,-75.88517965263634,-76.06705651415433,-76.06647504055577,0.0007437152343335531,-3.40014580961737e-15,3.8592002793704576e-14,0.0007437152343335531,ok,23.76
3.2199999999999998,0.9184360891594576,95.0,92,6,8,-75.93672239884252,-75.93590362058104,-76.1254205488005,-76.12456860703598,0.0009684227219638121,-7.124690511523615e-18,4.985556578141806e-16,0.0009684227219638121,ok,21.45
3.4,0.9730484681624365,85.0,92,6,8,-75.93963883411612,-75.93915756398917,-76.12813640494204,-76.12758807122673,0.0007828661152443665,-1.8809720340143762e-16,-4.2173955813600156e-18,0.0007828661152443665,ok,25.14
2.86,1.7925140766422638,95.0,92,6,8,-75.82938711091484,-75.8270512116191,-75.99653835063258,-75.9937745637165,0.002080566761150846,2.3775768130420307e-15,1.800945792053435e-14,0.002080566761150846,ok,23.4
3.2199999999999998,0.738001992915057,85.0,92,6,8,-75.8506092603255,-75.84977102366423,-76.0387316312346,-76.03780028961627,-0.0010555640332562256,1.9574729503378802e-16,-9.369672477565084e-17,0.0010555640332562256,ok,27.29
3.4,1.0990821169362144,85.0,92,6,8,-75.92976700063929,-75.92928531775515,-76.117096264076,-76.11651132749921,0.0007966593314542944,-1.940247027447565e-17,-4.065693811888575e-18,0.0007966593314542944,ok,25.66
3.2199999999999998,0.7784650775728821,105.0,92,6,8,-75.88507241027612,-75.8843544868448,-76.07335678014897,-76.07260301926756,-0.0006517618126671025,-2.1554130397409754e-17,7.169469228326572e-18,0.0006517618126671025,ok,17.65
3.4,1.0990821169362144,95.0,92,6,8,-75.92975146671719,-75.92929594547923,-76.1170831555027,-76.11654816719934,0.0006862361096612406,7.376993057386789e-17,-3.3011276405026634e-17,0.0006862361096612406,ok,20.5
3.4,1.0328937646339662,75.0,92,6,8,-75.93712744563004,-75.93664184868275,-76.12524227306248,-76.12468756735713,0.000914690543509452,2.793501842032174e-18,-4.971754197507795e-17,0.000914690543509452,ok,28.34
3.4,0.738001992915057,95.0,92,6,8,-75.8503716173944,-75.84993433697674,-76.03834383483145,-76.03786869956187,-0.0005560991509154444,1.301389633164217e-16,-2.920568246666266e-17,0.0005560991509154444,ok,22.48
3.2199999999999998,0.7,85.0,92,6,8,-75.80542890123763,-75.80459887615288,-75.99320650247188,-75.99230433646996,-0.0010416727590233073,2.094915255257958e-17,1.7860828847865203e-17,0.0010416727590233073,ok,29.07
3.4,1.2571204432701741,85.0,92,6,8,-75.9032642522112,-75.90279097688676,-76.08742664126177,-76.08682864304845,0.0007711714250755173,7.167359052522638e-17,-3.397903240805194e-17,0.0007711714250755173,ok,28.41
3.2199999999999998,0.8217302352684964,105.0,92,6,8,-75.91024197066852,-75.90951823971821,-76.09873781915869,-76.09795660297227,0.0006896327578664379,-7.297028673052025e-17,2.744272373192484e-17,0.0006896327578664379,ok,13.21
3.4,0.738001992915057,85.0,92,6,8,-75.85039199824834,-75.84992831188138,-76.038373858708,-76.037840264173,0.0006904655982428107,6.509606812146189e-16,-1.0981367505485706e-14,0.0006904655982428107,ok,33.28
3.4,0.7784650775728821,95.0,92,6,8,-75.88493464265511,-75.88449372842331,-76.07316909590368,-76.07267950969592,0.0005767541479186728,-3.884179563761845e-17,1.0801826319632323e-17,0.0005767541479186728,ok,28.07
2.68,1.7925140766422638,105.0,92,6,8,-75.83022448831781,-75.82635529565121,-75.99776337686598,-75.99324455883153,-0.0031464169127572023,-4.748652729694448e-15,-1.218889559569083e-14,0.0031464169127572023,ok,26.96
3.4,0.9184360891594576,85.0,92,6,8,-75.93652392784553,-75.93604469536581,-76.12515861646287,-76.1246279938256,-0.0007733145545688105,-5.009530795587828e-16,4.323255727891403e-15,0.0007733145545688105,ok,35.2
3.2199999999999998,0.7,95.0,92,6,8,-75.80539423543149,-75.80460730395212,-75.99314572241104,-75.992314790536,-0.0008003241055252732,2.519014225307024e-16,-7.668726841933235e-17,0.0008003241055252732,ok,31.98
3.4,0.9184360891594576,95.0,92,6,8,-75.93650478643494,-75.93605346041724,-76.12513778891137,-76.1246579244053,-0.000644094166569895,1.2855281625517426e-16,2.4984292248797823e-15,0.000644094166569895,ok,30.37
3.4,1.17311930899858,95.0,92,6,8,-75.91822272012526,-75.91776846993776,-76.10428074424088,-76.10370340689286,0.0006876182011232588,1.9402116160744066e-15,2.4624232137119183e-14,0.0006876182011232588,ok,30.48
3.4,1.2571204432701741,95.0,92,6,8,-75.90325433356075,-75.90280330634424,-76.08740963586206,-76.08686026259947,-0.0006861330394756601,9.162096916143928e-17,9.940416064348019e-16,0.0006861330394756601,ok,31.52
3.4,1.0990821169362144,115.0,92,6,8,-75.92966013832964,-75.92931314946284,-76.1169577052948,-76.11651471313564,0.00047461081748596064,2.8025764917448638e-15,6.435578307392239e-15,0.00047461081748596064,ok,11.19
3.4,0.9184360891594576,105.0,92,6,8,-75.93646604952492,-75.93606295076974,-76.12508672810765,-76.12467761609834,0.0005227329518804806,3.871806472211262e-17,-7.227084847947508e-18,0.0005227329518804806,ok,23.17
3.2199999999999998,0.9184360891594576,105.0,92,6,8,-75.9366527642473,-75.93591806823243,-76.12533123922213,-76.12456976484803,0.0007629531325578556,-2.6359365196700745e-16,-1.002994204262237e-15,0.0007629531325578556,ok,25.27
3.2199999999999998,0.9730484681624365,105.0,92,6,8,-75.93977196699035,-75.93903265287241,-76.12832529425538,-76.12753925277121,0.0007974344241749819,6.605378778243712e-17,-2.9920435903655374e-17,0.0007974344241749819,ok,26.61
3.4,1.17311930899858,105.0,92,6,8,-75.91818588424252,-75.91777650604698,-76.10423429045537,-76.10375238464862,-0.000593642833589519,-7.174936520994116e-16,-3.617296117285544e-15,0.000593642833589519,ok,21.13
3.4,0.7,115.0,92,6,8,-75.80510552066102,-75.8047801459615,-75.99279191492896,-75.99252829480564,0.00028867930703626384,-6.998526925843865e-17,-1.6931735979006897e-16,0.00028867930703626384,ok,19.98
3.2199999999999998,1.0328937646339662,115.0,92,6,8,-75.93717838383293,-75.93654692196692,-76.12530931572564,-76.12460643653175,0.0006551779585588942,5.514237076873934e-18,4.769155249825258e-17,0.0006551779585588942,ok,21.44
3.4,1.0990821169362144,105.0,92,6,8,-75.92971359442143,-75.92930450680544,-76.11703129768816,-76.11655381671065,0.0005805542762490788,-9.854124246286535e-17,9.587322611212775e-17,0.0005805542762490788,ok,23.96
3.4,0.8682146206261605,105.0,92,6,8,-75.92692364714424,-75.92652349432956,-76.11550975174826,-76.11509798556997,0.0004986533102271445,-1.441712610327766e-17,-1.578432525246117e-18,0.0004986533102271445,ok,27.35
3.4,0.7,105.0,92,6,8,-75.80515659580543,-75.80476998743995,-75.99281314509074,-75.99249490210306,-0.00040291411864993394,3.5585859765252555e-18,-1.1770866590511251e-17,0.00040291411864993394,ok,29.15
3.4,0.9184360891594576,115.0,92,6,8,-75.93641306871335,-75.93607321850732,-76.12500365556359,-76.12465659592308,0.00040969833825442274,-2.1506998470275303e-16,1.7048236330395372e-16,0.00040969833825442274,ok,23.14
3.2199999999999998,0.9184360891594576,115.0,92,6,8,-75.93655612956843,-75.93593383470251,-76.12520535475251,-76.12454882556543,0.0005770391048957359,-7.581612968395276e-17,8.690723930467529e-17,0.0005770391048957359,ok,24.79
3.2199999999999998,1.2571204432701741,125.0,92,6,8,-75.9032126080811,-75.90270189260838,-76.08739961997034,-76.0867697871165,0.0006253787205973299,-1.2989360440234773e-14,-1.987356307970862e-14,0.0006253787205973299,ok,15.19
3.4,1.0328937646339662,105.0,92,6,8,-75.93708241536515,-75.93667464493072,-76.12516588161728,-76.12472287988348,-0.0005626236851551033,-9.07772183063313e-16,-3.999993575130503e-15,0.0005626236851551033,ok,30.1
3.4,0.8217302352684964,115.0,92,6,8,-75.91000989257914,-75.9096758612428,-76.09841660267476,-76.09810361590002,0.000352207787270012,-3.655946682725986e-18,1.392955216104569e-17,0.000352207787270012,ok,25.68
3.4,1.0328937646339662,115.0,92,6,8,-75.93702894353021,-75.9366838751105,-76.12510135526023,-76.12470977396427,0.000454129239767468,-8.887578586306979e-17,7.712969314791926e-17,0.000454129239767468,ok,23.03
3.4,1.17311930899858,85.0,92,6,8,-75.91823590273282,-75.91775715330863,-76.1042957670715,-76.10366595687525,-0.0007917423332739844,3.403776875861334e-17,4.087185201634334e-17,0.0007917423332739844,ok,52.18
3.2199999999999998,0.8682146206261605,115.0,92,6,8,-75.9270107527653,-75.92639357650052,-76.11562851264217,-76.11498766683346,0.0005374665239790311,8.338020434328812e-16,2.2436345974154744e-15,0.0005374665239790311,ok,29.33
3.4,0.7784650775728821,115.0,92,6,8,-75.88484420904093,-75.88451299955393,-76.07305556874259,-76.07272542187093,0.0003346322089549385,-2.685287963506962e-16,-5.175302906762308e-16,0.0003346322089549385,ok,28.27
3.4,1.3541907073778483,115.0,92,6,8,-75.88555685447662,-75.88520902510989,-76.0669322214302,-76.06648131655093,0.0005235543109458618,7.827473988949935e-15,1.7443415129230458e-14,0.0005235543109458618,ok,21.49
3.2199999999999998,0.9730484681624365,115.0,92,6,8,-75.93967496165519,-75.93904789250284,-76.128207926061,-76.1275283208803,0.0006162975706537142,-7.570748591890173e-17,8.550124947844311e-17,0.0006162975706537142,ok,29.84
3.2199999999999998,1.0328937646339662,125.0,92,6,8,-75.93706450565429,-75.93656331514806,-76.12518673847914,-76.1245894249049,-0.0005008204064377271,-1.0009922238281938e-16,2.4214286944140276e-17,0.0005008204064377271,ok,21.23
3.4,1.3541907073778483,105.0,92,6,8,-75.88560621408982,-75.88520119541029,-76.06699390051249,-76.06648323168397,-0.0005977251867556921,-9.069005176250478e-17,5.557784908553006e-17,0.0005977251867556921,ok,32.25
3.4,1.0990821169362144,125.0,92,6,8,-75.92959780608095,-75.92932269464077,-76.1168933899267,-76.11650874236325,-0.0003799694937916883,2.0566988363003976e-17,-1.1874811416274342e-16,0.0003799694937916883,ok,16.64
3.2199999999999998,1.0328937646339662,135.0,92,6,8,-75.93694656072336,-75.9365812834376,-76.12508243108083,-76.12462562904074,-0.00036874736609823766,3.8372026167134994e-17,-1.6004306451353982e-16,0.00036874736609823766,ok,15.39
3.4,0.8682146206261605,115.0,92,6,8,-75.92687106571249,-75.92653395180068,-76.11543676309073,-76.1150982056395,0.00038383846932687734,-2.0656248029983812e-14,-8.747745603508447e-14,0.00038383846932687734,ok,35.27
3.4,1.2571204432701741,115.0,92,6,8,-75.90316753694805,-75.9028187495688,-76.08729978458766,-76.08686096089397,-0.0005115112371542112,1.657057242656458e-15,3.860432979138612e-15,0.0005115112371542112,ok,30.03
3.2199999999999998,1.17311930899858,125.0,92,6,8,-75.91817454927639,-75.91766603416472,-76.10428820330326,-76.10365506452324,-0.0005795129236217077,-7.73761309805916e-16,-1.2013348281435504e-15,0.0005795129236217077,ok,29.46
3.4,0.738001992915057,125.0,92,6,8,-75.8502226090514,-75.84996463123782,-76.03818590883604,-76.03791744274076,0.0002150478912628707,-3.6153678072639786e-18,-3.7671466138478745e-18,0.0002150478912628707,ok,28.75
3.2199999999999998,0.8682146206261605,125.0,92,6,8,-75.92689903242879,-75.92641101484178,-76.11550105588802,-76.11499346332732,-0.00037801373561192637,1.7122566759676042e-14,5.840342362394754e-14,0.00037801373561192637,ok,30.72
3.04,2.68,65.0,92,6,8,-75.80308717118143,-75.8019370620345,-75.95844808330142,-75.95711266382104,-0.0038003206797359488,2.5102283489498766e-14,1.4436840658869206e-14,0.0038003206797359488,ok,92.94
3.4,0.8217302352684964,125.0,92,6,8,-75.9099498280845,-75.90968689600042,-76.0983413335104,-76.0981005098905,-0.00025972410713552335,-4.288403617900753e-17,3.2906368354732605e-17,0.00025972410713552335,ok,27.53
3.4,1.2571204432701741,135.0,92,6,8,-75.90304278743936,-75.90283926946964,-76.08716107055567,-76.08684618385863,0.00033919677444223446,7.330222667857138e-15,7.659587615134228e-15,0.00033919677444223446,ok,17.75
3.2199999999999998,1.17311930899858,145.0,92,6,8,-75.91794565598136,-75.91770430708938,-76.10403835047727,-76.10365649587901,0.0003389917953316005,3.0206138340474316e-14,2.2970913445545738e-14,0.0003389917953316005,ok,17.59
3.4,1.2571204432701741,125.0,92,6,8,-75.90310649873791,-75.90282821917529,-76.08722660731308,-76.08684486167863,0.0004244660460223106,1.527554199085432e-17,-3.4249645264326956e-17,0.0004244660460223106,ok,24.4
3.4,1.17311930899858,125.0,92,6,8,-75.91807094035097,-75.91779391682941,-76.10411742722657,-76.10372741713786,-0.00039683643690254455,7.074555922115304e-16,1.0721286071911509e-15,0.00039683643690254455,ok,26.43
3.4,1.4691596244932197,125.0,92,6,8,-75.86620198654032,-75.8659246117764,-76.04374918404902,-76.04335808715231,0.000462878596865775,1.488757306674092e-17,-1.8848787292280028e-17,0.000462878596865775,ok,26.25
3.2199999999999998,0.8682146206261605,135.0,92,6,8,-75.92678365654663,-75.92642938132619,-76.11541314377905,-76.11504304608057,-0.0002500453928322107,4.554167600924776e-15,5.246467301027925e-15,0.0002500453928322107,ok,26.78
3.4,1.4691596244932197,135.0,92,6,8,-75.86614327441923,-75.86593881512195,-76.04368315434827,-76.0433488108826,0.00038756327012003707,2.4918775586957668e-17,4.327816999351371e-17,0.00038756327012003707,ok,24.04
3.2199999999999998,1.0990821169362144,155.0,92,6,8,-75.92937679269751,-75.92924860505326,-76.11677255477474,-76.11654089116597,-0.00020155476055047042,-5.996565354590143e-18,-6.837362838438378e-17,0.00020155476055047042,ok,20.97
3.4,1.0328937646339662,145.0,92,6,8,-75.93684290658247,-75.9367151116343,-76.12493522069852,-76.12473813154965,-0.00019260209659050453,-2.821349098400683e-17,-9.464081137799026e-17,0.00019260209659050453,ok,25.04
3.4,0.7,135.0,92,6,8,-75.80498774953386,-75.80480325556192,-75.99272509478725,-75.99254331118134,0.00011912739638514748,8.729916434049238e-17,-7.163785369905093e-17,0.00011912739638514748,ok,30.12
3.4,1.2571204432701741,145.0,92,6,8,-75.90298274465056,-75.90285075666989,-76.08710036057131,-76.08685674156946,-0.000260229549302978,-4.557970875845057e-17,-2.0127282653598998e-17,0.000260229549302978,ok,25.73
3.4,0.8217302352684964,145.0,92,6,8,-75.90983109453187,-75.90970904363456,-76.09824546639028,-76.09814302589407,-0.000113034997028126,-4.298748974757318e-17,1.1153938014562012e-17,0.000113034997028126,ok,27.79
3.4,1.3541907073778483,145.0,92,6,8,-75.88537703039043,-75.88524373137967,-76.06674684060057,-76.06648496557929,0.00028162205011547544,1.602903298779163e-16,-9.79010900932671e-17,0.00028162205011547544,ok,26.1
3.4,1.17311930899858,135.0,92,6,8,-75.91800656328385,-75.91780458107206,-76.10403140856114,-76.10370058989757,-0.00031657260243367303,-9.904356218528106e-17,1.0267907929669707e-16,0.00031657260243367303,ok,32.83
3.4,1.4691596244932197,145.0,92,6,8,-75.86608742591594,-75.865953925697,-76.0436210721298,-76.04334739679585,0.00030730249813417005,1.1732333748167422e-15,1.017825079703533e-15,0.00030730249813417005,ok,26.65
3.4,0.8217302352684964,135.0,92,6,8,-75.90988805030378,-75.90969804689114,-76.0982998311723,-76.0981338478562,0.00017781132093584902,6.864524178760893e-16,1.4664266049097285e-15,0.00017781132093584902,ok,33.88
3.4,1.0328937646339662,155.0,92,6,8,-75.93679367370859,-75.93672529605917,-76.1249125330908,-76.12477800536789,0.00012729244466861832,8.399201279415689e-15,3.83072702991313e-15,0.00012729244466861832,ok,26.73
3.4,0.8682146206261605,145.0,92,6,8,-75.9266902222107,-75.9265668140365,-76.11530258831074,-76.11516682883149,0.00013144744275724127,3.3636340062730325e-14,4.6309416468107466e-14,0.00013144744275724127,ok,32.79
3.4,1.7925140766422638,165.0,92,6,8,-75.82811796648276,-75.82809175832834,-75.99465085944708,-75.99455224722234,0.00015338018783224701,-4.132757960596933e-14,-3.2060665701895583e-14,0.00015338018783224701,ok,22.4
3.2199999999999998,1.17311930899858,165.0,92,6,8,-75.91778494349467,-75.91773661870563,-76.1039111385351,-76.10373789362835,-0.0001367324870057315,7.150888712842353e-16,2.2559294779284533e-16,0.0001367324870057315,ok,25.91
3.2199999999999998,1.3541907073778483,165.0,92,6,8,-75.8852270979529,-75.88517765648535,-76.06667288525593,-76.06651794515135,-0.0001769543284948462,-3.405043753786626e-17,-7.079010079856675e-18,0.0001769543284948462,ok,24.0
3.2199999999999998,1.7925140766422638,175.0,92,6,8,-75.82808445037658,-75.82807904404879,-75.99469133964456,-75.99465601872797,-7.967880880459783e-05,-6.136768992685811e-15,2.5283405195133473e-15,7.967880880459783e-05,ok,20.83
3.4,1.4691596244932197,175.0,92,6,8,-75.86598768853725,-75.86598472135873,-76.04357139777942,-76.04354432103615,4.4895109990495075e-05,3.254894430986849e-17,2.5582996528430593e-17,4.4895109990495075e-05,ok,21.37
3.4,1.7925140766422638,175.0,92,6,8,-75.82810536452038,-75.82810245023734,-75.99467657664641,-75.99465531615999,-4.836420798395814e-05,6.604430174764395e-15,2.300204242035553e-15,4.836420798395814e-05,ok,25.4
0.8217302352684964,0.7,165.0,92,6,8,-75.89423445578123,-75.60555182021477,-76.07158828079636,-75.74737584445204,0.37176217297500624,4.1030201434326586e-14,9.843199296845276e-15,0.37176217297500624,casscf_unconverged,135.59
0.9184360891594576,0.7784650775728821,175.0,92,6,8,-75.97758058467048,-75.71603285933625,-76.14721994587812,-75.85383949562207,0.3246157769599401,3.421673446373865e-14,8.966475793421798e-15,0.3246157769599401,casscf_unconverged,132.26
0.8682146206261605,0.7784650775728821,175.0,92,6,8,-75.97479733225745,-75.70137047446173,-76.15975878051773,-75.85204423827217,0.3445962005308014,5.425246003091078e-14,7.427471547417095e-15,0.3445962005308014,casscf_unconverged,135.24
0.8682146206261605,0.738001992915057,165.0,92,6,8,-75.9479920685483,-75.6696855262375,-76.16333306355924,-75.84915224197614,-0.3480053294614284,-2.4636969844334187e-14,-8.627095071487247e-15,0.3480053294614284,casscf_unconverged,142.95
0.8682146206261605,0.738001992915057,175.0,92,6,8,-75.94413694233833,-75.66612118370179,-76.16522929969753,-75.85092925319137,0.3437182162666639,7.297778310167974e-14,7.280526645247264e-15,0.3437182162666639,casscf_unconverged,139.59
0.8682146206261605,0.7,175.0,92,6,8,-75.90246092690043,-75.62050697336832,-76.1236763757686,-75.8048068558148,0.3413838908444844,1.1012788202590525e-13,1.0704724824166005e-14,0.3413838908444844,casscf_unconverged,152.4
0.9184360891594576,0.8217302352684964,175.0,92,6,8,-76.00087528957187,-75.74071917844196,-76.2396917857402,-75.94473604819369,-0.3073472153643346,-2.7386080471993506e-14,-1.0277683753766745e-14,0.3073472153643346,casscf_unconverged,153.46
0.8682146206261605,0.7784650775728821,155.0,92,6,8,-75.98579131072523,-75.71136059240949,-76.15658052445617,-75.84844557918682,0.35646564368340067,7.304314374523878e-15,6.300351749854979e-15,0.35646564368340067,casscf_unconverged,174.29
0.8217302352684964,0.7,175.0,92,6,8,-75.8905603331571,-75.60195416506699,-76.07426945658425,-75.75005151284549,0.3686809173358929,6.514735480394484e-14,7.995960278106417e-15,0.3686809173358929,casscf_unconverged,183.27
0.8682146206261605,0.738001992915057,155.0,92,6,8,-75.95488811825984,-75.67614214565607,-76.15121795649323,-75.83791337327449,-0.35531422805613677,-1.2901400468459878e-14,-7.0322986308214824e-15,0.35531422805613677,casscf_unconverged,216.99
0.8682146206261605,0.738001992915057,145.0,92,6,8,-75.9634805661391,-75.68428871152838,-76.14196156662143,-75.82875344614737,-0.3638595811631441,-1.2221966120451247e-14,-8.984426736954711e-15,0.3638595811631441,casscf_unconverged,227.29
0.9184360891594576,0.8217302352684964,165.0,92,6,8,-76.00497597993736,-75.74417865242587,-76.24049953279027,-75.94484447902857,0.31422310172250423,3.5041120589570104e-15,7.029006765700074e-15,0.31422310172250423,casscf_unconverged,217.8
