r_obr_A,r_oh_A,theta_deg,ncas,nelecas,conv_cas,e_casscf_Ha,e_nevpt2_Ha,s2,gap_app_eV,status,wall_s
2.25,0.9,75.0,6,10,True,-2679.8722414151516,-2680.3379664478507,2.0000000000000004,1.0621643451152898,ok,6.12
2.25,0.9,85.0,6,10,True,-2679.8758367715527,-2680.340546292505,2.000000000000001,1.0503605353791363,ok,6.51
2.25,1.0,85.0,6,10,True,-2679.876361338527,-2680.344220775001,2.0000000000000004,1.057515129194847,ok,9.2
2.25,1.0,75.0,6,10,True,-2679.8724831051586,-2680.341649453753,2.0000000000000004,1.0747185986117753,ok,9.23
2.25,0.95,105.0,6,10,True,-2679.8803434860115,-2680.3450025264788,2.000000000000001,1.0257668958046804,ok,9.47
2.25,0.95,75.0,6,10,True,-2679.8750100358316,-2680.3424265221597,1.9999999999999996,1.0688375991619803,ok,9.59
2.25,0.95,125.0,6,10,True,-2679.877425291791,-2680.340247569136,1.9999999999999991,0.9987932944734408,ok,9.62
2.25,0.95,115.0,6,10,True,-2679.8792343897157,-2680.343037468174,2.0,1.0114711313623517,ok,9.64
2.25,0.85,115.0,6,10,True,-2679.865313933558,-2680.326367378742,2.0,1.0075074045777792,ok,9.65
2.25,0.85,95.0,6,10,True,-2679.866774864464,-2680.329317045275,2.0,1.0336452269435623,ok,9.69
2.25,0.95,95.0,6,10,True,-2679.8803522591147,-2680.3457871457285,2.0,1.0403341845287946,ok,9.75
2.25,0.95,85.0,6,10,True,-2679.8787659984314,-2680.3450269339846,1.9999999999999996,1.054389822795049,ok,9.79
2.25,0.9,95.0,6,10,True,-2679.877297008592,-2680.3412800222004,2.0000000000000004,1.0374399184462815,ok,9.93
2.25,0.85,85.0,6,10,True,-2679.8654538122178,-2680.328684259007,2.0,1.0453994850342816,ok,10.01
2.25,0.9,115.0,6,10,True,-2679.876006784997,-2680.3384148449113,2.0,1.0099077877999314,ok,10.12
2.25,0.85,75.0,6,10,True,-2679.8620554468953,-2680.326161447353,1.9999999999999991,1.0546536175904537,ok,10.15
2.25,0.95,135.0,6,10,True,-2679.8752444188954,-2680.336942951902,2.000000000000001,0.9880813095098618,ok,10.22
2.25,0.9,105.0,6,10,True,-2679.877191714465,-2680.3404376187186,1.9999999999999996,1.0234804551532972,ok,10.22
2.25,0.85,105.0,6,10,True,-2679.866571199952,-2680.32843421635,2.000000000000001,1.0203428579123826,ok,10.39
2.25,0.8,95.0,6,10,True,-2679.8458668708954,-2680.307084732391,2.0000000000000004,1.0289376461619761,ok,10.5
2.25,0.8,85.0,6,10,True,-2679.844697310728,-2680.306524662103,2.0,1.0394703145774744,ok,10.53
2.25,0.8,75.0,6,10,True,-2679.8415294336855,-2680.304088125131,2.0,1.0462503869482251,ok,10.57
2.25,0.85,125.0,6,10,True,-2679.863391494085,-2680.3234890288722,2.0,0.9974826516957923,ok,10.63
2.25,0.85,135.0,6,10,True,-2679.8611321116455,-2680.320136559158,1.9999999999999993,0.991475047270831,ok,10.67
2.25,0.9,135.0,6,10,True,-2679.8719143116696,-2680.3322419070396,2.000000000000001,0.9902475515993078,ok,10.8
2.25,0.9,125.0,6,10,True,-2679.874138021857,-2680.3355752644197,1.9999999999999993,0.9985724202052217,ok,10.99
2.25,0.8,105.0,6,10,True,-2679.8455624146227,-2680.3060869983997,2.0000000000000004,1.0163450497281301,ok,11.11
2.25,0.8,115.0,6,10,True,-2679.84423624308,-2680.303980404514,2.0,1.0042718382253695,ok,11.37
2.25,0.8,125.0,6,10,True,-2679.842266965481,-2680.301072460261,2.0,0.9955363765533404,ok,11.49
2.25,1.0,95.0,6,10,True,-2679.878060606275,-2680.344931885344,1.9999999999999996,1.0423483474269115,ok,5.72
2.25,0.8,135.0,6,10,True,-2679.8399790265858,-2680.297703436367,2.0000000000000013,0.9917587569893962,ok,12.26
2.25,1.0,105.0,6,10,True,-2679.8781464875237,-2680.3442437558815,1.9999999999999991,1.0272084685753644,ok,5.86
2.25,1.2,105.0,6,10,True,-2679.841262658323,-2680.3134402575,2.0,1.0250497066919086,ok,5.67
2.25,1.2,125.0,6,10,True,-2679.839173956965,-2680.3093776380933,2.000000000000001,0.9871545157804008,ok,5.87
2.25,1.0,115.0,6,10,True,-2679.8771167223854,-2680.3423491647795,1.9999999999999996,1.0121933141633557,ok,9.22
2.25,1.05,95.0,6,10,True,-2679.8719686315294,-2680.340378931925,2.0,1.043513514809012,ok,8.91
2.25,1.05,105.0,6,10,True,-2679.872147563163,-2680.3396906117046,1.9999999999999996,1.0278213596513146,ok,8.92
2.25,1.0,125.0,6,10,True,-2679.875373473853,-2680.3396153382764,2.0000000000000004,0.998137906294301,ok,9.41
2.25,1.05,85.0,6,10,True,-2679.8701690575613,-2680.339712566638,2.0,1.0597725151989272,ok,9.19
2.25,1.1,95.0,6,10,True,-2679.863209726966,-2680.333226623189,2.0,1.0438713337624712,ok,8.73
2.25,1.05,75.0,6,10,True,-2679.866207389099,-2680.337153589954,2.0,1.0798508993134688,ok,9.3
2.25,1.05,115.0,6,10,True,-2679.8712007843055,-2680.3378978798914,2.0,1.0120832107952096,ok,9.23
2.25,1.1,75.0,6,10,True,-2679.8573143071576,-2680.3300839681997,1.9999999999999996,1.0842696199305515,ok,9.03
2.25,1.05,125.0,6,10,True,-2679.8695297336576,-2680.3352264893624,1.9999999999999991,0.9966225948125617,ok,9.28
2.25,1.1,105.0,6,10,True,-2679.8634802271677,-2680.332518234742,2.0,1.0276355376213124,ok,8.93
2.25,1.0,135.0,6,10,True,-2679.873242569655,-2680.3363519855234,2.0000000000000004,0.9849806014852356,ok,9.69
2.25,1.1,85.0,6,10,True,-2679.861321571894,-2680.332546986467,2.0000000000000004,1.0612076136214432,ok,9.17
2.25,1.1,115.0,6,10,True,-2679.862620224271,-2680.330808103065,2.0,1.0111598800647266,ok,8.96
2.25,1.15,105.0,6,10,True,-2679.852979767619,-2680.323574552701,1.9999999999999996,1.0267022458716362,ok,8.62
2.25,1.15,85.0,6,10,True,-2679.850652736163,-2680.323495666103,1.9999999999999996,1.0618753300739747,ok,8.85
2.25,1.05,135.0,6,10,True,-2679.8674561906755,-2680.3320134829305,2.0,0.9809656855262183,ok,9.74
2.25,1.15,125.0,6,10,True,-2679.8507034132,-2680.319391479096,2.0000000000000018,0.9910864744922669,ok,8.75
2.25,1.1,125.0,6,10,True,-2679.8610279613476,-2680.3282123053236,1.9999999999999998,0.9942588535928163,ok,9.41
2.25,1.15,95.0,6,10,True,-2679.8526176769733,-2680.324213064512,2.0,1.043454615588221,ok,9.17
2.25,1.15,115.0,6,10,True,-2679.852210076621,-2680.3219092309982,2.0000000000000004,1.009461090679606,ok,9.07
2.25,1.15,75.0,6,10,True,-2679.846635998587,-2680.321222343064,2.0,1.0880285976770399,ok,9.26
2.25,1.2,95.0,6,10,True,-2679.8408107282357,-2680.3140029199108,2.0,1.0423481170173372,ok,8.58
2.25,1.1,135.0,6,10,True,-2679.859019267532,-2680.3250571778585,1.9999999999999996,0.9760556523405833,ok,9.71
2.25,1.2,85.0,6,10,True,-2679.838777597366,-2680.3133233555704,1.9999999999999998,1.0618183762301743,ok,9.12
2.25,1.2,75.0,6,10,True,-2679.834785421802,-2680.3111784504085,2.0,1.0911713914829304,ok,9.46
2.25,1.15,135.0,6,10,True,-2679.8487681129545,-2680.3163000503514,2.0000000000000004,0.97031013630663,ok,9.69
2.25,1.2,115.0,6,10,True,-2679.840588544825,-2680.311809044852,1.9999999999999998,1.0070452371993253,ok,8.55
2.25,1.2,135.0,6,10,True,-2679.8373207205227,-2680.3064323336744,2.0,0.96378808191036,ok,6.01
2.25,1.25,75.0,6,10,True,-2679.8222149199983,-2680.3004056284653,2.0,1.0937398461522565,ok,5.91
2.25,1.25,105.0,6,10,True,-2679.8287882539344,-2680.3025657576245,2.0000000000000004,1.022774017542748,ok,8.19
2.25,1.25,85.0,6,10,True,-2679.826153236083,-2680.3023734509934,2.0000000000000004,1.0611217202732555,ok,8.37
2.25,1.25,115.0,6,10,True,-2679.8282124913717,-2680.3010239427313,2.0,1.003947162377478,ok,8.22
2.25,1.25,125.0,6,10,True,-2679.826897391692,-2680.2987001377355,1.9999999999999996,0.9825237298416728,ok,8.37
2.25,1.25,95.0,6,10,True,-2679.828245654736,-2680.3030745646524,2.000000000000001,1.040603024303929,ok,8.82
2.25,1.25,135.0,6,10,True,-2679.82513516706,-2680.2958670937132,1.9999999999999998,0.9565692061003284,ok,9.58
2.35,0.85,85.0,6,10,True,-2679.8705355792545,-2680.3289372787876,2.000000000000001,0.7947261211776213,ok,9.35
2.35,0.8,85.0,6,10,True,-2679.8497257335052,-2680.3067605926535,2.0000000000000004,0.7893389607088985,ok,9.78
2.35,0.9,75.0,6,10,True,-2679.878301517422,-2680.3390030200985,1.9999999999999996,0.8059103093662745,ok,9.08
2.35,0.85,75.0,6,10,True,-2679.868036433148,-2680.3271973432247,1.9999999999999991,0.7992271025911756,ok,9.75
2.35,0.8,75.0,6,10,True,-2679.8474127463533,-2680.305147764216,2.0000000000000004,0.7918175295840104,ok,10.08
2.35,0.8,135.0,6,10,True,-2679.84593587565,-2680.2991566008886,2.0000000000000004,0.7676829002571214,ok,9.92
2.35,0.9,85.0,6,10,True,-2679.8809644852017,-2680.3408034365243,2.0000000000000004,0.7992993915038136,ok,9.5
2.35,0.85,95.0,6,10,True,-2679.8714499847893,-2680.3292102577448,1.9999999999999998,0.7879915561455628,ok,9.91
2.35,0.85,105.0,6,10,True,-2679.871216669395,-2680.328294825729,2.0000000000000013,0.7802539737143929,ok,9.76
2.35,0.9,105.0,6,10,True,-2679.881824582434,-2680.340290160739,2.0000000000000004,0.7830434684552614,ok,9.31
2.35,0.95,85.0,6,10,True,-2679.8839323566044,-2680.3452651394155,2.0000000000000013,0.8030763751274336,ok,5.88
2.35,0.8,95.0,6,10,True,-2679.85052346053,-2680.3069686889176,2.0000000000000018,0.7836890142476779,ok,10.47
2.35,0.8,105.0,6,10,True,-2679.850217987447,-2680.3059717003002,1.9999999999999991,0.7766919274392993,ok,10.57
2.35,0.8,115.0,6,10,True,-2679.849163202648,-2680.3041498453954,2.0000000000000004,0.7705910301406339,ok,10.56
2.35,0.85,135.0,6,10,True,-2679.867012941828,-2680.321519692899,2.0,0.7670950313886912,ok,10.05
2.35,0.9,95.0,6,10,True,-2679.8819871450305,-2680.3411662057674,1.9999999999999996,0.7914929224877622,ok,9.83
2.35,0.85,125.0,6,10,True,-2679.8687205544907,-2680.324144409306,1.9999999999999996,0.7688118509664544,ok,10.3
2.35,0.85,115.0,6,10,True,-2679.870205856237,-2680.326503673619,2.0000000000000004,0.7733079705647534,ok,10.44
2.35,0.8,125.0,6,10,True,-2679.847652937612,-2680.3017777331006,2.0000000000000004,0.7673937074217806,ok,10.84
2.35,0.95,75.0,6,10,True,-2679.8811303796415,-2680.343448197224,1.9999999999999998,0.8118982262459445,ok,9.27
2.35,0.95,95.0,6,10,True,-2679.885054300336,-2680.3456627641654,2.000000000000001,0.7942053024233473,ok,5.97
2.35,0.9,115.0,6,10,True,-2679.8808605798895,-2680.3385263897717,1.9999999999999996,0.7752692990007252,ok,9.73
2.35,0.9,135.0,6,10,True,-2679.877711421594,-2680.3335431271985,1.9999999999999996,0.7656789521752098,ok,9.85
2.35,0.9,125.0,6,10,True,-2679.8794045321624,-2680.336187420186,2.000000000000001,0.7694511031498134,ok,9.98
2.35,1.05,125.0,6,10,True,-2679.874578457093,-2680.335569776606,2.0000000000000004,0.7667863661972372,ok,5.71
2.35,1.15,85.0,6,10,True,-2679.85591132948,-2680.323557630018,1.9999999999999987,0.8106932362317433,ok,5.38
2.35,0.95,105.0,6,10,True,-2679.884961225955,-2680.344834418603,1.9999999999999996,0.7850691512504945,ok,9.02
2.35,1.0,75.0,6,10,True,-2679.878645183014,-2680.342624109414,2.0000000000000013,0.8172152863093805,ok,8.59
2.35,0.95,115.0,6,10,True,-2679.884046229478,-2680.3431013824097,1.9999999999999996,0.7764684040301953,ok,9.18
2.35,0.95,125.0,6,10,True,-2679.882624070129,-2680.3407875639546,2.0,0.7693182455121673,ok,9.47
2.35,0.95,135.0,6,10,True,-2679.880950551038,-2680.3381459141815,1.9999999999999996,0.7634527619940635,ok,9.29
2.35,1.0,95.0,6,10,True,-2679.882771737026,-2680.3447678355833,2.000000000000001,0.7961445814674009,ok,8.69
2.35,1.0,85.0,6,10,True,-2679.8815595284314,-2680.3444002857423,1.9999999999999982,0.8060748624270775,ok,9.16
2.35,1.0,105.0,6,10,True,-2679.8827469400467,-2680.344028835665,2.0000000000000013,0.7863419015155138,ok,8.91
2.35,1.05,75.0,6,10,True,-2679.872393450748,-2680.338068240374,2.0000000000000004,0.8218862882346422,ok,8.73
2.35,1.0,115.0,6,10,True,-2679.881883575961,-2680.342353374497,2.0000000000000018,0.7769220426906049,ok,9.12
2.35,1.05,115.0,6,10,True,-2679.8759196416254,-2680.3378225962697,2.0,0.7766473172625268,ok,8.55
2.35,1.05,85.0,6,10,True,-2679.8753930651587,-2680.339882245183,1.999999999999998,0.8083254879395421,ok,8.87
2.35,1.05,105.0,6,10,True,-2679.8767288060717,-2680.3394204580736,1.9999999999999998,0.7868849399569025,ok,8.84
2.35,1.0,135.0,6,10,True,-2679.878850559017,-2680.3374383602363,1.9999999999999998,0.7604322297943745,ok,9.24
2.35,1.05,95.0,6,10,True,-2679.8766861863014,-2680.340151315725,1.9999999999999991,0.7973338230862022,ok,9.25
2.35,1.0,125.0,6,10,True,-2679.8804996572953,-2680.3400659895888,2.000000000000001,0.7684237974013877,ok,9.61
2.35,1.1,85.0,6,10,True,-2679.8665657174743,-2680.3326701372375,1.999999999999999,0.809853037337492,ok,9.02
2.35,1.1,135.0,6,10,True,-2679.864410337231,-2680.3258230354973,2.0,0.7521291600996806,ok,8.67
2.35,1.05,135.0,6,10,True,-2679.872958923574,-2680.3329621658445,1.9999999999999996,0.7566439235819445,ok,9.26
2.35,1.1,95.0,6,10,True,-2679.867931278447,-2680.3329427092085,2.0000000000000013,0.7978079885915688,ok,8.96
2.35,1.1,115.0,6,10,True,-2679.867287836783,-2680.3306449514425,1.9999999999999996,0.7756630623179784,ok,8.88
2.35,1.15,95.0,6,10,True,-2679.857341363476,-2680.323873715297,2.0,0.7976038916794007,ok,8.81
2.35,1.1,105.0,6,10,True,-2679.868039732498,-2680.332165981145,1.9999999999999998,0.7867134676173917,ok,9.16
2.35,1.1,125.0,6,10,True,-2679.865994321651,-2680.328426686257,1.9999999999999996,0.7644310973305731,ok,9.28
2.35,1.1,75.0,6,10,True,-2679.8635082463425,-2680.330898398736,2.0000000000000013,0.8259401886397818,ok,9.68
2.35,1.15,115.0,6,10,True,-2679.856823547918,-2680.3216155622267,1.9999999999999987,0.7740146194789487,ok,8.85
2.35,1.15,75.0,6,10,True,-2679.8528226960207,-2680.3219342182447,2.0,0.8294040572715788,ok,9.35
2.35,1.15,105.0,6,10,True,-2679.8575153223564,-2680.3231677364442,2.0000000000000004,0.7858816642565314,ok,8.99
2.35,1.15,125.0,6,10,True,-2679.8555827498794,-2680.319461863616,2.000000000000001,0.761403137688934,ok,5.53
2.35,1.15,135.0,6,10,True,-2679.8540407469895,-2680.3169726335727,1.9999999999999993,0.7469410062239394,ok,5.59
2.35,1.2,75.0,6,10,True,-2679.840951829562,-2680.3117736997574,2.0,0.8323158161553817,ok,8.37
2.35,1.2,95.0,6,10,True,-2679.8455338360377,-2680.313607993105,1.9999999999999991,0.7967750341581558,ok,8.25
2.35,1.2,85.0,6,10,True,-2679.844046969418,-2680.313280453268,1.9999999999999996,0.810906243943396,ok,8.3
2.35,1.2,105.0,6,10,True,-2679.845773023704,-2680.312949911014,1.9999999999999996,0.7844381646703155,ok,7.97
2.35,1.2,115.0,6,10,True,-2679.845144137184,-2680.311462778259,2.000000000000001,0.7717456560496044,ok,8.1
2.35,1.2,125.0,6,10,True,-2679.8439614807103,-2680.3093568637028,2.0,0.7577534843232924,ok,8.45
2.35,1.25,105.0,6,10,True,-2679.83327042269,-2680.3019657328023,1.9999999999999996,0.7824399887070916,ok,8.06
2.35,1.25,85.0,6,10,True,-2679.8314286119826,-2680.30225008437,2.0,0.8105334892275736,ok,8.2
2.35,1.25,75.0,6,10,True,-2679.8283493812337,-2680.3008705437824,2.000000000000001,0.8346943929798591,ok,8.44
2.35,1.25,95.0,6,10,True,-2679.8329665306924,-2680.302592913851,2.0000000000000018,0.7953909879017708,ok,8.23
2.45,0.9,75.0,6,10,True,-2679.882382402939,-2680.338994260139,2.0000000000000018,0.6082391335371886,ok,5.81
2.35,1.2,135.0,6,10,True,-2679.8424674771863,-2680.306912917332,1.9999999999999993,0.7411321936235082,ok,9.15
2.35,1.25,115.0,6,10,True,-2679.832707509887,-2680.30052834922,2.0000000000000004,0.7689191547840284,ok,8.63
2.45,0.9,85.0,6,10,True,-2679.8843636569836,-2680.340240783638,2.0000000000000004,0.6058623569762176,ok,5.87
2.35,1.25,135.0,6,10,True,-2679.830149132396,-2680.2961349009743,1.9999999999999998,0.734788079109049,ok,9.24
2.35,1.25,125.0,6,10,True,-2679.8315877306395,-2680.2985088894343,2.0000000000000004,0.7535370651313533,ok,9.4
2.45,0.8,85.0,6,10,True,-2679.8530602130973,-2680.306240494856,1.9999999999999998,0.596983989309499,ok,9.5
2.45,0.8,105.0,6,10,True,-2679.853384229234,-2680.30537566906,2.0000000000000004,0.593220538833053,ok,9.55
2.45,0.8,75.0,6,10,True,-2679.8513591019664,-2680.3051204429603,1.9999999999999991,0.5960218065379658,ok,10.34
2.45,0.85,75.0,6,10,True,-2679.872055524961,-2680.3272228321744,2.0000000000000004,0.6024115774025077,ok,9.92
2.45,0.8,95.0,6,10,True,-2679.853628694798,-2680.3062437227486,2.0000000000000004,0.595472903504702,ok,10.38
2.45,0.85,85.0,6,10,True,-2679.873904082228,-2680.3283941963296,2.0,0.6017521485917947,ok,9.99
2.45,0.85,95.0,6,10,True,-2679.874560033503,-2680.3284915224604,2.0000000000000004,0.599268566786405,ok,9.88
2.45,0.8,115.0,6,10,True,-2679.852596687731,-2680.303907746902,2.000000000000001,0.591961538129442,ok,10.5
2.45,0.8,125.0,6,10,True,-2679.851486576145,-2680.3020627908923,1.9999999999999987,0.5928973506489547,ok,10.63
2.45,0.85,105.0,6,10,True,-2679.8743644567917,-2680.327616822031,1.9999999999999996,0.5962454471936172,ok,10.09
2.45,0.8,135.0,6,10,True,-2679.850236218615,-2680.300080850394,1.999999999999999,0.5958723791974946,ok,10.94
2.45,0.85,115.0,6,10,True,-2679.873601281623,-2680.3261717967493,1.9999999999999993,0.5940850836666375,ok,10.4
2.45,0.85,135.0,6,10,True,-2679.8712448069723,-2680.3223383360614,1.9999999999999998,0.5949760182417743,ok,10.52
2.45,0.85,125.0,6,10,True,-2679.872498970651,-2680.324328829404,2.0,0.5937501891912547,ok,10.63
2.45,0.95,125.0,6,10,True,-2679.8862867051153,-2680.3408468515668,2.000000000000001,0.5934832770236076,ok,5.72
2.45,1.0,85.0,6,10,True,-2679.8850104719495,-2680.343750316545,2.0000000000000013,0.6121382160325145,ok,5.61
2.45,0.9,95.0,6,10,True,-2679.885101529811,-2680.3404021269043,2.0000000000000013,0.602397687256611,ok,9.03
2.45,0.9,105.0,6,10,True,-2679.8849540569686,-2680.3395885450295,1.9999999999999996,0.5986145851698579,ok,9.02
2.45,0.9,115.0,6,10,True,-2679.884217103095,-2680.338145538408,2.0,0.5955582673192212,ok,9.16
2.45,0.9,135.0,6,10,True,-2679.881871385328,-2680.3342985917047,2.0,0.5933818448388887,ok,8.94
2.45,0.9,125.0,6,10,True,-2679.8831259369326,-2680.3363133113508,1.9999999999999987,0.5939431507378595,ok,9.24
2.45,0.95,75.0,6,10,True,-2679.8852617134557,-2680.343397085133,1.9999999999999998,0.6135186274355625,ok,8.75
2.45,0.95,85.0,6,10,True,-2679.8873589412606,-2680.3446897335675,1.999999999999999,0.6093222986468145,ok,8.77
2.45,0.95,95.0,6,10,True,-2679.8881726332384,-2680.3448691188423,1.9999999999999996,0.6048649093387709,ok,8.77
2.45,0.95,105.0,6,10,True,-2679.888072435981,-2680.344102394303,2.0000000000000004,0.6003326737079332,ok,8.97
2.45,0.95,115.0,6,10,True,-2679.88736337361,-2680.3426758574738,1.9999999999999996,0.5963813769135463,ok,9.09
2.45,1.0,75.0,6,10,True,-2679.882815571826,-2680.3425158344994,1.9999999999999984,0.6182620406182237,ok,9.45
2.45,1.0,105.0,6,10,True,-2679.8858400816493,-2680.3432535541774,1.9999999999999982,0.6014096103220989,ok,8.91
2.45,0.95,135.0,6,10,True,-2679.885035268527,-2680.3388103803322,2.0000000000000004,0.5911147302174525,ok,9.72
2.45,1.0,115.0,6,10,True,-2679.885160983781,-2680.341863608677,2.000000000000001,0.5965744319975288,ok,8.47
2.45,1.0,125.0,6,10,True,-2679.884101821851,-2680.340039154394,1.9999999999999998,0.5923840862846341,ok,8.39
2.45,1.0,95.0,6,10,True,-2679.8858936346314,-2680.343939812169,2.0,0.6066764767239923,ok,9.38
2.45,1.1,115.0,6,10,True,-2679.8704840450027,-2680.3299727777867,2.0,0.5951235535261387,ok,5.37
2.45,1.1,125.0,6,10,True,-2679.8694708678845,-2680.3281772995606,2.000000000000001,0.5883587314107334,ok,5.39
2.45,1.05,75.0,6,10,True,-2679.8765920265696,-2680.3379068241306,2.0,0.6224847516620688,ok,9.15
2.45,1.05,105.0,6,10,True,-2679.879803698599,-2680.3386041433273,1.9999999999999996,0.6018577354496891,ok,9.01
2.45,1.0,135.0,6,10,True,-2679.882857041006,-2680.3379996316776,2.0,0.5881942324503955,ok,9.32
2.45,1.05,85.0,6,10,True,-2679.8788653202073,-2680.339212858588,1.9999999999999998,0.6143267197208491,ok,9.44
2.45,1.05,115.0,6,10,True,-2679.879156548319,-2680.3372563915677,1.9999999999999993,0.5961462882926184,ok,9.39
2.45,1.05,125.0,6,10,True,-2679.8781184599975,-2680.3354458007725,2.0000000000000004,0.5906658757977751,ok,9.25
2.45,1.05,95.0,6,10,True,-2679.879811524891,-2680.339249246688,1.9999999999999998,0.607850305897422,ok,9.64
2.45,1.05,135.0,6,10,True,-2679.876884329885,-2680.333400366353,2.0,0.5846477836412939,ok,9.38
2.45,1.1,85.0,6,10,True,-2679.8700568774775,-2680.3319430014926,1.9999999999999996,0.6159087994671811,ok,9.12
2.45,1.1,75.0,6,10,True,-2679.867724475857,-2680.3306609308233,1.9999999999999996,0.626197987019926,ok,9.35
2.45,1.1,95.0,6,10,True,-2679.8710598751636,-2680.3319897575934,2.0,0.6084126425265696,ok,9.11
2.45,1.1,105.0,6,10,True,-2679.871096894535,-2680.3312720294102,1.9999999999999996,0.6016982893638881,ok,9.13
2.45,1.1,135.0,6,10,True,-2679.8682518980786,-2680.3261825897002,2.0000000000000004,0.5805164744421134,ok,8.31
2.45,1.15,105.0,6,10,True,-2679.860554932638,-2680.322219275704,1.9999999999999982,0.6009757083329746,ok,8.05
2.45,1.15,95.0,6,10,True,-2679.8604732195427,-2680.3228728764625,1.9999999999999987,0.6083924029387476,ok,8.08
2.45,1.15,75.0,6,10,True,-2679.8570470360546,-2680.3216081968603,2.0000000000000004,0.6294235375349679,ok,8.36
2.45,1.15,85.0,6,10,True,-2679.859419351386,-2680.322780895153,2.000000000000001,0.6169107718809157,ok,8.33
2.45,1.25,85.0,6,10,True,-2679.834964074434,-2680.301331094022,2.0,0.6173256463825949,ok,5.12
2.45,1.15,135.0,6,10,True,-2679.8577955222645,-2680.317181761807,2.0,0.575850414616603,ok,8.12
2.45,1.15,125.0,6,10,True,-2679.8589942719186,-2680.3191618692063,1.9999999999999987,0.5855019749674536,ok,8.15
2.45,1.15,115.0,6,10,True,-2679.859978434116,-2680.320907718169,2.000000000000001,0.593538746111577,ok,8.48
2.45,1.25,95.0,6,10,True,-2679.8361041589874,-2680.301479054382,2.000000000000001,0.6067858519013644,ok,5.21
2.45,1.2,85.0,6,10,True,-2679.847569421644,-2680.3124190422786,1.9999999999999996,0.617367008811439,ok,8.08
2.45,1.2,75.0,6,10,True,-2679.8451754652797,-2680.311357795377,2.0000000000000004,0.632176252918635,ok,8.43
2.45,1.2,125.0,6,10,True,-2679.84730645632,-2680.3089278962416,2.0,0.5821456584189281,ok,8.14
2.45,1.2,135.0,6,10,True,-2679.8461330157893,-2680.3069767282245,2.0,0.5707041721557832,ok,8.09
2.45,1.2,95.0,6,10,True,-2679.8486689379156,-2680.312553852325,2.0000000000000004,0.6078348676887456,ok,8.74
2.45,1.2,105.0,6,10,True,-2679.8487949863274,-2680.3119225998416,2.0000000000000004,0.5997267576198155,ok,8.8
2.45,1.2,115.0,6,10,True,-2679.84825754511,-2680.31064273187,1.9999999999999993,0.591444927356853,ok,9.22
2.45,1.25,75.0,6,10,True,-2679.8325652804438,-2680.300356470953,2.0000000000000027,0.634485810394304,ok,9.26
2.45,1.25,105.0,6,10,True,-2679.8362747032625,-2680.3008616307206,1.9999999999999978,0.5980068322769088,ok,8.78
2.45,1.25,125.0,6,10,True,-2679.834864947299,-2680.297950590488,2.0,0.5783453440687719,ok,8.88
2.45,1.25,115.0,6,10,True,-2679.835778718332,-2680.299613934008,2.0,0.5888900292345133,ok,9.22
2.45,1.25,135.0,6,10,True,-2679.8337221451343,-2680.296043527802,1.9999999999999993,0.5651444319956714,ok,8.95
2.55,0.8,75.0,6,10,True,-2679.854011132089,-2680.30458162172,2.000000000000001,0.44743797982717787,ok,10.09
2.55,0.85,135.0,6,10,True,-2679.874241530564,-2680.322811119859,1.9999999999999982,0.46342883142319496,ok,6.14
2.55,0.8,85.0,6,10,True,-2679.8552736322827,-2680.3053561036795,2.0,0.4510123013393885,ok,10.44
2.55,0.85,75.0,6,10,True,-2679.8747603142733,-2680.326680144304,2.0000000000000018,0.452876038352427,ok,10.02
2.55,0.9,105.0,6,10,True,-2679.8870630691313,-2680.3386615992913,2.0000000000000004,0.4586732387062979,ok,6.06
2.55,0.8,105.0,6,10,True,-2679.8555336015597,-2680.3045853597755,1.9999999999999991,0.45417567588033797,ok,10.89
2.55,0.8,95.0,6,10,True,-2679.8557001611234,-2680.3052863609837,2.0000000000000004,0.45276622294675145,ok,11.02
2.55,0.8,115.0,6,10,True,-2679.854973968308,-2680.303458492827,2.0000000000000004,0.4564277124225198,ok,10.82
2.55,0.8,125.0,6,10,True,-2679.854181498223,-2680.302072460926,1.9999999999999987,0.460058570838671,ok,10.9
2.55,0.8,135.0,6,10,True,-2679.8532872380893,-2680.3006078667227,2.0000000000000004,0.46452078011206777,ok,10.98
2.55,0.85,95.0,6,10,True,-2679.876628338216,-2680.3274857121182,1.9999999999999991,0.4560587466201417,ok,9.16
2.55,0.85,85.0,6,10,True,-2679.8761376865264,-2680.327510786475,2.0000000000000004,0.45517149184182065,ok,9.45
2.55,0.85,115.0,6,10,True,-2679.875943647858,-2680.325675392747,2.000000000000001,0.45803243729697457,ok,9.47
2.55,0.85,105.0,6,10,True,-2679.8764930780053,-2680.3267897149976,2.0000000000000018,0.4566945319808622,ok,9.65
2.55,0.85,125.0,6,10,True,-2679.8751479121556,-2680.3242897800883,1.9999999999999998,0.4604737200251906,ok,9.54
2.55,0.9,75.0,6,10,True,-2679.8851338045083,-2680.338444921653,2.0000000000000013,0.4578962875990111,ok,8.62
2.55,0.9,85.0,6,10,True,-2679.8866163784655,-2680.3393033313796,2.0000000000000004,0.45881340266618886,ok,9.48
2.55,0.9,95.0,6,10,True,-2679.8871675257546,-2680.339329144374,1.9999999999999991,0.4588117323452678,ok,9.48
2.55,0.9,115.0,6,10,True,-2679.8865250548947,-2680.337550545347,2.0,0.45909529610889593,ok,9.46
2.55,0.9,125.0,6,10,True,-2679.885728309049,-2680.336155845835,2.0000000000000004,0.46033756168996165,ok,9.61
2.55,0.95,75.0,6,10,True,-2679.8880532498265,-2680.342804978312,1.9999999999999991,0.46250457268164774,ok,8.74
2.55,0.9,135.0,6,10,True,-2679.88481243396,-2680.3346806827203,2.0,0.461765631432532,ok,9.34
2.55,1.0,105.0,6,10,True,-2679.8879129279776,-2680.342256641605,2.000000000000002,0.46100488357537817,ok,5.84
2.55,1.0,135.0,6,10,True,-2679.8856827768313,-2680.3382171003313,1.9999999999999998,0.4568029160877077,ok,5.55
2.55,0.95,85.0,6,10,True,-2679.88962989871,-2680.3437498909457,2.0000000000000004,0.46194166653744956,ok,10.14
2.55,0.95,95.0,6,10,True,-2679.8902372144657,-2680.343807057534,1.9999999999999991,0.4610226213631745,ok,10.17
2.55,0.95,105.0,6,10,True,-2679.890162783784,-2680.3431459313288,2.0000000000000004,0.4601064773077736,ok,10.11
2.55,0.95,115.0,6,10,True,-2679.889637660658,-2680.34203232741,2.0000000000000004,0.45962107410133485,ok,10.18
2.55,0.95,125.0,6,10,True,-2679.888842127475,-2680.3406390338223,1.9999999999999998,0.4596614361912973,ok,9.87
2.55,1.0,75.0,6,10,True,-2679.885640534521,-2680.3418676009182,1.9999999999999996,0.4667019094813469,ok,9.6
2.55,0.95,135.0,6,10,True,-2679.887919162289,-2680.339109814229,2.0,0.45954852048992134,ok,9.93
2.55,1.0,85.0,6,10,True,-2679.8872987071754,-2680.3427813423946,2.000000000000001,0.4645502562777236,ok,9.97
2.55,1.0,95.0,6,10,True,-2679.887957902408,-2680.342853420128,1.9999999999999993,0.4626940874024924,ok,9.79
2.55,1.0,125.0,6,10,True,-2679.8866102782645,-2680.3397610446464,1.9999999999999993,0.4584627612679484,ok,9.34
2.55,1.05,75.0,6,10,True,-2679.879443811922,-2680.337213338508,1.9999999999999991,0.47049946572248114,ok,9.24
2.55,1.0,115.0,6,10,True,-2679.8874020321823,-2680.3411630630053,2.0,0.45961833252438555,ok,9.89
2.55,1.05,125.0,6,10,True,-2679.8805799736706,-2680.3350832620904,2.0000000000000004,0.4567564400883567,ok,8.55
2.55,1.05,95.0,6,10,True,-2679.8818766285626,-2680.3380923223453,1.9999999999999987,0.46383849224623325,ok,9.57
2.55,1.05,85.0,6,10,True,-2679.8811700387428,-2680.338094984203,2.0000000000000004,0.4666510255439034,ok,9.61
2.55,1.1,75.0,6,10,True,-2679.870596843275,-2680.3299263414924,1.9999999999999991,0.4738998641515412,ok,8.35
2.55,1.05,135.0,6,10,True,-2679.8796510811417,-2680.3335052207817,2.0,0.4535539471989217,ok,8.49
2.55,1.05,105.0,6,10,True,-2679.8818606660684,-2680.3375769522,2.0,0.46138285034880744,ok,9.64
2.55,1.05,115.0,6,10,True,-2679.8813654567057,-2680.336487419751,1.9999999999999996,0.45910349333166195,ok,9.55
2.55,1.1,85.0,6,10,True,-2679.872377367575,-2680.330835126991,2.000000000000001,0.46825471216460357,ok,8.59
2.55,1.1,95.0,6,10,True,-2679.8731265486863,-2680.330792981389,1.9999999999999982,0.4644629385108198,ok,8.72
2.55,1.1,105.0,6,10,True,-2679.87313921178,-2680.3302291689383,2.0000000000000004,0.46124948295163365,ok,8.57
2.55,1.15,105.0,6,10,True,-2679.8625837611335,-2680.3210816789833,1.9999999999999996,0.460639757693333,ok,5.51
2.55,1.15,115.0,6,10,True,-2679.8621255679113,-2680.3200155567715,1.9999999999999991,0.4566198582301371,ok,5.55
2.55,1.1,115.0,6,10,True,-2679.872661535402,-2680.329114963719,2.0000000000000018,0.45809197541554897,ok,8.61
2.55,1.1,125.0,6,10,True,-2679.871885445152,-2680.3277411082136,2.0,0.4545687713934296,ok,8.64
2.55,1.1,135.0,6,10,True,-2679.8709587899257,-2680.326232578183,1.9999999999999996,0.4498349214084041,ok,8.48
2.55,1.15,75.0,6,10,True,-2679.85993407566,-2680.3207987431006,2.0000000000000018,0.47691275112149767,ok,8.68
2.55,1.15,85.0,6,10,True,-2679.8617550654794,-2680.321641233085,2.0,0.46937771567119585,ok,8.55
2.55,1.15,95.0,6,10,True,-2679.862542697531,-2680.3216394730143,2.000000000000001,0.46460007300553685,ok,8.58
2.55,1.15,125.0,6,10,True,-2679.8613621291342,-2680.318651213199,1.9999999999999996,0.45193788908137966,ok,9.33
2.55,1.15,135.0,6,10,True,-2679.8604417499896,-2680.317121185879,1.9999999999999993,0.4456933358803441,ok,9.21
2.55,1.2,75.0,6,10,True,-2679.848071878118,-2680.310478730509,1.9999999999999991,0.47954933159100965,ok,9.32
2.55,1.2,85.0,6,10,True,-2679.8499200961023,-2680.3112271940554,2.000000000000003,0.47004934032547974,ok,9.13
2.55,1.2,95.0,6,10,True,-2679.8507421755435,-2680.3112686728214,2.0,0.4642805583939784,ok,9.35
2.55,1.2,105.0,6,10,True,-2679.850811566645,-2680.310716393324,1.9999999999999996,0.459588675495876,ok,9.45
2.65,0.8,135.0,6,10,True,-2679.8554125955975,-2680.3008529094777,1.9999999999999998,0.3643127606934971,ok,6.34
2.55,1.2,115.0,6,10,True,-2679.8503749089273,-2680.309672242584,2.0000000000000018,0.4547238788619993,ok,9.53
2.55,1.2,125.0,6,10,True,-2679.8496275706916,-2680.308321933389,2.0,0.44890472483146565,ok,9.32
2.65,0.85,75.0,6,10,True,-2679.87658064466,-2680.325934959075,2.000000000000001,0.34053656693172574,ok,6.59
2.55,1.25,105.0,6,10,True,-2679.8382798598086,-2680.2995941075046,2.000000000000001,0.4581363471518228,ok,8.24
2.55,1.2,135.0,6,10,True,-2679.8487174270604,-2680.3068096817356,2.0,0.4411736396533039,ok,9.16
2.55,1.25,135.0,6,10,True,-2679.8362436434977,-2680.295764422197,2.0000000000000004,0.4363353416053733,ok,8.3
2.55,1.25,75.0,6,10,True,-2679.83546631815,-2680.2994071396224,2.000000000000001,0.481826435519302,ok,9.2
2.55,1.25,95.0,6,10,True,-2679.838181956347,-2680.300143429321,1.9999999999999996,0.4635418222489815,ok,9.25
2.55,1.25,85.0,6,10,True,-2679.837328867805,-2680.300094313277,1.9999999999999996,0.47029276075212356,ok,9.54
2.55,1.25,115.0,6,10,True,-2679.837866933373,-2680.2985720136126,2.0,0.45244921926745635,ok,9.25
2.55,1.25,125.0,6,10,True,-2679.837139167217,-2680.2972519289387,1.9999999999999991,0.44551832421713716,ok,9.37
2.65,0.8,75.0,6,10,True,-2679.8557941130193,-2680.3038425517384,2.000000000000001,0.33593968039138805,ok,10.15
2.65,0.8,125.0,6,10,True,-2679.856047749376,-2680.3019219092853,1.999999999999999,0.3592788031166917,ok,9.81
2.65,0.8,115.0,6,10,True,-2679.8566025722166,-2680.302927851667,1.9999999999999993,0.354151336499434,ok,10.08
2.65,0.8,105.0,6,10,True,-2679.856984063335,-2680.303769616725,2.0000000000000004,0.3496171569888968,ok,10.37
2.65,0.8,95.0,6,10,True,-2679.8570783595023,-2680.3043086111097,2.0000000000000004,0.3456004871700199,ok,11.09
2.65,0.85,95.0,6,10,True,-2679.8779990452636,-2680.326462364081,1.9999999999999998,0.3484362650319348,ok,9.88
2.65,0.8,85.0,6,10,True,-2679.8567414390354,-2680.304381733031,2.000000000000001,0.3414158893221737,ok,11.44
2.65,0.85,85.0,6,10,True,-2679.8776161555516,-2680.326519712168,2.0,0.3450167982059747,ok,10.24
2.65,0.85,125.0,6,10,True,-2679.876978233519,-2680.3240813289453,1.9999999999999998,0.359401291308807,ok,9.44
2.65,0.85,105.0,6,10,True,-2679.877923311372,-2680.3259345528945,2.0000000000000004,0.3517030333820573,ok,10.17
2.65,0.85,115.0,6,10,True,-2679.877542718993,-2680.325101617962,2.0000000000000004,0.3553535142546512,ok,9.87
2.65,0.85,135.0,6,10,True,-2679.8763268768053,-2680.3230009653676,1.9999999999999996,0.363151345287538,ok,9.62
2.65,0.9,135.0,6,10,True,-2679.886857017816,-2680.3348132829947,2.0,0.36152152111363794,ok,6.08
2.65,0.95,95.0,6,10,True,-2679.8915970007597,-2680.3426676275126,1.9999999999999998,0.3528074524137268,ok,6.19
2.65,0.9,85.0,6,10,True,-2679.888105830521,-2680.3383311452512,1.9999999999999987,0.3482224404923555,ok,11.0
2.65,0.9,75.0,6,10,True,-2679.8869883040693,-2680.3376832132662,2.0,0.3448351140695893,ok,11.41
2.65,0.9,95.0,6,10,True,-2679.888532068781,-2680.338284947675,2.0,0.3508406635554563,ok,10.88
2.65,0.9,105.0,6,10,True,-2679.88847424401,-2680.3377602330506,2.0000000000000004,0.35334425077730486,ok,11.11
2.65,0.9,115.0,6,10,True,-2679.888095487233,-2680.3369347684306,2.0,0.3561100828385097,ok,10.83
2.65,0.95,105.0,6,10,True,-2679.8915566969163,-2680.3421521763457,2.0000000000000004,0.35454305152259524,ok,9.42
2.65,0.95,125.0,6,10,True,-2679.8906009382977,-2680.3402712464913,2.0000000000000004,0.35828851010487506,ok,9.23
2.65,0.9,125.0,6,10,True,-2679.8875226345754,-2680.335908513799,2.0000000000000004,0.3590645696434283,ok,10.82
2.65,0.95,85.0,6,10,True,-2679.8911303244436,-2680.342709928172,2.0000000000000004,0.3510252573242382,ok,10.91
2.65,0.95,75.0,6,10,True,-2679.889938518863,-2680.3420009902497,1.9999999999999998,0.3488384730704446,ok,11.14
2.65,0.95,115.0,6,10,True,-2679.8911805074645,-2680.341319843124,2.000000000000001,0.3564243593940447,ok,10.27
2.65,0.95,135.0,6,10,True,-2679.889922654164,-2680.3391400705036,1.9999999999999993,0.3594421737878259,ok,10.22
2.65,1.0,125.0,6,10,True,-2679.888334030401,-2680.33935948348,2.000000000000001,0.3570825336481375,ok,8.44
2.65,1.1,95.0,6,10,True,-2679.874481739623,-2680.329587849001,2.0,0.35609995543440065,ok,5.87
2.65,1.0,115.0,6,10,True,-2679.8889185906055,-2680.3404005724924,1.9999999999999993,0.3563040614788063,ok,8.92
2.65,1.1,105.0,6,10,True,-2679.874491123348,-2680.329112802221,1.9999999999999991,0.35552425216673794,ok,5.68
2.65,1.0,135.0,6,10,True,-2679.88764491188,-2680.3382064565303,2.0000000000000004,0.3569312570790319,ok,8.79
2.65,1.0,95.0,6,10,True,-2679.889314538026,-2680.341723580474,2.0000000000000004,0.35433606050778454,ok,10.43
2.65,1.0,85.0,6,10,True,-2679.888810513979,-2680.341694186336,1.9999999999999982,0.3534215037664613,ok,10.72
2.65,1.0,75.0,6,10,True,-2679.887552849684,-2680.3410110969025,1.9999999999999996,0.3525394846187997,ok,10.98
2.65,1.0,105.0,6,10,True,-2679.8892911433545,-2680.3412255698495,2.0000000000000004,0.3552998600194947,ok,10.53
2.65,1.05,75.0,6,10,True,-2679.8813794593857,-2680.3363197619656,2.0000000000000004,0.35594456008998065,ok,9.45
2.65,1.05,95.0,6,10,True,-2679.8832316697176,-2680.3369262508795,2.0000000000000004,0.3554318730860206,ok,8.97
2.65,1.05,135.0,6,10,True,-2679.8815718773735,-2680.3333955846083,2.0000000000000013,0.35401478300312333,ok,8.5
2.65,1.05,125.0,6,10,True,-2679.88226925434,-2680.334609425871,2.0000000000000004,0.35546073684728197,ok,8.62
2.65,1.05,115.0,6,10,True,-2679.882856772172,-2680.3356704784132,2.0,0.355756404760875,ok,9.06
2.65,1.05,105.0,6,10,True,-2679.8832247883106,-2680.3365102655252,2.0000000000000004,0.3556237081253219,ok,9.9
2.65,1.05,85.0,6,10,True,-2679.8826936361493,-2680.3369278369696,1.9999999999999996,0.3554146004360053,ok,10.21
2.65,1.1,75.0,6,10,True,-2679.872552017789,-2680.3290164659543,2.0000000000000004,0.35904762206642665,ok,9.67
2.65,1.1,85.0,6,10,True,-2679.873912878789,-2680.329633762529,1.9999999999999998,0.3570041793705127,ok,9.43
2.65,1.2,105.0,6,10,True,-2679.852143937233,-2680.3095256542892,2.0,0.3541564964364648,ok,5.77
2.65,1.2,125.0,6,10,True,-2679.851218198648,-2680.3076658954965,1.9999999999999991,0.3483738489096896,ok,5.51
2.65,1.1,115.0,6,10,True,-2679.874129175292,-2680.3282669368405,2.0000000000000004,0.3548018917449483,ok,9.78
2.65,1.1,125.0,6,10,True,-2679.8735411235475,-2680.3272380121216,2.000000000000002,0.3534473768188745,ok,9.61
2.65,1.1,135.0,6,10,True,-2679.8728383673874,-2680.326091438241,1.9999999999999996,0.35072077169068866,ok,9.52
2.65,1.15,105.0,6,10,True,-2679.86392509531,-2680.319938353341,2.0000000000000004,0.3550255427950166,ok,8.82
2.65,1.15,95.0,6,10,True,-2679.863899519219,-2680.3203981003658,1.9999999999999996,0.35636029529887475,ok,8.87
2.65,1.15,115.0,6,10,True,-2679.863570866414,-2680.3191094020517,1.9999999999999991,0.35346582152601314,ok,9.53
2.65,1.15,75.0,6,10,True,-2679.8619054089763,-2680.3198340662193,1.9999999999999996,0.3618579404994743,ok,10.37
2.65,1.15,85.0,6,10,True,-2679.8633030045644,-2680.3204185688132,2.0000000000000004,0.3582050425908495,ok,10.15
2.65,1.15,125.0,6,10,True,-2679.862984941864,-2680.318065819131,1.9999999999999996,0.3510731732844333,ok,9.46
2.65,1.2,95.0,6,10,True,-2679.8521021197553,-2680.309985258852,2.0000000000000004,0.3562381603065702,ok,8.8
2.65,1.2,135.0,6,10,True,-2679.8505142604836,-2680.3065169571405,1.999999999999999,0.3431544728661173,ok,8.29
2.65,1.15,135.0,6,10,True,-2679.8622797146204,-2680.3169067905164,2.0000000000000004,0.3470833462180701,ok,9.53
2.65,1.2,115.0,6,10,True,-2679.8517991337085,-2680.3087046369405,1.9999999999999998,0.35177870763252994,ok,8.72
2.65,1.2,85.0,6,10,True,-2679.851480848635,-2680.309983246655,2.000000000000001,0.3590344629945172,ok,10.06
2.65,1.25,115.0,6,10,True,-2679.8392711647302,-2680.297553438705,2.0,0.34977810009346594,ok,8.55
2.65,1.25,125.0,6,10,True,-2679.8386980987216,-2680.2965296942098,2.0000000000000004,0.3453894708306524,ok,8.41
2.65,1.2,75.0,6,10,True,-2679.850056179825,-2680.309454420611,1.9999999999999998,0.36437810483635724,ok,10.46
2.65,1.25,135.0,6,10,True,-2679.8379984705803,-2680.295389905692,2.0000000000000004,0.3389673250574472,ok,8.46
2.65,1.25,105.0,6,10,True,-2679.8396047239903,-2680.298358198925,1.9999999999999998,0.35295119952710513,ok,9.69
2.65,1.25,95.0,6,10,True,-2679.839546223753,-2680.2988183549046,2.0000000000000004,0.3557599206971332,ok,9.92
2.65,1.25,75.0,6,10,True,-2679.837460627363,-2680.298332234398,1.9999999999999996,0.3666154013034479,ok,10.42
2.65,1.25,85.0,6,10,True,-2679.8389028146507,-2680.298816929075,2.0,0.3595092202639362,ok,10.24
2.75,0.8,135.0,6,10,True,-2679.8568629482315,-2680.300900796456,1.9999999999999998,0.2879314638068159,ok,6.16
2.75,0.8,75.0,6,10,True,-2679.8569883671144,-2680.3030610987353,1.9999999999999993,0.2529716569275052,ok,10.4
2.75,0.8,85.0,6,10,True,-2679.857708260707,-2680.30344771958,1.9999999999999996,0.2597684414417152,ok,10.45
2.75,0.85,75.0,6,10,True,-2679.87780072035,-2680.325149650963,1.999999999999999,0.2568518009685164,ok,6.76
2.75,0.8,115.0,6,10,True,-2679.8576988437862,-2680.302389008036,2.0000000000000004,0.2771862745343525,ok,9.95
2.75,0.8,125.0,6,10,True,-2679.857314706338,-2680.301662347006,1.9999999999999987,0.2829288912808291,ok,9.85
2.75,0.8,105.0,6,10,True,-2679.8579490542074,-2680.3030098886475,1.9999999999999996,0.27136045310410584,ok,11.48
2.75,0.8,95.0,6,10,True,-2679.857985785007,-2680.303400932005,1.9999999999999996,0.26564817772237304,ok,11.5
2.75,0.85,125.0,6,10,True,-2679.8782176875948,-2680.323778325127,2.0000000000000004,0.28286901596242137,ok,9.65
2.75,0.85,115.0,6,10,True,-2679.878614770667,-2680.324513593615,1.9999999999999993,0.2780897976145322,ok,10.26
2.75,1.0,95.0,6,10,True,-2679.8901926290473,-2680.340647653466,1.9999999999999993,0.2733058693583658,ok,6.3
2.75,1.0,125.0,6,10,True,-2679.8894943729047,-2680.338877824643,2.000000000000001,0.28048338939692996,ok,5.73
2.75,0.9,115.0,6,10,True,-2679.88914431016,-2680.336314016199,2.0,0.27862761413599224,ok,9.65
2.75,0.85,105.0,6,10,True,-2679.8788696977117,-2680.325126319493,2.0000000000000013,0.27308772074136456,ok,11.36
2.75,0.85,95.0,6,10,True,-2679.878896784361,-2680.325519764583,1.9999999999999998,0.26808161142841425,ok,11.47
2.75,0.85,85.0,6,10,True,-2679.8785872581275,-2680.325555343509,1.9999999999999991,0.26287576686148467,ok,11.54
2.75,0.9,105.0,6,10,True,-2679.889403489809,-2680.336922915287,2.0000000000000004,0.2744547929892306,ok,9.81
2.75,0.9,135.0,6,10,True,-2679.8882497065947,-2680.3347661512403,1.9999999999999993,0.2852584084993942,ok,9.77
2.75,0.85,135.0,6,10,True,-2679.877748561231,-2680.3229977106644,1.9999999999999998,0.2867888134416499,ok,10.7
2.75,0.9,95.0,6,10,True,-2679.889421667037,-2680.337316895719,2.0000000000000004,0.27017449323782533,ok,10.89
2.75,0.9,125.0,6,10,True,-2679.8887351934604,-2680.335565881363,2.0000000000000004,0.28243498847308757,ok,10.79
2.75,0.95,115.0,6,10,True,-2679.892207222994,-2680.340652430523,2.0,0.27880018729374784,ok,9.73
2.75,0.95,85.0,6,10,True,-2679.892112179444,-2680.341672755151,2.0000000000000004,0.2681834811314637,ok,10.02
2.75,0.9,85.0,6,10,True,-2679.8890818851964,-2680.33734001778,2.000000000000001,0.26568376360252777,ok,11.21
2.75,0.95,95.0,6,10,True,-2679.8924800264303,-2680.3416479544976,2.0000000000000013,0.27191764590756884,ok,9.99
2.75,0.9,75.0,6,10,True,-2679.888232788963,-2680.336895886499,1.9999999999999998,0.2605279556300771,ok,11.62
2.75,0.95,105.0,6,10,True,-2679.892470285265,-2680.3412647867417,1.9999999999999993,0.27545936263363724,ok,10.48
2.75,0.95,135.0,6,10,True,-2679.891286439883,-2680.3390837524607,1.9999999999999991,0.28336113919649586,ok,10.18
2.75,0.95,75.0,6,10,True,-2679.8912055047836,-2680.3411918571605,2.0,0.263996154080974,ok,11.32
2.75,0.95,125.0,6,10,True,-2679.8917869922643,-2680.3398936635454,1.9999999999999996,0.2816365370713286,ok,10.47
2.75,1.0,115.0,6,10,True,-2679.889924380602,-2680.339655862055,1.9999999999999991,0.2786131021193572,ok,9.22
2.75,1.0,135.0,6,10,True,-2679.8889799979142,-2680.3380370914324,2.0,0.28111252630299954,ok,8.8
2.75,1.0,105.0,6,10,True,-2679.8901907751,-2680.340267589275,2.0000000000000004,0.27610121137945565,ok,9.66
2.75,1.0,85.0,6,10,True,-2679.88979898343,-2680.340661054785,2.0000000000000004,0.27036718530917264,ok,11.37
2.75,1.0,75.0,6,10,True,-2679.8888405808184,-2680.3401360411676,2.0,0.26725130177000817,ok,11.5
2.75,1.05,75.0,6,10,True,-2679.8826858952725,-2680.3354063332367,2.0000000000000004,0.2702924063397253,ok,9.62
2.75,1.05,125.0,6,10,True,-2679.883404861683,-2680.3340885583275,2.0000000000000004,0.2789900068803647,ok,5.7
2.75,1.05,135.0,6,10,True,-2679.8828785035703,-2680.333223358043,2.000000000000001,0.2785301120926699,ok,5.68
2.75,1.05,95.0,6,10,True,-2679.884106525978,-2680.3358585214073,1.9999999999999996,0.27434100431770275,ok,10.42
2.75,1.05,85.0,6,10,True,-2679.8836894954325,-2680.3358505331007,1.9999999999999996,0.27223277379059496,ok,10.93
2.75,1.05,105.0,6,10,True,-2679.8841122288463,-2680.3355014199306,2.0,0.2763852754115191,ok,8.83
2.75,1.05,115.0,6,10,True,-2679.883843330977,-2680.334874177026,1.9999999999999993,0.27807594194345153,ok,8.9
2.75,1.1,125.0,6,10,True,-2679.87465302865,-2680.326703895033,2.000000000000002,0.27717457065605766,ok,8.79
2.75,1.1,115.0,6,10,True,-2679.8750979724123,-2680.327477760891,2.0,0.27720004300370016,ok,8.85
2.75,1.1,75.0,6,10,True,-2679.8738752419445,-2680.328101363002,1.9999999999999993,0.27311262482376136,ok,9.9
2.75,1.1,105.0,6,10,True,-2679.875368270361,-2680.328105628528,2.0000000000000004,0.2763182692756457,ok,10.02
2.75,1.15,125.0,6,10,True,-2679.8640741015183,-2680.3174713070434,1.9999999999999998,0.27506156972269163,ok,8.7
2.75,1.1,135.0,6,10,True,-2679.8741169260816,-2680.325843953195,2.0000000000000004,0.2756404974374649,ok,9.65
2.75,1.15,105.0,6,10,True,-2679.864793695815,-2680.3188888595787,2.0000000000000004,0.2759174542374895,ok,8.92
2.75,1.1,95.0,6,10,True,-2679.8753551980612,-2680.3284817619833,1.9999999999999996,0.2750253616748151,ok,10.45
2.75,1.15,95.0,6,10,True,-2679.8647732473714,-2680.319257629429,2.0000000000000004,0.275371286024804,ok,9.32
2.75,1.1,85.0,6,10,True,-2679.87491713462,-2680.328503410541,2.0000000000000013,0.2737775051596472,ok,10.71
2.75,1.25,115.0,6,10,True,-2679.8401953694265,-2680.2966225608616,1.9999999999999993,0.2727792932850738,ok,5.51
2.75,1.15,135.0,6,10,True,-2679.8635308327594,-2680.316604462747,2.0,0.2724751415597922,ok,9.49
2.75,1.25,105.0,6,10,True,-2679.840460981232,-2680.297240083918,2.0000000000000013,0.27421038110845675,ok,5.69
2.75,1.15,115.0,6,10,True,-2679.864523352832,-2680.3182579614895,1.999999999999999,0.2760062427525103,ok,9.89
2.75,1.15,75.0,6,10,True,-2679.8632434657607,-2680.3188842302484,2.000000000000001,0.2757148909844092,ok,10.41
2.75,1.2,135.0,6,10,True,-2679.851737846649,-2680.306159940347,1.9999999999999998,0.2690704311925041,ok,8.39
2.75,1.15,85.0,6,10,True,-2679.864316465582,-2680.3192790074604,1.9999999999999996,0.27500876843606026,ok,10.58
2.75,1.2,125.0,6,10,True,-2679.852285573108,-2680.307024743526,2.0000000000000004,0.2726831888824697,ok,8.72
2.75,1.2,115.0,6,10,True,-2679.8527367540933,-2680.3078134324414,2.0,0.2745218714405471,ok,9.0
2.75,1.2,95.0,6,10,True,-2679.852977679766,-2680.308811574279,2.0000000000000004,0.2753977006634596,ok,9.93
2.75,1.2,105.0,6,10,True,-2679.853005607685,-2680.308441989722,1.9999999999999991,0.2752054468776497,ok,9.96
2.75,1.2,75.0,6,10,True,-2679.8514072557946,-2680.308448482024,1.9999999999999998,0.2780984773857275,ok,10.64
2.75,1.25,95.0,6,10,True,-2679.8404251488346,-2680.2976106675533,2.0000000000000004,0.27512502593008875,ok,9.26
2.75,1.2,85.0,6,10,True,-2679.8525042486294,-2680.3088263915347,2.0,0.27593660488640026,ok,11.16
2.75,1.25,85.0,6,10,True,-2679.8399370981965,-2680.297631398441,2.0000000000000004,0.27657560349548455,ok,10.29
2.75,1.25,75.0,6,10,True,-2679.8388230290548,-2680.2972876785134,2.0,0.28026625176071335,ok,10.93
2.75,1.25,125.0,6,10,True,-2679.8397445712844,-2680.295839418085,2.0000000000000013,0.27007371148374265,ok,9.31
2.75,1.25,135.0,6,10,True,-2679.8391951173435,-2680.294974938107,1.9999999999999993,0.2654642281847001,ok,9.55
2.85,0.85,125.0,6,10,True,-2679.8790334862188,-2680.3234258142893,1.9999999999999993,0.224866710112278,ok,6.57
2.85,0.8,75.0,6,10,True,-2679.8577799829295,-2680.3023247415417,2.000000000000001,0.19158805165923437,ok,10.39
2.85,0.9,75.0,6,10,True,-2679.889058324182,-2680.3361418427194,2.000000000000001,0.19801391975974436,ok,6.64
2.85,0.8,85.0,6,10,True,-2679.85833454776,-2680.302610032487,2.000000000000001,0.19923730919112506,ok,10.93
2.85,0.8,105.0,6,10,True,-2679.8585741203615,-2680.3023250787414,2.000000000000001,0.21287287512854516,ok,10.38
2.85,0.8,95.0,6,10,True,-2679.858569787854,-2680.3025869486664,2.0,0.20619769591210527,ok,10.75
2.85,0.8,135.0,6,10,True,-2679.857826958188,-2680.3008195911107,2.0000000000000004,0.229647513918099,ok,9.89
2.85,0.8,115.0,6,10,True,-2679.8584161625386,-2680.3018799512893,1.9999999999999991,0.21925593379838698,ok,10.35
2.85,0.85,85.0,6,10,True,-2679.879213688836,-2680.3246977605763,1.9999999999999993,0.2019164874411786,ok,10.56
2.85,0.8,125.0,6,10,True,-2679.858151200235,-2680.3013594928584,2.0000000000000004,0.22502832801249154,ok,11.08
2.85,0.85,105.0,6,10,True,-2679.8794782612626,-2680.3244112866787,2.0,0.2143072221213408,ok,10.59
2.85,0.85,75.0,6,10,True,-2679.8786095725145,-2680.3244025828158,2.0000000000000004,0.1948684990000992,ok,11.38
2.85,0.9,135.0,6,10,True,-2679.889173085324,-2680.334600542976,1.9999999999999996,0.22717634586780552,ok,9.65
2.85,0.9,125.0,6,10,True,-2679.8895307589187,-2680.3351774628804,2.000000000000001,0.22439521454900432,ok,10.0
2.85,0.9,105.0,6,10,True,-2679.8899968560745,-2680.3361665133284,2.0000000000000004,0.21544882583059852,ok,10.29
2.85,0.85,135.0,6,10,True,-2679.878692271677,-2680.322864294553,1.9999999999999991,0.22857242629745603,ok,10.91
2.85,0.85,95.0,6,10,True,-2679.8794704881407,-2680.3246752029813,2.000000000000001,0.20828485789664491,ok,11.72
2.85,0.85,115.0,6,10,True,-2679.8793124740473,-2680.323964116021,1.9999999999999998,0.21994042081347562,ok,11.51
2.85,0.9,85.0,6,10,True,-2679.889709327485,-2680.3364570113904,2.0,0.20437063439871958,ok,11.4
2.85,0.9,115.0,6,10,True,-2679.8898233167306,-2680.335720708028,1.9999999999999998,0.22032268698996116,ok,11.02
2.85,0.95,105.0,6,10,True,-2679.8930498674554,-2680.3404700016126,1.9999999999999998,0.21629312726507482,ok,9.61
2.85,0.9,95.0,6,10,True,-2679.889986330195,-2680.33643556541,2.0000000000000004,0.21010185188518737,ok,11.71
2.85,0.95,75.0,6,10,True,-2679.892046970892,-2680.340445847568,2.000000000000001,0.20101787929914905,ok,11.14
2.85,0.95,85.0,6,10,True,-2679.8927415077023,-2680.340773537838,1.9999999999999998,0.20658948514397846,ok,11.14
2.85,1.0,115.0,6,10,True,-2679.8905697111654,-2680.338974997067,1.9999999999999991,0.2201858114275932,ok,5.76
2.85,0.95,95.0,6,10,True,-2679.8930371050124,-2680.340751613622,1.9999999999999993,0.2116380917333586,ok,11.37
2.85,0.95,115.0,6,10,True,-2679.892868672489,-2680.340028360105,2.0000000000000004,0.22040262097146562,ok,10.5
2.85,1.0,95.0,6,10,True,-2679.8907437305393,-2680.3397153998344,1.9999999999999987,0.21288899646077367,ok,6.52
2.85,0.95,125.0,6,10,True,-2679.89256305772,-2680.3394805187168,2.0,0.22361977809387146,ok,10.46
2.85,0.95,135.0,6,10,True,-2679.8921895510703,-2680.338887828416,2.0000000000000004,0.22547341449317296,ok,10.32
2.85,1.0,75.0,6,10,True,-2679.8896971745307,-2680.3393621061696,2.0000000000000004,0.20387561855929345,ok,11.64
2.85,1.0,85.0,6,10,True,-2679.8904312948034,-2680.3396915755457,2.0000000000000013,0.20856348323569054,ok,11.1
2.85,1.0,105.0,6,10,True,-2679.890758204853,-2680.339431608112,2.0,0.2168394786298606,ok,9.73
2.85,1.0,125.0,6,10,True,-2679.8902517501633,-2680.3384198947037,1.9999999999999996,0.22255188525348085,ok,8.71
2.85,1.0,135.0,6,10,True,-2679.889863375332,-2680.33783005551,1.9999999999999996,0.22348112767244693,ok,8.83
2.85,1.05,75.0,6,10,True,-2679.883556659759,-2680.3345630724334,1.9999999999999998,0.20658103727964827,ok,9.5
2.85,1.15,125.0,6,10,True,-2679.864781685866,-2680.316901306538,1.9999999999999998,0.2177146337500898,ok,5.6
2.85,1.05,95.0,6,10,True,-2679.8846532895277,-2680.334911925901,1.9999999999999993,0.21385152437644456,ok,9.48
2.85,1.05,85.0,6,10,True,-2679.8843257774274,-2680.3348813102402,2.0000000000000013,0.2102876813026502,ok,9.66
2.85,1.05,125.0,6,10,True,-2679.884144559393,-2680.3335725336515,2.0,0.22119939449160272,ok,8.69
2.85,1.05,105.0,6,10,True,-2679.884669149454,-2680.334639775434,2.0000000000000004,0.21708863297571024,ok,9.23
2.85,1.2,85.0,6,10,True,-2679.8531588535666,-2680.3077997421715,2.0000000000000004,0.21394626800138744,ok,6.42
2.85,1.05,115.0,6,10,True,-2679.8844737459854,-2680.3341711767393,2.0000000000000004,0.21967517739521275,ok,9.8
2.85,1.05,135.0,6,10,True,-2679.883742684447,-2680.332972229526,1.9999999999999998,0.22121360500827678,ok,9.55
2.85,1.1,95.0,6,10,True,-2679.8758993283645,-2680.327504870257,2.000000000000001,0.2145261955229472,ok,9.35
2.85,1.1,75.0,6,10,True,-2679.874759259187,-2680.327263321341,2.0,0.2091275086482235,ok,9.81
2.85,1.1,85.0,6,10,True,-2679.8755584942505,-2680.3275147684017,1.9999999999999987,0.21175737620532556,ok,9.77
2.85,1.1,105.0,6,10,True,-2679.875916401205,-2680.3272257556678,1.9999999999999996,0.21704656267470238,ok,10.06
2.85,1.1,125.0,6,10,True,-2679.8753761215057,-2680.3261710655247,2.0000000000000004,0.2195798663959742,ok,9.91
2.85,1.1,115.0,6,10,True,-2679.8757150380798,-2680.326753628938,2.0000000000000004,0.21888321480718542,ok,9.93
2.85,1.1,135.0,6,10,True,-2679.87496248879,-2680.3255345519697,1.9999999999999982,0.21869180002405808,ok,9.71
2.85,1.15,85.0,6,10,True,-2679.864963947465,-2680.3182698470027,1.9999999999999982,0.21297502977473445,ok,9.42
2.85,1.15,115.0,6,10,True,-2679.8651285708715,-2680.3174930679397,2.000000000000001,0.21782674545569436,ok,9.76
2.85,1.15,75.0,6,10,True,-2679.864139761031,-2680.3180059285187,1.9999999999999978,0.21151354024949265,ok,10.63
2.85,1.15,105.0,6,10,True,-2679.865334780684,-2680.317969527117,2.0,0.2167257422645234,ok,9.94
2.85,1.15,95.0,6,10,True,-2679.8653164127486,-2680.318253020531,1.9999999999999996,0.2149208734622657,ok,10.33
2.85,1.15,135.0,6,10,True,-2679.864358343495,-2680.316253440782,1.9999999999999993,0.21594359527284737,ok,9.71
2.85,1.2,75.0,6,10,True,-2679.8523148794725,-2680.307529646537,1.9999999999999998,0.2137361743768812,ok,10.69
2.85,1.25,105.0,6,10,True,-2679.840992675544,-2680.2962650801232,2.0,0.2153224875217223,ok,5.82
2.85,1.2,95.0,6,10,True,-2679.8535213910354,-2680.30778215795,1.9999999999999987,0.21504816636221497,ok,10.37
2.85,1.2,105.0,6,10,True,-2679.853541244854,-2680.3074942454955,2.0,0.2161432759808866,ok,10.28
2.85,1.2,135.0,6,10,True,-2679.852547767623,-2680.3057701749813,1.999999999999999,0.2129990699325969,ok,8.48
2.85,1.2,115.0,6,10,True,-2679.853331498587,-2680.3070203588286,2.000000000000001,0.2165267021000501,ok,9.91
2.85,1.2,125.0,6,10,True,-2679.852978592449,-2680.3064248551395,2.0000000000000004,0.21562894887406028,ok,9.72
2.85,1.25,75.0,6,10,True,-2679.8397411939427,-2680.296337832007,1.9999999999999996,0.2157971032538315,ok,9.41
2.85,1.25,85.0,6,10,True,-2679.8405997547816,-2680.2965812537927,1.9999999999999996,0.2146809086595136,ok,9.44
2.95,0.8,85.0,6,10,True,-2679.858727472293,-2680.3018718077187,1.9999999999999996,0.15445487387764947,ok,7.15
2.85,1.25,125.0,6,10,True,-2679.840424025976,-2680.2951993007023,2.0000000000000013,0.21335457870215593,ok,8.34
2.85,1.25,135.0,6,10,True,-2679.8399879378007,-2680.2945456663183,2.0,0.2098924881838579,ok,8.4
2.85,1.25,115.0,6,10,True,-2679.8407809421033,-2680.295793166905,2.0000000000000004,0.215011601686845,ok,8.68
2.85,1.25,95.0,6,10,True,-2679.840970972313,-2680.2965563464095,1.9999999999999993,0.21492582028900187,ok,9.45
2.95,0.8,75.0,6,10,True,-2679.8582943982433,-2680.301660765144,2.0000000000000004,0.14632830751923048,ok,10.49
2.95,0.9,115.0,6,10,True,-2679.890241475575,-2680.335173627899,1.9999999999999998,0.17631015186719937,ok,6.59
2.95,0.8,135.0,6,10,True,-2679.8584454375914,-2680.3006444353364,2.000000000000001,0.18504280994225838,ok,10.07
2.95,0.8,115.0,6,10,True,-2679.8588650259635,-2680.3014002707723,2.000000000000001,0.17551990132625228,ok,10.46
2.95,0.8,125.0,6,10,True,-2679.8586815790195,-2680.301031747911,2.000000000000001,0.18097265958635564,ok,10.2
2.95,0.85,115.0,6,10,True,-2679.879745527626,-2680.3234525432745,2.0,0.1760407241640472,ok,10.28
2.95,0.8,95.0,6,10,True,-2679.8589301448656,-2680.3018695139717,1.9999999999999984,0.16200107311729484,ok,12.04
2.95,0.8,105.0,6,10,True,-2679.8589607252884,-2680.301699620745,2.0000000000000004,0.16908299169454016,ok,12.03
2.95,0.85,75.0,6,10,True,-2679.8791349660364,-2680.32372432533,2.0000000000000004,0.14911150215453092,ok,11.6
2.95,0.95,125.0,6,10,True,-2679.893048161009,-2680.3390616373085,2.0,0.1795486475395261,ok,6.08
2.95,0.85,95.0,6,10,True,-2679.8798205868934,-2680.323929817766,1.9999999999999993,0.1637894282104611,ok,11.83
2.95,0.85,105.0,6,10,True,-2679.8798505070463,-2680.323753394655,2.0000000000000004,0.17027665825373012,ok,11.62
2.95,0.85,135.0,6,10,True,-2679.8792960710994,-2680.322659227852,2.0000000000000013,0.1840511514505443,ok,10.85
2.95,0.85,125.0,6,10,True,-2679.8795481845927,-2680.3230709602585,1.9999999999999998,0.18075533586532821,ok,10.93
2.95,0.85,85.0,6,10,True,-2679.8796041797045,-2680.323937815112,2.0,0.15676492492725427,ok,12.41
2.95,0.9,95.0,6,10,True,-2679.890327296789,-2680.335658379531,2.0000000000000004,0.1653613481320029,ok,11.28
2.95,0.9,85.0,6,10,True,-2679.890098246136,-2680.335672554642,2.000000000000001,0.1589061128092254,ok,11.53
2.95,0.9,75.0,6,10,True,-2679.8895945929253,-2680.3354553881836,2.0,0.15180787786831768,ok,11.99
2.95,0.9,125.0,6,10,True,-2679.890030285933,-2680.334780461799,1.9999999999999998,0.18027847657258136,ok,10.86
2.95,0.9,135.0,6,10,True,-2679.8897624373603,-2680.3343712152423,1.9999999999999996,0.18279171241189862,ok,10.93
2.95,0.95,75.0,6,10,True,-2679.892593976308,-2680.3397533217803,2.0000000000000013,0.15441102843297602,ok,10.36
2.95,0.9,105.0,6,10,True,-2679.890355903489,-2680.335489396483,2.0000000000000013,0.1712305678737569,ok,11.68
2.95,0.95,105.0,6,10,True,-2679.8933969676364,-2680.339771890374,2.0000000000000004,0.17193994870056853,ok,9.82
2.95,0.95,115.0,6,10,True,-2679.8932729267226,-2680.3394533227065,1.9999999999999998,0.17632822772103043,ok,9.6
2.95,0.95,135.0,6,10,True,-2679.8927648695967,-2680.338627361538,2.0000000000000004,0.18127678584531587,ok,9.44
2.95,1.0,115.0,6,10,True,-2679.8909612264174,-2680.3383948079704,1.9999999999999998,0.1760967606263123,ok,6.18
2.95,0.95,95.0,6,10,True,-2679.8933701614064,-2680.3399545488055,2.0,0.16670907637005558,ok,11.22
2.95,1.0,85.0,6,10,True,-2679.8908197131263,-2680.33891100244,1.9999999999999996,0.162634611898047,ok,10.29
2.95,1.0,95.0,6,10,True,-2679.8910703075344,-2680.3389147204775,2.000000000000001,0.1678243145419032,ok,10.03
2.95,0.95,85.0,6,10,True,-2679.8931297079193,-2680.339968139048,2.000000000000001,0.16086507581002152,ok,11.82
2.95,1.0,75.0,6,10,True,-2679.8902545537467,-2680.338695934682,2.0000000000000004,0.15691305400505717,ok,10.57
2.95,1.05,125.0,6,10,True,-2679.8846034921708,-2680.3331220400764,2.000000000000001,0.17735799857966497,ok,5.67
2.95,1.0,105.0,6,10,True,-2679.891094756022,-2680.3387254727077,1.9999999999999998,0.17240223384529083,ok,9.6
2.95,1.0,125.0,6,10,True,-2679.890723244579,-2680.3379775350304,1.9999999999999984,0.17857212340540918,ok,8.63
2.95,1.0,135.0,6,10,True,-2679.8904251885824,-2680.3375379162835,1.9999999999999993,0.17951935442697609,ok,8.62
2.95,1.05,75.0,6,10,True,-2679.8841241102914,-2680.3338810551063,2.0,0.15930814726097325,ok,9.54
2.95,1.05,85.0,6,10,True,-2679.884715494146,-2680.334090700684,2.0000000000000004,0.16420687145716037,ok,9.74
2.95,1.05,95.0,6,10,True,-2679.8849748780854,-2680.3341168314428,1.9999999999999996,0.1687037801773152,ok,10.19
2.95,1.05,105.0,6,10,True,-2679.88499663702,-2680.333916167049,2.0,0.17261728631198417,ok,10.16
2.95,1.05,135.0,6,10,True,-2679.8842916221074,-2680.3326668797986,1.9999999999999996,0.17753091251342823,ok,9.54
2.95,1.05,115.0,6,10,True,-2679.8848538591124,-2680.3335686993937,1.9999999999999998,0.17562045987260677,ok,10.0
2.95,1.2,75.0,6,10,True,-2679.8529104009217,-2680.306723770642,2.0,0.16579009199074501,ok,6.19
2.95,1.1,95.0,6,10,True,-2679.8762174281483,-2680.3266712364225,2.0,0.1693458395214442,ok,10.39
2.95,1.1,105.0,6,10,True,-2679.876236408613,-2680.3264605676986,2.0,0.1725892123531654,ok,10.21
2.95,1.1,115.0,6,10,True,-2679.8760851345533,-2680.3261061690387,1.9999999999999998,0.17490831885788993,ok,9.89
2.95,1.2,135.0,6,10,True,-2679.8530620403926,-2680.3053754640773,2.000000000000001,0.17039105759724968,ok,5.4
2.95,1.1,75.0,6,10,True,-2679.875336451219,-2680.3264962656763,1.9999999999999996,0.16158855884120846,ok,10.9
2.95,1.1,135.0,6,10,True,-2679.8754992243166,-2680.325203324636,1.9999999999999998,0.17533067326857601,ok,9.68
2.95,1.1,85.0,6,10,True,-2679.8759506110136,-2680.326662688274,2.0000000000000004,0.1655763034108984,ok,10.99
2.95,1.1,125.0,6,10,True,-2679.8758235305468,-2680.3256546655334,2.0000000000000004,0.17591992570813877,ok,10.27
2.95,1.15,95.0,6,10,True,-2679.8656325806805,-2680.3173917283216,1.9999999999999996,0.16975595951784814,ok,9.33
2.95,1.15,125.0,6,10,True,-2679.865218608408,-2680.3163708406723,1.9999999999999998,0.1742761470667005,ok,8.76
2.95,1.15,115.0,6,10,True,-2679.8654900063557,-2680.316812523671,2.000000000000001,0.17397366832281572,ok,9.01
2.95,1.15,135.0,6,10,True,-2679.8648835190174,-2680.3158897130775,2.0000000000000004,0.17294171578744685,ok,8.68
2.95,1.15,105.0,6,10,True,-2679.865648848511,-2680.317174368835,1.9999999999999998,0.17232742511563798,ok,9.88
2.95,1.15,75.0,6,10,True,-2679.8647263107014,-2680.317215043323,1.9999999999999993,0.16375066932318502,ok,10.82
2.95,1.15,85.0,6,10,True,-2679.865359527965,-2680.3173910132396,2.0,0.16674227811745868,ok,10.77
2.95,1.2,125.0,6,10,True,-2679.8534061020887,-2680.3058663768684,1.9999999999999998,0.17244929985154278,ok,8.5
2.95,1.2,105.0,6,10,True,-2679.8538508859283,-2680.3066718848613,1.9999999999999996,0.171845870887524,ok,9.13
2.95,1.2,95.0,6,10,True,-2679.853837071314,-2680.306895565885,1.9999999999999993,0.16994249381289278,ok,9.4
2.95,1.2,115.0,6,10,True,-2679.8536857526337,-2680.3063049695384,1.9999999999999998,0.17283649548123914,ok,9.61
2.95,1.2,85.0,6,10,True,-2679.853558942535,-2680.306919617236,2.0,0.16770771148301067,ok,10.87
2.95,1.25,75.0,6,10,True,-2679.8403452467346,-2680.2955077520937,1.9999999999999996,0.16770624450905697,ok,9.35
2.95,1.25,85.0,6,10,True,-2679.8410054499022,-2680.295688311782,2.0000000000000004,0.16848019926481222,ok,9.22
2.95,1.25,95.0,6,10,True,-2679.841287533909,-2680.295645250824,1.9999999999999993,0.16991947318646028,ok,9.42
2.95,1.25,105.0,6,10,True,-2679.8412994424175,-2680.295417524541,2.0,0.17116477274932154,ok,8.93
3.05,0.8,95.0,6,10,True,-2679.8591356356433,-2680.3012840780607,1.9999999999999993,0.12904821877659764,ok,6.91
3.05,0.8,135.0,6,10,True,-2679.8588214064953,-2680.3004143348116,1.9999999999999993,0.15073349246478077,ok,6.43
2.95,1.25,115.0,6,10,True,-2679.841128723235,-2680.2950512840284,2.0000000000000004,0.17151322951336861,ok,8.98
2.95,1.25,135.0,6,10,True,-2679.840491483708,-2680.294121681822,2.000000000000001,0.16770409051364474,ok,9.26
2.95,1.25,125.0,6,10,True,-2679.840842642612,-2680.2946134561303,2.000000000000001,0.1704616036260373,ok,9.54
3.05,0.8,75.0,6,10,True,-2679.858617607596,-2680.301088386683,1.9999999999999996,0.11300268860038913,ok,11.51
3.05,0.85,135.0,6,10,True,-2679.8796614690405,-2680.3224187220103,2.0,0.14982974711732017,ok,9.65
3.05,0.85,125.0,6,10,True,-2679.8798517003875,-2680.3227178200855,1.9999999999999993,0.14701626337396942,ok,9.88
3.05,0.8,85.0,6,10,True,-2679.858960064915,-2680.3012615702487,2.0,0.12130466926955182,ok,12.22
3.05,0.85,115.0,6,10,True,-2679.8799934050576,-2680.3229949088945,1.9999999999999993,0.14270643945697606,ok,10.24
3.05,0.8,125.0,6,10,True,-2679.8589971207152,-2680.3006977761415,1.9999999999999991,0.14726150829301038,ok,11.2
3.05,0.8,115.0,6,10,True,-2679.859125693481,-2680.3009680630003,2.0000000000000004,0.1423103214701933,ok,11.59
3.05,0.8,105.0,6,10,True,-2679.8591808499978,-2680.301176844667,2.0000000000000004,0.13613848932967745,ok,11.72
3.05,0.9,75.0,6,10,True,-2679.889930720967,-2680.334852823016,2.000000000000001,0.117687022367618,ok,10.44
3.05,0.85,95.0,6,10,True,-2679.88001638894,-2680.3233269412694,1.9999999999999998,0.13057871509072747,ok,11.53
3.05,0.85,105.0,6,10,True,-2679.8800583144953,-2680.32321072965,2.0000000000000004,0.13713261718836162,ok,11.45
3.05,0.95,135.0,6,10,True,-2679.893110160434,-2680.3383337949604,2.0,0.14734912825283633,ok,6.09
3.05,0.85,85.0,6,10,True,-2679.879832796854,-2680.3233176189524,1.9999999999999998,0.12329538804299428,ok,12.17
3.05,0.85,75.0,6,10,True,-2679.8794645966295,-2680.3231380051006,2.0000000000000004,0.11537257287101327,ok,12.54
3.05,0.9,115.0,6,10,True,-2679.8904773421614,-2680.334690907527,2.0,0.1428899466998364,ok,10.17
3.05,0.9,125.0,6,10,True,-2679.8903223384827,-2680.334392520384,1.9999999999999993,0.1465496119554423,ok,9.76
3.05,0.9,135.0,6,10,True,-2679.890117592968,-2680.3340916975358,1.9999999999999998,0.14869720518645244,ok,9.61
3.05,1.0,75.0,6,10,True,-2679.8906038003,-2680.3380937782845,2.0,0.1221227095315132,ok,6.71
3.05,0.9,85.0,6,10,True,-2679.8903234426903,-2680.335028753387,1.9999999999999993,0.12515576069264642,ok,11.76
3.05,0.9,105.0,6,10,True,-2679.8905523964822,-2680.3349133159513,1.9999999999999991,0.13792732270213756,ok,11.24
3.05,0.9,95.0,6,10,True,-2679.890514192803,-2680.3350313689607,2.0000000000000004,0.13193340096783604,ok,11.76
3.05,0.95,95.0,6,10,True,-2679.893549333628,-2680.3393005458834,1.9999999999999996,0.13310560351401846,ok,9.92
3.05,0.95,115.0,6,10,True,-2679.8934977568338,-2680.338948831033,2.0000000000000004,0.14286177181617948,ok,9.84
3.05,0.95,75.0,6,10,True,-2679.8929366142506,-2680.3391404204667,2.000000000000001,0.11993907442717926,ok,11.5
3.05,0.95,125.0,6,10,True,-2679.8933294315584,-2680.3386555148863,1.9999999999999993,0.14586898874309678,ok,9.56
3.05,0.95,105.0,6,10,True,-2679.8935831534063,-2680.3391797176823,1.9999999999999996,0.13851910083651045,ok,10.33
3.05,0.95,85.0,6,10,True,-2679.8933524375607,-2680.339302919125,1.9999999999999996,0.12687611108058341,ok,11.73
3.05,1.0,85.0,6,10,True,-2679.8910408818992,-2680.3382526963437,1.9999999999999996,0.12844625312373806,ok,10.01
3.05,1.1,85.0,6,10,True,-2679.876171362179,-2680.325968045734,2.000000000000001,0.1311091285847427,ok,6.18
3.05,1.0,105.0,6,10,True,-2679.8912718791807,-2680.3381146932315,2.000000000000001,0.13890431285261126,ok,10.5
3.05,1.0,95.0,6,10,True,-2679.89124292841,-2680.338250054112,2.0,0.13408718501454536,ok,10.92
3.05,1.0,135.0,6,10,True,-2679.890761213571,-2680.3372103171373,2.000000000000001,0.14579519475601754,ok,8.61
3.05,1.15,75.0,6,10,True,-2679.8650953652086,-2680.316527036081,2.0,0.1281850396703967,ok,6.39
3.05,1.0,125.0,6,10,True,-2679.8909946528697,-2680.337556706431,2.000000000000001,0.14498060501973387,ok,9.46
3.05,1.05,125.0,6,10,True,-2679.8848659459622,-2680.3326699314266,2.0000000000000004,0.14389091584197894,ok,8.69
3.05,1.05,85.0,6,10,True,-2679.8849359140777,-2680.3334286886316,2.0,0.12985974364481848,ok,9.46
3.05,1.0,115.0,6,10,True,-2679.8911760734472,-2680.337870859062,2.0,0.14262468601941694,ok,10.42
3.05,1.05,115.0,6,10,True,-2679.8850599308907,-2680.3330235991316,2.0000000000000004,0.14218053189318103,ok,9.8
3.05,1.1,125.0,6,10,True,-2679.876078037367,-2680.325208866184,2.000000000000001,0.14261237987128403,ok,8.7
3.05,1.1,135.0,6,10,True,-2679.8758189198193,-2680.32485576093,2.000000000000001,0.14212005720052284,ok,8.61
3.05,1.05,95.0,6,10,True,-2679.88514214963,-2680.3334341092495,2.0000000000000004,0.13487523013246527,ok,10.32
3.05,1.05,135.0,6,10,True,-2679.884619151012,-2680.3323355008874,1.9999999999999996,0.14404704425264936,ok,9.66
3.05,1.1,115.0,6,10,True,-2679.8762836398582,-2680.325528979383,2.0,0.1415373946356473,ok,8.95
3.05,1.05,105.0,6,10,True,-2679.8851659346415,-2680.3332846257504,2.0,0.13908295998787057,ok,10.2
3.05,1.05,75.0,6,10,True,-2679.884479959486,-2680.3332022641443,2.000000000000001,0.12422904085016538,ok,10.7
3.05,1.1,105.0,6,10,True,-2679.876399309453,-2680.3258034716973,1.9999999999999996,0.13905741216933692,ok,10.14
3.05,1.1,75.0,6,10,True,-2679.8756989204503,-2680.325812173322,2.000000000000001,0.12625152975044893,ok,10.91
3.05,1.1,95.0,6,10,True,-2679.8763807513874,-2680.325960268564,2.000000000000001,0.13546618689754145,ok,10.47
3.05,1.15,125.0,6,10,True,-2679.8654660974303,-2680.3158933534237,2.0,0.14115964159122793,ok,8.45
3.05,1.15,115.0,6,10,True,-2679.865682171031,-2680.3162152357154,1.9999999999999996,0.14070630110209115,ok,8.86
3.05,1.15,85.0,6,10,True,-2679.865581649651,-2680.3166762319092,1.9999999999999996,0.13219348387985003,ok,10.67
3.05,1.2,115.0,6,10,True,-2679.8538726657134,-2680.30569757482,2.0,0.13970353439404093,ok,5.58
3.05,1.15,95.0,6,10,True,-2679.8657933053464,-2680.3166543647494,1.9999999999999991,0.1358639163901698,ok,10.49
3.05,1.15,105.0,6,10,True,-2679.865806724579,-2680.316490093883,2.000000000000001,0.1388351076541039,ok,10.32
3.05,1.2,75.0,6,10,True,-2679.8532859854736,-2680.3060371836204,2.0,0.1300248392694339,ok,9.43
3.05,1.15,135.0,6,10,True,-2679.8651960285965,-2680.3155275513714,2.000000000000001,0.1400339253274446,ok,9.67
3.05,1.2,85.0,6,10,True,-2679.8537834250733,-2680.3061720007677,1.9999999999999993,0.13311347452533473,ok,9.73
3.05,1.2,105.0,6,10,True,-2679.8540051823315,-2680.3059646375973,1.9999999999999991,0.1384286489178056,ok,8.83
3.05,1.25,85.0,6,10,True,-2679.8412332114285,-2680.294921627012,1.9999999999999996,0.13387420612265077,ok,5.98
3.05,1.2,95.0,6,10,True,-2679.853996517642,-2680.3061352947643,2.0,0.13607452768138525,ok,10.78
3.05,1.2,125.0,6,10,True,-2679.8536474720368,-2680.305364193634,2.0,0.13955302119586063,ok,9.58
3.05,1.2,135.0,6,10,True,-2679.853367929156,-2680.3049904506192,1.9999999999999996,0.1378123171413764,ok,9.42
3.05,1.25,75.0,6,10,True,-2679.840727256562,-2680.294802040071,1.9999999999999998,0.13176897725565176,ok,9.38
3.05,1.25,95.0,6,10,True,-2679.841447087763,-2680.294871561359,1.9999999999999996,0.13611000974111426,ok,9.35
3.05,1.25,115.0,6,10,True,-2679.8413116212023,-2680.294428356196,2.0,0.13854497193378335,ok,9.05
3.05,1.25,105.0,6,10,True,-2679.8414510056914,-2680.2946959821,1.9999999999999991,0.13784939829552223,ok,9.17
3.15,0.85,135.0,6,10,True,-2679.879862067765,-2680.3221541069934,1.999999999999999,0.12334151240169708,ok,6.24
3.05,1.25,125.0,6,10,True,-2679.841078917223,-2680.2940899165333,1.9999999999999993,0.13781252673736819,ok,9.61
3.05,1.25,135.0,6,10,True,-2679.840791442017,-2680.293714883791,1.9999999999999998,0.13547807974386034,ok,9.59
3.15,0.9,135.0,6,10,True,-2679.8903106822013,-2680.3337936033995,2.0,0.12231904290321088,ok,6.52
3.15,0.8,115.0,6,10,True,-2679.8592558939176,-2680.3005678012687,2.0,0.11688794600154409,ok,10.6
3.15,0.8,75.0,6,10,True,-2679.8588084134385,-2680.300602926967,1.9999999999999998,0.0884422785660271,ok,10.84
3.15,0.8,85.0,6,10,True,-2679.85908204401,-2680.3007443953597,1.9999999999999996,0.09667717670035232,ok,11.17
3.15,0.8,135.0,6,10,True,-2679.8590297487176,-2680.3001633656204,2.0000000000000004,0.12416779052364477,ok,11.24
3.15,0.8,125.0,6,10,True,-2679.859163901989,-2680.3003704709668,2.0,0.12127126620456752,ok,11.33
3.15,0.8,95.0,6,10,True,-2679.8592340352925,-2680.300767484329,1.9999999999999998,0.10432704563431874,ok,11.58
3.15,0.85,105.0,6,10,True,-2679.880152689056,-2680.3227293589666,1.9999999999999991,0.11198488405432706,ok,10.0
3.15,0.8,105.0,6,10,True,-2679.859285602726,-2680.300706535499,1.9999999999999993,0.11115988788571261,ok,11.78
3.15,0.85,115.0,6,10,True,-2679.8801133536044,-2680.322579597833,2.0000000000000004,0.11718370752676056,ok,10.12
3.15,0.85,95.0,6,10,True,-2679.8801058386853,-2680.322800628844,1.9999999999999998,0.10563127478451763,ok,11.11
3.15,0.85,75.0,6,10,True,-2679.8796584736824,-2680.3226417618007,1.9999999999999993,0.09046403364522754,ok,12.05
3.15,0.9,95.0,6,10,True,-2679.8905954446122,-2680.334490302385,1.9999999999999998,0.10679153285877732,ok,10.47
3.15,0.9,115.0,6,10,True,-2679.890587609557,-2680.334254217983,2.0000000000000004,0.11729822327537487,ok,10.18
3.15,0.85,125.0,6,10,True,-2679.8800092563415,-2680.322373327662,1.9999999999999996,0.12100858058006404,ok,11.17
3.15,0.85,85.0,6,10,True,-2679.87994988216,-2680.32278621225,1.9999999999999996,0.09838858447446427,ok,12.58
3.15,0.9,125.0,6,10,True,-2679.890471129841,-2680.334033773184,1.9999999999999996,0.12055533861515011,ok,10.21
3.15,0.9,105.0,6,10,True,-2679.890637030886,-2680.3344106273735,2.0000000000000013,0.11264221714023387,ok,11.15
3.15,0.9,85.0,6,10,True,-2679.890436288896,-2680.3344820209372,2.000000000000001,0.09999752010244847,ok,11.93
3.15,0.9,75.0,6,10,True,-2679.8901279532665,-2680.3343425590397,2.0000000000000013,0.09244984197239292,ok,11.99
3.15,1.0,75.0,6,10,True,-2679.8908081465215,-2680.3375556235524,1.9999999999999998,0.09628704176467417,ok,6.75
3.15,0.95,75.0,6,10,True,-2679.8931372987568,-2680.3386140835464,2.0,0.09439303331409409,ok,11.72
3.15,1.0,105.0,6,10,True,-2679.8913399364087,-2680.337588843158,2.0,0.11344074249084439,ok,6.44
3.15,0.95,105.0,6,10,True,-2679.8936590082453,-2680.338659480835,1.9999999999999996,0.11312827291806375,ok,9.81
3.15,0.95,85.0,6,10,True,-2679.893461672444,-2680.338744486157,1.9999999999999993,0.10149548784378555,ok,11.17
3.15,0.95,115.0,6,10,True,-2679.893599223815,-2680.338490408981,1.9999999999999987,0.11723367195428795,ok,9.55
3.15,0.95,135.0,6,10,True,-2679.893296394905,-2680.3380272595086,1.9999999999999996,0.12111283517069779,ok,9.6
3.15,0.95,125.0,6,10,True,-2679.893470147405,-2680.3382713222272,1.9999999999999991,0.11992233155831855,ok,9.72
3.15,0.95,95.0,6,10,True,-2679.893623240672,-2680.338745180915,1.9999999999999996,0.10780018648195035,ok,11.37
3.15,1.0,85.0,6,10,True,-2679.891147196906,-2680.337680535118,1.9999999999999996,0.10287238493160933,ok,11.33
3.15,1.0,125.0,6,10,True,-2679.891128087275,-2680.3371510927077,2.000000000000001,0.11911050338348801,ok,9.32
3.15,1.0,135.0,6,10,True,-2679.890941236245,-2680.336882861382,2.0,0.11973119553117816,ok,9.15
3.15,1.0,115.0,6,10,True,-2679.891269647445,-2680.33739873456,2.000000000000001,0.11699089183609822,ok,9.59
3.15,1.0,95.0,6,10,True,-2679.891310432689,-2680.337680719074,2.0000000000000004,0.10865197348049127,ok,11.07
3.15,1.05,105.0,6,10,True,-2679.8852273419575,-2680.332735680691,2.0000000000000004,0.11357957256244064,ok,9.07
3.15,1.05,125.0,6,10,True,-2679.8849930187334,-2680.332256044739,2.0000000000000004,0.11812761930166012,ok,8.82
3.15,1.15,95.0,6,10,True,-2679.8658484015846,-2680.316028552061,2.000000000000001,0.11023315299607572,ok,6.0
3.15,1.05,115.0,6,10,True,-2679.8851466856418,-2680.332535631298,2.0,0.11657284222366569,ok,9.93
3.15,1.05,135.0,6,10,True,-2679.884793555787,-2680.3320047508873,2.0000000000000004,0.11818395982536756,ok,9.4
3.15,1.05,85.0,6,10,True,-2679.8850402040825,-2680.332833990505,2.0000000000000013,0.10412321846964309,ok,10.65
3.15,1.05,95.0,6,10,True,-2679.8852043372144,-2680.332843771597,1.9999999999999996,0.10934288038442823,ok,10.64
3.15,1.05,75.0,6,10,True,-2679.8846881050777,-2680.3326218025322,2.0000000000000004,0.09812370747177072,ok,11.03
3.15,1.1,85.0,6,10,True,-2679.8762745350896,-2680.325348526062,2.0000000000000013,0.10523967914865882,ok,9.64
3.15,1.15,115.0,6,10,True,-2679.865758536175,-2680.3157071932715,2.0,0.11523955540683345,ok,5.99
3.15,1.1,125.0,6,10,True,-2679.876199615026,-2680.3247930867483,2.0000000000000004,0.11698376272628674,ok,8.91
3.15,1.1,95.0,6,10,True,-2679.8764388072873,-2680.325350515656,1.9999999999999996,0.10986906180398512,ok,9.82
3.15,1.1,105.0,6,10,True,-2679.876455252156,-2680.3252350657494,2.0000000000000004,0.11354591756896437,ok,10.33
3.15,1.1,75.0,6,10,True,-2679.875911075578,-2680.3252145227775,2.0000000000000004,0.09989653656056097,ok,10.7
3.15,1.1,135.0,6,10,True,-2679.875988527038,-2680.3245194215983,1.9999999999999998,0.11648520652372274,ok,9.74
3.15,1.1,115.0,6,10,True,-2679.8763646575894,-2680.325026100754,1.9999999999999996,0.11598582584591127,ok,10.07
3.15,1.15,75.0,6,10,True,-2679.8653117078056,-2680.3159415560754,2.0000000000000004,0.10160063295133687,ok,10.77
3.15,1.15,85.0,6,10,True,-2679.865684638078,-2680.3160314274714,2.000000000000001,0.10622069369561644,ok,10.97
3.15,1.15,125.0,6,10,True,-2679.8655830653447,-2680.3154583193705,1.9999999999999998,0.11569202176263355,ok,8.91
3.15,1.25,115.0,6,10,True,-2679.8413817580013,-2680.2938837548254,2.0000000000000004,0.1133238338855928,ok,5.64
3.15,1.15,135.0,6,10,True,-2679.865361434565,-2680.315176626381,1.9999999999999998,0.11465133056674799,ok,9.43
3.15,1.2,75.0,6,10,True,-2679.853506666034,-2680.305443686487,1.9999999999999998,0.10323124523239961,ok,9.57
3.15,1.2,95.0,6,10,True,-2679.8540498247403,-2680.305498036377,1.9999999999999993,0.11044030045923474,ok,9.4
3.15,1.15,105.0,6,10,True,-2679.8658584009568,-2680.3159042549055,1.9999999999999993,0.11334579153440767,ok,10.44
3.15,1.2,85.0,6,10,True,-2679.8538871499163,-2680.3055235387387,2.0,0.10706603881616764,ok,9.62
3.15,1.2,105.0,6,10,True,-2679.8540537385175,-2680.3053680839175,2.0,0.11298978205093835,ok,10.17
3.15,1.2,125.0,6,10,True,-2679.8537606314353,-2680.304911599868,2.000000000000001,0.1142698078633041,ok,8.73
3.15,1.2,135.0,6,10,True,-2679.8535294826484,-2680.3046222128414,2.0,0.1127007473716001,ok,8.64
3.15,1.2,115.0,6,10,True,-2679.8539453329986,-2680.305168818121,2.0,0.1143468439803769,ok,9.79
3.25,0.8,115.0,6,10,True,-2679.8592969596216,-2680.3001929624397,2.000000000000001,0.09721943043751242,ok,6.83
3.15,1.25,95.0,6,10,True,-2679.8414996881284,-2680.2942242530053,1.9999999999999996,0.11050000104007011,ok,9.2
3.15,1.25,105.0,6,10,True,-2679.841497568664,-2680.2940893258888,2.0,0.11248750347157231,ok,9.28
3.15,1.25,75.0,6,10,True,-2679.8409523829055,-2680.2942012739545,2.0,0.10478610294137068,ok,9.89
3.15,1.25,85.0,6,10,True,-2679.8413385336808,-2680.2942680474534,1.9999999999999996,0.10777923100341437,ok,10.52
3.15,1.25,135.0,6,10,True,-2679.840949763283,-2680.2933310679114,1.9999999999999998,0.11065689440557706,ok,9.25
3.15,1.25,125.0,6,10,True,-2679.8411889826425,-2680.293622254479,1.9999999999999993,0.11273448710432254,ok,9.74
3.25,0.8,105.0,6,10,True,-2679.8593113066995,-2680.3002940253623,1.999999999999999,0.09201549914862418,ok,10.49
3.25,0.8,125.0,6,10,True,-2679.859229213355,-2680.300058959653,2.0000000000000004,0.1010386485196812,ok,10.39
3.25,0.8,135.0,6,10,True,-2679.859123830426,-2680.2999047146204,1.9999999999999996,0.10342082646513799,ok,10.45
3.25,0.9,75.0,6,10,True,-2679.8902285892755,-2680.3339049451242,2.000000000000001,0.07369667858243625,ok,7.02
3.25,0.8,75.0,6,10,True,-2679.8589074452925,-2680.300190821418,2.000000000000001,0.07027699855956138,ok,12.11
3.25,0.8,85.0,6,10,True,-2679.8591277646697,-2680.300306780008,2.0000000000000013,0.07825287855376459,ok,12.23
3.25,0.8,95.0,6,10,True,-2679.85925882017,-2680.300339232747,2.0000000000000013,0.08560180097988876,ok,12.47
3.25,0.85,105.0,6,10,True,-2679.880169531924,-2680.322301942459,1.9999999999999993,0.09269395446921205,ok,11.35
3.25,0.85,95.0,6,10,True,-2679.8801225266434,-2680.322353690229,2.0000000000000004,0.08670612222979375,ok,11.69
3.25,0.85,85.0,6,10,True,-2679.8799903926933,-2680.3223293738465,2.0,0.07971650961349268,ok,11.81
3.25,0.85,75.0,6,10,True,-2679.879758249061,-2680.322216280263,2.000000000000001,0.07199984006849806,ok,12.18
3.25,0.85,135.0,6,10,True,-2679.879950284506,-2680.321883955438,1.999999999999999,0.10265940148597022,ok,9.99
3.25,0.95,105.0,6,10,True,-2679.893660088692,-2680.338206916153,1.9999999999999998,0.09362092963074484,ok,6.56
3.25,0.85,115.0,6,10,True,-2679.880146031044,-2680.3221937677226,2.0,0.09743123024367796,ok,11.26
3.25,0.85,125.0,6,10,True,-2679.880067299719,-2680.3220479427837,2.0000000000000004,0.10076348059880161,ok,11.25
3.25,0.9,95.0,6,10,True,-2679.890604595444,-2680.334025922665,1.9999999999999991,0.08768997409370469,ok,10.19
3.25,0.9,125.0,6,10,True,-2679.890522435512,-2680.3336921444065,1.9999999999999998,0.10032421996604383,ok,10.11
3.25,0.9,105.0,6,10,True,-2679.8906456393024,-2680.3339705592084,2.0000000000000004,0.0932292533762837,ok,10.22
3.25,0.9,115.0,6,10,True,-2679.8906125375133,-2680.3338557773495,2.0000000000000004,0.09748743101197559,ok,11.32
3.25,0.9,135.0,6,10,True,-2679.890393513803,-2680.3335179585424,2.0000000000000004,0.10172822961574512,ok,10.89
3.25,0.9,85.0,6,10,True,-2679.8904719304587,-2680.334009809703,1.9999999999999993,0.08109693707838954,ok,12.24
3.25,0.95,115.0,6,10,True,-2679.893617039832,-2680.3380838843373,2.0000000000000004,0.09739024599836806,ok,9.62
3.25,0.95,125.0,6,10,True,-2679.893515358529,-2680.3379072582024,2.0000000000000004,0.09972946607098421,ok,9.46
3.25,0.95,85.0,6,10,True,-2679.8934930411656,-2680.338249817683,2.0,0.08238814821139091,ok,10.76
3.25,0.95,135.0,6,10,True,-2679.8933743307825,-2680.3377247134204,2.0,0.1006401595416595,ok,9.48
3.25,1.0,135.0,6,10,True,-2679.8910149109956,-2680.3365583096206,2.0000000000000004,0.09940038244586635,ok,5.91
3.25,0.95,75.0,6,10,True,-2679.89323915392,-2680.338156377623,1.9999999999999993,0.07536370614387491,ok,11.46
3.25,0.95,95.0,6,10,True,-2679.8936255560457,-2680.3382628578133,1.9999999999999996,0.08854786921045907,ok,11.64
3.25,1.0,75.0,6,10,True,-2679.8909114400276,-2680.3370819962242,1.9999999999999984,0.07699073352667317,ok,11.33
3.25,1.0,95.0,6,10,True,-2679.891306721428,-2680.3371829832754,1.9999999999999996,0.0892722941366813,ok,10.95
3.25,1.0,85.0,6,10,True,-2679.8911749027257,-2680.3371743524845,2.0000000000000004,0.08357816771617828,ok,11.42
3.25,1.1,85.0,6,10,True,-2679.876297243146,-2680.324819589326,1.9999999999999993,0.08564232978887334,ok,6.42
3.25,1.0,105.0,6,10,True,-2679.891334379012,-2680.337122874308,1.9999999999999998,0.09386296988919023,ok,9.78
3.25,1.0,115.0,6,10,True,-2679.891281197548,-2680.3369757967675,2.0000000000000004,0.09714011239945393,ok,9.79
3.25,1.0,125.0,6,10,True,-2679.89116790328,-2680.336772085634,1.9999999999999993,0.09898151937131854,ok,9.72
3.25,1.05,75.0,6,10,True,-2679.8847929719427,-2680.332192247582,1.999999999999999,0.07857509672840485,ok,10.93
3.25,1.05,85.0,6,10,True,-2679.8850650084287,-2680.332315310553,2.0,0.08466605942701996,ok,10.75
3.25,1.05,125.0,6,10,True,-2679.8850282729336,-2680.331889554443,1.9999999999999996,0.09808662254346162,ok,9.84
3.25,1.05,135.0,6,10,True,-2679.8848636865614,-2680.331686233351,2.0000000000000004,0.0980185293248229,ok,9.69
3.25,1.05,115.0,6,10,True,-2679.8851528862547,-2680.3321020916237,2.0000000000000004,0.09674039350205495,ok,10.07
3.25,1.05,105.0,6,10,True,-2679.885216106011,-2680.332254326127,2.000000000000001,0.09395877357141456,ok,10.47
3.25,1.1,75.0,6,10,True,-2679.8760179028886,-2680.324721937705,2.0,0.08010823926308339,ok,9.83
3.25,1.05,95.0,6,10,True,-2679.885195525767,-2680.3323303944658,2.0000000000000004,0.08986310228634471,ok,11.09
3.25,1.1,135.0,6,10,True,-2679.8760556378043,-2680.3241947074443,2.0000000000000004,0.09650606065422872,ok,8.71
3.25,1.2,75.0,6,10,True,-2679.853618280106,-2680.304925997405,1.9999999999999998,0.08300518324436786,ok,6.35
3.25,1.1,125.0,6,10,True,-2679.876231105272,-2680.3244095483565,2.000000000000001,0.09705390635255835,ok,8.91
3.25,1.1,115.0,6,10,True,-2679.876366443253,-2680.324590322591,1.9999999999999991,0.09619632878523965,ok,9.07
3.25,1.1,105.0,6,10,True,-2679.8764393533215,-2680.324742118797,1.9999999999999993,0.09390783187071158,ok,10.38
3.25,1.1,95.0,6,10,True,-2679.8764258961155,-2680.3248263400656,1.9999999999999991,0.09031523800069359,ok,11.25
3.25,1.15,135.0,6,10,True,-2679.8654262254067,-2680.3148403756113,2.0000000000000013,0.09487851852505741,ok,8.61
3.25,1.2,135.0,6,10,True,-2679.853592534733,-2680.3042750437653,1.9999999999999998,0.09315243085210345,ok,5.52
3.25,1.15,125.0,6,10,True,-2679.865611540046,-2680.3150613119965,2.0000000000000004,0.0958946818793143,ok,8.8
3.25,1.15,115.0,6,10,True,-2679.865756804808,-2680.315255772449,1.9999999999999996,0.09551609928618207,ok,9.01
3.25,1.15,105.0,6,10,True,-2679.8658388711933,-2680.3154017174675,1.9999999999999998,0.09371574855333856,ok,9.53
3.25,1.15,75.0,6,10,True,-2679.8654207838026,-2680.31543277891,2.0,0.08158615093992795,ok,10.95
3.25,1.15,95.0,6,10,True,-2679.86583241068,-2680.315495720071,2.0,0.09063080191713352,ok,10.34
3.25,1.15,85.0,6,10,True,-2679.8657061014155,-2680.315501377,1.999999999999999,0.0865063245474417,ok,10.59
3.25,1.2,85.0,6,10,True,-2679.8539082051134,-2680.304975461976,2.0000000000000013,0.0872576426019765,ok,9.4
3.25,1.2,95.0,6,10,True,-2679.854031918181,-2680.304956584863,1.9999999999999998,0.09081517838073112,ok,10.15
3.25,1.2,125.0,6,10,True,-2679.8537868297326,-2680.304502164449,2.0,0.09462448364162786,ok,9.47
3.25,1.2,115.0,6,10,True,-2679.853941047739,-2680.304703662685,2.000000000000001,0.09471210420779481,ok,9.91
3.25,1.2,105.0,6,10,True,-2679.854031578453,-2680.3048575456046,1.9999999999999998,0.09339138617136197,ok,10.05
3.25,1.25,75.0,6,10,True,-2679.841066765036,-2680.293675445981,2.0,0.08436298403123198,ok,9.28
3.25,1.25,85.0,6,10,True,-2679.8413599803216,-2680.2937088447984,1.9999999999999998,0.08789897635393577,ok,9.29
3.35,0.8,125.0,6,10,True,-2679.8592263509026,-2680.2997604440347,1.9999999999999996,0.08510786627118688,ok,6.62
3.25,1.25,95.0,6,10,True,-2679.841480544766,-2680.2936737492314,1.9999999999999996,0.09087382321054346,ok,9.73
3.25,1.25,115.0,6,10,True,-2679.8413756937994,-2680.2934078676917,2.000000000000001,0.09379701631176898,ok,9.71
3.35,0.85,115.0,6,10,True,-2679.8801201517535,-2680.321852352785,1.9999999999999996,0.08194643947072043,ok,6.79
3.25,1.25,105.0,6,10,True,-2679.8414739061936,-2680.293568713762,1.9999999999999998,0.09294452056248852,ok,10.04
3.25,1.25,135.0,6,10,True,-2679.841011445502,-2680.2929715990435,1.9999999999999998,0.09134703969327464,ok,9.53
3.25,1.25,125.0,6,10,True,-2679.8412135396,-2680.293202091198,1.9999999999999996,0.09325846796148904,ok,9.78
3.35,0.8,115.0,6,10,True,-2679.8592779735236,-2680.299862857145,2.0000000000000004,0.08180741211556666,ok,10.2
3.35,0.8,135.0,6,10,True,-2679.8591411817824,-2680.299648619307,2.0,0.08705358202077038,ok,10.06
3.35,0.8,95.0,6,10,True,-2679.8592332273997,-2680.2999607514075,1.9999999999999998,0.07122868452920854,ok,10.83
3.35,0.85,75.0,6,10,True,-2679.879792336528,-2680.3218403660944,2.0000000000000004,0.058203941265399795,ok,10.93
3.35,0.8,105.0,6,10,True,-2679.859283431071,-2680.299935344829,1.9999999999999996,0.0771413088314943,ok,11.87
3.35,0.8,75.0,6,10,True,-2679.858942500988,-2680.299832231522,1.9999999999999998,0.05674387846049487,ok,12.2
3.35,0.8,85.0,6,10,True,-2679.8591207799022,-2680.2999266895117,1.9999999999999998,0.06431583110539058,ok,12.47
3.35,0.85,125.0,6,10,True,-2679.8800586458433,-2680.3217386105325,2.0,0.0848209560621672,ok,9.97
3.35,0.85,135.0,6,10,True,-2679.8799631375823,-2680.321614113825,1.9999999999999996,0.08634454475418525,ok,9.85
3.35,0.85,105.0,6,10,True,-2679.880134112021,-2680.321932730648,1.9999999999999996,0.07769096167344432,ok,10.51
3.35,0.95,115.0,6,10,True,-2679.8935790255737,-2680.3377081798712,2.0,0.08182130120964731,ok,6.22
3.35,0.85,85.0,6,10,True,-2679.879978008231,-2680.3219376359298,2.0,0.0655570900366787,ok,12.08
3.35,0.85,95.0,6,10,True,-2679.8800896541243,-2680.3219638743126,1.9999999999999996,0.07215445369089715,ok,11.83
3.35,0.9,115.0,6,10,True,-2679.890580230049,-2680.3335004973706,1.9999999999999998,0.08194973516908385,ok,9.95
3.35,0.9,75.0,6,10,True,-2679.890261888529,-2680.3335161494974,2.000000000000001,0.05964283937938042,ok,11.13
3.35,0.9,105.0,6,10,True,-2679.890603179106,-2680.333582700173,1.9999999999999996,0.07811754912378457,ok,11.53
3.35,0.9,95.0,6,10,True,-2679.890564898493,-2680.3336207118396,2.000000000000001,0.07297772679929919,ok,11.8
3.35,0.9,85.0,6,10,True,-2679.8904545080786,-2680.3336028238045,2.0000000000000004,0.0667288869902396,ok,12.13
3.35,1.0,75.0,6,10,True,-2679.8909439001322,-2680.3366678912166,1.9999999999999996,0.06243904731726787,ok,6.78
3.35,0.95,105.0,6,10,True,-2679.893611213012,-2680.3378031068214,2.0,0.07842028136769816,ok,10.02
3.35,0.9,125.0,6,10,True,-2679.890508482885,-2680.3333781684805,1.9999999999999993,0.08439152786719092,ok,11.03
3.35,0.95,125.0,6,10,True,-2679.893496706212,-2680.337570142689,1.9999999999999991,0.08382595764632074,ok,9.78
3.35,0.9,135.0,6,10,True,-2679.8904023195873,-2680.333238360651,1.9999999999999998,0.08548739349407598,ok,11.07
3.35,0.95,95.0,6,10,True,-2679.8935795977904,-2680.3378431613814,2.0000000000000004,0.07369392906118265,ok,10.63
3.35,0.95,75.0,6,10,True,-2679.893271917495,-2680.3377553839628,2.0,0.06105796208377141,ok,12.06
3.35,0.95,85.0,6,10,True,-2679.893470993806,-2680.3378286663724,1.9999999999999998,0.06782565292211812,ok,12.24
3.35,1.1,75.0,6,10,True,-2679.876050820867,-2680.324284944654,2.000000000000001,0.06509161837209314,ok,6.25
3.35,0.95,135.0,6,10,True,-2679.8933796700276,-2680.33743378233,2.000000000000001,0.0844939862407163,ok,10.59
3.35,1.0,125.0,6,10,True,-2679.891145216626,-2680.336420678934,2.0000000000000004,0.08312839137359514,ok,9.35
3.35,1.0,135.0,6,10,True,-2679.8910173797103,-2680.3362515898752,2.0,0.08336888236895319,ok,8.95
3.35,1.0,115.0,6,10,True,-2679.8912381434898,-2680.336593985548,2.0000000000000004,0.08156045479059058,ok,9.71
3.35,1.0,95.0,6,10,True,-2679.891255182526,-2680.3367479211865,2.0000000000000004,0.07429643913400062,ok,11.12
3.35,1.0,105.0,6,10,True,-2679.8912798064744,-2680.336705544692,1.9999999999999998,0.07859464022440214,ok,10.97
3.35,1.0,85.0,6,10,True,-2679.8911488257854,-2680.3367376068713,2.0,0.06883768401306735,ok,11.49
3.35,1.05,125.0,6,10,True,-2679.88500227385,-2680.331555518319,2.0,0.08230384720124898,ok,8.78
3.35,1.05,75.0,6,10,True,-2679.88482549038,-2680.331774309121,1.9999999999999993,0.06378679320108066,ok,10.03
3.35,1.05,115.0,6,10,True,-2679.8851055764476,-2680.331714723151,1.9999999999999998,0.0811711264369137,ok,9.08
3.35,1.05,135.0,6,10,True,-2679.8848639319267,-2680.3313845119596,1.9999999999999998,0.08212131167550092,ok,8.95
3.35,1.15,85.0,6,10,True,-2679.865672038984,-2680.3150438677126,2.0000000000000004,0.07134008020798178,ok,6.27
3.35,1.05,105.0,6,10,True,-2679.885156666925,-2680.331829473038,1.9999999999999998,0.07864482616437782,ok,10.43
3.35,1.1,105.0,6,10,True,-2679.8763759407293,-2680.3243116006993,1.9999999999999996,0.07856977697721451,ok,9.23
3.35,1.05,85.0,6,10,True,-2679.885035539343,-2680.3318686874863,2.0000000000000004,0.06976547544568285,ok,10.94
3.35,1.05,95.0,6,10,True,-2679.885139215832,-2680.3318833085573,2.0000000000000004,0.07478712877999845,ok,10.96
3.35,1.1,115.0,6,10,True,-2679.8763157002836,-2680.3242027198203,2.0,0.08065797293399896,ok,8.89
3.35,1.1,85.0,6,10,True,-2679.876265092933,-2680.3243666888784,2.0000000000000013,0.07059949926435187,ok,10.62
3.35,1.1,95.0,6,10,True,-2679.87636565445,-2680.3243739512195,1.9999999999999998,0.07515988894051544,ok,10.92
3.35,1.1,135.0,6,10,True,-2679.8760542567584,-2680.323885420968,1.9999999999999998,0.08076106855952492,ok,9.5
3.35,1.1,125.0,6,10,True,-2679.8762024920825,-2680.3240571480524,2.0000000000000004,0.081360514531487,ok,9.98
3.35,1.2,95.0,6,10,True,-2679.8539664931136,-2680.304491914439,2.0000000000000004,0.07556466984468906,ok,6.19
3.35,1.15,135.0,6,10,True,-2679.865423729092,-2680.3145216380412,2.0000000000000004,0.0793017653761307,ok,8.64
3.35,1.15,115.0,6,10,True,-2679.8657034362336,-2680.3148536516974,1.9999999999999998,0.08002839092414944,ok,9.22
3.35,1.15,95.0,6,10,True,-2679.8657691409458,-2680.3150377088314,2.000000000000001,0.075417498748519,ok,9.66
3.35,1.15,75.0,6,10,True,-2679.865454476327,-2680.3149847529944,1.9999999999999998,0.06635104791964624,ok,11.24
3.35,1.15,125.0,6,10,True,-2679.8655810263317,-2680.3146985913536,2.0,0.08030907060832261,ok,9.89
3.35,1.15,105.0,6,10,True,-2679.865772353963,-2680.314965506092,2.0000000000000004,0.0783744303945336,ok,10.7
3.35,1.2,125.0,6,10,True,-2679.8537550301176,-2680.3041311046586,2.0,0.07916275826534125,ok,8.45
3.35,1.2,115.0,6,10,True,-2679.853885828215,-2680.3042915532747,1.9999999999999998,0.07929333842437734,ok,8.72
3.35,1.2,135.0,6,10,True,-2679.853589425864,-2680.3039495703456,2.0000000000000004,0.0777583834003783,ok,8.62
3.35,1.2,85.0,6,10,True,-2679.853872995211,-2680.304510867136,2.0000000000000004,0.07198659332463198,ok,10.63
3.35,1.2,75.0,6,10,True,-2679.8536531092245,-2680.3044753484214,1.9999999999999993,0.06756237604090877,ok,10.99
3.35,1.2,105.0,6,10,True,-2679.8539628308445,-2680.304413861197,2.0,0.07806695345816925,ok,10.1
3.45,0.8,75.0,6,10,True,-2679.8589327546997,-2680.2995152004482,1.9999999999999996,0.04654078708318424,ok,7.86
3.35,1.25,135.0,6,10,True,-2679.841008115011,-2680.2926378920865,2.0000000000000004,0.07614802516032675,ok,8.47
3.35,1.25,125.0,6,10,True,-2679.8411810161087,-2680.2928235148715,2.0000000000000004,0.077935194856868,ok,8.75
3.35,1.25,115.0,6,10,True,-2679.841319185833,-2680.292988095306,1.9999999999999998,0.07846281902148783,ok,8.98
3.35,1.25,105.0,6,10,True,-2679.841403752002,-2680.2931169034964,1.9999999999999998,0.07765570397225394,ok,9.19
3.35,1.25,85.0,6,10,True,-2679.8413243620066,-2680.293233333681,1.9999999999999998,0.07254157863855872,ok,10.49
3.35,1.25,95.0,6,10,True,-2679.8414137270884,-2680.2932019117166,1.9999999999999998,0.0756048017354405,ok,10.33
3.35,1.25,75.0,6,10,True,-2679.841103017756,-2680.293216730136,2.0,0.06872319162714241,ok,10.91
3.45,0.85,105.0,6,10,True,-2679.8800640017157,-2680.3216008457644,1.9999999999999991,0.06583215286257904,ok,6.74
3.45,0.8,125.0,6,10,True,-2679.859178547845,-2680.2994849782594,2.0,0.0724014541898262,ok,10.11
3.45,0.8,95.0,6,10,True,-2679.85917350458,-2680.299626147241,2.0,0.06001110219744546,ok,11.01
3.45,0.8,115.0,6,10,True,-2679.8592192584756,-2680.2995637655436,2.0000000000000004,0.06955363359162617,ok,11.78
3.45,0.8,105.0,6,10,True,-2679.859219798994,-2680.2996116585045,1.9999999999999993,0.06539776583778996,ok,12.15
3.45,0.8,85.0,6,10,True,-2679.8590774241934,-2680.299592082714,2.0,0.05360963708181853,ok,12.36
3.45,0.8,135.0,6,10,True,-2679.8591079892076,-2680.299394501736,2.0000000000000004,0.07399319187147925,ok,11.61
3.45,0.85,115.0,6,10,True,-2679.880055678626,-2680.3215405582573,2.0000000000000004,0.06962705040986435,ok,10.04
3.45,0.85,125.0,6,10,True,-2679.880006122791,-2680.321451491607,1.9999999999999998,0.07210127243883158,ok,10.11
3.45,0.85,75.0,6,10,True,-2679.8797804563437,-2680.32151432616,2.0000000000000004,0.04776509335163097,ok,11.97
3.45,0.85,135.0,6,10,True,-2679.8799263936116,-2680.321354081547,2.000000000000001,0.07332427668282106,ok,10.21
3.45,0.85,85.0,6,10,True,-2679.8799292956605,-2680.321593118439,1.9999999999999996,0.054649450135092335,ok,11.84
3.45,0.85,95.0,6,10,True,-2679.880023399747,-2680.321619438571,2.0,0.06077587756940832,ok,11.75
3.45,0.95,95.0,6,10,True,-2679.893501511333,-2680.337473904564,2.000000000000001,0.062036078877666136,ok,6.93
3.45,0.9,115.0,6,10,True,-2679.8905104505006,-2680.333176563382,2.000000000000001,0.06958107002620964,ok,9.97
3.45,1.0,105.0,6,10,True,-2679.8911932326337,-2680.3363321141715,1.9999999999999973,0.06648782506916011,ok,6.28
3.45,0.9,105.0,6,10,True,-2679.8905270185414,-2680.3332401000416,1.9999999999999996,0.06615923498085516,ok,10.46
3.45,0.9,85.0,6,10,True,-2679.8904007449496,-2680.333248894975,2.0000000000000013,0.05562954720152003,ok,11.78
3.45,0.9,125.0,6,10,True,-2679.890451697431,-2680.3330788241847,2.0000000000000004,0.07167591251962761,ok,10.16
3.45,0.9,75.0,6,10,True,-2679.8902479940007,-2680.333178252916,2.0000000000000004,0.04897076155203646,ok,11.98
3.45,0.9,95.0,6,10,True,-2679.8904925321517,-2680.333265303905,1.9999999999999991,0.06145192294444259,ok,12.3
3.45,0.95,125.0,6,10,True,-2679.893436233073,-2680.3372721965893,2.0000000000000004,0.07113079335109139,ok,9.56
3.45,0.95,135.0,6,10,True,-2679.893337306618,-2680.337156165293,1.9999999999999993,0.07160627185692452,ok,9.53
3.45,0.95,115.0,6,10,True,-2679.8935045016256,-2680.3373813179514,2.000000000000001,0.06942101972780462,ok,9.97
3.45,0.95,105.0,6,10,True,-2679.8935295371107,-2680.3374427577046,1.9999999999999984,0.06637905098606701,ok,10.1
3.45,0.9,135.0,6,10,True,-2679.8903624526324,-2680.3329656752403,2.0,0.07252487396918005,ok,11.14
3.45,0.95,85.0,6,10,True,-2679.8934125510405,-2680.337460489941,2.000000000000001,0.05654531590710288,ok,11.55
3.45,0.95,75.0,6,10,True,-2679.8932562912682,-2680.33740344618,2.0000000000000013,0.05015527940333809,ok,11.85
3.45,1.0,75.0,6,10,True,-2679.8909268139228,-2680.3363071394256,1.999999999999999,0.05130913227705047,ok,11.56
3.45,1.0,95.0,6,10,True,-2679.8911719984358,-2680.336367436021,1.9999999999999987,0.06252239732488543,ok,11.23
3.45,1.0,115.0,6,10,True,-2679.8911594981964,-2680.33624768303,2.0,0.06914533015568934,ok,9.67
3.45,1.0,85.0,6,10,True,-2679.8910861857184,-2680.336358125981,2.0,0.057388503913916776,ok,12.03
3.45,1.0,125.0,6,10,True,-2679.891081660439,-2680.3360964345343,2.0,0.07047107263050438,ok,9.45
3.45,1.1,95.0,6,10,True,-2679.8762744061514,-2680.3239779692212,1.9999999999999996,0.06320664259553578,ok,6.33
3.45,1.1,115.0,6,10,True,-2679.876230907055,-2680.3238516010633,1.9999999999999982,0.068266392482409,ok,5.79
3.45,1.0,135.0,6,10,True,-2679.8909730586615,-2680.335959378896,1.9999999999999984,0.0705729710666919,ok,10.07
3.45,1.05,135.0,6,10,True,-2679.884818270535,-2680.3311032194515,2.000000000000001,0.06943292780689396,ok,8.7
3.45,1.05,105.0,6,10,True,-2679.8850659144764,-2680.3314510880246,1.9999999999999998,0.0664906785222082,ok,9.54
3.45,1.05,115.0,6,10,True,-2679.8850234986444,-2680.3313648751514,2.0000000000000013,0.06875913361506973,ok,9.18
3.45,1.05,75.0,6,10,True,-2679.88480731745,-2680.331417549197,2.0000000000000107,0.052436449466647855,ok,10.86
3.45,1.05,85.0,6,10,True,-2679.8849692943704,-2680.3314797572475,2.0,0.05816213040408753,ok,10.93
3.45,1.05,125.0,6,10,True,-2679.884936273696,-2680.3312466079947,1.999999999999999,0.0697012715084829,ok,9.92
3.45,1.05,95.0,6,10,True,-2679.885051624007,-2680.3314907790655,1.9999999999999998,0.06291465107582439,ok,11.11
3.45,1.1,105.0,6,10,True,-2679.8762817656166,-2680.3239299238,1.9999999999999991,0.06638636410180587,ok,9.13
3.45,1.1,125.0,6,10,True,-2679.8761346927013,-2680.3237333202533,1.9999999999999973,0.06882896648786496,ok,8.92
3.45,1.1,85.0,6,10,True,-2679.876195889159,-2680.323973788925,1.9999999999999993,0.05885650733560814,ok,10.87
3.45,1.1,75.0,6,10,True,-2679.87603195482,-2680.3239171261157,1.9999999999999998,0.0535263700067985,ok,11.04
3.45,1.1,135.0,6,10,True,-2679.876007779826,-2680.3235926227285,1.9999999999999976,0.06819553762807129,ok,9.99
3.45,1.15,115.0,6,10,True,-2679.8656166249143,-2680.314491604681,2.0000000000000004,0.06767392774730396,ok,8.85
3.45,1.15,75.0,6,10,True,-2679.865435320165,-2680.314603956027,1.9999999999999993,0.05457868046547581,ok,10.05
3.45,1.15,125.0,6,10,True,-2679.865512102093,-2680.314366015265,2.0,0.06786397103662126,ok,8.75
3.45,1.15,135.0,6,10,True,-2679.865376923004,-2680.314221284529,2.000000000000001,0.06687276378634281,ok,8.7
3.45,1.15,85.0,6,10,True,-2679.8656005607527,-2680.314645565462,2.0,0.05947278342766119,ok,10.4
3.45,1.15,105.0,6,10,True,-2679.865675530894,-2680.314579706998,1.9999999999999998,0.06617947964214253,ok,9.4
3.45,1.25,85.0,6,10,True,-2679.841250409397,-2680.2928209727215,2.0000000000000004,0.06047326736089862,ok,6.43
3.45,1.25,95.0,6,10,True,-2679.841316166053,-2680.292788475297,2.0000000000000004,0.06351541551769616,ok,5.98
3.45,1.15,95.0,6,10,True,-2679.8656750120763,-2680.31463676433,2.0,0.06340137911256598,ok,10.72
3.45,1.2,75.0,6,10,True,-2679.853634076009,-2680.3040812859895,2.0000000000000004,0.055591663078670236,ok,11.29
3.45,1.2,85.0,6,10,True,-2679.853799944226,-2680.30410666332,1.9999999999999991,0.06001089428435925,ok,10.55
3.45,1.2,95.0,6,10,True,-2679.8538702598585,-2680.304085129844,2.0000000000000004,0.06350331240717297,ok,10.51
3.45,1.2,125.0,6,10,True,-2679.8536853878572,-2680.3037925028393,2.0,0.06681751454029039,ok,8.95
3.45,1.2,115.0,6,10,True,-2679.853797684633,-2680.3039224604213,2.000000000000001,0.06699180965694516,ok,9.85
3.45,1.2,105.0,6,10,True,-2679.8538641197574,-2680.3040203184846,1.9999999999999996,0.06587797755271806,ok,10.2
3.45,1.2,135.0,6,10,True,-2679.853542735613,-2680.3036447097165,2.0,0.06547844391105134,ok,9.83
3.45,1.25,75.0,6,10,True,-2679.841084494489,-2680.2928145702913,1.9999999999999993,0.05656350637175438,ok,9.7
3.45,1.25,135.0,6,10,True,-2679.8409618811265,-2680.2923290158196,2.0000000000000013,0.06402747920312396,ok,8.61
3.45,1.25,125.0,6,10,True,-2679.841111182082,-2680.292479966394,1.9999999999999993,0.06570152982657332,ok,8.69
3.45,1.25,115.0,6,10,True,-2679.841230439156,-2680.292612912232,2.0000000000000013,0.06622891675100215,ok,9.06
3.45,1.25,105.0,6,10,True,-2679.8413038586064,-2680.2927158156426,1.9999999999999998,0.0654886277419949,ok,10.12
3.55,0.9,85.0,6,10,True,-2679.890322511903,-2680.332933693363,1.9999999999999993,0.04688632878251459,ok,6.95
3.55,0.9,95.0,6,10,True,-2679.8903988239504,-2680.3329493113524,1.9999999999999991,0.052247055729391104,ok,6.93
3.55,0.8,125.0,6,10,True,-2679.859102016908,-2680.299225863943,1.9999999999999991,0.062125099918267354,ok,10.39
3.55,0.8,115.0,6,10,True,-2679.8591350542188,-2680.2992877298243,1.9999999999999993,0.05965682021656434,ok,10.58
3.55,0.8,105.0,6,10,True,-2679.8591329523365,-2680.299319761711,1.9999999999999993,0.05596177154919535,ok,12.11
3.55,0.85,115.0,6,10,True,-2679.879966586587,-2680.3212550662124,1.9999999999999996,0.0596693871903151,ok,10.05
3.55,0.8,95.0,6,10,True,-2679.859091157299,-2680.299327348985,2.000000000000001,0.05108804524501741,ok,12.63
3.55,0.8,75.0,6,10,True,-2679.858891673542,-2680.299232572602,2.0,0.03871661923365116,ok,13.15
3.55,0.85,125.0,6,10,True,-2679.8799256592115,-2680.3211839523706,1.9999999999999998,0.06180907755854581,ok,10.1
3.55,0.8,135.0,6,10,True,-2679.8590424767253,-2680.299151385933,2.000000000000001,0.0634418506903862,ok,11.43
3.55,0.85,95.0,6,10,True,-2679.8799352348033,-2680.3213113580937,1.9999999999999993,0.05170627542557234,ok,10.7
3.55,0.85,105.0,6,10,True,-2679.879971580236,-2680.321300576453,2.000000000000001,0.05629107089558638,ok,10.62
3.55,0.8,85.0,6,10,True,-2679.8590092607005,-2680.2992972523457,2.0,0.04522639084447757,ok,13.59
3.55,0.85,75.0,6,10,True,-2679.8797364538,-2680.321223824178,2.0000000000000004,0.03972756335320379,ok,11.85
3.55,0.9,75.0,6,10,True,-2679.8902012325157,-2680.3328783649517,1.9999999999999991,0.040720462257706515,ok,10.46
3.55,0.85,135.0,6,10,True,-2679.8798579917525,-2680.321103421012,1.999999999999999,0.06280208840101889,ok,11.18
3.55,0.85,85.0,6,10,True,-2679.879855984513,-2680.32128666285,2.0,0.046082515631171335,ok,12.13
3.55,0.9,105.0,6,10,True,-2679.890429318614,-2680.3329324352185,2.0,0.05652506800374738,ok,11.74
3.55,0.95,75.0,6,10,True,-2679.8932070175206,-2680.3370946937143,1.9999999999999993,0.04169376531052406,ok,10.78
3.55,0.9,135.0,6,10,True,-2679.890291623493,-2680.332714532332,2.0000000000000004,0.06204643087542564,ok,10.95
3.55,0.9,125.0,6,10,True,-2679.8903677205053,-2680.332804780745,1.9999999999999996,0.06138118475506004,ok,10.99
3.55,0.95,115.0,6,10,True,-2679.893406972999,-2680.337077520669,2.000000000000001,0.05938238850500888,ok,9.78
3.55,0.9,115.0,6,10,True,-2679.8904168935705,-2680.332883781822,2.0000000000000004,0.05957618890580461,ok,11.46
3.55,1.0,95.0,6,10,True,-2679.8910685576184,-2680.336029987619,1.9999999999999998,0.05308516043325007,ok,6.78
3.55,0.95,135.0,6,10,True,-2679.8932645845525,-2680.3368964890974,2.0,0.06118572942697968,ok,9.65
3.55,0.95,125.0,6,10,True,-2679.8933492959013,-2680.336988870917,1.9999999999999973,0.06084938403949208,ok,9.67
3.55,0.95,85.0,6,10,True,-2679.8933297279145,-2680.3371374337507,2.0000000000000004,0.047634592648012467,ok,11.59
3.55,1.0,105.0,6,10,True,-2679.891086552562,-2680.335997931508,1.9999999999999982,0.056713404294701196,ok,6.79
3.55,0.95,95.0,6,10,True,-2679.8934027037644,-2680.3371470468637,1.9999999999999993,0.05270870541638717,ok,11.62
3.55,0.95,105.0,6,10,True,-2679.8934271289218,-2680.337127148617,1.9999999999999984,0.05666690808810883,ok,11.45
3.55,1.0,75.0,6,10,True,-2679.890875321973,-2680.3359877768175,1.9999999999999996,0.04263905458077199,ok,10.54
3.55,1.0,85.0,6,10,True,-2679.8909992167296,-2680.336023587757,1.9999999999999998,0.04831990952117159,ok,12.02
3.55,1.0,125.0,6,10,True,-2679.8909923152432,-2680.335798834515,1.9999999999999993,0.06021616089015817,ok,9.3
3.55,1.0,115.0,6,10,True,-2679.8910585202957,-2680.3359327649573,2.000000000000001,0.05908930941993422,ok,9.72
3.55,1.05,105.0,6,10,True,-2679.8849556253417,-2680.331112998167,1.9999999999999998,0.05666835971792332,ok,9.48
3.55,1.05,125.0,6,10,True,-2679.8848450888186,-2680.330963288639,1.9999999999999998,0.05948819157914869,ok,9.18
3.55,1.05,135.0,6,10,True,-2679.8847434146355,-2680.330844932608,2.000000000000001,0.059170393048694196,ok,9.21
3.55,1.05,75.0,6,10,True,-2679.884753985071,-2680.3310982487033,2.000000000000009,0.043562265292863,ok,9.86
3.55,1.0,135.0,6,10,True,-2679.890899003775,-2680.3356822636856,2.0000000000000013,0.060224176161131564,ok,10.23
3.55,1.05,115.0,6,10,True,-2679.8849197064615,-2680.331050727361,1.999999999999999,0.05870002135699705,ok,10.23
3.55,1.1,95.0,6,10,True,-2679.876163597983,-2680.3236260274207,2.000000000000001,0.053594787061020256,ok,9.64
3.55,1.15,115.0,6,10,True,-2679.8655090838442,-2680.3141660618844,2.000000000000001,0.057652631664767875,ok,6.1
3.55,1.05,95.0,6,10,True,-2679.884944166968,-2680.331142522637,2.000000000000001,0.05338249199801332,ok,10.81
3.55,1.05,85.0,6,10,True,-2679.8848787099428,-2680.3311364400956,1.9999999999999996,0.048947849695752034,ok,10.93
3.55,1.1,85.0,6,10,True,-2679.876102263251,-2680.3236273568705,2.0,0.04950850220662762,ok,10.38
3.55,1.2,85.0,6,10,True,-2679.8537021314796,-2680.3037501730537,2.0000000000000004,0.050435644297545774,ok,6.17
3.55,1.1,75.0,6,10,True,-2679.8759771972564,-2680.3235903328937,1.9999999999999998,0.0444532399731249,ok,11.28
3.55,1.1,115.0,6,10,True,-2679.8761249274417,-2680.323533753154,2.000000000000001,0.05821893574384408,ok,10.07
3.55,1.1,105.0,6,10,True,-2679.876168655457,-2680.323590519827,2.0,0.056531983471169056,ok,10.78
3.55,1.1,135.0,6,10,True,-2679.8759326234117,-2680.3233201731223,2.0000000000000004,0.05803184784710615,ok,8.82
3.55,1.1,125.0,6,10,True,-2679.876042242835,-2680.323436684006,2.0,0.05867116123378161,ok,9.96
3.55,1.15,95.0,6,10,True,-2679.865561538033,-2680.314278435524,2.0000000000000004,0.0537250113845185,ok,9.66
3.55,1.15,125.0,6,10,True,-2679.865418914925,-2680.314063168848,1.9999999999999996,0.05777451788402847,ok,8.9
3.55,1.15,135.0,6,10,True,-2679.865301850745,-2680.3139428651166,1.9999999999999996,0.056819543962333324,ok,9.09
3.55,1.15,85.0,6,10,True,-2679.8655045240325,-2680.314293641104,1.9999999999999996,0.05000432285852928,ok,10.5
3.55,1.15,75.0,6,10,True,-2679.8653795648715,-2680.3142684321956,2.0000000000000004,0.04531358248008224,ok,11.0
3.55,1.2,115.0,6,10,True,-2679.853689172066,-2680.3035920192224,1.9999999999999996,0.057010362823641525,ok,9.28
3.55,1.15,105.0,6,10,True,-2679.8655600266543,-2680.3142368583112,2.0000000000000004,0.05630746926377335,ok,10.93
3.55,1.2,105.0,6,10,True,-2679.85374700785,-2680.303670730599,2.0,0.05600357751028251,ok,10.09
3.55,1.2,95.0,6,10,True,-2679.853754799785,-2680.303718924129,1.9999999999999987,0.053777994561070984,ok,10.8
3.55,1.2,75.0,6,10,True,-2679.8535777563,-2680.3037378452896,2.0,0.04614185625582502,ok,11.14
3.55,1.2,135.0,6,10,True,-2679.8534683017447,-2680.3033626569195,1.9999999999999998,0.055546570811317766,ok,8.54
3.65,0.8,125.0,6,10,True,-2679.8590081317748,-2680.2989843994046,1.999999999999999,0.05369578371967192,ok,6.68
3.55,1.2,125.0,6,10,True,-2679.8535919679916,-2680.303485867039,2.0000000000000004,0.0568087075476243,ok,10.19
3.55,1.25,75.0,6,10,True,-2679.84102812901,-2680.29246188494,2.000000000000001,0.046939015940923506,ok,9.48
3.65,0.8,85.0,6,10,True,-2679.8589249014212,-2680.2990328514684,2.0,0.03851864548685249,ok,7.98
3.55,1.25,115.0,6,10,True,-2679.8411214962966,-2680.292278496229,2.0000000000000004,0.056299896819707644,ok,8.84
3.55,1.25,105.0,6,10,True,-2679.841185764693,-2680.292362432763,2.000000000000001,0.05562609522804855,ok,9.05
3.55,1.25,95.0,6,10,True,-2679.8411994108988,-2680.292417599234,1.999999999999999,0.053756055424217616,ok,9.32
3.55,1.25,85.0,6,10,True,-2679.8411514383847,-2680.2924544140997,1.9999999999999993,0.05080500929502925,ok,9.45
3.55,1.25,125.0,6,10,True,-2679.841017962435,-2680.2921697545116,2.0000000000000004,0.0557841918834267,ok,9.75
3.55,1.25,135.0,6,10,True,-2679.84088816279,-2680.292044572948,1.9999999999999998,0.05422496911333278,ok,9.28
3.65,0.8,75.0,6,10,True,-2679.8588291950537,-2680.2989761927192,2.0,0.03258650277128731,ok,11.74
3.65,0.8,115.0,6,10,True,-2679.8590354379867,-2680.29903450745,1.9999999999999996,0.051536015941271156,ok,11.31
3.65,0.8,105.0,6,10,True,-2679.859032008892,-2680.299056422159,1.9999999999999998,0.04824188526628269,ok,12.12
3.65,0.85,95.0,6,10,True,-2679.879833496906,-2680.321034368837,2.0000000000000004,0.044330846246460144,ok,10.91
3.65,0.8,135.0,6,10,True,-2679.8589573474396,-2680.2989235282334,2.0,0.05480812394046774,ok,11.63
3.65,0.85,75.0,6,10,True,-2679.879670546543,-2680.3209623271878,1.9999999999999998,0.03340421463154683,ok,11.75
3.65,0.85,125.0,6,10,True,-2679.8798284655254,-2680.3209366581304,2.000000000000001,0.05336089487459821,ok,10.29
3.65,0.8,95.0,6,10,True,-2679.8589946829234,-2680.2990590926697,1.9999999999999998,0.04384569803734123,ok,13.21
3.65,0.85,135.0,6,10,True,-2679.8797704879066,-2680.32086963006,1.9999999999999993,0.05418795108052089,ok,10.25
3.65,0.85,115.0,6,10,True,-2679.8798627946567,-2680.3209948099393,2.0,0.05149074633774213,ok,10.8
3.65,0.85,85.0,6,10,True,-2679.879766686434,-2680.321011460498,1.9999999999999993,0.03920793709840632,ok,12.08
3.65,0.95,85.0,6,10,True,-2679.893231357972,-2680.3368505019257,1.999999999999999,0.04044466050013477,ok,6.88
3.65,0.95,115.0,6,10,True,-2679.8932959447297,-2680.336804545672,1.9999999999999987,0.05112386560589294,ok,6.37
3.65,0.85,105.0,6,10,True,-2679.8798657277066,-2680.321029281002,2.0000000000000004,0.04847529919815951,ok,12.03
3.65,0.9,95.0,6,10,True,-2679.8902921124145,-2680.33266742885,1.9999999999999996,0.04474740395071278,ok,11.12
3.65,0.9,85.0,6,10,True,-2679.8902285097233,-2680.3326512766234,2.0000000000000013,0.03985010882598068,ok,11.86
3.65,0.9,75.0,6,10,True,-2679.8901321070716,-2680.332608714471,2.0000000000000013,0.034203664726404785,ok,12.41
3.65,0.9,115.0,6,10,True,-2679.890309269344,-2680.3326188163564,2.000000000000001,0.051351703093979705,ok,11.58
3.65,0.9,125.0,6,10,True,-2679.8902675949503,-2680.3325547094523,2.0000000000000004,0.05292637430630084,ok,11.23
3.65,0.9,135.0,6,10,True,-2679.8902021561835,-2680.3324800957525,1.9999999999999993,0.053464305191095206,ok,11.43
3.65,0.9,105.0,6,10,True,-2679.8903188939044,-2680.3326569142105,2.0,0.04862417424861383,ok,12.85
3.65,0.95,125.0,6,10,True,-2679.893246726983,-2680.336734381846,1.9999999999999993,0.05239900202067577,ok,9.69
3.65,0.95,75.0,6,10,True,-2679.8931348814604,-2680.3368182350937,2.000000000000001,0.03498397923188213,ok,11.64
3.65,0.95,135.0,6,10,True,-2679.8931736505597,-2680.336653854234,2.0,0.052647646965852425,ok,10.08
3.65,0.95,105.0,6,10,True,-2679.8933124923988,-2680.3368441952944,2.0000000000000004,0.048693409157829444,ok,10.69
3.65,1.0,85.0,6,10,True,-2679.8908968706496,-2680.335726043356,2.0,0.04098420662781503,ok,10.46
3.65,1.0,75.0,6,10,True,-2679.8908005735725,-2680.335700532074,2.0000000000000004,0.03574028347581989,ok,10.58
3.65,0.95,95.0,6,10,True,-2679.8932914083416,-2680.3368615988775,2.000000000000001,0.04509509488134762,ok,11.93
3.65,1.0,95.0,6,10,True,-2679.8909530899646,-2680.3357294829807,1.9999999999999991,0.0453691615385074,ok,11.08
3.65,1.0,105.0,6,10,True,-2679.8909682635644,-2680.3356948723354,2.0000000000000004,0.04867749490960865,ok,11.09
3.65,1.1,85.0,6,10,True,-2679.875993446031,-2680.3233157094305,1.9999999999999993,0.041912137518857,ok,6.26
3.65,1.1,95.0,6,10,True,-2679.876041471522,-2680.3233147854985,1.9999999999999998,0.04571225105877844,ok,6.38
3.65,1.0,115.0,6,10,True,-2679.8909446134257,-2680.3356416790657,2.0000000000000004,0.05080956676423313,ok,10.3
3.65,1.0,125.0,6,10,True,-2679.890887776776,-2680.335525733938,1.9999999999999996,0.051784844224162685,ok,10.61
3.65,1.0,135.0,6,10,True,-2679.8908071158403,-2680.3354097478104,2.000000000000001,0.05174217654116758,ok,9.95
3.65,1.05,135.0,6,10,True,-2679.884651085528,-2680.3306078386886,2.0,0.0507564145794119,ok,8.82
3.65,1.05,125.0,6,10,True,-2679.8847391635263,-2680.3307056476337,2.0,0.05108692605092848,ok,9.08
3.65,1.05,75.0,6,10,True,-2679.8846769643023,-2680.330807361775,1.999999999999996,0.03647744012730041,ok,9.81
3.65,1.05,105.0,6,10,True,-2679.8848342060805,-2680.3308119105714,2.0000000000000004,0.04858459739497516,ok,9.74
3.65,1.05,115.0,6,10,True,-2679.884803459768,-2680.3307746641344,1.9999999999999996,0.05041218459362025,ok,10.29
3.65,1.05,85.0,6,10,True,-2679.884772860751,-2680.3308291259327,2.0,0.04147645398855106,ok,10.96
3.65,1.05,95.0,6,10,True,-2679.884825077926,-2680.330832660677,1.9999999999999993,0.045576722142614476,ok,10.95
3.65,1.1,105.0,6,10,True,-2679.8760446821025,-2680.3232918631184,2.0000000000000004,0.04841389175507802,ok,10.27
3.65,1.1,115.0,6,10,True,-2679.876006890692,-2680.323248242102,1.9999999999999987,0.049935640474442364,ok,9.47
3.65,1.1,75.0,6,10,True,-2679.8758983030752,-2680.323295722826,1.9999999999999996,0.03718729216767725,ok,11.45
3.65,1.1,135.0,6,10,True,-2679.8758402899175,-2680.3230693467926,2.0,0.04969705261019486,ok,9.93
3.65,1.2,135.0,6,10,True,-2679.8533770588315,-2680.303105366351,2.0,0.04740037134217882,ok,5.59
3.65,1.1,125.0,6,10,True,-2679.875935414896,-2680.3231673391124,2.0000000000000004,0.05031231139819302,ok,10.7
3.65,1.15,125.0,6,10,True,-2679.8653116524792,-2680.313789031633,2.0,0.0494695474464649,ok,8.81
3.65,1.15,115.0,6,10,True,-2679.8653899387255,-2680.3138750462467,1.9999999999999996,0.049387416642075806,ok,9.15
3.65,1.15,135.0,6,10,True,-2679.865209953194,-2680.3136878466066,2.000000000000001,0.04857483247140616,ok,8.8
3.65,1.25,75.0,6,10,True,-2679.8409462382574,-2680.2921439362617,1.9999999999999998,0.039168113154629244,ok,6.46
3.65,1.15,85.0,6,10,True,-2679.8653933143423,-2680.3139740032793,2.0,0.04229453830304113,ok,10.8
3.65,1.15,105.0,6,10,True,-2679.8654342415075,-2680.3139335086157,2.0,0.04816919358236494,ok,10.39
3.65,1.15,75.0,6,10,True,-2679.865299247795,-2680.313966878839,2.0000000000000013,0.03787281600110104,ok,11.32
3.65,1.15,95.0,6,10,True,-2679.8654369892056,-2680.3139627288792,2.0000000000000004,0.04577914363564741,ok,10.89
3.65,1.2,85.0,6,10,True,-2679.8535892177592,-2680.3034202130398,2.0000000000000004,0.042625121013436254,ok,9.54
3.65,1.2,95.0,6,10,True,-2679.8536284342126,-2680.303398961704,2.0000000000000004,0.04578225421439592,ok,9.6
3.65,1.2,75.0,6,10,True,-2679.853496445911,-2680.3034308438705,1.9999999999999996,0.038532701238083784,ok,10.34
3.65,1.2,105.0,6,10,True,-2679.853619734061,-2680.303361228373,2.000000000000001,0.047856938790410246,ok,10.03
3.65,1.2,115.0,6,10,True,-2679.853569197179,-2680.303296801516,2.0000000000000004,0.04877415863083535,ok,10.02
3.65,1.2,125.0,6,10,True,-2679.853484717107,-2680.3032089150342,2.0,0.04856844563432866,ok,9.9
3.65,1.25,115.0,6,10,True,-2679.8410012904565,-2680.2919800090067,1.9999999999999996,0.04810431053088788,ok,8.71
3.65,1.25,135.0,6,10,True,-2679.840797942539,-2680.2917856894537,2.000000000000001,0.04618587549762354,ok,8.6
3.65,1.25,125.0,6,10,True,-2679.8409111030455,-2680.2918899557903,2.0,0.04761814959620722,ok,8.76
3.65,1.25,85.0,6,10,True,-2679.841037146696,-2680.2921262148034,1.9999999999999998,0.04290437715746912,ok,9.59
3.65,1.25,105.0,6,10,True,-2679.8410576720817,-2680.2920507185986,1.9999999999999998,0.04748350274530995,ok,10.01
3.75,0.85,85.0,6,10,True,-2679.879667923057,-2680.320763906486,1.9999999999999993,0.033571393408673725,ok,7.04
3.65,1.25,95.0,6,10,True,-2679.841071841113,-2680.2920973722535,1.9999999999999993,0.045723574600409954,ok,10.78
3.75,0.85,135.0,6,10,True,-2679.879672717488,-2680.320654335793,2.0000000000000004,0.04704543613406833,ok,6.92
3.75,0.8,75.0,6,10,True,-2679.8587527237673,-2680.2987444232626,1.9999999999999996,0.02766832099390815,ok,11.37
3.75,0.8,125.0,6,10,True,-2679.8589050911314,-2680.2987640247748,2.0,0.04668565720193768,ok,10.74
3.75,0.8,105.0,6,10,True,-2679.858923556673,-2680.298819364819,2.000000000000001,0.041818119127229,ok,12.45
3.75,0.8,115.0,6,10,True,-2679.85892778139,-2680.2988054018824,2.0,0.044770287247099395,ok,11.85
3.75,0.8,135.0,6,10,True,-2679.858861649744,-2680.2987131424206,2.0000000000000004,0.047653618737160966,ok,11.59
3.75,0.85,115.0,6,10,True,-2679.8797514613975,-2680.3207587182,2.0000000000000013,0.04467033832092061,ok,10.29
3.75,0.8,95.0,6,10,True,-2679.8588903254495,-2680.2988187920882,2.0000000000000004,0.037853190079852744,ok,13.35
3.75,0.85,125.0,6,10,True,-2679.8797225285857,-2680.320710731053,2.0000000000000027,0.04632982015441981,ok,10.21
3.75,0.8,85.0,6,10,True,-2679.858830764384,-2680.2987940358494,1.9999999999999996,0.033033452315077066,ok,13.59
3.75,0.85,75.0,6,10,True,-2679.879590440905,-2680.3207250279393,2.0000000000000004,0.028311540664318586,ok,11.42
3.75,0.85,105.0,6,10,True,-2679.8797529397507,-2680.320784038471,2.0,0.041962931742583344,ok,10.77
3.75,0.9,135.0,6,10,True,-2679.8901027476973,-2680.3322641544123,1.9999999999999996,0.046344247134825385,ok,9.84
3.75,0.9,125.0,6,10,True,-2679.8901591554186,-2680.332326393775,1.9999999999999998,0.045884565828654404,ok,9.94
3.75,0.9,115.0,6,10,True,-2679.8901946069423,-2680.332378963897,2.0000000000000004,0.04448649851859164,ok,10.14
3.75,0.85,95.0,6,10,True,-2679.879724414346,-2680.3207856074105,2.0,0.03821698623136994,ok,12.03
3.75,0.9,75.0,6,10,True,-2679.8900485817753,-2680.332364278421,2.0,0.028936358133330817,ok,12.19
3.75,0.9,95.0,6,10,True,-2679.890178538611,-2680.3324138313837,2.0000000000000004,0.03851831710989923,ok,12.15
3.75,1.0,85.0,6,10,True,-2679.8907858902603,-2680.335461722337,1.9999999999999993,0.03492751434640131,ok,6.84
3.75,0.9,105.0,6,10,True,-2679.890202093215,-2680.3324080557327,1.9999999999999996,0.04203269894493765,ok,12.1
3.75,0.9,85.0,6,10,True,-2679.8901253994864,-2680.3323978100425,1.9999999999999996,0.03406716271958058,ok,12.36
3.75,1.0,105.0,6,10,True,-2679.89084459536,-2680.335436476538,1.9999999999999996,0.04195817810350948,ok,6.6
3.75,0.95,125.0,6,10,True,-2679.893136216498,-2680.336503100647,2.0000000000000004,0.045356664652824744,ok,9.58
3.75,0.95,115.0,6,10,True,-2679.8931783607977,-2680.336560015658,1.999999999999999,0.04422402823175786,ok,9.98
3.75,0.95,135.0,6,10,True,-2679.89307306843,-2680.33643419066,1.9999999999999993,0.045560416519849545,ok,9.88
3.75,0.95,85.0,6,10,True,-2679.8931241315495,-2680.3365932085194,2.000000000000001,0.034521006521231856,ok,11.37
3.75,0.95,105.0,6,10,True,-2679.8931920380114,-2680.336590074135,2.0000000000000004,0.042032656377325665,ok,10.51
3.75,0.95,95.0,6,10,True,-2679.8931737426897,-2680.336602184078,1.9999999999999996,0.038762537584910856,ok,11.65
3.75,0.95,75.0,6,10,True,-2679.893048191576,-2680.336567237922,2.000000000000001,0.029543518037171233,ok,13.32
3.75,1.0,115.0,6,10,True,-2679.8908245411158,-2680.3353776485005,2.0000000000000004,0.043886753657647035,ok,9.54
3.75,1.0,95.0,6,10,True,-2679.890831709568,-2680.335465797697,2.0,0.03894295245162653,ok,11.11
3.75,1.0,125.0,6,10,True,-2679.8907756897042,-2680.3352736286183,1.9999999999999996,0.04475323812654422,ok,9.13
3.75,1.0,75.0,6,10,True,-2679.890711027579,-2680.335441085707,2.0,0.030128959586522525,ok,13.27
3.75,1.0,135.0,6,10,True,-2679.8907058382606,-2680.3351735454844,1.9999999999999996,0.044698114603438824,ok,9.77
3.75,1.05,115.0,6,10,True,-2679.884681454295,-2680.3305265052895,2.0000000000000004,0.04347715163730996,ok,9.28
3.75,1.15,75.0,6,10,True,-2679.865203489276,-2680.3136902791425,1.999999999999999,0.03177502697956331,ok,6.63
3.75,1.15,105.0,6,10,True,-2679.86530397189,-2680.3136602073764,1.9999999999999998,0.04134509838126711,ok,5.93
3.75,1.05,95.0,6,10,True,-2679.8847004568215,-2680.3305560077497,1.9999999999999993,0.03906540149143825,ok,9.48
3.75,1.05,135.0,6,10,True,-2679.8845495629257,-2680.3303893435996,1.9999999999999996,0.043765917633346176,ok,9.91
3.75,1.05,125.0,6,10,True,-2679.8846259597567,-2680.3304704450657,2.000000000000001,0.04407668008402027,ok,10.11
3.75,1.05,75.0,6,10,True,-2679.884584938756,-2680.3305443729046,2.000000000000001,0.03069876939305465,ok,11.01
3.75,1.1,85.0,6,10,True,-2679.875876362698,-2680.3230379718725,2.0,0.03561617590780055,ok,9.3
3.75,1.1,105.0,6,10,True,-2679.8759160825343,-2680.323026538222,2.000000000000001,0.041612841780532636,ok,9.24
3.75,1.05,85.0,6,10,True,-2679.884658581552,-2680.330555606322,2.0000000000000004,0.03529523457590522,ok,11.1
3.75,1.05,105.0,6,10,True,-2679.884707809715,-2680.330542559943,1.9999999999999996,0.04181857447693417,ok,10.84
3.75,1.1,75.0,6,10,True,-2679.8758041994815,-2680.3230259209795,1.9999999999999996,0.031246354933978947,ok,10.46
3.75,1.1,95.0,6,10,True,-2679.8759141308824,-2680.323039027854,2.0,0.03912824551717836,ok,9.6
3.75,1.1,115.0,6,10,True,-2679.8758834133077,-2680.322990594397,1.9999999999999993,0.043000032731627225,ok,10.36
3.75,1.1,135.0,6,10,True,-2679.875739015936,-2680.32283926803,2.000000000000001,0.04277029067701043,ok,9.68
3.75,1.1,125.0,6,10,True,-2679.875821550299,-2680.322922484422,2.0,0.04333416444242569,ok,10.08
3.75,1.15,115.0,6,10,True,-2679.8652654706375,-2680.3136121922334,1.9999999999999993,0.04246243637381611,ok,9.18
3.75,1.15,125.0,6,10,True,-2679.865197545938,-2680.3135401811505,1.9999999999999991,0.042533680659931954,ok,8.96
3.75,1.15,85.0,6,10,True,-2679.8652739406693,-2680.3136901410926,2.0000000000000004,0.03589393091242138,ok,10.31
3.75,1.15,135.0,6,10,True,-2679.86510907838,-2680.313454185838,2.000000000000001,0.04172048022408439,ok,8.91
3.75,1.2,85.0,6,10,True,-2679.8534680743946,-2680.3031322221054,2.000000000000001,0.03613060115524623,ok,9.5
3.75,1.15,95.0,6,10,True,-2679.865307477567,-2680.3136820744007,1.9999999999999996,0.039134576014041515,ok,11.14
3.75,1.2,75.0,6,10,True,-2679.853399470592,-2680.303146040064,2.000000000000001,0.03228489934867257,ok,11.04
3.75,1.25,105.0,6,10,True,-2679.840925615455,-2680.2917732433043,2.0,0.04064812064290011,ok,5.99
3.75,1.25,115.0,6,10,True,-2679.84087621902,-2680.2917115987975,2.0000000000000013,0.041232362008330956,ok,5.96
3.75,1.2,115.0,6,10,True,-2679.853444217879,-2680.303029053073,1.9999999999999996,0.041870702712698285,ok,8.79
3.75,1.2,95.0,6,10,True,-2679.853497294582,-2680.303111969242,1.9999999999999998,0.039089063515263756,ok,10.99
3.75,1.2,105.0,6,10,True,-2679.853488330348,-2680.303082099956,1.9999999999999998,0.04102166976440689,ok,10.18
3.75,1.2,135.0,6,10,True,-2679.8532769790036,-2680.3028699801503,2.0,0.040627090547300106,ok,8.57
3.75,1.2,125.0,6,10,True,-2679.853370765409,-2680.302956960721,2.0,0.04168454076051545,ok,9.93
3.75,1.25,125.0,6,10,True,-2679.840797645095,-2680.291635356087,1.9999999999999998,0.04079485908384187,ok,8.61
3.75,1.25,95.0,6,10,True,-2679.840939613649,-2680.2918137340453,2.0,0.03899347169352918,ok,9.68
3.75,1.25,75.0,6,10,True,-2679.8408483626777,-2680.2918643067887,2.0,0.032776293748509155,ok,10.94
3.75,1.25,85.0,6,10,True,-2679.84091476137,-2680.2918354578437,2.0,0.03632690648676694,ok,10.51
3.75,1.25,135.0,6,10,True,-2679.8406989325736,-2680.291548680908,2.000000000000001,0.03950108362344764,ok,9.61
3.85,0.8,135.0,6,10,True,-2679.8587616317077,-2680.2985183963915,1.9999999999999987,0.04165389313170294,ok,10.38
3.85,0.8,105.0,6,10,True,-2679.858812515671,-2680.2986033956768,2.000000000000001,0.036392163601134314,ok,10.97
3.85,0.9,125.0,6,10,True,-2679.8900480190987,-2680.3321165768252,1.9999999999999987,0.03994452998888847,ok,6.69
3.85,0.85,75.0,6,10,True,-2679.879502106444,-2680.3205093893075,2.000000000000001,0.024115788406852662,ok,11.14
3.85,0.9,115.0,6,10,True,-2679.890078043124,-2680.332160588275,2.000000000000002,0.03867749416591759,ok,6.89
3.85,0.8,95.0,6,10,True,-2679.8587828495347,-2680.2986004101817,1.9999999999999998,0.032809272758407663,ok,12.02
3.85,0.8,75.0,6,10,True,-2679.8586680413678,-2680.298538037431,1.9999999999999993,0.023628960447591663,ok,12.54
3.85,0.8,125.0,6,10,True,-2679.8587986511284,-2680.298561290788,2.0000000000000013,0.04078217735077903,ok,11.94
3.85,0.8,115.0,6,10,True,-2679.85881735454,-2680.2985944147513,2.0,0.03905695502540463,ok,12.29
3.85,0.85,125.0,6,10,True,-2679.8796135553416,-2680.320503050159,1.9999999999999984,0.040403660762193996,ok,10.23
3.85,0.8,85.0,6,10,True,-2679.858731833092,-2680.2985781166094,2.0000000000000004,0.028457371152945887,ok,12.8
3.85,0.85,115.0,6,10,True,-2679.8796378027896,-2680.3205432392188,1.999999999999999,0.03890489245276827,ok,10.77
3.85,0.9,75.0,6,10,True,-2679.8899568127495,-2680.33214238878,1.9999999999999978,0.024584426520177453,ok,10.87
3.85,0.85,135.0,6,10,True,-2679.879570896226,-2680.3204550790974,2.000000000000001,0.04105162070742803,ok,11.3
3.85,0.85,85.0,6,10,True,-2679.879564714802,-2680.3205403312527,1.9999999999999996,0.02885868305660324,ok,12.53
3.85,0.85,105.0,6,10,True,-2679.8796380674453,-2680.3205618139777,1.9999999999999987,0.0364553145220328,ok,11.98
3.85,0.85,95.0,6,10,True,-2679.8796127016317,-2680.320560167694,1.999999999999999,0.03306259592126429,ok,12.26
3.85,0.9,85.0,6,10,True,-2679.8900181371923,-2680.332169105579,1.9999999999999996,0.02922195196369851,ok,10.78
3.85,0.9,135.0,6,10,True,-2679.8899995282172,-2680.332063527155,1.9999999999999982,0.04036523943360611,ok,10.12
3.85,0.9,95.0,6,10,True,-2679.8900628405454,-2680.332184835634,2.000000000000001,0.03326007274069027,ok,12.68
3.85,0.9,105.0,6,10,True,-2679.8900836759326,-2680.3321826060305,2.000000000000001,0.0364512582122142,ok,11.87
3.85,0.95,95.0,6,10,True,-2679.8930543635415,-2680.3363719473145,1.9999999999999993,0.033408142533194046,ok,11.0
3.85,0.95,85.0,6,10,True,-2679.8930130970543,-2680.3363609020375,1.9999999999999991,0.029548790493764767,ok,11.67
3.85,0.95,75.0,6,10,True,-2679.892953243211,-2680.3363397072767,1.9999999999999998,0.025037157203523955,ok,12.09
3.85,1.0,135.0,6,10,True,-2679.890601109487,-2680.3349955435856,2.0000000000000013,0.038775900288396684,ok,5.75
3.85,0.95,115.0,6,10,True,-2679.8930592640463,-2680.3363390191344,2.0000000000000004,0.038380406808079484,ok,9.87
3.85,1.0,115.0,6,10,True,-2679.8907033925316,-2680.3351391532456,1.9999999999999998,0.03801831454897501,ok,6.18
3.85,0.95,105.0,6,10,True,-2679.893070422076,-2680.3363625928523,2.0000000000000004,0.036386500957929994,ok,11.43
3.85,0.95,125.0,6,10,True,-2679.893023314781,-2680.336291433454,2.0000000000000018,0.03941176269154514,ok,9.41
3.85,0.95,135.0,6,10,True,-2679.892968878696,-2680.336230036355,1.9999999999999996,0.03960529812133057,ok,10.97
3.85,1.0,95.0,6,10,True,-2679.890709020182,-2680.3352279228275,2.000000000000001,0.03350117491538655,ok,9.59
3.85,1.0,85.0,6,10,True,-2679.890671426474,-2680.3352221947985,1.999999999999999,0.029835276350715336,ok,11.4
3.85,1.0,75.0,6,10,True,-2679.890613203578,-2680.3352066717925,1.9999999999999996,0.025470654664217017,ok,11.84
3.85,1.0,125.0,6,10,True,-2679.8906614669536,-2680.3350386938805,2.0,0.03881328724876198,ok,9.43
3.85,1.0,105.0,6,10,True,-2679.8907201712295,-2680.335200430077,2.0000000000000013,0.03625651210509699,ok,10.54
3.85,1.05,115.0,6,10,True,-2679.884558582295,-2680.3302989116246,1.9999999999999993,0.03759442072514902,ok,9.4
3.85,1.05,135.0,6,10,True,-2679.8844447015313,-2680.3301838386337,2.0000000000000004,0.037885764165342256,ok,8.99
3.85,1.05,75.0,6,10,True,-2679.884484598652,-2680.330304842999,2.0,0.025892072488445005,ok,10.08
3.85,1.05,125.0,6,10,True,-2679.884510833245,-2680.330252669416,2.0000000000000004,0.038151124496046414,ok,10.12
3.85,1.05,85.0,6,10,True,-2679.8845410796685,-2680.3303079844227,2.0,0.03009025272082808,ok,10.71
3.85,1.15,125.0,6,10,True,-2679.8650818015985,-2680.3133130837105,2.0000000000000013,0.03666528332691634,ok,5.57
3.85,1.05,95.0,6,10,True,-2679.884574894333,-2680.3303098286365,2.0000000000000004,0.03354616750770573,ok,10.73
3.85,1.1,125.0,6,10,True,-2679.875705928782,-2680.322698093552,2.000000000000001,0.03743260233643275,ok,9.08
3.85,1.05,105.0,6,10,True,-2679.884581018009,-2680.330300115716,2.0000000000000004,0.03607190844924472,ok,10.93
3.85,1.1,75.0,6,10,True,-2679.875701730921,-2680.322779854702,1.9999999999999996,0.0262962679765851,ok,10.22
3.85,1.1,135.0,6,10,True,-2679.875634297632,-2680.3226251003844,1.9999999999999996,0.0369407114918214,ok,8.72
3.85,1.1,105.0,6,10,True,-2679.875787388883,-2680.3227872503726,1.9999999999999998,0.03583165510242973,ok,10.06
3.85,1.1,95.0,6,10,True,-2679.8757862836424,-2680.3227923073823,2.000000000000001,0.033541955751857554,ok,10.28
3.85,1.1,115.0,6,10,True,-2679.8757593185296,-2680.3227563760015,1.999999999999999,0.037112923369344554,ok,10.14
3.85,1.2,75.0,6,10,True,-2679.853293970819,-2680.302889051123,1.9999999999999998,0.02706472214304493,ok,6.61
3.85,1.1,85.0,6,10,True,-2679.8757562746387,-2680.322788292369,1.9999999999999993,0.03030738176927651,ok,10.52
3.85,1.15,95.0,6,10,True,-2679.8651775897306,-2680.313427636764,1.9999999999999993,0.033491354616799064,ok,8.84
3.85,1.15,85.0,6,10,True,-2679.865151733567,-2680.3134364420102,1.9999999999999996,0.030490303855963744,ok,9.27
3.85,1.15,115.0,6,10,True,-2679.8651405497367,-2680.313371560296,2.0,0.03658093748466446,ok,8.95
3.85,1.15,135.0,6,10,True,-2679.865004939126,-2680.3132376490817,2.0,0.03595015238293263,ok,8.71
3.85,1.15,105.0,6,10,True,-2679.865173853597,-2680.3134106214948,2.000000000000001,0.035540094097191756,ok,9.25
3.85,1.2,95.0,6,10,True,-2679.853365963952,-2680.302860741191,1.9999999999999998,0.03339996842563128,ok,9.33
3.85,1.15,75.0,6,10,True,-2679.865099299783,-2680.3134381881846,1.9999999999999996,0.026687177580929828,ok,11.47
3.85,1.2,105.0,6,10,True,-2679.8533572672304,-2680.302834367154,1.9999999999999998,0.0352035049111311,ok,7.83
3.85,1.2,125.0,6,10,True,-2679.853255309056,-2680.302725319962,2.0,0.035857887974907264,ok,7.37
3.85,1.2,85.0,6,10,True,-2679.8533442204484,-2680.3028685067347,2.000000000000001,0.03064204682502965,ok,10.08
3.85,1.25,75.0,6,10,True,-2679.840742024197,-2680.291599180922,1.9999999999999987,0.0274306346968333,ok,7.12
3.85,1.2,115.0,6,10,True,-2679.853318958414,-2680.3027872481207,1.9999999999999991,0.03600474339016183,ok,8.13
3.85,1.25,85.0,6,10,True,-2679.840789741193,-2680.291581229477,2.000000000000001,0.030763087866829162,ok,7.14
3.85,1.25,125.0,6,10,True,-2679.8406826670303,-2680.2914053768554,2.0000000000000004,0.035018238475085374,ok,6.21
3.85,1.25,105.0,6,10,True,-2679.8407940370553,-2680.2915257871364,1.9999999999999991,0.034826774900070204,ok,7.02
3.85,1.2,135.0,6,10,True,-2679.8531736734176,-2680.302653471323,2.000000000000001,0.03492387354102318,ok,8.31
3.85,1.25,135.0,6,10,True,-2679.8405966743403,-2680.2913294560817,2.0,0.033871588858024874,ok,7.16
3.85,1.25,95.0,6,10,True,-2679.8408074556414,-2680.2915606025417,2.0000000000000004,0.0332697602011049,ok,8.47
3.85,1.25,115.0,6,10,True,-2679.8407509667477,-2680.2914728101946,2.0000000000000004,0.035390963888551646,ok,8.36
