r_obr_A,r_oh_A,theta_deg,nbf,t1_s,e_hf_Ha,e_ccsd_Ha,e_ccsdt_Ha,omega_app_eV,root0_sym,gap_any_eV,gap_app_eV,w1,status,wall_s
1.9,1.0,135.0,87,0.008076198109350478,-2679.8836675049783,-2680.427408199626,-2680.4486636416127,2.0372689641406465,"A""",0.5456386621933557,2.6816435158038154,0.9445,ok,239.5
1.85,1.25,135.0,87,0.010382747681268255,-2679.8366781688446,-2680.3879098642324,-2680.4104832195826,2.0088195259626667,"A""",0.6331416874344626,2.7686717804090804,0.9415,ok,280.53
1.85,1.0,135.0,87,0.007516063524621657,-2679.888756280489,-2680.4306200785504,-2680.4512619958405,2.30052411175943,"A""",0.558113852127728,2.962466682027974,0.9473,ok,375.71
1.8,1.0,135.0,87,0.007022019494142422,-2679.892224764614,-2680.4323878338223,-2680.452481264271,2.5784411711714608,"A""",0.5672545721883812,3.267913036664075,0.9497,ok,383.31
1.75,1.0,135.0,87,0.006598117763032439,-2679.8935344385563,-2680.4321715492497,-2680.451771640881,2.866153422106992,"A""",0.5742913394467922,3.5817867117742597,0.9518,ok,392.98
1.95,1.0,135.0,87,0.008693195267141454,-2679.877387761252,-2680.423182988476,-2680.445127939207,1.7918268547565779,"A""",0.5283241911664802,2.4278264162373095,0.9412,ok,413.77
2.05,1.0,135.0,87,0.010034147343132382,-2679.862551585601,-2680.412992110409,-2680.4365893731624,1.3608282428300087,"A""",0.4719669063008595,1.9948708425002422,0.9333,ok,414.65
1.95,1.25,135.0,87,0.011650112805099998,-2679.8260533981693,-2680.3814826148437,-2680.4054357124915,1.5991573998081179,"A""",0.6099643956254148,2.392781576941509,0.9367,ok,419.57
2.25,1.0,135.0,87,0.012539190021332606,-2679.8295735823294,-2680.391346213214,-2680.4195815105645,0.7408004058539862,"A""",0.22164318497335012,1.3554683438104915,0.911,ok,424.54
2.2,1.0,135.0,87,0.01198673401940437,-2679.8378763902087,-2680.3965828285695,-2680.4234805831234,0.8673041085186178,"A""",0.3042996301057256,1.4929636952671514,0.9174,ok,427.85
2.2,1.25,135.0,87,0.014679363152046775,-2679.7879298217304,-2680.3566356006318,-2680.3856564225625,0.795116790548912,"A""",0.37910032725847603,1.5173398699654057,0.9155,ok,433.17
2.15,1.0,135.0,87,0.01137374447593585,-2679.846211721417,-2680.401998966438,-2680.4276786233518,1.0120817592184035,"A""",0.37344577195116413,1.6439931566743264,0.9232,ok,434.8
1.7,1.25,135.0,87,0.008892775743337078,-2679.8388855794155,-2680.385165834813,-2680.4061620606626,2.600942439722972,"A""",0.6150004448023819,2.7619231034064198,0.9443,ok,436.77
1.65,1.25,135.0,87,0.00855713287680945,-2679.8334339146295,-2680.3784432056937,-2680.3990184202116,2.751231113096813,"A""",0.5931976444933216,2.694310267293245,0.9439,ok,436.92
2.1,1.25,135.0,87,0.013591279230353187,-2679.804081220309,-2680.3670360077535,-2680.3937181039573,1.0707515155403866,"A""",0.5085830576094229,1.827135248404786,0.9255,ok,438.73
2.15,1.25,135.0,87,0.014166691817550038,-2679.7960565565013,-2680.361819874389,-2680.389616655059,0.9250707300225219,"A""",0.4509179532748982,1.6656510540808087,0.9207,ok,444.47
1.8,1.25,135.0,87,0.009816334446544615,-2679.839770524055,-2680.3891667342045,-2680.4111563494457,2.217773830180581,"A""",0.6342726684297063,2.8572115575799977,0.9431,ok,445.93
1.75,1.25,135.0,87,0.00931576531913302,-2679.8407240290144,-2680.3884679618873,-2680.4099340135103,2.418833750253406,"A""",0.6284470622848682,2.8359197788667276,0.9441,ok,448.79
1.9,1.25,135.0,87,0.010999952834573693,-2679.8319673932865,-2680.3852119895573,-2680.408436978601,1.8005513898964038,"A""",0.6251961431382921,2.5946992895347405,0.9394,ok,450.07
1.55,1.0,135.0,87,0.005561710939702923,-2679.8607946515313,-2680.3950229825437,-2680.4130518597135,3.9333835572694373,"A""",0.593959798477761,3.1793650760205217,0.957,ok,450.32
2.0,1.0,135.0,87,0.009352328572926468,-2679.870258767564,-2680.4182873059376,-2680.4410091760865,1.5660519372131032,"A""",0.5044173165276002,2.1997232398499933,0.9375,ok,453.59
1.55,1.25,135.0,87,0.008179132551651192,-2679.8072760773025,-2680.3503272154944,-2680.3701957437793,2.907528172553015,"A""",0.5260041605748872,2.69255251011848,0.9414,ok,458.55
2.05,1.25,135.0,87,0.012967107942509758,-2679.811873473036,-2680.3721642558003,-2680.3978380568587,1.2322039169407883,"A""",0.5532051834545079,2.002631633280822,0.9297,ok,461.67
1.6,1.0,135.0,87,0.005731247154271925,-2679.8768464160053,-2680.4119323776545,-2680.430305206212,3.7040541093280517,"A""",0.5901755322577422,3.4866824919091624,0.9562,ok,464.5
1.7,1.0,135.0,87,0.006244097527258966,-2679.892009862333,-2680.4292942050415,-2680.448447576106,3.156600812445505,"A""",0.5801523695984026,3.8194585172440503,0.9536,ok,468.29
1.6,1.25,135.0,87,0.008316797326676019,-2679.823333684332,-2680.367266725368,-2680.3874665112617,2.856822674488112,"A""",0.5630569476921153,2.666225173487648,0.9429,ok,470.21
2.1,1.0,135.0,87,0.010715796907657017,-2679.8544800787904,-2680.4075087772376,-2680.4320895644214,1.1763081996949283,"A""",0.4289330528824865,1.81051244809939,0.9285,ok,471.44
1.65,1.0,135.0,87,0.005956705631692768,-2679.886802891034,-2680.4229050652807,-2680.4416512475536,3.4400867394664356,"A""",0.585409337315353,3.75937803078297,0.9551,ok,475.49
1.55,0.8,75.0,87,0.0054492247377394675,-2679.7772080177656,-2680.313435875086,-2680.3316391736203,4.2312291132412385,"A""",0.9341318876198779,3.947073157233522,0.9591,ok,480.72
2.0,1.25,135.0,87,0.012313000255142216,-2679.8192674392767,-2680.3770473754425,-2680.4018139271943,1.4088287313234722,"A""",0.5864412854698849,2.1920816441631907,0.9335,ok,492.2
2.25,1.25,135.0,87,0.015120848306558908,-2679.7798025241327,-2680.3515718726585,-2680.381926370174,0.6803765380449627,"A""",0.2933246612787852,1.3811455074003534,0.9098,ok,263.03
2.3,1.0,135.0,87,0.013021851268775432,-2679.8213783810265,-2680.386347112002,-2680.416035849116,0.6311657359854836,"A""",0.1274480120227854,1.2299470939860697,0.9042,ok,237.69
2.35,1.25,135.0,87,0.015793302124152853,-2679.7638399246975,-2680.342039384914,-2680.3753789917446,0.4929459018850725,"A""",0.0898179989433948,1.141222746477558,0.8971,ok,194.52
2.45,1.0,135.0,87,0.014070646915928891,-2679.797920699407,-2680.373054223483,-2680.407719681662,0.3878381844197556,A',-0.18734903061882147,0.914388608751792,0.8815,warn:Ap_below,179.73
2.4,1.0,135.0,87,0.01377916775101313,-2679.805517789325,-2680.377188347855,-2680.4101021865513,0.4562740676883325,A',-0.08092392509715933,1.01025342171969,0.8894,warn:Ap_below,189.13
2.4,1.25,135.0,87,0.016041949956183185,-2679.7561079120264,-2680.3376404735955,-2680.372620922727,0.4180131025143783,A',-0.01999534574864572,1.0358845732265378,0.8903,warn:Ap_below,188.83
1.85,0.95,100.0,87,0.006284058998292622,-2679.9138709877616,-2680.45612878493,-2680.476800519329,2.8062249374892665,"A""",0.8453662865289338,3.1191579184739484,0.9481,ok,219.22
2.3,1.25,135.0,87,0.01549039585347063,-2679.771752808174,-2680.3466921380573,-2680.378487713528,0.5800059538515631,"A""",0.1956715295180238,1.256064021236414,0.9036,ok,272.74
2.35,1.0,135.0,87,0.013433271155600642,-2679.8133463858853,-2680.3816214800786,-2680.412872799926,0.5368563984385428,"A""",0.02523092665887414,1.1151888231976337,0.8969,ok,265.98
2.45,1.25,135.0,87,0.016253349331036508,-2679.7485886271706,-2680.3335096943592,-2680.3702205709824,0.353975010853697,A',-0.13001587728623099,0.9394193843278845,0.8832,warn:Ap_below,242.24
1.55,0.85,90.0,87,0.005275534269121275,-2679.8407113258518,-2680.3743755571477,-2680.392312009891,4.341310898217152,"A""",0.9430798171592403,3.4527543570432395,0.9593,ok,286.93
1.55,0.85,85.0,87,0.005355689936566333,-2679.829237513927,-2680.3640453196763,-2680.382138132882,4.304688107489411,"A""",0.933641784362002,3.5092827911343374,0.9591,ok,304.82
1.55,0.85,135.0,87,0.005100287069071492,-2679.854165763734,-2680.3843621671076,-2680.401667056833,4.2560021673484165,"A""",0.5509743618296251,3.6974856754087613,0.9598,ok,419.06
1.55,0.9,85.0,87,0.005457910812291342,-2679.839014472941,-2680.3753451159214,-2680.393695403049,4.26312097143516,"A""",0.900251700402217,3.2429395657832054,0.9585,ok,446.08
1.55,0.85,130.0,87,0.005095853425970111,-2679.8581287384864,-2680.3882683158313,-2680.4056048957227,4.304470256263925,"A""",0.6313720756200722,3.6284828761387593,0.9598,ok,452.97
1.55,0.9,95.0,87,0.005300054976901843,-2679.8591201331633,-2680.3932941033295,-2680.411335947096,4.321212417460635,"A""",0.9241051490887985,3.171709257956564,0.9588,ok,457.64
1.55,0.85,80.0,87,0.005451966046482865,-2679.8149129159106,-2680.3510815007517,-2680.3693577211498,4.26142171071164,"A""",0.9152368109831903,3.5919519322041986,0.9589,ok,458.47
1.55,0.9,80.0,87,0.005567611941937434,-2679.8249132029687,-2680.3626478658102,-2680.3811992690944,4.22334431920809,"A""",0.8748492190931356,3.3222898417721227,0.9582,ok,458.85
1.55,0.8,120.0,87,0.005019177065176126,-2679.843889517775,-2680.372916894789,-2680.39012215828,4.437961036914254,"A""",0.7643197492098334,3.66325681338559,0.9602,ok,461.51
1.55,0.9,90.0,87,0.005368551408656739,-2679.850331282723,-2680.385483823373,-2680.4036652485934,4.296047023997891,"A""",0.9172314571982034,3.194108523141513,0.9587,ok,462.46
1.55,0.8,135.0,87,0.005026709501565816,-2679.835101978416,-2680.364154243306,-2680.381250766329,4.335682528221478,"A""",0.539082656029915,3.8175470444372306,0.9604,ok,465.03
1.55,0.85,125.0,87,0.005092504278206235,-2679.8612311072757,-2680.3913891010293,-2680.4087625327124,4.3443468356331305,"A""",0.7054263511324811,3.5657159709240744,0.9598,ok,472.65
1.55,0.8,125.0,87,0.005018477782739874,-2679.8419628285915,-2680.370905461661,-2680.388068225759,4.413055184335884,"A""",0.6958472917222056,3.7058128555161858,0.9603,ok,480.52
1.55,0.9,75.0,87,0.005694913292217757,-2679.8076874929275,-2680.3470741859674,-2680.3658591944645,4.177447376947346,"A""",0.8429952991243845,3.435564436940682,0.9579,ok,481.32
1.55,0.85,110.0,87,0.005108914273506849,-2679.863147199782,-2680.393981852904,-2680.4115123696474,4.403487454440462,"A""",0.8733605274239755,3.432600680877434,0.9597,ok,481.73
1.55,0.8,85.0,87,0.005267602933543531,-2679.8093620244877,-2680.3427398646413,-2680.3605866978683,4.333739148405502,"A""",0.9667949860068078,3.7494404653945863,0.9596,ok,486.46
1.55,0.85,75.0,87,0.005562788202676694,-2679.7973767656626,-2680.3351427242146,-2680.3536292813324,4.212302809409526,"A""",0.8891631107892124,3.702643201000641,0.9586,ok,486.73
1.55,0.8,130.0,87,0.005021496613885328,-2679.8389576999652,-2680.3679144134276,-2680.38504133188,4.378589455018749,"A""",0.6201729936278253,3.7577961027029096,0.9603,ok,489.34
1.55,0.8,95.0,87,0.005138166266010833,-2679.82991525407,-2680.361270442301,-2680.378850022885,4.409249474814619,"A""",0.9615645537216657,3.639953259771097,0.9599,ok,490.71
1.55,0.85,105.0,87,0.005130567898910531,-2679.8606230092155,-2680.391935811163,-2680.409541161478,4.402231394912705,"A""",0.9078487123488885,3.4122135714286346,0.9596,ok,493.01
1.55,0.8,105.0,87,0.0050605872590042435,-2679.841053997856,-2680.371059125862,-2680.3884481434907,4.450743370580624,"A""",0.9141992897492411,3.605562754539248,0.96,ok,494.16
1.55,0.8,90.0,87,0.005196126083783082,-2679.820935138366,-2680.353208421317,-2680.37091092528,4.375313242761285,"A""",0.9692474969161401,3.684346287296318,0.9597,ok,504.98
1.55,0.8,100.0,87,0.005093332093083236,-2679.8365477809116,-2680.3671517702305,-2680.3846276753684,4.434658180012079,"A""",0.9432864246601018,3.614344084576314,0.96,ok,505.74
1.55,0.85,100.0,87,0.00516419315882221,-2679.8561797000852,-2680.3881150006478,-2680.4058108448894,4.390968506543117,"A""",0.9308344575107121,3.407079175412582,0.9595,ok,509.36
1.55,0.8,110.0,87,0.005038461418665469,-2679.8436430616543,-2680.3731914675864,-2680.3905079210663,4.456874018618376,"A""",0.8743713685603944,3.61180541940904,0.9601,ok,510.15
1.55,0.8,115.0,87,0.00502525246372438,-2679.844519708058,-2680.3737452015575,-2680.391001097764,4.452649274612415,"A""",0.8241774768569761,3.631494562184171,0.9602,ok,510.71
1.55,0.85,120.0,87,0.005092159319303708,-2679.8632451142976,-2680.3935147375555,-2680.4109315750766,4.374504015291933,"A""",0.7713194048843943,3.5110545233757815,0.9597,ok,514.75
1.55,0.85,95.0,87,0.00521196238348188,-2679.8496135922564,-2680.382327411227,-2680.40013253883,4.370379857623958,"A""",0.9424204733195788,3.419663135793984,0.9594,ok,527.49
1.55,0.8,80.0,87,0.005352246729293332,-2679.7949071722605,-2680.3295976314503,-2680.3476115121343,4.285431529177384,"A""",0.9548500481169315,3.8367835561053534,0.9594,ok,528.63
1.55,0.85,115.0,87,0.005096888691482117,-2679.8639534563677,-2680.394444111138,-2680.4119126155447,4.394292229916939,"A""",0.8276375311589276,3.4661434085459324,0.9597,ok,528.87
1.55,0.9,100.0,87,0.005250969566268959,-2679.865597889347,-2680.3989699135764,-2680.416897362296,4.337660280127514,"A""",0.9196385546298088,3.171665040623324,0.9589,ok,249.67
1.55,0.9,105.0,87,0.005218640730490017,-2679.86996477258,-2680.402694175576,-2680.4205281731333,4.344505314904489,"A""",0.9030868291417273,3.1902837524514975,0.959,ok,250.21
1.55,0.9,110.0,87,0.005199911044095998,-2679.872415822608,-2680.4046485631325,-2680.422406129418,4.34102908326757,"A""",0.8741765477242569,3.224405584788706,0.9591,ok,383.96
1.55,0.95,80.0,87,0.005698936805551375,-2679.8277706807876,-2680.367130959689,-2680.385969454082,4.166656172478037,"A""",0.8333255299206626,3.036358300978334,0.9574,ok,386.37
1.55,1.0,120.0,87,0.005493876949990121,-2679.870770126475,-2680.405386761075,-2680.4235309575556,4.1146471813728995,"A""",0.8018636317262371,2.9020437720241765,0.9572,ok,316.02
1.55,0.95,85.0,87,0.005574218085172821,-2679.8415705527136,-2680.379490498005,-2680.398109094791,4.204795992280026,"A""",0.8664252898183438,2.958798826506698,0.9577,ok,390.76
1.55,0.9,115.0,87,0.005191641592667271,-2679.8731466763725,-2680.4050164082064,-2680.4227111273917,4.326758079318036,"A""",0.8330738061856697,3.2713990619762185,0.9591,ok,412.61
1.55,0.95,100.0,87,0.00535592401128072,-2679.867712585717,-2680.402604719386,-2680.420775996802,4.271423620339424,"A""",0.9095469406799627,2.9149125490525196,0.9582,ok,380.6
1.55,0.9,125.0,87,0.005194660414261625,-2679.870253286982,-2680.4017414284012,-2680.4193400801014,4.265569834039567,"A""",0.7170419156311642,3.3954199137545955,0.9591,ok,410.0
1.55,0.95,95.0,87,0.005403734448116528,-2679.8613366464333,-2680.3970489878952,-2680.4153388704467,4.25816464708917,"A""",0.9065071989452499,2.9035024961187483,0.9581,ok,388.21
1.55,1.0,125.0,87,0.005517581739336883,-2679.86849142643,-2680.402917053256,-2680.4210184089256,4.065382840152307,"A""",0.7432623370932331,2.990210017916603,0.9572,ok,313.96
1.55,0.95,115.0,87,0.005315040593381282,-2679.875025386586,-2680.4083683616795,-2680.42630436838,4.247174339697125,"A""",0.8400749474964698,3.052578191810937,0.9583,ok,382.48
1.55,0.9,130.0,87,0.0052005862587579214,-2679.8670510506436,-2680.3984867338418,-2680.4160477907194,4.219528695642838,"A""",0.6445316498299594,3.4685788045741517,0.9591,ok,412.2
1.55,0.95,120.0,87,0.005321855770659327,-2679.8741547244244,-2680.4072344079714,-2680.4251184948876,4.21620000702958,"A""",0.7909419036575516,3.1222989139530353,0.9583,ok,395.72
1.55,0.95,90.0,87,0.0054756499308317,-2679.8526859439858,-2680.389399388612,-2680.407836540126,4.235617965579211,"A""",0.891581757687151,2.9163758025472015,0.9579,ok,415.79
1.55,0.9,135.0,87,0.005206123754684338,-2679.86297709658,-2680.394427765204,-2680.4119559008964,4.164565398892949,"A""",0.5646886233146146,3.54648024209661,0.9591,ok,435.44
1.55,0.95,110.0,87,0.005315873587781493,-2679.874370830204,-2680.408093204607,-2680.4260920144116,4.26654352388453,"A""",0.8765056696676261,2.99294528858874,0.9583,ok,408.9
1.55,0.95,75.0,87,0.005845215026929389,-2679.810988389588,-2680.3520472076916,-2680.3711447963665,4.121928082141195,"A""",0.7950237082265114,3.154206655029967,0.9571,ok,438.43
1.55,0.95,105.0,87,0.005328104694691047,-2679.8719960718004,-2680.4062299693305,-2680.424305837016,4.274464982806735,"A""",0.8996898702579967,2.9460074299949452,0.9583,ok,418.25
1.55,0.9,120.0,87,0.00519081678893912,-2679.87235702197,-2680.403983846236,-2680.421626395632,4.301532330644541,"A""",0.780362926643966,3.3290561975544417,0.9591,ok,457.06
1.55,1.0,100.0,87,0.0054824155219174485,-2679.864638669723,-2680.401119040884,-2680.419547722232,4.1874798518583685,"A""",0.8999772935928818,2.650549485408798,0.9571,ok,397.73
1.55,1.0,75.0,87,0.006012898732103667,-2679.80932574382,-2680.352082727864,-2680.371506324731,4.039245160935076,"A""",0.7441549037246187,2.8755089991349467,0.956,ok,416.38
1.55,1.0,85.0,87,0.005704711750101004,-2679.838987363662,-2680.378543008324,-2680.3974405984322,4.1235461983821695,"A""",0.8316114130241442,2.6735788164054535,0.9566,ok,419.93
1.55,1.0,80.0,87,0.0058455749169323635,-2679.8255498603194,-2680.3665730532994,-2680.385710034306,4.084874572741156,"A""",0.7899017283402133,2.7513414430401557,0.9564,ok,424.3
1.55,1.0,90.0,87,0.005597761710798192,-2679.849871098137,-2680.388199796338,-2680.4069037729832,4.154317950992584,"A""",0.8656629201029626,2.6353863407933047,0.9569,ok,419.95
1.55,1.0,95.0,87,0.005525108344838017,-2679.8583698631655,-2680.395682173835,-2680.4142322886405,4.1760180198126235,"A""",0.8891370530777669,2.6298157832243865,0.957,ok,420.73
1.55,1.0,110.0,87,0.005462654301340326,-2679.871137638,-2680.4064279884415,-2680.4246843800815,4.175879972656709,"A""",0.8794739742930046,2.750285415094428,0.9573,ok,409.19
1.55,0.95,130.0,87,0.005345057179069388,-2679.868659900777,-2680.40148663983,-2680.41928900019,4.120825267433836,"A""",0.6589828891522279,3.283065258625361,0.9583,ok,445.14
1.55,1.0,105.0,87,0.005463604850274198,-2679.868837799428,-2680.404649963047,-2680.422982701652,4.1876908581243075,"A""",0.8969403013910908,2.692189290316268,0.9572,ok,411.55
1.55,1.0,115.0,87,0.005474244856190069,-2679.8717185456344,-2680.4066165454556,-2680.424811376173,4.1515734132821684,"A""",0.8476044361114712,2.8212247920246463,0.9572,ok,412.53
1.55,0.95,135.0,87,0.005355075107008378,-2679.8644736975994,-2680.3972711200363,-2680.415039472609,4.058322146655191,"A""",0.5795109949477475,3.369786578915708,0.9582,ok,447.4
1.55,0.95,125.0,87,0.005332906323874017,-2679.871961893409,-2680.404876132535,-2680.422716429079,4.1738540993176985,"A""",0.7300968820922168,3.1998404109902086,0.9583,ok,486.53
1.55,1.05,80.0,87,0.006007294250711747,-2679.8197447913344,-2680.362454562827,-2680.38190134734,3.969050710707454,"A""",0.743215459130352,2.494186043770572,0.9549,ok,266.19
1.55,1.05,110.0,87,0.005647886365887882,-2679.864270209894,-2680.401203279903,-2680.4197367814977,4.0634271230762335,"A""",0.881083014084454,2.5156422447927405,0.9558,ok,276.88
1.55,1.0,130.0,87,0.005541556191659539,-2679.8650921683493,-2680.3993953216695,-2680.4174590024854,4.004531183192334,"A""",0.6732953246845631,3.0834094616959167,0.9571,ok,413.65
1.55,1.05,75.0,87,0.006197024292901798,-2679.8041729200077,-2680.348636701068,-2680.368399408043,3.9208117511624643,"A""",0.6887371429627119,2.6257493412848145,0.9546,ok,381.22
1.55,1.05,105.0,87,0.005631385763743545,-2679.862040012589,-2680.3994996866536,-2680.4181070771388,4.078089436800099,"A""",0.8930871877024453,2.449129603028875,0.9558,ok,363.55
1.55,1.05,95.0,87,0.005667530162630085,-2679.851756981498,-2680.3907238522024,-2680.409548109272,4.067386455266648,"A""",0.8706774680100777,2.3739614043967388,0.9556,ok,370.48
1.55,1.05,90.0,87,0.005736846020598452,-2679.8434133774995,-2680.3834029159925,-2680.402385883068,4.044044011956786,"A""",0.8382781358455145,2.3761093456839926,0.9554,ok,386.21
1.55,1.05,115.0,87,0.00567829454099359,-2679.8647831492617,-2680.4013152965317,-2680.419790045818,4.034715477397184,"A""",0.8534247755659696,2.5958075343268057,0.9558,ok,380.09
1.55,1.05,100.0,87,0.005635280318807787,-2679.857920855718,-2680.3960519541306,-2680.414753903969,4.079136343151283,"A""",0.8894146688986091,2.4002698944777023,0.9557,ok,383.8
1.55,1.05,85.0,87,0.005850052463771267,-2679.832777177159,-2680.374003977872,-2680.3931916666306,4.010672806829189,"A""",0.794609215553042,2.4136168383245282,0.9552,ok,413.47
1.55,1.05,125.0,87,0.0057613215305126675,-2679.861403699584,-2680.3974256299866,-2680.415811667671,3.9353962007890875,"A""",0.75392304290956,2.784485056421692,0.9556,ok,411.53
1.55,1.05,135.0,87,0.005844397591068323,-2679.853506030891,-2680.3892522560495,-2680.4075667023335,3.785229610159633,"A""",0.6053186806388455,2.993777789141732,0.9554,ok,412.09
1.55,1.1,80.0,87,0.006184410470062397,-2679.8114406175905,-2680.3558557734286,-2680.3756241168066,3.808254246299379,"A""",0.6912565457586158,2.2992502777377366,0.953,ok,407.78
1.55,1.1,90.0,87,0.005896273207130713,-2679.834430384323,-2680.3761276103924,-2680.3954036865503,3.8944585786088903,"A""",0.8068933478468379,2.1712200207282932,0.9533,ok,408.49
1.55,1.05,120.0,87,0.005717556803092413,-2679.8637627602484,-2680.399998822825,-2680.4184255954915,3.991911432199585,"A""",0.8106782414964453,2.686345515376088,0.9557,ok,454.02
1.55,1.1,95.0,87,0.00583641782870691,-2679.842625358465,-2680.3833044790804,-2680.402419533634,3.9228141198034314,"A""",0.8482246909659014,2.1665891840335023,0.9534,ok,417.57
1.55,1.1,120.0,87,0.006005174254416184,-2679.854279105624,-2680.392225151593,-2680.410962134231,3.8422863942335974,"A""",0.8129489118392956,2.4984796595594077,0.9536,ok,399.82
1.55,1.05,130.0,87,0.005805272300278099,-2679.857911838268,-2680.393777876593,-2680.412127386802,3.866030531049228,"A""",0.6847577818027472,2.8877519119876993,0.9555,ok,444.51
1.55,1.1,115.0,87,0.005937811304792982,-2679.855363475168,-2680.393615856294,-2680.412396399468,3.890348510157125,"A""",0.8532899208684536,2.4003775420613436,0.9537,ok,411.02
1.55,1.1,100.0,87,0.005821554953130176,-2679.8486931124603,-2680.3885418008367,-2680.40753629185,3.937874767444118,"A""",0.8745720234190003,2.192632606055859,0.9536,ok,422.61
1.55,1.1,75.0,87,0.006396963627687094,-2679.796593138507,-2680.3427624962796,-2680.3628774790914,3.7566684238491086,"A""",0.6268861633645858,2.4375570650510006,0.9528,ok,451.72
1.55,1.1,85.0,87,0.006011789588610965,-2679.8240436627475,-2680.3669757467087,-2680.3864657504405,3.8552378384589887,"A""",0.7531963662460204,2.2130517950549673,0.9531,ok,450.52
1.55,1.1,105.0,87,0.0058397304233616665,-2679.852741200513,-2680.391922858049,-2680.4108266068715,3.938011491221853,"A""",0.8844785219882395,2.2435215777233135,0.9537,ok,439.46
1.55,1.15,90.0,87,0.006081887939879825,-2679.8237449265125,-2680.3672059074656,-2680.3867923444823,3.6955602861220376,"A""",0.7673041500454628,2.054050145450798,0.9504,ok,254.19
1.55,1.15,75.0,87,0.006613679104777492,-2679.7873557190414,-2680.335224556322,-2680.355705521046,3.538495679428597,"A""",0.5575945208567309,2.341363042627327,0.9505,ok,434.01
1.55,1.1,110.0,87,0.00588089078876767,-2679.854910282018,-2680.393566882018,-2680.412401402052,3.922292075306114,"A""",0.8773555147809149,2.314196887423116,0.9537,ok,447.16
1.55,1.1,130.0,87,0.006153831073876119,-2679.8482696100973,-2680.385796274244,-2680.4044620853215,3.7005214693364143,"A""",0.6888785051456535,2.7186369616962134,0.9533,ok,440.23
1.55,1.1,125.0,87,0.006078662498774209,-2679.851847296791,-2680.3895599422776,-2680.4082598414325,3.778663861503186,"A""",0.7575530172227943,2.605462247331853,0.9535,ok,440.71
1.55,1.1,135.0,87,0.006224965519378392,-2679.8437606984803,-2680.3811251492943,-2680.3997565862187,3.6094517472084733,"A""",0.6092692120224311,2.8354694366571227,0.9531,ok,439.58
1.55,1.15,80.0,87,0.006378814103541857,-2679.8014288102554,-2680.3475698966067,-2680.3676726423223,3.5927333564264745,"A""",0.6319532690356744,2.1997179115299117,0.9504,ok,445.41
1.55,1.15,85.0,87,0.006193627613905084,-2679.8135965276274,-2680.3582742636127,-2680.378080850791,3.647028609427958,"A""",0.7041903108206977,2.1058342212687067,0.9503,ok,414.57
1.55,1.15,95.0,87,0.006039425831610157,-2679.831806418582,-2680.37426648129,-2680.3936930564437,3.73291840501065,"A""",0.8167185377313279,2.0395992148070143,0.9505,ok,252.33
1.55,1.15,100.0,87,0.006050382922332614,-2679.83779233088,-2680.3794374470235,-2680.398748538882,3.755135275384374,"A""",0.8497218890063639,2.0577572373689463,0.9506,ok,380.03
1.55,1.15,120.0,87,0.006369947603900718,-2679.8431659233324,-2680.3829275189905,-2680.402008983719,3.6606357938713843,"A""",0.8020264317982149,2.3624516092189833,0.9507,ok,366.97
1.55,1.15,115.0,87,0.006264605012265787,-2679.844304415048,-2680.384377029059,-2680.4034954357367,3.712528333160516,"A""",0.8405256663811139,2.260159227130584,0.9508,ok,383.91
1.55,1.15,110.0,87,0.0061725988965719136,-2679.843900750307,-2680.384374862284,-2680.40354008695,3.7456869265872403,"A""",0.8617633961307314,2.1726056876039666,0.9508,ok,410.35
1.55,1.25,115.0,87,0.00716149390074405,-2679.81961003604,-2680.3636932853715,-2680.3836168954076,3.2510404533236072,"A""",0.7505158431413764,2.2073473847440375,0.9424,ok,250.41
1.55,1.15,105.0,87,0.006098651056791197,-2679.8417817820973,-2680.3827724724247,-2680.401999615523,3.759787152785419,"A""",0.8649013509840229,2.1036760740823186,0.9507,ok,419.44
1.55,1.25,75.0,87,0.007124028705604303,-2679.765987002266,-2680.3172261811765,-2680.3384860148303,2.9434603518210465,"A""",0.40364907751872803,2.466194722704547,0.9447,ok,281.18
1.55,1.15,130.0,87,0.006606115032041391,-2679.837016332818,-2680.3763199542645,-2680.3953402788425,3.5044307393577356,"A""",0.6795750221425008,2.598046260209687,0.9504,ok,404.97
1.55,1.15,125.0,87,0.006485049041410569,-2679.8406709268734,-2680.380185254656,-2680.3992353399694,3.5908352442032885,"A""",0.7477017782266592,2.476088690259862,0.9506,ok,413.27
1.55,1.15,135.0,87,0.00672735730055151,-2679.8324118447936,-2680.371515904553,-2680.390504178723,3.4032496114788473,"A""",0.6002467968406955,2.7254901659395827,0.9501,ok,398.41
1.55,1.2,85.0,87,0.006402670199451562,-2679.802033026048,-2680.3485081031367,-2680.368648899899,3.3828502300429273,"A""",0.6448236446897416,2.1111840136285625,0.9468,ok,373.14
1.55,1.2,95.0,87,0.006287499776717701,-2679.8199166049717,-2680.3642422281596,-2680.3840068488544,3.493552913803304,"A""",0.7702590834315293,2.0139821269244607,0.9467,ok,379.64
1.55,1.2,75.0,87,0.006851895279543954,-2679.7770186563903,-2680.3265781435543,-2680.347440001249,3.264694253090167,"A""",0.48208754113312213,2.3529808749489836,0.9478,ok,422.69
1.55,1.2,80.0,87,0.006595559482020339,-2679.790289034837,-2680.338182424754,-2680.358634438228,3.319988038097911,"A""",0.5645731734847601,2.2133659389266276,0.9472,ok,416.03
1.55,1.2,110.0,87,0.006533871006501689,-2679.8318662114702,-2680.3742686013775,-2680.393801643244,3.5300769045869607,"A""",0.8267067002490808,2.110814295227309,0.947,ok,396.39
1.55,1.2,90.0,87,0.006303151660029344,-2679.81196621359,-2680.357261473659,-2680.377180257956,3.4435741058086573,"A""",0.7149725151961801,2.044930293642759,0.9466,ok,413.53
1.55,1.2,105.0,87,0.006419329225741923,-2679.829784744849,-2680.3726881704642,-2680.3922727769154,3.5394158537531064,"A""",0.826960481392243,2.0503040251857474,0.9469,ok,402.66
1.55,1.2,100.0,87,0.006332858275350968,-2679.825839086916,-2680.3693759128123,-2680.3890341835413,3.5266951332007332,"A""",0.8080227214360056,2.0167459237895624,0.9468,ok,409.19
1.55,1.2,115.0,87,0.006669744620350671,-2679.8322319352696,-2680.374242158809,-2680.3937383556204,3.4983715349541384,"A""",0.8076342019245056,2.194083499549097,0.947,ok,398.45
1.55,1.2,120.0,87,0.006823760360063109,-2679.8310506398775,-2680.372751776177,-2680.392220368066,3.4448612306654742,"A""",0.770779812624796,2.296008795749645,0.947,ok,396.23
1.55,1.2,125.0,87,0.006994207391442363,-2679.8285037549063,-2680.3699508429536,-2680.3893964841523,3.370698817300321,"A""",0.7178133084844815,2.4127947739995474,0.9468,ok,395.29
1.55,1.25,85.0,87,0.006651465224253342,-2679.7897956240945,-2680.3381348187177,-2680.358632684953,3.0713824491472677,"A""",0.5747443939944582,2.22266370649795,0.9428,ok,404.89
1.55,1.25,105.0,87,0.006812305229003078,-2679.8172126891754,-2680.3621505305914,-2680.3821356477356,3.280681173454147,"A""",0.7664686737342585,2.086928812283322,0.9423,ok,396.06
1.55,1.25,95.0,87,0.006594576689006597,-2679.8074146254735,-2680.353709165835,-2680.373846360897,3.2108652646447555,"A""",0.7058589133446886,2.0884418080148563,0.9422,ok,405.94
1.55,1.25,90.0,87,0.006574100866299581,-2679.7995473012174,-2680.3467653532125,-2680.3670453775567,3.14610363657004,"A""",0.648044038521418,2.139656238752423,0.9423,ok,408.83
1.55,1.2,135.0,87,0.007373634513039694,-2679.8200932830014,-2680.3610838266045,-2680.380479788652,3.167397007336932,"A""",0.5731923220679888,2.6772804716727507,0.9462,ok,419.78
1.55,1.25,100.0,87,0.0066817251535831275,-2679.8132947615886,-2680.358837053994,-2680.3788817073328,3.257333409531617,"A""",0.7457149012198453,2.071048988997186,0.9422,ok,410.82
1.55,1.2,130.0,87,0.007179010334823058,-2679.824783293407,-2680.3660026659545,-2680.385425628179,3.2775115868699425,"A""",0.6510071752047849,2.5409709734394053,0.9465,ok,445.9
1.55,1.25,110.0,87,0.0069737901231666545,-2679.8192699662904,-2680.3637292105664,-2680.3836764829107,3.2787167656742198,"A""",0.7678966111406202,2.1335782860508927,0.9424,ok,409.26
1.55,1.25,80.0,87,0.0068455890564821376,-2679.778447027992,-2680.3281278758564,-2680.3489474145736,2.9989256835675846,"A""",0.4905689767819613,2.333033961447672,0.9436,ok,435.84
1.6,0.8,90.0,87,0.005295100654412318,-2679.843139370563,-2680.376221662624,-2680.3942760389687,4.163389732647968,"A""",0.963165424252266,4.029679003681506,0.9585,ok,290.01
1.6,0.8,80.0,87,0.0054464511530632155,-2679.8198897233633,-2680.3553290589525,-2680.3737022610194,4.071523950231628,"A""",0.960185536080232,4.182007170968274,0.9581,ok,298.72
1.55,1.25,120.0,87,0.007374724005943132,-2679.8183982421974,-2680.362181921348,-2680.382090571847,3.1983939077806456,"A""",0.7155178512823283,2.3041330262506294,0.9423,ok,372.87
1.55,1.25,125.0,87,0.00761503333608313,-2679.8158122139835,-2680.3593439280144,-2680.3792416441847,3.1222321567283715,"A""",0.6647329436582683,2.419831604312868,0.9421,ok,365.49
1.55,1.25,130.0,87,0.007883510701169272,-2679.8120389352976,-2680.35533635553,-2680.375222452195,3.0244953049665098,"A""",0.6005806476322885,2.5505378770200133,0.9418,ok,397.96
1.6,0.8,75.0,87,0.005541570408988123,-2679.803941953455,-2680.3408627463127,-2680.3594288146846,4.013696391093319,"A""",0.9458947012334338,4.294330997288104,0.9578,ok,445.71
1.6,0.8,105.0,87,0.005165744936897792,-2679.8602893136335,-2680.3911174374534,-2680.408847113459,4.227902002659357,"A""",0.8989234248330998,3.960952674746173,0.9588,ok,423.37
1.6,0.8,85.0,87,0.005364214724483115,-2679.8328534320035,-2680.3670182427663,-2680.3852207690834,4.121728870965878,"A""",0.9660462468054385,4.094047166775587,0.9583,ok,449.21
1.6,0.8,95.0,87,0.005239281017466503,-2679.8509982742853,-2680.3831727321435,-2680.401100292379,4.195551675376893,"A""",0.951191537555443,3.9873348892279545,0.9586,ok,445.49
1.6,0.8,100.0,87,0.005196447355404076,-2679.8566482163196,-2680.3880748494257,-2680.4058949475407,4.217312091708333,"A""",0.9298322558013001,3.965089094196481,0.9587,ok,443.23
1.6,0.8,110.0,87,0.0051459751057152114,-2679.86211318038,-2680.3924840511154,-2680.410137987683,4.22676215136619,"A""",0.8584797960675784,3.9730331231928346,0.9589,ok,439.88
1.6,0.8,115.0,87,0.00513565538658532,-2679.8623092471466,-2680.392356210872,-2680.4099468043646,4.213609968511813,"A""",0.8087385280648376,3.999581222255956,0.959,ok,450.76
1.6,0.8,120.0,87,0.005133177484545,-2679.861069388195,-2680.390916019036,-2680.408453552939,4.188505161692662,"A""",0.7502003717774994,4.038935275966629,0.959,ok,456.1
1.6,0.8,125.0,87,0.00513687156465304,-2679.8585915939475,-2680.3883486780674,-2680.4058415495083,4.1519100185508275,"A""",0.6836716581630163,4.089373229120378,0.9591,ok,456.88
1.6,0.8,130.0,87,0.0051450342582861595,-2679.8550829589385,-2680.3848452961365,-2680.402300253147,4.104743408645104,"A""",0.6103040751923249,4.148900666197299,0.9591,ok,450.95
1.6,0.85,85.0,87,0.00545200049756181,-2679.852731895404,-2680.3883594799754,-2680.406813852681,4.1034247468509815,"A""",0.9377527745703683,3.8403291653917835,0.9579,ok,457.06
1.6,0.85,95.0,87,0.005315227403858915,-2679.8707380485607,-2680.4043042732314,-2680.4224636080367,4.166634779537066,"A""",0.9356116553358428,3.755110622575277,0.9582,ok,455.45
1.6,0.85,90.0,87,0.005375589043913345,-2679.8629411490583,-2680.3974480573575,-2680.415742574234,4.1397125320777075,"A""",0.9412322166238382,3.785485208085288,0.9581,ok,475.96
1.6,0.8,135.0,87,0.0051558785619862475,-2679.850762017262,-2680.3806060283755,-2680.398028365872,4.0484249872772615,"A""",0.5316261131196596,4.215047857543656,0.9591,ok,489.21
1.6,0.85,80.0,87,0.005544332316303373,-2679.8398665380737,-2680.3768132961795,-2680.3954539800916,4.058711363379272,"A""",0.9259193648661528,3.9223584776502425,0.9576,ok,484.33
1.6,0.9,80.0,87,0.005658357621979836,-2679.849783266702,-2680.3883303179045,-2680.40725192286,4.036052366709231,"A""",0.8910690709338197,3.6303182017596725,0.9571,ok,283.48
1.6,0.9,85.0,87,0.005554244323748012,-2679.862469111327,-2680.3996562887996,-2680.418374544574,4.076520502960544,"A""",0.9092999034446085,3.553285797244028,0.9574,ok,281.67
1.6,0.85,75.0,87,0.005652041538945298,-2679.8240397630457,-2680.362520334219,-2680.3813736061697,4.006426442935251,"A""",0.9065125914721806,4.033554944084744,0.9573,ok,495.12
1.6,0.85,105.0,87,0.00523926169644741,-2679.8799212152385,-2680.412087483221,-2680.4300393242584,4.188814465987577,"A""",0.8949076694254712,3.7561980226867213,0.9584,ok,451.16
1.6,0.85,100.0,87,0.0052702512554699136,-2679.8763332963927,-2680.4091232163705,-2680.4271693316687,4.183270425451044,"A""",0.9202969684840292,3.7462841063030514,0.9583,ok,455.72
1.6,0.85,110.0,87,0.005220473176573938,-2679.8816893892963,-2680.41337517381,-2680.4312487285615,4.182665437457507,"A""",0.8593090320735711,3.782305196940767,0.9585,ok,465.41
1.6,0.9,75.0,87,0.005781442889651666,-2679.834204458086,-2680.3743330733287,-2680.3934893193136,3.987696440147447,"A""",0.8662373658975926,3.7421856223885617,0.9567,ok,448.82
1.6,0.85,125.0,87,0.005216903097738098,-2679.8779626217247,-2680.4089566319976,-2680.4266650748077,4.092618710581368,"A""",0.6941405843322473,3.9358598874653237,0.9586,ok,477.09
1.6,0.85,115.0,87,0.005211881820430003,-2679.8818245597727,-2680.4131632366225,-2680.43097172885,4.164499409506753,"A""",0.813636842270129,3.82233591669242,0.9585,ok,481.3
1.6,0.85,120.0,87,0.005211392339328781,-2679.880516749527,-2680.4116297808578,-2680.429383958121,4.134339521843625,"A""",0.7583250527619056,3.8742090317784097,0.9586,ok,480.05
1.6,0.85,135.0,87,0.00523727995284727,-2679.8699520839514,-2680.4009566200807,-2680.4185920232553,3.9786058081034072,"A""",0.5441151293564624,4.0790590191979925,0.9586,ok,477.01
1.6,0.85,130.0,87,0.005226276080196738,-2679.8743683615558,-2680.4053324898055,-2680.4230018956387,4.0402360401900586,"A""",0.6222222259570099,4.005025619039637,0.9586,ok,482.02
1.6,0.9,90.0,87,0.005470117432923176,-2679.8725506700152,-2680.408582562466,-2680.427128671843,4.1083650720280955,"A""",0.9196040517197028,3.507531652688194,0.9576,ok,416.51
1.6,0.9,95.0,87,0.005405933142692871,-2679.880253783393,-2680.415315512233,-2680.4337180737866,4.1306984982672565,"A""",0.9207827892380465,3.488945909950648,0.9577,ok,425.77
1.6,0.9,100.0,87,0.005360389442029196,-2679.885774706803,-2680.4200348891395,-2680.4383188275633,4.142609506505441,"A""",0.9119046314350386,3.4934681611597243,0.9579,ok,402.21
1.6,0.9,105.0,87,0.00533125380818769,-2679.8892975646063,-2680.422911911143,-2680.441098249723,4.143279289808244,"A""",0.8923555213351372,3.5174008565877077,0.9579,ok,426.52
1.6,0.95,115.0,87,0.0054400366434632684,-2679.8929846319998,-2680.4272285938855,-2680.445514551279,4.044239560350231,"A""",0.8288606777431647,3.3684967118559337,0.9574,ok,291.72
1.6,0.95,120.0,87,0.005452910417233699,-2679.8915387828415,-2680.4255095200256,-2680.4437404581668,4.002707053800039,"A""",0.7802003718326108,3.445210973279826,0.9574,ok,294.29
1.6,0.9,110.0,87,0.005315946230434916,-2679.8910031831533,-2680.4241162636267,-2680.442222352018,4.1320824391972675,"A""",0.8618456901371284,3.557514844811381,0.958,ok,434.58
1.6,0.9,115.0,87,0.005311746855398266,-2679.891073816596,-2680.4238183069424,-2680.4418581879663,4.1086692151548085,"A""",0.8204099718850087,3.6110163960701716,0.958,ok,427.53
1.6,0.9,120.0,87,0.005315974316536127,-2679.889696347258,-2680.4221906978164,-2680.440175535628,4.073040105376138,"A""",0.7684180110357214,3.6754153610578695,0.958,ok,429.02
1.6,0.9,125.0,87,0.0053260562363058915,-2679.8870650550757,-2680.419410673191,-2680.43734915038,4.025611763599597,"A""",0.7066003259114466,3.748329471896751,0.958,ok,445.85
1.6,0.9,130.0,87,0.0053393320726335,-2679.883384258507,-2680.4156634029814,-2680.433562045797,3.967277007450326,"A""",0.6360860712284028,3.8272717518010935,0.958,ok,440.77
1.6,0.95,80.0,87,0.005788433650317017,-2679.8525151831045,-2680.3927267429926,-2680.411941711227,4.000739046328944,"A""",0.8555512611090399,3.3108124601747604,0.9564,ok,405.01
1.6,0.9,135.0,87,0.0053529333166644315,-2679.8788707742774,-2680.4111461522702,-2680.4290095550928,3.899459991180521,"A""",0.5584408995028532,3.9094841716562003,0.958,ok,431.04
1.6,0.95,75.0,87,0.005929721552892712,-2679.8372996354624,-2680.3791335833594,-2680.3986074665145,3.9544608223359865,"A""",0.8248304791832919,3.425068031147002,0.956,ok,411.55
1.6,0.95,85.0,87,0.0056709349283178825,-2679.8649525770998,-2680.403769227001,-2680.4227626484676,4.0384511610176235,"A""",0.8806982511830057,3.237749285740158,0.9567,ok,418.11
1.6,0.95,90.0,87,0.005579062457342291,-2679.874866311373,-2680.4124981054374,-2680.431306847457,4.067001747565197,"A""",0.8983310206197578,3.200420889466161,0.957,ok,413.91
1.6,0.95,95.0,87,0.005512436313075693,-2679.8824527711645,-2680.4190896676287,-2680.4377468727102,4.085577179056508,"A""",0.9067510584729761,3.1931225555448033,0.9571,ok,436.36
1.6,1.0,75.0,87,0.006096481956939266,-2679.8353860303087,-2680.378957581707,-2680.3987630017823,3.902463043237345,"A""",0.7816885095090839,3.094299512099312,0.9552,ok,411.73
1.6,0.95,100.0,87,0.005468721176983456,-2679.8878867620765,-2680.423701304881,-2680.442235194113,4.093298177315389,"A""",0.9046657512243892,3.210554236499929,0.9573,ok,455.6
1.6,0.95,105.0,87,0.005444517347153041,-2679.8913381547504,-2680.4264886399333,-2680.4449224599666,4.089355533750197,"A""",0.8912200502981263,3.248094557236838,0.9573,ok,451.59
1.6,1.0,85.0,87,0.0058021750227120385,-2679.862272366356,-2680.4027677400504,-2680.4220473277924,3.9854311377384914,"A""",0.8517651650662362,2.905330051447486,0.9559,ok,408.39
1.6,1.0,80.0,87,0.005934369123693611,-2679.850138182174,-2680.392055948004,-2680.4115761151943,3.948700544588081,"A""",0.819024597256293,2.9758618265943966,0.9556,ok,418.96
1.6,1.0,95.0,87,0.005636362261081758,-2679.8794459118835,-2680.417720143129,-2680.4366440294616,4.028067510822521,"A""",0.8933822250520578,2.8780070544396548,0.9564,ok,411.17
1.6,0.95,110.0,87,0.00543613798970404,-2679.892978664668,-2680.427610332682,-2680.44596281153,4.073121075907092,"A""",0.8659716441058465,3.3018387917816745,0.9574,ok,456.8
1.6,1.0,90.0,87,0.005703152672056497,-2679.871989883748,-2680.411277515336,-2680.4303600860885,4.0121426527042425,"A""",0.8772925199924454,2.875171928461966,0.9562,ok,426.48
1.6,0.95,135.0,87,0.005513139170175157,-2679.880456018063,-2680.414094813852,-2680.4322030222565,3.8088655756546337,"A""",0.5741292220522588,3.709102241265244,0.9572,ok,458.42
1.6,1.0,100.0,87,0.005597932068818766,-2679.8847871708194,-2680.422223989901,-2680.441021022728,4.032357262563802,"A""",0.8983792580675575,2.9072772424245295,0.9565,ok,418.46
1.6,0.95,125.0,87,0.005471620409673179,-2679.888832152586,-2680.4226248289488,-2680.4408094219407,3.948940678624623,"A""",0.7206939678086615,3.529337464780872,0.9573,ok,469.23
1.6,0.95,130.0,87,0.005492926631178216,-2679.8850663458534,-2680.4187551918794,-2680.4368996294324,3.88384312799058,"A""",0.6514709981893599,3.6182334914415932,0.9573,ok,479.17
1.6,1.0,105.0,87,0.005582819213902418,-2679.8881657561287,-2680.4249253437424,-2680.443621082783,4.024228361130808,"A""",0.8911987307055883,2.9574568906747607,0.9565,ok,453.49
1.6,1.05,75.0,87,0.006281090470855131,-2679.8299500742705,-2680.3752746519394,-2680.3954250949955,3.8256601709026428,"A""",0.7356083699690557,2.7706359548825152,0.954,ok,251.49
1.6,1.0,130.0,87,0.005697980752768663,-2679.881551223497,-2680.4167342831165,-2680.43514391975,3.787239826144635,"A""",0.6674445886701581,3.386350457567426,0.9563,ok,285.15
1.6,1.0,110.0,87,0.005585933304267658,-2679.88974245128,-2680.4259698383594,-2680.4445843607027,4.003074519695727,"A""",0.8712612875895505,3.0240059424034773,0.9565,ok,437.99
1.6,1.0,115.0,87,0.005602850879090377,-2679.8896866628397,-2680.4255104905224,-2680.4440593207546,3.9685626653696646,"A""",0.83842862755511,3.103190361863858,0.9565,ok,427.42
1.6,1.0,120.0,87,0.0056296233260696256,-2679.888176266739,-2680.4237061153285,-2680.4422009864074,3.9207100718204586,"A""",0.7929751237105812,3.191848478436544,0.9565,ok,422.58
1.6,1.05,85.0,87,0.005948379071252456,-2679.8559477156864,-2680.3981595831356,-2680.4177365811383,3.911774239132849,"A""",0.8218922961169213,2.5759357411012767,0.9548,ok,371.48
1.6,1.05,80.0,87,0.006096019332379169,-2679.8441562376793,-2680.387808158228,-2680.4076451748588,3.8739261257515536,"A""",0.780654684536505,2.646125977479878,0.9545,ok,378.26
1.6,1.05,90.0,87,0.005843706544604231,-2679.8654525997035,-2680.406442412694,-2680.4258108103418,3.938549320868227,"A""",0.8559553664710452,2.550626434430341,0.9551,ok,379.43
1.6,1.05,95.0,87,0.005780234666267701,-2679.872773252989,-2680.412738951701,-2680.4319429261013,3.9533845885580576,"A""",0.8800991264326558,2.5613186525164586,0.9553,ok,386.86
1.6,1.0,125.0,87,0.005662601903599165,-2679.885398396199,-2680.420722239155,-2680.439171667283,3.859957792269183,"A""",0.7355962351255247,3.2871447547582053,0.9564,ok,424.12
1.6,1.05,100.0,87,0.005751751536870452,-2679.8780223160056,-2680.417142534021,-2680.4362177828243,3.9553987829498274,"A""",0.8923432662834297,2.6003381225155358,0.9554,ok,386.05
1.6,1.05,110.0,87,0.005771474262590226,-2679.8828488474774,-2680.42074431108,-2680.4396392561935,3.918113349365695,"A""",0.8766338922059271,2.7392703600210844,0.9554,ok,418.39
1.6,1.05,105.0,87,0.005751038502783823,-2679.881331305602,-2680.4197671701313,-2680.438741583514,3.9438274036102348,"A""",0.8914148173383653,2.661356245235155,0.9554,ok,424.12
1.6,1.05,115.0,87,0.00580763254250083,-2679.8827368506822,-2680.420217144279,-2680.4390487253245,3.877982372336281,"A""",0.847817770540125,2.829963922999984,0.9554,ok,425.0
1.6,1.05,120.0,87,0.0058550932300951595,-2679.881167952774,-2680.4183369211455,-2680.4371169635415,3.8235135711874686,"A""",0.8052358187130747,2.930027330987975,0.9553,ok,453.33
1.6,1.05,125.0,87,0.005909893436200417,-2679.8783249492885,-2680.4152626251207,-2680.4339993174303,3.7552085674941447,"A""",0.7496140243430308,3.036485877686852,0.9552,ok,443.22
1.6,1.1,135.0,87,0.006408908299433927,-2679.8598888738443,-2680.39813778262,-2680.417117730669,3.43795107134317,"A""",0.6143402976189258,3.041733956860185,0.953,ok,279.15
1.6,1.1,80.0,87,0.006273648655749618,-2679.835662839205,-2680.381072021047,-2680.401237805022,3.767796697501275,"A""",0.738730107058414,2.350997151919809,0.953,ok,401.27
1.6,1.1,85.0,87,0.006110816638648311,-2679.847087747293,-2680.3910519630485,-2680.41093847359,3.8091548946598053,"A""",0.7895714538977292,2.2781280462819713,0.9533,ok,401.33
1.6,1.1,75.0,87,0.006483110821902043,-2679.8220663899106,-2680.3691505201973,-2680.389659424285,3.7157706697166915,"A""",0.6845424204401264,2.483012578475891,0.9526,ok,405.25
1.6,1.15,75.0,87,0.006703020168660047,-2679.8125138802707,-2680.3613606033737,-2680.3822418114296,3.5627967147080675,"A""",0.6257541698690096,2.265085603335533,0.9506,ok,274.39
1.6,1.1,100.0,87,0.00593526503879888,-2679.8687268308036,-2680.4095945056897,-2680.4289658739917,3.856132851993515,"A""",0.8847281632108291,2.313528889774959,0.9539,ok,405.35
1.6,1.05,130.0,87,0.005967816736873729,-2679.8744019781434,-2680.411163840621,-2680.429862073044,3.674063622601506,"A""",0.6821719813620882,3.1465622160551097,0.955,ok,460.55
1.6,1.1,90.0,87,0.006003304401282824,-2679.8563752565183,-2680.399113851952,-2680.4187816405156,3.8385222267519223,"A""",0.8328353903667469,2.253833493750881,0.9536,ok,417.29
1.6,1.1,95.0,87,0.005947864246633519,-2679.8635637962243,-2680.405276914531,-2680.424776630975,3.8545531428229847,"A""",0.865293932018709,2.2684132016603122,0.9538,ok,419.48
1.6,1.05,135.0,87,0.0060235178334444575,-2679.869606946892,-2680.406225654829,-2680.4248871690697,3.58164759460617,"A""",0.6046700139982242,3.2574939284075395,0.9549,ok,460.78
1.6,1.1,110.0,87,0.006000201651331652,-2679.8734392339975,-2680.4130797900234,-2680.4322772838336,3.8130228317926034,"A""",0.8796838772201699,2.4691697019547343,0.9539,ok,435.59
1.6,1.1,120.0,87,0.006139514709058571,-2679.8716594122056,-2680.4105541626036,-2680.4296451095747,3.7066305350312736,"A""",0.8140187947107331,2.6802162472993722,0.9536,ok,436.94
1.6,1.1,105.0,87,0.005955532064711782,-2679.871973342711,-2680.4121565189625,-2680.4314296943307,3.8424530137945827,"A""",0.8897619153225673,2.3822975410627305,0.9539,ok,447.88
1.6,1.1,115.0,87,0.006063022327596588,-2679.8732788173616,-2680.41249771289,-2680.4316360465587,3.7676802061696297,"A""",0.8543276643099088,2.5696908855398632,0.9538,ok,454.32
1.6,1.1,125.0,87,0.006225763564711529,-2679.86875923894,-2680.407401475989,-2680.426452732126,3.6304944239589036,"A""",0.7595816105998173,2.797624983927632,0.9535,ok,447.84
1.6,1.1,130.0,87,0.006317571473057154,-2679.864767924535,-2680.4032030083617,-2680.4222185013327,3.540377737672219,"A""",0.692376211004861,2.919062933146895,0.9533,ok,459.64
1.6,1.15,80.0,87,0.00646850508509357,-2679.825456248627,-2680.3726476341703,-2680.3931549692174,3.6193277029638216,"A""",0.6903389185224666,2.1259338927227587,0.9508,ok,368.38
1.6,1.15,85.0,87,0.006291866363944201,-2679.836506167973,-2680.3822640543494,-2680.4024738251446,3.6666416613795585,"A""",0.751701173731209,2.0470576765326345,0.9511,ok,363.12
1.6,1.15,90.0,87,0.006185997250335802,-2679.8455825464084,-2680.3901243994437,-2680.4101076878655,3.7018268510911185,"A""",0.8045647123963711,2.018338349262487,0.9513,ok,361.67
1.6,1.15,105.0,87,0.006203871071446466,-2679.8609316783713,-2680.402944057128,-2680.4225405620355,3.7128196404019564,"A""",0.8818113694623663,2.14764220850632,0.9517,ok,362.79
1.6,1.15,100.0,87,0.006155430321792491,-2679.857737409289,-2680.4004268566027,-2680.4201162235136,3.7263274997910316,"A""",0.8714699026105698,2.076103174731287,0.9516,ok,371.46
1.6,1.15,95.0,87,0.006145055913331854,-2679.852649526726,-2680.396175384083,-2680.4159898372286,3.7223184742669315,"A""",0.8452669033905859,2.0306956027672767,0.9515,ok,392.53
1.6,1.2,85.0,87,0.006496420312052868,-2679.824802853334,-2680.3724058048047,-2680.39295533105,3.473534452767234,"A""",0.7035254226213332,1.9168229513026331,0.9479,ok,244.74
1.6,1.2,105.0,87,0.0065048926554027355,-2679.848828216547,-2680.392766344401,-2680.4127166310013,3.5474779745183858,"A""",0.8599891774746622,1.9849023452592838,0.9485,ok,242.96
1.6,1.15,115.0,87,0.006378302334465685,-2679.8621563886227,-2680.4032082709846,-2680.4226826823956,3.631941601892815,"A""",0.8529265480976715,2.346964433576171,0.9515,ok,402.45
1.6,1.15,110.0,87,0.006280353991609438,-2679.862355645427,-2680.4038296854264,-2680.423356748545,3.6813520062715996,"A""",0.8756498440281106,2.2395181832241615,0.9516,ok,413.11
1.6,1.15,120.0,87,0.00649349328853167,-2679.860496134822,-2680.401216659746,-2680.420649994148,3.5650084043664245,"A""",0.8141189669112637,2.466042633268149,0.9514,ok,405.34
1.6,1.15,125.0,87,0.00662282258214512,-2679.857548476885,-2680.3980008216517,-2680.417400172433,3.481380772566355,"A""",0.7602493496141228,2.593392351990267,0.9511,ok,416.72
1.6,1.15,130.0,87,0.006762802440847804,-2679.853498163623,-2680.393717580646,-2680.4130857869195,3.3823423867814717,"A""",0.6929146700242124,2.7259743619917045,0.9508,ok,414.49
1.6,1.15,135.0,87,0.006907818697417563,-2679.848543400244,-2680.388539005048,-2680.4078745777997,3.2697057084075363,"A""",0.6143101006170406,2.8608436229697083,0.9505,ok,431.09
1.6,1.2,100.0,87,0.006420592854857222,-2679.845673748567,-2680.3902736277246,-2680.410308267018,3.5574333864116197,"A""",0.8453613373141302,1.9176868791818615,0.9484,ok,399.38
1.6,1.2,90.0,87,0.006398240045113707,-2679.833684368097,-2680.3800965143264,-2680.4004152602506,3.5180797886649717,"A""",0.7653202756504169,1.877520715435034,0.948,ok,403.55
1.6,1.2,75.0,87,0.006943799675809301,-2679.801858313195,-2680.3524697278353,-2680.373738107784,3.358023183852124,"A""",0.5571906606752173,2.1469735941297303,0.9481,ok,440.63
1.6,1.2,80.0,87,0.00668397805431858,-2679.814121442476,-2680.3631257767033,-2680.383989123454,3.418280111753088,"A""",0.6320240341766741,2.0041490306676186,0.9479,ok,438.64
1.6,1.2,95.0,87,0.006379360649385702,-2679.8406464973978,-2680.386064209061,-2680.4062171312858,3.5470970600674145,"A""",0.8133856214985387,1.8798713056911216,0.9482,ok,422.02
1.6,1.2,110.0,87,0.0066210107828332445,-2679.850221496558,-2680.393632480575,-2680.4135224520387,3.5167307371066245,"A""",0.8567840177479475,2.075864222397893,0.9485,ok,447.44
1.6,1.2,115.0,87,0.006762776004721557,-2679.8499942497665,-2680.392989075585,-2680.4128356115966,3.465424746919939,"A""",0.8358879066377384,2.1855635846257027,0.9484,ok,450.94
1.6,1.2,120.0,87,0.006927249961846378,-2679.8483041108066,-2680.3909670045787,-2680.4107814332997,3.3942927933577187,"A""",0.7980291272016004,2.309677587310472,0.9482,ok,449.63
1.6,1.2,125.0,87,0.00711300096626081,-2679.84532017589,-2680.3877063702876,-2680.4074952047145,3.3044745755236073,"A""",0.7445219366272595,2.444449753093653,0.9479,ok,449.34
1.6,1.25,105.0,87,0.006866944995175422,-2679.8361241857847,-2680.38210036951,-2680.402442379819,3.3424504666845443,"A""",0.8156071434860634,1.9130726235334679,0.9442,ok,363.1
1.6,1.25,100.0,87,0.006739963314547595,-2679.8329958239324,-2680.37961081182,-2680.400025086071,3.3450048427798045,"A""",0.7980594701269477,1.8580938823244655,0.9441,ok,370.58
1.6,1.2,130.0,87,0.0073183821935813185,-2679.8412220582077,-2680.383357380835,-2680.4031224296427,3.197513966822234,"A""",0.6772720715614567,2.586488999722918,0.9476,ok,443.41
1.6,1.25,110.0,87,0.007029766557157652,-2679.837498776701,-2680.3829659613302,-2680.403260042089,3.315901480541987,"A""",0.814488712519513,1.9959643534310312,0.9443,ok,369.05
1.6,1.25,130.0,87,0.007994221712641377,-2679.8284061294144,-2680.3726102665273,-2680.3928270985493,2.9865681216096074,"A""",0.639866811544475,2.5117788246930726,0.9434,ok,280.66
1.6,1.25,80.0,87,0.00692726741703416,-2679.802088103323,-2680.3529444648425,-2680.3741811172963,3.1618456648101563,"A""",0.5622528094124789,2.001951160994495,0.9443,ok,438.14
1.6,1.2,135.0,87,0.007539283147275035,-2679.8362020886057,-2680.3780841617836,-2680.39782224407,3.0754089075496016,"A""",0.5987669496381106,2.7325542010640063,0.9472,ok,454.74
1.6,1.25,90.0,87,0.006649669026797265,-2679.8211333463096,-2680.3694981314575,-2680.3901778520567,3.2830211145720174,"A""",0.7090646654911541,1.850771219038832,0.9438,ok,426.36
1.6,1.25,75.0,87,0.007213495805074809,-2679.790510768731,-2680.3428890002783,-2680.3645613339722,3.0995689217304667,"A""",0.4797731142701835,2.1428237959850343,0.945,ok,453.83
1.6,1.25,95.0,87,0.006660807362428915,-2679.828012206146,-2680.3754169470567,-2680.3959385741978,3.3243302708966835,"A""",0.762167332072676,1.8359348966035767,0.9439,ok,407.47
1.6,1.25,85.0,87,0.006732821716196336,-2679.8124215822772,-2680.3619340653036,-2680.382844084486,3.226214967193159,"A""",0.6410443952751267,1.9054973911553938,0.9439,ok,448.39
1.65,0.8,75.0,87,0.00564838380391129,-2679.8234510970224,-2680.3611967569623,-2680.3801402230815,3.7658523398573926,"A""",0.953840603724204,4.633593362595436,0.9563,ok,304.69
1.6,1.25,115.0,87,0.007223683857720388,-2679.837255086657,-2680.382319041807,-2680.40258205305,3.2657481280385787,"A""",0.7950616808164171,2.1017643401957997,0.9442,ok,406.17
1.6,1.25,120.0,87,0.007448055169968733,-2679.8355469192875,-2680.380285988367,-2680.400529103966,3.1930706877066464,"A""",0.7583169154723686,2.225776394007295,0.9441,ok,410.58
1.6,1.25,125.0,87,0.007704352254628432,-2679.8325391585295,-2680.3770018290843,-2680.397231232778,3.0993887128642075,"A""",0.7058581525667729,2.3637423819955545,0.9438,ok,413.57
1.65,0.8,85.0,87,0.0054770016140991236,-2679.84941345418,-2680.3844921380455,-2680.403066130824,3.876904366726982,"A""",0.9621777016245506,4.444930684507522,0.9568,ok,433.65
1.65,0.8,80.0,87,0.005556117152097534,-2679.837807648505,-2680.3741249785667,-2680.3928726708764,3.825918801178755,"A""",0.9619366675536364,4.529879274496902,0.9565,ok,449.53
1.65,0.8,90.0,87,0.0054109020874958695,-2679.8585280449615,-2680.392545839569,-2680.4109685698154,3.9178373191090863,"A""",0.954556286820338,4.381347874416806,0.957,ok,445.56
1.65,0.8,95.0,87,0.005357973708948923,-2679.8653694849563,-2680.3984914119765,-2680.41678426269,3.9477344093753937,"A""",0.9389225107727843,4.338486113909786,0.9571,ok,455.33
1.65,0.8,100.0,87,0.0053181024637546075,-2679.8701314909126,-2680.402512300362,-2680.4206948387314,3.9656931392906922,"A""",0.9150842686469779,4.314503891333932,0.9572,ok,457.91
1.65,0.85,110.0,87,0.005353681585453171,-2679.8937921256984,-2680.426467796259,-2680.4447050003805,3.9262562418309113,"A""",0.8447055637175038,4.128112872057021,0.9571,ok,310.12
1.65,0.8,105.0,87,0.005290760730161643,-2679.872994672315,-2680.4047814725614,-2680.422871096271,3.9709784337664,"A""",0.8828843440427608,4.307004888500548,0.9573,ok,454.09
1.65,0.9,80.0,87,0.00576323419751593,-2679.8676534805195,-2680.4071340215655,-2680.4264404769174,3.8075694523039387,"A""",0.9025837360006586,3.9744316455675737,0.9557,ok,313.04
1.65,0.8,115.0,87,0.005269957500312322,-2679.8737239035027,-2680.4047357068794,-2680.4226825388064,3.94188539177547,"A""",0.7933146425128474,4.329945675435943,0.9575,ok,476.49
1.65,0.8,110.0,87,0.005275089732186759,-2679.874133969102,-2680.405467107543,-2680.423478921664,3.963100561649707,"A""",0.8422629402228511,4.313217399304784,0.9574,ok,487.38
1.65,0.8,120.0,87,0.005274068479381655,-2679.871942692657,-2680.40275467413,-2680.4206471727657,3.9075378505973135,"A""",0.7363449658330894,4.3534288108453065,0.9576,ok,478.85
1.65,0.8,125.0,87,0.0052859580304591295,-2679.868975727203,-2680.399695111503,-2680.4175418856535,3.860697270869971,"A""",0.6719293261213912,4.379334430342598,0.9576,ok,483.59
1.65,0.8,130.0,87,0.005303888071209163,-2679.86501861396,-2680.3957351146773,-2680.4135428637132,3.8024845953486843,"A""",0.600971082024441,4.403237549700835,0.9576,ok,489.35
1.65,0.8,135.0,87,0.005325646968423997,-2679.860279863873,-2680.391063651394,-2680.408837245004,3.7345409694032807,"A""",0.5247523278935888,4.421682616089444,0.9577,ok,483.71
1.65,0.85,90.0,87,0.005491829997842449,-2679.878371724015,-2680.4138444123264,-2680.4325133333728,3.901076085508556,"A""",0.9364805857479965,4.139272709486569,0.9566,ok,468.28
1.65,0.85,105.0,87,0.005367573822916692,-2679.892699983148,-2680.4258538849153,-2680.4441716315205,3.9389624989222813,"A""",0.8809532867721269,4.106273568988875,0.957,ok,460.98
1.65,0.85,75.0,87,0.005755219139925359,-2679.843518907763,-2680.3828429727832,-2680.402077248956,3.7659542293998727,"A""",0.9196030963480025,4.382377763524734,0.9558,ok,489.59
1.65,0.85,95.0,87,0.005435497737856173,-2679.885163942871,-2680.4197080346944,-2680.4382388303507,3.9257183438220684,"A""",0.9265794331261568,4.108613676719899,0.9568,ok,479.56
1.65,0.85,85.0,87,0.005563846838322497,-2679.869316336185,-2680.405886798932,-2680.4247182889067,3.8655997899180767,"A""",0.9383206672400908,4.1936661760993506,0.9564,ok,494.37
1.65,0.85,100.0,87,0.005394399668160237,-2679.8898812447896,-2680.4236552365187,-2680.44206990431,3.938604794036647,"A""",0.908182020057481,4.098676718023504,0.9569,ok,482.99
1.65,0.85,80.0,87,0.005651565538882879,-2679.8577849834433,-2680.395635309754,-2680.4146553492005,3.820257841174416,"A""",0.9325661032471009,4.274299602158272,0.9561,ok,516.97
1.65,0.85,130.0,87,0.00539398556811676,-2679.8844257536584,-2680.416363969111,-2680.434391584779,3.7464590389412686,"A""",0.6134338950940571,4.280922209926129,0.9572,ok,484.46
1.65,0.85,125.0,87,0.0053732892576918954,-2679.8884576132878,-2680.420435855832,-2680.438503625136,3.809521408775762,"A""",0.6831005166505657,4.241773032842175,0.9572,ok,492.91
1.65,0.85,115.0,87,0.005351147905973655,-2679.8933301126854,-2680.4256595604515,-2680.4438298955365,3.9002660349397305,"A""",0.7994404921166994,4.160691635564366,0.9571,ok,501.33
1.65,0.85,135.0,87,0.005417758443789713,-2679.8796027889107,-2680.4115651585,-2680.4295572583906,3.6735898745672793,"A""",0.5376807463472233,4.313295717231974,0.9572,ok,485.87
1.65,0.85,120.0,87,0.0053583062816153024,-2679.891490578483,-2680.423592948809,-2680.4417075747415,3.8611538994854655,"A""",0.7453958082805907,4.200081422805925,0.9571,ok,503.45
1.65,0.9,75.0,87,0.005881265094072117,-2679.8535877551967,-2680.394583277932,-2680.414124739399,3.7576790512946716,"A""",0.8845056658878826,4.083216934523786,0.9553,ok,524.36
1.65,0.9,85.0,87,0.005665293396455852,-2679.879039489247,-2680.4172022156927,-2680.4363038238616,3.8482581946403602,"A""",0.9142151261465328,3.899373836754484,0.9559,ok,479.67
1.65,0.9,90.0,87,0.005587054228632563,-2679.8879907195474,-2680.425021648886,-2680.443948696505,3.8789755457588257,"A""",0.9185678190448854,3.8547738075454063,0.9562,ok,478.04
1.65,0.9,95.0,87,0.005528111963069942,-2679.894705582603,-2680.4307779555334,-2680.4495585057975,3.898815561636556,"A""",0.9148060508071433,3.836652122849612,0.9563,ok,488.84
1.65,0.9,125.0,87,0.0054911126180177084,-2679.8976521180084,-2680.431004443773,-2680.449307727256,3.752392590236505,"A""",0.6961251507904862,4.06314758790649,0.9567,ok,309.83
1.65,0.9,135.0,87,0.005546606267388853,-2679.88863895271,-2680.421891042047,-2680.440116778805,3.605227650311764,"A""",0.5523768057630445,4.168316172766673,0.9567,ok,298.53
1.65,0.9,105.0,87,0.005463295817046134,-2679.902125098368,-2680.4367574412922,-2680.4553157746554,3.902353917455018,"A""",0.880272591561556,3.8636634950980264,0.9566,ok,447.19
1.65,0.9,100.0,87,0.0054874049758146665,-2679.89936092369,-2680.4346369252125,-2680.4532957592,3.906870582833839,"A""",0.9022178627271727,3.840926061186783,0.9565,ok,489.94
1.65,0.9,110.0,87,0.005453731677252599,-2679.9031647129605,-2680.437296302774,-2680.4557718674537,3.8847017275309264,"A""",0.8486474930665754,3.9011066624213004,0.9566,ok,483.16
1.65,0.9,115.0,87,0.005456660684122305,-2679.902648521423,-2680.4364104380393,-2680.454817785111,3.853662942330962,"A""",0.8072488815714269,3.949531184866449,0.9567,ok,465.3
1.65,0.9,130.0,87,0.005517781225753873,-2679.8935462365584,-2680.4268200253146,-2680.4450824112696,3.6838066643557084,"A""",0.6277388797851473,4.119144122638257,0.9567,ok,448.42
1.65,0.9,120.0,87,0.005469860696868945,-2679.90075039479,-2680.4342586404873,-2680.4526094316234,3.809368353202439,"A""",0.7562470801517919,4.005004472042324,0.9567,ok,467.21
1.65,0.95,75.0,87,0.0060268378594142274,-2679.856534354971,-2680.3992635281297,-2680.4191274114605,3.7391419342456276,"A""",0.8485567885994753,3.7469014124564395,0.9547,ok,495.15
1.65,0.95,80.0,87,0.005891173622479025,-2679.8702991661767,-2680.411478197336,-2680.431084085181,3.7861895770666787,"A""",0.8720735769977906,3.6371611118534792,0.9551,ok,486.07
1.65,0.95,85.0,87,0.005781357720598643,-2679.881478821355,-2680.4213068617387,-2680.4406903686026,3.8233952183628577,"A""",0.8899809506629321,3.5674627315418297,0.9554,ok,487.72
1.65,0.95,90.0,87,0.005696868636644027,-2679.890289793989,-2680.4289562561135,-2680.448152828328,3.8501872203632623,"A""",0.9009431181708394,3.53248610627021,0.9557,ok,491.28
1.65,0.95,95.0,87,0.00563665364227651,-2679.896906472164,-2680.4345884807963,-2680.453630393766,3.8657721615528637,"A""",0.9037095348547997,3.526684029382826,0.9559,ok,490.41
1.65,0.95,105.0,87,0.005580255419954846,-2679.904192415139,-2680.440391859497,-2680.4592036600666,3.8599836643473098,"A""",0.8808669884718058,3.58226274199736,0.9561,ok,458.59
1.65,1.0,120.0,87,0.0057976225223350135,-2679.8993327445583,-2680.435925120433,-2680.4547960340583,3.684205614328575,"A""",0.7824617136467862,3.4992576888470617,0.9553,ok,294.26
1.65,0.95,110.0,87,0.005578530480398729,-2679.905177725757,-2680.4408568201375,-2680.459584425327,3.8372708041980332,"A""",0.8540566668276117,3.6347273352591882,0.9561,ok,477.38
1.65,0.95,100.0,87,0.0055986750366124665,-2679.901488389041,-2680.4383516209755,-2680.457266785917,3.86929486669379,"A""",0.8972638573957202,3.544841680437581,0.956,ok,492.56
1.65,0.95,120.0,87,0.005614156862826595,-2679.902653636486,-2680.437662899437,-2680.4562650887706,3.750957725583472,"A""",0.768739645986254,3.769122498465903,0.9561,ok,469.19
1.65,0.95,130.0,87,0.005683434243196982,-2679.8953159998505,-2680.4300204555716,-2680.448534075682,3.6131815668704097,"A""",0.6436061439505381,3.9156206917096896,0.956,ok,481.26
1.65,0.95,125.0,87,0.005646068177031093,-2679.899493032156,-2680.4343150675154,-2680.4528697799137,3.688033444742757,"A""",0.7107805537722672,3.843046790728094,0.956,ok,496.97
1.65,0.95,135.0,87,0.0057221855954367636,-2679.890326306699,-2680.424961420795,-2680.443437607606,3.5280257840781886,"A""",0.5685157916364112,3.9822727343984767,0.956,ok,478.36
1.65,1.0,75.0,87,0.006191991248872542,-2679.8544318890595,-2680.3989320193077,-2680.4191327454687,3.7077573552373924,"A""",0.8115672521095059,3.3841103975645437,0.954,ok,470.57
1.65,1.0,125.0,87,0.005846263947308779,-2679.8961147550795,-2680.4324901692653,-2680.451314564545,3.614681429688199,"A""",0.7265471676261057,3.5879081359945895,0.9553,ok,305.9
1.65,0.95,115.0,87,0.0055907191597586,-2679.904608084696,-2680.4398962343926,-2680.4585550675993,3.8008904340915475,"A""",0.8166456218953979,3.6983104479719544,0.9561,ok,509.61
1.65,1.0,85.0,87,0.005912152181449265,-2679.8787316961475,-2680.420276966736,-2680.439953758896,3.7888539886703265,"A""",0.8656621767595913,3.207139171744937,0.9548,ok,470.58
1.65,1.0,90.0,87,0.005821828186768478,-2679.8873759986654,-2680.4277356561506,-2680.44721314481,3.812733491860997,"A""",0.8836686052104847,3.1811383593451015,0.9551,ok,475.15
1.65,1.0,80.0,87,0.006035384536604199,-2679.8678077186014,-2680.4107307265435,-2680.430648384267,3.753749375752648,"A""",0.8410011523577311,3.272270453348922,0.9544,ok,481.42
1.65,1.0,95.0,87,0.005762388086706632,-2679.8938811808375,-2680.4332359280443,-2680.452551222422,3.824746145292341,"A""",0.893325684819805,3.187010582180962,0.9552,ok,481.99
1.65,1.0,100.0,87,0.005730340940002612,-2679.898383862969,-2680.436902509056,-2680.4560869796933,3.8241271543745077,"A""",0.8932981177964685,3.2183421566240447,0.9554,ok,482.23
1.65,1.0,105.0,87,0.00572159303091509,-2679.9010263881028,-2680.43886567903,-2680.4579450193555,3.810154233633749,"A""",0.8826346593804977,3.2696563213534633,0.9554,ok,457.25
1.65,1.0,110.0,87,0.005732176901945214,-2679.9019588540755,-2680.439262053215,-2680.458256889628,3.782283945580688,"A""",0.8607366083145445,3.336280091214825,0.9554,ok,458.73
1.65,1.0,115.0,87,0.0057585667216744,-2679.90133906409,-2680.438233179991,-2680.4571597893378,3.7402612123143486,"A""",0.8273288683034787,3.414096825021508,0.9554,ok,460.03
1.65,1.05,75.0,87,0.006376534996906944,-2679.8487781667195,-2680.395070000338,-2680.415621503769,3.6598033507879126,"A""",0.772967907719156,3.0113548572794997,0.9531,ok,420.09
1.65,1.0,130.0,87,0.005900837954770636,-2679.891871291466,-2680.4280908030114,-2680.446874674181,3.532760674338112,"A""",0.6604201478441971,3.6760098493355757,0.9552,ok,459.29
1.65,1.05,80.0,87,0.0061958928842095265,-2679.861691688448,-2680.4063901789796,-2680.426631653451,3.706711760616301,"A""",0.8090682473609375,2.895703835181934,0.9536,ok,435.51
1.65,1.05,85.0,87,0.006058032723674666,-2679.8723234132312,-2680.415625848761,-2680.4356074036737,3.7413625330424245,"A""",0.841105242746995,2.833658109173924,0.954,ok,411.53
1.65,1.05,130.0,87,0.006181700599999851,-2679.884774352193,-2680.4225924730613,-2680.4416691918714,3.4401789262706326,"A""",0.6769584377296735,3.4136676553887044,0.9541,ok,295.33
1.65,1.05,90.0,87,0.005962950629296828,-2679.88078460433,-2680.4228848177468,-2680.44265519647,3.7636083336969413,"A""",0.8666273669575746,2.815281526278651,0.9543,ok,444.33
1.65,1.05,95.0,87,0.005907232852241519,-2679.8871723527054,-2680.428254035829,-2680.4478558169844,3.772957121897741,"A""",0.8834948397804545,2.8315504922495123,0.9545,ok,442.5
1.65,1.1,105.0,87,0.006094076390030262,-2679.884788481604,-2680.4261080709607,-2680.44577344433,3.6770028384445195,"A""",0.887467038635136,2.608555415434494,0.9535,ok,287.62
1.65,1.05,125.0,87,0.006100912942216224,-2679.889077839897,-2680.427087918117,-2680.4462035483525,3.5299806829105584,"A""",0.7423479512957741,3.310891831657793,0.9543,ok,426.92
1.65,1.05,110.0,87,0.005919675890116602,-2679.8950627707213,-2680.434060897698,-2680.4533405041075,3.7173256766459555,"A""",0.8681361702468309,3.018612533463941,0.9546,ok,467.27
1.65,1.1,75.0,87,0.006580320441697776,-2679.8406578450526,-2680.3887537957617,-2680.409669867027,3.5898244240673973,"A""",0.7314789989181927,2.6519402878219203,0.9519,ok,421.81
1.65,1.1,80.0,87,0.006372990425000049,-2679.853051829908,-2680.3995523567814,-2680.420129830307,3.6396843762578817,"A""",0.7753961193268948,2.530369862387846,0.9525,ok,422.27
1.65,1.05,105.0,87,0.005891225545735055,-2679.8941788285315,-2680.433723954694,-2680.453086874711,3.7503751562381287,"A""",0.8851842137430134,2.9388921319433163,0.9546,ok,485.46
1.65,1.05,100.0,87,0.00588531550991259,-2679.891595311301,-2680.4318298068847,-2680.4512981121443,3.7687585295353108,"A""",0.8900635923466421,2.8748359821182268,0.9546,ok,489.51
1.65,1.05,115.0,87,0.005966389462759099,-2679.8943983847053,-2680.4329734193125,-2680.4521867843346,3.6694007129909783,"A""",0.838572526582174,3.1097021951373045,0.9545,ok,477.73
1.65,1.1,85.0,87,0.006219856373305212,-2679.8633678858023,-2680.4084649568194,-2680.4287633904282,3.675856073310629,"A""",0.8156604042385002,2.4690196900345676,0.9529,ok,426.63
1.65,1.05,135.0,87,0.006264686954732349,-2679.8796326346355,-2680.417286862966,-2680.436326437173,3.3390263564807325,"A""",0.6017346734335134,3.5128717759831822,0.9539,ok,449.53
1.65,1.05,120.0,87,0.0060278810534195705,-2679.892346540513,-2680.43060044865,-2680.44976041648,3.606754675013566,"A""",0.7965073294429572,3.208342504683078,0.9544,ok,479.81
1.65,1.1,90.0,87,0.006122032265458773,-2679.8716393205746,-2680.4155268548593,-2680.4356033492163,3.6981638923371882,"A""",0.8492267082487374,2.4558468769307056,0.9532,ok,419.94
1.65,1.15,75.0,87,0.006803791623425778,-2679.83085839847,-2680.3807682551364,-2680.402062955482,3.4900593419078176,"A""",0.684645635396676,2.335071681144596,0.9504,ok,374.62
1.65,1.15,80.0,87,0.006567689538043252,-2679.8426923510015,-2680.391023220977,-2680.411949533239,3.5446338025351007,"A""",0.7379201229454596,2.20579102742113,0.9509,ok,369.7
1.65,1.1,95.0,87,0.006074053433672972,-2679.877910608106,-2680.4207742026956,-2680.440677426542,3.7061575417573036,"A""",0.8735505484978551,2.480240953760469,0.9534,ok,455.85
1.65,1.1,110.0,87,0.006146950462317026,-2679.885630674646,-2680.4263980030482,-2680.445983151699,3.638957874604843,"A""",0.8749517792287376,2.700000101794936,0.9534,ok,465.97
1.65,1.1,120.0,87,0.006313379460483813,-2679.8828398376827,-2680.4228391418287,-2680.4423124466107,3.515463222652923,"A""",0.8090359826911635,2.9147072740054374,0.9531,ok,451.47
1.65,1.1,115.0,87,0.0062212316833589135,-2679.884929177725,-2680.425264434129,-2680.444787133942,3.5850323614665665,"A""",0.8488020764248242,2.803324246691798,0.9533,ok,459.29
1.65,1.1,125.0,87,0.00642038319544989,-2679.879528709459,-2680.4192615621446,-2680.438694292696,3.4309120922630933,"A""",0.7561061528789144,3.030644905686799,0.9529,ok,460.7
1.65,1.1,100.0,87,0.006067523567977685,-2679.8822581313125,-2680.4242707096696,-2680.444039757306,3.699278933288911,"A""",0.886731551137444,2.5334639494089544,0.9535,ok,483.41
1.65,1.15,85.0,87,0.0063996168533458995,-2679.852682411769,-2680.3996163529196,-2680.42024511081,3.584641730284558,"A""",0.7875103023257287,2.1418403416480185,0.9513,ok,390.39
1.65,1.1,130.0,87,0.006538519897467925,-2679.8751732593264,-2680.414682080981,-2680.434078942108,3.332536433803535,"A""",0.69096580877244,3.1476912002801964,0.9527,ok,475.03
1.65,1.15,110.0,87,0.006420670978067304,-2679.874504014104,-2680.417124941802,-2680.4370406420585,3.5424667143538726,"A""",0.8783447562723978,2.4030132371973476,0.9517,ok,282.64
1.65,1.1,135.0,87,0.00666250303839588,-2679.869965363928,-2680.409267206038,-2680.4286286841734,3.222062163109448,"A""",0.6151434855801413,3.262311489222377,0.9524,ok,474.58
1.65,1.15,90.0,87,0.006302078663358081,-2679.8607667079746,-2680.4064951144455,-2680.426893037308,3.609338995150477,"A""",0.8296903456310174,2.129987919641107,0.9516,ok,386.23
1.65,1.15,95.0,87,0.006266950708902552,-2679.8669286909753,-2680.411637239989,-2680.431859640043,3.617980632958246,"A""",0.8615834085265852,2.1587092877245238,0.9518,ok,392.23
1.65,1.15,100.0,87,0.00628208515014527,-2679.871209115169,-2680.4150709032515,-2680.4351609522373,3.6099616936096925,"A""",0.8811403175370612,2.218531186008121,0.9519,ok,384.91
1.65,1.15,125.0,87,0.006815065983475763,-2679.868313317991,-2680.409870409822,-2680.429651601584,3.3138898034730593,"A""",0.7640993276833383,2.768962210226828,0.951,ok,290.16
1.65,1.15,105.0,87,0.006336061589207773,-2679.873694852128,-2680.416867043229,-2680.436857568374,3.5848593759529246,"A""",0.8869987417237061,2.3019321398385,0.9518,ok,413.76
1.65,1.15,115.0,87,0.006530664214971029,-2679.8737744624304,-2680.4159601272536,-2680.435819369525,3.4828453299615076,"A""",0.8548290538257528,2.5170799137145563,0.9516,ok,423.42
1.65,1.15,120.0,87,0.006662880222613571,-2679.8716570991255,-2680.4134975912416,-2680.433313550826,3.4063889725672905,"A""",0.8165515885787107,2.64022501180828,0.9513,ok,433.87
1.65,1.2,80.0,87,0.006782366101183118,-2679.8312029034655,-2680.381398026778,-2680.4026873990497,3.4108101643589737,"A""",0.6926645512431578,1.9562323649403675,0.9486,ok,375.52
1.65,1.2,85.0,87,0.006600564338140241,-2679.840869321447,-2680.3896914166658,-2680.410666190888,3.4571170531075834,"A""",0.7525503878549444,1.8860011953366147,0.9489,ok,396.06
1.65,1.15,130.0,87,0.006984904840788675,-2679.8639156182785,-2680.405222446869,-2680.424972785702,3.2066055031335066,"A""",0.6986103128710388,2.899931685628104,0.9507,ok,428.48
1.65,1.2,90.0,87,0.006507862587226912,-2679.8487775732638,-2680.3964114850237,-2680.417149317381,3.4873181669931133,"A""",0.8037271124006661,1.8699190063040068,0.9492,ok,402.08
1.65,1.2,75.0,87,0.007048946733221434,-2679.819952674873,-2680.37168640517,-2680.3933746502594,3.350690152354739,"A""",0.6287002728226334,2.0931958669295856,0.9484,ok,415.68
1.65,1.25,105.0,87,0.00696435288486384,-2679.848721774524,-2680.395886968626,-2680.416617281494,3.316910236112517,"A""",0.8529903346613426,1.8638246109310008,0.946,ok,275.94
1.65,1.2,95.0,87,0.0064918507575007995,-2679.8548426773427,-2680.4014713993397,-2680.4220346498882,3.4996516057459193,"A""",0.8430284873689586,1.897041712615753,0.9494,ok,406.93
1.65,1.2,105.0,87,0.006623798843692169,-2679.861519173516,-2680.4066351824936,-2680.4269785631595,3.46719816681317,"A""",0.8785212751666466,2.045240641583662,0.9495,ok,414.8
1.65,1.2,100.0,87,0.006535319611038615,-2679.8590675239025,-2680.4048623735657,-2680.42529821875,3.4930890250079702,"A""",0.8683886125389718,1.9580498522240524,0.9495,ok,421.02
1.65,1.15,135.0,87,0.007167366250046701,-2679.858650541831,-2680.3997130317634,-2680.419431607818,3.0863293797697953,"A""",0.6218362448485169,3.0297078550906336,0.9504,ok,459.37
1.65,1.2,110.0,87,0.006747725505151633,-2679.8623053823712,-2680.406877772129,-2680.4271544515286,3.4219727638914783,"A""",0.8727274101588076,2.152399552058522,0.9494,ok,441.24
1.65,1.25,130.0,87,0.00819091373711051,-2679.838778778004,-2680.3840789578226,-2680.4046688607173,2.8894439921424615,"A""",0.6708831381505757,2.538259507390875,0.9445,ok,279.4
1.65,1.2,120.0,87,0.007084498979078518,-2679.8594231643197,-2680.403215719296,-2680.4234099701625,3.27516831917427,"A""",0.8130864259322756,2.407458848039887,0.9488,ok,417.76
1.65,1.2,125.0,87,0.0072949637720719955,-2679.856057809884,-2680.3995571898004,-2680.419725120582,3.1752577719666975,"A""",0.760394940986847,2.547561368151751,0.9485,ok,425.97
1.65,1.2,115.0,87,0.006901940666840214,-2679.8615579487778,-2680.4056982953794,-2680.425927121979,3.357743948817818,"A""",0.850813197769803,2.274521914948015,0.9491,ok,461.35
1.65,1.25,80.0,87,0.007021994201470293,-2679.8190166625413,-2680.37111775588,-2680.3927867864563,3.2274993500826525,"A""",0.6343358172401894,1.813885645648815,0.9455,ok,418.39
1.65,1.25,95.0,87,0.00675587306153685,-2679.842109462923,-2680.390747586147,-2680.411678739549,3.3415520782594075,"A""",0.8094310779745016,1.7253440573890368,0.9459,ok,391.26
1.65,1.25,100.0,87,0.0068346456433726575,-2679.846292493013,-2680.394118411652,-2680.4149307956227,3.340279923611,"A""",0.8396135027287756,1.7797375601773437,0.946,ok,399.87
1.65,1.25,90.0,87,0.006746070163315601,-2679.8361245825076,-2680.385741959602,-2680.4068427494267,3.3214712702475895,"A""",0.7635626069220595,1.7077429307263337,0.9457,ok,429.68
1.65,1.2,130.0,87,0.00753281808020292,-2679.85162915688,-2680.394859926338,-2680.4150047557428,3.0594310216421627,"A""",0.6941742199124714,2.6913759403805586,0.9481,ok,467.97
1.65,1.25,85.0,87,0.006828595256074906,-2679.828373779514,-2680.379146813401,-2680.4004867901426,3.2821687062826688,"A""",0.7040392452636903,1.734558808111629,0.9455,ok,446.37
1.65,1.25,75.0,87,0.007321118869796406,-2679.8083573940858,-2680.3619262679417,-2680.384024607106,3.1625811893907434,"A""",0.5601362837805599,1.955168999396567,0.9456,ok,462.9
1.65,1.2,135.0,87,0.007795108820106805,-2679.846317804553,-2680.389275233031,-2680.409394737415,2.929573050226111,"A""",0.6164803220347604,2.8354260925946178,0.9476,ok,464.02
1.65,1.25,115.0,87,0.007341549257162468,-2679.8487413375547,-2680.3949553797315,-2680.415594034824,3.204991572628682,"A""",0.8279988232059554,2.0968367134985186,0.9457,ok,413.34
1.65,1.25,120.0,87,0.007584859237470307,-2679.8466004920037,-2680.3924716863035,-2680.413087632317,3.1181565737667607,"A""",0.790362897757025,2.235807654625316,0.9454,ok,410.3
1.65,1.25,125.0,87,0.007867016896582264,-2679.8432256741407,-2680.3888026537707,-2680.4094041350677,3.0124223357059603,"A""",0.737393472490776,2.384198021647195,0.945,ok,411.01
1.65,1.25,110.0,87,0.007134718361896533,-2679.8494958421134,-2680.3961318417305,-2680.416806686522,3.2715879804871046,"A""",0.8490888009327148,1.9713157970668012,0.946,ok,454.74
1.7,0.8,75.0,87,0.0057696858240393264,-2679.837168476566,-2680.3758668820415,-2680.395203763878,3.500119657874302,"A""",0.9576620551308674,4.3755802559640715,0.9546,ok,414.27
1.7,0.8,115.0,87,0.005429177947031696,-2679.880138647567,-2680.4122599778343,-2680.4305874212523,3.65123403732567,"A""",0.7777820258260907,4.202969036633189,0.9558,ok,272.87
1.7,0.8,80.0,87,0.005681127375808175,-2679.8500807393957,-2680.3874007797,-2680.4065395808057,3.561226384397984,"A""",0.9598850426967191,4.362382763146492,0.9548,ok,444.62
1.7,0.8,85.0,87,0.005605751931968055,-2679.8604523557174,-2680.3965680348665,-2680.415530818147,3.612041325586544,"A""",0.9550242191708611,4.34486604069068,0.955,ok,445.12
1.7,0.85,80.0,87,0.005773635311692318,-2679.8700813389287,-2680.4089558293103,-2680.4283713731916,3.5598209793789772,"A""",0.9351476158857179,4.319208492530939,0.9544,ok,298.17
1.7,0.8,90.0,87,0.005543274231663654,-2679.8685037999608,-2680.4035809297084,-2680.422390180993,3.65158194297678,"A""",0.9432830098497483,4.323526489867997,0.9552,ok,431.67
1.7,0.8,100.0,87,0.005458160722622869,-2679.878387654649,-2680.4118535890852,-2680.4304188586257,3.693024519751485,"A""",0.8989227507581025,4.2748151195573465,0.9555,ok,426.07
1.7,0.8,125.0,87,0.0054689470478008675,-2679.8744828353992,-2680.4063157022465,-2680.424543815019,3.553546053190812,"A""",0.6604757669735694,4.158777629134115,0.9559,ok,412.66
1.7,0.8,105.0,87,0.005435670902205679,-2679.880554615851,-2680.413435842641,-2680.4319069575045,3.693359796406845,"A""",0.8659633393671118,4.250097025420718,0.9556,ok,464.52
1.7,0.8,110.0,87,0.0054262007328730166,-2679.8810849287315,-2680.413520787881,-2680.431913389617,3.679456321624521,"A""",0.8256007691867718,4.226103600898814,0.9557,ok,463.25
1.7,0.8,95.0,87,0.005494001734403547,-2679.874424917426,-2680.408620998845,-2680.4272982978346,3.6788691661847053,"A""",0.9246330807100767,4.299673051497682,0.9554,ok,478.91
1.7,0.8,120.0,87,0.005443831049242367,-2679.877880427646,-2680.409806047072,-2680.4280794115293,3.609009993134854,"A""",0.7226222052054744,4.180584889423322,0.9559,ok,458.66
1.7,0.8,130.0,87,0.005503082881727561,-2679.8701294602283,-2680.4019533982187,-2680.420142823036,3.4860875667851667,"A""",0.5920098705711576,4.137426165828602,0.956,ok,449.38
1.7,0.8,135.0,87,0.00554380451437838,-2679.8650180210775,-2680.3968958976675,-2680.4150508472617,3.4083982432708897,"A""",0.5182725517526385,4.116524878688197,0.956,ok,448.37
1.7,0.85,85.0,87,0.005691054286789135,-2679.8803962474167,-2680.418028723199,-2680.4372542731007,3.605086011939158,"A""",0.9353420227058021,4.294914386464578,0.9547,ok,434.64
1.7,0.85,90.0,87,0.005623994902494501,-2679.8884019028155,-2680.4249607216375,-2680.444021928065,3.6393327026220295,"A""",0.928826534701716,4.267248674622953,0.9549,ok,436.77
1.7,0.85,105.0,87,0.005515384102034857,-2679.9003408155677,-2680.434616448429,-2680.4533216609025,3.666679553756975,"A""",0.865972739295168,4.191511580954297,0.9553,ok,423.72
1.7,0.85,75.0,87,0.005872470383726496,-2679.8572376072025,-2680.397529342684,-2680.4171600853724,3.5044609450808224,"A""",0.9283420823337801,4.33737385086332,0.9541,ok,475.32
1.7,0.85,95.0,87,0.005572475429113767,-2679.8942840487275,-2680.4299298584274,-2680.448851086995,3.66158868463546,"A""",0.9153215507344631,4.239701062712433,0.9551,ok,475.09
1.7,0.85,110.0,87,0.005508664592869368,-2679.9008318012898,-2680.434636671293,-2680.4532605573927,3.6483108741729007,"A""",0.8295329469695769,4.170586940137372,0.9554,ok,452.81
1.7,0.85,100.0,87,0.00553641009911111,-2679.8982105323935,-2680.4330973389297,-2680.451900765351,3.670948647799689,"A""",0.8944814478093194,4.214344062805726,0.9552,ok,477.92
1.7,0.9,100.0,87,0.00563166797553507,-2679.907740033899,-2680.4441586341954,-2680.4632125691087,3.645497782692135,"A""",0.8907476747563711,4.088151612011604,0.9548,ok,294.68
1.7,0.85,120.0,87,0.005534525459919958,-2679.8975343302604,-2680.430774279879,-2680.4492755988035,3.5691456049849237,"A""",0.7324964754443641,4.13136725497537,0.9555,ok,462.67
1.7,0.85,115.0,87,0.005515403323655811,-2679.8998418869605,-2680.433306169663,-2680.451862949398,3.6157103675354536,"A""",0.7850247287712423,4.150753579251872,0.9554,ok,471.33
1.7,0.85,135.0,87,0.00564919061446638,-2679.8844772042175,-2680.4175539086677,-2680.4359335492427,3.3553164913736535,"A""",0.5315520103372028,4.073394527977266,0.9556,ok,454.29
1.7,0.85,125.0,87,0.005564694086018437,-2679.8940803927208,-2680.4271946716176,-2680.4456496718144,3.5093328662815426,"A""",0.6722516651406479,4.112056548248954,0.9555,ok,463.14
1.7,0.85,130.0,87,0.005603840861036204,-2679.889662444313,-2680.422729401924,-2680.4411447117413,3.4374782466168483,"A""",0.604924032158923,4.092703717583653,0.9556,ok,457.89
1.7,0.9,75.0,87,0.005994704685459944,-2679.8672497661328,-2680.409232006105,-2680.4291736084715,3.5024984531420147,"A""",0.8980248179459513,4.26115365490363,0.9537,ok,438.34
1.7,0.9,80.0,87,0.00588231210839523,-2679.879929496168,-2680.4204595761507,-2680.440166585694,3.5532241063741155,"A""",0.9096463659014326,4.215793514752274,0.954,ok,443.09
1.7,0.9,85.0,87,0.005790944628995266,-2679.8901257287757,-2680.42937896515,-2680.448880521458,3.5937297353670767,"A""",0.9152379462277622,4.168163979736247,0.9543,ok,447.2
1.7,0.9,115.0,87,0.005626700999631377,-2679.9092387516266,-2680.444161965308,-2680.46296172288,3.5764163764108137,"A""",0.793729207086606,4.06573331290967,0.955,ok,285.59
1.7,0.9,95.0,87,0.005666247517015436,-2679.9038646715567,-2680.44106885848,-2680.4602462504968,3.6407764286576625,"A""",0.9063629157335009,4.1036627052716455,0.9547,ok,431.85
1.7,0.9,90.0,87,0.005719113537129721,-2679.898046138056,-2680.43619299028,-2680.4555186212747,3.6232200729622615,"A""",0.9143364236609596,4.129683830163552,0.9545,ok,479.6
1.7,0.9,110.0,87,0.005613177839806936,-2679.910273123739,-2680.445561764221,-2680.4644300645355,3.6136578354872904,"A""",0.8347315735865461,4.072691089554287,0.955,ok,439.11
1.7,0.9,105.0,87,0.0056143809386121875,-2679.9098253221796,-2680.4456083798777,-2680.464560372101,3.636627360768851,"A""",0.8669965412865307,4.079175732157713,0.9549,ok,451.54
1.7,0.9,120.0,87,0.005653638798828358,-2679.9068829790276,-2680.441553794152,-2680.460297242901,3.5251307698550964,"A""",0.7439703742552585,4.056781209500847,0.955,ok,432.06
1.7,0.9,125.0,87,0.005692327419620801,-2679.903374827089,-2680.437886793529,-2680.45658336858,3.4604807251807954,"A""",0.6857065553488646,4.045474075838639,0.955,ok,416.17
1.7,0.95,135.0,87,0.005989132681398327,-2679.8954355196433,-2680.4312293105672,-2680.450106164982,3.230509728998516,"A""",0.5628513520620311,3.9380126663795005,0.9544,ok,285.26
1.7,0.9,130.0,87,0.0057405101933556265,-2679.8988945705614,-2680.4333195597014,-2680.4519758869696,3.383641678884548,"A""",0.6195371691623581,4.032117645007251,0.955,ok,417.71
1.7,0.9,135.0,87,0.005794483026545855,-2679.8936371016343,-2680.4280251038194,-2680.446644877194,3.296329149863461,"A""",0.5464895117225408,4.0173043592499775,0.955,ok,455.36
1.7,1.0,115.0,87,0.005940547462876399,-2679.9080342426446,-2680.4461435943213,-2680.465474077596,3.483311710904706,"A""",0.8151994877223689,3.683194546060486,0.9539,ok,298.47
1.7,0.95,100.0,87,0.005745225396474734,-2679.9098970501886,-2680.447934088188,-2680.46725083616,3.615990133644849,"A""",0.887803874609441,3.8545860130861493,0.9544,ok,451.67
1.7,0.95,105.0,87,0.005734719302015649,-2679.9119327503495,-2680.449312938621,-2680.46852463183,3.6025233719928846,"A""",0.8690771593194553,3.8721320829318175,0.9545,ok,440.33
1.7,0.95,75.0,87,0.006137094714368672,-2679.8700928126786,-2680.4138318516007,-2680.4341001501252,3.4930754531028865,"A""",0.8668455991590079,4.048010173249883,0.9531,ok,496.21
1.7,0.95,85.0,87,0.005905451560224152,-2679.892543864557,-2680.433493959459,-2680.4532838474743,3.577131824209658,"A""",0.8948681352660802,3.8956592605793907,0.9538,ok,497.85
1.7,0.95,80.0,87,0.006007357504390688,-2679.882520364101,-2680.424777943218,-2680.444790045496,3.5404644985603775,"A""",0.8835377785182673,3.9583196640228455,0.9535,ok,501.48
1.7,0.95,110.0,87,0.00574255884783441,-2679.912336483943,-2680.449201202518,-2680.4683275566995,3.574802929824524,"A""",0.8411943689094463,3.8946843902823884,0.9545,ok,460.18
1.7,0.95,90.0,87,0.005828837670851973,-2679.9003467236416,-2680.440161370865,-2680.4597632471673,3.602489053820361,"A""",0.8999540767430882,3.8604454837270397,0.9541,ok,510.05
1.7,0.95,95.0,87,0.005775976777656696,-2679.906082944956,-2680.444928787603,-2680.4643742289186,3.6157276200663877,"A""",0.8978732440855172,3.8486083036718552,0.9543,ok,510.97
1.7,0.95,125.0,87,0.005858142974241136,-2679.9053002759147,-2680.4413062256112,-2680.460260259901,3.406182345175661,"A""",0.7006898128896589,3.9404166212692964,0.9545,ok,456.37
1.7,0.95,115.0,87,0.005766945579939206,-2679.911259286736,-2680.4477357704304,-2680.46679290761,3.5326303123272713,"A""",0.8038447320786899,3.916107329581154,0.9545,ok,488.24
1.7,0.95,130.0,87,0.005920531104124945,-2679.9007618428304,-2680.4366408427777,-2680.455554685905,3.323715194317068,"A""",0.6356527388992521,3.9419140588049566,0.9544,ok,460.17
1.7,0.95,120.0,87,0.005806069007272016,-2679.908858554785,-2680.445055936357,-2680.464056680992,3.476205622593271,"A""",0.7569428201662697,3.93196058704917,0.9545,ok,480.01
1.7,1.0,105.0,87,0.005878963607124009,-2679.9087890250075,-2680.4478393327113,-2680.4673245952945,3.5633763684061206,"A""",0.8721960252127006,3.5811225700754137,0.9539,ok,451.93
1.7,1.0,100.0,87,0.00587881097241322,-2679.906804008362,-2680.4465283670797,-2680.4661208347907,3.5814319441735543,"A""",0.8856950070816865,3.540894743949588,0.9539,ok,482.2
1.7,1.0,110.0,87,0.005900324335152096,-2679.9091504884814,-2680.4476678679684,-2680.4670671833314,3.5307377170284573,"A""",0.8488297702722057,3.630699079244959,0.954,ok,463.73
1.7,1.0,80.0,87,0.00614898706053401,-2679.879948009005,-2680.423981910714,-2680.4443119959956,3.520210952868602,"A""",0.8569461428880185,3.59952557504921,0.9529,ok,499.37
1.7,1.0,75.0,87,0.006300220180831773,-2679.8678506253955,-2680.413387867197,-2680.4339978489297,3.4746700278305704,"A""",0.8348601321903659,3.7012712694366274,0.9525,ok,505.06
1.7,1.0,85.0,87,0.006034717398801267,-2679.8897542892005,-2680.4324557563586,-2680.452545815354,3.5541075413461765,"A""",0.8743772007832336,3.5389430277344354,0.9533,ok,511.05
1.7,1.0,95.0,87,0.00590265622057384,-2679.9030566338456,-2680.443608497474,-2680.4633341077056,3.585420107511907,"A""",0.8899490095554694,3.5162462736830307,0.9538,ok,508.8
1.7,1.0,90.0,87,0.005953596449008245,-2679.8974152415726,-2680.4389572515156,-2680.458847051934,3.576056160056801,"A""",0.8858114532740148,3.513424874959972,0.9536,ok,509.94
1.7,1.0,120.0,87,0.005997603364114386,-2679.9055936306927,-2680.4433995698932,-2680.462674610525,3.421286516859742,"A""",0.7711570906584037,3.732232191046265,0.9539,ok,440.86
1.7,1.05,90.0,87,0.006094176404749649,-2679.890790533432,-2680.4341085440255,-2680.454298348787,3.542294869335252,"A""",0.8719836598380541,3.130449569618341,0.953,ok,287.31
1.7,1.0,125.0,87,0.0060692992983213305,-2679.901990970869,-2680.4395746310215,-2680.4588040856447,3.345302747226031,"A""",0.7168594532026734,3.772573717086781,0.9538,ok,490.82
1.7,1.0,130.0,87,0.006153019125032915,-2679.89740009018,-2680.434817834559,-2680.45400798723,3.2565058481550313,"A""",0.6528498655472112,3.8015519995351017,0.9537,ok,446.09
1.7,1.05,75.0,87,0.006484492521400984,-2679.862030878986,-2680.409391273632,-2680.4303573859356,3.4451376331700363,"A""",0.8019451222372065,3.3089515365212665,0.9517,ok,456.79
1.7,1.05,105.0,87,0.0060503017011299546,-2679.9019467699627,-2680.442732591868,-2680.4625069718595,3.517731103995236,"A""",0.8761922722331521,3.2428653893633372,0.9533,ok,316.96
1.7,1.05,80.0,87,0.006307469344330567,-2679.8737323960704,-2680.419577206791,-2680.4402377948945,3.49051496411689,"A""",0.8298958044947433,3.203021240086752,0.9522,ok,453.19
1.7,1.05,85.0,87,0.006179091437751049,-2679.8832875594353,-2680.4277824629876,-2680.448184497738,3.5228893355607447,"A""",0.8538471759167268,3.146642074069894,0.9527,ok,447.0
1.7,1.05,95.0,87,0.006047767495223687,-2679.8963307086733,-2680.438643304461,-2680.4586620598307,3.548322967494206,"A""",0.88261432240017,3.1458610968881686,0.9531,ok,465.82
1.7,1.05,115.0,87,0.006152746297185344,-2679.901120524419,-2680.440936688472,-2680.4605588468157,3.4269821289989264,"A""",0.8273780493516402,3.3882257682980637,0.9532,ok,455.65
1.7,1.05,110.0,87,0.006090607260116543,-2679.902270156015,-2680.4425101367065,-2680.4621993573683,3.4800036277547113,"A""",0.8573561861887847,3.3123049508121944,0.9533,ok,465.74
1.7,1.05,125.0,87,0.006333945920692928,-2679.8950068748595,-2680.4342487166955,-2680.453774499742,3.2763003094455088,"A""",0.7335173670912281,3.5367668687579887,0.9529,ok,458.18
1.7,1.05,130.0,87,0.006448079161017677,-2679.8903707280215,-2680.4294102556073,-2680.448898739138,3.180437126171339,"A""",0.6703022611436125,3.598646618330737,0.9528,ok,460.98
1.7,1.05,100.0,87,0.0060347285498683,-2679.9000103126164,-2680.4414823020084,-2680.461364682601,3.5403467091953953,"A""",0.8843637847734543,3.185464594152777,0.9532,ok,516.68
1.7,1.05,135.0,87,0.00657240001236922,-2679.8849230396386,-2680.423782831666,-2680.4432356674215,3.0729890475816206,"A""",0.5974671773534603,3.64752374713138,0.9526,ok,461.35
1.7,1.15,85.0,87,0.006516922391912529,-2679.8634975954146,-2680.411700763786,-2680.432764613022,3.42325842979101,"A""",0.8116339458563221,2.3565657423054387,0.9508,ok,299.99
1.7,1.1,80.0,87,0.006483272369736967,-2679.864980607913,-2680.4126657704282,-2680.4336694014473,3.4483881986590386,"A""",0.8021455485183129,2.7976848022662995,0.9514,ok,459.27
1.7,1.1,75.0,87,0.0066902313237472725,-2679.85372701631,-2680.402927477715,-2680.424263949309,3.401306960233629,"A""",0.7675883033070047,2.9079118677619293,0.9508,ok,473.56
1.7,1.05,120.0,87,0.006234534224593798,-2679.898646705348,-2680.4381386374107,-2680.4577076375663,3.35886555770111,"A""",0.7860561730857456,3.464953353452447,0.9531,ok,504.62
1.7,1.1,85.0,87,0.006339330364189453,-2679.8742618204706,-2680.420589248436,-2680.4413155241677,3.4807284111471346,"A""",0.8331593405396044,2.7444330670212254,0.9519,ok,475.29
1.7,1.1,90.0,87,0.0062519538623365565,-2679.8815989522286,-2680.4267402703244,-2680.4472431591507,3.4986781602457095,"A""",0.8583580228962099,2.7360282746419955,0.9522,ok,472.94
1.7,1.1,95.0,87,0.006213499664240724,-2679.8870373292866,-2680.4311652652987,-2680.4514916762614,3.5020828306984995,"A""",0.8756816152776481,2.7620892172663076,0.9523,ok,473.84
1.7,1.1,105.0,87,0.006252639473911239,-2679.8925450071747,-2680.4351333961586,-2680.455214885102,3.4634326396897968,"A""",0.8805793688799026,2.8855499838299212,0.9524,ok,460.19
1.7,1.1,100.0,87,0.006216028700710914,-2679.8906521546824,-2680.4339329316745,-2680.4541214362375,3.4905023439539145,"A""",0.8834926875308587,2.8141899685141536,0.9524,ok,488.06
1.7,1.1,115.0,87,0.006409320087863593,-2679.8916608701147,-2680.433261113361,-2680.4531964448247,3.3615606662302233,"A""",0.8394781339569378,3.064154566282698,0.9522,ok,446.87
1.7,1.1,110.0,87,0.006318190013997728,-2679.892836590824,-2680.4348715612177,-2680.454870452857,3.4204916845798383,"A""",0.8660891003753873,2.9705376014725453,0.9523,ok,464.78
1.7,1.15,80.0,87,0.006677375675546775,-2679.8545020723545,-2680.4040585940465,-2680.425418307037,3.389145509412276,"A""",0.7727969494820245,2.409024993593287,0.9503,ok,437.58
1.7,1.15,105.0,87,0.006490621958460755,-2679.8814231265183,-2680.425889532513,-2680.446299424375,3.397297183128847,"A""",0.8841229198267122,2.5332198901194296,0.9513,ok,298.31
1.7,1.15,75.0,87,0.006918149863796737,-2679.843734105044,-2680.39478946376,-2680.4165106963696,3.3383955632282496,"A""",0.7304684138136407,2.5253655331670752,0.9497,ok,459.12
1.7,1.1,125.0,87,0.0066604890246961725,-2679.885493512595,-2680.4264797277524,-2680.4463265974796,3.1971417827989757,"A""",0.7493192072283815,3.2579254253832834,0.9518,ok,483.5
1.7,1.1,130.0,87,0.00681659380462926,-2679.880820710627,-2680.4215724607284,-2680.4413855248818,3.093509807036313,"A""",0.6864807007223215,3.3482096216586217,0.9516,ok,481.34
1.7,1.1,120.0,87,0.006523946182222577,-2679.8891619338897,-2680.4304216756473,-2680.4503078031476,3.286884006386188,"A""",0.8005121344843006,3.1615871162124383,0.952,ok,501.73
1.7,1.1,135.0,87,0.0069880746625194156,-2679.875323554078,-2680.4158530978902,-2680.4356329974567,2.9777173041726552,"A""",0.6131383400825212,3.4279831616085903,0.9513,ok,493.16
1.7,1.15,90.0,87,0.006429203381573249,-2679.870668853766,-2680.4176866531334,-2680.438517428274,3.4412097905408285,"A""",0.8442832136267948,2.353521732366642,0.9511,ok,463.28
1.7,1.15,95.0,87,0.006402999075361293,-2679.8760100967343,-2680.4220149914267,-2680.4426659025767,3.443036912221903,"A""",0.8683890690592921,2.387880037466379,0.9513,ok,435.6
1.7,1.15,100.0,87,0.006426656244499482,-2679.8795665961666,-2680.4247251058478,-2680.4452388038867,3.428505319453202,"A""",0.882115347764085,2.450205678656986,0.9513,ok,446.8
1.7,1.15,115.0,87,0.006716393847491217,-2679.880497661838,-2680.4239689820884,-2680.444243052102,3.2841783145621877,"A""",0.8496277088820983,2.7393857408930358,0.9509,ok,433.72
1.7,1.2,90.0,87,0.006629446028995773,-2679.85861208339,-2680.4075694359785,-2680.428745543568,3.3636427425914164,"A""",0.827690430404297,2.008880462596628,0.9495,ok,277.49
1.7,1.15,110.0,87,0.006588406580670224,-2679.881690843741,-2680.42560219332,-2680.445934216532,3.3491859598381675,"A""",0.8734850127834137,2.631200462992207,0.9511,ok,453.19
1.7,1.15,120.0,87,0.006872981853243308,-2679.8779829200776,-2680.421103013772,-2680.4413338901813,3.202617582076944,"A""",0.8123312326144114,2.8534599227349817,0.9507,ok,454.31
1.7,1.25,85.0,87,0.006936498669591195,-2679.8390141881523,-2680.391133247334,-2680.4129207447727,3.2319328470395905,"A""",0.7545465723165834,1.7364776116064067,0.9467,ok,260.28
1.7,1.2,85.0,87,0.006714567201829809,-2679.8515995191083,-2680.4017298143453,-2680.423146435041,3.343628551832665,"A""",0.7871589223815252,2.0102454336582136,0.9492,ok,394.26
1.7,1.2,75.0,87,0.007169968747969278,-2679.832631351347,-2680.3855572099355,-2680.4076782899756,3.249361024236635,"A""",0.6877468877695381,2.189522738276334,0.9482,ok,415.55
1.7,1.15,125.0,87,0.007057512306219323,-2679.8742957539353,-2680.4171246213373,-2680.4373222312706,3.105260036912335,"A""",0.761788351353123,2.9691649362642543,0.9504,ok,437.77
1.7,1.2,80.0,87,0.006891758413606337,-2679.8428906038766,-2680.394354810011,-2680.416084776993,3.305561588859748,"A""",0.7394560199438318,2.065201309190545,0.9487,ok,427.5
1.7,1.15,130.0,87,0.007269446979219533,-2679.8695963314453,-2680.412164595533,-2680.4323339083944,2.993333684333539,"A""",0.698699867979319,3.0820995549571277,0.95,ok,450.5
1.7,1.15,135.0,87,0.007505397287864415,-2679.864059328106,-2680.4063689553823,-2680.426509569567,2.8685924001853764,"A""",0.6243775905363544,3.187820824052255,0.9497,ok,474.91
1.7,1.2,95.0,87,0.0066206016380823875,-2679.863865372995,-2680.4118197243583,-2680.432815303649,3.365565095451247,"A""",0.8585115049151423,2.0480681162653274,0.9497,ok,455.88
1.7,1.2,105.0,87,0.006769505750090226,-2679.869201967694,-2680.4156336699166,-2680.4363975759006,3.3147482985532246,"A""",0.8839283333548474,2.2096958625660124,0.9496,ok,462.05
1.7,1.25,75.0,87,0.007449484031279224,-2679.820840624543,-2680.3756547232624,-2680.3981921626787,3.1248595832781283,"A""",0.6344958072052816,1.930289590283756,0.9461,ok,393.09
1.7,1.25,80.0,87,0.007130082941674225,-2679.830582520561,-2680.383998005426,-2680.406114399815,3.1874781089487585,"A""",0.6969745813518056,1.7977325990671993,0.9464,ok,391.05
1.7,1.2,100.0,87,0.006671501160440712,-2679.8673727546397,-2680.4144893810126,-2680.4353512116095,3.3492972048583622,"A""",0.8777132315089862,2.117600676504484,0.9497,ok,476.93
1.7,1.2,125.0,87,0.007533272540491407,-2679.8620385969,-2680.4068235918367,-2680.427407748274,2.997667337944021,"A""",0.7666394909712058,2.6990451687769625,0.9483,ok,435.12
1.7,1.2,115.0,87,0.007079925353311567,-2679.868253869829,-2680.4136961166896,-2680.4343396110635,3.191068527664911,"A""",0.8541179459559077,2.438909931561462,0.9491,ok,472.31
1.7,1.2,120.0,87,0.007288357183845679,-2679.865733577929,-2680.41082037155,-2680.4314292046956,3.102682767862463,"A""",0.8174620700512332,2.5671102211672583,0.9487,ok,466.37
1.7,1.2,135.0,87,0.00813726628786833,-2679.851758317544,-2680.3959779248357,-2680.416520698152,2.743488700116526,"A""",0.626893981754607,2.9578002270105332,0.9474,ok,438.51
1.7,1.2,110.0,87,0.006906823497235347,-2679.869454934727,-2680.4153362961397,-2680.436029628814,3.261931215413633,"A""",0.8762371405038509,2.318390910905702,0.9494,ok,479.57
1.7,1.25,90.0,87,0.006857935210671767,-2679.8458816602697,-2680.396853417916,-2680.4183961191816,3.256910152009094,"A""",0.8032983745843449,1.7314592971655451,0.947,ok,413.65
1.75,0.8,75.0,87,0.005906462418602465,-2679.846240295189,-2680.386012499745,-2680.405761238355,3.227222372644943,"A""",0.956903256060476,3.9575989079353504,0.9526,ok,263.71
1.7,1.2,130.0,87,0.007816572758951555,-2679.8573239182565,-2680.4018300975995,-2680.4223942094113,2.877340565298085,"A""",0.7025878490686676,2.830677462352183,0.9479,ok,472.51
1.7,1.25,100.0,87,0.006956171355259972,-2679.8545293226603,-2680.403697132677,-2680.424935103211,3.24587106425394,"A""",0.8644780777586998,1.8419758828265451,0.9472,ok,424.6
1.7,1.25,95.0,87,0.00687196540291991,-2679.8510598537605,-2680.4010486538523,-2680.422413609126,3.261638245530878,"A""",0.840552729261588,1.770049714387048,0.9472,ok,445.65
1.7,1.25,105.0,87,0.007094661807345572,-2679.856341305291,-2680.404838375669,-2680.4259874004065,3.209712581257215,"A""",0.8738381587958888,1.9391392831091032,0.9471,ok,452.45
1.7,1.25,110.0,87,0.007278664985784406,-2679.8565892912106,-2680.4045472998614,-2680.4256360068493,3.153498498112207,"A""",0.8678716674368945,2.0552324946303413,0.9469,ok,461.49
1.7,1.25,120.0,87,0.007775192371461299,-2679.852875478672,-2680.4000497369448,-2680.421076604431,2.9833832041947135,"A""",0.8091707707195721,2.3248507404452643,0.9461,ok,438.62
1.7,1.25,125.0,87,0.008093510551562147,-2679.849184440351,-2680.3960549211943,-2680.417069027416,2.8714076485078603,"A""",0.7572939141599551,2.47015841175372,0.9455,ok,421.8
1.75,0.8,90.0,87,0.00569238712144355,-2679.874184641647,-2680.4104399073067,-2680.4296563671896,3.3758659947065137,"A""",0.9290354354040208,3.918771959998352,0.9533,ok,279.16
1.7,1.25,115.0,87,0.007504902621630329,-2679.855390458044,-2680.402916973498,-2680.4239669028902,3.0777848478317997,"A""",0.8462624898081169,2.185226134739743,0.9465,ok,477.54
1.7,1.25,130.0,87,0.008465017875993129,-2679.8444670021427,-2680.3910504426835,-2680.4120564623304,2.7433166523907953,"A""",0.6919265959528573,2.6172094924121456,0.945,ok,427.61
1.75,0.8,80.0,87,0.005822128826788985,-2679.857843193216,-2680.39628380913,-2680.4158327434984,3.288359516122973,"A""",0.9536626960441423,3.9470667984444,0.9529,ok,425.35
1.75,0.8,85.0,87,0.005750838600686985,-2679.867095411983,-2680.4043651261704,-2680.423736464833,3.3382258841158077,"A""",0.9442627143822308,3.934193023230699,0.9531,ok,423.86
1.75,0.8,95.0,87,0.00564740778483385,-2679.8792762481453,-2680.4146690897414,-2680.433752633668,3.4003374699452844,"A""",0.9080060435900719,3.900957726855451,0.9535,ok,417.23
1.75,0.8,105.0,87,0.005600582122447787,-2679.8840698991326,-2680.4181785188102,-2680.437055675664,3.406654364205298,"A""",0.8478068259192263,3.8597104376151443,0.9537,ok,411.78
1.75,0.85,115.0,87,0.005705247207442673,-2679.9024489882922,-2680.4371905444555,-2680.4561619040455,3.322882792945208,"A""",0.7700378241706844,3.789690574785649,0.9536,ok,286.97
1.75,0.8,115.0,87,0.005614285182825225,-2679.8826453822135,-2680.416019433221,-2680.4347554861047,3.353407159672493,"A""",0.761751613620194,3.8139134014119778,0.9539,ok,421.45
1.75,0.8,100.0,87,0.005616625488552145,-2679.8825226704794,-2680.417201319416,-2680.436172406502,3.410809836485056,"A""",0.881013685486154,3.8811190604401067,0.9536,ok,461.97
1.75,0.8,110.0,87,0.005599716098834174,-2679.8840621120344,-2680.4177389333754,-2680.4365385116266,3.3875218113859917,"A""",0.8081210695120425,3.837178534309897,0.9538,ok,451.33
1.75,0.8,135.0,87,0.005819310876516828,-2679.8660583863048,-2680.399188856655,-2680.4177612206618,3.081607249499746,"A""",0.511716834062614,3.719680827946363,0.9541,ok,387.88
1.75,0.8,125.0,87,0.00568917121179201,-2679.876198447576,-2680.409296748083,-2680.427938224988,3.242224704075868,"A""",0.6488867330286061,3.766453874333036,0.954,ok,407.03
1.75,0.8,130.0,87,0.005748347196606932,-2679.8714988794563,-2680.404585893553,-2680.4231911038705,3.1672662022737184,"A""",0.5829746298892631,3.7428299991139977,0.9541,ok,415.68
1.75,0.8,120.0,87,0.0056441391061672255,-2679.879970972111,-2680.4131579992895,-2680.43184218519,3.3047005467882506,"A""",0.7086261882649977,3.7902427257138283,0.954,ok,448.34
1.75,0.85,75.0,87,0.0060050979482984875,-2679.86633456284,-2680.407710892952,-2680.42775582125,3.2336503895976727,"A""",0.9323965440105653,3.9360123954391915,0.9522,ok,408.46
1.75,0.9,90.0,87,0.005866649087617541,-2679.903828188681,-2680.4432026175623,-2680.4629467366,3.3542212681021737,"A""",0.9067755352426042,3.870407995031219,0.9526,ok,279.85
1.75,0.85,85.0,87,0.005834152072846803,-2679.887092877019,-2680.425900288935,-2680.4455391431975,3.3338400121743277,"A""",0.9285755967293766,3.913530997685797,0.9528,ok,438.98
1.75,0.85,80.0,87,0.005911414547831902,-2679.877884412844,-2680.4178965684164,-2680.4377260171977,3.2892516922445316,"A""",0.9333984139671576,3.9261378588789104,0.9525,ok,453.47
1.75,0.85,100.0,87,0.005696204783348483,-2679.9024244540033,-2680.438549225092,-2680.457764300494,3.392389584580826,"A""",0.8789041851485009,3.8590706015427325,0.9533,ok,433.63
1.75,0.85,105.0,87,0.005682626740367059,-2679.9039418028337,-2680.439470229701,-2680.45858737062,3.384056737234009,"A""",0.8496512828428038,3.8368830450788343,0.9534,ok,442.77
1.75,0.85,90.0,87,0.005772336815304741,-2679.894146461717,-2680.4319066131607,-2680.451380379905,3.3665088327496098,"A""",0.9180240886272529,3.897943949897332,0.953,ok,451.45
1.75,0.85,130.0,87,0.005860784504030134,-2679.8911589318354,-2680.425511905006,-2680.4443495726177,3.125105877341381,"A""",0.5962774209145904,3.7175729206101837,0.9537,ok,405.93
1.75,0.85,95.0,87,0.0057262090707722434,-2679.899207218099,-2680.4360743448283,-2680.455407499101,3.386313632307064,"A""",0.9015719119520795,3.8796204435245785,0.9531,ok,465.27
1.75,0.85,110.0,87,0.0056855854383673155,-2679.90390174181,-2680.4389726944287,-2680.4580094727526,3.36090857454829,"A""",0.8134564112129291,3.813604647498202,0.9535,ok,460.04
1.75,0.85,135.0,87,0.005940096426514327,-2679.885654401691,-2680.4200065432287,-2680.4388105201924,3.0354500210934576,"A""",0.5252832117122872,3.694436616249473,0.9537,ok,405.66
1.75,0.85,120.0,87,0.005741477812151921,-2679.8997335247254,-2680.4342587595984,-2680.453176993319,3.2703146378472385,"A""",0.7192583132457552,3.765507797833143,0.9536,ok,456.22
1.75,0.85,125.0,87,0.00579364220549262,-2679.895913600861,-2680.430316600545,-2680.4491912543294,3.2039756509975974,"A""",0.6612046217403494,3.7413691287801334,0.9536,ok,450.05
1.75,0.9,75.0,87,0.006123395065572606,-2679.8763205892656,-2680.419401816851,-2680.4397605616196,3.2351673776860785,"A""",0.9066788108484038,3.90892494875954,0.9518,ok,452.44
1.75,0.9,85.0,87,0.005931908915912098,-2679.896844709947,-2680.4372971620346,-2680.4572174178,3.3260968954585954,"A""",0.9122693771542895,3.8865263814701216,0.9524,ok,434.51
1.75,0.9,80.0,87,0.006016726690519732,-2679.8877341557436,-2680.4294226007196,-2680.449547955242,3.2861479724259213,"A""",0.912171059403464,3.8992976454616026,0.9521,ok,441.26
1.75,0.9,125.0,87,0.005931753807961354,-2679.905312357287,-2680.441137731101,-2680.4602605092614,3.1620705368077022,"A""",0.6750200674359537,3.7115256313318663,0.9532,ok,283.29
1.75,0.9,95.0,87,0.0058203991116567095,-2679.9088367673135,-2680.4472895026374,-2680.46688498315,3.3696167030293305,"A""",0.8952775246169516,3.8513845218165033,0.9528,ok,456.28
1.75,0.9,100.0,87,0.0057930083120027315,-2679.9120122883264,-2680.4496963934184,-2680.469168195236,3.3714109233192575,"A""",0.8772804323703216,3.83016048022231,0.9529,ok,431.5
1.75,0.9,105.0,87,0.005784305764346834,-2679.9134932320458,-2680.4505564217707,-2680.4699265357613,3.3588901747400337,"A""",0.8522837173605528,3.807439233111644,0.953,ok,432.89
1.75,0.9,110.0,87,0.0057940746625024615,-2679.913418540679,-2680.450000039547,-2680.469287399485,3.331602721493768,"A""",0.8198328741958038,3.7838060942628218,0.9531,ok,429.33
1.75,0.9,130.0,87,0.006011399683771621,-2679.9005062843526,-2680.436241725678,-2680.455327293833,3.0787952655866886,"A""",0.6111241642231161,3.688033130289138,0.9532,ok,368.76
1.75,0.95,105.0,87,0.005907405173489638,-2679.9156506556164,-2680.4543396305608,-2680.473975775442,3.3307775492457137,"A""",0.8557408322592783,3.7625057942616653,0.9526,ok,283.65
1.75,0.9,115.0,87,0.005822063017158027,-2679.911930294116,-2680.4481568054316,-2680.4673773412837,3.2894383490066854,"A""",0.7795684532433834,3.759714091689434,0.9532,ok,431.24
1.75,0.9,120.0,87,0.005868205263260399,-2679.909176212556,-2680.4451575771864,-2680.464324260489,3.2326851943174084,"A""",0.7312872053919888,3.735518613686077,0.9532,ok,427.94
1.75,0.9,135.0,87,0.00610402570540134,-2679.894940874813,-2680.430628826758,-2680.44968025053,2.984573943772476,"A""",0.540382425804782,3.665359094877257,0.9532,ok,407.75
1.75,0.95,80.0,87,0.006138412864058065,-2679.8902952949866,-2680.433735279102,-2680.4541708035235,3.278483627112808,"A""",0.8901497170628233,3.8585101778671556,0.9517,ok,441.21
1.75,0.95,100.0,87,0.005908105678166289,-2679.91420961982,-2680.453541396522,-2680.473282462747,3.347502111961796,"A""",0.8762125346250441,3.7841326710435794,0.9525,ok,431.98
1.75,0.95,75.0,87,0.006262496759356786,-2679.8790956812127,-2680.4239515624636,-2680.444640574264,3.231056909254902,"A""",0.8799294476106615,3.870699906356881,0.9513,ok,467.28
1.75,0.95,110.0,87,0.00592763806362529,-2679.915541396465,-2680.4537268006056,-2680.4732784549515,3.299211099235223,"A""",0.8272515637273817,3.7403562644735886,0.9527,ok,420.13
1.75,0.95,85.0,87,0.0060441421849876465,-2679.899260025844,-2680.4414366160427,-2680.461651183011,3.3145288111765026,"A""",0.895494675888187,3.8430769288556106,0.952,ok,483.06
1.75,0.95,95.0,87,0.005930478214703574,-2679.911084517459,-2680.451208276012,-2680.4710783224114,3.3498658060592397,"A""",0.8892233231519843,3.805054179688344,0.9524,ok,472.61
1.75,0.95,90.0,87,0.005975446166631307,-2679.906144662312,-2680.4472157162336,-2680.467242488129,3.3385930561697075,"A""",0.8954172546246656,3.8249331289859825,0.9522,ok,479.95
1.75,0.95,120.0,87,0.006028924809899135,-2679.9112317096065,-2680.44876578984,-2680.468196131127,3.1913637827046144,"A""",0.7446378900040975,3.6952486581585693,0.9527,ok,426.66
1.75,1.0,115.0,87,0.006147713654664025,-2679.9108498360583,-2680.4503165933234,-2680.4700801575605,3.211916543586295,"A""",0.80214348023338,3.6481772343686387,0.9522,ok,280.94
1.75,0.95,135.0,87,0.006319981949666202,-2679.8968553149584,-2680.433975002677,-2680.45329104265,2.9284089149475245,"A""",0.5568367563295437,3.629607311419397,0.9526,ok,421.84
1.75,0.95,125.0,87,0.006109194207515385,-2679.907329042151,-2680.444674056498,-2680.4640609135054,3.1160248448383547,"A""",0.6902198133785882,3.6727863861078083,0.9527,ok,445.88
1.75,0.95,130.0,87,0.006207314795101468,-2679.9024768693885,-2680.4396919180654,-2680.459042013461,3.0278093546849756,"A""",0.6273662261992937,3.6507898934780294,0.9526,ok,449.92
1.75,0.95,115.0,87,0.005968210388855135,-2679.9140202051117,-2680.451826919116,-2680.471311075787,3.2526563016290426,"A""",0.7903068482336265,3.7178626793520904,0.9527,ok,468.8
1.75,1.0,75.0,87,0.006423597734274366,-2679.8767528735502,-2680.42342821341,-2680.4444630841135,3.2204272640265788,"A""",0.8523160705434254,3.7945505743124066,0.9507,ok,469.24
1.75,1.0,80.0,87,0.006276933461272211,-2679.8876690644697,-2680.4329124537394,-2680.4536716362013,3.2655209251977753,"A""",0.8675165516573654,3.7632621441401053,0.9512,ok,488.8
1.75,1.0,90.0,87,0.006099054043216868,-2679.9032113517683,-2680.4460406911057,-2680.466362162293,3.3190466605714635,"A""",0.8840915859140624,3.7108158275883416,0.9518,ok,478.87
1.75,1.0,85.0,87,0.006171032992122417,-2679.896447824172,-2680.4404056650415,-2680.460926893815,3.2984991907036947,"A""",0.8784215349406355,3.7336190853426747,0.9515,ok,487.99
1.75,1.0,95.0,87,0.006057221645120843,-2679.9080709803548,-2680.449931682315,-2680.470088619724,3.3265105077719412,"A""",0.883513815852216,3.6951789599717833,0.952,ok,492.41
1.75,1.0,110.0,87,0.006089306379203527,-2679.9123996718595,-2680.4522659437407,-2680.4720966629907,3.263148070889015,"A""",0.8356639359207927,3.661770997500684,0.9522,ok,422.05
1.75,1.0,105.0,87,0.0060540801025271325,-2679.9125412455455,-2680.4529296435276,-2680.472845628376,3.2991589397770755,"A""",0.8600304741753655,3.6733961260727086,0.9522,ok,439.63
1.75,1.05,85.0,87,0.006312979421926704,-2679.8899432189337,-2680.43572653828,-2680.456566648094,3.2770817689951124,"A""",0.8612222878337249,3.447659702995632,0.951,ok,323.69
1.75,1.0,100.0,87,0.006042905615396776,-2679.911140767431,-2680.4521901505886,-2680.4722134447757,3.320116556765643,"A""",0.8757595707066269,3.683813442043031,0.9521,ok,481.14
1.75,1.0,125.0,87,0.0063321765072623685,-2679.9040976414312,-2680.443046368033,-2680.462715094367,3.065133600402386,"A""",0.706564354176375,3.6161272768431223,0.952,ok,428.91
1.75,1.0,130.0,87,0.006456636387662905,-2679.899206025968,-2680.437985995342,-2680.457619303446,2.9713961702735334,"A""",0.6447015812955152,3.5989125239171136,0.9519,ok,418.22
1.75,1.0,120.0,87,0.0062287370124977,-2679.908032623379,-2680.4472016411214,-2680.4669124517823,3.145689712151572,"A""",0.7591364638630406,3.632773614279278,0.9521,ok,465.79
1.75,1.05,75.0,87,0.006607838811483562,-2679.870808379932,-2680.419331484982,-2680.4407272382164,3.202072135383073,"A""",0.8239487266010799,3.572887403638269,0.9501,ok,465.35
1.75,1.05,80.0,87,0.006432867697717199,-2679.8813818282324,-2680.428465976412,-2680.4495618796163,3.2462164097495947,"A""",0.8444406248011765,3.4947295368838223,0.9506,ok,443.75
1.75,1.05,95.0,87,0.006201791532653911,-2679.90134317957,-2680.4449964296728,-2680.4654532518925,3.298732694311062,"A""",0.8782367268426304,3.4330087206210553,0.9514,ok,448.99
1.75,1.1,80.0,87,0.006606999831285187,-2679.872546180503,-2680.421503052229,-2680.4429486773233,3.218999381933369,"A""",0.8210065386161118,3.1004534067965173,0.9499,ok,314.56
1.75,1.05,90.0,87,0.006238108689297317,-2679.8965702137602,-2680.4412080023494,-2680.461836475479,3.2947284610680607,"A""",0.8729396030464438,3.42931766783027,0.9513,ok,474.73
1.75,1.05,100.0,87,0.006199254766737325,-2679.904356413831,-2680.4471840503547,-2680.4675036029066,3.28844268768985,"A""",0.8759408424758058,3.4507845170827345,0.9516,ok,474.45
1.75,1.05,105.0,87,0.006226947448208623,-2679.905718342974,-2680.4478714628685,-2680.468082533689,3.263208296195248,"A""",0.8650915543636392,3.4744666757086877,0.9516,ok,454.84
1.75,1.05,110.0,87,0.006282530841270378,-2679.9055486785646,-2680.4471653666405,-2680.4672916959817,3.2225586785903904,"A""",0.8449180408998712,3.4967422472836116,0.9516,ok,441.79
1.75,1.05,120.0,87,0.006473272978450611,-2679.901137116781,-2680.442017919222,-2680.4620283778113,3.09472902192384,"A""",0.7744227132007604,3.5209178329581494,0.9514,ok,449.62
1.75,1.05,115.0,87,0.0063647737386279745,-2679.903976042219,-2680.4451762319068,-2680.4652370751382,3.166326531676536,"A""",0.8148261691942266,3.512745546317579,0.9515,ok,483.58
1.75,1.05,125.0,87,0.006607791208612875,-2679.8971775297123,-2680.4378099470914,-2680.4577809762795,3.00842142058476,"A""",0.7235829753334273,3.522199964146395,0.9513,ok,461.15
1.75,1.15,75.0,87,0.0070502489126482645,-2679.852219491399,-2680.4044974526296,-2680.4266593470543,3.1343061886037074,"A""",0.7643501772434854,2.787117141330501,0.9485,ok,297.63
1.75,1.1,75.0,87,0.006816325320231246,-2679.8623633286566,-2680.412754577,-2680.4345259697357,3.174246068950408,"A""",0.7947750828077359,3.1963203210729865,0.9494,ok,453.82
1.75,1.05,130.0,87,0.006767830222532194,-2679.8922543604303,-2680.432682026177,-2680.452620146898,2.9085417542863907,"A""",0.6625543334427004,3.5185232850197172,0.9511,ok,471.39
1.75,1.05,135.0,87,0.006949628251706577,-2679.8865401580088,-2680.4267796904282,-2680.446686482791,2.796756403453007,"A""",0.5920835473875148,3.5118110380383816,0.951,ok,471.95
1.75,1.1,85.0,87,0.006470737001163967,-2679.8808680681113,-2680.4285176299986,-2680.449689162249,3.24885656255905,"A""",0.8440169632638598,3.053197724017003,0.9503,ok,502.22
1.75,1.1,90.0,87,0.006393724514037534,-2679.8873499734464,-2680.4338443885144,-2680.4547929652613,3.2643252565033936,"A""",0.8620495151255018,3.044369172765057,0.9506,ok,506.31
1.75,1.1,100.0,87,0.0063795662516173786,-2679.8949935164514,-2680.439660085769,-2680.460291653612,3.2512547490172126,"A""",0.876665076589523,3.104977856931056,0.9509,ok,496.9
1.75,1.1,130.0,87,0.007150255130917511,-2679.882767797961,-2680.4249322831847,-2680.4452006474453,2.8379288959929267,"A""",0.6798761737645865,3.38744784888148,0.9501,ok,423.73
1.75,1.1,95.0,87,0.006365901634696514,-2679.8920346943364,-2680.4375352333786,-2680.458306215125,3.265281334162322,"A""",0.8734053156597391,3.0644300252589476,0.9508,ok,508.37
1.75,1.1,135.0,87,0.007386309394639911,-2679.877019751481,-2680.4189550172086,-2680.4391954144644,2.7189072386891877,"A""",0.6090366283470586,3.4037040494624313,0.9499,ok,430.14
1.75,1.1,105.0,87,0.006429148140003931,-2679.8963212684807,-2680.440305224301,-2680.4608287520077,3.2216982222701858,"A""",0.8707052701329734,3.1583796910756354,0.9509,ok,501.6
1.75,1.1,115.0,87,0.006624237101634016,-2679.8945412171756,-2680.437550640742,-2680.4579294427926,3.114614867619855,"A""",0.827824078292313,3.274445297104492,0.9507,ok,493.51
1.75,1.1,120.0,87,0.006768098484431416,-2679.8916887528458,-2680.434361610455,-2680.4546940220366,3.0371859215050265,"A""",0.7897894897799935,3.3237297595042268,0.9505,ok,490.0
1.75,1.1,125.0,87,0.006943244729521966,-2679.887713412136,-2680.430114217208,-2680.4504114396627,2.9445761693893058,"A""",0.7403903622310801,3.3614934460786894,0.9503,ok,482.18
1.75,1.1,110.0,87,0.006511216934461384,-2679.896129463932,-2680.439567693935,-2680.4600086600567,3.176197128925288,"A""",0.8546477357857938,3.217267201738157,0.9508,ok,510.52
1.75,1.15,115.0,87,0.0069310916505763934,-2679.883387233432,-2680.4282904328034,-2680.449011481232,3.054990680222326,"A""",0.840050791996953,2.965308444957542,0.9497,ok,309.61
1.75,1.15,85.0,87,0.006645637281886181,-2679.870045806831,-2680.419605921297,-2680.4411222804583,3.211566741172663,"A""",0.826720125409691,2.639144746351638,0.9496,ok,454.06
1.75,1.15,90.0,87,0.00656772110787236,-2679.8763806812804,-2680.4247849788767,-2680.4460681969035,3.225757844327726,"A""",0.851309508036525,2.6381661271290926,0.9499,ok,456.96
1.75,1.15,80.0,87,0.006800506094474838,-2679.8619761555738,-2680.4128390314445,-2680.434647751567,3.181403177750526,"A""",0.7970333642873151,2.6841585342926493,0.9491,ok,494.98
1.75,1.15,95.0,87,0.006552023975136914,-2679.880980014424,-2680.4283887079855,-2680.4494901095377,3.2242030847573586,"A""",0.8688006704428618,2.6698351264847866,0.95,ok,504.16
1.75,1.15,105.0,87,0.006664393014588098,-2679.885189403106,-2680.431077772377,-2680.4519340108177,3.1727956030537126,"A""",0.8762861526470364,2.7969792706751035,0.95,ok,448.39
1.75,1.2,90.0,87,0.006762899513388208,-2679.8642752762426,-2680.414651619863,-2680.436286250879,3.175681629070408,"A""",0.840004907709732,2.24577075141026,0.9488,ok,282.95
1.75,1.15,100.0,87,0.006586953715189919,-2679.883889491331,-2680.430462540118,-2680.4514243469316,3.2066770288371433,"A""",0.8775509539325393,2.7251789922642358,0.9501,ok,475.19
1.75,1.15,110.0,87,0.0067796668428960725,-2679.8849828009193,-2680.430321743521,-2680.451099627023,3.122253469889428,"A""",0.8640295262108422,2.8789983227105025,0.9499,ok,480.3
1.75,1.15,120.0,87,0.007119162671477406,-2679.880530406471,-2680.4250852697037,-2680.4457659147306,2.971297723258322,"A""",0.8038765439918035,3.0499456151692335,0.9494,ok,465.76
1.75,1.15,135.0,87,0.007919813263005566,-2679.8658197558552,-2680.40955878063,-2680.430165213794,2.631059445344534,"A""",0.6231495715708544,3.244402832507406,0.9484,ok,446.74
1.75,1.15,130.0,87,0.007612857337188,-2679.8715914666764,-2680.415594527932,-2680.436223473249,2.7579147142085447,"A""",0.694819925150507,3.192635527223109,0.9488,ok,456.86
1.75,1.15,125.0,87,0.007345627849814802,-2679.8765492144153,-2680.4208140655783,-2680.441465769732,2.8718826132383177,"A""",0.7553633283495303,3.127191782407489,0.9491,ok,483.79
1.75,1.2,75.0,87,0.0073116122650595675,-2679.8409617669163,-2680.395146151931,-2680.4177139854373,3.078172561614213,"A""",0.7313407596594527,2.3955580974516604,0.9474,ok,436.73
1.75,1.2,85.0,87,0.0068399159069728495,-2679.858083221051,-2680.409605601033,-2680.431481751168,3.1615544232186537,"A""",0.8086262191875869,2.241316744910688,0.9485,ok,461.17
1.75,1.2,95.0,87,0.0067635444915154245,-2679.8687959437225,-2680.418183475872,-2680.4396343957906,3.1724162530934668,"A""",0.8635550503551699,2.2860565074775776,0.9489,ok,451.76
1.75,1.2,80.0,87,0.007015310853231499,-2679.8502692930533,-2680.4030764373088,-2680.4252625737927,3.129472999632973,"A""",0.7716196639872905,2.2857198041983575,0.948,ok,479.13
1.75,1.25,100.0,87,0.00709902770947638,-2679.8587740845733,-2680.409405374533,-2680.4310967405045,3.082363556992137,"A""",0.8735427457233609,2.0129245117333263,0.9473,ok,294.46
1.75,1.2,100.0,87,0.006825272345604564,-2679.8716635090022,-2680.420220965188,-2680.4415345779134,3.151829494618609,"A""",0.8774799860005826,2.3524023871788766,0.9489,ok,492.48
1.75,1.2,105.0,87,0.0069368703226278,-2679.872943386035,-2680.4208205353066,-2680.442033505879,3.113775260658583,"A""",0.8803962024161563,2.4374733696578996,0.9488,ok,497.99
1.75,1.25,75.0,87,0.007603641782118531,-2679.8290166943925,-2680.3851297899655,-2680.4081202523193,2.9996632729584363,"A""",0.6925679981768845,2.0512079958958935,0.9459,ok,422.23
1.75,1.2,110.0,87,0.007092361866033264,-2679.872730313787,-2680.4200603511576,-2680.4412015848975,3.0581336580954273,"A""",0.8712593332393574,2.5354730891095145,0.9486,ok,481.31
1.75,1.2,125.0,87,0.007821292440458698,-2679.8643089714737,-2680.410547540028,-2680.431587544617,2.788202941293448,"A""",0.7656096629461473,2.8569162143104103,0.9475,ok,460.18
1.75,1.2,120.0,87,0.007531894256238521,-2679.8682852353318,-2680.414824770063,-2680.435884916877,2.8947481370008314,"A""",0.8141157640202705,2.750192059150907,0.9479,ok,474.88
1.75,1.25,80.0,87,0.007254553395275407,-2679.8378647806635,-2680.3926612073346,-2680.4152407931865,3.0569337394278335,"A""",0.7420790799298095,1.9330933066167992,0.9465,ok,421.72
1.75,1.2,130.0,87,0.008163513566401354,-2679.859350490052,-2680.4053096585494,-2680.4263357441378,2.666576918291935,"A""",0.7042638549215651,2.9564240181295243,0.9471,ok,476.23
1.75,1.2,115.0,87,0.007290133418253158,-2679.87113649192,-2680.4180298084557,-2680.439121929007,2.984989621111333,"A""",0.8493146805448931,2.641349802764975,0.9483,ok,489.3
1.75,1.2,135.0,87,0.00856048621633737,-2679.853566653286,-2680.399235522356,-2680.420247524988,2.5315424450479727,"A""",0.6311999140632909,3.0443625051817667,0.9466,ok,456.43
1.75,1.25,130.0,87,0.008807810318748546,-2679.846507239983,-2680.3945566082166,-2680.4160241293043,2.5619139579889514,"A""",0.70331261554764,2.7188868016575354,0.9447,ok,296.24
1.75,1.25,95.0,87,0.007004868075324405,-2679.8559392492243,-2680.407387510344,-2680.429210924659,3.1051082894490754,"A""",0.8551067227975439,1.938610693194824,0.9473,ok,457.21
1.75,1.25,90.0,87,0.006983313892605778,-2679.851487337904,-2680.4039084488536,-2680.4259144998814,3.108751420401959,"A""",0.8257706204463723,1.892912590851578,0.9472,ok,462.37
1.75,1.25,85.0,87,0.007057133252727615,-2679.8454283622978,-2680.3989739465937,-2680.4212273176163,3.092929495167377,"A""",0.787345383124636,1.8863550732232715,0.9469,ok,467.87
1.75,1.25,105.0,87,0.0072510029086396,-2679.8600426755334,-2680.410004655998,-2680.431603176635,3.0406892691624563,"A""",0.8796875269397703,2.1081525428864523,0.9471,ok,446.09
1.75,1.25,110.0,87,0.007453566668587267,-2679.85983200746,-2680.4092554683652,-2680.430791671671,2.980254093301992,"A""",0.8725154101374288,2.218485480819726,0.9468,ok,442.0
1.8,0.8,75.0,87,0.006060657545737695,-2679.8515872548764,-2680.3925458816766,-2680.4127283563244,2.9556553599312534,"A""",0.9511324951397778,3.5749662847110835,0.9505,ok,382.21
1.75,1.25,115.0,87,0.007705573935894913,-2679.858249410883,-2680.407241642271,-2680.4287392781634,2.901386258963993,"A""",0.8513430046410531,2.339161774705775,0.9464,ok,498.8
1.75,1.25,125.0,87,0.008374935097457981,-2679.8514541777336,-2680.399790808523,-2680.4212597580517,2.691092545964162,"A""",0.7662712085012489,2.5939406747698697,0.9453,ok,448.32
1.8,0.8,125.0,87,0.005949700116157153,-2679.8749859916506,-2680.4095007198366,-2680.428593213358,2.9358098648651687,"A""",0.6365647283890036,3.3923291668842763,0.9519,ok,258.58
1.8,0.8,80.0,87,0.0059805286652810825,-2679.8620047149916,-2680.401675650892,-2680.4216570973613,3.015993571597107,"A""",0.9429222600263578,3.563656718704602,0.9507,ok,407.83
1.75,1.25,120.0,87,0.008010281498995584,-2679.85541411464,-2680.404054296037,-2680.425531345891,2.8046860713589665,"A""",0.8158698325409282,2.4657993574417896,0.9459,ok,494.57
1.8,0.8,85.0,87,0.0059132383847313175,-2679.8702439007197,-2680.4087773761903,-2680.428580368218,3.064301573877841,"A""",0.9295813875424898,3.550816066079967,0.9509,ok,412.61
1.8,0.8,105.0,87,0.005785716482466697,-2679.8844180907154,-2680.419882167227,-2680.4391937078494,3.120126016872676,"A""",0.8279932845092183,3.4811528486252525,0.9516,ok,375.14
1.8,0.8,90.0,87,0.005858879927974974,-2679.8764648497636,-2680.4140105865404,-2680.433658307617,3.099681708179765,"A""",0.911500172941435,3.5360998050000676,0.9511,ok,406.5
1.8,0.8,100.0,87,0.005793727328912539,-2679.883419137244,-2680.4194327574473,-2680.438836336323,3.1282565254155497,"A""",0.8609792555516833,3.5010675300911016,0.9515,ok,407.73
1.8,0.8,95.0,87,0.005818580074386583,-2679.8808116167547,-2680.4175180182096,-2680.4370330536653,3.1212546410244055,"A""",0.8887023564143504,3.5194667888312194,0.9513,ok,414.36
1.8,0.8,115.0,87,0.005825926632701329,-2679.882113262522,-2680.416879708428,-2680.436056849036,3.0576615421663305,"A""",0.7447141046435882,3.437953481779308,0.9518,ok,367.45
1.8,0.85,115.0,87,0.005920972093835981,-2679.9020182051495,-2680.438175636646,-2680.4575940801583,3.0312731875911187,"A""",0.7539728328077319,3.4217136550962466,0.9514,ok,253.66
1.8,0.8,110.0,87,0.00579605205604205,-2679.883938581538,-2680.4189902504813,-2680.4382270761485,3.0965778226587384,"A""",0.789358667987734,3.460013866156428,0.9517,ok,405.73
1.8,0.8,120.0,87,0.00587673069998482,-2679.8790802406406,-2680.4136739923842,-2680.4328039350567,3.0037962742084745,"A""",0.6938054042284069,3.4152814391754425,0.9519,ok,420.38
1.8,0.8,130.0,87,0.0060451006440588335,-2679.869988626192,-2680.4044953036027,-2680.423556857924,2.854949725940292,"A""",0.5732175942405363,3.3694655728322185,0.952,ok,410.52
1.8,0.8,135.0,87,0.006161436553267196,-2679.864261875128,-2680.3988066770753,-2680.417839978866,2.7629178584698693,"A""",0.5043835964158772,3.3471106852428063,0.952,ok,415.74
1.8,0.85,110.0,87,0.005884568609501049,-2679.9038727062702,-2680.4403419493788,-2680.4598218114697,3.073620095928029,"A""",0.7960114525537223,3.444235934063965,0.9514,ok,388.69
1.8,0.85,85.0,87,0.00599439851096615,-2679.890304145832,-2680.430391989953,-2680.450466620275,3.0613329204253925,"A""",0.9177319997027553,3.536478062028972,0.9506,ok,417.68
1.8,0.85,105.0,87,0.005869332828304171,-2679.9043782442195,-2680.441285289574,-2680.460842514032,3.100709517184366,"A""",0.8315686788804271,3.465879844866156,0.9513,ok,408.62
1.8,0.85,80.0,87,0.006066691066396558,-2679.882099518091,-2680.423354556052,-2680.443619553039,3.0179164862642245,"A""",0.9270026582548531,3.548998373628193,0.9504,ok,433.72
1.8,0.85,75.0,87,0.006155520462222824,-2679.87172453115,-2680.4142936483718,-2680.434773801242,2.9627630090571335,"A""",0.9313748431947662,3.559858256545511,0.9501,ok,439.86
1.8,0.85,135.0,87,0.0062985790535998116,-2679.8839928599286,-2680.4197849134134,-2680.439057443421,2.7228262957988525,"A""",0.5181670121248728,3.330470333770294,0.9515,ok,367.79
1.8,0.85,90.0,87,0.005937678733482741,-2679.896496945529,-2680.435567011887,-2680.4554768761636,3.0921554534009705,"A""",0.9037738379933403,3.521837911835732,0.9508,ok,443.65
1.8,0.85,95.0,87,0.005897170783298905,-2679.9008191827156,-2680.4390211841474,-2680.4587911028802,3.1094964781616765,"A""",0.8849986313485453,3.5050329269163707,0.951,ok,449.52
1.8,0.9,95.0,87,0.005991144928395449,-2679.910504923465,-2680.450316649222,-2680.4703547007343,3.0956159299598958,"A""",0.8812452225550451,3.488469639027063,0.9507,ok,287.58
1.8,0.85,100.0,87,0.005873995155264968,-2679.903403325826,-2680.4408855732,-2680.4605386725616,3.1125531563820474,"A""",0.8610753369649246,3.4862699008308526,0.9512,ok,454.59
1.8,0.85,125.0,87,0.006062552328535493,-2679.894818206383,-2680.430661550907,-2680.4499938199842,2.9026707549805666,"A""",0.6493627023081974,3.3755252538607046,0.9515,ok,416.36
1.8,0.85,120.0,87,0.0059798934879728306,-2679.898951659879,-2680.4349072362234,-2680.4542774811252,2.9740336576153554,"A""",0.7051310894330655,3.398683923107478,0.9515,ok,421.03
1.8,0.85,130.0,87,0.006169307577498228,-2679.889774503741,-2680.4255717159945,-2680.444872777864,2.818382220637858,"A""",0.5868447338939933,3.3526405472873346,0.9515,ok,421.84
1.8,0.9,75.0,87,0.006270264153045817,-2679.881708186444,-2680.4259917556137,-2680.446787833691,2.9659091286940122,"A""",0.910182682477654,3.5419760683253356,0.9497,ok,416.72
1.8,0.9,80.0,87,0.006168688662481976,-2679.8919679337773,-2680.4349152344826,-2680.455479847929,3.016634965361871,"A""",0.9099246056658329,3.531768964205471,0.95,ok,419.21
1.8,0.95,75.0,87,0.006406519183441651,-2679.8844434772705,-2680.4305143176766,-2680.451643399833,2.964643948489881,"A""",0.8877292371013462,3.520451217484122,0.9493,ok,278.5
1.8,0.9,90.0,87,0.0060307025979740555,-2679.9062254439264,-2680.446932343797,-2680.467118007126,3.082296761397395,"A""",0.8956266910629044,3.505347164329808,0.9505,ok,409.41
1.8,0.9,110.0,87,0.00599616200426017,-2679.9134690043993,-2680.4514741002185,-2680.4712107125565,3.0485280481133725,"A""",0.803501570791581,3.426523044582734,0.951,ok,381.85
1.8,0.9,85.0,87,0.006089769298546732,-2679.9000907164705,-2680.441843606246,-2680.4622044261982,3.0556834386653384,"A""",0.9050798163331458,3.519764063066873,0.9503,ok,462.35
1.8,0.9,100.0,87,0.00597162258120484,-2679.9130554030335,-2680.4521219426074,-2680.472037751419,3.0948217504890803,"A""",0.8614602728775669,3.4694123407433435,0.9508,ok,421.19
1.8,0.9,115.0,87,0.006042710869128214,-2679.9115871353874,-2680.449254735419,-2680.4689286732123,3.0025681192061175,"A""",0.7642750628018811,3.4036207781335945,0.951,ok,385.25
1.8,0.9,120.0,87,0.0061137331503907395,-2679.908490709532,-2680.4459276264424,-2680.465552881186,2.9416911852354066,"A""",0.7176636879059289,3.3803370266791943,0.9511,ok,379.94
1.8,0.9,130.0,87,0.006333968084821161,-2679.899237703599,-2680.436443621609,-2680.4560000019424,2.7784990319320775,"A""",0.6018631204715376,3.3343431670436874,0.951,ok,376.91
1.8,0.9,105.0,87,0.005972964737406267,-2679.914001495076,-2680.452468592667,-2680.4722848653464,3.0792577540123496,"A""",0.8357291527807408,3.4486065199865643,0.9509,ok,451.38
1.8,0.9,135.0,87,0.006482047733050364,-2679.8934057876904,-2680.430561046839,-2680.450089082252,2.6789569241426836,"A""",0.5333560357454545,3.312526935084884,0.951,ok,384.8
1.8,0.9,125.0,87,0.006210658833189277,-2679.904322741144,-2680.441613961803,-2680.461201276002,2.8666171913828307,"A""",0.6634843066014958,3.3570992608575523,0.9511,ok,413.67
1.8,0.95,80.0,87,0.006287015673516732,-2679.8945193185814,-2680.4392372726934,-2680.4601164201777,3.011823635987739,"A""",0.8918363302120791,3.5108415654082585,0.9496,ok,449.87
1.8,1.0,75.0,87,0.0065661707176498845,-2679.882031266507,-2680.429937036718,-2680.4514153440477,2.9584414007190647,"A""",0.8642133194936346,3.4924457350595253,0.9488,ok,291.3
1.8,0.95,85.0,87,0.0061993718972312905,-2679.9025178073266,-2680.4460178445843,-2680.466678378726,3.047102699549587,"A""",0.8917483319720205,3.499355532472655,0.9499,ok,472.58
1.8,0.95,125.0,87,0.006399249912583972,-2679.9064339600795,-2680.4452714273025,-2680.4651298782337,2.827383664171677,"A""",0.6788354176140997,3.335812795962729,0.9505,ok,372.86
1.8,0.95,90.0,87,0.006137976673660559,-2679.908569056913,-2680.450997848532,-2680.4714721387845,3.069896997622663,"A""",0.8871580574124065,3.4851719899870335,0.9501,ok,463.26
1.8,0.95,100.0,87,0.00608748439578676,-2679.9153009428474,-2680.456042032189,-2680.4762334007874,3.0748781841424333,"A""",0.8621826841909602,3.448921440731715,0.9504,ok,423.21
1.8,0.95,95.0,87,0.006100850279213572,-2679.912791359452,-2680.454300549739,-2680.474619392257,3.079424048396411,"A""",0.8775165968901593,3.4682371865568697,0.9503,ok,456.42
1.8,0.95,120.0,87,0.006282411179092228,-2679.910630386791,-2680.4496463025334,-2680.4695419013788,2.906527872254913,"A""",0.7313377815836899,3.3588947090948578,0.9506,ok,404.21
1.8,1.0,110.0,87,0.0062981483833262275,-2679.912567879404,-2680.453911655828,-2680.4742042795774,2.991014523754783,"A""",0.8209372444159194,3.377177756975843,0.9501,ok,284.38
1.8,0.95,115.0,87,0.006194073158007489,-2679.9137516073765,-2680.4530257615993,-2680.4729697687994,2.971325965125051,"A""",0.7755855156184072,3.382234607776258,0.9506,ok,413.42
1.8,0.95,105.0,87,0.006098050370673102,-2679.916215829269,-2680.4563355677615,-2680.476424174531,3.055581481285198,"A""",0.840496558530216,3.4277703878726906,0.9505,ok,435.63
1.8,0.95,130.0,87,0.006545682022610682,-2679.9013139572958,-2680.4400269593666,-2680.459855469232,2.735008155071948,"A""",0.6181523020166703,3.3134511224151684,0.9505,ok,406.36
1.8,0.95,135.0,87,0.006720161381317909,-2679.895437762694,-2680.4340536365667,-2680.453854621502,2.630989554260793,"A""",0.549808359802243,3.2922790399924104,0.9504,ok,408.35
1.8,0.95,110.0,87,0.00613320922560409,-2679.915657411746,-2680.455293023706,-2680.4753002645834,3.0211000862129396,"A""",0.8118217214724683,3.4053601653875423,0.9506,ok,453.88
1.8,1.0,100.0,87,0.006222728904039631,-2679.912265849426,-2680.4547527829036,-2680.4752328388317,3.052438815251619,"A""",0.863292745733252,3.4205481532376676,0.95,ok,412.15
1.8,1.0,80.0,87,0.006422399041817687,-2679.891861005134,-2680.4384043407467,-2680.4596121439104,3.0030794929227813,"A""",0.87292164567416,3.4826094899884694,0.9492,ok,456.98
1.8,1.0,85.0,87,0.006323432872883048,-2679.899698973725,-2680.445005907162,-2680.46597906653,3.0352602532577104,"A""",0.8778947529469369,3.4711085365276495,0.9495,ok,472.91
1.8,1.0,90.0,87,0.006259739004840383,-2679.9056465570307,-2680.4498611673657,-2680.470636567136,3.0546629063980277,"A""",0.878492940960711,3.456896903768483,0.9497,ok,474.0
1.8,1.0,95.0,87,0.006226876373955642,-2679.9098013294406,-2680.4530757160924,-2680.4736879692223,3.060640622845824,"A""",0.873901853423231,3.4399036037122035,0.9499,ok,472.54
1.8,1.0,105.0,87,0.00624644984041924,-2679.9131494521653,-2680.454996443667,-2680.47537125232,3.029381981706961,"A""",0.8458796335488641,3.399431488901677,0.9501,ok,426.59
1.8,1.0,120.0,87,0.006490096200395273,-2679.9075032447086,-2680.448180805854,-2680.4683634679855,2.868161900043654,"A""",0.7460231920004833,3.3315532298795896,0.95,ok,397.99
1.8,1.0,130.0,87,0.0068116251711406615,-2679.8981380646565,-2680.4384440782624,-2680.458563363875,2.687460556018052,"A""",0.6354841991681226,3.287847961239504,0.9499,ok,378.89
1.8,1.0,115.0,87,0.006378696432107736,-2679.9106429758813,-2680.4516040281233,-2680.4718338282287,2.937196510650419,"A""",0.7878228990217494,3.3543727333317084,0.9501,ok,426.29
1.8,1.0,125.0,87,0.006633999106971717,-2679.903285538565,-2680.4437537874887,-2680.46390108636,2.7845548727552885,"A""",0.6952361887921008,3.309218841991818,0.95,ok,431.21
1.8,1.05,110.0,87,0.006493938017116449,-2679.905755941678,-2680.4488774191864,-2680.469471729563,2.9577877119205445,"A""",0.8307561286409914,3.332394574249495,0.9496,ok,295.41
1.8,1.05,75.0,87,0.00675124003430557,-2679.875995143622,-2680.425766871828,-2680.4476100585243,2.9466257080561387,"A""",0.8398405817129959,3.44737873061916,0.9482,ok,440.7
1.8,1.05,80.0,87,0.006575793094201688,-2679.8855248630675,-2680.4339335018053,-2680.455483627214,2.98985394226555,"A""",0.8533928969704845,3.432901340047952,0.9487,ok,442.05
1.8,1.05,85.0,87,0.006462433759742068,-2679.8931732549922,-2680.440333547388,-2680.461632042107,3.0196846989034576,"A""",0.8637073308561023,3.418552236920229,0.949,ok,449.85
1.8,1.05,95.0,87,0.006370141212188979,-2679.9030836316297,-2680.4481800435933,-2680.4690988432926,3.038844068689538,"A""",0.8704983825536127,3.3876176455036027,0.9495,ok,444.56
1.8,1.05,90.0,87,0.006396522324932593,-2679.899002592044,-2680.4450549377757,-2680.4661440721325,3.036161858599904,"A""",0.8697791474141002,3.403573775708494,0.9493,ok,471.44
1.8,1.05,100.0,87,0.006378848799325768,-2679.9055019136854,-2680.449796063985,-2680.4705788197343,3.0270734274156674,"A""",0.8648307282881285,3.3704201269169194,0.9496,ok,477.25
1.8,1.1,80.0,87,0.006748424260866644,-2679.8766282900515,-2680.426936483229,-2680.4488424879123,2.9713410663616893,"A""",0.8334631658832656,3.2929722550030043,0.9481,ok,306.85
1.8,1.05,130.0,87,0.0071393176908766615,-2679.8912698478885,-2680.433251433314,-2680.4536827825777,2.6352301658084825,"A""",0.6534421867290935,3.253381611474504,0.9491,ok,382.45
1.8,1.05,105.0,87,0.006420330273900576,-2679.906356306114,-2680.4499961572674,-2680.470672267362,3.0002068206121155,"A""",0.8518554289863315,3.351934442850328,0.9496,ok,464.46
1.8,1.05,135.0,87,0.007397278440168974,-2679.8853277445614,-2680.4271230618087,-2680.4475313775024,2.520656713926031,"A""",0.5852064374842951,3.2360727679278747,0.9489,ok,406.23
1.8,1.05,125.0,87,0.006920868539031658,-2679.896436267355,-2680.4386149299075,-2680.4590711574297,2.7375370198839604,"A""",0.7123529851509838,3.272189838643688,0.9493,ok,419.9
1.8,1.05,120.0,87,0.00674177198666774,-2679.900667089718,-2680.443082792528,-2680.4635713503376,2.826035447652161,"A""",0.7614717136923974,3.291985445723171,0.9494,ok,429.4
1.8,1.05,115.0,87,0.006600457251385956,-2679.903818004205,-2680.4465391106137,-2680.467072265555,2.899659838839988,"A""",0.8008199151545047,3.3122357736836334,0.9495,ok,479.4
1.8,1.1,90.0,87,0.006549283565539641,-2679.889767991283,-2680.4377074124423,-2680.4591235500457,3.0137297827802634,"A""",0.861169385359228,3.2511846262649438,0.9488,ok,458.96
1.8,1.1,85.0,87,0.006617219888930092,-2679.8840657649175,-2680.4331219415017,-2680.4547587026054,2.9996619489649152,"A""",0.8493868646427052,3.2648637500281135,0.9485,ok,494.52
1.8,1.1,75.0,87,0.0069638014959656725,-2679.8674429479597,-2680.419103710936,-2680.4413271575445,2.9282536051245316,"A""",0.8147746415731641,3.3350649422317553,0.9476,ok,503.92
1.8,1.1,135.0,87,0.007855752977169225,-2679.875892848516,-2680.4194127307433,-2680.440162282257,2.4567964952754973,"A""",0.602814508586399,3.1904818334799137,0.948,ok,372.3
1.8,1.1,95.0,87,0.006532028112005383,-2679.893773131938,-2680.4407468672875,-2680.4619864308597,3.0133868244603677,"A""",0.867389648083592,3.247380408090593,0.9489,ok,489.52
1.8,1.1,100.0,87,0.006557791742221498,-2679.8961467904537,-2680.442308854818,-2680.463409814309,2.9981262365377583,"A""",0.8667959094362641,3.247434582501692,0.949,ok,479.9
1.8,1.1,110.0,87,0.006723806691788613,-2679.896362597716,-2680.4413321185652,-2680.462246616674,2.920703921067644,"A""",0.8410717856110197,3.242522379112081,0.949,ok,447.64
1.8,1.15,95.0,87,0.006714588365157222,-2679.8827051836784,-2680.431616975262,-2680.4531932557093,2.983259026858766,"A""",0.8645789847038752,2.9397271972083274,0.9483,ok,300.25
1.8,1.1,125.0,87,0.007265683195766809,-2679.887030094888,-2680.4310025945615,-2680.451790946415,2.6855129217093756,"A""",0.7295839505323126,3.213479757653863,0.9485,ok,412.73
1.8,1.1,130.0,87,0.007536343377007329,-2679.8818542812073,-2680.42559935074,-2680.4463675338698,2.5774828617199135,"A""",0.6712898352960411,3.2016792653046022,0.9482,ok,416.09
1.8,1.1,105.0,87,0.00662225996312694,-2679.8969759910688,-2680.442474387873,-2680.4634687624675,2.9673751996665443,"A""",0.85832667862377,3.2465864330356897,0.949,ok,490.91
1.8,1.1,115.0,87,0.006863056565043931,-2679.8944187735333,-2680.4389746828256,-2680.459831260023,2.857961936450666,"A""",0.814247758996834,3.2350246718523796,0.9488,ok,467.58
1.8,1.1,120.0,87,0.007042305884873835,-2679.8912649383997,-2680.4354978365614,-2680.456313924083,2.7793589597570585,"A""",0.7772204102413371,3.2249579345418473,0.9487,ok,472.46
1.8,1.15,130.0,87,0.008009902466454628,-2679.8707354624726,-2680.416343459293,-2680.437477719574,2.5131444635640734,"A""",0.6877486680652558,3.116925530175919,0.9471,ok,292.58
1.8,1.15,80.0,87,0.006941906398509379,-2679.8659893910503,-2680.4182324014764,-2680.4405081414266,2.9462925927496504,"A""",0.8132727301094838,2.962868600748499,0.9474,ok,452.72
1.8,1.15,75.0,87,0.007206114039654234,-2679.8571823864427,-2680.410753512291,-2680.433372654457,2.901924208766626,"A""",0.7890294955041925,3.043605088883942,0.9469,ok,471.18
1.8,1.15,85.0,87,0.006789153246246384,-2679.873202548473,-2680.4242001337752,-2680.446188802533,2.9740665579956085,"A""",0.8350871335557181,2.9250489778809796,0.9479,ok,464.75
1.8,1.15,105.0,87,0.006855245336634612,-2679.8858479448854,-2680.4332772254998,-2680.4546093676267,2.92986275062427,"A""",0.8650201500474887,3.0117175023938816,0.9483,ok,448.81
1.8,1.15,100.0,87,0.006762065588797091,-2679.885038292498,-2680.433135039524,-2680.4545718573986,2.964590059669195,"A""",0.8690659468646929,2.972957608994683,0.9483,ok,454.74
1.8,1.15,110.0,87,0.006991262310156389,-2679.8852284178,-2680.4321235344605,-2680.453379610813,2.8787113244564155,"A""",0.8514360691956318,3.0484286840377544,0.9482,ok,457.95
1.8,1.15,90.0,87,0.0067195859765491915,-2679.8787743749126,-2680.4286545908435,-2680.450412213904,2.986319156596053,"A""",0.8527632878432698,2.9206596536194622,0.9481,ok,498.06
1.8,1.15,115.0,87,0.007170652159835472,-2679.8832867343344,-2680.4297600671857,-2680.4509633565153,2.811023728061281,"A""",0.8274608031989393,3.077848735870208,0.948,ok,451.12
1.8,1.15,120.0,87,0.0073964598527874546,-2679.880139042665,-2680.4262769484676,-2680.447445774638,2.727035952318671,"A""",0.7924097747986842,3.098152450699508,0.9477,ok,496.89
1.8,1.15,125.0,87,0.007674418065235897,-2679.8759101247915,-2680.421769847473,-2680.4429175031737,2.62738607167456,"A""",0.7458508420749439,3.1103992093143793,0.9474,ok,495.4
1.8,1.15,135.0,87,0.008406819915732963,-2679.8647653656813,-2680.410115623512,-2680.4312378426957,2.385830964366891,"A""",0.618642707961888,3.1201023216169617,0.9467,ok,430.81
1.8,1.2,135.0,87,0.00905855038568211,-2679.8525704855942,-2680.399873629682,-2680.4214064699436,2.3065707127872375,"A""",0.6303441529847418,3.0104920462628253,0.9452,ok,296.26
1.8,1.2,75.0,87,0.007480512352719205,-2679.845803460431,-2680.4013076780993,-2680.4243384920856,2.865474454421152,"A""",0.7622257260930799,2.652329677659584,0.946,ok,482.31
1.8,1.2,90.0,87,0.006909792779345274,-2679.8666357841207,-2680.4185185938504,-2680.4406341011327,2.9522466689378843,"A""",0.8444419350091881,2.5237459738820442,0.9474,ok,467.24
1.8,1.2,80.0,87,0.007158361937670452,-2679.8542090559476,-2680.4084267894455,-2680.4310868995744,2.9127093040552365,"A""",0.7926916353744934,2.5578019923902002,0.9466,ok,495.71
1.8,1.25,100.0,87,0.007259667698223084,-2679.85987769703,-2680.4120831215146,-2680.4342572301734,2.876687957527222,"A""",0.8718758312576299,2.2429680393429625,0.9464,ok,299.87
1.8,1.2,85.0,87,0.006980330093088994,-2679.8611923987964,-2680.414183653274,-2680.43653920122,2.9410779259709994,"A""",0.8207470397290457,2.519995908648055,0.9471,ok,503.53
1.8,1.2,95.0,87,0.006920441452558787,-2679.8704971186844,-2680.4214163934093,-2680.443347716496,2.9468589143708805,"A""",0.8618094794698367,2.5570136017168457,0.9475,ok,483.62
1.8,1.2,100.0,87,0.006994792687330785,-2679.8727957535443,-2680.4229034471973,-2680.444696702525,2.924910427403776,"A""",0.8711896345297201,2.6104743293898127,0.9475,ok,472.72
1.8,1.2,115.0,87,0.007527183489308245,-2679.871043845347,-2680.419528133646,-2680.4411054926327,2.757325988016112,"A""",0.8391784386700504,2.81936759494047,0.9469,ok,447.38
1.8,1.2,130.0,87,0.008566199491389545,-2679.8585374717477,-2680.4061224270913,-2680.427657682765,2.4408906934847394,"A""",0.7006463443324048,2.9790182737803947,0.9457,ok,447.64
1.8,1.2,125.0,87,0.008152157933273492,-2679.863699576803,-2680.4115528864368,-2680.4330920411912,2.5617335126750445,"A""",0.7592411492066171,2.93726614082868,0.9461,ok,484.46
1.8,1.2,110.0,87,0.007299955401776392,-2679.8729747594507,-2680.4218833609234,-2680.4435060993724,2.8302779952340607,"A""",0.8608784390501194,2.7483419630597754,0.9472,ok,502.3
1.8,1.2,120.0,87,0.007808802502781664,-2679.867911941989,-2680.4160544332763,-2680.4376056989536,2.6675801348725727,"A""",0.8054355946235618,2.883688099198265,0.9465,ok,496.39
1.8,1.25,75.0,87,0.007790823741185772,-2679.8337369564474,-2680.391199682216,-2680.4146592793036,2.8155071615849194,"A""",0.7330319951427832,2.2656594337325027,0.945,ok,484.28
1.8,1.25,80.0,87,0.0074009578592671614,-2679.841729116702,-2680.397967726843,-2680.421028376873,2.8673347772244995,"A""",0.7708192837303018,2.1627605928283247,0.9456,ok,484.79
1.8,1.2,105.0,87,0.007122692909395593,-2679.873592730023,-2680.4230351468486,-2680.4447278853418,2.886131198488928,"A""",0.871244838139682,2.6765263169448303,0.9474,ok,515.25
1.8,1.25,85.0,87,0.007193874410935322,-2679.848484805647,-2680.403530351941,-2680.4262698739235,2.897703796199812,"A""",0.8056273163873869,2.1251095522091927,0.9461,ok,489.62
1.8,1.25,90.0,87,0.0071232694020591835,-2679.8538064794393,-2680.4077632231733,-2680.430255800947,2.9087741935165314,"A""",0.8354136227654971,2.134388657923167,0.9463,ok,492.55
1.8,1.25,95.0,87,0.00715333048405862,-2679.8576059549778,-2680.410612562493,-2680.432920704522,2.9016496009334536,"A""",0.8580902918568423,2.176943592057299,0.9464,ok,484.95
1.8,1.25,105.0,87,0.0074282390981913705,-2679.860669658984,-2680.412218218289,-2680.434298619838,2.8338883543718754,"A""",0.8753347407841351,2.3252593933228187,0.9462,ok,462.37
1.85,0.8,100.0,87,0.005989972186577892,-2679.881783521212,-2680.4192482926574,-2680.4391154041914,2.8522370793465432,"A""",0.8384931730351379,3.155081076700205,0.9491,ok,256.27
1.8,1.25,110.0,87,0.007653390849714396,-2679.8600613617664,-2680.4110823880487,-2680.4331014912614,2.773209743501281,"A""",0.8673063526086954,2.418033714766378,0.9458,ok,466.58
1.8,1.25,115.0,87,0.0079360949078427,-2679.858150135683,-2680.408750484813,-2680.4307343104842,2.694786553362358,"A""",0.846859513046663,2.515989985587211,0.9454,ok,452.21
1.85,0.8,80.0,87,0.006158413400457461,-2679.8632979867175,-2680.4043010176915,-2680.424741600548,2.750549881909874,"A""",0.9274417067284946,3.216916734747186,0.9483,ok,376.74
1.85,0.8,75.0,87,0.006235039872505942,-2679.853952191979,-2680.3962013155974,-2680.4168437823882,2.6916737528971155,"A""",0.9400555705185991,3.2293006755421385,0.9481,ok,410.31
1.8,1.25,120.0,87,0.00828213340889278,-2679.855043969333,-2680.405303024151,-2680.4272719748583,2.5990523984406733,"A""",0.8133282595812095,2.613758783572482,0.945,ok,456.64
1.8,1.25,125.0,87,0.008702490011246528,-2679.8508592088374,-2680.400826099495,-2680.422795138433,2.486801570161695,"A""",0.7664274687603719,2.7059490470757144,0.9444,ok,458.13
1.85,0.8,120.0,87,0.006142732296486008,-2679.875898473626,-2680.4120410740534,-2680.4316576352885,2.7129873124275736,"A""",0.677532461808241,3.0736304137598176,0.9495,ok,258.34
1.8,1.25,130.0,87,0.00920950324899311,-2679.845721705602,-2680.395413005484,-2680.417391230014,2.3592008799713513,"A""",0.7064183996374841,2.7879619992056353,0.9438,ok,464.93
1.85,0.8,85.0,87,0.006094491204981047,-2679.8706224885223,-2680.4105222224007,-2680.4307841491936,2.796843272162667,"A""",0.9107790600636199,3.2035966849287263,0.9485,ok,416.68
1.85,0.8,95.0,87,0.006008276729301453,-2679.8797429257384,-2680.4178733792373,-2680.437849388013,2.848428922161536,"A""",0.8664565293509184,3.172732220238955,0.9489,ok,391.74
1.85,0.8,90.0,87,0.006043853383631859,-2679.876062319596,-2680.4150042096226,-2680.4351114266938,2.8297357432702537,"A""",0.8904574834853152,3.1889168405927566,0.9487,ok,411.13
1.85,0.8,110.0,87,0.006015373658634866,-2679.8814114790016,-2680.4179666105133,-2680.437675851939,2.813494944708593,"A""",0.7688447458494415,3.1160343221593685,0.9493,ok,386.59
1.85,0.8,105.0,87,0.005991489278448069,-2679.8823007261226,-2680.419242541029,-2680.439021395795,2.8406690163090547,"A""",0.8061274810325889,3.136111298339239,0.9492,ok,409.79
1.85,0.8,125.0,87,0.0062528609325163175,-2679.8715334018407,-2680.4076140679654,-2680.427201944854,2.6408470162738826,"A""",0.6227927864039607,3.0519675772974617,0.9495,ok,402.03
1.85,0.8,115.0,87,0.006064681894177207,-2679.8792356333374,-2680.4155295759265,-2680.435185577223,2.7707947073154493,"A""",0.7261266367198692,3.0951064627657217,0.9494,ok,420.3
1.85,0.85,135.0,87,0.006731142767485212,-2679.8801767044547,-2680.4175764999513,-2680.437370822215,2.4237466225643427,"A""",0.5092552868206699,2.999021940792155,0.949,ok,257.55
1.85,0.85,75.0,87,0.0063271150786689805,-2679.8741455964723,-2680.4180069717063,-2680.4389477028217,2.6985852658887035,"A""",0.924964667362379,3.218790031406413,0.9478,ok,379.95
1.85,0.8,135.0,87,0.006578409338822732,-2679.8603146515275,-2680.3964391101367,-2680.415985996539,2.458533078686215,"A""",0.4953484795815963,3.009891848467237,0.9495,ok,386.06
1.85,0.85,80.0,87,0.006242056045502365,-2679.883455743442,-2680.426050815568,-2680.4467771839045,2.7527162142566444,"A""",0.9157231018020605,3.206393262956998,0.948,ok,373.63
1.85,0.8,130.0,87,0.006397817948475344,-2679.8662852509,-2680.402368936573,-2680.4219351498646,2.555516848551099,"A""",0.5619225375669219,3.0305508910745136,0.9495,ok,411.68
1.85,0.85,85.0,87,0.006173731569757051,-2679.8907519322024,-2680.4322183677123,-2680.4527553587864,2.794567762577991,"A""",0.9025959089246492,3.1931193744350272,0.9483,ok,395.37
1.85,0.85,90.0,87,0.006121411623608401,-2679.8961689587436,-2680.4366506884626,-2680.457024293556,2.823357738873748,"A""",0.8858416471162086,3.178408607246784,0.9485,ok,395.06
1.85,0.85,95.0,87,0.00608629029729475,-2679.899829814517,-2680.4394736681356,-2680.4597093497196,2.8382768896267523,"A""",0.8653215409558603,3.1620800815128867,0.9486,ok,414.43
1.85,0.9,105.0,87,0.006180482850884348,-2679.912047574266,-2680.4520357746233,-2680.4723306315036,2.805216067482813,"A""",0.8169106495602714,3.112921774544882,0.9486,ok,256.12
1.85,0.85,105.0,87,0.00607584452688428,-2679.902349792789,-2680.4407551203767,-2680.460785071711,2.823779601660711,"A""",0.8113130356314271,3.124945893035405,0.9489,ok,409.94
1.85,0.85,100.0,87,0.006070330532071334,-2679.9018517005675,-2680.4408045168143,-2680.4609262987756,2.8385995357968796,"A""",0.8406529463506236,3.1441938297805603,0.9488,ok,418.4
1.85,0.85,110.0,87,0.006105719328410476,-2679.901439931218,-2680.439434011518,-2680.4593919516255,2.7935270870329965,"A""",0.7767134920679859,3.1046042309700574,0.949,ok,425.5
1.85,0.85,130.0,87,0.006532562177184877,-2679.886193679991,-2680.4235938055003,-2680.4434069350627,2.5237965849449497,"A""",0.5757897564053712,3.0191991024727542,0.9491,ok,377.8
1.85,0.85,115.0,87,0.006162665831999093,-2679.899240954121,-2680.43694804344,-2680.456851305072,2.74786180594739,"A""",0.7362683780292386,3.0834805060381707,0.949,ok,423.7
1.85,0.9,80.0,87,0.0063413576211534895,-2679.8933559508237,-2680.437654508355,-2680.458683402716,2.752215849304171,"A""",0.9026847536191872,3.1942606709735126,0.9477,ok,374.24
1.85,0.9,75.0,87,0.006439361457281878,-2679.8841451927083,-2680.4297257331928,-2680.450983588889,2.7021981429679682,"A""",0.9082473347259057,3.2064549115354266,0.9474,ok,378.91
1.85,0.9,85.0,87,0.00626691937311276,-2679.9005825981676,-2680.443729736419,-2680.464557021555,2.7900612433678957,"A""",0.893460727403675,3.1812577734329412,0.9479,ok,377.38
1.85,0.85,120.0,87,0.006250466798401442,-2679.8958770051267,-2680.43340441337,-2680.4532675807586,2.6871441077922484,"A""",0.6894715219429192,3.061926526280051,0.9491,ok,417.97
1.85,0.85,125.0,87,0.006372719277688061,-2679.8914801410388,-2680.4289136202065,-2680.4487480550733,2.6120921432645976,"A""",0.6359915828185053,3.040344810224314,0.9491,ok,412.21
1.85,0.9,95.0,87,0.006179622842209948,-2679.909576757315,-2680.450851048625,-2680.4713602233332,2.8263631587539093,"A""",0.8639799644957581,3.1503780443795244,0.9483,ok,372.98
1.85,0.9,100.0,87,0.00616812698958328,-2679.9115717566933,-2680.452130872469,-2680.4725210144466,2.8232849840123535,"A""",0.8429358820092476,3.1323642812396892,0.9485,ok,378.95
1.85,0.9,90.0,87,0.006213001105718628,-2679.9059510037014,-2680.4480882548874,-2680.468742541671,2.815039710361457,"A""",0.8806553131527889,3.1667056237107336,0.9481,ok,417.06
1.85,0.9,110.0,87,0.006219470145538922,-2679.9111175187304,-2680.4506708408844,-2680.470891582723,2.7718140803553193,"A""",0.7852416954698064,3.0923878785231134,0.9486,ok,376.39
1.85,0.9,120.0,87,0.0063899728337965065,-2679.9055123770318,-2680.4445457948477,-2680.464670631826,2.6592133796749873,"A""",0.7024464920054809,3.0495869680086294,0.9487,ok,389.97
1.85,0.95,85.0,87,0.006374040943712979,-2679.9030329073234,-2680.4479458805613,-2680.469077621226,2.78320311817903,"A""",0.8834597020688496,3.1677068465161344,0.9476,ok,275.18
1.85,0.9,115.0,87,0.006288041512101636,-2679.9088983884426,-2680.448139576562,-2680.468304638825,2.723044254086551,"A""",0.7472773879805824,3.071139960811305,0.9487,ok,425.57
1.85,0.9,125.0,87,0.006529368654765223,-2679.901089488937,-2680.439996669486,-2680.4600932955245,2.580988396317646,"A""",0.6503546082401387,3.0281768563566343,0.9486,ok,407.76
1.85,0.9,130.0,87,0.006709876922333558,-2679.895770889884,-2680.4346072822555,-2680.454683534931,2.489412822846117,"A""",0.5909056659068752,3.0074065164787034,0.9486,ok,373.4
1.85,0.95,130.0,87,0.006935846254288832,-2679.8979523061184,-2680.4383245079894,-2680.4586809080683,2.452232769189064,"A""",0.607166832133601,2.994715240326937,0.9481,ok,248.36
1.85,0.9,135.0,87,0.006933164451598983,-2679.889713487513,-2680.42850636438,-2680.448564870106,2.3859339647274846,"A""",0.524446161551952,2.9878295092494245,0.9485,ok,408.58
1.85,0.95,90.0,87,0.006318532307746876,-2679.908330377539,-2680.4522110328708,-2680.4731593948527,2.804693706846339,"A""",0.8749638757200403,3.1534552600524206,0.9478,ok,377.79
1.85,0.95,75.0,87,0.006573903723309818,-2679.886862898228,-2680.4342381567053,-2680.4558308401997,2.7022276726975503,"A""",0.8900422144103285,3.1921385147510724,0.947,ok,402.19
1.85,0.95,95.0,87,0.006288460656548496,-2679.9119086559112,-2680.454903616626,-2680.4756994153868,2.812614953094969,"A""",0.8624769836907636,3.1372302483004684,0.948,ok,386.94
1.85,0.95,105.0,87,0.006306737801628645,-2679.9143232717597,-2680.455988713561,-2680.4765620616063,2.784907042737415,"A""",0.8229226756953724,3.099572559747508,0.9482,ok,384.03
1.85,0.95,110.0,87,0.006358772500881098,-2679.913374975928,-2680.454583697492,-2680.4750813673045,2.748276791032711,"A""",0.7944103799828719,3.0788963181712274,0.9482,ok,408.35
1.85,0.95,80.0,87,0.006456944843564191,-2679.895913377146,-2680.441996845628,-2680.4633438460523,2.748867985874717,"A""",0.8884364591904768,3.180272335533088,0.9473,ok,442.48
1.85,0.95,115.0,87,0.006443711892402921,-2679.911139956387,-2680.4520129163507,-2680.4724545655176,2.6962519074077957,"A""",0.7591120403416703,3.057585279328857,0.9482,ok,411.3
1.85,0.95,120.0,87,0.006565010208674114,-2679.907737760645,-2680.4483760010357,-2680.46877802326,2.6290916793790973,"A""",0.7163937802659915,3.0361139111815545,0.9482,ok,413.12
1.85,0.95,135.0,87,0.007192108990399269,-2679.8918616015076,-2680.432146306692,-2680.4524867289438,2.344947633596487,"A""",0.5408028658987929,2.9758922909166587,0.948,ok,408.99
1.85,0.95,125.0,87,0.00672762239017509,-2679.903295736706,-2680.443776099802,-2680.464151191999,2.5474176632430363,"A""",0.6657974190072752,3.0149802372281753,0.9481,ok,416.88
1.85,1.0,100.0,87,0.006419040782843543,-2679.9108766106665,-2680.4549060023483,-2680.4758727093263,2.7872921040849463,"A""",0.8479762618639539,3.1035530162055003,0.9477,ok,381.63
1.85,1.0,105.0,87,0.006456029665236041,-2679.911305914905,-2680.454724451606,-2680.4755903161113,2.762713279095668,"A""",0.8293487983543452,3.0838658681113063,0.9478,ok,392.07
1.85,1.0,85.0,87,0.006495360961498021,-2679.900220254047,-2680.4469615121825,-2680.4684112188957,2.773836863080794,"A""",0.8727188469895815,3.1515752317484442,0.9472,ok,422.77
1.85,1.0,95.0,87,0.006413222620527238,-2679.9089502950565,-2680.45373569478,-2680.4748311070357,2.796909218284643,"A""",0.8608769913328705,3.1216419438794274,0.9476,ok,420.96
1.85,1.0,120.0,87,0.006779554468866378,-2679.9046855754254,-2680.447011806541,-2680.467707725251,2.596579574083267,"A""",0.7312065373711403,3.0205501007811106,0.9477,ok,376.52
1.85,1.0,75.0,87,0.006733390636523116,-2679.88440623184,-2680.4336263539863,-2680.4555707346653,2.698362510724829,"A""",0.8705343316487747,3.175195120389784,0.9466,ok,454.68
1.85,1.0,115.0,87,0.006632423037283332,-2679.9080971398143,-2680.4506828974922,-2680.471416875545,2.667307813391576,"A""",0.771702086888235,3.041816467541417,0.9478,ok,409.39
1.85,1.0,125.0,87,0.006972542833568227,-2679.9002321923026,-2680.4423707274245,-2680.463041971653,2.51115806441155,"A""",0.6821756254718615,2.999856606595906,0.9476,ok,372.8
1.85,1.0,110.0,87,0.006526068728729582,-2679.9103426976844,-2680.4532853958713,-2680.474074827047,2.7227587152762647,"A""",0.8041841459567362,3.0631046103331765,0.9478,ok,418.53
1.85,1.05,85.0,87,0.006631469392244785,-2679.893687034152,-2680.4423053421474,-2680.464086279206,2.7617383444370627,"A""",0.8614080819894013,3.1303376279564574,0.9468,ok,293.8
1.85,1.0,80.0,87,0.00658982510770855,-2679.893240510236,-2680.4411663655396,-2680.4628462520523,2.742461194692257,"A""",0.8731347379661382,3.1636287001050207,0.9469,ok,455.43
1.85,1.0,90.0,87,0.006438152311367871,-2679.9054286235396,-2680.4511190386283,-2680.4723744514095,2.7921890926522366,"A""",0.8688628051067911,3.1377052860582832,0.9474,ok,451.73
1.85,1.05,105.0,87,0.006630218145795475,-2679.9045499306467,-2680.449787814549,-2680.47096127793,2.738404650710033,"A""",0.8361756321908025,3.063379428291763,0.9473,ok,264.55
1.85,1.0,130.0,87,0.007216856116773378,-2679.8948721604693,-2680.436866599881,-2680.4575217941306,2.4120129572853846,"A""",0.6243927856057101,2.9802993796768114,0.9475,ok,417.65
1.85,1.05,75.0,87,0.006920871241187718,-2679.8783051400374,-2680.429403432537,-2680.451715845566,2.690225268999173,"A""",0.8499487564322689,3.1536822277707177,0.9461,ok,414.03
1.85,1.05,80.0,87,0.006741381019989264,-2679.886873936195,-2680.436684544526,-2680.4587116372195,2.732717769685046,"A""",0.8569843293951881,3.1420107324969955,0.9465,ok,449.63
1.85,1.05,100.0,87,0.0065742823698526085,-2679.904141342687,-2680.450004759823,-2680.4712805554464,2.7662762967076544,"A""",0.8508025314859632,3.0830141186242632,0.9473,ok,417.16
1.85,1.05,110.0,87,0.006723765535573132,-2679.903576360765,-2680.4483230140777,-2680.4694204387947,2.695006651908246,"A""",0.8144957588986165,3.042736445561103,0.9473,ok,384.89
1.85,1.05,95.0,87,0.00655462994112948,-2679.90225198136,-2680.4488861624704,-2680.4702945731065,2.7790467994065153,"A""",0.85926380465995,3.101009789118095,0.9472,ok,465.98
1.85,1.05,115.0,87,0.006857682753850083,-2679.9013265688072,-2680.4456982742727,-2680.4667419549337,2.63592726654442,"A""",0.7849247697097382,3.0217290827811043,0.9472,ok,376.96
1.85,1.05,90.0,87,0.00657231379278812,-2679.8987926916825,-2680.4463467446662,-2680.467922240101,2.7773243541631474,"A""",0.8624807816431834,3.116847296293182,0.947,ok,480.52
1.85,1.05,130.0,87,0.007559377457827778,-2679.888089523622,-2680.4317884367374,-2680.452763461784,2.3683898160052657,"A""",0.6422702945978985,2.9626459763288477,0.9468,ok,373.94
1.85,1.05,125.0,87,0.007269265584054543,-2679.893457073936,-2680.4373330877743,-2680.458320293018,2.47186893847132,"A""",0.6992402478255844,2.981089513383251,0.947,ok,384.35
1.85,1.05,120.0,87,0.007037703071758803,-2679.897913258344,-2680.442003761727,-2680.4630121657283,2.5613633228812245,"A""",0.7467005186851591,3.0009798099208225,0.9471,ok,398.39
1.85,1.05,135.0,87,0.007913286119305172,-2679.8819575537227,-2680.4254853182238,-2680.4464510028524,2.252281129301391,"A""",0.5760093997541721,2.9462408264425517,0.9466,ok,401.64
1.85,1.15,80.0,87,0.007108064928977774,-2679.8672461069646,-2680.42093605223,-2680.4437003907824,2.7013991801375212,"A""",0.8231206072841105,3.026914210945558,0.9454,ok,301.59
1.85,1.15,95.0,87,0.006892478261063227,-2679.881879651687,-2680.432384710283,-2680.454463528134,2.735382190631202,"A""",0.8563724485395812,2.9888331918301843,0.9462,ok,303.85
1.85,1.1,115.0,87,0.007122996161061672,-2679.8919700271254,-2680.4382016885097,-2680.45957468681,2.601680052966704,"A""",0.7985614362866849,2.9924775631219678,0.9466,ok,363.11
1.85,1.1,120.0,87,0.00734331206996631,-2679.8885633229875,-2680.4344961471033,-2680.455838142175,2.5229805952565334,"A""",0.7625565693717233,2.973287649495506,0.9464,ok,357.78
1.85,1.1,75.0,87,0.007139624739085749,-2679.8696733256024,-2680.42267500571,-2680.445371525146,2.6773106909299327,"A""",0.8285280446869646,3.1213086178921414,0.9456,ok,486.32
1.85,1.1,135.0,87,0.008391865181253072,-2679.8726105298356,-2680.417893380552,-2680.4392087094,2.1997081556164044,"A""",0.5938628679879393,2.924847888153107,0.9457,ok,367.39
1.85,1.1,100.0,87,0.006751376548693181,-2679.8948034573796,-2680.4425620253264,-2680.464162325767,2.7428417806153393,"A""",0.8538742449638093,3.0502138392648908,0.9468,ok,415.93
1.85,1.1,85.0,87,0.006783381331068778,-2679.8845611985653,-2680.4351009915117,-2680.457226607085,2.746564938036208,"A""",0.8497376573908516,3.095526892771628,0.9463,ok,462.57
1.85,1.1,80.0,87,0.006913397882672593,-2679.877935232867,-2680.4296669720075,-2680.4520554677,2.719236179639914,"A""",0.8402288199308273,3.1076820235805536,0.946,ok,480.78
1.85,1.1,105.0,87,0.006831431947877162,-2679.895195159564,-2680.442318063769,-2680.463815854668,2.711618674530441,"A""",0.8433579876145394,3.031626139797688,0.9468,ok,432.88
1.85,1.1,95.0,87,0.006713821563409567,-2679.8929497099534,-2680.4414888836927,-2680.463224599609,2.758707975954038,"A""",0.8577345300045002,3.0672734582052357,0.9467,ok,467.81
1.85,1.1,125.0,87,0.00762278781952794,-2679.8841136427804,-2680.429809382956,-2680.451135185531,2.4290623795101225,"A""",0.7165646259540346,2.9552198947990362,0.9462,ok,420.72
1.85,1.1,130.0,87,0.007969703954909372,-2679.878748502284,-2680.424238545051,-2680.445557617506,2.3208591955166233,"A""",0.6602661016121051,2.9388782328066676,0.946,ok,417.09
1.85,1.1,90.0,87,0.0067218894347500675,-2679.889555252395,-2680.439023696826,-2680.460932834015,2.759779552006604,"A""",0.8559758980406431,3.082367555719822,0.9466,ok,473.04
1.85,1.1,110.0,87,0.006954261636356457,-2679.894216908935,-2680.440837144799,-2680.4622606270523,2.6646173986259205,"A""",0.8252222221950473,3.012149677596056,0.9467,ok,439.8
1.85,1.15,90.0,87,0.006888342705717404,-2679.8785493585883,-2680.4299867039786,-2680.452244089333,2.7390407520491906,"A""",0.8495138694660924,2.9981857225761974,0.9461,ok,469.07
1.85,1.15,75.0,87,0.007393151428903288,-2679.859323758195,-2680.4142522259203,-2680.4373490083385,2.6588869673386797,"A""",0.8064837424345916,3.0524147309111567,0.945,ok,481.3
1.85,1.15,85.0,87,0.006952593721454981,-2679.8736711232714,-2680.4261791783124,-2680.4486634391515,2.727766652956507,"A""",0.8379323636687835,3.009809655727437,0.9458,ok,475.25
1.85,1.15,105.0,87,0.007062156091973512,-2679.884081124943,-2680.4331606645846,-2680.4550017719807,2.681796699514279,"A""",0.8507695429787003,2.9680394801464267,0.9462,ok,447.06
1.85,1.15,100.0,87,0.00695239496509367,-2679.8837011532974,-2680.4334213761863,-2680.455363495773,2.7164606334011507,"A""",0.8571771133642077,2.979192673242919,0.9462,ok,499.87
1.85,1.15,130.0,87,0.00845361252922331,-2679.8676922813233,-2680.4150706352093,-2680.4367620752178,2.2687483192796782,"A""",0.6774810157121649,2.9033390560700094,0.945,ok,374.47
1.85,1.15,120.0,87,0.007700557316197636,-2679.877477477547,-2680.425338618993,-2680.447038555505,2.480771017374243,"A""",0.778212250081402,2.927922206774502,0.9456,ok,402.42
1.85,1.15,125.0,87,0.008037777552155427,-2679.8730442792444,-2680.420651062154,-2680.4423417263106,2.382063124710209,"A""",0.7334154182828201,2.9148898136383514,0.9453,ok,406.77
1.85,1.15,115.0,87,0.007431461517763101,-2679.880868607652,-2680.429041336791,-2680.4507661730927,2.5639343389676537,"A""",0.8122114699462512,2.9416801811993323,0.9459,ok,443.33
1.85,1.15,110.0,87,0.007220816444883316,-2679.8831047572107,-2680.43167514194,-2680.4534454583027,2.631003058725082,"A""",0.8361047697757836,2.9553309360655193,0.9461,ok,458.2
1.85,1.2,95.0,87,0.007093005825495552,-2679.869659702512,-2680.4221997233144,-2680.4446396023695,2.708257577045675,"A""",0.8551680928668502,2.7732325452528737,0.9456,ok,304.71
1.85,1.15,135.0,87,0.008959110015170023,-2679.8615593891036,-2680.40870079675,-2680.4303963471334,2.142153457180929,"A""",0.6106346230620538,2.893951330315747,0.9446,ok,417.56
1.85,1.2,100.0,87,0.007180010144960048,-2679.871454006614,-2680.423211126833,-2680.445514971889,2.6863109044599587,"A""",0.8605564528090698,2.793364533337871,0.9456,ok,300.02
1.85,1.2,75.0,87,0.0076851710297924335,-2679.847851029451,-2680.4047311117192,-2680.4282448222857,2.633841178534117,"A""",0.7838850185180194,2.854456035214333,0.9443,ok,466.65
1.85,1.2,80.0,87,0.007328149798629943,-2679.8554104718064,-2680.4110999588825,-2680.434255317948,2.6782246695462217,"A""",0.8058429940574087,2.791708687965671,0.9448,ok,470.91
1.85,1.2,85.0,87,0.007141318588555347,-2679.861627459197,-2680.4161568310196,-2680.4390149535666,2.7044629785314322,"A""",0.8261730197394771,2.763040569981662,0.9452,ok,496.13
1.85,1.2,90.0,87,0.007073765270939864,-2679.8663901221416,-2680.419858252551,-2680.4424801633363,2.714278808192113,"A""",0.8432000040324349,2.760117799430303,0.9454,ok,487.0
1.85,1.2,125.0,87,0.008518349471951625,-2679.860871520538,-2680.4104927296694,-2680.432579107349,2.3299657975323496,"A""",0.7485169471978705,2.844574896508653,0.9442,ok,420.76
1.85,1.2,110.0,87,0.007526330228232933,-2679.870861090868,-2680.4214676182596,-2680.443608821621,2.5932805466232494,"A""",0.8466135636831881,2.8285824196998095,0.9453,ok,445.46
1.85,1.2,120.0,87,0.008112963777256715,-2679.865277766978,-2680.415164172183,-2680.4372504854773,2.433816692871169,"A""",0.7926507354576056,2.842842264933575,0.9447,ok,443.94
1.85,1.2,105.0,87,0.007325218207950726,-2679.8718283930807,-2680.4229453421626,-2680.4451517227803,2.648090215854107,"A""",0.858082091108813,2.813270393457138,0.9455,ok,460.57
1.85,1.2,130.0,87,0.009015699004597737,-2679.8555440527502,-2680.40492142955,-2680.427018776302,2.21119275841133,"A""",0.6924016929663577,2.845072629946799,0.9438,ok,437.14
1.85,1.2,115.0,87,0.007786379697528997,-2679.8686439340563,-2680.4188489859816,-2680.4409518565003,2.521783159357035,"A""",0.8251124829847787,2.8381100876860286,0.945,ok,486.77
1.85,1.2,135.0,87,0.009621436504586568,-2679.849428189428,-2680.398547088882,-2680.420659457506,2.078823959695695,"A""",0.6246256305100458,2.8457987923716472,0.9433,ok,460.41
1.85,1.25,75.0,87,0.008019862073424438,-2679.8356898161824,-2680.394549157646,-2680.4184975944327,2.6004299530033754,"A""",0.7604037123257578,2.507133382913893,0.9435,ok,466.75
1.9,0.8,95.0,87,0.006217572018647837,-2679.8766425353133,-2680.416301890214,-2680.4367733461236,2.5866195945134867,"A""",0.8411160370777413,2.860045204318248,0.9463,ok,252.6
1.85,1.25,100.0,87,0.00743722966712769,-2679.858520662705,-2680.412399613285,-2680.4350884907553,2.6511188460009993,"A""",0.8634787696483727,2.4748004432622763,0.9447,ok,466.64
1.9,0.8,105.0,87,0.0062182061072483755,-2679.8782799507576,-2680.41681635226,-2680.4371007910663,2.5730818076339923,"A""",0.7818791273728363,2.8248251267553877,0.9466,ok,247.58
1.85,1.25,80.0,87,0.0075771300393895355,-2679.8428726024295,-2680.4006087556045,-2680.424171662743,2.648116529123695,"A""",0.78830305874136,2.421559975541448,0.9441,ok,497.69
1.85,1.25,95.0,87,0.0073184064059250665,-2679.856747236958,-2680.4114006194636,-2680.4342224806337,2.6760424841400745,"A""",0.8538131807165833,2.4273005753443475,0.9448,ok,494.79
1.85,1.25,85.0,87,0.007352610888579185,-2679.8488810997674,-2680.4054924213124,-2680.4287414688083,2.6752036666318864,"A""",0.814404876197501,2.3897538034603856,0.9445,ok,507.62
1.85,1.25,90.0,87,0.0072811867947668455,-2679.8535325493067,-2680.4091020408487,-2680.432107202293,2.684147389251583,"A""",0.8368929076183145,2.3957914906178286,0.9447,ok,514.25
1.85,1.25,120.0,87,0.008583302832681544,-2679.852424105635,-2680.4044443263483,-2680.4269505054326,2.3808797061656897,"A""",0.8040064395480114,2.684555601162958,0.9434,ok,444.9
1.85,1.25,110.0,87,0.007873742283252601,-2679.8579454965143,-2680.4106844517974,-2680.4332247547454,2.550168798450733,"A""",0.8556158828663575,2.5876077152242583,0.9442,ok,491.67
1.85,1.25,105.0,87,0.007623787988859016,-2679.8588962497124,-2680.4121413452453,-2680.434738745893,2.609223183915272,"A""",0.8644857483448387,2.5305222263915628,0.9445,ok,493.4
1.85,1.25,115.0,87,0.008190569186013354,-2679.8557557619674,-2680.4080951986157,-2680.4306068640567,2.4739536481135787,"A""",0.8357719936026913,2.6402219345382396,0.9438,ok,498.4
1.9,0.8,85.0,87,0.006296578771885798,-2679.8688159974354,-2680.4101784774357,-2680.4309315704104,2.540420991963785,"A""",0.8878056418408248,2.8906648017538323,0.9459,ok,378.98
1.9,0.8,90.0,87,0.006248798007068701,-2679.8735552976327,-2680.4139933126503,-2680.4345931933663,2.57070857103539,"A""",0.8658192141088727,2.8759295685271224,0.9461,ok,379.98
1.9,0.8,75.0,87,0.006432957438621816,-2679.853937022532,-2680.3975733586362,-2680.418707262525,2.439565245972324,"A""",0.9235715381537704,2.9177929836106307,0.9455,ok,413.5
1.9,0.8,80.0,87,0.0063583675473460975,-2679.8623154747775,-2680.404745764697,-2680.425677141956,2.4964645086803037,"A""",0.9071706300750018,2.9044616711021543,0.9457,ok,403.08
1.85,1.25,130.0,87,0.009659529955286027,-2679.84276439845,-2680.394265814133,-2680.416809090827,2.147137970687966,"A""",0.7025190421786648,2.746857662689558,0.9422,ok,450.48
1.9,0.8,100.0,87,0.006206087890453366,-2679.878182829468,-2680.417209318378,-2680.4375761256497,2.5875515222925314,"A""",0.8133200186182339,2.8429811049025586,0.9464,ok,426.7
1.85,1.25,125.0,87,0.009067169459841899,-2679.848055533857,-2680.3998072946238,-2680.4223259069786,2.2716035128084773,"A""",0.75965019240199,2.7196357667620465,0.9428,ok,501.0
1.9,0.8,110.0,87,0.0062580941099673396,-2679.877038601704,-2680.4152208509536,-2680.435443361583,2.5430265854737315,"A""",0.7461445969541121,2.805747927803437,0.9467,ok,393.84
1.9,0.8,115.0,87,0.0063309069408181455,-2679.874566526238,-2680.4125190927775,-2680.4326979475672,2.4974780921322215,"A""",0.7054376714002296,2.7859916110541123,0.9467,ok,393.11
1.9,0.85,105.0,87,0.006302648450359981,-2679.8984170767776,-2680.438434533505,-2680.458975114246,2.558237502293043,"A""",0.7885325687441745,2.8166511871396573,0.9463,ok,256.69
1.9,0.8,120.0,87,0.006442569982142705,-2679.870976610343,-2680.4088073670177,-2680.4289582539677,2.436822540950319,"A""",0.6591309017167095,2.765875313837271,0.9468,ok,414.18
1.9,0.85,115.0,87,0.006430151335306993,-2679.894669740552,-2680.4340556795005,-2680.454487545381,2.477452745490692,"A""",0.7163539545212413,2.777750388239196,0.9464,ok,257.58
1.9,0.8,125.0,87,0.006599696853695637,-2679.8663893378534,-2680.404184470927,-2680.424319867818,2.3617446467024092,"A""",0.6067502832192236,2.745807970131509,0.9468,ok,420.17
1.9,0.8,130.0,87,0.006808967167361264,-2679.8609361231365,-2680.3987556805073,-2680.4188839173376,2.273231454030305,"A""",0.5481054717844425,2.726301221973129,0.9467,ok,384.5
1.9,0.85,75.0,87,0.006523945889290601,-2679.874195834629,-2680.4194415278803,-2680.4408733718024,2.4457683235552925,"A""",0.9130126323185977,2.91095343444646,0.9452,ok,368.49
1.9,0.85,80.0,87,0.006440698155018309,-2679.882542608307,-2680.426568213894,-2680.4477867877627,2.498407818828098,"A""",0.8994682824463991,2.8971827058258666,0.9454,ok,378.29
1.9,0.85,85.0,87,0.006374623919089356,-2679.889018746037,-2680.4319558292427,-2680.4529866790444,2.5383973936415254,"A""",0.8830846263263975,2.8831542243233392,0.9457,ok,401.45
1.9,0.85,100.0,87,0.006286072105078955,-2679.8983350280646,-2680.438865559905,-2680.4594917234654,2.5755230675053746,"A""",0.8173788373200064,2.8349539660615735,0.9462,ok,372.2
1.9,0.8,135.0,87,0.0070755994879188,-2679.854763943515,-2680.3926382297286,-2680.412762166155,2.1725875255295364,"A""",0.48344670921442906,2.707978816558944,0.9467,ok,461.39
1.9,0.85,90.0,87,0.0063254020358423455,-2679.893738838635,-2680.435728088953,-2680.456597960264,2.5650454460811503,"A""",0.8641121742170185,2.868245941360925,0.9458,ok,411.61
1.9,0.85,95.0,87,0.0062949032932467725,-2679.8968098017913,-2680.4379965789117,-2680.4587319431203,2.577634145392025,"A""",0.8423634956578417,2.852190037847598,0.946,ok,413.68
1.9,0.85,110.0,87,0.00634885970801413,-2679.8971597097143,-2680.43679978443,-2680.4572763699784,2.525536039057674,"A""",0.7551063548128719,2.7974894515802764,0.9463,ok,383.92
1.9,0.85,120.0,87,0.006552813636709362,-2679.891058950709,-2680.4302963388736,-2680.450700037531,2.414316962280875,"A""",0.6715805044155918,2.7577905508667713,0.9464,ok,414.36
1.9,0.85,125.0,87,0.006724075936232341,-2679.8864464848125,-2680.4256183233024,-2680.4460070766413,2.336758881860335,"A""",0.6202460448082541,2.738050732100633,0.9464,ok,418.67
1.9,0.85,135.0,87,0.007241222845049552,-2679.8747515316613,-2680.413931173877,-2680.4343112002193,2.142445065545084,"A""",0.4973492176210901,2.7014832303934937,0.9462,ok,401.87
1.9,0.85,130.0,87,0.006951394284006047,-2679.8809622280605,-2680.4201248213512,-2680.4405075533414,2.245714823880519,"A""",0.5621008641310947,2.719067758726839,0.9463,ok,414.22
1.9,0.9,75.0,87,0.006635513539377139,-2679.8842252885756,-2680.4311900490416,-2680.452939294776,2.449148016567,"A""",0.900690581744751,2.9028059933467385,0.9449,ok,381.69
1.9,0.9,95.0,87,0.0063874844451973015,-2679.9066210770193,-2680.449455313022,-2680.470469014751,2.5671298540546106,"A""",0.8432841365120334,2.8437050297790254,0.9457,ok,373.51
1.9,0.9,100.0,87,0.006383558349530975,-2679.908125001041,-2680.4502805323586,-2680.4711802913625,2.562056102908372,"A""",0.821428745707088,2.8264144827948354,0.9458,ok,387.87
1.9,0.9,80.0,87,0.006538597330523366,-2679.8924844692365,-2680.438220044431,-2680.459743227389,2.498060925521231,"A""",0.8903351013895644,2.8887601381338177,0.9452,ok,404.92
1.9,0.95,75.0,87,0.006770276981767228,-2679.886942836723,-2680.435704755874,-2680.4577897274926,2.44952578583972,"A""",0.8866941410298513,2.893379959624242,0.9446,ok,254.2
1.9,0.9,85.0,87,0.006466396659153763,-2679.8989003428283,-2680.443529356312,-2680.4648538806673,2.5344513281231764,"A""",0.8773071574369437,2.8746922635260024,0.9454,ok,410.73
1.9,0.9,90.0,87,0.006415855612360115,-2679.9035791132587,-2680.4472385121644,-2680.4683933284973,2.5577076296737746,"A""",0.8617251683835481,2.8597866246742134,0.9456,ok,402.89
1.9,0.9,105.0,87,0.006407419823783919,-2679.908190321068,-2680.449810590746,-2680.4706216088794,2.5419694982683465,"A""",0.7954554993347583,2.8080617319816565,0.9459,ok,411.38
1.9,0.95,85.0,87,0.0065718163131604284,-2679.901382685519,-2680.447791825303,-2680.4694248389583,2.5285426091998353,"A""",0.8705181201336364,2.8652192797138287,0.9451,ok,253.1
1.9,0.9,115.0,87,0.006557519036097546,-2679.904414729114,-2680.4453568791578,-2680.4660567035116,2.4558602121369986,"A""",0.7279852302760682,2.7692583338417975,0.946,ok,385.66
1.9,0.9,110.0,87,0.006463657078997564,-2679.9069185776307,-2680.4481388909585,-2680.468884102866,2.506577311746239,"A""",0.764577762299334,2.7889001388530854,0.946,ok,408.99
1.9,0.9,130.0,87,0.0071383306208776046,-2679.8906496440254,-2680.4312766288467,-2680.4519304686214,2.2160486063516753,"A""",0.5772168290620255,2.711838792000147,0.9458,ok,367.06
1.9,0.9,135.0,87,0.007458148862761726,-2679.8844075551588,-2680.4250117558336,-2680.4456650019692,2.109875555611645,"A""",0.5124304595908888,2.695089111298324,0.9457,ok,376.74
1.9,0.9,120.0,87,0.0066958990633897006,-2679.9007887296066,-2680.4415556461167,-2680.462227613313,2.390094528437149,"A""",0.6849166702355562,2.7495354605920364,0.946,ok,425.13
1.9,0.9,125.0,87,0.006886691340216973,-2679.896157767538,-2680.4368287713896,-2680.4574869009903,2.309860436878197,"A""",0.6347648241111702,2.7302078272059984,0.9459,ok,424.84
1.9,0.95,80.0,87,0.006652802106817457,-2679.895060296504,-2680.4425902351954,-2680.4644342733277,2.4953336858704387,"A""",0.8798341241266162,2.879167562323637,0.9448,ok,410.3
1.9,0.95,95.0,87,0.00649531394221446,-2679.9090031943406,-2680.453577756642,-2680.4748834466386,2.555106170303332,"A""",0.8438934701262238,2.834474963906775,0.9454,ok,378.0
1.9,0.95,100.0,87,0.006499051462527321,-2679.910481429024,-2680.454356632957,-2680.475543659238,2.5471546106517575,"A""",0.8254694958184928,2.817219778693525,0.9455,ok,378.45
1.9,0.95,105.0,87,0.006533922632435466,-2679.9105298302998,-2680.453849232819,-2680.474944646708,2.5242811463814054,"A""",0.8026313048721189,2.7988880552754845,0.9456,ok,376.47
1.9,0.95,90.0,87,0.006519920968152422,-2679.9060006647105,-2680.4514210157804,-2680.472874767623,2.548681752728426,"A""",0.858688184182029,2.8504642745928104,0.9452,ok,410.62
1.9,0.95,115.0,87,0.006715615921580768,-2679.90673381063,-2680.4493312218674,-2680.4703140537126,2.432694464335898,"A""",0.7402823077579568,2.7603081289584432,0.9456,ok,383.44
1.9,1.0,115.0,87,0.00690715709067325,-2679.90375849983,-2680.448093004153,-2680.4693746856515,2.4078895658058665,"A""",0.7531776404109207,2.7504971762299872,0.9451,ok,250.44
1.9,0.95,110.0,87,0.006604285586938672,-2679.909246528656,-2680.4521448850537,-2680.4731731605866,2.486150193412219,"A""",0.774526282573462,2.779789156490533,0.9456,ok,409.4
1.9,0.95,120.0,87,0.006875263747916046,-2679.9030991697964,-2680.4454955925294,-2680.4664515695304,2.3641423704356335,"A""",0.6990742451529162,2.740893373912749,0.9455,ok,379.98
1.9,0.95,135.0,87,0.0077341871932206235,-2679.88666804976,-2680.4287966932843,-2680.4497412123233,2.074855882655539,"A""",0.5285827424783788,2.688592594574952,0.9451,ok,370.12
1.9,1.05,75.0,87,0.007123931133651604,-2679.87831705,-2680.430813371453,-2680.4536219033894,2.4405249111899545,"A""",0.8543204494971458,2.869664209181816,0.9438,ok,255.31
1.9,0.95,125.0,87,0.007091975895806074,-2679.898457300538,-2680.4407279731786,-2680.46167196161,2.2810295215919734,"A""",0.6502270017762493,2.722060422342101,0.9454,ok,415.48
1.9,0.95,130.0,87,0.007375350349919431,-2679.8929334197237,-2680.435125316791,-2680.4560675072803,2.184207131776994,"A""",0.5933616517642718,2.704400537601419,0.9453,ok,417.11
1.9,1.0,95.0,87,0.006618637233859139,-2679.9060825253096,-2680.4524694162506,-2680.4740805169477,2.5415337702681864,"A""",0.8442276206066706,2.8241810917468873,0.945,ok,376.79
1.9,1.0,100.0,87,0.0066332559945417565,-2679.9075325777408,-2680.453202217773,-2680.4746902210977,2.5307862909166055,"A""",0.8295118639907592,2.8070236589133204,0.9451,ok,371.58
1.9,1.0,75.0,87,0.006931685244242139,-2679.884461620577,-2680.43507310005,-2680.457511327122,2.446720201742419,"A""",0.871169147851785,2.882516854643723,0.9442,ok,411.16
1.9,1.0,80.0,87,0.006784598391851342,-2679.8923869027817,-2680.441771373823,-2680.463951722872,2.4901278412151275,"A""",0.8680800804117151,2.8681776476987997,0.9445,ok,410.92
1.9,1.0,90.0,87,0.006637638769597923,-2679.903127331607,-2680.4503775590647,-2680.4721437618573,2.53793295085257,"A""",0.8550624529641024,2.839987500030841,0.9449,ok,411.73
1.9,1.0,85.0,87,0.006691167762143827,-2679.8985863716234,-2680.4468408466737,-2680.4687964893615,2.520616658382362,"A""",0.8628043691489303,2.85447167366284,0.9447,ok,418.25
1.9,1.0,105.0,87,0.006683279527947273,-2679.907565263504,-2680.4526611254996,-2680.474055197592,2.505131974117546,"A""",0.8100453380419291,2.7887588420557567,0.9452,ok,389.02
1.9,1.0,110.0,87,0.006772659860867617,-2679.906274261686,-2680.4509305394376,-2680.4722569241408,2.464206183253465,"A""",0.7849091938500733,2.769765200821283,0.9452,ok,395.5
1.9,1.0,120.0,87,0.0070944898773011,-2679.900122490399,-2680.4442321359857,-2680.4654888759783,2.3363801595876703,"A""",0.7139585678455856,2.7314595497324725,0.945,ok,389.69
1.9,1.0,125.0,87,0.00734446415877772,-2679.8954779927335,-2680.439433693639,-2680.4606812371817,2.250172178822252,"A""",0.6665104607727294,2.7132121446048982,0.9449,ok,389.59
1.9,1.05,80.0,87,0.006935837948196049,-2679.88600489714,-2680.437288643937,-2680.459820317049,2.4823174681491498,"A""",0.8552455221443819,2.8551355357388526,0.9441,ok,380.72
1.9,1.0,130.0,87,0.007668136053307519,-2679.889947206629,-2680.4337907355125,-2680.455039937179,2.1500847734889605,"A""",0.6103869067805013,2.69637519814102,0.9447,ok,399.41
1.9,1.05,90.0,87,0.006769391605965345,-2679.8965080036073,-2680.4456441264547,-2680.4677362897155,2.5253898080321893,"A""",0.8509469085840989,2.827627836117003,0.9445,ok,384.73
1.9,1.05,85.0,87,0.006825157407840047,-2679.892056639736,-2680.4422076028104,-2680.4644997450077,2.510587194827197,"A""",0.8543021792361111,2.8417482775328997,0.9443,ok,412.46
1.9,1.05,95.0,87,0.006758000215923304,-2679.899410639588,-2680.447669963716,-2680.469600197034,2.5263410894030165,"A""",0.8443477758106462,2.812072700736503,0.9447,ok,384.5
1.9,1.05,100.0,87,0.006787138557229554,-2679.9008319194836,-2680.4483597717353,-2680.4701630736836,2.512870237553513,"A""",0.8335787688359463,2.7950561055581047,0.9447,ok,418.17
1.9,1.05,105.0,87,0.006857037325590321,-2679.900851421946,-2680.4477909258653,-2680.4694988289075,2.484425822213018,"A""",0.8176809128429983,2.776890593722463,0.9448,ok,414.9
1.9,1.1,75.0,87,0.007351696144741372,-2679.8696279491783,-2680.424036054021,-2680.4472317347613,2.4306749584063194,"A""",0.8364002769775162,2.8532949568683477,0.9433,ok,286.36
1.9,1.1,95.0,87,0.006914390135623451,-2679.8901245058605,-2680.440313696632,-2680.462577587633,2.5093896433215037,"A""",0.8443406674975954,2.796318929431958,0.9442,ok,255.18
1.9,1.05,115.0,87,0.007134884633853279,-2679.89704525265,-2680.4431901681146,-2680.464787977297,2.381309717249162,"A""",0.7665709592954528,2.7390482457536436,0.9446,ok,376.49
1.9,1.05,120.0,87,0.007357151091275821,-2679.8934157511335,-2680.4393147642613,-2680.4608906876015,2.3066517151257457,"A""",0.7294230482598715,2.720481760595191,0.9445,ok,372.61
1.9,1.05,125.0,87,0.0076486340181147324,-2679.8887775153285,-2680.4344971825954,-2680.456067879032,2.217114284606093,"A""",0.6834197769362633,2.702950891316241,0.9443,ok,373.24
1.9,1.05,110.0,87,0.006970916825062095,-2679.899557525171,-2680.4460417148384,-2680.467682279418,2.440618987265174,"A""",0.79567427313813,2.7580427496729416,0.9447,ok,396.57
1.9,1.05,130.0,87,0.00802228846799859,-2679.8832493678856,-2680.4288262439322,-2680.4504032756477,2.1134933860303455,"A""",0.6280486768810157,2.6871041767393042,0.9441,ok,394.34
1.9,1.05,135.0,87,0.008491221161281622,-2679.8769650944737,-2680.4224021783743,-2680.4439906515818,1.996917173485747,"A""",0.5633115496658067,2.673646848119387,0.9438,ok,368.23
1.9,1.1,90.0,87,0.006916037221945815,-2679.8872769438917,-2680.438351356775,-2680.4607834383714,2.510918250448774,"A""",0.8464804291344754,2.8115384493259232,0.9441,ok,424.93
1.9,1.1,85.0,87,0.006975012346446818,-2679.8829238975836,-2680.435017687254,-2680.4576603227574,2.4983079887615585,"A""",0.8451986704439237,2.825219278675232,0.9439,ok,428.25
1.9,1.1,100.0,87,0.006962011952408178,-2679.8915182519777,-2680.440966221448,-2680.463100290035,2.4932529135072428,"A""",0.8377018163668156,2.7795220758572134,0.9443,ok,414.84
1.9,1.1,110.0,87,0.007201515523199882,-2679.890237189416,-2680.4386193097575,-2680.4605920438617,2.4151982578414684,"A""",0.806727791750177,2.742952615372779,0.9442,ok,377.16
1.9,1.1,80.0,87,0.007108959955962025,-2679.8770394807593,-2680.4302609189385,-2680.453158822464,2.471717687202319,"A""",0.8415590866691938,2.8382961877665864,0.9437,ok,459.97
1.9,1.1,105.0,87,0.0070569763825523175,-2679.891528336122,-2680.440377488881,-2680.462415861097,2.461987115417381,"A""",0.8255120226207595,2.761542016427604,0.9443,ok,417.0
1.9,1.1,115.0,87,0.0074015646450148916,-2679.8877355673244,-2680.435764396557,-2680.457697625159,2.352726520010837,"A""",0.7803048984911081,2.7243894880100203,0.9441,ok,377.31
1.9,1.1,125.0,87,0.008008736251031122,-2679.879498504928,-2680.4270632295047,-2680.44897925022,2.181583773641906,"A""",0.7006393782765,2.6899565234272003,0.9436,ok,401.56
1.9,1.1,130.0,87,0.008443046527098364,-2679.8739832350684,-2680.4213787259414,-2680.4433073210616,2.074149413361591,"A""",0.6459486588286503,2.675414355155033,0.9433,ok,405.82
1.9,1.1,120.0,87,0.007666678219516627,-2679.8841210055066,-2680.4318865815926,-2680.4538023925597,2.2747041055470527,"A""",0.7452340195206036,2.706504997860627,0.9439,ok,418.57
1.9,1.1,135.0,87,0.008985918487632942,-2679.8677049948155,-2680.4149280627157,-2680.436875003762,1.9535137361178765,"A""",0.5811293858524057,2.663581263237683,0.943,ok,406.22
1.9,1.15,130.0,87,0.00893490276866546,-2679.8629912000606,-2680.412300175764,-2680.4346078600984,2.03165224849328,"A""",0.6634384085389342,2.6591374522844196,0.9425,ok,245.93
1.9,1.15,135.0,87,0.009566036114886173,-2679.856730409481,-2680.4058403522185,-2680.4281755646457,1.9066697073263321,"A""",0.5983265347586361,2.6496501952516045,0.942,ok,255.06
1.9,1.15,105.0,87,0.007285313905504618,-2679.880435619615,-2680.431265741076,-2680.4536532575135,2.437524634093514,"A""",0.8334791408555913,2.7383717516140633,0.9438,ok,373.99
1.9,1.15,90.0,87,0.007078910043139243,-2679.8762684948006,-2680.4293367940527,-2680.4521236690616,2.4942825861320967,"A""",0.8418343677934977,2.7863048034314417,0.9437,ok,433.73
1.9,1.15,75.0,87,0.007620085494529996,-2679.859211958237,-2680.4155568076353,-2680.4391566219397,2.4167947092334727,"A""",0.8176857469284448,2.8289123582472233,0.9428,ok,451.84
1.9,1.15,95.0,87,0.007089207499768787,-2679.879061039032,-2680.431241620367,-2680.4538550107213,2.490436911475307,"A""",0.8443084809349034,2.7717799285665428,0.9438,ok,436.3
1.9,1.15,110.0,87,0.0074668206178735465,-2679.879153548416,-2680.429509263551,-2680.4518344396415,2.38761663100127,"A""",0.8179168404351147,2.720596873774068,0.9436,ok,401.68
1.9,1.15,115.0,87,0.0077102375197131544,-2679.8766702385233,-2680.4266629166277,-2680.4489534992053,2.3217846000593836,"A""",0.7941168216694827,2.703071305638387,0.9434,ok,384.98
1.9,1.15,85.0,87,0.007142473233311918,-2679.8720185949032,-2680.426103572771,-2680.4491112306314,2.483530605712555,"A""",0.8357247428435144,2.79939425745134,0.9435,ok,473.94
1.9,1.15,80.0,87,0.007306919979894247,-2679.8663155496606,-2680.4215134424494,-2680.4447927230285,2.4580376055769757,"A""",0.8272931565657191,2.8124299507784363,0.9432,ok,480.61
1.9,1.15,100.0,87,0.007159708150429242,-2679.8804301457194,-2680.4318649021743,-2680.4543469056416,2.471671569667611,"A""",0.8419068947564283,2.7556574812035985,0.9438,ok,460.26
1.9,1.15,120.0,87,0.008026369006288886,-2679.873079501823,-2680.422796062201,-2680.4450754260097,2.2401559129894695,"A""",0.7610073964011002,2.686524516684512,0.9432,ok,408.31
1.9,1.15,125.0,87,0.008428393517808918,-2679.8684827203247,-2680.417981872857,-2680.4402687243264,2.1431831445761187,"A""",0.7176526147186492,2.671654862075657,0.9429,ok,418.58
1.9,1.2,75.0,87,0.007934463438475899,-2679.847667827279,-2680.4059756803913,-2680.4299971740006,2.3983196450403583,"A""",0.7984259114142611,2.7803971816352804,0.9423,ok,452.55
1.9,1.2,80.0,87,0.007533332962705333,-2679.854439751528,-2680.411656743055,-2680.4353332600435,2.440806946321168,"A""",0.8127317136593837,2.7576505263004614,0.9427,ok,454.39
1.9,1.2,85.0,87,0.007330029671121605,-2679.859953089079,-2680.416083194041,-2680.4394714639457,2.465838182611591,"A""",0.8261281032824316,2.7430792634169623,0.943,ok,462.72
1.9,1.2,90.0,87,0.007260098429914654,-2679.8640987821327,-2680.4192233086796,-2680.442381351788,2.475085733789811,"A""",0.837184244018849,2.7316412067788742,0.9432,ok,475.3
1.9,1.2,100.0,87,0.007382329918162689,-2679.86818744013,-2680.4216837320305,-2680.4445331564193,2.4477014978664813,"A""",0.846166690923459,2.7081090166908752,0.9432,ok,443.49
1.9,1.2,95.0,87,0.007284556338900347,-2679.8668387037587,-2680.421079728524,-2680.444060393873,2.4690805398492612,"A""",0.8443334770401966,2.7204055855455627,0.9432,ok,470.97
1.9,1.2,110.0,87,0.007769391000479986,-2679.866927676994,-2680.4193415736127,-2680.4420424764144,2.3573799373030946,"A""",0.828941523944373,2.6805924469553575,0.9429,ok,393.57
1.9,1.25,95.0,87,0.0075032031442169795,-2679.853915292339,-2680.410294414649,-2680.433662785486,2.4446721346868747,"A""",0.8443834485414399,2.576632218906757,0.9426,ok,301.17
1.9,1.2,120.0,87,0.008438946763656802,-2679.8609128779785,-2680.4126750908845,-2680.435345414442,2.2024580459042644,"A""",0.7760800453790664,2.6538374330739125,0.9423,ok,379.21
1.9,1.2,135.0,87,0.010236493538391457,-2679.8446644309674,-2680.3957764743727,-2680.418535354407,1.8558844230564011,"A""",0.6136708093373019,2.628619385843871,0.9409,ok,378.35
1.9,1.2,115.0,87,0.008063807668650332,-2679.8644706355267,-2680.4165165810214,-2680.4391898067443,2.287957028672246,"A""",0.8075355261448646,2.6667118054100056,0.9427,ok,399.75
1.9,1.25,100.0,87,0.0076326547809796134,-2679.855248986411,-2680.410890547052,-2680.434129943456,2.42067575507399,"A""",0.8502859425196486,2.5845077758080963,0.9425,ok,318.91
1.9,1.2,125.0,87,0.008911396242252739,-2679.8563521347924,-2680.4078863592476,-2680.4305737648074,2.101357837715052,"A""",0.73359319578121,2.6427364345589135,0.9419,ok,403.17
1.9,1.2,130.0,87,0.009501897800105066,-2679.8508957013723,-2680.402225648548,-2680.4249447702164,1.9854627588500853,"A""",0.6794525612468534,2.6341088568336763,0.9414,ok,397.83
1.9,1.2,105.0,87,0.007544264795750137,-2679.8681938982913,-2680.4210848068883,-2680.443842813429,2.410580754486171,"A""",0.8414298967850908,2.6946559518782522,0.9431,ok,440.52
1.9,1.25,75.0,87,0.008300013107934072,-2679.835433821247,-2680.3957335436544,-2680.4201953722586,2.3743738480531933,"A""",0.7787265053229885,2.645164447706615,0.9417,ok,473.86
1.9,1.25,105.0,87,0.00783656094767797,-2679.8552625113202,-2680.410303313326,-2680.4334565881272,2.3804573979714667,"A""",0.8489714424601978,2.5905987288233527,0.9424,ok,430.76
1.9,1.25,80.0,87,0.007792467862896067,-2679.841858629921,-2680.4011426965835,-2680.4252335972265,2.419259510380695,"A""",0.7980838255738576,2.5966568935887033,0.9421,ok,495.05
1.9,1.25,115.0,87,0.008464267607082167,-2679.851596334018,-2680.405795124716,-2680.428880467622,2.2504881045814487,"A""",0.8196696209949266,2.593940792051219,0.9417,ok,433.58
1.9,1.25,90.0,87,0.007462461241992989,-2679.8512235793464,-2680.4084746655317,-2680.432022442608,2.4526748514155945,"A""",0.8326286244432485,2.571104601122107,0.9426,ok,495.01
1.9,1.25,120.0,87,0.008906882750693365,-2679.848080744305,-2680.4019942089803,-2680.425087559356,2.1608486809996297,"A""",0.7892662858995382,2.592984157332175,0.9413,ok,434.23
1.9,1.25,130.0,87,0.010146206104651495,-2679.838156660857,-2680.3916284357183,-2680.4147973662575,1.9348898384267388,"A""",0.6922332390003445,2.592285979599905,0.9401,ok,435.3
1.9,1.25,125.0,87,0.009459355342327381,-2679.843566448042,-2680.3972483525604,-2680.4203712947833,2.0553657923780277,"A""",0.7469750990908602,2.5920427674602005,0.9407,ok,440.94
1.9,1.25,85.0,87,0.0075409509077179,-2679.8471796188232,-2680.405415780383,-2680.429201953612,2.444540847653966,"A""",0.8165968395598298,2.5748642468128033,0.9424,ok,516.29
1.9,1.25,110.0,87,0.00811197331484884,-2679.854019100045,-2680.408585413056,-2680.431689121257,2.323757004656666,"A""",0.8391772880226739,2.5935694707071533,0.9421,ok,476.61
1.95,0.8,75.0,87,0.006657964222759023,-2679.8520313668023,-2680.39714631486,-2680.418808925413,2.2020278529592283,"A""",0.9017835955958609,2.6371241332904525,0.9426,ok,488.65
1.95,0.8,80.0,87,0.006583195118573414,-2679.859537975633,-2680.4034861373652,-2680.4249456304797,2.2565642564088764,"A""",0.8822341326203454,2.6230859340450023,0.9428,ok,492.51
1.95,0.8,135.0,87,0.0076533557195648146,-2679.8480458350477,-2680.387846308891,-2680.408623072108,1.9076309991600267,"A""",0.4672511114229628,2.438901644765132,0.9434,ok,287.02
1.95,0.8,85.0,87,0.006521716029602412,-2679.865297907247,-2680.4082154888756,-2680.4294975555463,2.2979740389165024,"A""",0.8607624262922596,2.60895583209816,0.943,ok,490.18
1.95,0.85,90.0,87,0.006551830811845168,-2679.889672122923,-2680.43326053224,-2680.4546647289408,2.3204082664724273,"A""",0.8385989421315974,2.5888790962508246,0.943,ok,314.02
1.95,0.8,90.0,87,0.00647544429526116,-2679.869410874541,-2680.411440917145,-2680.4325721879536,2.325628007848559,"A""",0.8376281505413197,2.594235226051136,0.9432,ok,504.7
1.95,0.8,100.0,87,0.006443140398791522,-2679.8730731295573,-2680.413767613042,-2680.4346760439407,2.3373078919442776,"A""",0.7853158214903795,2.5621999332259673,0.9435,ok,454.78
1.95,0.8,95.0,87,0.006447780059013435,-2679.871971777731,-2680.413260692591,-2680.4342676848555,2.338912384849716,"A""",0.8126396779931243,2.57867388535019,0.9434,ok,518.54
1.95,0.8,110.0,87,0.0065244003168882046,-2679.8712668835055,-2680.411196113948,-2680.4319791292583,2.288212305149484,"A""",0.7208616884857307,2.5268372406811515,0.9437,ok,449.27
1.95,0.8,105.0,87,0.006466536515659831,-2679.8728070248803,-2680.4130506689485,-2680.433884974581,2.3204569181650876,"A""",0.7549859720791058,2.5448691738704654,0.9436,ok,469.57
1.95,0.8,120.0,87,0.00677566915217502,-2679.8647545978824,-2680.4044110470786,-2680.425151597073,2.178145967549244,"A""",0.6378734329000981,2.48977732503862,0.9437,ok,457.18
1.95,0.8,130.0,87,0.007277846957991564,-2679.854377438129,-2680.3940943198645,-2680.414852097146,2.0107121987872336,"A""",0.5305993775721808,2.4543657282180584,0.9436,ok,465.38
1.95,0.8,115.0,87,0.006624341877228082,-2679.868549069548,-2680.4082883346473,-2680.429040916994,2.2406641783521883,"A""",0.6820978079788756,2.5083550256730756,0.9437,ok,519.91
1.95,0.85,75.0,87,0.006750333979504169,-2679.872361762653,-2680.4190785697842,-2680.441037929678,2.2072517767623645,"A""",0.8955551631855605,2.6333262755455165,0.9424,ok,469.51
1.95,0.85,80.0,87,0.0066660852215387565,-2679.8798385006953,-2680.4253806107636,-2680.4471279079107,2.2580276633366823,"A""",0.8783131557111995,2.6184974157408303,0.9426,ok,463.63
1.95,0.8,125.0,87,0.0069893878150536016,-2679.8599913595135,-2680.3996495253505,-2680.4203932460937,2.1012283197135613,"A""",0.5875048048652052,2.471577862627417,0.9437,ok,504.69
1.95,0.85,105.0,87,0.006550092494720544,-2679.8930301741157,-2680.4347690601626,-2680.4558640854675,2.307296015567072,"A""",0.7629449824487701,2.5391175741344987,0.9433,ok,476.05
1.95,0.85,100.0,87,0.006522332877767771,-2679.8933081309883,-2680.4355189422217,-2680.4566908842776,2.3265630187867434,"A""",0.7910879864429058,2.5565016322095273,0.9432,ok,496.56
1.95,0.85,95.0,87,0.006524651685638188,-2679.8922191223837,-2680.435045471437,-2680.4563200100174,2.3307987082207484,"A""",0.8160593051394897,2.5731100759097085,0.9431,ok,500.67
1.95,0.9,105.0,87,0.006654518331364667,-2679.9028784085244,-2680.446236782544,-2680.467607373817,2.292889867384739,"A""",0.7710610927678018,2.5331573127358373,0.943,ok,257.57
1.95,0.85,85.0,87,0.006599850785375618,-2679.8855761681752,-2680.4300717686647,-2680.4516335484877,2.295944374338278,"A""",0.8592616816772248,2.6039006288459547,0.9428,ok,525.32
1.95,0.9,115.0,87,0.006850206688684756,-2679.898576735388,-2680.441343137222,-2680.462627964225,2.204213157327499,"A""",0.7058069146181233,2.4972720375093482,0.943,ok,247.6
1.95,0.9,75.0,87,0.006863870135380812,-2679.8824314206836,-2680.4308624990354,-2680.453138660344,2.2100022672221993,"A""",0.8874929618407432,2.6285609564908334,0.9422,ok,391.38
1.95,0.9,85.0,87,0.006691614402624647,-2679.895513439808,-2680.441707705953,-2680.4635658123425,2.2922110826538646,"A""",0.8566481577027497,2.598137460280695,0.9426,ok,405.12
1.95,0.9,80.0,87,0.006764618652996642,-2679.889829187735,-2680.4370830598277,-2680.4591362426936,2.25747285333989,"A""",0.8729067276062377,2.6130493198832854,0.9424,ok,411.29
1.95,0.9,90.0,87,0.006641970093032259,-2679.899573571789,-2680.44484252629,-2680.4665352844618,2.3136994919394125,"A""",0.8388218193398798,2.582966240666009,0.9427,ok,407.21
1.95,0.85,115.0,87,0.006722805174307807,-2679.888746547712,-2680.4299370098765,-2680.4509480078086,2.223103645897509,"A""",0.6936579215892592,2.502832917176217,0.9434,ok,474.76
1.95,0.85,135.0,87,0.007825859888829561,-2679.8681521747612,-2680.4092886975486,-2680.430330218381,1.8815527735996167,"A""",0.4809979515927976,2.4358661976394114,0.9429,ok,446.15
1.95,0.85,125.0,87,0.0071147054115550164,-2679.8801536301235,-2680.421211323033,-2680.4422149939714,2.079489884650438,"A""",0.6011682566577302,2.466906543144029,0.9433,ok,487.17
1.95,0.85,110.0,87,0.006614232117961075,-2679.8914778202534,-2680.432880832501,-2680.453922897274,2.2727976326472388,"A""",0.7307730605333743,2.5211355196730807,0.9434,ok,525.16
1.95,0.9,95.0,87,0.006616765756147974,-2679.9020963218195,-2680.446583205356,-2680.468140360279,2.321335238300637,"A""",0.8190687134209542,2.567123805093433,0.9429,ok,413.22
1.95,0.85,130.0,87,0.007423460285098618,-2679.874515134188,-2680.4156014283953,-2680.436621186233,1.9868455199514485,"A""",0.5445825701683153,2.450406686141491,0.9431,ok,500.26
1.95,0.9,100.0,87,0.006619290427451621,-2679.903168516682,-2680.447019401173,-2680.468469687204,2.3145466994079413,"A""",0.7967520702935944,2.5504956890401145,0.943,ok,410.1
1.95,0.85,120.0,87,0.0068856736002547055,-2679.884936292424,-2680.4260194051335,-2680.4470186945673,2.1584942811010808,"A""",0.6507078631159324,2.4845910239951383,0.9433,ok,508.18
1.95,0.9,110.0,87,0.006728658387850653,-2679.901316559499,-2680.4443179575414,-2680.4656341241325,2.2561169783352275,"A""",0.7410726967627738,2.5153133073022342,0.943,ok,431.04
1.95,0.9,120.0,87,0.007029593671349475,-2679.8947571424114,-2680.437391465201,-2680.458665372413,2.137408966754938,"A""",0.6643027239702538,2.4794445541319363,0.9429,ok,411.69
1.95,0.95,75.0,87,0.007001651032070764,-2679.8851623431533,-2680.4353882226324,-2680.458000124558,2.2101719799801676,"A""",0.8776283381718798,2.6229101413039526,0.9419,ok,381.9
1.95,0.95,125.0,87,0.007488353194594946,-2679.892351884111,-2680.436557830855,-2680.4581309408995,2.031339077251912,"A""",0.63112609782953,2.4578013988076126,0.9423,ok,252.3
1.95,0.95,80.0,87,0.006879612406023391,-2679.892432930808,-2680.441485893955,-2680.463861875535,2.2548688099242655,"A""",0.8660284673025356,2.6067796753356034,0.9421,ok,379.82
1.95,0.95,85.0,87,0.006796829338151212,-2679.8980344392444,-2680.4460186571296,-2680.4681885708733,2.286785714051175,"A""",0.8529253290772133,2.5916796531036845,0.9423,ok,380.61
1.95,0.9,125.0,87,0.007279663495317659,-2679.8899625166578,-2680.432543638205,-2680.453823677728,2.0561786153321897,"A""",0.6157341290496918,2.4623519642326137,0.9428,ok,492.81
1.95,0.9,135.0,87,0.008052442325706418,-2679.8779212667723,-2680.4205145045526,-2680.4418384370656,1.8535382052817533,"A""",0.4958244619213342,2.4330959138082022,0.9424,ok,476.98
1.95,0.95,100.0,87,0.006734156209324745,-2679.9055840396045,-2680.4511721065546,-2680.4729149005593,2.301309306286264,"A""",0.8022851471367906,2.5441359832989794,0.9426,ok,380.38
1.95,0.95,95.0,87,0.0067239071171447925,-2679.9045317406117,-2680.450774779631,-2680.472628762847,2.3105674574260284,"A""",0.8216549921558545,2.5606888965447863,0.9426,ok,397.13
1.95,0.95,90.0,87,0.00674544538008796,-2679.9020418793602,-2680.4490851815244,-2680.4710811161763,2.305535893708637,"A""",0.8382923967656268,2.576490174038798,0.9424,ok,415.0
1.95,0.95,110.0,87,0.006869247821099635,-2679.9037148365005,-2680.4484141814614,-2680.4700192478617,2.2382208656065963,"A""",0.7517146452751682,2.5092878913494805,0.9427,ok,372.16
1.95,0.9,130.0,87,0.0076153489113871395,-2679.884307461897,-2680.4268858422147,-2680.4481845921255,1.9612366015358533,"A""",0.5595764840376918,2.446639748776769,0.9426,ok,520.14
1.95,0.95,105.0,87,0.0067803854097786935,-2679.905282580089,-2680.450358862958,-2680.472019392815,2.277290067993307,"A""",0.7793002757720298,2.5269231141726576,0.9427,ok,423.06
1.95,0.95,135.0,87,0.008339445600802239,-2679.880288538955,-2680.424439000069,-2680.446063598509,1.8236349474217002,"A""",0.5116458235156293,2.430478808836875,0.9418,ok,324.99
1.95,0.95,120.0,87,0.007210608259529679,-2679.897150316305,-2680.44143696099,-2680.4630014832014,2.1149361386471757,"A""",0.6785906074235453,2.4742309456052163,0.9425,ok,405.36
1.95,0.95,115.0,87,0.007008879742556933,-2679.900972109192,-2680.4454149327184,-2680.466988936605,2.1840412326707783,"A""",0.7184873640934734,2.49157570455001,0.9426,ok,409.13
1.95,0.95,130.0,87,0.007858643888898497,-2679.8866890296435,-2680.430860748148,-2680.452455941856,1.9339302376157597,"A""",0.5754985628192536,2.442950810449599,0.9421,ok,412.07
1.95,1.0,75.0,87,0.007167912614330185,-2679.882672390312,-2680.4347475920376,-2680.457713433344,2.2076611320562924,"A""",0.8660553228583244,2.6163617948582076,0.9416,ok,386.87
1.95,1.0,100.0,87,0.006867399242158276,-2679.902683784121,-2680.4500858438296,-2680.4721352514853,2.2868774411907116,"A""",0.8076762114702342,2.537284299492394,0.9423,ok,376.36
1.95,1.0,85.0,87,0.006915768263715723,-2679.895262401103,-2680.445104592779,-2680.467601107709,2.2796756713400965,"A""",0.8481383327638135,2.5844452561136375,0.942,ok,403.86
1.95,1.0,95.0,87,0.006846115758470657,-2679.901653026692,-2680.449726625013,-2680.471891347679,2.298523538449924,"A""",0.823826099159708,2.5536871299500596,0.9422,ok,382.98
1.95,1.0,90.0,87,0.00686215477103061,-2679.8992027537993,-2680.4480920124956,-2680.470405218978,2.2959408841266695,"A""",0.8370370074180258,2.5693513133556674,0.9421,ok,400.81
1.95,1.0,80.0,87,0.007012609945424477,-2679.889770138698,-2680.440685028006,-2680.4633999534503,2.2501867783830103,"A""",0.8577451963651557,2.5996294170269114,0.9418,ok,416.2
1.95,1.05,90.0,87,0.006992397849021732,-2679.8926066913496,-2680.4434002230582,-2680.4660447485835,2.2849186487965203,"A""",0.8351208502027985,2.561285818153955,0.9418,ok,253.99
1.95,1.0,105.0,87,0.006929176807604216,-2679.902372809601,-2680.449245991693,-2680.4712110350465,2.260517836284101,"A""",0.7876320343525239,2.5202568292254246,0.9423,ok,384.15
1.95,1.0,115.0,87,0.007201251603224304,-2679.8980641358535,-2680.44426610553,-2680.4661452806563,2.1625932531271115,"A""",0.731630331246852,2.485554261269828,0.9422,ok,394.82
1.95,1.0,110.0,87,0.007037673623517055,-2679.9008035297597,-2680.4472817947503,-2680.4691909844905,2.2191233002954953,"A""",0.7626492974557122,2.5028834862496407,0.9423,ok,405.5
1.95,1.0,120.0,87,0.00743192051471812,-2679.894247787789,-2680.4402710180434,-2680.462142991407,2.0910727908749953,"A""",0.6934830722915838,2.4687521481557777,0.942,ok,404.01
1.95,1.0,130.0,87,0.00815844832559919,-2679.883792924063,-2680.429644734362,-2680.451555042807,1.9049117984112858,"A""",0.5922241372293628,2.4391426533281613,0.9416,ok,402.4
1.95,1.0,125.0,87,0.007744865873633699,-2679.8894542252224,-2680.435370611002,-2680.457254520136,2.0049611992534113,"A""",0.6472369339993196,2.4530541787396856,0.9418,ok,410.46
1.95,1.05,75.0,87,0.007368010597694516,-2679.8765016428906,-2680.430463231145,-2680.4538007992887,2.2023647120235683,"A""",0.8529364873009443,2.608740156837558,0.9413,ok,412.98
1.95,1.05,85.0,87,0.007049227481401416,-2679.888744953216,-2680.4404987915614,-2680.4633364350807,2.2708745275834716,"A""",0.8423825751577373,2.576185524788535,0.9416,ok,365.66
1.95,1.1,80.0,87,0.007342789577436881,-2679.874405333205,-2680.429178658911,-2680.452618624802,2.2344092149971204,"A""",0.8375412965600117,2.581427322699115,0.9411,ok,253.57
1.95,1.05,80.0,87,0.00716593855326124,-2679.8833848302547,-2680.436208736014,-2680.4592783436187,2.243388767540176,"A""",0.8481850333474178,2.591370214524913,0.9415,ok,418.94
1.95,1.05,95.0,87,0.006983759480522014,-2679.8950127766057,-2680.4449790187177,-2680.467468616198,2.2852071513584735,"A""",0.8256170553808325,2.545837712767296,0.9419,ok,387.47
1.95,1.05,100.0,87,0.007019760459606631,-2679.896021813354,-2680.445303233185,-2680.4676738684016,2.271247772325345,"A""",0.8129300417258674,2.5296402920168375,0.9419,ok,381.53
1.95,1.05,110.0,87,0.00723552164831505,-2679.8941383904976,-2680.442466663411,-2680.464696228357,2.198796909651484,"A""",0.7738201565960844,2.495764032851139,0.9419,ok,370.83
1.95,1.05,115.0,87,0.007429783947616772,-2679.891409069071,-2680.439443809789,-2680.461645414178,2.1398277194104076,"A""",0.7451463780506051,2.4788611131329303,0.9417,ok,369.86
1.95,1.05,105.0,87,0.00710188957205071,-2679.8957041628705,-2680.444442597086,-2680.466727507781,2.2425590647607816,"A""",0.796030777183088,2.5128385630979633,0.9419,ok,381.54
1.95,1.05,120.0,87,0.007696718491385877,-2679.8876062479394,-2680.4354421177372,-2680.4576398598692,2.06576411724054,"A""",0.7088559220060832,2.4626590135302617,0.9415,ok,379.69
1.95,1.05,130.0,87,0.008519641680651913,-2679.877176856138,-2680.4247897351256,-2680.4470357759947,1.8741087573861497,"A""",0.6095571872291292,2.434888188310487,0.941,ok,369.76
1.95,1.05,125.0,87,0.008053157789729972,-2679.8828267008057,-2680.4305320219873,-2680.4527461607618,1.9769794594862182,"A""",0.6639060631482723,2.4477677225156547,0.9413,ok,402.74
1.95,1.1,130.0,87,0.008946577974802389,-2679.8679834796512,-2680.417441136992,-2680.4400462156764,1.8413827061797512,"A""",0.6271912170765954,2.429639266270897,0.9403,ok,246.84
1.95,1.05,135.0,87,0.009119746300877378,-2679.870777335674,-2680.4183007214515,-2680.440587946714,1.7580387732857097,"A""",0.545633651467503,2.424834525901504,0.9406,ok,407.1
1.95,1.1,75.0,87,0.0076083103551795725,-2679.867773391857,-2680.423649756994,-2680.447376741907,2.1941522177716393,"A""",0.8384995702185859,2.5995401330240284,0.9409,ok,405.01
1.95,1.1,85.0,87,0.007198731177856427,-2679.8796146135014,-2680.4333283872093,-2680.456521785063,2.2603437369604205,"A""",0.8358117746492663,2.566305057203227,0.9413,ok,408.46
1.95,1.1,90.0,87,0.007137022030842463,-2679.8833893197548,-2680.43614136228,-2680.459131651698,2.2724385506138796,"A""",0.8326536317744878,2.551690549985007,0.9414,ok,413.36
1.95,1.1,100.0,87,0.0071924145351926335,-2679.8867373599983,-2680.4379611287063,-2680.4606686363772,2.2543727297674465,"A""",0.8180686736782127,2.5205761151746437,0.9415,ok,382.1
1.95,1.1,95.0,87,0.007137684727330671,-2679.8857487810524,-2680.4376665966097,-2680.4604959185885,2.2705827457619163,"A""",0.8270941268334544,2.5365265907154853,0.9415,ok,414.23
1.95,1.1,105.0,87,0.00730008302847501,-2679.8864168116293,-2680.4370871347774,-2680.459708582784,2.2233495629654607,"A""",0.8044730924480278,2.5040279230592204,0.9415,ok,367.99
1.95,1.1,115.0,87,0.0076969363950920595,-2679.882148140797,-2680.432088856448,-2680.4546319813735,2.115642291618001,"A""",0.7589118714322611,2.470853603110592,0.9412,ok,367.46
1.95,1.15,110.0,87,0.007728687561455287,-2679.8738091648706,-2680.426052694225,-2680.44897866419,2.1540474878437665,"A""",0.796551855024816,2.4761239557797126,0.9409,ok,243.18
1.95,1.1,110.0,87,0.007465213375154014,-2679.8848602042835,-2680.4351084813493,-2680.4576762610427,2.1771584646500046,"A""",0.7851553714553235,2.487282609811593,0.9414,ok,399.11
1.95,1.1,120.0,87,0.00800785188989224,-2679.878367334955,-2680.428092303806,-2680.4506362165944,2.038890859987384,"A""",0.7245280323095405,2.455326510506971,0.941,ok,394.18
1.95,1.1,125.0,87,0.008416753173481601,-2679.8736113957666,-2680.4231855897815,-2680.4457517495266,1.9472619433731033,"A""",0.6808899933579631,2.4413489874854726,0.9407,ok,401.2
1.95,1.1,135.0,87,0.009624642158816872,-2679.861600623179,-2680.410939874241,-2680.433594375752,1.7221327483867956,"A""",0.5632116758766469,2.4210094442996506,0.9398,ok,378.6
1.95,1.15,75.0,87,0.007895709600863908,-2679.857309436162,-2680.4151268351593,-2680.439261165241,2.182841276109338,"A""",0.8230234071230895,2.587472986339569,0.9405,ok,384.88
1.95,1.15,85.0,87,0.007366291913617587,-2679.8687036634765,-2680.424427370924,-2680.447991672401,2.2479926634459546,"A""",0.8286302953321358,2.553360564504094,0.9409,ok,405.17
1.95,1.15,95.0,87,0.007309101267665295,-2679.874698625596,-2680.428630503385,-2680.4518155862916,2.2545545956998256,"A""",0.8283523513715765,2.5243437589824183,0.9411,ok,395.85
1.95,1.15,80.0,87,0.007547022781422774,-2679.863659365635,-2680.420422497464,-2680.4442487733945,2.223129460893397,"A""",0.8260659278880593,2.5683813237523925,0.9407,ok,414.06
1.95,1.15,105.0,87,0.007525721643777709,-2679.8753504548395,-2680.428024051895,-2680.4510005623865,2.2027537260251906,"A""",0.8129281417138149,2.4924668852667877,0.941,ok,366.96
1.95,1.15,90.0,87,0.0072973520410788435,-2679.872386119985,-2680.427153613336,-2680.4505049438776,2.2584137158975457,"A""",0.8297877990890589,2.539134353886807,0.941,ok,414.92
1.95,1.15,100.0,87,0.0073867215775452605,-2679.875669325838,-2680.4289026447796,-2680.451964194888,2.236139241348911,"A""",0.8231265496507737,2.508704780159294,0.9411,ok,396.9
1.95,1.15,120.0,87,0.008368594183773453,-2679.867371904122,-2680.41906903391,-2680.4419822293576,2.0102485480016736,"A""",0.7402216111927511,2.4455852898223904,0.9403,ok,369.12
1.95,1.2,95.0,87,0.007499949533979857,-2679.862481317267,-2680.4184967060496,-2680.442055350147,2.236937563838959,"A""",0.8294997895849533,2.5056000432113623,0.9406,ok,275.13
1.95,1.15,115.0,87,0.008004900449676904,-2679.8711218905305,-2680.4230476255643,-2680.445953768781,2.089852468415265,"A""",0.7727422548669729,2.4602785760885473,0.9406,ok,401.65
1.95,1.15,125.0,87,0.008839109360826816,-2679.8626495413323,-2680.414180118849,-2680.4371231619275,1.9155916119322935,"A""",0.6978105129458327,2.43273187989471,0.94,ok,367.67
1.95,1.15,130.0,87,0.009443272725189892,-2679.8570545113344,-2680.4084494497383,-2680.43144037958,1.8065137692734514,"A""",0.6446453634207406,2.4224477440642005,0.9395,ok,365.04
1.95,1.15,135.0,87,0.01021249585834428,-2679.8506999858373,-2680.401953122445,-2680.4250039770063,1.68389671416643,"A""",0.5804847543949674,2.415528181104993,0.939,ok,380.28
1.95,1.2,75.0,87,0.008237552193196043,-2679.84571230522,-2680.4054977440364,-2680.430057961671,2.168151922679051,"A""",0.8068122091251212,2.5690067589603918,0.94,ok,426.57
1.95,1.2,85.0,87,0.007554838675967841,-2679.8566260183657,-2680.4144147443135,-2680.4383661057545,2.2336422707146877,"A""",0.821087905033446,2.5333490455331464,0.9405,ok,419.56
1.95,1.2,80.0,87,0.007783338215491031,-2679.851756048969,-2680.4105528617733,-2680.434782137909,2.2093402642575604,"A""",0.8140556178962122,2.5482970958005495,0.9403,ok,439.89
1.95,1.25,75.0,87,0.008641226770854289,-2679.8334235963703,-2680.395206748943,-2680.420212667576,2.149653512216848,"A""",0.7901387340871056,2.532640681178457,0.9395,ok,293.66
1.95,1.2,105.0,87,0.007780635420287553,-2679.86312580359,-2680.417881983077,-2680.4412345175365,2.180536333722271,"A""",0.8213248733563246,2.474946286744253,0.9405,ok,399.81
1.95,1.2,100.0,87,0.007604708832074358,-2679.8634378275724,-2680.418755398177,-2680.442190284486,2.2163403253124865,"A""",0.8281274322905967,2.4905672454610754,0.9406,ok,424.55
1.95,1.2,120.0,87,0.008780826018107441,-2679.8552412790523,-2680.4090032605313,-2680.432312341474,1.9795220192473995,"A""",0.7554881098157752,2.4310929667005903,0.9396,ok,375.55
1.95,1.2,110.0,87,0.008028187879432077,-2679.8616062860738,-2680.4159286742315,-2680.4392355751816,2.1291981075628836,"A""",0.8078302788357521,2.459348405050971,0.9403,ok,397.32
1.95,1.2,115.0,87,0.008356330895398336,-2679.8589515001645,-2680.4129502055907,-2680.436243973677,2.0621641335018235,"A""",0.7863321704885592,2.4444866890435595,0.94,ok,391.47
1.95,1.2,90.0,87,0.007475507055572769,-2679.8602141675788,-2680.41706023998,-2680.4407892668946,2.2426700956127537,"A""",0.8267065565557287,2.519730838477809,0.9406,ok,462.73
1.95,1.2,130.0,87,0.010012559235523437,-2679.8450117727843,-2680.3984482995966,-2680.421856409819,1.7691822738820226,"A""",0.6611536662564725,2.411596911997216,0.9386,ok,370.66
1.95,1.2,135.0,87,0.01088702680498184,-2679.8386977082014,-2680.391976100129,-2680.4154576199176,1.643033627388409,"A""",0.5965471681282043,2.4069674793085305,0.938,ok,383.1
1.95,1.2,125.0,87,0.00932277057782636,-2679.8505626540846,-2680.4041477173473,-2680.4274964492906,1.8816438192627245,"A""",0.7140604582601876,2.419889179814517,0.9391,ok,403.67
2.0,0.8,80.0,87,0.006835631798161398,-2679.8553567866943,-2680.4009111324945,-2680.4229421739747,2.0324453568292595,"A""",0.8529085673614831,2.369599497224286,0.9397,ok,279.43
1.95,1.25,95.0,87,0.007712795846511896,-2679.849555090861,-2680.407731420101,-2680.4316838442705,2.2174148156343687,"A""",0.8306089641171045,2.468485308931891,0.9401,ok,443.63
1.95,1.25,85.0,87,0.007768071634444789,-2679.843835197974,-2680.4037504128437,-2680.428106582957,2.21697589971154,"A""",0.8134406185955833,2.4924023879275903,0.94,ok,479.82
1.95,1.25,80.0,87,0.008057113633009597,-2679.839144040865,-2680.4000233002853,-2680.424673543862,2.192686048342424,"A""",0.8018111820244872,2.507714244236359,0.9398,ok,488.6
1.95,1.25,120.0,87,0.009246626499165744,-2679.842434849309,-2680.398364733759,-2680.4221006317307,1.9462567174110121,"A""",0.7695536423974304,2.406783368194504,0.9387,ok,401.55
1.95,1.25,90.0,87,0.007674358290420665,-2679.8473299956067,-2680.4063251856137,-2680.430450575162,2.2249016681061278,"A""",0.8235854451506283,2.4803455138399397,0.9401,ok,486.55
1.95,1.25,125.0,87,0.009869501000368517,-2679.8378100809014,-2680.393559052096,-2680.4173471817476,1.844964169386586,"A""",0.7286272724235261,2.3987322896336774,0.9381,ok,411.48
1.95,1.25,115.0,87,0.008753500465464678,-2679.846096438726,-2680.402265687065,-2680.42597555539,2.0321398452757595,"A""",0.799131117132687,2.4172959032309915,0.9392,ok,424.35
1.95,1.25,105.0,87,0.008067312826364869,-2679.8502023068913,-2680.407129084084,-2680.430881754013,2.156323376247355,"A""",0.8294763194513682,2.442650891744584,0.9398,ok,430.81
1.95,1.25,100.0,87,0.007848836435888974,-2679.850501959516,-2680.407986863586,-2680.431817175586,2.194634586274232,"A""",0.8330239086512657,2.455862542180602,0.94,ok,468.91
1.95,1.25,110.0,87,0.008366273308994292,-2679.848711088971,-2680.40520502829,-2680.428919102253,2.1022020923908706,"A""",0.818637618909715,2.42952180571767,0.9395,ok,443.58
1.95,1.25,130.0,87,0.010656243554432137,-2679.8323146596026,-2680.3879096452506,-2680.411771903512,1.728955988904136,"A""",0.6754739256072467,2.393837077634907,0.9375,ok,421.22
2.0,0.8,75.0,87,0.006913452070674428,-2679.8486347965686,-2680.3953167598243,-2680.4175516028276,1.9805479372563373,"A""",0.874979191691043,2.3840757134738246,0.9394,ok,411.51
2.0,0.8,120.0,87,0.007140212069620442,-2679.8575835337297,-2680.3992026026694,-2680.420596331846,1.938512975758364,"A""",0.6129566062436497,2.24244373415135,0.9403,ok,281.53
2.0,0.8,90.0,87,0.006725591050277748,-2679.8640071746786,-2680.407722985373,-2680.4294304038044,2.096250781207386,"A""",0.8060326534770503,2.34074209549338,0.94,ok,418.27
2.0,0.8,95.0,87,0.0067003028374050195,-2679.8661031632882,-2680.409119897277,-2680.430708615948,2.107104247342732,"A""",0.7810744067144194,2.3255873795676885,0.9402,ok,421.46
2.0,0.8,100.0,87,0.0067018699577488985,-2679.866821774821,-2680.4092879558157,-2680.430786183173,2.1033120689531715,"A""",0.7544060510802976,2.3097669296877967,0.9403,ok,411.0
2.0,0.8,85.0,87,0.0067721296887051,-2679.8604525210008,-2680.4050154984766,-2680.426870382647,2.0711906358034664,"A""",0.8298764312609216,2.3553231723367567,0.9398,ok,463.44
2.0,0.8,110.0,87,0.006814192744925024,-2679.864454623321,-2680.4062484454857,-2680.4276460869746,2.050780597605468,"A""",0.692615563586618,2.276417770010186,0.9404,ok,417.56
2.0,0.8,105.0,87,0.00673697305020534,-2679.866244570003,-2680.408305564057,-2680.429740529911,2.0845767468866874,"A""",0.7252322512308974,2.2933239518387802,0.9404,ok,433.06
2.0,0.8,115.0,87,0.006944162496733363,-2679.861537688133,-2680.4031900894547,-2680.4245746974043,2.002002383267232,"A""",0.6555327058687859,2.259323414165161,0.9404,ok,428.23
2.0,0.85,105.0,87,0.006819039338251678,-2679.8865508199433,-2680.430117587039,-2680.451817308303,2.0728221372044673,"A""",0.7343194684030042,2.289618209787317,0.9401,ok,284.99
2.0,0.8,135.0,87,0.008305298701909797,-2679.8405069405903,-2680.382416756236,-2680.4039354342076,1.6650412069839642,"A""",0.4450614692128782,2.1994459324501134,0.9397,ok,447.9
2.0,0.85,90.0,87,0.00680298821727212,-2679.8843456764853,-2680.42962262856,-2680.4516052372383,2.0913071930785976,"A""",0.8094255832056879,2.3373719933651143,0.9398,ok,430.54
2.0,0.8,125.0,87,0.007418835548132898,-2679.8526879737947,-2680.394358685562,-2680.4157808011933,1.860760208666914,"A""",0.563984918125336,2.2263273709045985,0.9402,ok,476.32
2.0,0.8,130.0,87,0.007799843968463698,-2679.846956100339,-2680.388735040135,-2680.410200755856,1.769351552310645,"A""",0.5080300577228422,2.211691060315424,0.94,ok,470.2
2.0,0.85,75.0,87,0.0070104041912251855,-2679.8690404463177,-2680.4173123071455,-2680.4398419282516,1.9846788216829108,"A""",0.8728136372536274,2.382828829604966,0.9393,ok,453.81
2.0,0.85,95.0,87,0.006777333575621346,-2679.886429210753,-2680.430989217074,-2680.452848493326,2.099662690413792,"A""",0.7864368265033082,2.3219768220520005,0.94,ok,433.92
2.0,0.85,100.0,87,0.0067804633402237455,-2679.8871374037244,-2680.4311282531935,-2680.4528935733556,2.0936140113298305,"A""",0.7616903922409936,2.306046253666612,0.94,ok,430.68
2.0,0.85,80.0,87,0.006921606193892354,-2679.875732760823,-2680.4228751266055,-2680.445193828972,2.0333062330442684,"A""",0.852486512333395,2.3672874995160864,0.9395,ok,463.07
2.0,0.85,85.0,87,0.006852213020791256,-2679.880806967446,-2680.4269468846715,-2680.449082725026,2.069013891721614,"A""",0.8313202464420594,2.3523579240005925,0.9397,ok,465.98
2.0,0.9,105.0,87,0.006922361882318505,-2679.8964724898487,-2680.441671832606,-2680.4636517374024,2.0599539179100295,"A""",0.743480817868546,2.2858077275416373,0.9398,ok,310.61
2.0,0.85,110.0,87,0.006901749011709162,-2679.8847517191216,-2680.4280319604895,-2680.449693113705,2.037122208504926,"A""",0.703318128062795,2.272860990082013,0.9401,ok,433.41
2.0,0.85,125.0,87,0.007540639737781611,-2679.872949273928,-2680.4160403844962,-2680.4377285636924,1.8418247737330822,"A""",0.577665025880846,2.2241768535637156,0.9398,ok,419.97
2.0,0.9,75.0,87,0.007129342543648844,-2679.879157741824,-2680.4291345679926,-2680.45197960678,1.9866006624191082,"A""",0.8688116229917704,2.380863040611103,0.9392,ok,441.29
2.0,0.85,115.0,87,0.007039644973062925,-2679.8818249852425,-2680.42494348217,-2680.4465914163206,1.9865438651009633,"A""",0.6675896770500521,2.2560650962460325,0.94,ok,470.82
2.0,0.85,120.0,87,0.007246749945908002,-2679.87785932335,-2680.4209226151993,-2680.4425805217306,1.9213101155887948,"A""",0.6260312073966265,2.239649636781428,0.9399,ok,468.1
2.0,0.85,130.0,87,0.007942682241506892,-2679.8671984795733,-2680.4103718809524,-2680.4321066119846,1.748657189519065,"A""",0.5218370622537333,2.210373292819532,0.9395,ok,469.04
2.0,0.85,135.0,87,0.008477223848553197,-2679.8607243667916,-2680.4040004650506,-2680.4257922529555,1.642528537440926,"A""",0.4584713657840622,2.1991569510795173,0.9392,ok,476.75
2.0,0.9,85.0,87,0.006946033994110953,-2679.8908029278286,-2680.438643731214,-2680.4610778496863,2.065294360244351,"A""",0.8316420247012394,2.348843331161195,0.9395,ok,486.66
2.0,0.9,80.0,87,0.007023541336608136,-2679.885777235899,-2680.434628553143,-2680.45725367095,2.0323515273915853,"A""",0.8505808369047694,2.3643131803472768,0.9393,ok,498.71
2.0,0.9,90.0,87,0.006894204942777489,-2679.894309825572,-2680.4412733709723,-2680.4635475094015,2.0850094830872106,"A""",0.8120427377216433,2.33357785407741,0.9396,ok,499.36
2.0,0.9,100.0,87,0.006876934804399825,-2679.8970675590635,-2680.4427096767713,-2680.4647575442464,2.0827660388746,"A""",0.768798236168928,2.302126700377773,0.9398,ok,467.63
2.0,0.9,95.0,87,0.006869733710548638,-2679.8963726830807,-2680.442602165775,-2680.4647477437024,2.0909936752584737,"A""",0.7913407492862927,2.318060890181207,0.9397,ok,499.22
2.0,0.9,110.0,87,0.007014530311335513,-2679.8946678767743,-2680.43956137814,-2680.461501633218,2.0223495068824637,"A""",0.7143146865428273,2.2692840174141264,0.9398,ok,443.22
2.0,0.95,80.0,87,0.007142303607766662,-2679.888416052753,-2680.4390665635833,-2680.4620156806327,2.029590104080666,"A""",0.8471568433501209,2.3607287021046823,0.9391,ok,317.62
2.0,0.9,115.0,87,0.007164936527334577,-2679.8917369843825,-2680.4364482214933,-2680.4583753821817,1.9699364066834888,"A""",0.6801347516435365,2.252863662001669,0.9397,ok,452.26
2.0,0.9,120.0,87,0.0073883432869329595,-2679.8877668869713,-2680.432400525957,-2680.4543389307837,1.9028930087463127,"A""",0.6397643480592733,2.2369832042588373,0.9395,ok,478.3
2.0,0.9,125.0,87,0.007703503243379886,-2679.8828504064495,-2680.4274871079497,-2680.4494581738754,1.821583344116442,"A""",0.5921496565917389,2.222218496020413,0.9393,ok,478.44
2.0,0.9,135.0,87,0.008705187815220934,-2679.8705992281343,-2680.415363246121,-2680.437446200608,1.61847003112302,"A""",0.47288739628452114,2.1991636256234948,0.9387,ok,433.11
2.0,0.9,130.0,87,0.008133450328976262,-2679.8770893617584,-2680.421780970921,-2680.443802110933,1.7265442796406225,"A""",0.5365657389943057,2.2093043670195005,0.939,ok,449.26
2.0,0.95,75.0,87,0.0072737132721630935,-2679.8819123830217,-2680.43367709075,-2680.4568571098903,1.9862555788607847,"A""",0.8629460699954102,2.3782683764008032,0.939,ok,453.68
2.0,0.95,130.0,87,0.008376992908013683,-2679.8795628891608,-2680.4258744270724,-2680.448199627738,1.7031021146792686,"A""",0.5521439215519612,2.2084116007585246,0.9385,ok,317.14
2.0,0.95,90.0,87,0.0069986101745450145,-2679.8968279445708,-2680.4455749366643,-2680.4681558707725,2.077422952962425,"A""",0.8138477245465234,2.329376074778857,0.9394,ok,463.32
2.0,0.95,85.0,87,0.007053282235174393,-2679.893367374761,-2680.4430034554107,-2680.465752013005,2.0600777884427304,"A""",0.8308058465841118,2.3448111369535956,0.9392,ok,476.29
2.0,0.95,110.0,87,0.00715383535339962,-2679.897135084356,-2680.443743252533,-2680.465977817247,2.00654544554837,"A""",0.7255481446424398,2.2656454178253966,0.9394,ok,477.63
2.0,0.95,95.0,87,0.006977038178901549,-2679.8988631291463,-2680.446860553096,-2680.46930724406,2.081172470019579,"A""",0.7957473495646196,2.3138411775053545,0.9394,ok,507.86
2.0,0.95,105.0,87,0.007047532969406758,-2679.8989409332553,-2680.445873483866,-2680.4681484337384,2.0460543671597007,"A""",0.752666115065469,2.2818644093124605,0.9395,ok,501.12
2.0,1.05,75.0,87,0.0076605009615736755,-2679.873243106758,-2680.428735501796,-2680.452641757561,1.978582280809443,"A""",0.8458385054722019,2.371240215066233,0.9385,ok,249.52
2.0,0.95,120.0,87,0.007567881717097562,-2679.8902392529358,-2680.436545435341,-2680.4587806195964,1.883345334196579,"A""",0.6540869004000117,2.2343822201576358,0.9391,ok,498.35
2.0,0.95,100.0,87,0.006991382811846888,-2679.8995428008825,-2680.446935848496,-2680.469280968734,2.0708484217277365,"A""",0.7756872544204936,2.2979946069978667,0.9395,ok,517.05
2.0,1.0,75.0,87,0.0074485949184977165,-2679.8794261541952,-2680.4330353301443,-2680.4565691933126,1.9835970652251405,"A""",0.8552518127570301,2.375077805833813,0.9388,ok,387.35
2.0,0.95,115.0,87,0.007322112371966581,-2679.8942062102733,-2680.4406121298343,-2680.4628342147303,1.952263191873379,"A""",0.6931042473970019,2.2496660870830385,0.9393,ok,517.62
2.0,0.95,125.0,87,0.007911200586748384,-2679.8853249257763,-2680.431609360469,-2680.4538802446996,1.8001213903489817,"A""",0.6073661016503561,2.2203834315004642,0.9389,ok,515.75
2.0,0.95,135.0,87,0.008994964611559618,-2679.8730663275164,-2680.4194190756207,-2680.441811646886,1.5929621737329174,"A""",0.488239275056962,2.199391381647066,0.9381,ok,460.21
2.0,1.0,80.0,87,0.007279666491077559,-2679.885772579709,-2680.4382877849384,-2680.4615777473828,2.025037635399631,"A""",0.8422313499202762,2.356528420190491,0.9389,ok,423.93
2.0,1.0,85.0,87,0.007174191559619892,-2679.8906256864075,-2680.442127925922,-2680.4652063927565,2.0534106425471705,"A""",0.8288155023591794,2.3402381075779695,0.939,ok,415.92
2.0,1.0,90.0,87,0.007115932133683065,-2679.894027236284,-2680.4446320658235,-2680.467534507444,2.068607635269714,"A""",0.8148332732602244,2.324730677939631,0.9391,ok,419.54
2.0,1.0,95.0,87,0.007099056508167381,-2679.896029193656,-2680.445871505109,-2680.4686337588882,2.070263425419442,"A""",0.7996377532064287,2.309268497483931,0.9392,ok,413.02
2.0,1.0,100.0,87,0.007123941217177371,-2679.8966928191862,-2680.4459158195796,-2680.468572753691,2.057924883441756,"A""",0.7823257153451715,2.293586527994177,0.9392,ok,420.55
2.0,1.0,105.0,87,0.007195091116062005,-2679.896086587202,-2680.4448331659337,-2680.4674180909533,2.031184082980106,"A""",0.7618308439126892,2.277710300137955,0.9391,ok,412.2
2.0,1.0,110.0,87,0.007321141446247341,-2679.8942843004734,-2680.442689506642,-2680.465233890429,1.9897659971086168,"A""",0.7369599271199797,2.261853444235023,0.9391,ok,412.42
2.0,1.0,130.0,87,0.00867791834010841,-2679.87675160403,-2680.4247696133816,-2680.4474175509436,1.6783747643820135,"A""",0.5684651338306961,2.2075766327717203,0.938,ok,394.14
2.0,1.05,80.0,87,0.0074384011438714875,-2679.879393695001,-2680.433823023051,-2680.457470323209,2.018708879982483,"A""",0.8358838761165294,2.3516232077969605,0.9386,ok,378.71
2.0,1.0,115.0,87,0.0075133607136398575,-2679.8913640137994,-2680.43954830536,-2680.462081509914,1.9335751784363056,"A""",0.706426536661608,2.246369122007946,0.9389,ok,413.49
2.0,1.05,110.0,87,0.00751789878071688,-2679.887671228161,-2680.4379454663535,-2680.4608160793778,1.9720385754655336,"A""",0.7484890330250784,2.2577401989006365,0.9387,ok,245.92
2.0,1.05,85.0,87,0.0073096522462492205,-2679.884127474443,-2680.4375520226126,-2680.460975618083,2.0453335930351155,"A""",0.8257255246009165,2.3350212261665355,0.9387,ok,381.51
2.0,1.05,95.0,87,0.007235973048068653,-2679.889424290996,-2680.4411757402922,-2680.464268182718,2.0583156571008976,"A""",0.8030206096793826,2.304218338323618,0.9388,ok,386.18
2.0,1.0,120.0,87,0.007788362937728528,-2679.8874081227195,-2680.4354716474936,-2680.4580205690004,1.8627136174964345,"A""",0.6689147653393511,2.2317347800450786,0.9387,ok,482.91
2.0,1.05,100.0,87,0.007275099997553316,-2679.890072132246,-2680.4411922574914,-2680.4641759907176,2.0440395569119847,"A""",0.7886993578581467,2.288763786787311,0.9388,ok,383.57
2.0,1.05,90.0,87,0.0072463655934134905,-2679.8874595134516,-2680.439982930045,-2680.463221527563,2.0586129106157354,"A""",0.8150307914689907,2.31952895427284,0.9388,ok,425.89
2.0,1.05,105.0,87,0.007366513074993547,-2679.889464684959,-2680.4400950174713,-2680.463005538734,2.0153794498722797,"A""",0.7709370430663539,2.273191525239149,0.9388,ok,373.01
2.0,1.1,75.0,87,0.00791732042341042,-2679.864490418673,-2680.421895726662,-2680.4461929730282,1.9711589715108024,"A""",0.8348916215522284,2.366563341028298,0.9382,ok,248.44
2.0,1.0,125.0,87,0.008167526466369382,-2679.882504915556,-2680.430522836495,-2680.453111319936,1.7774827847153216,"A""",0.6232184158150881,2.218554640000542,0.9384,ok,507.52
2.0,1.05,115.0,87,0.007740905275406758,-2679.884766433489,-2680.434803141266,-2680.457664774426,1.9138905244760913,"A""",0.7200157413359917,2.242793595609785,0.9385,ok,368.76
2.0,1.05,120.0,87,0.00805261510560965,-2679.8808298379217,-2680.430726714711,-2680.4536076451614,1.841008026434643,"A""",0.6841365124180752,2.228854918894324,0.9382,ok,379.66
2.0,1.05,125.0,87,0.008476047258708496,-2679.875947066737,-2680.425776467736,-2680.44870185273,1.7536721023198991,"A""",0.6395695989021937,2.2165446969076954,0.9379,ok,375.57
2.0,1.1,90.0,87,0.007390680624834212,-2679.8782615514333,-2680.4327598195555,-2680.456349566892,2.0474677606816907,"A""",0.8145162051640299,2.3135250355449672,0.9385,ok,375.77
2.0,1.15,95.0,87,0.007557485370353489,-2679.869155168709,-2680.4249099668027,-2680.448709658932,2.031364778817045,"A""",0.8084652632564852,2.2913963361572462,0.9381,ok,254.07
2.0,1.1,80.0,87,0.007622455576508339,-2679.8704104267927,-2680.4267962578565,-2680.4508173979248,2.010606195264234,"A""",0.8282619906096816,2.345781682878625,0.9383,ok,410.18
2.0,1.1,95.0,87,0.007388385360651453,-2679.8801868932696,-2680.4339082336237,-2680.4573461309456,2.045354824577341,"A""",0.8059363581591963,2.2984349731315548,0.9385,ok,393.15
2.0,1.1,85.0,87,0.0074613587150096986,-2679.8750070548776,-2680.4304044646665,-2680.4541885192643,2.035871031521248,"A""",0.821646505138132,2.3289202213611486,0.9384,ok,411.98
2.0,1.1,100.0,87,0.007445823341747184,-2679.8808203121207,-2680.4339018875476,-2680.457228339715,2.0292077247164397,"A""",0.7948148194866297,2.2832561206644817,0.9385,ok,403.18
2.0,1.1,105.0,87,0.007562731962069798,-2679.880215485775,-2680.4327970903214,-2680.4560500158746,1.9986437946634685,"A""",0.7799563299519532,2.268022371696167,0.9384,ok,371.29
2.0,1.05,135.0,87,0.009782580816068151,-2679.8637342649386,-2680.4135206446795,-2680.436593518149,1.5377433063160308,"A""",0.5212411691650273,2.199984593285453,0.9369,ok,462.89
2.0,1.05,130.0,87,0.009040607725247344,-2679.8702126465514,-2680.4200171589882,-2680.4430082621443,1.6523645177356117,"A""",0.5853684439961316,2.206615910707634,0.9374,ok,479.36
2.0,1.1,115.0,87,0.00800687430693685,-2679.8755544518217,-2680.4275166668194,-2680.450725706972,1.893186063260329,"A""",0.7337665128062085,2.238631901271155,0.938,ok,394.77
2.0,1.1,110.0,87,0.007745735546415722,-2679.878436549646,-2680.4306502026716,-2680.4538648946427,1.953353091414206,"A""",0.7600702256313239,2.253006549342164,0.9382,ok,415.82
2.0,1.1,125.0,87,0.008839865156751796,-2679.8667929951466,-2680.418512675114,-2680.4417964414342,1.728647759776685,"A""",0.6562233179769444,2.214052066411373,0.9373,ok,409.01
2.0,1.1,120.0,87,0.00836317540486232,-2679.8716456681504,-2680.4234517326227,-2680.446684858287,1.8181943419175501,"A""",0.6996030471435762,2.225433585693406,0.9377,ok,415.54
2.0,1.15,80.0,87,0.007836794354301485,-2679.859652974613,-2680.4180372929372,-2680.442449118338,2.000704350321118,"A""",0.8195795359934462,2.338484864133235,0.938,ok,372.18
2.0,1.15,85.0,87,0.007631826267449383,-2679.8640983193636,-2680.4215202798337,-2680.445680660756,2.025016778698629,"A""",0.8167488190472214,2.3214141732884563,0.9381,ok,373.02
2.0,1.15,130.0,87,0.009966176423685635,-2679.850219086346,-2680.403850741854,-2680.427600212952,1.5962609861630086,"A""",0.6198233390653911,2.2030012124392746,0.9361,ok,277.8
2.0,1.15,75.0,87,0.008228217091592898,-2679.853993592157,-2680.41333889324,-2680.438046070795,1.961249517923228,"A""",0.822660426667115,2.360572274484253,0.9379,ok,407.75
2.0,1.1,130.0,87,0.00946889687286821,-2679.861088086561,-2680.412761121594,-2680.436118306023,1.6250272853089147,"A""",0.6026106993452786,2.2052440103438826,0.9368,ok,442.96
2.0,1.15,90.0,87,0.007550313702637757,-2679.8672698349346,-2680.423801468568,-2680.4477581679043,2.035167300206452,"A""",0.8134136798942336,2.3062010107769524,0.9381,ok,411.09
2.0,1.15,100.0,87,0.007637267790824303,-2679.869776550563,-2680.4248876271113,-2680.448574118021,2.0134027706429407,"A""",0.8007006978135618,2.276532288155033,0.9381,ok,382.11
2.0,1.1,135.0,87,0.010290492732812332,-2679.8546354897007,-2680.406265186569,-2680.4297136271352,1.5079954658437331,"A""",0.5384272006619034,2.1999136442121117,0.9362,ok,444.6
2.0,1.15,105.0,87,0.007785603846155929,-2679.8691787681582,-2680.4237834070586,-2680.4473972570854,1.980933444211661,"A""",0.7888656629296805,2.2616603530324775,0.938,ok,370.23
2.0,1.15,115.0,87,0.008313294911715188,-2679.864568399207,-2680.4185345371243,-2680.442112200136,1.8713828376521702,"A""",0.7475380891962342,2.2333377043702294,0.9375,ok,371.26
2.0,1.15,110.0,87,0.008006796756136109,-2679.8674203765845,-2680.421648575053,-2680.4452271629207,1.9336478468269407,"A""",0.7716245277533297,2.247103520924832,0.9378,ok,375.93
2.0,1.15,125.0,87,0.009261960282166587,-2679.8558834935125,-2680.409579209352,-2680.4332457023647,1.7023087993145412,"A""",0.6728908243413416,2.2105750813439067,0.9367,ok,370.62
2.0,1.15,120.0,87,0.008722696282140258,-2679.860696143556,-2680.414493295836,-2680.438101322802,1.794179850047119,"A""",0.7151028811735773,2.2209402028025425,0.9371,ok,402.93
2.0,1.2,95.0,87,0.007745055114197376,-2679.8569486345345,-2680.4148071869718,-2680.4389866931856,2.0162819797227294,"A""",0.8107075181255137,2.281963418535214,0.9377,ok,245.89
2.0,1.2,75.0,87,0.00860289570747236,-2679.8423586013837,-2680.4036716878177,-2680.428808556006,1.9487284637475386,"A""",0.8094471430314186,2.352134675337734,0.9376,ok,383.26
2.0,1.2,80.0,87,0.008087382948895588,-2679.8477327056185,-2680.408160582883,-2680.4329807519116,1.9889307298220922,"A""",0.8101094199709741,2.328528296559448,0.9376,ok,372.18
2.0,1.2,85.0,87,0.007824468195245333,-2679.852016593929,-2680.411519447681,-2680.4360730151648,2.0127163911918493,"A""",0.8112553894279424,2.311310368135237,0.9377,ok,367.76
2.0,1.15,135.0,87,0.010879818303165974,-2679.843804104392,-2680.397372053075,-2680.421224455482,1.4767122035275153,"A""",0.5555374519099736,2.1991023591898284,0.9355,ok,480.73
2.0,1.2,90.0,87,0.0077274572670326305,-2679.8551023006194,-2680.413731531315,-2680.438072282671,2.021656430862962,"A""",0.8118885180872913,2.296393705227801,0.9377,ok,363.19
2.0,1.25,100.0,87,0.008090104908595687,-2679.844633728403,-2680.404036793366,-2680.428503823416,1.9784556248608431,"A""",0.8119098284296203,2.2533955103762078,0.9371,ok,244.23
2.0,1.2,100.0,87,0.007851269819532668,-2679.8575612372947,-2680.414776858293,-2680.4388426777227,1.9965399406619901,"A""",0.8063942883753247,2.267469473366516,0.9376,ok,393.94
2.0,1.2,105.0,87,0.008036702580734684,-2679.856975348659,-2680.4136823286062,-2680.4376779002364,1.9621434361764207,"A""",0.7976288785069067,2.2529999820899214,0.9375,ok,392.25
2.0,1.2,120.0,87,0.009133319275561887,-2679.84860234831,-2680.4044816020046,-2680.4284905074246,1.7687971405083707,"A""",0.7303151508737219,2.214406350594513,0.9365,ok,370.89
2.0,1.2,110.0,87,0.008303002346399387,-2679.8552436947602,-2680.411569428119,-2680.4355343087905,1.9127929511333273,"A""",0.7830353017833245,2.2389525831300037,0.9372,ok,402.72
2.0,1.2,115.0,87,0.008662303487092488,-2679.8524293167443,-2680.4084862064074,-2680.43245660606,1.848329814505137,"A""",0.7611186777360172,2.225877140462479,0.9369,ok,404.66
2.0,1.2,125.0,87,0.009744537180375486,-2679.843839721714,-2680.3996072465015,-2680.4236845232476,1.6744792276570275,"A""",0.6891300216989751,2.2052314015351318,0.9359,ok,401.46
2.0,1.25,120.0,87,0.009596718136977711,-2679.8358235296987,-2680.3938857597946,-2680.4183255996486,1.741785731252746,"A""",0.7447137207275738,2.203932179710326,0.9357,ok,358.23
2.0,1.25,90.0,87,0.007925117705686465,-2679.8422162223287,-2680.403014130454,-2680.4277579233917,2.0068072084510726,"A""",0.8101278327917014,2.281122281575853,0.9373,ok,409.39
2.0,1.25,95.0,87,0.00795356580864327,-2679.844025971148,-2680.4040659305724,-2680.4286455031033,1.999963815679788,"A""",0.8127701509306072,2.2673089442451526,0.9373,ok,407.99
2.0,1.25,85.0,87,0.008043616186021296,-2679.8392166104504,-2680.4008626229215,-2680.425827794152,1.9988425951710482,"A""",0.805424243586901,2.2954978196927085,0.9373,ok,428.57
2.05,0.8,95.0,87,0.006976492209001992,-2679.8593377731468,-2680.4041798961907,-2680.4264029298274,1.8920430153594403,"A""",0.7465117012985515,2.0978697935191866,0.9367,ok,282.12
2.0,1.25,105.0,87,0.008318257567901584,-2679.8440648094506,-2680.4029612838635,-2680.427362233686,1.9420784672404932,"A""",0.8061610264835294,2.2395304197308485,0.9369,ok,396.85
2.0,1.2,135.0,87,0.011553528326746446,-2679.831861740468,-2680.387475325704,-2680.4117650194175,1.4437340971248211,"A""",0.5718933683327091,2.196878438618246,0.9346,ok,473.02
2.0,1.25,110.0,87,0.008636766306963004,-2679.8423660732387,-2680.400880960676,-2680.4252578002183,1.890569903863118,"A""",0.7940907514120323,2.22622171989083,0.9366,ok,406.8
2.0,1.25,75.0,87,0.00905131124741592,-2679.8300301676227,-2680.3933408594066,-2680.418928578935,1.933392033266124,"A""",0.7955740306281702,2.3383230407825546,0.9372,ok,466.15
2.0,1.25,130.0,87,0.011175857483599914,-2679.8255707465405,-2680.383435152554,-2680.408065890523,1.5336600876862099,"A""",0.6515729361201497,2.1921559917334865,0.9344,ok,390.73
2.0,1.25,115.0,87,0.009055883171212652,-2679.839596634935,-2680.3978402636585,-2680.422231148863,1.8237837239567174,"A""",0.7741517426728577,2.2141218984144206,0.9362,ok,418.69
2.0,1.25,125.0,87,0.010289153722013203,-2679.831120773319,-2680.389066617966,-2680.4135873630753,1.6448927729798373,"A""",0.7042305835399475,2.196366385510715,0.9351,ok,408.26
2.0,1.25,80.0,87,0.008381052050468617,-2679.8351002482327,-2680.3976212062935,-2680.422868712427,1.9751373444088742,"A""",0.8001618924245573,2.312770078443188,0.9372,ok,485.97
2.05,0.8,75.0,87,0.0072023098727501495,-2679.8440741906006,-2680.3924107873736,-2680.415267872944,1.7757303642631705,"A""",0.843586306539378,2.1557017013176902,0.936,ok,409.19
2.05,0.8,80.0,87,0.007118097111543005,-2679.8500910322023,-2680.3973395823264,-2680.4199919770695,1.824805386226666,"A""",0.8195770234234662,2.141049916424964,0.9362,ok,409.52
2.05,0.8,85.0,87,0.00704984267690599,-2679.854592296568,-2680.400890757119,-2680.4233686199545,1.8608418458349683,"A""",0.7954554602336532,2.1268195650853445,0.9364,ok,413.16
2.05,0.8,125.0,87,0.007882629587749556,-2679.844756010152,-2680.388590053066,-2680.4107700597415,1.6408845611734049,"A""",0.5349313330734176,2.0070021506649347,0.9362,ok,288.85
2.0,1.2,130.0,87,0.010534572621677018,-2679.8382269713793,-2680.393918466692,-2680.4180906758975,1.5658908092199844,"A""",0.6364429773842466,2.1991068540000147,0.9353,ok,589.59
2.05,0.8,90.0,87,0.007000909935551391,-2679.857650705791,-2680.4031456294215,-2680.425480286342,1.8833995576531244,"A""",0.7712423388037175,2.1125163806357534,0.9365,ok,448.77
2.05,0.8,100.0,87,0.006983365826288028,-2679.859724842383,-2680.404065526907,-2680.426208292982,1.8864113594288616,"A""",0.7205426316255532,2.082782717544461,0.9367,ok,420.79
2.05,0.8,105.0,87,0.007029929339908633,-2679.8588840167217,-2680.4028715054196,-2680.4249647327642,1.8662610844204939,"A""",0.6924043265156119,2.06730082780871,0.9368,ok,426.81
2.05,0.8,110.0,87,0.007127136847170758,-2679.8568889475027,-2680.400664132217,-2680.422737685596,1.8314993364412855,"A""",0.6609946195857007,2.0515986633413403,0.9367,ok,423.93
2.05,0.8,120.0,87,0.007533095720386896,-2679.8497431013648,-2680.3934618871167,-2680.415580686984,1.718541075299857,"A""",0.583446622166621,2.02091060538614,0.9365,ok,427.59
2.05,0.8,115.0,87,0.007288904710280925,-2679.8538155599203,-2680.397507053456,-2680.4195896483893,1.782189877065268,"A""",0.6250926143752472,2.0359836946347745,0.9366,ok,457.88
2.05,0.85,115.0,87,0.007379141679624406,-2679.8741876943036,-2680.4193567689213,-2680.4417069297733,1.7685327213811277,"A""",0.6374869499171859,2.0346307159672983,0.9363,ok,282.2
2.05,0.85,75.0,87,0.007307663157604186,-2679.8645567501544,-2680.414466989207,-2680.437616212884,1.7787531388172642,"A""",0.8451616825675926,2.1565965954295114,0.936,ok,431.99
2.05,0.8,135.0,87,0.009017122104451998,-2679.8324214777463,-2680.3766297492143,-2680.398992836132,1.445335984419543,"A""",0.4149243598771443,1.9861900714643153,0.9354,ok,440.48
2.05,0.8,130.0,87,0.00836572447251266,-2679.8389470053994,-2680.3829557933736,-2680.40521881302,1.5496498276330268,"A""",0.47878595214016284,1.99507762216378,0.9358,ok,457.12
2.05,0.85,80.0,87,0.007210235172626883,-2679.8705429391593,-2680.419369149467,-2680.442308376815,1.825024205425123,"A""",0.8223343375274054,2.140675240441917,0.9361,ok,444.95
2.05,0.85,85.0,87,0.007134260843973868,-2679.8750223659326,-2680.42289223482,-2680.4456516155647,1.8584497908686965,"A""",0.7995441881635873,2.1256503259104806,0.9363,ok,464.46
2.05,0.85,90.0,87,0.007081040798354883,-2679.8780650180156,-2680.4251194604267,-2680.4477308975365,1.8786305810254262,"A""",0.7767861822780641,2.110862370680143,0.9364,ok,451.82
2.05,0.9,110.0,87,0.0073212133115015746,-2679.887258328261,-2680.434153403281,-2680.4567777967327,1.8061808087994693,"A""",0.6838723833657582,2.048157613773712,0.9362,ok,285.58
2.05,0.85,100.0,87,0.007061661595002565,-2679.880118210881,-2680.4259878150556,-2680.4484006177922,1.8775842085588352,"A""",0.7291270961831545,2.0807681090978805,0.9365,ok,420.34
2.05,0.85,95.0,87,0.00705471689943479,-2679.8797403211415,-2680.4261272945705,-2680.4486232547533,1.8851365775820104,"A""",0.7535764645312973,2.095948818336741,0.9365,ok,423.1
2.05,0.85,105.0,87,0.007110108235426025,-2679.8792698095976,-2680.4247697149654,-2680.4471311075517,1.8556961976176702,"A""",0.7024336056436103,2.0653495966907043,0.9365,ok,418.01
2.05,0.85,110.0,87,0.007211158649317391,-2679.877267955452,-2680.42253853892,-2680.4448794279742,1.8193387931449923,"A""",0.6723200330155288,2.0498662193030963,0.9365,ok,451.86
2.05,0.85,120.0,87,0.007632711504840123,-2679.870107223654,-2680.4152846428183,-2680.4376723366126,1.703445173647129,"A""",0.5966012808907291,2.0201039240089864,0.9361,ok,449.23
2.05,0.9,75.0,87,0.0074361155507677735,-2679.8747267417284,-2680.426328355227,-2680.4497909604115,1.7797717298472593,"A""",0.8449623366882253,2.1569653760917804,0.9359,ok,433.14
2.05,0.9,95.0,87,0.007148662491909183,-2679.889749429582,-2680.4378105747146,-2680.460595916609,1.8770952795252585,"A""",0.7601668803446017,2.0937942396545477,0.9363,ok,417.06
2.05,0.85,130.0,87,0.008498896137673542,-2679.8592866547524,-2680.4047124266604,-2680.427250615389,1.5317123119048701,"A""",0.49223770225054475,1.9958750992004557,0.9354,ok,462.72
2.05,0.85,125.0,87,0.007995795772303011,-2679.8651097605903,-2680.4103822147317,-2680.432833588878,1.624371375729969,"A""",0.5484591866197623,2.0069123704198164,0.9358,ok,475.24
2.05,0.9,100.0,87,0.007158237754809848,-2679.890116616862,-2680.4376446244764,-2680.460343599189,1.8676994880648026,"A""",0.7374992281278847,2.0786149182689253,0.9363,ok,422.98
2.05,0.9,80.0,87,0.007318999500211854,-2679.8806443451062,-2680.4311722332327,-2680.454417751031,1.8235840455791867,"A""",0.8236630711688839,2.1397866525369675,0.936,ok,460.42
2.05,0.9,85.0,87,0.007232826918739422,-2679.8850786105522,-2680.43464711087,-2680.4577060753363,1.8546382843401767,"A""",0.8025449201043469,2.1240454843814205,0.9361,ok,468.76
2.05,0.85,135.0,87,0.009179091317280905,-2679.852741781948,-2680.3983445068866,-2680.420988115498,1.4259468849659962,"A""",0.4278118098516084,1.9880415133282017,0.9349,ok,484.73
2.05,0.9,90.0,87,0.007175299913611927,-2679.8880922355224,-2680.4368349258416,-2680.459740233531,1.8726106373724827,"A""",0.781562958739102,2.1088731486971044,0.9362,ok,461.43
2.05,0.9,105.0,87,0.007212146639051315,-2679.889262561413,-2680.4364042799257,-2680.4590498954617,1.844118315788891,"A""",0.712482165015462,2.0633454379726155,0.9363,ok,433.39
2.05,0.95,85.0,87,0.007345043110103602,-2679.887689772259,-2680.439054398758,-2680.4624298094636,1.849475391651746,"A""",0.8043859758797438,2.122035478911888,0.9359,ok,294.87
2.05,0.9,115.0,87,0.007500244022597708,-2679.8841774109874,-2680.430952589411,-2680.453586740411,1.7538673484630036,"A""",0.6502952358760062,2.0333696829757524,0.936,ok,464.41
2.05,0.9,120.0,87,0.0077686429949552676,-2679.8800964650663,-2680.426860141195,-2680.449533508476,1.6873066483517587,"A""",0.610338976763024,2.019448574387138,0.9357,ok,460.9
2.05,0.9,125.0,87,0.00815180385880719,-2679.8750971195377,-2680.421934315123,-2680.4446743113094,1.606762253659309,"A""",0.5627206820344486,2.007022984905006,0.9354,ok,435.55
2.05,0.9,130.0,87,0.008681820295647218,-2679.8692690692797,-2680.416236404893,-2680.4390675355116,1.5126127613821887,"A""",0.5065478819414234,1.9969089108955274,0.9349,ok,438.94
2.05,0.9,135.0,87,0.009399005492171568,-2679.862714395398,-2680.4098338174945,-2680.4327763582173,1.4053225033292387,"A""",0.44165677865395087,1.9901491072212492,0.9344,ok,436.39
2.05,0.95,75.0,87,0.007591380912825119,-2679.8775128290686,-2680.4308911177122,-2680.4546872923006,1.7787633297425596,"A""",0.8429042030091661,2.156890549348534,0.9358,ok,437.43
2.05,0.95,120.0,87,0.007943607553007203,-2679.882643652447,-2680.4310968207915,-2680.4540724561707,1.670232524277621,"A""",0.6245891434791504,2.018898957144842,0.9353,ok,286.59
2.05,0.95,80.0,87,0.007445163293298157,-2679.8833234329286,-2680.435646135603,-2680.4592162241506,1.8205204367202752,"A""",0.8234834363019544,2.138432213512435,0.9359,ok,467.28
2.05,0.95,90.0,87,0.007282804219486514,-2679.8906619667523,-2680.4411928394616,-2680.4644079660416,1.8654246481025523,"A""",0.7855079619440866,2.10656695500702,0.936,ok,446.8
2.05,0.95,95.0,87,0.007257530822558952,-2679.8922955352446,-2680.4421323075107,-2680.465222500131,1.8680143613470002,"A""",0.76622024019,2.091412995071961,0.936,ok,446.91
2.05,0.95,105.0,87,0.007336345764008929,-2679.891793951838,-2680.440680417817,-2680.463625639439,1.8316290786387834,"A""",0.7224864318174498,2.061271947996891,0.936,ok,458.89
2.05,0.95,100.0,87,0.007272933956680165,-2679.8926511978952,-2680.4419399137337,-2680.464940344815,1.8568563440549053,"A""",0.7455951107090801,2.0763180418178533,0.936,ok,459.19
2.05,0.95,110.0,87,0.007458318016096716,-2679.889792177952,-2680.43841505714,-2680.4613386204,1.7921286941542227,"A""",0.6955850659481362,2.0464454119703577,0.9358,ok,457.87
2.05,1.05,75.0,87,0.00800741470965939,-2679.868855725854,-2680.425945078119,-2680.450466854484,1.7706310107435224,"A""",0.8331868893102488,2.1555250344384462,0.9355,ok,253.31
2.05,0.95,115.0,87,0.007653997579772221,-2679.8867171876645,-2680.435201891124,-2680.458136112905,1.7382984340034644,"A""",0.663448730608136,2.032163486919779,0.9356,ok,460.39
2.05,0.95,135.0,87,0.009682273679639652,-2679.8652734983707,-2680.414010361268,-2680.4372704419075,1.3835877119464086,"A""",0.4564045383372482,1.9924534731624362,0.9338,ok,435.98
2.05,1.0,85.0,87,0.007471022718066131,-2679.8849829470278,-2680.438217470596,-2680.4619255130924,1.8430327632027725,"A""",0.8050325987458768,2.119613195206355,0.9357,ok,372.27
2.05,0.95,125.0,87,0.00835384703551931,-2679.8776513024527,-2680.426156004896,-2680.449201788544,1.5881678928743292,"A""",0.5776448865309188,2.007281857201524,0.935,ok,444.29
2.05,0.95,130.0,87,0.008918929773488248,-2679.8718279055015,-2680.420438771404,-2680.443580678129,1.492467115965391,"A""",0.5216529116470131,1.998122890074872,0.9345,ok,443.24
2.05,1.0,75.0,87,0.007779269025268297,-2679.875040022508,-2680.4302536346963,-2680.45440293135,1.7757176431189483,"A""",0.8389619777926435,2.1564133877940974,0.9357,ok,411.36
2.05,1.0,80.0,87,0.007590788193150567,-2679.8807059752153,-2680.4348916632903,-2680.458803874885,1.815878066087553,"A""",0.8217621682109154,2.1366197944353438,0.9357,ok,408.3
2.05,1.0,105.0,87,0.007483093360115008,-2679.8889946040363,-2680.4397085889914,-2680.4629687903125,1.8183139235385484,"A""",0.7323879913054608,2.059081046584891,0.9357,ok,378.7
2.05,1.0,90.0,87,0.007403046898831786,-2679.887902583568,-2680.4402988829797,-2680.463839206593,1.8571559825436115,"A""",0.7885831950499823,2.103926804853588,0.9358,ok,388.6
2.05,1.0,95.0,87,0.007380930567048979,-2679.8895080354723,-2680.441199870119,-2680.46460992711,1.8579787935691081,"A""",0.7716971651749429,2.0887783123660513,0.9358,ok,401.38
2.05,1.0,100.0,87,0.007405632918767383,-2679.889852081224,-2680.440982871257,-2680.4642998416252,1.8451421130268622,"A""",0.7533669730255178,2.073840689877457,0.9358,ok,402.31
2.05,1.0,110.0,87,0.007623654880846051,-2679.887000457788,-2680.437435017785,-2680.4606736007145,1.7772647747820625,"A""",0.7073917400161988,2.044671426774753,0.9355,ok,392.69
2.05,1.0,130.0,87,0.009214534770439568,-2679.8690952042834,-2680.4194357309457,-2680.4429070998567,1.471355656381667,"A""",0.5374626046931643,1.9994341963553968,0.934,ok,387.1
2.05,1.0,125.0,87,0.00860540365967692,-2679.874903995508,-2680.4251620153336,-2680.4485314417407,1.5686658775725821,"A""",0.5931445213827993,2.007609011426273,0.9345,ok,399.48
2.05,1.05,110.0,87,0.007818543193130672,-2679.8804387806676,-2680.432758070126,-2680.456328314328,1.7616507277280018,"A""",0.7192254935055641,2.0427380572657334,0.9351,ok,244.7
2.05,1.0,115.0,87,0.007842335473165018,-2679.8839382150777,-2680.4342171531634,-2680.457467892938,1.721905436429776,"A""",0.6768730211701315,2.0309448306523032,0.9353,ok,465.54
2.05,1.05,90.0,87,0.00753614589546201,-2679.8813669539363,-2680.4356919907837,-2680.459572784365,1.8478821410070807,"A""",0.790785871292741,2.1008940965709395,0.9355,ok,365.21
2.05,1.0,120.0,87,0.008160244664520006,-2679.879880207721,-2680.43010820409,-2680.453403228053,1.6523002845482608,"A""",0.6392708717575211,2.018380428281355,0.9349,ok,476.08
2.05,1.05,80.0,87,0.007759091690328246,-2679.8743412327212,-2680.430441697768,-2680.454713307374,1.8097046256797402,"A""",0.8185289498062038,2.134308513166451,0.9355,ok,414.65
2.05,1.05,95.0,87,0.007518748004413018,-2679.8829409791592,-2680.4365545409323,-2680.460299633475,1.8470684896913643,"A""",0.7765760509655987,2.085823740345124,0.9355,ok,376.09
2.05,1.05,100.0,87,0.007556504887690724,-2679.8832741035844,-2680.436316122646,-2680.4599650530536,1.8326304596198477,"A""",0.7607809935352128,2.0711065617068325,0.9355,ok,385.19
2.05,1.05,85.0,87,0.007611825100900582,-2679.878509368308,-2680.4336725493317,-2680.457729149779,1.835380432317025,"A""",0.8044965333178716,2.1167270404502667,0.9355,ok,419.49
2.05,1.05,105.0,87,0.007653131009931313,-2679.8824198430716,-2680.435032622872,-2680.4586237438984,1.8042407592069927,"A""",0.7421378031329946,2.056685804761111,0.9353,ok,368.9
2.05,1.1,80.0,87,0.007954697906664147,-2679.865362540214,-2680.423422158661,-2680.448070532665,1.8020421881277071,"A""",0.8138819478420167,2.131387778121985,0.9353,ok,278.75
2.05,1.05,120.0,87,0.008421195419246498,-2679.873362142462,-2680.4254409903597,-2680.4490736944545,1.6335610197353956,"A""",0.6542831193501094,2.0177796085472774,0.9345,ok,371.05
2.05,1.05,115.0,87,0.0080672231808884,-2679.8773963111844,-2680.4295440688193,-2680.4531287580603,1.7047440998287011,"A""",0.6904840786920367,2.0296069147641966,0.9349,ok,414.93
2.05,1.05,125.0,87,0.008909967924883359,-2679.8684114785965,-2680.4205002823514,-2680.4442125856167,1.5483048367674324,"A""",0.6091036640954213,2.007888362459046,0.934,ok,458.35
2.05,1.05,135.0,87,0.010459488915093854,-2679.8561057951842,-2680.4083303773427,-2680.432286302274,1.3370975395604652,"A""",0.488200790017046,1.997289674710895,0.9327,ok,431.29
2.05,1.15,90.0,87,0.007844456664418598,-2679.8612174962695,-2680.419577195255,-2680.444186634947,1.8265520723117643,"A""",0.7927946079799405,2.093063046993614,0.935,ok,298.65
2.05,1.1,100.0,87,0.007726200017083522,-2679.8740570992763,-2680.4290762344276,-2680.4530734032232,1.819374652706976,"A""",0.767826735463011,2.0679772017110043,0.9351,ok,386.72
2.05,1.1,105.0,87,0.007847591939970623,-2679.8732099750846,-2680.4277901679266,-2680.451729258075,1.7894540153102259,"A""",0.7516972684598089,2.053937701619775,0.935,ok,386.88
2.05,1.05,130.0,87,0.0095725922104146,-2679.862627611287,-2680.4147767430236,-2680.438597842133,1.4493280264012625,"A""",0.5538428371240457,2.0007267107104605,0.9335,ok,468.67
2.05,1.1,90.0,87,0.007682786730288537,-2679.8721928071445,-2680.428505027978,-2680.4527419312503,1.8376669295135626,"A""",0.7921593295040933,2.0973492537572422,0.9353,ok,420.78
2.05,1.1,95.0,87,0.0076714364241408815,-2679.873733388797,-2680.4293312736354,-2680.453427162585,1.8353429088724367,"A""",0.7808749783278024,2.08242254581804,0.9352,ok,427.52
2.05,1.1,75.0,87,0.008285389999521393,-2679.8600904843634,-2680.4190864986754,-2680.4440002734977,1.7634974036995095,"A""",0.825710463888682,2.1541457770724093,0.9354,ok,462.56
2.05,1.1,85.0,87,0.007769296777053549,-2679.8694048732154,-2680.426549506866,-2680.4509707711845,1.8265789186863215,"A""",0.8028474968483467,2.1132607531225855,0.9353,ok,455.52
2.05,1.1,120.0,87,0.008728951630896433,-2679.864230414713,-2680.4182354709505,-2680.4422259073112,1.6140344913712201,"A""",0.669493808695739,2.016924082393355,0.934,ok,421.55
2.05,1.1,125.0,87,0.00927053042350768,-2679.8593149697663,-2680.4133122713647,-2680.43738868943,1.527101161410607,"A""",0.6253549836774285,2.00794811492312,0.9335,ok,424.6
2.05,1.15,80.0,87,0.008183674592891,-2679.8546022853793,-2680.414664645198,-2680.4397076249543,1.7929177360558584,"A""",0.8079892316563457,2.1276282805149167,0.935,ok,386.67
2.05,1.1,115.0,87,0.008330627083085157,-2679.868232233126,-2680.422321967809,-2680.446259572327,1.6868405562681417,"A""",0.7041839197968721,2.0279810280657387,0.9344,ok,446.17
2.05,1.15,75.0,87,0.008624373465168643,-2679.8495730970326,-2680.4105036423894,-2680.435829504256,1.7542993755262832,"A""",0.8167392310679942,2.1520715440060503,0.9351,ok,415.04
2.05,1.1,110.0,87,0.008044284531839007,-2679.8712477219983,-2680.4255227191497,-2680.4494425819216,1.7453216018454165,"A""",0.7310196065246098,2.040485119378594,0.9348,ok,453.55
2.05,1.15,85.0,87,0.007946383681339953,-2679.8585047563747,-2680.4176843900314,-2680.4424869960235,1.816669815536603,"A""",0.8002146938626885,2.1089837734797596,0.935,ok,402.93
2.05,1.1,135.0,87,0.010962522981670057,-2679.8470782260115,-2680.4011698914546,-2680.4255086174344,1.312416288858337,"A""",0.5048814320682395,1.999558706118758,0.9321,ok,465.52
2.05,1.1,130.0,87,0.009996905494256723,-2679.853566718328,-2680.407604738529,-2680.4317981482623,1.4264003772402434,"A""",0.5705970993856408,2.0018368851539057,0.9329,ok,476.11
2.05,1.15,135.0,87,0.011546794058103391,-2679.8363099817507,-2680.3923604237407,-2680.4171097217495,1.2867628572163379,"A""",0.521667442126482,2.0014633843079825,0.9314,ok,294.49
2.05,1.15,100.0,87,0.007915817587336154,-2679.8630405066597,-2680.4201059292063,-2680.444468943079,1.8053986493909782,"A""",0.7745186374404778,2.0642113079095514,0.9348,ok,427.17
2.05,1.15,95.0,87,0.007840037613803925,-2679.8627239350003,-2680.4203714012933,-2680.4448349018385,1.8228365185938162,"A""",0.7846472124853124,2.078341333024483,0.9349,ok,460.55
2.05,1.15,120.0,87,0.00908544041518486,-2679.8533252885477,-2680.4093374979475,-2680.433708114217,1.5936987604526636,"A""",0.6847313945005067,2.015542303406479,0.9335,ok,413.17
2.05,1.15,115.0,87,0.008634152455655172,-2679.8572861362627,-2680.4133958856423,-2680.437707479147,1.668182199172709,"A""",0.7178553406888846,2.025794443376843,0.934,ok,465.99
2.05,1.15,130.0,87,0.010490166213166242,-2679.842753241038,-2680.3987678715803,-2680.4233592902933,1.4025455458834175,"A""",0.5874337872855179,2.00252275613807,0.9323,ok,434.23
2.05,1.15,105.0,87,0.00806798018347461,-2679.8622048400994,-2680.41882486299,-2680.4431305697176,1.773965227872459,"A""",0.7610402991928079,2.050579695690309,0.9346,ok,500.04
2.05,1.15,125.0,87,0.009689322332842842,-2679.848454914238,-2680.404444874239,-2680.4289093752614,1.5050276469184705,"A""",0.6416674152283053,2.0075277882605818,0.933,ok,461.58
2.05,1.15,110.0,87,0.008302531939816643,-2679.860267321566,-2680.416573305629,-2680.4408625865753,1.7282762451273468,"A""",0.7427052215493644,2.037646289287193,0.9343,ok,504.2
2.05,1.2,75.0,87,0.00903700934439685,-2679.837912694768,-2680.40080591677,-2680.426564964331,1.742993310696726,"A""",0.8065444282177457,2.148851482617434,0.9349,ok,398.0
2.05,1.2,95.0,87,0.008026286053236976,-2679.8505326027016,-2680.4103009298174,-2680.43515041132,1.809549784279056,"A""",0.7879792898369395,2.073130003277434,0.9345,ok,286.26
2.05,1.2,80.0,87,0.008453531259509373,-2679.842673871312,-2680.4047852426975,-2680.4302415865263,1.782331762857743,"A""",0.8010838293855448,2.1225552050215213,0.9347,ok,406.14
2.05,1.2,85.0,87,0.008147162328544939,-2679.8464256275315,-2680.4076980487403,-2680.4328996987315,1.805666221834828,"A""",0.796784288599246,2.1034349473118445,0.9347,ok,398.96
2.05,1.2,90.0,87,0.008023519950162476,-2679.849059747562,-2680.409532509672,-2680.4345321768237,1.8145481389539935,"A""",0.79282866404098,2.0875852160772133,0.9346,ok,403.71
2.05,1.2,105.0,87,0.008315701646590387,-2679.8500253604348,-2680.408764624278,-2680.43345771112,1.7577435998956792,"A""",0.77014487152716,2.0461475307600265,0.9342,ok,427.51
2.05,1.2,100.0,87,0.008126992101216004,-2679.850844968946,-2680.410032401274,-2680.4347807162576,1.790688285322647,"A""",0.7808909098508615,2.059350843589468,0.9344,ok,434.7
2.05,1.25,80.0,87,0.00877282488696804,-2679.8300297629867,-2680.3942404152776,-2680.4201303338796,1.7702442611703124,"A""",0.7934505851291042,2.1151218951025776,0.9344,ok,383.87
2.05,1.25,115.0,87,0.009370368117250335,-2679.832370173769,-2680.3927868555625,-2680.4179212802574,1.6282869230848969,"A""",0.7443838264579512,2.01746749279604,0.9329,ok,285.3
2.05,1.25,75.0,87,0.009536216318705592,-2679.825556929455,-2680.3904425300475,-2680.41665750673,1.7294951869397501,"A""",0.7954469002095996,2.1434659527154367,0.9346,ok,398.11
2.05,1.2,115.0,87,0.008980357789235683,-2679.845178973446,-2680.4033947905505,-2680.4281041651193,1.6487058919662227,"A""",0.7313372571307857,2.0225797841733226,0.9335,ok,436.78
2.05,1.2,120.0,87,0.009493040278973327,-2679.841267674309,-2680.399376667946,-2680.4241529918427,1.5724793579048286,"A""",0.6997517110150224,2.0131807379480247,0.933,ok,433.08
2.05,1.25,90.0,87,0.008223214474038804,-2679.8361775269937,-2680.3988353226155,-2680.424244735604,1.8016219696623588,"A""",0.7924315303207002,2.0799459436001966,0.9343,ok,400.63
2.05,1.25,85.0,87,0.008376781813246916,-2679.8336233453056,-2680.3970518116425,-2680.4226717656197,1.793539711359082,"A""",0.7927873882755693,2.0956042288497287,0.9343,ok,407.13
2.05,1.25,95.0,87,0.008232619422561812,-2679.837618503811,-2680.3995859544434,-2680.4248419199494,1.7954365254942888,"A""",0.7909757727988802,2.065844445823264,0.9341,ok,403.78
2.05,1.25,100.0,87,0.008361883879675066,-2679.837930108513,-2680.3993226805524,-2680.4244781995753,1.7751795370116061,"A""",0.7869769021536674,2.0524648981953515,0.9339,ok,400.34
2.05,1.2,110.0,87,0.008595278167505953,-2679.84811856568,-2680.406538271464,-2680.431219199701,1.7104666882229422,"A""",0.7541959057221268,2.033750340791113,0.9339,ok,473.76
2.05,1.2,125.0,87,0.010168651873159712,-2679.8364522009683,-2680.3945284824395,-2680.41940854076,1.48200406005794,"A""",0.6577034300602685,2.0062029628273113,0.9323,ok,464.29
2.05,1.2,135.0,87,0.012214594338274173,-2679.824422186707,-2680.3825347962006,-2680.4077271313963,1.2600675403962884,"A""",0.5380390316349197,2.002671261912897,0.9307,ok,461.35
2.05,1.2,130.0,87,0.011054550648736422,-2679.830808126817,-2680.3888976181165,-2680.4139167929,1.3776847349935006,"A""",0.6039190961619775,2.0024018843302214,0.9316,ok,483.47
2.1,0.8,105.0,87,0.00734567076084596,-2679.85095938793,-2680.3969827197125,-2680.4197986713175,1.6656478183987855,"A""",0.6562119515500539,1.864111107596578,0.9328,ok,282.0
2.05,1.25,105.0,87,0.008592942033819545,-2679.837131280462,-2680.3980769786344,-2680.423180978302,1.7407045634113991,"A""",0.7789643791262925,2.0397197245311753,0.9337,ok,459.48
2.05,1.25,110.0,87,0.008924542839414256,-2679.8352610934166,-2680.395885463632,-2680.420983357676,1.6917872992676453,"A""",0.7653524700543795,2.0278943187204583,0.9333,ok,462.58
2.05,1.25,120.0,87,0.009953269496282917,-2679.8285167432077,-2680.388821610069,-2680.41403306932,1.5502376934969633,"A""",0.7141784674315921,2.009025929636024,0.9323,ok,435.43
2.05,1.25,130.0,87,0.01169140069005144,-2679.8181901114626,-2680.3784640078043,-2680.40394577303,1.3516761703630373,"A""",0.6193905034744294,2.0008214640494395,0.9307,ok,452.88
2.1,0.8,80.0,87,0.007432300252677701,-2679.8440012748233,-2680.3930332198033,-2680.416363135273,1.633705019503465,"A""",0.7826598846189984,1.9347876472068055,0.9324,ok,426.04
2.05,1.25,125.0,87,0.010709918428312199,-2679.8237657611567,-2680.3840323183676,-2680.409359839176,1.4578855477300572,"A""",0.6729439759021265,2.0032315527021938,0.9316,ok,465.49
2.1,0.8,75.0,87,0.007526613690612555,-2679.8386173725717,-2680.3886970506273,-2680.412232876995,1.5875622736728197,"A""",0.8081074134104854,1.9493744678634972,0.9323,ok,431.59
2.1,0.8,90.0,87,0.007302803623253839,-2679.850590033218,-2680.397958290041,-2680.4209776336775,1.6872307652121377,"A""",0.7334637417795388,1.906888966318139,0.9327,ok,446.75
2.1,0.8,100.0,87,0.00728838912311033,-2679.852020872958,-2680.3983392607297,-2680.421187948418,1.686773268874659,"A""",0.6836315008285991,1.8785694815171239,0.9328,ok,432.63
2.1,0.8,85.0,87,0.00735639753971981,-2679.8479714748655,-2680.396096631867,-2680.419253968905,1.6670470879964232,"A""",0.7578222834687484,1.9207823377955238,0.9326,ok,471.04
2.1,0.85,75.0,87,0.00764465814649933,-2679.859176893369,-2680.410809964652,-2680.4346347676947,1.5895227160967826,"A""",0.813068285345025,1.9520575805735363,0.9323,ok,283.66
2.1,0.8,95.0,87,0.007277510440237393,-2679.851918971521,-2680.398684704408,-2680.4216011319563,1.6939036894607218,"A""",0.7090193149612056,1.8928478333241647,0.9328,ok,475.2
2.1,0.8,110.0,87,0.007462652675623699,-2679.848799605519,-2680.394673021351,-2680.4174909342037,1.6304570064581871,"A""",0.6254689020027394,1.8496683730493135,0.9327,ok,461.9
2.1,0.8,115.0,87,0.007656618677086587,-2679.8456084292934,-2680.3914650638244,-2680.414319178504,1.5812509013343456,"A""",0.5899566989181851,1.8355821174737894,0.9325,ok,470.2
2.1,0.8,125.0,87,0.008372922754368666,-2679.8364144503826,-2680.382563320837,-2680.405589693632,1.441493129942005,"A""",0.498816554447725,1.810665662196222,0.9317,ok,421.64
2.1,0.8,120.0,87,0.007950228648456337,-2679.8414554006577,-2680.387411261193,-2680.410335180191,1.518184524380332,"A""",0.5481826507247581,1.822353220178527,0.9322,ok,474.28
2.1,0.85,135.0,87,0.00990947786305133,-2679.8444196179894,-2680.3925378550575,-2680.416146455335,1.2317262025589524,"A""",0.38692713829421493,1.7992333651029278,0.93,ok,303.38
2.1,0.8,130.0,87,0.008962539717568357,-2679.8305667909062,-2680.37697484736,-2680.4001348213537,1.3514619024440326,"A""",0.44100446400968146,1.8014182976737116,0.9312,ok,441.72
2.1,0.85,80.0,87,0.007534240297069228,-2679.8645283472188,-2680.415123392182,-2680.4387387707557,1.6332966644715252,"A""",0.7882593642255676,1.9360567643714208,0.9324,ok,424.59
2.1,0.8,135.0,87,0.009767563332150005,-2679.824004880174,-2680.3707041844773,-2680.394026525638,1.2483905640266093,"A""",0.3747312024491861,1.7957694141205656,0.9304,ok,440.15
2.1,0.85,85.0,87,0.007448045952150295,-2679.8684756332796,-2680.4181623815784,-2680.4416012223546,1.6644194646332597,"A""",0.7642460477127433,1.9211553748726118,0.9325,ok,434.65
2.1,0.85,90.0,87,0.007387823767884847,-2679.8710779451562,-2680.4199998183044,-2680.443296933231,1.682580361963652,"A""",0.7408812342685074,1.9067191054497543,0.9326,ok,438.96
2.1,0.85,95.0,87,0.007358377751138359,-2679.8723952045443,-2680.420703094779,-2680.443894172487,1.6874369635163216,"A""",0.717543414493916,1.8923911324849838,0.9327,ok,450.04
2.1,0.85,100.0,87,0.007367114645548435,-2679.8724885833194,-2680.420335980109,-2680.443456977027,1.678683362416899,"A""",0.6933025611141327,1.8780300823630751,0.9327,ok,457.36
2.1,0.85,105.0,87,0.007423873802953213,-2679.871420744719,-2680.4189590964174,-2680.4420459135986,1.6561000252289921,"A""",0.6669926802442483,1.8636673496578018,0.9326,ok,457.57
2.1,0.85,110.0,87,0.007542089846424839,-2679.869255924637,-2680.4166297897746,-2680.43971809236,1.6195820682219642,"A""",0.6372412737808874,1.8494881293631917,0.9324,ok,457.04
2.1,0.85,125.0,87,0.008472602541386785,-2679.856853849882,-2680.4044554243596,-2680.427757338553,1.4270721509289892,"A""",0.5120136657494879,1.8122406609444708,0.9314,ok,444.6
2.1,0.85,115.0,87,0.00773951587252783,-2679.8660601216397,-2680.413401986639,-2680.4365270561375,1.569143008134537,"A""",0.6025189842257921,1.8358291243308438,0.9322,ok,473.26
2.1,0.85,120.0,87,0.008039438047890523,-2679.861901839071,-2680.4093269818986,-2680.4325235254414,1.5049038219816404,"A""",0.5612450316528738,1.8231876264105262,0.9318,ok,466.56
2.1,0.85,130.0,87,0.009078806430621153,-2679.8509960935303,-2680.3988399603913,-2680.422279885394,1.3359154761760508,"A""",0.4539182575132085,1.803875502838496,0.9308,ok,458.94
2.1,0.9,125.0,87,0.0086167051838352,-2679.8669210813678,-2680.416102699604,-2680.439697830388,1.4117215254725628,"A""",0.525896589638355,1.8139885841853471,0.931,ok,281.56
2.1,0.9,75.0,87,0.0077872310419800405,-2679.8694027100914,-2680.422709540579,-2680.446845196787,1.589641015321069,"A""",0.8163735462562238,1.954370620639945,0.9324,ok,441.87
2.1,0.9,85.0,87,0.007554575663751002,-2679.87859260382,-2680.42997135989,-2680.453710520809,1.6604682991109825,"A""",0.7696542287535805,1.921181065960868,0.9325,ok,430.59
2.1,0.9,80.0,87,0.007653776295989103,-2679.874688342483,-2680.4269735213907,-2680.450894526203,1.631351308201084,"A""",0.7925305131795305,1.936930703775748,0.9324,ok,470.77
2.1,0.9,90.0,87,0.007487588448041178,-2679.881167676176,-2680.4317750729165,-2680.4553678174166,1.6767584308160177,"A""",0.7475746105601172,1.9062789619374143,0.9325,ok,419.13
2.1,0.9,95.0,87,0.007455623799482123,-2679.8824685459886,-2680.432451033032,-2680.4559339773955,1.6799086396049625,"A""",0.7256078372282587,1.8917488104287596,0.9325,ok,424.72
2.1,0.9,105.0,87,0.007524826074774649,-2679.8814816511526,-2680.430667021234,-2680.4540414480252,1.6456189778081465,"A""",0.6777664217364813,1.8631942909134709,0.9324,ok,426.15
2.1,0.9,100.0,87,0.007464978988501176,-2679.882553070392,-2680.4320618536613,-2680.4554720298634,1.6696089587497298,"A""",0.7027527351723797,1.877386611299104,0.9325,ok,453.85
2.1,0.95,90.0,87,0.00760094665066577,-2679.8837897959747,-2680.436185777806,-2680.460090823551,1.6698651770158344,"A""",0.7534538492592474,1.9055796854373572,0.9323,ok,278.44
2.1,0.9,115.0,87,0.00785452540037983,-2679.8761230240366,-2680.425080490164,-2680.448493497054,1.5561384196356607,"A""",0.6154469711168272,1.8361700746353478,0.9319,ok,431.24
2.1,0.9,110.0,87,0.007648700439295963,-2679.8793168088764,-2680.4283224614096,-2680.4516979582045,1.6078023281417357,"A""",0.6492019324175705,1.8493449458696667,0.9322,ok,460.33
2.1,0.9,120.0,87,0.00816659569137548,-2679.8719673413043,-2680.420990816119,-2680.444477275781,1.4907166987666398,"A""",0.5748408159468237,1.8241619747185325,0.9315,ok,464.37
2.1,0.9,130.0,87,0.009246830241290683,-2679.861062692953,-2680.4104675902845,-2680.434205625538,1.3194091636243315,"A""",0.46765266714895204,1.8065220425702262,0.9303,ok,491.95
2.1,0.9,135.0,87,0.01011139896209107,-2679.854481614944,-2680.404141365589,-2680.428054990916,1.2140706174482114,"A""",0.4000570938292683,1.8028829460975357,0.9295,ok,479.89
2.1,0.95,80.0,87,0.007791619043743828,-2679.877411270809,-2680.4314825941137,-2680.455728220641,1.6279247600636935,"A""",0.7953542801299167,1.9374466070686849,0.9323,ok,417.73
2.1,0.95,100.0,87,0.00758100090744744,-2679.88514585308,-2680.436421025017,-2680.4601362932235,1.6596615128682732,"A""",0.7119032884545567,1.8766318978657428,0.9322,ok,421.82
2.1,1.0,95.0,87,0.007695028572536082,-2679.882329735843,-2680.435952392342,-2680.4600670254986,1.6620897346108257,"A""",0.7400479912997157,1.8898915797126512,0.9321,ok,294.13
2.1,0.95,95.0,87,0.0075680941900409275,-2679.88507007589,-2680.4368314754443,-2680.460622424412,1.6714255668954892,"A""",0.7331310320157869,1.8909228778485172,0.9323,ok,433.15
2.1,0.95,75.0,87,0.007958196287688537,-2679.8722258145017,-2680.4272941237577,-2680.451761470375,1.5879202084928583,"A""",0.8178859402686389,1.9563821180090164,0.9324,ok,461.63
2.1,0.95,105.0,87,0.0076483964842000655,-2679.8840739748757,-2680.4350116510227,-2680.4586896541787,1.6343183470713392,"A""",0.6884580637285053,1.8626757810513914,0.9321,ok,425.5
2.1,0.95,85.0,87,0.007675227094109116,-2679.881252486093,-2680.4344238290455,-2680.4584809202665,1.6552782489699882,"A""",0.7739447907486149,1.920880619844309,0.9323,ok,461.54
2.1,0.95,110.0,87,0.007783088635858146,-2679.881914389798,-2680.4326570877215,-2680.45633595189,1.5952331114450957,"A""",0.6612761147521217,1.8492140522590577,0.9319,ok,423.11
2.1,0.95,115.0,87,0.008003296653276218,-2679.8787294917715,-2680.429407466444,-2680.4531249341303,1.542354004427557,"A""",0.6286715033696333,1.8365721353734659,0.9316,ok,432.15
2.1,0.95,120.0,87,0.008334051811074552,-2679.874584488433,-2680.4253105420526,-2680.44910386053,1.4757426085489562,"A""",0.5889019631824373,1.8252362759827807,0.9312,ok,459.55
2.1,1.0,75.0,87,0.008163978296108848,-2679.86977383818,-2680.4266643690585,-2680.4514836721783,1.584374816113313,"A""",0.8175211105308577,1.95812919896718,0.9324,ok,434.68
2.1,0.95,130.0,87,0.009470818061353956,-2679.8636997657063,-2680.4147677381616,-2680.4388219228986,1.3020726358221273,"A""",0.4821549728961742,1.8093081347640496,0.9299,ok,463.48
2.1,0.95,125.0,87,0.008808543648805527,-2679.8695489935258,-2680.420413968202,-2680.444319768455,1.395565286986951,"A""",0.5404030615990603,1.815863530359354,0.9306,ok,488.04
2.1,0.95,135.0,87,0.010378504757628576,-2679.857124448538,-2680.4084261052817,-2680.4326635086813,1.1955621300599872,"A""",0.4140818007063051,1.806664968582372,0.929,ok,497.19
2.1,1.0,80.0,87,0.007950011288520641,-2679.874824831775,-2680.4307531624936,-2680.455341707407,1.6230816402140888,"A""",0.7966509494391352,1.937610044059707,0.9323,ok,477.83
2.1,1.05,75.0,87,0.008413199019672489,-2679.863596993629,-2680.4223518626072,-2680.4475433193047,1.5790267353172105,"A""",0.8152700030872752,1.9596144021988227,0.9323,ok,301.54
2.1,1.0,90.0,87,0.007727157031259797,-2679.8810735692355,-2680.4353382829313,-2680.4595716949602,1.6619985497716065,"A""",0.7584522613984058,1.9046067991766327,0.9322,ok,455.27
2.1,1.0,85.0,87,0.007810152477743628,-2679.8785837223513,-2680.4336243523912,-2680.4580162758934,1.6489376745202509,"A""",0.7770452399559866,1.9202470127785454,0.9322,ok,472.87
2.1,1.0,105.0,87,0.007794876769144187,-2679.88132842403,-2680.43410323895,-2680.458100667314,1.6222985796316305,"A""",0.6989959894188749,1.8620746319489738,0.9318,ok,424.29
2.1,1.0,100.0,87,0.007715197561719871,-2679.8823973457716,-2680.4355227192295,-2680.4595587361023,1.6489426774326759,"A""",0.7206880748352137,1.8757370945716099,0.932,ok,471.81
2.1,1.0,115.0,87,0.008187342208295067,-2679.8760105311703,-2680.4284948119544,-2680.45253349244,1.5278866661282908,"A""",0.642114907297795,1.836982149313704,0.9312,ok,429.54
2.1,1.0,110.0,87,0.007946051090569013,-2679.879179550228,-2680.431744756338,-2680.4557432484967,1.5819729430324936,"A""",0.6733912759869678,1.8490497670355488,0.9316,ok,455.88
2.1,1.0,120.0,87,0.008544379681235415,-2679.8718844169175,-2680.424399152735,-2680.448516695869,1.4600816686338935,"A""",0.6033442157301854,1.8263492926621074,0.9308,ok,432.01
2.1,1.0,125.0,87,0.009051623593337253,-2679.866868904953,-2680.419503335859,-2680.4437378437037,1.3787059617283535,"A""",0.555447050959986,1.817798812232087,0.9302,ok,440.41
2.1,1.05,80.0,87,0.008132552097069054,-2679.86848024551,-2680.426319767965,-2680.4512693292927,1.6168901083145628,"A""",0.7964008963733652,1.9373949303311881,0.9322,ok,450.11
2.1,1.0,130.0,87,0.009754853125974244,-2679.8610388980474,-2680.4138555526183,-2680.438244613748,1.2840073392072455,"A""",0.4973494355349431,1.8121673229258006,0.9295,ok,481.67
2.1,1.05,115.0,87,0.008408333377312054,-2679.869521739876,-2680.4238875765795,-2680.4482650932596,1.5128153433518579,"A""",0.6556930946451476,1.8373254366168237,0.9309,ok,304.34
2.1,1.05,85.0,87,0.007960318797493184,-2679.872138859359,-2680.429110194362,-2680.4538536605614,1.641534599616741,"A""",0.7789297054725504,1.9192448888902234,0.9321,ok,481.67
2.1,1.05,90.0,87,0.007866122462072366,-2679.8745726881293,-2680.430772095271,-2680.4553498548903,1.6532535455403374,"A""",0.7625370821783574,1.9033199377406325,0.932,ok,465.47
2.1,1.05,105.0,87,0.007964298724545753,-2679.8748003431324,-2680.429485255219,-2680.453818474354,1.609647303606838,"A""",0.7093207325196058,1.8613299873493405,0.9316,ok,432.28
2.1,1.05,95.0,87,0.00783610390877603,-2679.875802047593,-2680.4313549977774,-2680.4558090871683,1.6519960757719052,"A""",0.7463176604788889,1.8886089726622282,0.9319,ok,467.63
2.1,1.1,75.0,87,0.00871707386353679,-2679.8548287293047,-2680.415480105962,-2680.441064251346,1.5718985102492145,"A""",0.8112041159354921,1.9607998842259446,0.9322,ok,388.91
2.1,1.05,135.0,87,0.011127838554548942,-2679.8481051679855,-2680.402939476118,-2680.427884926039,1.1563919447884834,"A""",0.44449599387333516,1.814346011706491,0.928,ok,414.65
2.1,1.05,100.0,87,0.007867262633824033,-2679.8758625985906,-2680.43090945133,-2680.455282151131,1.6375444078862758,"A""",0.7290570984755925,1.8746491984437748,0.9318,ok,487.74
2.1,1.05,110.0,87,0.0081386602384623,-2679.872667789478,-2680.427129749409,-2680.4514648021595,1.5681046939128334,"A""",0.6854730390902156,1.8487840295678388,0.9313,ok,433.57
2.1,1.1,80.0,87,0.008344642445743103,-2679.8595128121956,-2680.419309941411,-2680.4446388171846,1.6094161391999853,"A""",0.7946508491655305,1.9367366413772515,0.932,ok,399.72
2.1,1.05,120.0,87,0.008799393437352471,-2679.865422850754,-2680.4198020074286,-2680.4442620803575,1.4437995877938499,"A""",0.6180887769614868,1.8274266822114562,0.9304,ok,433.65
2.1,1.05,130.0,87,0.010102697673154321,-2679.85463632529,-2680.409279476644,-2680.4340235762174,1.265291919944144,"A""",0.5131228000814998,1.815017160511011,0.929,ok,447.16
2.1,1.1,90.0,87,0.00801849949189611,-2679.865425668898,-2680.4236205404227,-2680.4485589962396,1.643715245510185,"A""",0.7657178357369879,1.9016466942446106,0.9318,ok,379.75
2.1,1.1,115.0,87,0.008668052304132036,-2679.8604036789684,-2680.4167244838723,-2680.441459897074,1.4971971508986435,"A""",0.6693114296757338,1.8374964105435754,0.9305,ok,328.47
2.1,1.1,85.0,87,0.008127859891454122,-2679.863055005263,-2680.4220121848416,-2680.4471241300034,1.633151474831076,"A""",0.7796252320291995,1.9178039918716863,0.9319,ok,404.92
2.1,1.1,95.0,87,0.007991562684610033,-2679.8666264724457,-2680.4241744207657,-2680.4489843123674,1.6412265712074263,"A""",0.7519311011545147,1.8869990292053573,0.9317,ok,396.54
2.1,1.05,125.0,87,0.0093479706763027,-2679.8604367435496,-2680.4149171018867,-2680.4394994189097,1.3612054116279744,"A""",0.5709439333924345,1.8197206340749286,0.9298,ok,488.26
2.1,1.1,100.0,87,0.008037603468748657,-2679.8666816343525,-2680.4237176023607,-2680.4484437216433,1.6255431281707617,"A""",0.7369813206575075,1.8732846642073235,0.9315,ok,399.34
2.1,1.1,105.0,87,0.008157767809090149,-2679.865630051291,-2680.4222949781524,-2680.446981356596,1.596434015831899,"A""",0.7193828696394386,1.8603514535816308,0.9313,ok,403.65
2.1,1.1,130.0,87,0.010517588990290136,-2679.845633256054,-2680.4021814787848,-2680.4273029478804,1.2459804040520714,"A""",0.5293090448342807,1.817754342510227,0.9285,ok,395.04
2.1,1.1,120.0,87,0.009101986592023823,-2679.85634047897,-2680.412659290117,-2680.4374819706004,1.4269605361329236,"A""",0.6330018417997811,1.8283543997696277,0.93,ok,412.77
2.1,1.1,110.0,87,0.008362318711221674,-2679.863519569397,-2680.4199500613563,-2680.4446398324253,1.5536912991774885,"A""",0.6974501375807083,1.8483185579919033,0.9309,ok,422.37
2.1,1.1,125.0,87,0.009701544292414443,-2679.8513934040157,-2680.4077966960785,-2680.4327479970366,1.3431299536538948,"A""",0.5867324423456528,1.821511758322658,0.9293,ok,446.76
2.1,1.15,105.0,87,0.008376310562010214,-2679.854657438861,-2680.413375708167,-2680.438434136682,1.5827038622220053,"A""",0.7291463592283427,1.8589995858630073,0.9309,ok,285.62
2.1,1.1,135.0,87,0.011618650229048537,-2679.8391413579216,-2680.3958617545595,-2680.4211956603876,1.1358715421715655,"A""",0.46058946882554075,1.8180724065132554,0.9275,ok,430.91
2.1,1.15,75.0,87,0.00908904608083461,-2679.8443007724936,-2680.4068772637806,-2680.432875407395,1.563005597038781,"A""",0.8054776686180487,1.9615876889743775,0.9321,ok,430.33
2.1,1.15,85.0,87,0.008316121720703522,-2679.8521686799945,-2680.413167226999,-2680.438665227627,1.6238573275451977,"A""",0.7792186371193696,1.9158029391976226,0.9317,ok,432.48
2.1,1.15,90.0,87,0.008185817290784766,-2679.854470609171,-2680.4147231990232,-2680.4400395033185,1.6334525373533277,"A""",0.7680515688017949,1.899466956219704,0.9315,ok,440.86
2.1,1.15,80.0,87,0.008593425712345977,-2679.848756841252,-2680.410556812028,-2680.4362839117844,1.6007164462034595,"A""",0.791518946847735,1.9355138390888593,0.9318,ok,460.38
2.1,1.15,95.0,87,0.00816230819814173,-2679.8556421025487,-2680.4152520391685,-2680.4404351067983,1.6298442752709916,"A""",0.7569158711217048,1.8849384793512576,0.9314,ok,409.38
2.1,1.15,100.0,87,0.008227104955229336,-2679.8556940926314,-2680.4147897118332,-2680.439887256106,1.6129934882701944,"A""",0.7444577804659471,1.8715141246064844,0.9312,ok,454.57
2.1,1.2,105.0,87,0.008621833875030082,-2679.842503533411,-2680.4033550894715,-2680.428806516719,1.5684711308314014,"A""",0.7385854639238677,1.8570484312284645,0.9306,ok,318.9
2.1,1.15,110.0,87,0.008617978667060358,-2679.8525748694146,-2680.411049575353,-2680.4361139897874,1.5387685794204766,"A""",0.7092538255124723,1.8475042711772223,0.9306,ok,452.81
2.1,1.15,115.0,87,0.008968042439890024,-2679.8494963632206,-2680.4078500540522,-2680.43296442951,1.4810601132742098,"A""",0.6828608999514331,1.8373424998466108,0.9301,ok,449.86
2.1,1.15,120.0,87,0.009453955420698112,-2679.845477366046,-2680.403816065334,-2680.4290236690304,1.4095835099578067,"A""",0.6479356020981717,1.8289802526045942,0.9296,ok,416.42
2.1,1.15,130.0,87,0.011002795551048342,-2679.834870061631,-2680.393408862962,-2680.4189330352388,1.2260932439949128,"A""",0.5456734213945827,1.8202435443489913,0.928,ok,418.0
2.1,1.15,125.0,87,0.010114431548209731,-2679.8405790613206,-2680.3989880426416,-2680.4243320411424,1.3244952612622969,"A""",0.6026208407784106,1.8230271561882259,0.9288,ok,471.18
2.1,1.15,135.0,87,0.012191515153654504,-2679.8284293274805,-2680.3871242950013,-2680.4128739023995,1.1147737329505567,"A""",0.4769404202990114,1.8215734825038008,0.9269,ok,454.85
2.1,1.25,90.0,87,0.008576540062751069,-2679.8294532843383,-2680.3940287954056,-2680.420157864803,1.6109147759282456,"A""",0.7706296234943255,1.8925683376912272,0.931,ok,294.75
2.1,1.2,80.0,87,0.008887946026358487,-2679.8368275778334,-2680.4006778880084,-2680.4268231918923,1.5908313267998095,"A""",0.7871909410034882,1.933502737975915,0.9316,ok,471.2
2.1,1.2,90.0,87,0.008370613795343596,-2679.8423269421764,-2680.404704416238,-2680.4304169924853,1.622512527473054,"A""",0.769641832971147,1.8965720447988714,0.9313,ok,471.59
2.1,1.2,85.0,87,0.008529840312514704,-2679.8400976395906,-2680.403196933489,-2680.429099665351,1.6137025989104992,"A""",0.7778540683311553,1.9130265774900388,0.9314,ok,483.88
2.1,1.2,95.0,87,0.008349990408288504,-2679.843469344314,-2680.405213890492,-2680.4307890140726,1.6178871714607668,"A""",0.7613346705752337,1.882217241494205,0.9311,ok,483.3
2.1,1.2,75.0,87,0.009544078222366883,-2679.832625142846,-2680.3971551019135,-2680.4235898503757,1.5523501985226023,"A""",0.798320193989744,1.961766726783161,0.932,ok,507.08
2.1,1.2,100.0,87,0.008437265582529118,-2679.8435208518317,-2680.404752817117,-2680.4302415685643,1.5999218821019299,"A""",0.7515068145108958,1.869121171289805,0.9309,ok,480.62
2.1,1.2,115.0,87,0.009310493943400487,-2679.837420690586,-2680.3978928572137,-2680.4234098632355,1.4643961942014045,"A""",0.6962078921444105,1.8366262611254272,0.9297,ok,464.19
2.1,1.2,120.0,87,0.009857284454069299,-2679.8334542953353,-2680.393901446647,-2680.419519241915,1.3916525910036355,"A""",0.6626911405060868,1.829071337198124,0.9291,ok,473.77
2.1,1.2,135.0,87,0.012848731086923653,-2679.816589826284,-2680.377358891157,-2680.4035559655504,1.093085190814029,"A""",0.49314183669237044,1.8246827486448438,0.9263,ok,442.52
2.1,1.2,125.0,87,0.010588406729510159,-2679.828614414248,-2680.3891209363646,-2680.4148847166507,1.305281597270594,"A""",0.6183371854604461,1.8240467552328723,0.9283,ok,480.45
2.1,1.2,110.0,87,0.008907559468278824,-2679.8404546928264,-2680.4010564065825,-2680.4265177019524,1.5233387893463022,"A""",0.7208084445428423,1.846108785229531,0.9302,ok,513.97
2.1,1.2,130.0,87,0.011559946955971073,-2679.8229674198656,-2680.3835922797457,-2680.409548353686,1.2056122786277015,"A""",0.5618677327340922,1.8222862273232272,0.9274,ok,484.06
2.1,1.25,75.0,87,0.010099323088989082,-2679.8202522622632,-2680.3867650501124,-2680.413660935281,1.5399105817214536,"A""",0.7900201905274996,1.9609068782039,0.9318,ok,479.33
2.1,1.25,80.0,87,0.009238745305816401,-2679.824179206972,-2680.390130879329,-2680.416716037433,1.5797778580486457,"A""",0.7819146145186305,1.9302674073514232,0.9314,ok,485.62
2.1,1.25,85.0,87,0.008775228152904515,-2679.827298804276,-2680.392563276189,-2680.418891038656,1.6027121195484921,"A""",0.7757250951920651,1.9090630487243616,0.9312,ok,474.95
2.1,1.25,95.0,87,0.008557154750073626,-2679.8305677205826,-2680.3945260928276,-2680.420514214035,1.6053637090614208,"A""",0.7652747157182729,1.8784469656611245,0.9307,ok,455.69
2.1,1.25,100.0,87,0.008670205856276942,-2679.830621793602,-2680.3940738373035,-2680.4199759149406,1.5863224785675658,"A""",0.7581588470767283,1.865712083867069,0.9305,ok,446.46
2.1,1.25,130.0,87,0.012190357849955315,-2679.8103838955108,-2680.3732012026803,-2680.399623329796,1.1844728465272285,"A""",0.5773802014888858,1.8235658349364752,0.9267,ok,296.82
2.1,1.25,105.0,87,0.008895872484596853,-2679.829628240691,-2680.392700464376,-2680.4185684582544,1.553713904181086,"A""",0.747669682939624,1.8540979833797435,0.9301,ok,440.76
2.1,1.25,110.0,87,0.009233135346197026,-2679.8276187725796,-2680.390438175276,-2680.4163215595895,1.507364330592982,"A""",0.7320092264156596,1.8437270495345535,0.9297,ok,453.38
2.1,1.25,115.0,87,0.009697089265994526,-2679.8246361230995,-2680.387320791205,-2680.413267439505,1.447153938182461,"A""",0.7091622301528848,1.8349454648596226,0.9292,ok,473.32
2.15,0.8,105.0,87,0.007684130160052721,-2679.8426582292873,-2680.390827560226,-2680.414437316275,1.4824086306145765,"A""",0.6161435685129221,1.6813194828704185,0.9284,ok,291.11
2.1,1.25,120.0,87,0.010313772962962885,-2679.8207304180764,-2680.383383614494,-2680.4094406346308,1.3731060007391054,"A""",0.6769761903150036,1.828240012660548,0.9285,ok,490.8
2.1,1.25,125.0,87,0.011125077958098003,-2679.8159583028296,-2680.3786641165384,-2680.404879049927,1.285422234173346,"A""",0.6334807434504537,1.8242126375921988,0.9277,ok,477.03
2.15,0.8,85.0,87,0.007692853414999768,-2679.8407968964902,-2680.3908420026537,-2680.4147416016453,1.4894903783054518,"A""",0.7172160736989979,1.7348426020707486,0.9285,ok,428.51
2.15,0.8,80.0,87,0.0077793814739065765,-2679.837300308019,-2680.388206989258,-2680.4122768936686,1.4587838908855633,"A""",0.7425232875610118,1.7484655407861456,0.9284,ok,462.2
2.15,0.8,90.0,87,0.007632198956857579,-2679.8430266261694,-2680.3923642561977,-2680.4161320598723,1.507455590977819,"A""",0.6927931834028197,1.7214746685056646,0.9286,ok,434.99
2.15,0.8,75.0,87,0.007887465531790155,-2679.8324839076604,-2680.384397073402,-2680.4086744507485,1.41561733188618,"A""",0.769021650636908,1.7627790494851634,0.9282,ok,481.42
2.15,0.8,115.0,87,0.008044638558093035,-2679.837095640694,-2680.38524345268,-2680.4089496937386,1.398748661630406,"A""",0.5489560566563235,1.6555988942347037,0.9279,ok,430.76
2.15,0.8,95.0,87,0.007604139843149259,-2679.844043293995,-2680.3928323191712,-2680.4165075803066,1.5124014055410484,"A""",0.6685298558276064,1.7081230604171127,0.9286,ok,469.29
2.15,0.8,110.0,87,0.007819661257927539,-2679.8403699519968,-2680.388458871752,-2680.4120963993482,1.4472770905590029,"A""",0.5852258022460004,1.6681585552828682,0.9282,ok,436.64
2.15,0.8,100.0,87,0.00761747791110319,-2679.8439017912515,-2680.392302229989,-2680.4159246907825,1.5041005818783155,"A""",0.6434057809179293,1.6947134177262448,0.9286,ok,463.17
2.15,0.8,120.0,87,0.0083863061539762,-2679.8328960233043,-2680.381225896178,-2680.405042404714,1.3369397135846595,"A""",0.5056164942208763,1.644174163206991,0.9274,ok,443.52
2.15,0.8,135.0,87,0.010530395460288071,-2679.815424807828,-2680.364806912818,-2680.389213173411,1.0735789905374633,"A""",0.3224578727131628,1.6250533294551195,0.9249,ok,436.85
2.15,0.85,130.0,87,0.009667157751356943,-2679.842496321966,-2680.392922028759,-2680.417370153687,1.1606913788529214,"A""",0.40482719959793356,1.631552788883863,0.9256,ok,300.55
2.15,0.8,125.0,87,0.00888056210861046,-2679.8278355393927,-2680.376449938429,-2680.4004190906426,1.262017848392622,"A""",0.45376212783414416,1.634605107402029,0.9268,ok,456.37
2.15,0.8,130.0,87,0.009574558064054769,-2679.8219849526213,-2680.370960741538,-2680.395126003091,1.1741731427958768,"A""",0.3926198617236832,1.6278309555341635,0.9259,ok,479.85
2.15,0.85,75.0,87,0.008022749672408179,-2679.853119183182,-2680.406561777479,-2680.4311246084026,1.4165956126567638,"A""",0.777007036224403,1.7669399196228999,0.9284,ok,464.37
2.15,0.85,85.0,87,0.007794925036390057,-2679.861372858361,-2680.41296560718,-2680.437146156757,1.4866315626952644,"A""",0.7256693088486982,1.736532901319675,0.9285,ok,435.86
2.15,0.85,80.0,87,0.007894972141985524,-2679.857900796805,-2680.410352029274,-2680.434705560033,1.4577896558516161,"A""",0.7506266261952134,1.7511198447638199,0.9284,ok,465.19
2.15,0.85,95.0,87,0.007689517793596266,-2679.864589954673,-2680.41491426776,-2680.4388652704806,1.5063065562191116,"A""",0.6782765000922677,1.708930009817478,0.9285,ok,469.23
2.15,0.85,90.0,87,0.007724648863985514,-2679.8635853528053,-2680.4144664817577,-2680.438512463552,1.5028910141940681,"A""",0.701814787392382,1.7225825765548963,0.9285,ok,471.77
2.15,0.9,85.0,87,0.007913031314119209,-2679.8715500675507,-2680.4248240062693,-2680.4493051403365,1.4825283673788205,"A""",0.7332140252888657,1.7379474289301138,0.9285,ok,294.47
2.15,0.85,100.0,87,0.007697750046628479,-2679.8644401167976,-2680.4143654946147,-2680.438261852988,1.4966435763314443,"A""",0.6539547644389555,1.6954434778324599,0.9284,ok,465.02
2.15,0.85,105.0,87,0.007760748117497101,-2679.863190919564,-2680.4128737350075,-2680.436756301246,1.4737371255817036,"A""",0.6274867109085234,1.6821634892264288,0.9283,ok,467.18
2.15,0.85,110.0,87,0.007894069271227322,-2679.860898801444,-2680.4104890956132,-2680.4343992130957,1.4375104213486853,"A""",0.5972658787754823,1.6692893571793348,0.928,ok,481.28
2.15,0.85,135.0,87,0.010642525187619453,-2679.835925563718,-2680.3867460007586,-2680.411441861511,1.0592737235951462,"A""",0.33384008965743395,1.6296789784964067,0.9245,ok,436.58
2.15,0.85,125.0,87,0.008962034505804363,-2679.848353790067,-2680.3984307420815,-2680.422678112481,1.2494006782955829,"A""",0.4664407137943309,1.6374983685941629,0.9264,ok,458.93
2.15,0.85,115.0,87,0.008118580453533461,-2679.857621498225,-2680.4072580221255,-2680.4312375910686,1.3879758652091883,"A""",0.5615048892838564,1.6571762034863324,0.9276,ok,468.09
2.15,0.85,120.0,87,0.008462198356610055,-2679.8534187138393,-2680.4032242457965,-2680.4273158972937,1.3252230511828,"A""",0.5183997197196771,1.6463447111599347,0.9271,ok,476.21
2.15,0.9,75.0,87,0.008184201539285264,-2679.863402385752,-2680.4184974113605,-2680.443368273093,1.4158632450531463,"A""",0.783506801308555,1.770859589536468,0.9285,ok,439.89
2.15,0.9,80.0,87,0.008029561279214668,-2679.868119836252,-2680.422245620539,-2680.446903712589,1.4553585145481733,"A""",0.7575437942467855,1.7534768707306274,0.9285,ok,465.91
2.15,0.9,90.0,87,0.007832878093987073,-2679.8737363171017,-2680.4262960427113,-2680.4506388755617,1.4972217797249379,"A""",0.7101841491753608,1.7234703729667116,0.9285,ok,430.54
2.15,0.9,100.0,87,0.007798185899917925,-2679.8745680426455,-2680.426153620749,-2680.450341513357,1.4882628857027351,"A""",0.6642987187381176,1.6960891961077194,0.9283,ok,420.06
2.15,0.95,85.0,87,0.008046121832364202,-2679.874259636042,-2680.4293184074822,-2680.4541185219646,1.4772761403121273,"A""",0.7397222391924316,1.7390961492547485,0.9285,ok,290.9
2.15,0.9,95.0,87,0.007792273272689542,-2679.8747255475437,-2680.4267206502327,-2680.4509654190606,1.4992105092726944,"A""",0.687604820425453,1.7095847818544225,0.9284,ok,453.05
2.15,0.9,110.0,87,0.007996971687142527,-2679.871026195127,-2680.422251427612,-2680.446451613301,1.4269145082426564,"A""",0.6094803385043422,1.670453947966619,0.9278,ok,434.52
2.15,0.9,105.0,87,0.007861268375580658,-2679.873316681863,-2680.4246475825526,-2680.4488204347713,1.4641982537381315,"A""",0.6388213565018213,1.6829863703574455,0.9281,ok,466.23
2.15,0.9,115.0,87,0.0082263334702309,-2679.86775283209,-2680.419010249366,-2680.4432807590024,1.3763960188065014,"A""",0.5744007411638791,1.6588322180157833,0.9274,ok,472.62
2.15,0.95,125.0,87,0.00926782070009982,-2679.8611900234027,-2680.414552485027,-2680.4394104292683,1.2219009754710124,"A""",0.4937388326329419,1.6436287053192058,0.9258,ok,292.28
2.15,0.9,120.0,87,0.008577936479086234,-2679.8635549155656,-2680.414966530545,-2680.4393511733056,1.312708229011056,"A""",0.5316939994430797,1.6486267234510252,0.9268,ok,434.18
2.15,0.9,130.0,87,0.009813852424701824,-2679.8526397277024,-2680.4046410861242,-2680.429390670073,1.1464073296338448,"A""",0.41784075228632817,1.6354040671940722,0.9252,ok,442.55
2.15,0.95,75.0,87,0.008376069352240317,-2679.8662663069153,-2680.4231039316282,-2680.448304328356,1.4134418194068719,"A""",0.7883328798952143,1.7745928541356928,0.9286,ok,432.45
2.15,0.9,125.0,87,0.009090126436875158,-2679.8584944587406,-2680.4101622627613,-2680.4347060303485,1.2359854334376443,"A""",0.4797842349415279,1.640521033212448,0.9261,ok,462.7
2.15,0.9,135.0,87,0.01081711009926959,-2679.8460685465157,-2680.398450014588,-2680.4234546292714,1.0441649489445861,"A""",0.34615333112785857,1.6344118522320426,0.9241,ok,469.49
2.15,0.95,80.0,87,0.008183696258139965,-2679.8708888300853,-2680.4267880535144,-2680.451770463406,1.4515600541090403,"A""",0.7631211452827978,1.7555612827422271,0.9285,ok,429.56
2.15,0.95,90.0,87,0.00795534811901581,-2679.8764107748443,-2680.4307552021883,-2680.455412334267,1.49055619608386,"A""",0.7177917366253505,1.7241396660907864,0.9284,ok,431.37
2.15,0.95,105.0,87,0.007985210998931862,-2679.875967449356,-2680.4290541079777,-2680.453533846411,1.4539121733463187,"A""",0.6500653373841333,1.6837677472184138,0.9279,ok,426.73
2.15,0.95,100.0,87,0.007917589110681163,-2679.8772173243838,-2680.430570817423,-2680.4550668794423,1.479076710357335,"A""",0.6743519221253168,1.6966378013232897,0.9281,ok,457.08
2.15,0.95,95.0,87,0.007910851125555547,-2679.877381590073,-2680.431154760776,-2680.4557101801665,1.4912282158591565,"A""",0.6964188341501436,1.7100816279978814,0.9283,ok,470.49
2.15,0.95,110.0,87,0.008128635562877596,-2679.8736842004705,-2680.426651597566,-2680.451158594622,1.4156110155381518,"A""",0.6217919131783601,1.6716247947147158,0.9276,ok,461.04
2.15,0.95,115.0,87,0.00836902915070234,-2679.8704218243683,-2680.4234065498513,-2680.4479850081825,1.364132430235064,"A""",0.5875721313323058,1.6605329171900394,0.9271,ok,467.32
2.15,0.95,120.0,87,0.008735572347788986,-2679.866236935712,-2680.419359901305,-2680.444054893227,1.29952090805081,"A""",0.5454353782517525,1.650980319817025,0.9265,ok,471.09
2.15,1.0,120.0,87,0.00893722729058406,-2679.8635956336716,-2680.4185164918786,-2680.4435394598154,1.2857682295941855,"A""",0.5595494900832364,1.6533522826515612,0.9262,ok,282.26
2.15,0.95,130.0,87,0.0100186779882268,-2679.855347876146,-2680.409026937199,-2680.434096283434,1.1314560220258152,"A""",0.4316191946703568,1.6393371503413952,0.9248,ok,482.81
2.15,1.0,80.0,87,0.008359744283640003,-2679.8683369880778,-2680.426083207024,-2680.4514090234793,1.4464718343792906,"A""",0.7672365936476331,1.757371425281768,0.9285,ok,437.94
2.15,0.95,135.0,87,0.01105921744119533,-2679.848786768214,-2680.4028291460545,-2680.428161462649,1.028395004156648,"A""",0.35937234702349674,1.6392022380622129,0.9236,ok,466.71
2.15,1.0,85.0,87,0.00819424230418454,-2679.8716310368054,-2680.4285542798507,-2680.4536910654774,1.4709741159532053,"A""",0.7450893042933536,1.7399658924950592,0.9284,ok,435.89
2.15,1.0,100.0,87,0.008055148766978984,-2679.874518533564,-2680.4297262814016,-2680.4545467801186,1.4691959751450836,"A""",0.6840305189148503,1.697059250241525,0.9279,ok,426.67
2.15,1.0,75.0,87,0.008604890094646466,-2679.863840670253,-2680.422483808527,-2680.44803478352,1.4093635270693303,"A""",0.7913463777438446,1.7781670667890122,0.9287,ok,474.71
2.15,1.0,90.0,87,0.008091055534678235,-2679.8737386496973,-2680.429950889842,-2680.454939146326,1.4830024491611573,"A""",0.7245464897699698,1.7245713119105752,0.9283,ok,467.05
2.15,1.0,95.0,87,0.008044126811396147,-2679.87468839216,-2680.430324780805,-2680.455207237311,1.4824708200538428,"A""",0.7046346983176693,1.7103960434241015,0.9281,ok,468.95
2.15,1.05,85.0,87,0.008358339935414929,-2679.865217860036,-2680.4240697136743,-2680.449560711626,1.463721901518162,"A""",0.7492522248392107,1.740523352943496,0.9283,ok,286.42
2.15,1.0,110.0,87,0.0082895167727865,-2679.8710035869967,-2680.4258002769184,-2680.450630806124,1.403707603384038,"A""",0.6341224890450599,1.6727600803801892,0.9273,ok,433.41
2.15,1.0,105.0,87,0.008132320634093254,-2679.873273933945,-2680.42820330393,-2680.453006346013,1.4429883151863607,"A""",0.6611397223158064,1.684471694602392,0.9277,ok,467.8
2.15,1.0,115.0,87,0.00854791623733855,-2679.8677592754566,-2680.4225582638614,-2680.447461802648,1.351291575630025,"A""",0.600942449936622,1.6622301536958564,0.9268,ok,423.06
2.15,1.0,130.0,87,0.010285576119464816,-2679.852751952371,-2680.4081937849614,-2680.4336017365895,1.1159499498827354,"A""",0.4460997496565144,1.6432939119763348,0.9245,ok,442.83
2.15,1.0,125.0,87,0.009498129414319842,-2679.858571461023,-2680.4137144794504,-2680.438904784108,1.2072562778300713,"A""",0.5082345462623183,1.6467646910112737,0.9254,ok,467.11
2.15,1.05,75.0,87,0.008880219029959727,-2679.857678014981,-2680.4181705653286,-2680.4440932090984,1.403667156426205,"A""",0.7924749695339209,1.7815847112023586,0.9288,ok,464.47
2.15,1.05,90.0,87,0.008239697720890324,-2679.867274268846,-2680.4254230132765,-2680.45075913879,1.4746662205873629,"A""",0.7303867254969263,1.7247285152462841,0.9282,ok,421.84
2.15,1.05,95.0,87,0.008191453539050365,-2679.8682008165556,-2680.4257720109354,-2680.450997955199,1.473043679948235,"A""",0.7121894920969472,1.7104878740892089,0.928,ok,429.0
2.15,1.05,80.0,87,0.008561607127613714,-2679.862017133686,-2680.421666978935,-2680.447355176015,1.4401755728327932,"A""",0.769822185675224,1.75888224679916,0.9285,ok,471.65
2.15,1.05,100.0,87,0.008210610166972915,-2679.868026841922,-2680.425162354305,-2680.4503238340817,1.458723366258457,"A""",0.6932695003019822,1.6973092082451822,0.9278,ok,431.86
2.15,1.1,90.0,87,0.008401874216731938,-2679.858156777626,-2680.418305248591,-2680.4440063852,1.4656452981270602,"A""",0.7352899779075573,1.7245573185040024,0.928,ok,291.58
2.15,1.05,120.0,87,0.009184953205921298,-2679.8571864830756,-2680.413981594621,-2680.439351095093,1.2715414338217539,"A""",0.5739454034382273,1.655678179522096,0.9259,ok,439.89
2.15,1.05,115.0,87,0.008764355556890585,-2679.8613205779025,-2680.4180098765887,-2680.4432564001086,1.3379666309277625,"A""",0.6144259576408357,1.6638628614247952,0.9265,ok,452.32
2.15,1.05,105.0,87,0.008302757619033162,-2679.866791450532,-2680.4236383087095,-2680.448781495154,1.4315258598104472,"A""",0.6719706725644775,1.685048115993413,0.9275,ok,472.47
2.15,1.05,110.0,87,0.008480292468582375,-2679.8645397174164,-2680.4212412661304,-2680.4464126541416,1.3913001054241898,"A""",0.6463929004343613,1.6738032962330727,0.9271,ok,472.51
2.15,1.05,125.0,87,0.009783920070229669,-2679.852194408338,-2680.409194609367,-2680.4347365817966,1.1921443639932552,"A""",0.5231759559681795,1.6498631859360868,0.9251,ok,445.78
2.15,1.1,135.0,87,0.012237429024097794,-2679.830991967936,-2680.390500425184,-2680.4169406737797,0.9782053241804112,"A""",0.40372714714942504,1.6533315529964445,0.9224,ok,286.29
2.15,1.05,130.0,87,0.010618201857638652,-2679.8464078595116,-2680.403689218533,-2680.4294559318823,1.0999845975419102,"A""",0.4611860824172491,1.6472094517315325,0.9241,ok,465.23
2.15,1.05,135.0,87,0.011765186148812579,-2679.839899687981,-2680.3975085258967,-2680.423556697174,0.9953249198734937,"A""",0.38828067336146443,1.648723670664055,0.9228,ok,472.4
2.15,1.1,75.0,87,0.00921474801716299,-2679.8489142793073,-2680.411289724053,-2680.4376056438314,1.3963923279446164,"A""",0.7917264170562256,1.7848227886552759,0.9288,ok,466.99
2.15,1.1,80.0,87,0.008795379984868148,-2679.8530662205185,-2680.414668206231,-2680.440738083063,1.4327514399028825,"A""",0.7708728053517954,1.7600458736324824,0.9285,ok,433.33
2.15,1.1,100.0,87,0.008383884916054697,-2679.858882401191,-2680.4180152172694,-2680.443534956245,1.4477492236711915,"A""",0.7020221604334625,1.6973268763086289,0.9275,ok,432.75
2.15,1.1,110.0,87,0.008701921422030093,-2679.8554329429016,-2680.414112097597,-2680.439642824669,1.3784682468976426,"A""",0.6585249139102437,1.6746839972817549,0.9268,ok,431.83
2.15,1.1,85.0,87,0.008540761302937563,-2679.856158271877,-2680.4169962979613,-2680.4428593462962,1.4556147804632753,"A""",0.7521969618804523,1.7407153106779745,0.9282,ok,483.18
2.15,1.1,95.0,87,0.008352859092501356,-2679.8590586573846,-2680.4186316120727,-2680.4442180622887,1.463042140290914,"A""",0.7190491973942348,1.7103008396792605,0.9278,ok,461.19
2.15,1.1,105.0,87,0.008496541859974453,-2679.857660303945,-2680.4164960294715,-2680.441997169807,1.4196098364198269,"A""",0.6824993157436199,1.6854310898685605,0.9272,ok,467.1
2.15,1.1,115.0,87,0.009019998937409601,-2679.8522461228545,-2680.4108996144714,-2680.43650836545,1.3242335620946653,"A""",0.6279272464432069,1.6653556749790717,0.9262,ok,452.1
2.15,1.1,130.0,87,0.011019725056669235,-2679.837456509888,-2680.3966544284126,-2680.4228021242016,1.08363659371799,"A""",0.4767352191719391,1.6510125093681178,0.9237,ok,453.35
2.15,1.1,125.0,87,0.010127693340222418,-2679.8431995084,-2680.402132873378,-2680.428047597534,1.176639675559543,"A""",0.538432230442992,1.6528469137403616,0.9247,ok,479.33
2.15,1.1,120.0,87,0.009480853689724686,-2679.848149955818,-2680.406894254927,-2680.432630400415,1.256915341017914,"A""",0.5885096743615615,1.6578804100119449,0.9256,ok,482.73
2.15,1.15,75.0,87,0.00962402539691284,-2679.838383790729,-2680.4026715039317,-2680.429403358759,1.3875736535818126,"A""",0.7891965542039797,1.787826504773452,0.9288,ok,431.35
2.15,1.15,85.0,87,0.008745357257328284,-2679.8452898454275,-2680.4081716504584,-2680.434425320384,1.4467378807408884,"A""",0.7539659838871796,1.7404640859407698,0.9281,ok,411.39
2.15,1.15,125.0,87,0.010532075341818839,-2679.8324267299267,-2680.3933748652057,-2680.419685973339,1.160791278373833,"A""",0.5538371391722483,1.6556260306214392,0.9243,ok,288.19
2.15,1.15,80.0,87,0.009069383998765605,-2679.842320247382,-2680.4059213221744,-2680.43239294337,1.424272896079356,"A""",0.7704528694128338,1.7607850704416175,0.9284,ok,479.71
2.15,1.15,90.0,87,0.008579192940504582,-2679.847224910685,-2680.409437479456,-2680.435521606542,1.4560246184272585,"A""",0.7392778188486724,1.7239807186805611,0.9278,ok,438.49
2.15,1.15,95.0,87,0.008529128444725476,-2679.848101362453,-2680.4097449826963,-2680.4357099799713,1.4525458780483549,"A""",0.7252145319023937,1.70975712062954,0.9276,ok,463.15
2.15,1.2,90.0,87,0.008774371542591244,-2679.835098734268,-2680.3994443493307,-2680.425930744639,1.4458729413633784,"A""",0.7424173222323257,1.722884712627934,0.9276,ok,292.19
2.15,1.15,105.0,87,0.008714991630394133,-2679.846720417412,-2680.4076194744157,-2680.4334978320703,1.4073054932256477,"A""",0.6926757061105949,1.6855326862609288,0.9269,ok,446.86
2.15,1.15,120.0,87,0.009826994103140432,-2679.8373259600294,-2680.3980992414204,-2680.424224377965,1.2419399193771774,"A""",0.6031061341708188,1.6598633260997466,0.9252,ok,430.1
2.15,1.15,135.0,87,0.012793675066644227,-2679.8203289199228,-2680.3818224741603,-2680.408681710556,0.9607792155866446,"A""",0.41955967704679137,1.6577505196102555,0.9219,ok,395.82
2.15,1.15,110.0,87,0.00895568566449835,-2679.844523195448,-2680.4052563155306,-2680.4311665469304,1.3652707167770175,"A""",0.670442282429658,1.6753086414214824,0.9265,ok,482.21
2.15,1.2,85.0,87,0.008977466893125936,-2679.833231376217,-2680.3982180859684,-2680.424882161938,1.4371627185812388,"A""",0.75466064963806,1.7396500218832562,0.9279,ok,418.55
2.15,1.15,100.0,87,0.008575707410515684,-2679.847925016649,-2680.409127236821,-2680.4350237600734,1.4363464240575015,"A""",0.7102651538763511,1.6970301684986708,0.9273,ok,530.87
2.15,1.15,130.0,87,0.011492758486298544,-2679.826738020441,-2680.387936009201,-2680.4144897854267,1.0669577116888187,"A""",0.4925444791025653,1.6546214159487553,0.9232,ok,458.08
2.15,1.15,115.0,87,0.009316091551118696,-2679.8413758145884,-2680.402071553065,-2680.428063752513,1.3101456291054174,"A""",0.6413411878097043,1.6666125343102554,0.9259,ok,534.21
2.15,1.2,75.0,87,0.010126363116745486,-2679.8267012095557,-2680.392929723033,-2680.420101789527,1.3772362685419264,"A""",0.785062829613632,1.7904856689864597,0.9288,ok,488.27
2.15,1.2,95.0,87,0.008721860008040197,-2679.835949710876,-2680.3997381694517,-2680.426101248539,1.4416163059308913,"A""",0.7307190042887648,1.7087422424650787,0.9273,ok,447.82
2.15,1.2,115.0,87,0.009654807398044321,-2679.829330521489,-2680.3921539747,-2680.4185533480304,1.2957289705266832,"A""",0.6545403720071721,1.6675012463508334,0.9255,ok,398.73
2.15,1.2,80.0,87,0.009394117649997265,-2679.830396125579,-2680.3960450568907,-2680.422939806956,1.4148021028171218,"A""",0.7687003511425298,1.7609747744229838,0.9283,ok,511.79
2.15,1.2,105.0,87,0.008959406108483009,-2679.834592921984,-2680.397636084061,-2680.423912917546,1.3946548866989,"A""",0.7024626306364244,1.6852294503308172,0.9266,ok,443.16
2.15,1.2,120.0,87,0.010225085089574858,-2679.8253352021907,-2680.38822528741,-2680.414764650227,1.2266358469296175,"A""",0.6175522424072234,1.6614962443355512,0.9248,ok,406.08
2.15,1.2,110.0,87,0.00924314321069416,-2679.8324315043956,-2680.3953017686035,-2680.421613917766,1.3517407708105669,"A""",0.6820659228441949,1.675548078621635,0.9261,ok,455.52
2.15,1.2,100.0,87,0.00878741671693425,-2679.835775774208,-2680.3991253370223,-2680.4254188935793,1.4245671179214292,"A""",0.717997495385846,1.6963001234568411,0.927,ok,463.98
2.15,1.25,105.0,87,0.009232156896076225,-2679.8217378813333,-2680.387013079906,-2680.4137122494885,1.3816734401686035,"A""",0.7118239336507485,1.6843230365366308,0.9263,ok,318.56
2.15,1.2,130.0,87,0.012040084634610291,-2679.814872887734,-2680.378164059855,-2680.405152849924,1.0499669310294926,"A""",0.5083311700438152,1.6579322501795268,0.9227,ok,437.08
2.15,1.2,125.0,87,0.010999069048024208,-2679.8204966484086,-2680.383549934051,-2680.4102843574055,1.1446180709236604,"A""",0.5691509295906235,1.658078596503187,0.9238,ok,475.5
2.15,1.2,135.0,87,0.013436363677178535,-2679.808531043888,-2680.372105717685,-2680.399415266824,0.9430707986238207,"A""",0.43545087086814604,1.661898723062036,0.9213,ok,466.57
2.15,1.25,125.0,87,0.011530062952401278,-2679.8078680767962,-2680.3731264737025,-2680.400315292078,1.1281039283932899,"A""",0.5840450111168545,1.6600219040507098,0.9233,ok,288.78
2.15,1.25,75.0,87,0.010741214699786688,-2679.814319574361,-2680.382517754953,-2680.410156589412,1.3653922199381912,"A""",0.7795736366147047,1.7925901164680027,0.9287,ok,480.94
2.15,1.25,100.0,87,0.00902105710656795,-2679.8228947983093,-2680.3884763662445,-2680.415189535052,1.4124375051275062,"A""",0.7252386951890449,1.6949488005633988,0.9267,ok,475.62
2.15,1.25,95.0,87,0.008933610121872515,-2679.8230636044764,-2680.3890774235665,-2680.415860191979,1.4302911297706256,"A""",0.7356284898909585,1.7070713672173157,0.9271,ok,489.48
2.15,1.25,85.0,87,0.009244410057847112,-2679.8204407619746,-2680.3875981352476,-2680.414694143929,1.4269431014149854,"A""",0.7544306643930924,1.7380739847059063,0.9277,ok,503.22
2.15,1.25,80.0,87,0.009782315727433436,-2679.817749650483,-2680.385498278573,-2680.412839384403,1.4043865949219547,"A""",0.7658116578465414,1.7603998999792096,0.9281,ok,513.97
2.15,1.25,115.0,87,0.010037705178350394,-2679.8165697680315,-2680.3816145801616,-2680.408448101693,1.280977972973358,"A""",0.6673600593699414,1.667817271883671,0.9251,ok,433.74
2.15,1.25,90.0,87,0.008991388709185167,-2679.8222374670613,-2680.3887906883715,-2680.4157005089205,1.4352381541905375,"A""",0.7448181812590053,1.7210822110704322,0.9274,ok,527.65
2.15,1.25,110.0,87,0.009565916545993404,-2679.8196177032796,-2680.384715900989,-2680.4114552969504,1.3378823670664468,"A""",0.6933036228420402,1.675197761274335,0.9257,ok,511.41
2.15,1.25,120.0,87,0.010677126788228039,-2679.812636849867,-2680.377740412487,-2680.404722881478,1.2109906429870594,"A""",0.6316057452962067,1.6625807866634252,0.9243,ok,463.56
2.15,1.25,130.0,87,0.01266248222062634,-2679.8023196017202,-2680.3678075190214,-2680.395265020662,1.0326496654105173,"A""",0.5236780794011248,1.6607849048514256,0.9221,ok,433.42
2.2,0.8,75.0,87,0.008284917343877245,-2679.8258537297834,-2680.379693180931,-2680.404780867153,1.2592044280256518,"A""",0.7266186619007816,1.5938877530655127,0.9238,ok,425.79
2.2,0.8,80.0,87,0.008159521834034783,-2679.830161772228,-2680.3830369488455,-2680.407915223899,1.2994013029539313,"A""",0.6993056279528092,1.5800216448047861,0.9239,ok,423.48
2.2,0.8,85.0,87,0.008059478763332297,-2679.8332366386644,-2680.3852972274262,-2680.410007805524,1.3275664539727792,"A""",0.6736214401879393,1.5669114696350497,0.924,ok,439.06
2.2,0.85,85.0,87,0.008175381924614904,-2679.8538815562274,-2680.4074719403507,-2680.4324624883043,1.3244962376882379,"A""",0.6838172291569103,1.5697161832626376,0.9241,ok,292.27
2.2,0.8,90.0,87,0.007989518725315671,-2679.835123529885,-2680.3865285810907,-2680.4111145706574,1.3434859960532217,"A""",0.6490402001117603,1.5541640560831305,0.9241,ok,436.54
2.2,0.8,100.0,87,0.007970773869426252,-2679.83552162881,-2680.3861097475187,-2680.410579900992,1.3377902081594464,"A""",0.599204599270116,1.5290655247639588,0.9239,ok,438.93
2.2,0.8,95.0,87,0.007956723891906577,-2679.83586914364,-2680.386782846533,-2680.4112883922176,1.3469497682202487,"A""",0.6246422096454253,1.5415669406759007,0.924,ok,481.18
2.2,0.85,105.0,87,0.008120837870058272,-2679.854730057016,-2680.406664086645,-2680.4314187901996,1.307995096851916,"A""",0.5829203781166779,1.5186838307615032,0.9236,ok,293.47
2.2,0.8,105.0,87,0.008045002827784803,-2679.8341303758934,-2680.384556575209,-2680.409037342517,1.315907082343934,"A""",0.5712149553343289,1.5167510572180507,0.9237,ok,483.94
2.2,0.8,110.0,87,0.008196974320840145,-2679.8317457418507,-2680.3821674730957,-2680.4067060595826,1.281275324125386,"A""",0.5388977441621137,1.5048583767622845,0.9233,ok,476.94
2.2,0.8,120.0,87,0.008835863304448615,-2679.8242030022475,-2680.375042006748,-2680.3998448317966,1.1739927392836103,"A""",0.4536447078028002,1.4840395848190284,0.9222,ok,443.9
2.2,0.8,135.0,87,0.01127730184141561,-2679.8068101874705,-2680.359060809759,-2680.3846816585374,0.9198774854881915,"A""",0.25665412645010865,1.4712768237764764,0.9187,ok,436.35
2.2,0.8,115.0,87,0.00845016211265075,-2679.828418995435,-2680.3789832042503,-2680.4036283952196,1.2339381759684238,"A""",0.500319721116901,1.4937723971605017,0.9228,ok,471.9
2.2,0.8,125.0,87,0.0093956742736326,-2679.8191537939497,-2680.370381457486,-2680.3953960704084,1.1015724312904551,"A""",0.39754505673846374,1.4763858205942748,0.9213,ok,478.76
2.2,0.8,130.0,87,0.010184822046113186,-2679.813332892913,-2680.365040487479,-2680.3903255614723,1.016824620027856,"A""",0.33162459367357816,1.4717416799101308,0.9202,ok,482.67
2.2,0.85,80.0,87,0.008292771912233913,-2679.850833177056,-2680.4052306675526,-2680.4303904101994,1.2978789183045547,"A""",0.70959853326625,1.5838295158370617,0.9241,ok,466.75
2.2,0.85,75.0,87,0.008441905203057418,-2679.846562575737,-2680.401904100093,-2680.4272735435993,1.2592982760066753,"A""",0.7372981796342464,1.5992517268386617,0.9241,ok,475.66
2.2,0.85,90.0,87,0.008092212791207918,-2679.8557498756995,-2680.4086843185846,-2680.433548362574,1.3389915021943741,"A""",0.6594086724401589,1.5563619238367516,0.9241,ok,475.78
2.2,0.85,100.0,87,0.008054155756640629,-2679.856126641332,-2680.408231552452,-2680.432976488165,1.3308826088555272,"A""",0.6104209388429253,1.5308774175122692,0.9238,ok,454.49
2.2,0.85,110.0,87,0.008266303363768233,-2679.8523423021174,-2680.404262100447,-2680.4290745071107,1.272466640240977,"A""",0.5510059574759028,1.5070830321826842,0.9232,ok,443.6
2.2,0.85,95.0,87,0.008048847806006322,-2679.856482679333,-2680.408920752658,-2680.433702518278,1.3411765015870296,"A""",0.6353825167304858,1.543454426544301,0.924,ok,473.32
2.2,0.85,115.0,87,0.008514183277514313,-2679.8490136611804,-2680.4010656809237,-2680.4259854195275,1.2243163988144048,"A""",0.5126509782139429,1.4964392713191903,0.9226,ok,439.43
2.2,0.85,120.0,87,0.008896300270353166,-2679.844795985116,-2680.397112406141,-2680.4221914777663,1.1636214480922427,"A""",0.4659447966268674,1.4872773399398715,0.9219,ok,447.64
2.2,0.9,110.0,87,0.008365887425946551,-2679.8625320668225,-2680.416085684376,-2680.4411901425174,1.2628915952874638,"A""",0.5633024813853807,1.5093299252455217,0.923,ok,286.97
2.2,0.85,135.0,87,0.011351579044352222,-2679.8273887945134,-2680.381090948013,-2680.407001701972,0.9075917381942169,"A""",0.26718105904068185,1.4766932731059856,0.9184,ok,433.39
2.2,0.85,130.0,87,0.010248216742552845,-2679.8339189699313,-2680.387085099157,-2680.412653659467,1.0051129566576642,"A""",0.34299951555720354,1.4763929069501702,0.9198,ok,476.48
2.2,0.9,75.0,87,0.008627355792517605,-2679.8569034718853,-2680.413872724159,-2680.439547242729,1.2577906463209514,"A""",0.746707262707666,1.6044829948800117,0.9244,ok,471.19
2.2,0.85,125.0,87,0.009455330308901678,-2679.8397442729997,-2680.392439357497,-2680.417733087821,1.0905040756236208,"A""",0.40952333861099355,1.4802964614408431,0.921,ok,501.97
2.2,0.9,90.0,87,0.008212128278857825,-2679.8659602298017,-2680.4205622609734,-2680.445723931819,1.3334497932434606,"A""",0.6692268211599987,1.5583806423636666,0.9241,ok,423.32
2.2,0.9,130.0,87,0.010368507794092438,-2679.8441319986296,-2680.39888286627,-2680.4247540448127,0.9927206951966089,"A""",0.3551814645720664,1.4811135492981333,0.9195,ok,295.45
2.2,0.9,95.0,87,0.008159702791814761,-2679.8666781216157,-2680.4207790781347,-2680.445855976135,1.3344546388873764,"A""",0.6457722078845862,1.5452148813302686,0.924,ok,437.31
2.2,0.9,100.0,87,0.008159120047931337,-2679.8663150568186,-2680.4200748509197,-2680.44511306258,1.3231036375783731,"A""",0.621477836196236,1.532617073249642,0.9238,ok,440.14
2.2,0.9,85.0,87,0.008308878513878529,-2679.8641177818504,-2680.419374580747,-2680.444665621377,1.3202491989337466,"A""",0.6932449101664296,1.5723049867450642,0.9242,ok,467.77
2.2,0.9,80.0,87,0.008446702562919323,-2679.861110750683,-2680.417163461505,-2680.4426264707254,1.2950036515827221,"A""",0.718887967580928,1.5874231938592434,0.9243,ok,473.6
2.2,0.9,105.0,87,0.008222156694615412,-2679.8649171497923,-2680.41849615506,-2680.443543078494,1.2992716843614676,"A""",0.5946441296584707,1.5205952594979701,0.9234,ok,425.1
2.2,0.9,115.0,87,0.008614020868099708,-2679.8592086278195,-2680.4128824266973,-2680.4380950374116,1.2139610092229496,"A""",0.5253345410860071,1.4991617153956467,0.9224,ok,426.23
2.2,0.9,120.0,87,0.008998876006876813,-2679.854997366759,-2680.408922981947,-2680.434296787701,1.1525388308934041,"A""",0.47875723215798655,1.4905914158299514,0.9217,ok,436.54
2.2,0.95,80.0,87,0.008622006110635653,-2679.863926924396,-2680.4217366079033,-2680.447523440073,1.2908544150448553,"A""",0.7269892846463333,1.5908151491575597,0.9244,ok,431.57
2.2,0.95,85.0,87,0.008458713308370934,-2679.8668771519006,-2680.4239070452772,-2680.449517813929,1.3149273430181883,"A""",0.7017555972809473,1.5746770476575047,0.9243,ok,432.64
2.2,0.9,125.0,87,0.009564145992357324,-2679.8499520706155,-2680.4042437764156,-2680.4298353816494,1.0787405038626565,"A""",0.4221661680019901,1.4842889427788213,0.9207,ok,493.0
2.2,0.95,75.0,87,0.008845162419573201,-2679.8598105502565,-2680.4185001832793,-2680.444502063206,1.2547166309736424,"A""",0.754616580930684,1.6096229995529587,0.9246,ok,470.46
2.2,0.9,135.0,87,0.01149125796782908,-2679.8376046062376,-2680.392881006409,-2680.419101308248,0.8946437468062098,"A""",0.2786448708607354,1.4821450254656994,0.918,ok,474.38
2.2,0.95,90.0,87,0.008347331233005488,-2679.868686318652,-2680.4250650988815,-2680.450542690819,1.3269743940467238,"A""",0.6783703076607932,1.560211865096373,0.9241,ok,455.91
2.2,1.0,80.0,87,0.008820737386516946,-2679.8614120709885,-2680.421055002847,-2680.447185622457,1.285517604350482,"A""",0.7337441104900346,1.5939949800581408,0.9245,ok,280.74
2.2,0.95,95.0,87,0.008287357579465129,-2679.869387246011,-2680.4252613204744,-2680.4506510536744,1.3269036605836264,"A""",0.6557073075614259,1.54683371382807,0.9239,ok,463.97
2.2,0.95,105.0,87,0.008347968188655892,-2679.8676235613843,-2680.4229576017406,-2680.4483140540174,1.2898599436876785,"A""",0.6063000092552208,1.5224593905815202,0.9233,ok,461.26
2.2,0.95,110.0,87,0.008495545053603282,-2679.8652469768235,-2680.4205436383445,-2680.445957541156,1.252674847860105,"A""",0.575710327602951,1.5115671198832494,0.9228,ok,456.88
2.2,0.95,100.0,87,0.008284201332998706,-2679.8690187240913,-2680.424543842272,-2680.449892732316,1.3145750132251453,"A""",0.6322794876607161,1.5342643536976492,0.9237,ok,474.23
2.2,0.95,115.0,87,0.008750375876986509,-2679.861935861851,-2680.4173393792557,-2680.4428624251263,1.2029971642428994,"A""",0.5383038509174114,1.5019024907655039,0.9222,ok,455.81
2.2,1.0,110.0,87,0.008655256791174735,-2679.862617652504,-2680.4197462095367,-2680.445486827966,1.2419284925167113,"A""",0.5881491123766518,1.5137516561673492,0.9227,ok,288.23
2.2,0.95,125.0,87,0.009724863270848306,-2679.8527092970144,-2680.4087019977496,-2680.434609699557,1.0664121323820823,"A""",0.43542839360301133,1.4883181288433316,0.9205,ok,447.58
2.2,0.95,120.0,87,0.009145261191203714,-2679.85773916213,-2680.4133802850824,-2680.4390666978347,1.1408720911090857,"A""",0.4920237820634215,1.4939400675479653,0.9215,ok,465.09
2.2,0.95,135.0,87,0.011701334803605431,-2679.8403901068323,-2680.3973401100407,-2680.4238892308563,0.8811742008711223,"A""",0.29103043682664154,1.4875854827077746,0.9177,ok,433.38
2.2,0.95,130.0,87,0.010549556334026882,-2679.846904238396,-2680.40334191978,-2680.4295343944964,0.979782668684765,"A""",0.36813957229592126,1.485856555015817,0.9192,ok,477.91
2.2,1.0,75.0,87,0.009102182668348505,-2679.857415183913,-2680.4178903698776,-2680.4442414890113,1.2501208029180921,"A""",0.7608293772204103,1.6146895046867065,0.9248,ok,429.15
2.2,1.0,85.0,87,0.008624593046188813,-2679.8642899064316,-2680.423175471503,-2680.449124529067,1.3086367264939058,"A""",0.7092184425756193,1.576811055065525,0.9243,ok,426.01
2.2,1.0,90.0,87,0.008496486656176588,-2679.8660585229172,-2680.424300130379,-2680.4501112956236,1.3196793972389755,"A""",0.6867275643384466,1.5618294117724996,0.9241,ok,459.44
2.2,1.0,105.0,87,0.008497582962268367,-2679.864979941587,-2680.4221581598927,-2680.4478412009134,1.2798745074623639,"A""",0.6178035360045935,1.5242376523849064,0.9232,ok,426.49
2.2,1.0,115.0,87,0.008924093363202365,-2679.859325951492,-2680.416547385107,-2680.4423984666514,1.1915364038866008,"A""",0.5514833657508404,1.5046142883564682,0.922,ok,433.33
2.2,1.0,100.0,87,0.008427600288327754,-2679.8663682798,-2680.4237476051253,-2680.4494241459215,1.3054129508867658,"A""",0.6427382558463901,1.5357846648671172,0.9235,ok,473.85
2.2,1.0,120.0,87,0.009337211813431254,-2679.855151969351,-2680.4125958694176,-2680.4386128863234,1.1287333429014947,"A""",0.5056770672520701,1.4972721452822952,0.9212,ok,436.03
2.2,1.0,95.0,87,0.008430229495005354,-2679.86674059497,-2680.4244757573333,-2680.4501954854195,1.3186397029556833,"A""",0.6650882396334138,1.548281403392971,0.9238,ok,486.31
2.2,1.05,75.0,87,0.0094086357294425,-2679.851271812164,-2680.4135783444276,-2680.4403007619267,1.244052905637744,"A""",0.7652071905697468,1.6196800541170302,0.925,ok,419.43
2.2,1.0,125.0,87,0.009940267187906403,-2679.8501466264725,-2680.4079264195548,-2680.4341687429896,1.0536330802224905,"A""",0.44924776645605596,1.4923308476926775,0.9202,ok,449.33
2.2,1.05,80.0,87,0.009047138725223967,-2679.8551202998383,-2680.4166556081777,-2680.443149938359,1.2790833525799299,"A""",0.7390361686619645,1.5969339297062872,0.9246,ok,424.19
2.2,1.05,120.0,87,0.009576535818346098,-2679.8487910447407,-2680.408114518537,-2680.4344810062007,1.1162232021565213,"A""",0.5196291542322364,1.5005298766114776,0.921,ok,287.52
2.2,1.05,85.0,87,0.008807486799404402,-2679.85791045171,-2680.418718593681,-2680.4450243870174,1.3014843743823221,"A""",0.7155346593138794,1.5786706868011209,0.9243,ok,412.55
2.2,1.0,130.0,87,0.010795145704305719,-2679.844366524568,-2680.4025756585706,-2680.4291085194372,0.966415865936078,"A""",0.3818220356353428,1.4905691469101887,0.9189,ok,470.77
2.2,1.1,85.0,87,0.009009922293085981,-2679.8488778185956,-2680.4116686019834,-2680.4383499584646,1.293573098814683,"A""",0.7206495421245371,1.5802070303255717,0.9243,ok,289.48
2.2,1.05,95.0,87,0.008587364156678191,-2679.860293254573,-2680.419963753638,-2680.44603069416,1.309775282486157,"A""",0.6738326762430845,1.5495158841950312,0.9238,ok,413.36
2.2,1.05,90.0,87,0.008659067645965335,-2679.8596316420576,-2680.419807559815,-2680.445969884926,1.3116769612009676,"A""",0.69421098901097,1.5631944029383134,0.924,ok,438.62
2.2,1.05,100.0,87,0.008589216270973015,-2679.8599189491742,-2680.419228320107,-2680.445249732502,1.2957263978297364,"A""",0.6527666240853371,1.5371348274811976,0.9234,ok,470.94
2.2,1.05,105.0,87,0.008670600101895024,-2679.8585415407906,-2680.4176406126135,-2680.4436676655664,1.269420678013483,"A""",0.6290718966563925,1.525882638916028,0.923,ok,471.37
2.2,1.05,110.0,87,0.00884528046533165,-2679.856199312669,-2680.4152367738047,-2680.441321914757,1.2307553602964794,"A""",0.6005349291445681,1.5158318894125846,0.9225,ok,471.74
2.2,1.05,115.0,87,0.00913616409461552,-2679.852934105202,-2680.412050457478,-2680.4382478690463,1.1796798407637918,"A""",0.5647869741716178,1.5072414739292854,0.9218,ok,474.44
2.2,1.1,75.0,87,0.009778519374934225,-2679.842518496303,-2680.4066912836975,-2680.4338077837742,1.2365628857004896,"A""",0.7676875600042232,1.6245758886971473,0.9252,ok,439.13
2.2,1.05,130.0,87,0.011108815809340202,-2679.838074494853,-2680.3981309530614,-2680.425024499386,0.9527247496968941,"A""",0.39614488498914907,1.4951955905690815,0.9186,ok,457.38
2.2,1.05,125.0,87,0.010212864227401995,-2679.8438194524188,-2680.4034627317787,-2680.4300591667156,1.0405039575950106,"A""",0.46353925074673896,1.4962695710233458,0.9199,ok,478.56
2.2,1.05,135.0,87,0.012351949817120674,-2679.831619444147,-2680.3921573755797,-2680.4194250116902,0.8531417303312285,"A""",0.3183750800241109,1.498230189117319,0.9171,ok,467.76
2.2,1.1,90.0,87,0.008835570989465774,-2679.850545323706,-2680.41272130276,-2680.4392528084827,1.303072462873592,"A""",0.7007663078205868,1.5642576136220239,0.924,ok,436.48
2.2,1.1,80.0,87,0.009307971245292439,-2679.8461899581216,-2680.409668339866,-2680.4365467562607,1.2716403373691862,"A""",0.7428057182998288,1.5995883116384744,0.9247,ok,463.84
2.2,1.1,100.0,87,0.008768361370457575,-2679.8508109589748,-2680.4121219547146,-2680.4385061719736,1.2856139250565433,"A""",0.6623045223416634,1.5382630012448786,0.9233,ok,432.96
2.2,1.1,115.0,87,0.009387780119456486,-2679.8439005650935,-2680.4049863786804,-2680.4315497056928,1.1675148336118208,"A""",0.5781164210136843,1.5097235961570785,0.9216,ok,415.45
2.2,1.1,110.0,87,0.009066233797133698,-2679.8471322072483,-2680.4081524877947,-2680.4346010610802,1.2192455919060732,"A""",0.6127811887702818,1.5177494640893539,0.9223,ok,430.88
2.2,1.15,100.0,87,0.00896559100687945,-2679.8398842414435,-2680.4032707168703,-2680.4300368954437,1.2751594392496608,"A""",0.6713048109652658,1.539108282189492,0.9231,ok,289.56
2.2,1.1,95.0,87,0.008758465772458793,-2679.8511852686065,-2680.412860360423,-2680.4392922928378,1.3004115271681063,"A""",0.681882249233742,1.5504893845426684,0.9236,ok,482.41
2.2,1.1,105.0,87,0.008867129728568332,-2679.8494486245445,-2680.410541561715,-2680.4369309578738,1.2585928080399509,"A""",0.640028679178195,1.527339142622565,0.9228,ok,468.36
2.2,1.1,125.0,87,0.010545205669660466,-2679.83486822255,-2680.3964504629052,-2680.4234222623277,1.0271136052127343,"A""",0.47818187012148583,1.500074701111392,0.9196,ok,445.22
2.2,1.15,115.0,87,0.009680424626728103,-2679.833065151822,-2680.3961989280447,-2680.4231496423045,1.1551102668252795,"A""",0.5913613459762599,1.5119921121110416,0.9213,ok,299.8
2.2,1.1,130.0,87,0.011493709652515427,-2679.8291688391273,-2680.3911483738375,-2680.4184248912684,0.9387993359205549,"A""",0.4109817659573175,1.4996827571319356,0.9183,ok,431.39
2.2,1.15,75.0,87,0.01022930811631227,-2679.83199185933,-2680.398061140783,-2680.4255958459116,1.2276954953974009,"A""",0.7682989180569317,1.6293408333055444,0.9253,ok,438.88
2.2,1.1,120.0,87,0.009865009018021025,-2679.839796688305,-2680.401074756932,-2680.4278110675386,1.1034277162485937,"A""",0.533770419122708,1.503652161261254,0.9207,ok,487.02
2.2,1.15,85.0,87,0.009236237209855462,-2679.838030495044,-2680.402863738034,-2680.4299403222376,1.2849971718330124,"A""",0.7245597407128437,1.5813595866934345,0.9242,ok,442.82
2.2,1.1,135.0,87,0.0128009356065448,-2679.8227603085347,-2680.3852055851016,-2680.4128666519264,0.8387808500735148,"A""",0.3331292815807879,1.5033407301408641,0.9167,ok,470.55
2.2,1.15,105.0,87,0.009087586242877867,-2679.8385411454133,-2680.401703763667,-2680.428475284988,1.2474685065583757,"A""",0.6506139297180513,1.52854312524369,0.9226,ok,433.35
2.2,1.15,80.0,87,0.009612506614793634,-2679.8354585107186,-2680.4009286940886,-2680.428212562997,1.2632709020768307,"A""",0.7450630057136646,1.6018996150558138,0.9247,ok,476.59
2.2,1.15,95.0,87,0.00894422689618996,-2679.840256376476,-2680.4040069903676,-2680.4308227198203,1.2906394389344382,"A""",0.689208602432954,1.5511418732792885,0.9235,ok,468.75
2.2,1.15,110.0,87,0.009319176078416145,-2679.8362562235334,-2680.399336594329,-2680.4261691578326,1.2074715773316498,"A""",0.6248012174868229,1.5194374280811769,0.922,ok,484.35
2.2,1.15,90.0,87,0.009027715276641955,-2679.8396388397596,-2680.4038815129234,-2680.4308011075473,1.293960426687251,"A""",0.7063789089910885,1.564960336255228,0.9239,ok,514.1
2.2,1.15,120.0,87,0.010204627101727818,-2679.829008691106,-2680.3923210397693,-2680.4194496688488,1.0904149152524634,"A""",0.5479652030817552,1.5065719024623494,0.9204,ok,453.04
2.2,1.15,125.0,87,0.01093948199423369,-2679.8241327608453,-2680.3877347712623,-2680.4151056197975,1.0135297305086728,"A""",0.49301493361256915,1.5036839455159914,0.9193,ok,457.83
2.2,1.2,130.0,87,0.012487555043123637,-2679.806656852662,-2680.372737433441,-2680.400858952002,0.9105007501883965,"A""",0.4414118113011828,1.5080235505144943,0.9176,ok,299.73
2.2,1.15,130.0,87,0.01195256848950347,-2679.8184894953415,-2680.38247398538,-2680.4101585842704,0.9247097773215845,"A""",0.4261524382578796,1.5039779008862935,0.918,ok,480.02
2.2,1.2,90.0,87,0.009238425713460586,-2679.82753281426,-2680.39391306885,-2680.4212410701793,1.2844213079003164,"A""",0.7110793327545641,1.5652288201332136,0.9237,ok,443.68
2.2,1.2,80.0,87,0.009972994203399262,-2679.8235443842887,-2680.3910565116475,-2680.4187687173257,1.2540489934758718,"A""",0.7458862313038389,1.6037857094085255,0.9247,ok,463.01
2.2,1.2,85.0,87,0.009492563855231246,-2679.825988200501,-2680.392926863984,-2680.420419718621,1.2758393864965605,"A""",0.7273194485756023,1.582049650608105,0.9242,ok,458.49
2.2,1.2,95.0,87,0.00914624661527245,-2679.8281276863686,-2680.394029877649,-2680.4212497843214,1.2805339682084156,"A""",0.6958171601817662,1.5514005865278193,0.9233,ok,437.79
2.2,1.15,135.0,87,0.013336940744228974,-2679.8121391249624,-2680.37657458808,-2680.4046558976293,0.8242953978265167,"A""",0.3483706216531486,1.508257256148104,0.9164,ok,480.0
2.2,1.2,75.0,87,0.010782023151040437,-2679.820308973257,-2680.388303506164,-2680.4162825101425,1.2174876035561444,"A""",0.7671574510806503,1.6339100840888012,0.9254,ok,485.75
2.2,1.25,85.0,87,0.009787063250902638,-2679.8132097419384,-2680.382321058749,-2680.4102531500075,1.2661696808059473,"A""",0.7290345794301635,1.5821638082014782,0.924,ok,294.11
2.2,1.2,105.0,87,0.009333509067506244,-2679.8264403219973,-2680.3917545075624,-2680.418929902202,1.236106480233628,"A""",0.6607703905750851,1.529416171362013,0.9224,ok,444.4
2.2,1.2,100.0,87,0.009182078503130832,-2679.827760067981,-2680.393301441204,-2680.4204704902854,1.2644292856744266,"A""",0.6797451496925969,1.5395954178600144,0.9229,ok,473.76
2.2,1.2,125.0,87,0.01139811137878805,-2679.812233570107,-2680.3779446337453,-2680.405741529185,0.9997944060313941,"A""",0.5078345512676848,1.5070278042045264,0.919,ok,452.41
2.2,1.2,115.0,87,0.01001585404815593,-2679.821048728547,-2680.3863161375616,-2680.4136782389105,1.1425133716981783,"A""",0.60439325923926,1.5139644254829994,0.921,ok,477.65
2.2,1.2,110.0,87,0.009605626381476254,-2679.8241924232825,-2680.3894167468566,-2680.4166560891267,1.1954855849756358,"A""",0.636505318068962,1.5208138444775792,0.9218,ok,496.59
2.2,1.2,135.0,87,0.013962412804872964,-2679.8003762356316,-2680.366894833176,-2680.3954275448154,0.8097340526607717,"A""",0.3638227194996674,1.5129406497081812,0.9159,ok,466.72
2.2,1.2,120.0,87,0.01059715303098187,-2679.817047721427,-2680.3824817972486,-2680.4100281635765,1.077228181973496,"A""",0.562045290258877,1.5092098568764687,0.9201,ok,496.32
2.2,1.25,95.0,87,0.00936714418488682,-2679.815259447817,-2680.383395271539,-2680.411041808247,1.2701524381544216,"A""",0.7017390385074609,1.5511630869654964,0.9231,ok,422.96
2.2,1.25,90.0,87,0.009472085484662681,-2679.814687023516,-2680.3832810398076,-2680.41103968911,1.2745205943895201,"A""",0.7149360931984862,1.5649580182880793,0.9236,ok,440.68
2.2,1.25,75.0,87,0.011460514607185793,-2679.807925347437,-2680.3778734633784,-2680.4063256616437,1.2059651897001158,"A""",0.7644651381590166,1.6381710813008896,0.9255,ok,516.86
2.2,1.25,80.0,87,0.010404027139947678,-2679.810904875351,-2680.3805116283797,-2680.408677253876,1.244037418547274,"A""",0.7454240631775669,1.6051217526767887,0.9246,ok,465.12
2.2,1.25,105.0,87,0.009606940926652435,-2679.8136063737875,-2680.38116091975,-2680.4087645181457,1.224544855129556,"A""",0.670444543621473,1.5298513767924429,0.9221,ok,440.44
2.2,1.25,100.0,87,0.0094198413135057,-2679.8148987903173,-2680.382680931837,-2680.4102760523783,1.2534710854072129,"A""",0.6876174141660367,1.5396209915313739,0.9226,ok,472.73
2.2,1.25,115.0,87,0.010395740591264555,-2679.8083108893948,-2680.375805583295,-2680.4036062591567,1.1297473831895757,"A""",0.6170498540488516,1.5155294759841356,0.9207,ok,441.03
2.25,0.8,90.0,87,0.008374583382870362,-2679.8270123465354,-2680.380584623767,-2680.4060639672666,1.1945521086422048,"A""",0.6013611823260502,1.4030981271229956,0.9192,ok,298.12
2.2,1.25,110.0,87,0.009927264718734875,-2679.8114007512863,-2680.378860315845,-2680.406532078687,1.1833180627911817,"A""",0.6477899129065168,1.5217682768571883,0.9214,ok,480.76
2.2,1.25,125.0,87,0.0119227100648177,-2679.799629486462,-2680.3675482229705,-2680.395802267001,0.9859240835129608,"A""",0.5223429818262636,1.5100076936582305,0.9185,ok,454.68
2.2,1.25,120.0,87,0.011044671325669065,-2679.8043729940823,-2680.3720248795303,-2680.400017967235,1.0638860425814582,"A""",0.5757831557548755,1.511459379343271,0.9197,ok,492.64
2.25,0.8,130.0,87,0.010778001020824848,-2679.804711346595,-2680.3593065406076,-2680.3858291080164,0.8782050025223143,"A""",0.2567342377156484,1.3309309660063429,0.9138,ok,290.56
2.25,0.8,80.0,87,0.008571958876512796,-2679.8227271043884,-2680.377666748122,-2680.4034272047397,1.1547507852040597,"A""",0.6525710396791445,1.4276464721388422,0.9192,ok,426.92
2.25,0.8,75.0,87,0.00871781764123859,-2679.818874087972,-2680.3747348887173,-2680.4007070682737,1.1174753613733832,"A""",0.6806364288019026,1.4409261948823215,0.9191,ok,470.75
2.2,1.25,130.0,87,0.013100850197491451,-2679.7941293936674,-2680.362407343532,-2680.3909993989037,0.8961881588347856,"A""",0.4564146418280466,1.5117412591195563,0.9172,ok,482.4
2.25,0.8,85.0,87,0.008455998764153308,-2679.825426983201,-2680.3796006147472,-2680.4051963000165,1.180494533672914,"A""",0.626417143508441,1.4151529185578178,0.9192,ok,437.91
2.25,0.8,95.0,87,0.008335148271967074,-2679.827523786122,-2680.3806649196645,-2680.4060776396727,1.196773995246597,"A""",0.576228479278939,1.3912999523225673,0.9191,ok,460.7
2.25,0.8,110.0,87,0.00859315909229738,-2679.8230422350252,-2680.3759131525417,-2680.401439452588,1.1315720660180026,"A""",0.4841505657761906,1.3578081594762916,0.918,ok,461.13
2.25,0.8,120.0,87,0.009293626737968085,-2679.815484047425,-2680.3689635632,-2680.394851145242,1.028325728731675,"A""",0.38962359692035653,1.339889750083693,0.9164,ok,465.08
2.25,0.8,105.0,87,0.008427697651098218,-2679.825494994284,-2680.3782890031957,-2680.4037233267777,1.1653132251635423,"A""",0.5195217379657855,1.3684791005204913,0.9185,ok,475.99
2.25,0.8,135.0,87,0.011982995609945526,-2679.7982586941853,-2680.3535518298977,-2680.3805193438234,0.7859462927825605,"A""",0.1771615772765864,1.3321181292846642,0.9119,ok,444.23
2.25,0.8,115.0,87,0.008870291132847744,-2679.8196899298555,-2680.3727935725838,-2680.3984695880104,1.0858770396918818,"A""",0.4414022523127708,1.348099398791538,0.9173,ok,483.52
2.25,0.8,100.0,87,0.008348042841642069,-2679.8270035363184,-2680.3798857772263,-2680.405282958814,1.1870473029607622,"A""",0.5495431073547578,1.3797247393003518,0.9189,ok,494.81
2.25,0.8,125.0,87,0.009909120484729955,-2679.8104733400146,-2680.3644562846894,-2680.3906231810606,0.9590504026012749,"A""",0.3279829215615415,1.333876135915436,0.9153,ok,479.54
2.25,0.85,80.0,87,0.008726817375763307,-2679.8434663681583,-2680.3999027315376,-2680.4259423238186,1.1527642514516643,"A""",0.6647827186932078,1.4324003622188395,0.9195,ok,435.27
2.25,0.85,75.0,87,0.008901190372992624,-2679.8396535859674,-2680.396986103864,-2680.423236319393,1.1167889098614172,"A""",0.693752508718038,1.447250261737456,0.9195,ok,476.25
2.25,0.85,85.0,87,0.008589209940102493,-2679.846137603803,-2680.4018196026063,-2680.42769395587,1.1772403209576643,"A""",0.6380926961323017,1.4188874514632717,0.9194,ok,428.96
2.25,0.9,75.0,87,0.009115305071242025,-2679.85005148048,-2680.4089839883463,-2680.435536449885,1.114593871631036,"A""",0.7058765665649482,1.4535335816182755,0.9199,ok,293.89
2.25,0.85,95.0,87,0.00843650845172811,-2679.848200476577,-2680.402851227635,-2680.428540090889,1.1912838380845017,"A""",0.5877279226261621,1.3941000561252836,0.9191,ok,449.66
2.25,0.85,100.0,87,0.008436431842123426,-2679.8476712299885,-2680.4020581851046,-2680.427730347047,1.1806198833727144,"A""",0.5611982974474164,1.3824472350189634,0.9189,ok,447.39
2.25,0.85,90.0,87,0.008490496723684363,-2679.847702835817,-2680.4027866670613,-2680.4285434993035,1.1901211310028854,"A""",0.6128288754028424,1.406214311507611,0.9193,ok,480.47
2.25,0.85,105.0,87,0.008503988056189762,-2679.846157316681,-2680.4004494389437,-2680.4261580053617,1.158061463151483,"A""",0.5313561633958191,1.371319611167705,0.9185,ok,422.69
2.25,0.9,95.0,87,0.008558337389205124,-2679.8584530647813,-2680.414754885929,-2680.4407397732775,1.1848926409434424,"A""",0.5989750478431813,1.3967932695097756,0.9192,ok,290.21
2.25,0.85,120.0,87,0.009337482410142288,-2679.836141586873,-2680.391095479572,-2680.417258860567,1.0191077412217837,"A""",0.40122820170308177,1.3439600074566171,0.9163,ok,429.82
2.25,0.85,110.0,87,0.008658032354816308,-2679.843701754551,-2680.3980632086877,-2680.4238635491083,1.1235919929490374,"A""",0.49608603273582774,1.3609311417329137,0.9179,ok,451.44
2.25,0.85,125.0,87,0.00994467639256272,-2679.8311297217265,-2680.3865796815517,-2680.413024622902,0.9493039750151995,"A""",0.33911805546505763,1.3385479468264805,0.9151,ok,431.37
2.25,0.85,135.0,87,0.012013746371210965,-2679.8189074081397,-2680.375658362909,-2680.402912620157,0.7753644226867056,"A""",0.18689424218576228,1.3380349948254433,0.9117,ok,439.24
2.25,0.85,115.0,87,0.008924205570357951,-2679.84034818872,-2680.3949342782807,-2680.420884814796,1.0772462037172008,"A""",0.4532752002718592,1.3516419896379963,0.9172,ok,490.64
2.25,0.85,130.0,87,0.010808469340211619,-2679.8253651397326,-2680.3814215295947,-2680.4082256364345,0.867996709074113,"A""",0.26723394453967764,1.3362355975930746,0.9136,ok,481.19
2.25,0.9,85.0,87,0.00874201505756831,-2679.856431051309,-2680.413761022864,-2680.4399355507326,1.1728686889683733,"A""",0.6491787537273493,1.4224580241493667,0.9196,ok,443.26
2.25,0.9,80.0,87,0.0089046658698836,-2679.8538012023896,-2680.4118700596837,-2680.4382115244553,1.1494975166340355,"A""",0.6762199646465922,1.4370115631370128,0.9197,ok,469.13
2.25,0.9,100.0,87,0.008548272289985363,-2679.8579169819004,-2680.4139495017034,-2680.4399160770845,1.173367965463385,"A""",0.5727669579552538,1.3851048528872436,0.9189,ok,437.88
2.25,0.9,90.0,87,0.008625498386241673,-2679.8579703206483,-2680.414706911547,-2680.440761790955,1.1846942426810498,"A""",0.6238810412093501,1.4091862723967987,0.9194,ok,492.35
2.25,0.9,115.0,87,0.009016385788528702,-2679.8506020690907,-2680.4068063368095,-2680.4330505030093,1.0679425835758987,"A""",0.4655265729963196,1.355214771640873,0.9171,ok,440.55
2.25,0.9,105.0,87,0.00860782007761339,-2679.856402109855,-2680.412331987788,-2680.438333964979,1.150047446113749,"A""",0.5432625653011142,1.3741348451927526,0.9184,ok,473.51
2.25,0.9,110.0,87,0.008755354003106584,-2679.853949740945,-2680.4099396430875,-2680.4360331063344,1.1148996006899758,"A""",0.5082473244625695,1.3640614528291757,0.9178,ok,470.86
2.25,0.95,110.0,87,0.008884308046349165,-2679.8567179585853,-2680.414447501091,-2680.4408522225185,1.1056188777393323,"A""",0.5205604470774607,1.3671626922842193,0.9177,ok,283.23
2.25,0.95,135.0,87,0.012286902898120471,-2679.8320334729137,-2680.392044590884,-2680.419932791806,0.752663574701087,"A""",0.2091546706868646,1.3497553889915117,0.9112,ok,289.98
2.25,0.95,75.0,87,0.009363995854375222,-2679.85300287251,-2680.413630567507,-2680.4405084352975,1.1109350154426658,"A""",0.716738593756862,1.459806322715556,0.9203,ok,433.35
2.25,0.9,120.0,87,0.009426187274517923,-2679.8464028098865,-2680.4029642153228,-2680.4294226341967,1.0092485252188967,"A""",0.4133607091251925,1.3480712129414951,0.9161,ok,473.97
2.25,0.9,125.0,87,0.01003238408749455,-2679.8413986190544,-2680.3984457398324,-2680.425188200277,0.9389435196158864,"A""",0.35092524578364814,1.3432566685837317,0.9149,ok,469.9
2.25,0.9,130.0,87,0.010899081090705925,-2679.83564097649,-2680.3932852835715,-2680.420390754582,0.8572009106354552,"A""",0.27854219676667963,1.3415566276437552,0.9134,ok,465.76
2.25,0.9,135.0,87,0.01211338006221287,-2679.829188334817,-2680.387519896334,-2680.4150812278385,0.7642251605477771,"A""",0.19756098514339404,1.343928764613416,0.9115,ok,464.6
2.25,0.95,95.0,87,0.008698322104276273,-2679.861213456326,-2680.41927949157,-2680.4455790097154,1.1777214755004752,"A""",0.6098622972925813,1.3993570038073022,0.9192,ok,425.87
2.25,0.95,105.0,87,0.00873759522672807,-2679.859161185681,-2680.416841259264,-2680.4431547600625,1.1413948721981655,"A""",0.5551556421045417,1.3768926669384594,0.9184,ok,422.64
2.25,0.95,85.0,87,0.008912816981155914,-2679.859239654217,-2680.4183272727355,-2680.4448221553653,1.167485616295785,"A""",0.6595142097480068,1.4258536270073001,0.9197,ok,465.69
2.25,0.95,80.0,87,0.009105735798170232,-2679.8566647660964,-2680.4164706892266,-2680.4431355189217,1.145035552117601,"A""",0.6866790394487904,1.4414816935331236,0.92,ok,477.57
2.25,0.95,100.0,87,0.00868144248964112,-2679.8606726474873,-2680.4184638697075,-2680.4447431162266,1.1654146693570404,"A""",0.5841517453805675,1.3876703400775512,0.9188,ok,452.09
2.25,0.95,90.0,87,0.008777228040383896,-2679.8607468150603,-2680.4192483450224,-2680.4456205017113,1.178387782103018,"A""",0.6343852304486673,1.4119962532731944,0.9195,ok,476.71
2.25,0.95,120.0,87,0.009560973886442886,-2679.8491994298206,-2680.407475789893,-2680.434247727933,0.9988742023693216,"A""",0.4259717617592585,1.3521790487551726,0.916,ok,420.5
2.25,0.95,130.0,87,0.0110535165814356,-2679.83847069494,-2680.3978051435183,-2680.4252311998857,0.845948938433424,"A""",0.2906362538314555,1.3468478513025033,0.9132,ok,432.11
2.25,1.0,75.0,87,0.009654179580138401,-2679.8506403951064,-2680.413030795196,-2680.4402568798837,1.1058652944399465,"A""",0.7260811716423836,1.4660767399599712,0.9206,ok,419.91
2.25,0.95,125.0,87,0.010174651326564341,-2679.844211780733,-2680.4029610876637,-2680.430019864031,0.9280972144599334,"A""",0.3633679984888828,1.3479562710982615,0.9147,ok,461.83
2.25,0.95,115.0,87,0.009146998303067073,-2679.853383296435,-2680.4113152492228,-2680.4378713019723,1.0580908675454574,"A""",0.4780949925441584,1.3587771439970942,0.917,ok,474.46
2.25,1.0,80.0,87,0.009332093249881622,-2679.8541883008206,-2680.415810317641,-2680.442819434005,1.1394703448911956,"A""",0.6959664567565413,1.4457919780453028,0.9202,ok,438.84
2.25,1.0,85.0,87,0.009101076687855812,-2679.8566941995423,-2680.417624976522,-2680.4444597215934,1.1612012280232418,"A""",0.6689463997357057,1.4290450665153005,0.9199,ok,435.54
2.25,1.05,80.0,87,0.00958813721253334,-2679.847926936113,-2680.41142672485,-2680.438801096209,1.13289714889266,"A""",0.7039175996041642,1.4499082150547768,0.9204,ok,293.6
2.25,1.0,90.0,87,0.008943980951847516,-2679.8581629991254,-2680.4185185007127,-2680.4452265017853,1.1713189331631475,"A""",0.6442151497101454,1.4146106240584257,0.9196,ok,444.03
2.25,1.0,105.0,87,0.00889203346643717,-2679.8565650872,-2680.4160866900384,-2680.4427294956986,1.132219787363489,"A""",0.5669482972303185,1.3795509929466065,0.9183,ok,424.7
2.25,1.0,95.0,87,0.008854393451507906,-2679.8586123079826,-2680.4185333537253,-2680.445165527236,1.169889263199174,"A""",0.620280459570597,1.40175494992485,0.9192,ok,479.91
2.25,1.0,100.0,87,0.008834101742141366,-2679.8580688451693,-2680.417710225787,-2680.4443199333327,1.156877922173435,"A""",0.5952570648425519,1.3901046345343067,0.9188,ok,472.23
2.25,1.0,115.0,87,0.009316327473748602,-2679.8508222460678,-2680.410571423594,-2680.4374575566753,1.047804324418676,"A""",0.4909084434095913,1.3622802656602209,0.9168,ok,430.86
2.25,1.0,110.0,87,0.009044476523278168,-2679.8541368575243,-2680.413696692462,-2680.440430586267,1.095864177362166,"A""",0.5329493003579874,1.3701890974806001,0.9176,ok,460.8
2.25,1.05,85.0,87,0.00930769029534132,-2679.8503497133715,-2680.413193357133,-2680.4403874124296,1.1541266602611335,"A""",0.6773445173566819,1.4319906353271088,0.92,ok,292.25
2.25,1.0,125.0,87,0.01037389420182093,-2679.841699610086,-2680.402237554161,-2680.4296316233035,0.9168806965522782,"A""",0.37639143617913756,1.3525946247649425,0.9145,ok,418.88
2.25,1.0,120.0,87,0.00974315619337002,-2679.8466618026714,-2680.406741258112,-2680.4338452506663,0.9880986166399611,"A""",0.438998061812048,1.3562324817276954,0.9158,ok,471.81
2.25,1.0,130.0,87,0.011275360443953145,-2679.835984829129,-2680.3970938245466,-2680.424859982899,0.8343583860313861,"A""",0.30347152453097276,1.3520587414749166,0.913,ok,462.17
2.25,1.05,75.0,87,0.00999654812899038,-2679.8445200245164,-2680.4087209500058,-2680.436318383581,1.099441621040818,"A""",0.7336875696592196,1.4723369075966284,0.921,ok,466.8
2.25,1.05,90.0,87,0.009124976027603076,-2679.851774005987,-2680.4140577897683,-2680.441120158196,1.1636036530416136,"A""",0.6532605806437537,1.4169857405550186,0.9196,ok,439.58
2.25,1.05,120.0,87,0.0099740589337768,-2679.8403449961424,-2680.4023049153166,-2680.429760269256,0.977025547338746,"A""",0.45235507731764446,1.3601775317832818,0.9156,ok,429.7
2.25,1.05,115.0,87,0.009525012124696594,-2679.844473956249,-2680.4061184717134,-2680.4333534772145,1.0371880440515038,"A""",0.5038840725735109,1.3656705161400142,0.9167,ok,437.72
2.25,1.05,110.0,87,0.009235559534920916,-2679.8477615152365,-2680.4092302254826,-2680.436311695714,1.0857422041975486,"A""",0.5453254247141802,1.3730893940586477,0.9175,ok,457.94
2.25,1.1,115.0,87,0.009773811732672385,-2679.8354785463694,-2680.399093837167,-2680.426697772412,1.0263354661262625,"A""",0.5169188215689262,1.3688946122428987,0.9165,ok,290.33
2.25,1.05,100.0,87,0.009004926194203355,-2679.851660790879,-2680.4132305374264,-2680.4401886680407,1.1478705101933433,"A""",0.6059903390312442,1.392360928413963,0.9188,ok,469.17
2.25,1.05,105.0,87,0.009070266004568178,-2679.850168966568,-2680.4116107820473,-2680.4386010020053,1.1226317065108962,"A""",0.5785512796075559,1.3820611075503948,0.9182,ok,469.95
2.25,1.05,95.0,87,0.009025192661916436,-2679.852204838333,-2680.414057785627,-2680.441040688209,1.1615113797201355,"A""",0.6301309102460653,1.4039422619591808,0.9192,ok,485.22
2.25,1.1,80.0,87,0.009881191312463703,-2679.8390201754282,-2680.404450693227,-2680.432211893042,1.1254093188072274,"A""",0.7104131242820448,1.4537863301059653,0.9206,ok,423.31
2.25,1.05,125.0,87,0.010632369288902838,-2679.8354173018547,-2680.397820313409,-2680.4255695644456,0.9053984732059157,"A""",0.3899151968303104,1.3571192262912226,0.9143,ok,462.29
2.25,1.1,75.0,87,0.010406188749178707,-2679.835781617299,-2680.4018295555506,-2680.4298224190984,1.0917197708386064,"A""",0.7394066487268073,1.4785678081388374,0.9213,ok,457.22
2.25,1.05,135.0,87,0.012874760960584413,-2679.8233644166135,-2680.386972262071,-2680.4155762212695,0.7287470308425976,"A""",0.23495922619940954,1.3610247182449737,0.9108,ok,459.64
2.25,1.1,85.0,87,0.009535409420343647,-2679.8413459354206,-2680.40616504848,-2680.4337383173693,1.1463683032853258,"A""",0.6846113271494338,1.4346409486141418,0.9201,ok,406.84
2.25,1.05,130.0,87,0.011567978807926569,-2679.829738802909,-2680.392697618031,-2680.4208245193167,0.8225376838865646,"A""",0.3169720764052084,1.3571399210643567,0.9128,ok,471.69
2.25,1.1,90.0,87,0.009320600783221415,-2679.8427198733743,-2680.407000300129,-2680.4344360439172,1.1553515082661354,"A""",0.6614369942765718,1.4190728485604875,0.9196,ok,436.03
2.25,1.15,85.0,87,0.00978882205031143,-2679.830522131885,-2680.397378889134,-2680.425352308572,1.138027565409848,"A""",0.6906975531457932,1.4369414698292244,0.9201,ok,281.29
2.25,1.1,105.0,87,0.009271979020746094,-2679.841113045459,-2680.404549849055,-2680.4319064832034,1.1127293330677126,"A""",0.5898767888502815,1.3843721709442853,0.9181,ok,433.09
2.25,1.1,110.0,87,0.009457742783389199,-2679.838732081819,-2680.4021849213404,-2680.429633431813,1.0753482705014519,"A""",0.5575941847386479,1.375810882635058,0.9174,ok,427.86
2.25,1.1,100.0,87,0.009193452447561682,-2679.842588754889,-2680.4061605863717,-2680.4334858653087,1.1384950330407675,"A""",0.6162667251850349,1.3943911140403433,0.9187,ok,463.75
2.25,1.1,95.0,87,0.009210254673698855,-2679.8431312676025,-2680.406987883049,-2680.434340164956,1.1526951366626952,"A""",0.6393318472600124,1.4058704538580566,0.9192,ok,477.02
2.25,1.1,120.0,87,0.01025531930499367,-2679.8313891776224,-2680.395305003337,-2680.4231324654265,0.9657494828729096,"A""",0.46593651006199904,1.363960901307557,0.9155,ok,413.42
2.25,1.1,125.0,87,0.010952392621977607,-2679.826505156735,-2680.3908484970484,-2680.418974518288,0.8937469480701509,"A""",0.4038247306570311,1.36147954842747,0.9142,ok,399.98
2.25,1.15,75.0,87,0.010902308863844691,-2679.8252638130966,-2680.3931900106168,-2680.421604036492,1.082748980057844,"A""",0.7431793530185967,1.4847420956737682,0.9215,ok,422.46
2.25,1.1,135.0,87,0.013297607655337431,-2679.814546832241,-2680.3800639832884,-2680.4090604117864,0.7166041340635981,"A""",0.24898985391097667,1.3663907787767628,0.9106,ok,435.13
2.25,1.1,130.0,87,0.011934437800605581,-2679.820873143767,-2680.3857566116053,-2680.4142668283207,0.8105844505236413,"A""",0.33102200773655605,1.3620474230750161,0.9126,ok,474.77
2.25,1.15,90.0,87,0.009532679505349341,-2679.8318403281974,-2680.3981863887575,-2680.4260154831086,1.1466622667482145,"A""",0.6686919177454356,1.4208193172116022,0.9196,ok,423.88
2.25,1.15,80.0,87,0.0102214326718264,-2679.828306764969,-2680.395718544899,-2680.4238893474894,1.117093082439083,"A""",0.7153980795620533,1.457375705037475,0.9207,ok,449.82
2.25,1.15,130.0,87,0.01237748562440164,-2679.810227666609,-2680.377116457508,-2680.4060353424898,0.7985798071126807,"A""",0.34545778030437685,1.3667440419268673,0.9123,ok,290.16
2.25,1.15,95.0,87,0.00940999371781974,-2679.8322315734736,-2680.3981650375704,-2680.4259064490675,1.1435361601553053,"A""",0.6478274017368828,1.4074883273635614,0.9191,ok,471.47
2.25,1.15,100.0,87,0.009399759438118488,-2679.8316927647434,-2680.39734245578,-2680.425054807187,1.12884228378729,"A""",0.6260198302830344,1.3961422049789074,0.9186,ok,477.75
2.25,1.15,105.0,87,0.009497488695288991,-2679.830237287217,-2680.3957464573377,-2680.4234899233847,1.1025979736454454,"A""",0.6008408115606362,1.386430626000271,0.918,ok,475.07
2.25,1.2,120.0,87,0.010975993980221034,-2679.808700276111,-2680.3767751204,-2680.405418292399,0.9428802027986728,"A""",0.4931886023110419,1.3708332605532438,0.915,ok,283.61
2.25,1.15,110.0,87,0.009711815415652192,-2679.827888410602,-2680.393403820509,-2680.421240480474,1.0647635447909747,"A""",0.569655292320887,1.3782992952352942,0.9172,ok,434.17
2.25,1.15,120.0,87,0.010588583020602442,-2679.820634052723,-2680.3865856431657,-2680.414808096995,0.9543481823799129,"A""",0.4796041367917656,1.3675305109133429,0.9153,ok,425.38
2.25,1.15,115.0,87,0.010063956074512038,-2679.8246757751294,-2680.390341058433,-2680.4183358486725,1.015325386482774,"A""",0.529893719948827,1.3718973945160409,0.9163,ok,446.51
2.25,1.2,85.0,87,0.010074992524315499,-2679.8184988513067,-2680.3874581396512,-2680.4158541412444,1.1291910732691155,"A""",0.6956012680859738,1.438831143325298,0.9201,ok,438.81
2.25,1.15,135.0,87,0.01381116407863699,-2679.8039608170798,-2680.371467980539,-2680.4008839061735,0.7044561329600267,"A""",0.26356710970823266,1.371543554056184,0.9104,ok,465.55
2.25,1.15,125.0,87,0.011336155216072497,-2679.8158028956714,-2680.3821669274494,-2680.410693732079,0.8820046191503169,"A""",0.4179667630817696,1.3656292825915215,0.9139,ok,477.59
2.25,1.2,80.0,87,0.010622724141852119,-2679.8164064934476,-2680.3858512976685,-2680.4144562921983,1.108029983704038,"A""",0.7188804987344257,1.460611069763741,0.9208,ok,481.55
2.25,1.2,75.0,87,0.011508703018573437,-2679.813585880074,-2680.383419436227,-2680.4122827506853,1.0725704860344694,"A""",0.745043191796137,1.4908179680134155,0.9218,ok,485.83
2.25,1.2,115.0,87,0.010397150888983488,-2679.8126865100494,-2680.3804880050297,-2680.408898100266,1.0042181363946014,"A""",0.5426700791232805,1.3746235028200922,0.9161,ok,450.9
2.25,1.2,125.0,87,0.011785883603872047,-2679.8039309929813,-2680.3724043678567,-2680.4013591926664,0.8702300693046096,"A""",0.4321443790718707,1.3695229235915285,0.9137,ok,427.5
2.25,1.2,110.0,87,0.009999145490829265,-2679.8158516002386,-2680.38351443484,-2680.4117625831627,1.0540520285539379,"A""",0.5814010438754735,1.380497040932244,0.917,ok,487.11
2.25,1.2,105.0,87,0.009747820953986465,-2679.8181629953415,-2680.385827778377,-2680.4139804944366,1.0923064938436542,"A""",0.6113705992560783,1.3881801281789876,0.9178,ok,495.56
2.25,1.2,90.0,87,0.00976436125431746,-2679.8197564836632,-2680.3882411488735,-2680.4164850825096,1.1376233910202078,"A""",0.6750136219688819,1.4221681027724788,0.9196,ok,513.76
2.25,1.2,130.0,87,0.012899452263434518,-2679.7984227091983,-2680.3674064915454,-2680.396763119126,0.7865836182250215,"A""",0.3600565148434236,1.3711983662171605,0.9121,ok,438.18
2.25,1.2,100.0,87,0.009624876781056262,-2679.8195942496245,-2680.3874029110766,-2680.4155240459586,1.118987452057419,"A""",0.6351976388851661,1.3975598827062303,0.9185,ok,514.0
2.25,1.2,95.0,87,0.009626027718659074,-2679.8201271487123,-2680.388215399325,-2680.4163672672703,1.1341163452398522,"A""",0.6555856057482733,1.408740982588936,0.919,ok,529.98
2.25,1.2,135.0,87,0.014418295236135288,-2679.7922266417804,-2680.3618143017184,-2680.3916810792175,0.6923665185176976,"A""",0.2784547280495634,1.3764678199725877,0.9101,ok,468.8
2.25,1.25,80.0,87,0.011102058567254955,-2679.8037780655172,-2680.3753094413682,-2680.4043757550203,1.0982872069241842,"A""",0.7209463085232679,1.463412592873516,0.9209,ok,450.55
2.25,1.25,85.0,87,0.010403269016151519,-2679.805735744423,-2680.3768664134695,-2680.4057095966555,1.1199382507580888,"A""",0.6993731323166456,1.440233598186152,0.9201,ok,434.84
2.25,1.25,75.0,87,0.012252711053275193,-2679.8012056541797,-2680.3729744129796,-2680.402318486309,1.0612149426867923,"A""",0.7451391482249975,1.4967296737252707,0.922,ok,493.28
2.25,1.25,115.0,87,0.010775391091888305,-2679.799970429673,-2680.370002173186,-2680.398855247704,0.9930548352668668,"A""",0.555076384939843,1.377004665309793,0.9159,ok,336.64
2.25,1.25,90.0,87,0.010020528596725246,-2679.806928630787,-2680.377629882295,-2680.4063121939616,1.128309994723663,"A""",0.6804245520538662,1.423050647418456,0.9195,ok,452.97
2.3,0.8,75.0,87,0.009184547553035511,-2679.811665199954,-2680.369644167127,-2680.3965797193687,0.9895002757868253,"A""",0.6292330646435104,1.3023389638923246,0.914,ok,312.67
2.25,1.25,105.0,87,0.010024764796236665,-2679.8053505268413,-2680.3752609030425,-2680.403847861599,1.0819073939102137,"A""",0.6213831166764743,1.3895545043741298,0.9176,ok,440.26
2.25,1.25,95.0,87,0.009861065126437012,-2679.807278559951,-2680.3776052634253,-2680.406191067519,1.1245038814185504,"A""",0.6626004744659585,1.4095628802644564,0.9189,ok,467.22
2.25,1.25,100.0,87,0.009870776973948904,-2679.806753769507,-2680.3768087576004,-2680.40536271499,1.1089905239358546,"A""",0.643759272707321,1.3985784013641551,0.9183,ok,469.39
2.25,1.25,110.0,87,0.010321751874560662,-2679.8030816967785,-2680.3729840662195,-2680.401669905268,1.043259779071511,"A""",0.592706903123292,1.3823358320137589,0.9168,ok,479.99
2.25,1.25,120.0,87,0.011419079690901807,-2679.796047132359,-2680.3663411111656,-2680.3954344052527,0.9313827577806976,"A""",0.5064682325498095,1.3738080055118238,0.9147,ok,496.47
2.25,1.25,125.0,87,0.012303860881801312,-2679.7913483417747,-2680.362028789954,-2680.3914430722048,0.8584585511559877,"A""",0.4460968119294376,1.3731098181924617,0.9134,ok,488.23
2.25,1.25,130.0,87,0.01350302608431042,-2679.7859168069667,-2680.3570950994485,-2680.386923336911,0.774632654852296,"A""",0.37452374918641546,1.3753727122860528,0.9117,ok,507.65
2.3,0.8,80.0,87,0.009015468842421938,-2679.815111186106,-2680.3722128964573,-2680.398934065141,1.0239358843707531,"A""",0.6004190787849691,1.2897510509423955,0.9141,ok,470.26
2.3,0.8,85.0,87,0.008881333340935145,-2679.8174780612485,-2680.373863687687,-2680.4004233680234,1.0473970757364288,"A""",0.5735626307120716,1.277951265612451,0.914,ok,474.01
2.3,0.8,90.0,87,0.00878662372920544,-2679.818798893957,-2680.3746392717217,-2680.401091866355,1.0597809817139574,"A""",0.5474682129220302,1.2666395571789666,0.9139,ok,455.91
2.3,0.8,95.0,87,0.008738785433376396,-2679.8191090171576,-2680.374580924115,-2680.4009823838037,1.0609919818494356,"A""",0.5206551576570246,1.2556650329652628,0.9138,ok,445.21
2.3,0.85,115.0,87,0.009346696113356848,-2679.831712198191,-2680.3889470900476,-2680.4160225540522,0.945723300711782,"A""",0.38003942771354365,1.2210523041128778,0.9114,ok,288.57
2.3,0.8,120.0,87,0.009754689135981924,-2679.8068224676163,-2680.363067973449,-2680.390141528604,0.8987946053995317,"A""",0.3111212118717565,1.2099305572475194,0.9102,ok,424.27
2.3,0.85,125.0,87,0.010423584179707618,-2679.8225902629624,-2680.380923279763,-2680.408625817364,0.8245766273309725,"A""",0.25425544299189146,1.2104653493304405,0.9087,ok,284.19
2.3,0.8,115.0,87,0.009302151039362334,-2679.810995337594,-2680.3667575492873,-2680.393559782975,0.9535035965686327,"A""",0.36888654832954465,1.2168219521591062,0.9114,ok,456.85
2.3,0.8,100.0,87,0.008748691438482708,-2679.8184454688617,-2680.3737281640447,-2680.4001362363697,1.0509659827366582,"A""",0.4913725098314891,1.2450138694739008,0.9134,ok,486.93
2.3,0.8,105.0,87,0.0088311474136381,-2679.816846291172,-2680.3721179624213,-2680.398592740128,1.029683332893423,"A""",0.4576268533907715,1.2348040389285193,0.913,ok,481.15
2.3,0.8,125.0,87,0.010412763927349812,-2679.8018739219037,-2680.3587456491628,-2680.386173242616,0.8332034586019722,"A""",0.24400713200407947,1.2052453132178997,0.9088,ok,436.1
2.3,0.8,135.0,87,0.012626782495686606,-2679.78984299762,-2680.3483356381885,-2680.3767782564437,0.670214765168975,"A""",0.08568307655385858,1.2057102144655332,0.9046,ok,446.84
2.3,0.8,110.0,87,0.009006507349710561,-2679.814349955235,-2680.3697840957807,-2680.3963888032936,0.9971716762362332,"A""",0.4173783681259241,1.225281698068247,0.9123,ok,487.52
2.3,0.85,100.0,87,0.008844186030031074,-2679.83917183355,-2680.3959434375993,-2680.4226260603955,1.0449598481186078,"A""",0.5031614553455112,1.2484908127327723,0.9135,ok,423.55
2.3,0.8,130.0,87,0.011341050756651264,-2679.7961964975393,-2680.3538230435006,-2680.3817004473735,0.756930572127825,"A""",0.1683712700646196,1.2035379990316943,0.9069,ok,482.43
2.3,0.85,80.0,87,0.009195715258373122,-2679.835914853813,-2680.3944846964973,-2680.42148265779,1.0215495350474706,"A""",0.6143079632885794,1.2952653943672028,0.9145,ok,475.85
2.3,0.85,105.0,87,0.008909769873846144,-2679.8375669761567,-2680.394323157328,-2680.4210716525404,1.0230060372192011,"A""",0.4692775039925117,1.2383885989658892,0.913,ok,438.58
2.3,0.85,95.0,87,0.008851975897042891,-2679.8398450616005,-2680.3968082558845,-2680.4234852851423,1.0557535919532495,"A""",0.5326196576005507,1.259224529156461,0.9139,ok,458.94
2.3,0.85,75.0,87,0.009398309056657766,-2679.832511895772,-2680.3919295593355,-2680.419139642057,0.9881366137260266,"A""",0.6446388352315081,1.3094088595409843,0.9146,ok,505.0
2.3,0.85,90.0,87,0.008918757452791344,-2679.8395498837353,-2680.39688054652,-2680.4236097186013,1.0554114707292093,"A""",0.5597524232680728,1.2705175973434255,0.9142,ok,493.48
2.3,0.85,85.0,87,0.009035244321837855,-2679.8382508580457,-2680.3961201788857,-2680.4229570359626,1.0439884214386284,"A""",0.5864457787761486,1.2824488970833754,0.9143,ok,514.65
2.3,0.85,120.0,87,0.009782067710642954,-2679.827539130496,-2680.3852511851946,-2680.412598499626,0.8905601158847665,"A""",0.3218636966933439,1.2146320205950967,0.9102,ok,430.43
2.3,0.85,110.0,87,0.009068192055639477,-2679.835067826113,-2680.3919808555293,-2680.418858809209,0.9899074194172047,"A""",0.42883292877702917,1.2291282555978087,0.9123,ok,489.89
2.3,0.85,130.0,87,0.01133703415236183,-2679.8169114793463,-2680.3759958167443,-2680.404150164892,0.7479847053231857,"A""",0.17806675142843745,1.2092767136972187,0.9068,ok,444.58
2.3,0.9,75.0,87,0.009645499620566355,-2679.84296531454,-2680.4039525825747,-2680.431462431005,0.9853454666174121,"A""",0.6594490117963877,1.3165166527965364,0.9151,ok,465.11
2.3,0.85,135.0,87,0.012611321657687946,-2679.810554613114,-2680.370504261107,-2680.399226905594,0.6610476665513106,"A""",0.0947705940644147,1.2119114464449452,0.9045,ok,478.74
2.3,0.9,80.0,87,0.009401513226069315,-2679.846305086073,-2680.406481624842,-2680.4337801921215,1.0179476236433609,"A""",0.6277277511468357,1.300699083755725,0.9149,ok,479.34
2.3,0.9,120.0,87,0.009857433393243766,-2679.8378551289743,-2680.3971682664437,-2680.4248094804657,0.881741780466394,"A""",0.33314687672056087,1.219342485119518,0.9101,ok,292.66
2.3,0.9,130.0,87,0.011396864948732701,-2679.827243790686,-2680.387913278251,-2680.416365303801,0.7385224868558713,"A""",0.188556836228164,1.214989080504224,0.9067,ok,290.74
2.3,0.9,85.0,87,0.00921116312769315,-2679.848599303907,-2680.4080948289525,-2680.4352314727794,1.0395163783238384,"A""",0.598969006085281,1.286828409524328,0.9146,ok,457.57
2.3,0.9,100.0,87,0.008965547052893945,-2679.8494716766877,-2680.407875721077,-2680.434853362858,1.0381724965295274,"A""",0.5149603240139984,1.2519084021452196,0.9136,ok,415.29
2.3,0.9,90.0,87,0.009072280072819941,-2679.849871940772,-2680.4088370125132,-2680.4358644190343,1.0500935405865002,"A""",0.5717931261195413,1.2742819831425143,0.9144,ok,468.32
2.3,0.9,95.0,87,0.008987855398168732,-2679.850151905862,-2680.4087506834207,-2680.435724242843,1.049658409195974,"A""",0.5444630925603419,1.2626942628472,0.914,ok,457.68
2.3,0.9,105.0,87,0.00901820069678807,-2679.8478658300114,-2680.4062485603718,-2680.433290964198,1.0156104752023603,"A""",0.48106627058074686,1.2419426258142747,0.913,ok,442.81
2.3,0.9,110.0,87,0.009164949840131192,-2679.845369961593,-2680.40390189234,-2680.431073137501,0.9819778333577286,"A""",0.44056044586784876,1.232967172941536,0.9123,ok,443.15
2.3,0.9,115.0,87,0.00943237175384903,-2679.842020448248,-2680.4008655070847,-2680.428234235959,0.9373216272021733,"A""",0.39159957560030934,1.2252890572502462,0.9113,ok,425.51
2.3,0.9,125.0,87,0.010489973122981406,-2679.8329146068218,-2680.392840084189,-2680.420837931618,0.815399936356356,"A""",0.2651746890992855,1.2156839271100686,0.9086,ok,424.3
2.3,0.95,90.0,87,0.009244352085285438,-2679.8526972211444,-2680.413411825708,-2680.440757737414,1.0439441928852196,"A""",0.5834623423017204,1.2779067212749773,0.9145,ok,421.19
2.3,0.95,85.0,87,0.009407085619982401,-2679.8514560283547,-2680.4126903506026,-2680.4401480133292,1.0340885500240877,"A""",0.6109744252081016,1.2910696508589157,0.9149,ok,439.82
2.3,0.95,115.0,87,0.009558737274495096,-2679.844851557353,-2680.4054179024597,-2680.4330989593827,0.9284208583329836,"A""",0.40351465776044826,1.2294879845962816,0.9113,ok,389.96
2.3,0.95,80.0,87,0.009632786263628734,-2679.8492155189215,-2680.411106151014,-2680.43872786894,1.0132188410804135,"A""",0.6404733267264171,1.30604487466935,0.9152,ok,462.97
2.3,0.95,75.0,87,0.009929779498922313,-2679.8459612138263,-2680.4086158735345,-2680.4364496470084,0.9811783864202002,"A""",0.6733682876285845,1.3236820703352472,0.9156,ok,465.76
2.3,0.95,100.0,87,0.009109932333190391,-2679.8522767749764,-2680.412429029139,-2680.439720905668,1.0307261012136197,"A""",0.5266777014219889,1.2552329261578405,0.9137,ok,431.52
2.3,0.9,135.0,87,0.012668737164625734,-2679.8208935266794,-2680.382423194818,-2680.411447156453,0.6514001097023171,"A""",0.10476757671924145,1.2180463437900313,0.9044,ok,484.52
2.3,0.95,110.0,87,0.009295366333117928,-2679.8481879190967,-2680.408451936209,-2680.4359354502876,0.9735049909075834,"A""",0.45249742670004645,1.236757792605999,0.9123,ok,437.73
2.3,0.95,95.0,87,0.009143594979052785,-2679.8529614719387,-2680.4133118191908,-2680.4406015242917,1.0428272327110992,"A""",0.5560790344749525,1.2660444446271113,0.9142,ok,475.44
2.3,0.95,120.0,87,0.009981486584281678,-2679.8407018781336,-2680.401724759604,-2680.429679128617,0.8724626494288419,"A""",0.3449292288525681,1.224015354179973,0.91,ok,460.9
2.3,0.95,105.0,87,0.009154486158508278,-2679.8506745155446,-2680.4107985891796,-2680.4381539147485,1.0076194610487916,"A""",0.4929207062013989,1.245428799254425,0.913,ok,486.98
2.3,1.0,105.0,87,0.009316616029331377,-2679.848123431852,-2680.4100824107672,-2680.4377692796834,0.999149030718129,"A""",0.504755631960636,1.2488004336034575,0.9131,ok,288.31
2.3,0.95,125.0,87,0.010613915293999361,-2679.835778352849,-2680.3974021144395,-2680.425714822961,0.8057975413699332,"A""",0.2767347263519457,1.220853722064498,0.9085,ok,464.14
2.3,0.95,135.0,87,0.01280398524013391,-2679.823791290439,-2680.3869997789334,-2680.416345663957,0.6414001097634219,"A""",0.11566992847331702,1.2240729985415089,0.9043,ok,465.12
2.3,0.95,130.0,87,0.011523957623203422,-2679.8301248778776,-2680.3924820886286,-2680.421251777004,0.7286699156642796,"A""",0.1998235427792386,1.2206293223975078,0.9066,ok,477.77
2.3,1.0,110.0,87,0.009458217082447415,-2679.845651964015,-2680.407740561055,-2680.4355550560695,0.9646033561449285,"A""",0.46456806298212244,1.2404508239231578,0.9122,ok,290.76
2.3,1.0,75.0,87,0.010257740933596078,-2679.8436331641633,-2680.4080251744604,-2680.4362067592515,0.9756937899848681,"A""",0.6860790058623986,1.330905930002758,0.9161,ok,441.69
2.3,1.0,85.0,87,0.009622212337805528,-2679.8489521861015,-2680.4120137670757,-2680.4398130258182,1.027817487522577,"A""",0.6223007809076626,1.2951361098835719,0.9151,ok,439.56
2.3,1.0,80.0,87,0.009891422469467408,-2679.8467780259825,-2680.4104645306247,-2680.4384313944547,1.0074582319765144,"A""",0.6523293072147976,1.3112760286337755,0.9156,ok,476.72
2.3,1.0,95.0,87,0.009316643464329647,-2679.8504044439137,-2680.4125999761973,-2680.4402248275032,1.0353800718909518,"A""",0.5673592811703774,1.2692322434861656,0.9143,ok,462.77
2.3,1.0,90.0,87,0.009432874034297363,-2679.8501565720208,-2680.412712690311,-2680.440396703231,1.037082100595729,"A""",0.5946298826091112,1.2813512793657715,0.9147,ok,480.46
2.3,1.0,100.0,87,0.009275015708042728,-2679.849717672012,-2680.4117121426457,-2680.439336955588,1.0227391024447008,"A""",0.538216207173759,1.2584196971463197,0.9137,ok,466.28
2.3,1.0,120.0,87,0.010155007993960515,-2679.838209504524,-2680.40103121084,-2680.429317921281,0.8628349235635401,"A""",0.35715165141500727,1.2285983278118229,0.91,ok,427.0
2.3,1.0,115.0,87,0.009725486723549535,-2679.8423356946023,-2680.4047143165612,-2680.432726598915,0.9191341163775506,"A""",0.4157184044142926,1.2335980237616777,0.9112,ok,459.56
2.3,1.05,85.0,87,0.009857309409990703,-2679.8426432639185,-2680.4076046204445,-2680.4357660371807,1.02081591965526,"A""",0.6327936457715378,1.2989807695256315,0.9154,ok,434.22
2.3,1.0,125.0,87,0.01079735655431413,-2679.833311660454,-2680.3967206976095,-2680.4253678851965,0.7958835171163411,"A""",0.2888848248108135,1.225923492902018,0.9084,ok,472.9
2.3,1.05,75.0,87,0.010640461900119233,-2679.837538364485,-2680.403717712651,-2680.432271449029,0.9689529490694173,"A""",0.6972553376996694,1.3381749704572505,0.9166,ok,442.92
2.3,1.05,80.0,87,0.01018203729449071,-2679.840548522391,-2680.4060952007485,-2680.434429341545,1.0007641483124652,"A""",0.6630839389667108,1.3163528444430845,0.9159,ok,443.79
2.3,1.0,130.0,87,0.011721606517956094,-2679.827685009098,-2680.391814394886,-2680.420921918716,0.7185428502460743,"A""",0.21182560103295794,1.2261484724155485,0.9065,ok,463.12
2.3,1.1,85.0,87,0.010115279418474949,-2679.833669566579,-2680.400595956591,-2680.4291406641655,1.0131935055052805,"A""",0.6423155388063413,1.3025508319008083,0.9156,ok,293.13
2.3,1.05,90.0,87,0.009636776766168361,-2679.843805353042,-2680.4082801272016,-2680.4363218120043,1.029624729411537,"A""",0.6051713218981266,1.2845669706200642,0.9149,ok,434.34
2.3,1.1,105.0,87,0.009713295667141249,-2679.8327472511237,-2680.3986142135263,-2680.427021768267,0.9812034979001318,"A""",0.5279921802270704,1.254997069166741,0.913,ok,280.33
2.3,1.05,95.0,87,0.009505217695177487,-2679.844036096486,-2680.4081563829004,-2680.4361354214966,1.0274335280888862,"A""",0.5781957591592277,1.2722086830028818,0.9143,ok,432.94
2.3,1.05,105.0,87,0.00950314722962546,-2679.841767623951,-2680.4056422537155,-2680.433679573723,0.9903097950651335,"A""",0.5164788963502015,1.252006723279726,0.9131,ok,430.03
2.3,1.05,100.0,87,0.009458767420028102,-2679.843349537845,-2680.4072668551844,-2680.435243447595,1.0143259668798368,"A""",0.549486734474885,1.2614186738463224,0.9138,ok,440.5
2.3,1.05,120.0,87,0.010378729537999488,-2679.831932921296,-2680.3966318218213,-2680.425270817555,0.8529669166954164,"A""",0.36973411036551895,1.2330399555361058,0.9099,ok,419.29
2.3,1.05,115.0,87,0.0099325544265636,-2679.836027740967,-2680.4002980260625,-2680.4286610103272,0.90956770026566,"A""",0.4281244638792807,1.23756685568854,0.9112,ok,460.45
2.3,1.05,130.0,87,0.011992906120489021,-2679.8214794372307,-2680.3874560270674,-2680.4169226083795,0.7082508074782101,"A""",0.22449072849707757,1.2315005228822236,0.9064,ok,433.52
2.3,1.05,110.0,87,0.009652851320583097,-2679.8393170315917,-2680.4033104849245,-2680.431475076572,0.9553808463087538,"A""",0.4766882677078977,1.243994305948893,0.9122,ok,468.14
2.3,1.05,125.0,87,0.011042207023243005,-2679.8270695611777,-2680.3923406770373,-2680.4213428322746,0.7857655186875008,"A""",0.30154631550413746,1.2308420420017476,0.9083,ok,461.35
2.3,1.05,135.0,87,0.013326771671078612,-2679.81521036501,-2680.3820121329322,-2680.4120659111645,0.6208086503564978,"A""",0.14003911016293016,1.2356302254625866,0.9041,ok,447.08
2.3,1.1,80.0,87,0.010512014525150118,-2679.831667470982,-2680.3991296012096,-2680.427853947883,0.993231774407465,"A""",0.6725524337973662,1.3212295692441716,0.9162,ok,466.7
2.3,1.1,110.0,87,0.009878873736522936,-2679.830323183309,-2680.396298285282,-2680.424833145587,0.9459359769238966,"A""",0.4887532004849264,1.2473371793220276,0.9122,ok,431.69
2.3,1.1,75.0,87,0.011093740005755576,-2679.8288181717444,-2680.396823078679,-2680.425774504915,0.9610142063080918,"A""",0.7066047436901324,1.3454690755846885,0.917,ok,472.71
2.3,1.1,90.0,87,0.009856411886580613,-2679.8347838995155,-2680.4012483567217,-2680.4296678224423,1.0216839420561654,"A""",0.61497449231327,1.2875020262937167,0.915,ok,472.32
2.3,1.1,100.0,87,0.009660458706487855,-2679.8343126456675,-2680.400228762921,-2680.428576750567,1.0055912496518167,"A""",0.5603816324720958,1.2641811859645067,0.9138,ok,446.2
2.3,1.1,115.0,87,0.010180446652683063,-2679.8270677144224,-2680.393306232584,-2680.4220405955957,0.8998187759505839,"A""",0.44062992232963083,1.2413426522950128,0.9111,ok,421.16
2.3,1.1,95.0,87,0.009708575720218559,-2679.834996773445,-2680.4011160904743,-2680.429468967012,1.019097304555973,"A""",0.5884872444953395,1.2749233232411705,0.9144,ok,475.81
2.3,1.1,120.0,87,0.010653909031832644,-2679.823012183275,-2680.389664302891,-2680.4186769026546,0.842953999847546,"A""",0.3825638969260602,1.2372897794747275,0.9098,ok,460.56
2.3,1.15,110.0,87,0.010136647310370592,-2679.8195102429568,-2680.387546824094,-2680.416473759899,0.9363546316528114,"A""",0.5006478076484396,1.2504306088327553,0.9121,ok,274.81
2.3,1.15,120.0,87,0.010981980742425198,-2679.8122869371277,-2680.3809726589543,-2680.410382331764,0.8328810016426368,"A""",0.39550030182940965,1.2413039850344132,0.9097,ok,276.57
2.3,1.1,125.0,87,0.01135039957344803,-2679.8181922416343,-2680.385400811296,-2680.414780059013,0.775542228783007,"A""",0.31460740145356497,1.2355645242081268,0.9083,ok,467.3
2.3,1.1,130.0,87,0.012340730747003096,-2679.812648567415,-2680.3805466926324,-2680.410395441402,0.6978950385396056,"A""",0.23770858483967908,1.2366463081074461,0.9064,ok,468.12
2.3,1.1,135.0,87,0.013722725385309213,-2679.8064279589103,-2680.3751356184243,-2680.4055788233386,0.6104326892640072,"A""",0.15333880893761098,1.2410939085869352,0.904,ok,470.18
2.3,1.15,75.0,87,0.011638609642046407,-2679.8183129914996,-2680.3881759109813,-2680.4175525384803,0.951928351578166,"A""",0.7139071162517837,1.3527644222969992,0.9175,ok,433.12
2.3,1.15,95.0,87,0.009926968039070744,-2679.8241266388222,-2680.3923204738867,-2680.4210679977614,1.0104697182312445,"A""",0.5981493775797164,1.277327250397979,0.9144,ok,440.78
2.3,1.15,100.0,87,0.009879912053001316,-2679.823447101668,-2680.3914398493002,-2680.4201800856895,0.9966292325912872,"A""",0.5708125515586366,1.2666575204496546,0.9138,ok,443.32
2.3,1.15,80.0,87,0.01089276017513932,-2679.8209747264596,-2680.390404928885,-2680.419543824062,0.9849502303476094,"A""",0.680586255662229,1.3258568044927954,0.9165,ok,479.82
2.3,1.15,85.0,87,0.010401063496239026,-2679.8228710285525,-2680.391826916259,-2680.4207772196196,1.0050512524264432,"A""",0.6507637002388197,1.3057943965757945,0.9157,ok,456.1
2.3,1.15,90.0,87,0.010093463551719408,-2679.8239323120665,-2680.392457864702,-2680.4212763193127,1.01336178043156,"A""",0.6239524893922567,1.2901057732870824,0.9151,ok,454.86
2.3,1.15,115.0,87,0.01046998414075368,-2679.8162953235255,-2680.3845822943226,-2680.413710599971,0.889971905764638,"A""",0.4531033725687022,1.2448780712753735,0.911,ok,433.83
2.3,1.15,105.0,87,0.00994709828631748,-2679.82190228707,-2680.3898406834687,-2680.4186397278218,0.9719187220781949,"A""",0.5391907774006186,1.2577233427064876,0.913,ok,479.83
2.3,1.15,125.0,87,0.011724007651166879,-2679.807519354479,-2680.3767456963674,-2680.4065265807294,0.7652988844394925,"A""",0.327919238813537,1.2400526622939583,0.9082,ok,436.07
2.3,1.15,135.0,87,0.014213260204737229,-2679.795871052619,-2680.3665637886897,-2680.397424010735,0.6001282191426406,"A""",0.16719488107082217,1.2463229472031874,0.9039,ok,435.19
2.3,1.15,130.0,87,0.012767822777619888,-2679.802032131218,-2680.3719317491154,-2680.4021885474626,0.6875627809018858,"A""",0.25132618810578594,1.2415576877686425,0.9063,ok,440.72
2.3,1.2,75.0,87,0.012301308964207268,-2679.8066440817074,-2680.378394616465,-2680.4082268307634,0.9417359293218267,"A""",0.7190556681403791,1.3600324945414222,0.9178,ok,435.23
2.3,1.2,85.0,87,0.010722534313453807,-2679.810868937733,-2680.3819213348065,-2680.4113012714706,0.9964810769751662,"A""",0.6580701851834497,1.3086568819671547,0.9158,ok,428.66
2.3,1.2,80.0,87,0.011339485173575897,-2679.809091306014,-2680.3805427358816,-2680.4101226513953,0.9759996590902906,"A""",0.6870973561820353,1.3301812076354675,0.9167,ok,481.39
2.3,1.2,90.0,87,0.010351574948243852,-2679.811872141795,-2680.3825339729324,-2680.4117742414005,1.0047500750863279,"A""",0.6320415177003451,1.29232753473927,0.9151,ok,475.65
2.3,1.25,80.0,87,0.011871402386252212,-2679.7964772229334,-2680.37000454582,-2680.4000549327593,0.9664516531212142,"A""",0.6920704576805331,1.3341415130938017,0.9169,ok,299.73
2.3,1.2,95.0,87,0.010162026904883157,-2679.81204733437,-2680.3823957414347,-2680.4115603863665,1.001637725553672,"A""",0.6071105034905878,1.27937280572716,0.9144,ok,498.6
2.3,1.2,110.0,87,0.010427406811840989,-2679.807499344703,-2680.3776835269023,-2680.4070266300787,0.926707953037576,"A""",0.512241355470101,1.2532292891741232,0.912,ok,433.27
2.3,1.2,100.0,87,0.010117954261637058,-2679.8113744683683,-2680.381526843458,-2680.410682019145,0.987520658286775,"A""",0.580694936452398,1.2688016614287294,0.9137,ok,499.64
2.3,1.2,130.0,87,0.013276882713573258,-2679.7902504584617,-2680.3622403064205,-2680.3929347769326,0.6773237562774311,"A""",0.26514043383204156,1.2462148575087624,0.9061,ok,425.75
2.3,1.2,105.0,87,0.010205383981862859,-2679.8098541058152,-2680.3799488059335,-2680.4091625801957,0.9625317292110701,"A""",0.5499710218166333,1.2601383255718341,0.9129,ok,464.17
2.3,1.2,115.0,87,0.010802719438427637,-2679.804331454246,-2680.374753973303,-2680.404301327668,0.8800950769616882,"A""",0.46539184298074654,1.2481307546492681,0.9109,ok,468.22
2.3,1.2,120.0,87,0.011364900625687386,-2679.800377840069,-2680.37118503186,-2680.4010181013546,0.8228152138329106,"A""",0.40837157661522283,1.245042980825455,0.9096,ok,466.13
2.3,1.2,135.0,87,0.014801491153355396,-2679.784159896302,-2680.3569263845475,-2680.3882355347337,0.5899680570726666,"A""",0.1813989074301038,1.2513128145707864,0.9038,ok,448.65
2.3,1.2,125.0,87,0.012165231135613309,-2679.7956713669773,-2680.367003927941,-2680.397214250821,0.7551037121847737,"A""",0.34128868104700183,1.244274265505789,0.908,ok,473.9
2.3,1.25,85.0,87,0.011090219253736858,-2679.79812372333,-2680.371343182972,-2680.4011792129404,0.9875653309778561,"A""",0.6642137900872792,1.3110791480520663,0.9159,warn:eom_unconverged,386.03
2.3,1.25,75.0,87,0.013112359654175886,-2679.794271458023,-2680.367937087677,-2680.398259241083,0.9304663624342336,"A""",0.7220828985390848,1.3672345735736673,0.9182,ok,477.07
2.3,1.25,90.0,87,0.01063612704442182,-2679.79906414183,-2680.371942183776,-2680.401629321778,0.9959288182161091,"A""",0.6392087757170615,1.2941146728984716,0.9151,ok,515.0
2.3,1.25,95.0,87,0.010416599229960858,-2679.799219710272,-2680.3718082507075,-2680.40141474443,0.9926754660520329,"A""",0.6153165970872915,1.2810108028954834,0.9144,ok,526.31
2.3,1.25,105.0,87,0.010489865673762885,-2679.7970631908033,-2680.3694056449685,-2680.399060054505,0.9531031171175335,"A""",0.5602211390018723,1.2621957198063687,0.9128,ok,497.56
2.3,1.25,100.0,87,0.010376526928690143,-2679.7985554867137,-2680.3709565724334,-2680.400551778047,0.9783331292680205,"A""",0.5899454990541152,1.2705660982262734,0.9136,ok,521.14
2.35,0.8,120.0,87,0.010215078792154516,-2679.798281989115,-2680.357410841355,-2680.3857722892994,0.784185137772833,"A""",0.2177352151656941,1.0926145332366444,0.9036,ok,290.53
2.3,1.25,115.0,87,0.011180631941839382,-2679.791635868318,-2680.364288724018,-2680.394283490921,0.8702411843979534,"A""",0.4773062079851464,1.251054612926495,0.9108,ok,446.09
2.3,1.25,125.0,87,0.012676983693466521,-2679.7831072613617,-2680.356643390711,-2680.387315167355,0.7450053262993759,"A""",0.35447289428982914,1.2481997036483663,0.9078,ok,451.4
2.3,1.25,130.0,87,0.013870378687007821,-2679.7777621728906,-2680.351940614919,-2680.3831071675963,0.6672288270329259,"A""",0.2788817864088189,1.2506001564908047,0.9059,ok,473.77
2.3,1.25,120.0,87,0.01180531248240351,-2679.787744264179,-2680.360769081327,-2680.3910555833627,0.8128064332484038,"A""",0.4209570188052171,1.248468912453749,0.9094,ok,482.08
2.3,1.25,110.0,87,0.010753244706049875,-2679.794750635146,-2680.3671756759427,-2680.39696196239,0.9170520592745085,"A""",0.5233814745139979,1.2556865240324788,0.9119,ok,489.58
2.35,0.8,75.0,87,0.009682412583247984,-2679.804324885266,-2680.364519584335,-2680.392501257963,0.8743180618276364,"A""",0.5657094015223944,1.1767564204181609,0.9086,ok,471.02
2.35,0.8,85.0,87,0.009333826665933364,-2679.80947847568,-2680.3681754420595,-2680.3957819094758,0.9273526050442898,"A""",0.50975647217999,1.1538823750182277,0.9085,ok,471.06
2.35,0.8,80.0,87,0.009487884053114437,-2679.807406963158,-2680.3667689682547,-2680.394533303649,0.9060222530498118,"A""",0.5371513057887733,1.1649354518043142,0.9086,ok,498.76
2.35,0.8,90.0,87,0.009224298282629545,-2679.810567813386,-2680.3687771674217,-2680.3962867472114,0.9382508080253595,"A""",0.48212717666465005,1.1433440899084368,0.9084,ok,478.32
2.35,0.8,95.0,87,0.009166498939242228,-2679.8107057730767,-2680.3686111942325,-2680.3960866396988,0.9386682476213077,"A""",0.45261529077842955,1.1331999976115052,0.9081,ok,479.23
2.35,0.8,100.0,87,0.00917144748483017,-2679.8099248053845,-2680.3677128406216,-2680.3952191491926,0.9285843534393615,"A""",0.4193959256380146,1.1234538797308506,0.9076,ok,478.96
2.35,0.8,105.0,87,0.009254081611547569,-2679.808258173921,-2680.366114795634,-2680.39372002261,0.9080155795495577,"A""",0.3805978650654931,1.1142289011530626,0.907,ok,478.25
2.35,0.85,105.0,87,0.009337134536534907,-2679.8290330694563,-2680.3883569190175,-2680.4162346028616,0.9018371261662935,"A""",0.3916462285798839,1.1184107760678343,0.9071,ok,335.57
2.35,0.8,110.0,87,0.009435277108101067,-2679.805739395966,-2680.3638467987535,-2680.391623183785,0.8770185819635044,"A""",0.3346165350544734,1.1057631677499937,0.9061,ok,467.5
2.35,0.8,115.0,87,0.009743126495576909,-2679.8024023306602,-2680.360936434557,-2680.388962108162,0.8356926292032993,"A""",0.2804199973060179,1.0984063668920052,0.905,ok,475.65
2.35,0.8,130.0,87,0.011864964535207417,-2679.787845009502,-2680.3486313083145,-2680.3779771446093,0.6515115621334298,"A""",0.06921297032839412,1.088036495209601,0.8996,ok,458.44
2.35,0.85,75.0,87,0.009930287412659413,-2679.825234954678,-2680.3868330932373,-2680.4150862161496,0.872374874135721,"A""",0.5830695793173654,1.1843850749795914,0.9093,ok,474.74
2.35,0.8,125.0,87,0.010900594636226744,-2679.7934158023954,-2680.353298632971,-2680.3820943191554,0.7227007168717348,"A""",0.14700901692671045,1.0889435553380646,0.9018,ok,504.26
2.35,0.8,135.0,87,0.013195549355697759,-2679.7816159631175,-2680.3434439174343,-2680.3734818982416,0.5709691556952653,A',-0.014377793522026316,1.090600491673937,0.8968,warn:Ap_below,505.44
2.35,0.85,80.0,87,0.009696958779158117,-2679.828271317144,-2680.389070258669,-2680.417109209873,0.9032969955725053,"A""",0.5522678630681401,1.1710455390874923,0.9091,ok,518.43
2.35,0.85,135.0,87,0.013134330657983589,-2679.802383887026,-2680.365661190916,-2680.3959692071526,0.5629575734698196,A',-0.005752829883525415,1.0969326499307088,0.8968,warn:Ap_below,290.06
2.35,0.85,85.0,87,0.009511633073505834,-2679.8303097589887,-2680.3904628653386,-2680.418344975719,0.9238181080653277,"A""",0.5233717260394912,1.1589932291550074,0.9089,ok,514.22
2.35,0.85,90.0,87,0.009375583375170655,-2679.831375587929,-2680.3910508706313,-2680.418835894531,0.9339424518111042,"A""",0.4947476139027423,1.1478423594716178,0.9087,ok,518.4
2.35,0.85,95.0,87,0.009294149299761021,-2679.8314973717333,-2680.3908724812686,-2680.418622537257,0.9336550156815878,"A""",0.4645663914621599,1.1373796837451366,0.9083,ok,524.98
2.35,0.85,100.0,87,0.009276639613610017,-2679.8307058969676,-2680.3899635870084,-2680.4177434386525,0.9229481252994186,"A""",0.430856818126536,1.1275440366729943,0.9078,ok,523.86
2.35,0.85,110.0,87,0.00949568101417821,-2679.8265112058452,-2680.386081943495,-2680.4141298272593,0.8703707945282175,"A""",0.3452694033563489,1.1101790962753262,0.9062,ok,472.53
2.35,0.85,115.0,87,0.009779952228701988,-2679.823173067806,-2680.3831658802546,-2680.4114622891298,0.828638893286309,"A""",0.29067399665440097,1.1031621573360475,0.9051,ok,461.44
2.35,0.85,125.0,87,0.010887753716679653,-2679.8141865955004,-2680.3755198653453,-2680.404585464704,0.7150135628886034,"A""",0.1564659762964702,1.094539322098103,0.9018,ok,453.52
2.35,0.9,135.0,87,0.013150391093298084,-2679.8127743199198,-2680.377624452134,-2680.408225082676,0.5545222165882107,"A""",0.0037307405075453315,1.1031688966933988,0.8968,ok,292.24
2.35,0.85,120.0,87,0.010227360389814345,-2679.819052684784,-2680.379635665371,-2680.4082673162115,0.7767839255089792,"A""",0.22758930975881986,1.0977779305700233,0.9036,ok,475.14
2.35,0.85,130.0,87,0.011827234681420775,-2679.808615171153,-2680.370850011321,-2680.4004657135724,0.6436132028720434,"A""",0.07826758433660297,1.0940403229478608,0.8996,ok,466.83
2.35,0.9,75.0,87,0.010214513814028976,-2679.835741827608,-2680.3988769316325,-2680.427427936716,0.8690769378623789,"A""",0.6004688039296097,1.1921183311891166,0.91,ok,463.97
2.35,0.9,80.0,87,0.009934570834611097,-2679.8387146399236,-2680.4010918230683,-2680.429430430117,0.8994154377538318,"A""",0.5673176272882972,1.1771291408741325,0.9096,ok,478.96
2.35,0.9,95.0,87,0.009447209037745987,-2679.8418554703385,-2680.402847291684,-2680.4308941199783,0.9278268647635073,"A""",0.47653271471935915,1.1414852952655055,0.9085,ok,475.11
2.35,0.9,115.0,87,0.009861180781230505,-2679.8335313783455,-2680.3951221420193,-2680.4237104012423,0.8210080175223979,"A""",0.30134653718845184,1.1079036530426416,0.9051,ok,427.16
2.35,0.9,100.0,87,0.009410223757143515,-2679.841056555311,-2680.4019299825436,-2680.4300050277716,0.9165710034909053,"A""",0.44241416564845437,1.1315798736432243,0.908,ok,483.29
2.35,0.9,120.0,87,0.010291161733487186,-2679.829418726964,-2680.391591822039,-2680.4205148948445,0.7688465614977757,"A""",0.23797741583210807,1.1029233685470714,0.9037,ok,433.44
2.35,0.9,125.0,87,0.010934280891087712,-2679.8245611658017,-2680.387477183558,-2680.41683416388,0.7068279254190981,"A""",0.16657053012785297,1.1001025783058493,0.9018,ok,429.01
2.35,0.9,85.0,87,0.009714215504900049,-2679.8407106695745,-2680.4024652269354,-2680.4306468312466,0.9192705626577037,"A""",0.5369013674637932,1.1640265349211707,0.9093,ok,509.79
2.35,0.9,110.0,87,0.009594197771664613,-2679.8368635599627,-2680.398039693417,-2680.4263802199494,0.8630993126652182,"A""",0.3562272433529535,1.1145743454262924,0.9063,ok,457.52
2.35,0.9,105.0,87,0.009452944187642217,-2679.839382400615,-2680.4003178703892,-2680.428489331869,0.8949811836547156,"A""",0.4028918748387832,1.1225577626178702,0.9072,ok,473.44
2.35,0.95,110.0,87,0.009728694643913604,-2679.839727787822,-2680.4026244964357,-2680.43127763974,0.8553236875853412,"A""",0.3674373537685968,1.1189038402826923,0.9064,ok,268.64
2.35,0.9,90.0,87,0.009550960113958746,-2679.8417494559258,-2680.4030375968405,-2680.431120950889,0.928730582878772,"A""",0.5073156213189307,1.1522545639218107,0.909,ok,521.11
2.35,0.9,130.0,87,0.011857438977103552,-2679.818998171624,-2680.3828097406913,-2680.4127172136664,0.6352535050936251,"A""",0.08807866521817509,1.0999857703188243,0.8996,ok,434.86
2.35,0.95,85.0,87,0.009939157479844371,-2679.8436139840005,-2680.4070854745214,-2680.4355890055713,0.9138179664418432,"A""",0.550224673548688,1.1689549109311999,0.9097,ok,484.79
2.35,0.95,90.0,87,0.009747065217787463,-2679.844621606173,-2680.4076406096833,-2680.436043738241,0.9227317261994145,"A""",0.5197285691830119,1.1565474864144158,0.9093,ok,463.62
2.35,0.95,75.0,87,0.010538229065877284,-2679.838781659598,-2680.40355413006,-2680.4324283639085,0.8644799579964418,"A""",0.6177096203515211,1.1999680119661982,0.9106,ok,517.11
2.35,0.95,80.0,87,0.010200098878321226,-2679.8416708469044,-2680.405736444222,-2680.434398458902,0.894467769518071,"A""",0.5821579860219906,1.1831715032403203,0.9102,ok,520.08
2.35,0.95,120.0,87,0.01040653375225064,-2679.8323112298967,-2680.396184427316,-2680.4254191236855,0.7604916177570729,"A""",0.2488638791656171,1.108002640632528,0.9037,ok,447.97
2.35,1.0,85.0,87,0.010185322521487024,-2679.8411510804735,-2680.4064308473744,-2680.4352780785593,0.9075729979204493,"A""",0.5632068696782175,1.1737351476782432,0.9101,ok,313.12
2.35,0.95,115.0,87,0.009985666701983175,-2679.8364084678133,-2680.3997099660023,-2680.4286100982663,0.81291874725346,"A""",0.3123934847412064,1.112583620217943,0.9052,ok,476.23
2.35,0.95,95.0,87,0.00962215690101444,-2679.8447119282823,-2680.4074392195566,-2680.4358035714313,0.9213034293506036,"A""",0.4884207209557717,1.1454802776282964,0.9088,ok,532.03
2.35,0.95,130.0,87,0.011958600412790699,-2679.8219250838833,-2680.38741651961,-2680.417636758243,0.6265512967878712,"A""",0.09862991721878955,1.105827193288502,0.8996,ok,459.47
2.35,0.95,125.0,87,0.011041638446076378,-2679.8274705853482,-2680.3920761613736,-2680.421745044851,0.6982630790368277,"A""",0.17729605781923782,1.105585452663794,0.9019,ok,461.2
2.35,0.95,100.0,87,0.009569029924528436,-2679.8439084262345,-2680.406515932292,-2680.434906463465,0.909573636494183,"A""",0.45399848442382246,1.1355215784208739,0.9081,ok,540.79
2.35,0.95,135.0,87,0.013248531393315072,-2679.8157184115016,-2680.382240385404,-2680.413155389361,0.5457842541137219,"A""",0.01406870991889589,1.1092684021069252,0.8969,ok,469.34
2.35,0.95,105.0,87,0.009598527975586078,-2679.8422376415706,-2680.4049017910897,-2680.4333870901983,0.8875676344635445,"A""",0.4142694598682962,1.1266270756837056,0.9074,ok,543.97
2.35,1.0,80.0,87,0.010495262397919177,-2679.8392722410763,-2680.4051108071985,-2680.4341194545063,0.888550635921088,"A""",0.5966128751757848,1.1891393461665367,0.9106,ok,446.7
2.35,1.0,75.0,87,0.010908059435992453,-2679.8364886939667,-2680.402971033072,-2680.4321936083675,0.8586460478064921,"A""",0.6345207656149591,1.2079276253375335,0.9113,ok,467.64
2.35,1.05,90.0,87,0.010192583904105322,-2679.8358089912053,-2680.402559432113,-2680.431664356459,0.9088461213945455,"A""",0.5436322091569421,1.1645813755580416,0.9098,ok,324.34
2.35,1.0,110.0,87,0.009897281946836431,-2679.837233963902,-2680.401945657135,-2680.4309310345043,0.8471570581590522,"A""",0.37882960112254305,1.123115503955811,0.9065,ok,397.92
2.35,1.0,115.0,87,0.010152386585694445,-2679.8339342993286,-2680.3990390927574,-2680.428270871942,0.8044828902655713,"A""",0.323751592374499,1.1171490308681877,0.9053,ok,430.26
2.35,1.0,100.0,87,0.00974993120323665,-2679.841391933355,-2680.4058300627335,-2680.434555817739,0.9020737222884794,"A""",0.4655210011912946,1.1393199045100213,0.9083,ok,489.65
2.35,1.0,120.0,87,0.010573544857548894,-2679.8298601081474,-2680.395523764374,-2680.4250901441796,0.7518305315035944,"A""",0.2601916555921728,1.1129626928947103,0.9038,ok,435.97
2.35,1.0,125.0,87,0.011211189171292331,-2679.8250447888217,-2680.391427723675,-2680.4214289948136,0.6894307647805629,"A""",0.18859282160664714,1.1109363403485275,0.9019,ok,436.66
2.35,1.0,130.0,87,0.012133602338193848,-2679.8195259490203,-2680.386782100586,-2680.417336203235,0.6176208256442115,"A""",0.10988006747678288,1.1115162917268042,0.8997,ok,439.93
2.35,1.0,95.0,87,0.009815968525653557,-2679.8421973855307,-2680.406756519536,-2680.435458492305,0.91420410015215,"A""",0.5001385179342688,1.1493163173534486,0.909,ok,513.0
2.35,1.0,105.0,87,0.009771571636045136,-2679.839729022188,-2680.404217657152,-2680.433036377886,0.879711958842777,"A""",0.42570808402374866,1.130568227102961,0.9075,ok,487.61
2.35,1.0,90.0,87,0.009961369543235074,-2679.8421229545743,-2680.406967690221,-2680.4357113439546,0.916064278826121,"A""",0.5318741425313396,1.160674389351398,0.9095,ok,531.09
2.35,1.05,85.0,87,0.01045345070321879,-2679.834877774651,-2680.40204117804,-2680.4312539261773,0.9006495766062179,"A""",0.575702387539475,1.1783146383277074,0.9104,ok,453.8
2.35,1.05,75.0,87,0.01133508564739359,-2679.830421077842,-2680.3986655813796,-2680.4282622191695,0.8516387625656977,"A""",0.6505345824812405,1.2159798330264417,0.9119,ok,480.25
2.35,1.05,130.0,87,0.012385119606859644,-2679.813355872741,-2680.3824519223213,-2680.413361956755,0.6085705876044712,"A""",0.12175727639265965,1.1170079357415765,0.8997,ok,284.63
2.35,1.05,80.0,87,0.010824536159777324,-2679.8330753356295,-2680.400753818013,-2680.4301325662504,0.8817635431797578,"A""",0.6104832208975142,1.194988174488729,0.9111,ok,496.9
2.35,1.05,100.0,87,0.009950474283644248,-2679.835062168991,-2680.401413978578,-2680.4304948234962,0.8941851207891578,"A""",0.4768864981801608,1.1429213611694395,0.9084,ok,480.58
2.35,1.05,95.0,87,0.010026461280159056,-2679.835867122053,-2680.402340356273,-2680.431400084475,0.9066455700993846,"A""",0.5115788559862948,1.152939944085587,0.9092,ok,521.07
2.35,1.05,110.0,87,0.01009843831095995,-2679.8309368863056,-2680.397545622512,-2680.426883237665,0.8387068394347835,"A""",0.39031410820666773,1.1271557306466207,0.9066,ok,414.22
2.35,1.05,115.0,87,0.010360648637031561,-2679.8276636144287,-2680.394652546993,-2680.4242362627324,0.7958068421826098,"A""",0.3353337383005292,1.1215463329412858,0.9053,ok,429.46
2.35,1.05,120.0,87,0.010792417635579043,-2679.823620135574,-2680.3911535524485,-2680.421072324656,0.7429696161652327,"A""",0.2718769983205558,1.1177506529438404,0.9038,ok,451.53
2.35,1.1,115.0,87,0.010610267817588212,-2679.818736345762,-2680.3876873414383,-2680.417644494909,0.7869892947298748,"A""",0.34702716126558397,1.1257250125247538,0.9054,ok,279.83
2.35,1.05,105.0,87,0.009969858771343567,-2679.83341147119,-2680.3998074764,-2680.428979467541,0.871524534518722,"A""",0.43711194848409374,1.134328016770356,0.9076,ok,484.79
2.35,1.05,135.0,87,0.013708864322092652,-2679.8072136575147,-2680.3773142958607,-2680.4089250872357,0.5278505435778577,"A""",0.037155657732974454,1.1208930933177579,0.897,ok,456.17
2.35,1.05,125.0,87,0.011444275061029891,-2679.8188386713728,-2680.3870764057333,-2680.4174313510603,0.6804383294628075,"A""",0.20038168771680417,1.1161052160405487,0.902,ok,482.68
2.35,1.1,75.0,87,0.011835716436725163,-2679.821721416046,-2680.391768228001,-2680.4217660959403,0.8435170080094119,"A""",0.6652625750362605,1.2241028217695735,0.9125,ok,488.5
2.35,1.1,85.0,87,0.010746186819810433,-2679.8259348188503,-2680.395049766468,-2680.4246505645597,0.8931574226733207,"A""",0.5875686012165823,1.1826385306431124,0.9107,ok,493.8
2.35,1.1,80.0,87,0.011195888935397857,-2679.8242213758335,-2680.3937974839378,-2680.4235707552098,0.8742023007990819,"A""",0.6235498449294622,1.2006694104223974,0.9115,ok,500.01
2.35,1.1,90.0,87,0.01044069606790237,-2679.8268202746785,-2680.39555011941,-2680.425037699862,0.9011895702928457,"A""",0.5548861683722319,1.1682140524783773,0.91,ok,531.03
2.35,1.15,110.0,87,0.010596255148531806,-2679.811192701481,-2680.3818339761356,-2680.4119408277584,0.821344818145444,"A""",0.4131031850090077,1.1345213845587059,0.9066,ok,285.67
2.35,1.1,95.0,87,0.010252457648594072,-2679.826861551934,-2680.3953256349087,-2680.424763922893,0.8987368178279891,"A""",0.5226353801979067,1.1562992228243636,0.9093,ok,527.83
2.35,1.1,120.0,87,0.01106376784341629,-2679.814731277137,-2680.3842115123703,-2680.4145047950888,0.7340080605503653,"A""",0.28380608515830075,1.12231914270372,0.9038,ok,425.58
2.35,1.1,110.0,87,0.010331476607186342,-2679.8219765334497,-2680.390560810982,-2680.420271691061,0.8300730849150987,"A""",0.40178334100191687,1.1309731245273167,0.9066,ok,461.8
2.35,1.1,105.0,87,0.01019210804818227,-2679.824425085552,-2680.392807142778,-2680.422353125306,0.863107721462773,"A""",0.44837351028142264,1.1378540973555886,0.9077,ok,477.01
2.35,1.1,100.0,87,0.010169444988463484,-2679.826059390673,-2680.3944031450233,-2680.423859717902,0.8860137738918821,"A""",0.4879873517598821,1.146274505451579,0.9085,ok,542.21
2.35,1.1,125.0,87,0.011742387607704715,-2679.8099923274312,-2680.3801607291393,-2680.4108922458995,0.6713861858727079,"A""",0.21255042098709923,1.1210488643352965,0.902,ok,422.02
2.35,1.1,135.0,87,0.014079126267353186,-2679.7984608279294,-2680.3704592377967,-2680.402454806782,0.5188711966155545,"A""",0.049743141875948034,1.1263552597629891,0.8971,ok,417.09
2.35,1.1,130.0,87,0.012715702629157196,-2679.804555161767,-2680.375565402546,-2680.406855289636,0.5995030579014609,"A""",0.1341538271949583,1.1222665158342384,0.8998,ok,442.89
2.35,1.15,75.0,87,0.012432337417323044,-2679.8112316446964,-2680.3831146238767,-2680.413543236796,0.8343307079625203,"A""",0.6780928469430888,1.2322754567942835,0.9131,ok,445.63
2.35,1.15,80.0,87,0.011621394232275938,-2679.813551171825,-2680.385079613219,-2680.415273511205,0.8659555191958851,"A""",0.6355782151250361,1.2061340158561422,0.9119,ok,439.72
2.35,1.15,90.0,87,0.01070770016478024,-2679.8159972161543,-2680.386780385215,-2680.4166731978453,0.893198075105835,"A""",0.5655186400791434,1.171520010146461,0.9102,ok,475.67
2.35,1.15,85.0,87,0.011069183224718561,-2679.8151627153948,-2680.3862961005634,-2680.416308797819,0.885198208980142,"A""",0.5986617046507967,1.1866529279998008,0.911,ok,483.92
2.35,1.2,80.0,87,0.012117647839135739,-2679.801686842595,-2680.375222462009,-2680.405865588861,0.8571027649353363,"A""",0.6463321765349046,1.2113337873958057,0.9123,ok,305.53
2.35,1.15,100.0,87,0.010406328974948326,-2679.815223754893,-2680.385639459252,-2680.4154937089925,0.8776557056477235,"A""",0.498705829036715,1.149330402431255,0.9086,ok,461.28
2.35,1.15,115.0,87,0.01090175090007165,-2679.807992161224,-2680.378986697763,-2680.4093406762404,0.7781174195440164,"A""",0.35869294391961404,1.129641324779442,0.9054,ok,422.77
2.35,1.15,120.0,87,0.011388695868193978,-2679.8040331379457,-2680.37554142142,-2680.406233459325,0.7250329121495805,"A""",0.29583428607362044,1.1266276792940575,0.9038,ok,427.08
2.35,1.15,95.0,87,0.010494196192741861,-2679.8160209890343,-2680.386553929135,-2680.41639280602,0.8905817983916665,"A""",0.5331938270668658,1.1593409080327166,0.9094,ok,547.74
2.35,1.15,130.0,87,0.013127956064888946,-2679.7939634904837,-2680.366967673445,-2680.3986641069355,0.5905086807417806,"A""",0.14692323773246002,1.1272672175915222,0.8998,ok,434.7
2.35,1.15,125.0,87,0.012107351223099262,-2679.799345357149,-2680.371525111763,-2680.4026585239953,0.6623629419078716,"A""",0.22495166021286606,1.125733419170685,0.902,ok,464.59
2.35,1.15,105.0,87,0.010437933695154038,-2679.8136098350014,-2680.3840589805354,-2680.414001185207,0.8545532935929313,"A""",0.4593681864020639,1.1410998588571177,0.9077,ok,529.19
2.35,1.15,135.0,87,0.014547521446041696,-2679.7879277193324,-2680.361902195011,-2680.394311004209,0.5100111928759522,"A""",0.06285177065139606,1.1315623780907542,0.8971,ok,461.91
2.35,1.2,75.0,87,0.013153531378894237,-2679.7995748167973,-2680.3733242739795,-2680.4042165413416,0.8241168493058936,"A""",0.6883639465106702,1.2404779857309889,0.9136,ok,462.6
2.35,1.2,120.0,87,0.011769016033880147,-2679.792146389444,-2680.3657713597795,-2680.396889309047,0.7161177497051103,"A""",0.30778162071376325,1.1306419381408244,0.9038,ok,291.32
2.35,1.2,85.0,87,0.01143096401009222,-2679.8031834079375,-2680.376404394781,-2680.406854832087,0.8768647907968382,"A""",0.6088510376653514,1.190306106600324,0.9112,ok,476.42
2.35,1.2,110.0,87,0.01089370680250998,-2679.7992065608223,-2680.3719924787547,-2680.402520336298,0.8125972973705333,"A""",0.4241194784915971,1.1377594193575424,0.9066,ok,438.59
2.35,1.2,95.0,87,0.01075330008279649,-2679.803967285533,-2680.376651304719,-2680.4069145774893,0.8822659050461872,"A""",0.5431465661903766,1.162023009629515,0.9095,ok,518.13
2.35,1.2,90.0,87,0.010997486808173048,-2679.8039617474215,-2680.3768757203125,-2680.407198133526,0.8849650409442066,"A""",0.5754223516973713,1.1744505621188353,0.9103,ok,528.39
2.35,1.25,120.0,87,0.012207497364231336,-2679.7795304891865,-2680.355368936556,-2680.3869437667977,0.7073187650274069,"A""",0.31943001721096,1.1343392309067664,0.9038,ok,289.69
2.35,1.2,130.0,87,0.013624692090492026,-2679.7822012027823,-2680.357287690542,-2680.3894211317247,0.5816631192269558,"A""",0.1598755789741336,1.131995413661563,0.8998,ok,434.11
2.35,1.2,125.0,87,0.012541476972901111,-2679.7875182453786,-2680.3617980363974,-2680.3933619778572,0.6534421843096136,"A""",0.2373991543835654,1.1301337197607968,0.902,ok,464.46
2.35,1.25,75.0,87,0.014033279543191175,-2679.787212979885,-2680.3628562104054,-2680.3942497212993,0.8128993287055881,"A""",0.6955612282204134,1.2486892574828257,0.9141,ok,436.91
2.35,1.2,105.0,87,0.010708004504983083,-2679.8015871544235,-2680.3741900552836,-2680.4045527905023,0.8459402419349988,"A""",0.4699578743847956,1.1440230347643894,0.9077,ok,526.79
2.35,1.2,100.0,87,0.010661838456715637,-2679.803176938724,-2680.375749650212,-2680.4060254403234,0.8691947409995624,"A""",0.5089236135689781,1.152045925540277,0.9087,ok,540.27
2.35,1.2,115.0,87,0.01123654005191244,-2679.7960519646244,-2680.3691783248287,-2680.399955113576,0.7692650754511547,"A""",0.3701622844450685,1.1332562685261873,0.9054,ok,487.74
2.35,1.2,135.0,87,0.015117764704294554,-2679.7762345997025,-2680.3522727077716,-2680.385127670815,0.5013486761657785,"A""",0.07629058144456864,1.1365161200764322,0.8972,ok,478.55
2.35,1.25,85.0,87,0.011843238854359667,-2679.7904580468135,-2680.3658390191836,-2680.396755786217,0.8682403540360727,"A""",0.6180269997787956,1.1935471809538132,0.9114,ok,485.37
2.35,1.25,80.0,87,0.01270600985339531,-2679.789089623492,-2680.364688224333,-2680.395812643595,0.8477138037135739,"A""",0.6555943053460753,1.216218792759648,0.9126,ok,493.3
2.4,0.8,75.0,87,0.010208064663619246,-2679.7969323932602,-2680.359439983414,-2680.3885534355586,0.7709712900925683,"A""",0.4736570769381168,1.0629675114009138,0.9028,ok,389.61
2.35,1.25,95.0,87,0.011032781963421497,-2679.7911615514536,-2680.3660842856684,-2680.396798170435,0.8738688332558054,"A""",0.5523820102558656,1.1643022506778462,0.9095,ok,482.83
2.35,1.25,90.0,87,0.011315997430214865,-2679.791175044202,-2680.3663018227176,-2680.3970806532207,0.8765733180963435,"A""",0.5844991608282273,1.1769599342317019,0.9104,ok,496.22
2.35,1.25,105.0,87,0.011003925725905046,-2679.788817645328,-2680.3636675276725,-2680.3944778270034,0.8373356782982606,"A""",0.479974137688383,1.1465853973525748,0.9077,ok,483.7
2.35,1.25,100.0,87,0.010937873206745897,-2679.790379847513,-2680.3652005854683,-2680.395924291481,0.860703253442519,"A""",0.5185061752791374,1.1543814429601702,0.9087,ok,492.27
2.35,1.25,115.0,87,0.011616761028961756,-2679.7833756078185,-2680.3587296791543,-2680.389958618735,0.760491071005636,"A""",0.38123269122212644,1.1365401473004741,0.9053,ok,450.79
2.35,1.25,125.0,87,0.013047592698015602,-2679.7749700743884,-2680.3514473551068,-2680.3834747099145,0.6446815027328207,"A""",0.24965733699563528,1.134230713518794,0.9019,ok,446.27
2.4,0.8,110.0,87,0.009877613792933846,-2679.7972648518744,-2680.358149777316,-2680.38719212398,0.7700357885284432,"A""",0.23490597343301242,0.9979233669833922,0.8996,ok,300.05
2.35,1.25,130.0,87,0.014209160716077822,-2679.7697270427702,-2680.346993627051,-2680.3795994198967,0.5730254325137155,"A""",0.17276879684063084,1.136442939623061,0.8998,ok,457.35
2.4,0.8,80.0,87,0.009986601104573459,-2679.7996892575225,-2680.3614092098505,-2680.3903020856114,0.8000725724669652,"A""",0.45050391696247133,1.0519608100129285,0.9028,ok,413.62
2.35,1.25,110.0,87,0.011225933889072644,-2679.786478346279,-2680.3615036344117,-2680.3924805334823,0.8038931428166305,"A""",0.43464920456779654,1.1406526027149018,0.9066,ok,499.33
2.4,0.8,85.0,87,0.00981130035457241,-2679.8014990961697,-2680.3626058660616,-2680.3913448060475,0.8194313767296838,"A""",0.42496055032563024,1.041685872896472,0.9027,ok,494.36
2.4,0.8,135.0,87,0.01368431339417938,-2679.7736149489238,-2680.3388900638315,-2680.370631880684,0.4864400345345077,A',-0.11887145145810482,0.9856711168123728,0.8886,warn:Ap_below,303.33
2.4,0.8,90.0,87,0.00968575267861581,-2679.802386357834,-2680.363064219336,-2680.391717296442,0.8290272783669209,"A""",0.39676979246332267,1.0319337507523543,0.9024,ok,516.25
2.4,0.8,95.0,87,0.00961664306484172,-2679.8023779103487,-2680.362817556635,-2680.3914548002044,0.8288518689330049,"A""",0.36489569771228614,1.0226118791115926,0.902,ok,523.63
2.4,0.8,115.0,87,0.010190937477197768,-2679.7939621149453,-2680.3553737276343,-2680.3847200774867,0.7312959164610413,"A""",0.1773677134988161,0.9915181403924691,0.8983,ok,452.04
2.4,0.8,100.0,87,0.009614826000132063,-2679.8015021361043,-2680.361897404555,-2680.3905915044807,0.8189224880616903,"A""",0.32805280512348994,1.0137377785827861,0.9014,ok,524.58
2.4,0.8,105.0,87,0.009694888066195399,-2679.7997880537473,-2680.3603326776647,-2680.389160069461,0.7992883296157508,"A""",0.2850117014797248,1.0054343002464634,0.9007,ok,533.12
2.4,0.8,120.0,87,0.010671863020153239,-2679.789910680698,-2680.352030043472,-2680.3817798658097,0.6832560607713838,"A""",0.11254142289289507,0.9866128741325779,0.8966,ok,493.43
2.4,0.8,125.0,87,0.011368875470381524,-2679.7851437805407,-2680.348146595674,-2680.378414204417,0.6261781649053014,"A""",0.04098272504988532,0.9836674583750281,0.8944,ok,486.24
2.4,0.85,75.0,87,0.010493174287246238,-2679.817901780017,-2680.381775714317,-2680.411158183496,0.7685379722063752,"A""",0.4907397814171215,1.0709926674202668,0.9037,ok,467.25
2.4,0.8,130.0,87,0.012345213061714128,-2679.7796981422366,-2680.3437547553276,-2680.374675840678,0.5604160453914725,A',-0.036479425311022794,0.9831845905297204,0.8918,warn:Ap_below,493.03
2.4,0.9,90.0,87,0.010059303128765034,-2679.8336699925603,-2680.397375180484,-2680.426600996784,0.8196719347709959,"A""",0.4209872652261188,1.0418560269609907,0.9033,ok,327.74
2.4,0.85,85.0,87,0.010015894284747456,-2679.8223851040284,-2680.384917977906,-2680.413931154075,0.8157968572027866,"A""",0.4382109288738017,1.047276568124695,0.9032,ok,480.27
2.4,0.85,80.0,87,0.010227560898206521,-2679.8206104296105,-2680.38373392313,-2680.412899598624,0.7970638943781343,"A""",0.4653864944893369,1.0585215164230415,0.9034,ok,489.77
2.4,0.85,120.0,87,0.010671633982177443,-2679.8107306914517,-2680.3742875324338,-2680.404302677931,0.6765558650746251,"A""",0.12165007994795143,0.9920981780814333,0.8967,ok,423.51
2.4,0.85,110.0,87,0.009939214802660749,-2679.818086413752,-2680.3804155218672,-2680.4097267951247,0.7639162469180005,"A""",0.24462534765279306,1.0027746730909073,0.8998,ok,433.84
2.4,0.85,90.0,87,0.009858959086571938,-2679.8232471938827,-2680.3853639089957,-2680.414291222197,0.8247797064706452,"A""",0.408848419095649,1.0369253209204843,0.9028,ok,499.9
2.4,0.85,125.0,87,0.01133509486780118,-2679.8059639607086,-2680.370401648014,-2680.400932472813,0.6192722730049669,"A""",0.049836131098778776,0.9895020657335432,0.8946,ok,425.72
2.4,0.85,95.0,87,0.009761394297817971,-2679.8232213154447,-2680.3851061379687,-2680.414016781231,0.8240400991038328,"A""",0.37613172128097566,1.027287071812701,0.9024,ok,511.66
2.4,0.85,130.0,87,0.012276709898108085,-2679.8005180163304,-2680.366008554764,-2680.3971903241036,0.5533758213360085,A',-0.027879732260191737,0.9893274198088284,0.892,warn:Ap_below,451.74
2.4,0.85,115.0,87,0.010222538023646066,-2679.8147822974965,-2680.377634762915,-2680.4072482954552,0.7248590316055249,"A""",0.1867584038442775,0.9966613166438042,0.8984,ok,467.27
2.4,0.9,115.0,87,0.010302177865537084,-2679.825186627252,-2680.3896209515738,-2680.4195240405293,0.7178838712155627,"A""",0.1965507486151156,1.0017735358446302,0.8986,ok,289.17
2.4,0.85,105.0,87,0.009784859026343214,-2679.8206131768607,-2680.3826043970626,-2680.4117023634703,0.7935414969560273,"A""",0.2951273853800143,1.0100841718996802,0.9009,ok,528.89
2.4,0.85,100.0,87,0.009732175192224078,-2679.822334117085,-2680.384176641328,-2680.4131428437004,0.8136098936836801,"A""",0.33865801360427733,1.0183152110218439,0.9017,ok,544.21
2.4,0.85,135.0,87,0.013580692790598231,-2679.7944332213,-2680.3611438064154,-2680.393143004771,0.4793572053801879,A',-0.11055243375492252,0.9920294518185607,0.8888,warn:Ap_below,457.96
2.4,0.9,85.0,87,0.010248364182265587,-2679.832835731654,-2680.3969427211346,-2680.4262553900994,0.8111971719542522,"A""",0.451549639323552,1.0528262737654062,0.9037,ok,467.65
2.4,0.9,75.0,87,0.010817773030821824,-2679.8284595935374,-2680.393836002311,-2680.4235153271356,0.764816727132533,"A""",0.5082356404079567,1.079179101416985,0.9045,ok,476.74
2.4,0.9,80.0,87,0.010500129413873885,-2679.8311042160785,-2680.3957752099004,-2680.42524014947,0.7929541750792174,"A""",0.48046723329684976,1.0651036314173419,0.9041,ok,517.68
2.4,0.9,105.0,87,0.009910815502499497,-2679.831009505475,-2680.3945939503374,-2680.42398509376,0.787154962830048,"A""",0.30545696323640364,1.0146959474123316,0.9011,ok,483.88
2.4,0.9,95.0,87,0.009934819763318897,-2679.833627623648,-2680.3971072221125,-2680.426314760121,0.8184530360642344,"A""",0.3874567105156062,1.0319028374373707,0.9027,ok,513.22
2.4,0.9,100.0,87,0.009880978221840166,-2679.8327323491403,-2680.396170657344,-2680.4254319255906,0.8075949835418551,"A""",0.34939766648464093,1.022843626155378,0.902,ok,524.09
2.4,0.9,110.0,87,0.010042328587469436,-2679.828485243457,-2680.3924025940487,-2680.4220051967573,0.7572108629170572,"A""",0.2546492099102986,1.0075947518384765,0.9,ok,447.77
2.4,0.9,120.0,87,0.01072678713256564,-2679.821142400866,-2680.386274207981,-2680.4165771672256,0.669359345214225,"A""",0.13126093804892283,0.9975446944024613,0.8968,ok,470.96
2.4,0.9,130.0,87,0.012280532797390317,-2679.8109464807267,-2680.378000136765,-2680.409465941435,0.5459169807822392,A',-0.018583483642634246,0.9953889803938171,0.8921,warn:Ap_below,446.08
2.4,0.9,125.0,87,0.011364815622433563,-2679.8163839953963,-2680.3823901355986,-2680.4132069849484,0.6119097566416317,"A""",0.05929049691834818,0.9952809407219143,0.8947,ok,477.95
2.4,0.95,100.0,87,0.01005747326983936,-2679.8356283003586,-2680.4007832233924,-2680.4303610800894,0.8009959498747585,"A""",0.3602206963360317,1.0272780447295486,0.9023,ok,324.53
2.4,0.9,135.0,87,0.013559064468703629,-2679.804869395412,-2680.3731396961507,-2680.4054205044577,0.4718936288414405,A',-0.10144641836001637,0.9982729305420952,0.8889,warn:Ap_below,474.52
2.4,0.95,75.0,87,0.011184534989267476,-2679.831542187006,-2680.3985241253563,-2680.428527035942,0.759865717046483,"A""",0.526143346965062,1.0875317405327225,0.9053,ok,485.17
2.4,1.0,85.0,87,0.010786877727222989,-2679.8333607579293,-2680.400946756414,-2680.4309291314207,0.7995363088240657,"A""",0.47822110682684904,1.0636520849006859,0.9047,ok,323.54
2.4,0.95,110.0,87,0.010184055291690731,-2679.8313924198933,-2680.397015183021,-2680.426930239976,0.750035715361641,"A""",0.2649319987518182,1.0123349685439869,0.9002,ok,422.1
2.4,0.95,90.0,87,0.010282876832301382,-2679.8365868883893,-2680.402001332687,-2680.4315484192907,0.8138187225322845,"A""",0.4331190134557222,1.0466866575548919,0.9037,ok,475.29
2.4,0.95,130.0,87,0.01235920520413083,-2679.813914272646,-2680.3826351284897,-2680.4144072964273,0.5381539404006569,A',-0.008607988086303952,1.0013233121430374,0.8923,warn:Ap_below,409.93
2.4,0.95,120.0,87,0.010836638669544093,-2679.824076630554,-2680.3908948549433,-2680.421506983341,0.6617811035909658,"A""",0.1413412156368638,1.0029022594151045,0.897,ok,426.99
2.4,0.95,115.0,87,0.010427923695672572,-2679.828106038494,-2680.3942367300097,-2680.424450535961,0.7104851074289462,"A""",0.20670606993838844,1.0068050257198304,0.8988,ok,430.25
2.4,0.95,80.0,87,0.010803417201438174,-2679.8341046550154,-2680.4004360714357,-2680.4302254005765,0.7878339154020879,"A""",0.49570157370853796,1.0716855409834092,0.9048,ok,526.38
2.4,0.95,125.0,87,0.011458847472916681,-2679.8193346386347,-2680.3870172355564,-2680.41814184323,0.6042051530140822,"A""",0.06932019013718688,1.0009549427114908,0.8949,ok,448.74
2.4,0.95,85.0,87,0.010505903268974371,-2679.835783786488,-2680.4015831854636,-2680.4312191342606,0.8057396985163463,"A""",0.4649111517517739,1.058300896958342,0.9042,ok,515.86
2.4,0.95,105.0,87,0.010069119825628471,-2679.833908297726,-2680.399205267248,-2680.4289108145945,0.7802454408697556,"A""",0.31594860903642835,1.0192223157365312,0.9013,ok,486.37
2.4,0.95,95.0,87,0.01013216215333503,-2679.836528574321,-2680.40172438373,-2680.4312508531398,0.8122092533327556,"A""",0.3987852032668962,1.0364169750093815,0.903,ok,528.71
2.4,1.0,110.0,87,0.010361685182292149,-2679.8289378305144,-2680.3963623682353,-2680.426610569612,0.7425018957701668,"A""",0.27540643015129,1.016940494645305,0.9004,ok,390.7
2.4,0.95,135.0,87,0.013623841450614559,-2679.807854251712,-2680.377783839149,-2680.410369496015,0.4641626088565396,A',-0.09155943908010272,1.0043616199597059,0.8891,warn:Ap_below,485.12
2.4,1.0,75.0,87,0.011599768512907721,-2679.829284244912,-2680.3979468318425,-2680.428299880439,0.7537489540823664,"A""",0.5444500651483608,1.0960385829573398,0.9061,ok,471.68
2.4,1.0,100.0,87,0.010257794118672127,-2679.8331522460808,-2680.400122806916,-2680.430038165953,0.793928638416527,"A""",0.3710464580653574,1.0315648928553425,0.9025,ok,478.09
2.4,1.0,80.0,87,0.011138783061015711,-2679.8317443169162,-2680.3998234980777,-2680.4299618570226,0.7818004197967492,"A""",0.511028048642704,1.0782284266839206,0.9054,ok,515.51
2.4,1.0,95.0,87,0.010350386821240043,-2679.834054708053,-2680.401065798908,-2680.430932538372,0.805426348296096,"A""",0.41005826342458457,1.0407763079655417,0.9034,ok,511.74
2.4,1.0,105.0,87,0.010256379519540263,-2679.831439611385,-2680.398547141371,-2680.4285878196356,0.7729268079839052,"A""",0.3265301151994833,1.0236096455274433,0.9016,ok,485.54
2.4,1.0,115.0,87,0.010597925869515022,-2679.8256702981507,-2680.3935916023024,-2680.424136954913,0.7027726412005092,"A""",0.21716107563059486,1.0117006438711742,0.8989,ok,438.58
2.4,1.0,90.0,87,0.01052674697372313,-2679.8341287865583,-2680.4013501919067,-2680.4312406017466,0.8073377173769427,"A""",0.44515824287195843,1.0513647148625282,0.9041,ok,521.69
2.4,1.0,120.0,87,0.011000457046942516,-2679.8216630961247,-2680.390259481475,-2680.4212018960875,0.6539301514198117,"A""",0.1518329085876148,1.008116627036031,0.8972,ok,438.76
2.4,1.05,95.0,87,0.010586677299142954,-2679.827761264459,-2680.3966725550495,-2680.4269009531076,0.7982203886618374,"A""",0.4211679793804025,1.0449230702369272,0.9036,ok,329.7
2.4,1.0,125.0,87,0.011617769524397565,-2679.816945622159,-2680.3863935178974,-2680.4178474477894,0.5962661355817881,"A""",0.07987505549174802,1.0064724852772442,0.8951,ok,466.48
2.4,1.05,110.0,87,0.010573019956673023,-2679.822676138902,-2680.3919864308796,-2680.4225888105493,0.7347164245501685,"A""",0.28597972904414043,1.0213555332016253,0.9006,ok,257.39
2.4,1.0,130.0,87,0.012514970087078,-2679.8115512127397,-2680.382024804549,-2680.4141256115004,0.5301951678028328,"A""",0.0020047440777299056,1.0070824903598201,0.8925,ok,468.34
2.4,1.05,75.0,87,0.012074522176417512,-2679.8232446406196,-2680.393642621867,-2680.4243731219312,0.7465310884282818,"A""",0.5631339278336422,1.1046783788962165,0.9069,ok,456.73
2.4,1.05,85.0,87,0.011091773743299942,-2679.8271226774423,-2680.396573435482,-2680.4269254914047,0.7927003658542188,"A""",0.49138075263931225,1.0688227977584457,0.9052,ok,481.71
2.4,1.05,80.0,87,0.01151061707268446,-2679.825580152307,-2680.3954767322975,-2680.4259891017864,0.7749526916181689,"A""",0.5263704407713269,1.084683926487053,0.906,ok,524.63
2.4,1.05,90.0,87,0.010789120725787886,-2679.8278512382144,-2680.3969623601342,-2680.427218194428,0.8003458064549965,"A""",0.45700879940837835,1.055832421588928,0.9044,ok,529.41
2.4,1.05,100.0,87,0.010478933114199583,-2679.8268591773726,-2680.3957308740382,-2680.426004771281,0.7865061336845882,"A""",0.3817753765755673,1.0356471696548852,0.9028,ok,533.11
2.4,1.05,125.0,87,0.01184230186321959,-2679.8107717159915,-2680.3820633184587,-2680.41386888457,0.58819994092501,"A""",0.09087450504167999,1.0117832721386157,0.8952,ok,434.22
2.4,1.05,120.0,87,0.011217690821456445,-2679.815456445287,-2680.3859116030317,-2680.4172060163482,0.6459119249230875,"A""",0.16265015140283978,1.0131343383922182,0.8973,ok,438.97
2.4,1.05,130.0,87,0.012749897234985985,-2679.8054122853514,-2680.377714360185,-2680.410166987747,0.5221483205620614,"A""",0.013181525312604558,1.0126220660022305,0.8927,ok,433.24
2.4,1.05,135.0,87,0.014028671678092351,-2679.79941527983,-2680.3728993715035,-2680.4061657902384,0.4483370501611727,A',-0.06960275689423717,1.0159104259270162,0.8896,warn:Ap_below,434.73
2.4,1.05,105.0,87,0.010470150309170768,-2679.825158241665,-2680.394161400769,-2680.424558133482,0.7653085830994012,"A""",0.33711103219684785,1.027801127426633,0.9018,ok,523.96
2.4,1.05,115.0,87,0.010810706386673731,-2679.8194340183363,-2680.3892283986906,-2680.4201265888937,0.6948518235643184,"A""",0.2278256210161593,1.016405598862263,0.8991,ok,471.67
2.4,1.1,110.0,87,0.010816623048983022,-2679.813747244866,-2680.3850236514545,-2680.416002290341,0.7267793877971901,"A""",0.2965322016697613,1.025527643660016,0.9007,ok,389.72
2.4,1.15,85.0,87,0.011788029404276546,-2679.8074656577146,-2680.3808565239165,-2680.412021726684,0.7775605201785957,"A""",0.5168011443973758,1.0783916354451444,0.906,ok,334.65
2.4,1.1,90.0,87,0.011070046690829644,-2679.8188949627406,-2680.3899722017236,-2680.420616266352,0.7929554157403514,"A""",0.46855402165601134,1.060031156069317,0.9048,ok,480.34
2.4,1.1,75.0,87,0.012625632067985573,-2679.8145669971386,-2680.3867426112342,-2680.417879582492,0.7382700588980174,"A""",0.5821684228706294,1.1134282010164471,0.9077,ok,517.09
2.4,1.1,80.0,87,0.011927136477767311,-2679.8167540386207,-2680.3885282209762,-2680.4194407255845,0.767385983379151,"A""",0.5416410523709562,1.0910008546821184,0.9066,ok,513.01
2.4,1.1,100.0,87,0.010719225046084042,-2679.8178893200834,-2680.3887427869126,-2680.4193970444544,0.7788348127639049,"A""",0.392300475059008,1.0394698217493716,0.903,ok,489.78
2.4,1.1,115.0,87,0.011065440303742497,-2679.8105370508906,-2680.382283995907,-2680.4135575217547,0.6868218010937792,"A""",0.23858068811022168,1.0208691307716429,0.8993,ok,431.25
2.4,1.15,95.0,87,0.011109173797710037,-2679.8079774309526,-2680.3809282174566,-2680.4119475824505,0.7829698856057927,"A""",0.44242274929178993,1.0523582176929391,0.9041,ok,339.8
2.4,1.1,85.0,87,0.011423522689520554,-2679.8182106518666,-2680.3895967683193,-2680.420342590724,0.7853412346055652,"A""",0.5042806636658774,1.0737545289359904,0.9056,ok,518.96
2.4,1.1,130.0,87,0.013066059869797086,-2679.7966377046137,-2680.3708429903095,-2680.40367242182,0.5141162658673363,"A""",0.02481621438865486,1.0179060251494578,0.8929,ok,422.17
2.4,1.1,120.0,87,0.011488309003165751,-2679.8065965660103,-2680.378988755583,-2680.4106582535987,0.6378256605787641,"A""",0.1736750093837042,1.017907880887832,0.8975,ok,449.33
2.4,1.1,95.0,87,0.010839568129103931,-2679.8187886963465,-2680.3896795643527,-2680.4202917316297,0.7907012424627501,"A""",0.4320007724824247,1.0488009875750843,0.9039,ok,532.98
2.4,1.1,105.0,87,0.010708308517389051,-2679.816204221378,-2680.3871838222835,-2680.417958460493,0.7574933241357991,"A""",0.34756668472024965,1.0317434442622597,0.902,ok,533.91
2.4,1.1,125.0,87,0.012133304554020972,-2679.801952933791,-2680.3751649723195,-2680.4073460973923,0.5801073068114104,"A""",0.10220360601946278,1.016844833405627,0.8954,ok,474.82
2.4,1.1,135.0,87,0.014376201533571291,-2679.7906872232143,-2680.3660570130173,-2680.3997025847957,0.44045459225223105,A',-0.057693501038592866,1.0213085359123306,0.8898,warn:Ap_below,483.55
2.4,1.15,80.0,87,0.012401092439159649,-2679.806107606571,-2680.3798163048655,-2680.4111570384475,0.7591876408672391,"A""",0.5567440661471977,1.0971298545693602,0.9071,ok,480.86
2.4,1.15,75.0,87,0.013276585929742115,-2679.804094572409,-2680.37808328594,-2680.4096584992103,0.7290131129632866,"A""",0.6015307418731342,1.1222690329230278,0.9084,ok,515.42
2.4,1.15,105.0,87,0.010970180962733469,-2679.805417513222,-2680.3784566554127,-2680.409632580595,0.7495736713416872,"A""",0.35775687872102385,1.0353887227285645,0.9021,ok,480.09
2.4,1.15,110.0,87,0.011092002536261357,-2679.802990919654,-2680.3763166989947,-2680.407695390991,0.7187807238389593,"A""",0.3069187758614528,1.0294112345650532,0.9009,ok,427.06
2.4,1.15,90.0,87,0.011371544795163455,-2679.8081006224415,-2680.3812204451942,-2680.4122768839134,0.7852697178914648,"A""",0.4796657409369528,1.0639067653074301,0.9051,ok,546.94
2.4,1.15,100.0,87,0.010977844850766088,-2679.807082863725,-2680.3800003790016,-2680.4110582339044,0.7710104262196755,"A""",0.4024692624992596,1.042984625732658,0.9032,ok,531.05
2.4,1.15,115.0,87,0.011362169363448438,-2679.799819031386,-2680.3736015465906,-2680.4052748296767,0.6787714143705424,"A""",0.249279107288109,1.025048259194995,0.8994,ok,467.03
2.4,1.15,120.0,87,0.01181295242826237,-2679.7959230241936,-2680.370334698024,-2680.4024045576607,0.629760618762355,"A""",0.1847601360816646,1.0223992064408953,0.8976,ok,467.46
2.4,1.2,100.0,87,0.01125538655292315,-2679.7950615845166,-2680.37013041005,-2680.401617095422,0.7631192830481008,"A""",0.41213371558406897,1.0461473594263946,0.9033,ok,320.18
2.4,1.2,130.0,87,0.013952053632314027,-2679.774320848289,-2680.352581170419,-2680.38625142951,0.4984494391708518,"A""",0.048848888785742436,1.027625305066613,0.8932,ok,287.34
2.4,1.15,130.0,87,0.013465857048496082,-2679.7860671015037,-2680.3622556427717,-2680.3954896855803,0.5061904397508276,"A""",0.036765116154538605,1.0229111247074616,0.893,ok,414.36
2.4,1.15,125.0,87,0.012492170226166447,-2679.791328837876,-2680.366542753674,-2680.3991257820344,0.5720779400575207,"A""",0.1137163570204795,1.0216239389409585,0.8955,ok,477.35
2.4,1.15,135.0,87,0.014824998166921208,-2679.7801733875704,-2680.3575069752396,-2680.3915614365696,0.43272165809055435,A',-0.04533206827234744,1.0264349618262867,0.89,warn:Ap_below,441.07
2.4,1.2,80.0,87,0.01295035965949041,-2679.7942639587495,-2680.3699637926197,-2680.401763750442,0.7504344057032665,"A""",0.5715751729269586,1.1030255017283002,0.9076,ok,472.01
2.4,1.2,75.0,87,0.014058078890960566,-2679.792452025932,-2680.3682851007366,-2680.4003342961987,0.7187923669037656,"A""",0.6212122787350317,1.1311877713375909,0.9091,ok,484.73
2.4,1.2,95.0,87,0.011397157911253522,-2679.795949504425,-2680.371044836117,-2680.4024967587766,0.7751164489915714,"A""",0.4522849472734604,1.0555492668118978,0.9043,ok,475.79
2.4,1.2,120.0,87,0.012193312569816175,-2679.7840565143556,-2680.3605773782974,-2680.393075829804,0.6217924791844041,"A""",0.19572541446225541,1.0265771764643221,0.8977,ok,423.68
2.4,1.2,85.0,87,0.012194549959484689,-2679.79551022323,-2680.3709772161787,-2680.402589680963,0.7694496165676415,"A""",0.5288103673722947,1.0826832347966837,0.9063,ok,536.0
2.4,1.2,125.0,87,0.012921001757730694,-2679.7795199332436,-2680.3568250646276,-2680.389839714125,0.5641883339308266,"A""",0.12523019496099266,1.0260997535401997,0.8956,ok,437.57
2.4,1.2,90.0,87,0.01169783981397867,-2679.7960904827314,-2680.3713327390747,-2680.4028276867557,0.7773825394735616,"A""",0.4902030648376569,1.0674102775923957,0.9053,ok,550.42
2.4,1.2,105.0,87,0.011256161515008701,-2679.7934196049696,-2680.3686069788237,-2680.400209750528,0.7416311950942701,"A""",0.3675167909479334,1.0386961573149491,0.9022,ok,492.38
2.4,1.2,115.0,87,0.011702052390276722,-2679.787900889036,-2680.3638087356935,-2680.3959088446168,0.6707777145798293,"A""",0.259742777919628,1.0289061656743697,0.8995,ok,483.8
2.4,1.2,135.0,87,0.015378826212495346,-2679.7684940776126,-2680.347878624929,-2680.3823761277754,0.4252189491193062,A',-0.03269271911617845,1.0312900425569456,0.8902,warn:Ap_below,470.46
2.4,1.25,75.0,87,0.015007310325138747,-2679.7801032906395,-2680.357808080671,-2680.390372476024,0.7076235153345054,"A""",0.6412605249257287,1.1401767539853909,0.9098,ok,496.47
2.4,1.2,110.0,87,0.011399802278470532,-2679.791028363735,-2680.3664929525203,-2680.398297893179,0.7107991301838391,"A""",0.31696683327785097,1.0329666832543987,0.901,ok,534.88
2.45,0.8,85.0,87,0.010311138485893179,-2679.793596185965,-2680.357208910449,-2680.387167753173,0.7227183769917671,"A""",0.3138144807192753,0.9402411361815598,0.8965,ok,251.3
2.4,1.25,80.0,87,0.013598339222868296,-2679.7816854612283,-2680.3594335105586,-2680.39172770884,0.7411926964695198,"A""",0.586026425719154,1.108645376492134,0.908,ok,510.44
2.45,0.8,90.0,87,0.010168692099390683,-2679.794307502585,-2680.357550530816,-2680.387435190591,0.7311871261259698,"A""",0.2877381107827996,0.9312729184686249,0.8961,ok,255.65
2.4,1.25,85.0,87,0.01265598203727762,-2679.7828061605173,-2680.36042357522,-2680.3925143169554,0.7610913464064925,"A""",0.5401665366051324,1.0865821011077523,0.9066,ok,530.86
2.4,1.25,105.0,87,0.011567908296849104,-2679.7806711977973,-2680.3581019588696,-2680.3901599816245,0.7337367248240401,"A""",0.3766524504332699,1.0416307305029209,0.9023,ok,488.62
2.4,1.25,115.0,87,0.012087083770494365,-2679.77524255571,-2680.3533730197,-2680.3859305284877,0.662903507864847,"A""",0.2697613101238988,1.0324193484199877,0.8995,ok,433.25
2.4,1.25,95.0,87,0.011706783296700092,-2679.783166252867,-2680.3604959354157,-2680.3924083581073,0.767219222283335,"A""",0.4614179152990386,1.0583355283700973,0.9045,ok,516.3
2.4,1.25,90.0,87,0.01205546286480637,-2679.7833261086857,-2680.360774932135,-2680.3927372221456,0.7693770943220452,"A""",0.5000076931982925,1.0704983829598074,0.9055,ok,534.41
2.4,1.25,100.0,87,0.01155392994146161,-2679.7822865287994,-2680.3595998305404,-2680.3915432460967,0.7552374098774169,"A""",0.4211104640983694,1.0489207714712787,0.9034,ok,528.37
2.4,1.25,120.0,87,0.012632053116130276,-2679.7714565873434,-2680.3501844773414,-2680.3831436295854,0.613984536235886,"A""",0.20635225838221044,1.0304199509559384,0.8978,ok,448.33
2.4,1.25,110.0,87,0.011741842054257698,-2679.7783198968395,-2680.3560197405504,-2680.3882802333274,0.702901407410654,"A""",0.326472620184631,1.0361632374192231,0.901,ok,526.61
2.4,1.25,125.0,87,0.013423254173401497,-2679.76698541691,-2680.346479782636,-2680.3799601169735,0.556501828136059,"A""",0.13652702921984305,1.0302563876138715,0.8957,ok,480.83
2.45,0.8,75.0,87,0.01075790812608557,-2679.789551578642,-2680.3544674240534,-2680.384800065223,0.6785267864992729,"A""",0.3483607708555836,0.9598933617594817,0.8967,ok,422.38
2.45,0.8,95.0,87,0.01008730442322361,-2679.7941753073083,-2680.3572462418106,-2680.387134368096,0.7306001775232354,"A""",0.2560046428287874,0.9227527528189049,0.8956,ok,381.49
2.4,1.25,130.0,87,0.014528331412204167,-2679.761857821788,-2680.342287705608,-2680.376430782818,0.4909572438090048,"A""",0.060843310087370636,1.0320446475885863,0.8932,ok,493.15
2.45,0.8,80.0,87,0.010508447946549187,-2679.7920179171424,-2680.3561914782613,-2680.3863000828023,0.7051684783507205,"A""",0.3342730646031675,0.9497251943454492,0.8966,ok,433.2
2.45,0.8,100.0,87,0.01007686513999436,-2679.7932243755054,-2680.3563240905114,-2680.3862963717556,0.721006904038244,"A""",0.2182105049907013,0.9147077787053166,0.8949,ok,425.8
2.45,0.8,105.0,87,0.01015165181757649,-2679.7914799786063,-2680.354809701821,-2680.3849511885755,0.7024857225961167,"A""",0.1739212488306414,0.9072553019595447,0.894,ok,443.87
2.45,0.8,110.0,87,0.010331608367827603,-2679.7889675697143,-2680.352726749984,-2680.383128700839,0.6751523009636227,"A""",0.12288820213724709,0.9005944079181106,0.8927,ok,431.6
2.45,0.8,115.0,87,0.010643636839901835,-2679.785713153261,-2680.35009841101,-2680.380860836165,0.6391710686861691,"A""",0.06514115773540355,0.894995095962915,0.8911,ok,449.69
2.45,0.85,105.0,87,0.010251249292979919,-2679.8123515329253,-2680.377104230414,-2680.407513960448,0.6971100609274227,"A""",0.18313736644104636,0.9122605248460571,0.8943,ok,296.0
2.45,0.8,120.0,87,0.01112319708002257,-2679.7817441535562,-2680.346949245339,-2680.3781844339624,0.5947729053700013,"A""",0.0009860542409556125,0.890783297217909,0.8892,ok,439.28
2.45,0.85,115.0,87,0.010673233236706135,-2679.8065786557777,-2680.372383461735,-2680.403408697506,0.633254418756679,"A""",0.07387541265703867,0.9004102258406692,0.8914,ok,297.75
2.45,0.85,80.0,87,0.010783827640397295,-2679.8129919795597,-2680.378533913232,-2680.4089140771894,0.7019251764233615,"A""",0.3473970861942651,0.9566107070702686,0.8974,ok,384.55
2.45,0.8,125.0,87,0.011816092752501232,-2679.777090421622,-2680.3433069291877,-2680.375144428666,0.5422791762186051,A',-0.0690472419075617,0.8883188643953398,0.8867,warn:Ap_below,434.66
2.45,0.85,75.0,87,0.01108283108857432,-2679.8105761084507,-2680.376819800373,-2680.4074199193433,0.6756833921755739,"A""",0.3630354878855419,0.968176297271519,0.8977,ok,414.17
2.45,0.8,135.0,87,0.014095309492198215,-2679.7658653082017,-2680.334674197226,-2680.368214111667,0.41487908521324735,A',-0.22396607442108404,0.890048960749371,0.8801,warn:Ap_below,437.86
2.45,0.8,130.0,87,0.012781330333814254,-2679.771785104251,-2680.3392031015746,-2680.3717969711734,0.4821215521864207,A',-0.14428086359620487,0.8879667264287543,0.8837,warn:Ap_below,493.48
2.45,0.85,85.0,87,0.010545051818789695,-2679.8145331526603,-2680.3795398765733,-2680.409771861077,0.7190059096420216,"A""",0.32565929822935125,0.946194190606396,0.8971,ok,494.47
2.45,0.85,90.0,87,0.010366340573633398,-2679.815217728386,-2680.37987021699,-2680.410028004519,0.7269988814769496,"A""",0.2986005912050373,0.9366454568786546,0.8967,ok,530.69
2.45,0.85,110.0,87,0.010397307641517648,-2679.809834943267,-2680.375015945912,-2680.4056836172763,0.6694824891238438,"A""",0.13182634331946086,0.9057663953861342,0.893,ok,470.62
2.45,0.9,75.0,87,0.011450558540496451,-2679.821182040614,-2680.3888922861847,-2680.419789359941,0.6716145328211476,"A""",0.37791804755456704,0.9766683786097994,0.8987,ok,412.86
2.45,0.85,95.0,87,0.010251528929210656,-2679.8150668708017,-2680.379555885838,-2680.4097161010845,0.7259666895058078,"A""",0.26613488241031585,0.9278127863341972,0.8961,ok,500.15
2.45,0.85,125.0,87,0.011765521310609386,-2679.797955371303,-2680.3655870269395,-2680.397679778832,0.5360164094780873,A',-0.06061050478844307,0.8942859478572107,0.887,warn:Ap_below,447.77
2.45,0.85,130.0,87,0.012686947013748017,-2679.7926497485687,-2680.361482397454,-2680.3943262569937,0.47577673250683905,A',-0.13599040772174867,0.8941557456241653,0.884,warn:Ap_below,457.77
2.45,0.85,120.0,87,0.0111140276318308,-2679.8026091290935,-2680.3692312818553,-2680.4007258665233,0.5886572250407557,"A""",0.00956228115913927,0.8964772536993866,0.8894,ok,478.22
2.45,0.85,100.0,87,0.01020895464954097,-2679.814103553585,-2680.378625355166,-2680.4088680228997,0.7159759581273583,"A""",0.2278105506980683,0.9196615837679941,0.8953,ok,539.94
2.45,0.85,135.0,87,0.013955189440407807,-2679.7867285960656,-2680.356953727825,-2680.3907365865116,0.4085323683170553,A',-0.21585317842237292,0.8963633059571363,0.8804,warn:Ap_below,483.22
2.45,0.9,85.0,87,0.010810224796903738,-2679.825030623336,-2680.39158194754,-2680.4221139275373,0.7143748057782454,"A""",0.33756276932530904,0.9521391281819974,0.8978,ok,478.75
2.45,0.9,105.0,87,0.010390383832298384,-2679.8227915156426,-2680.389115950765,-2680.4198179598116,0.6911302392057526,"A""",0.19254621229903668,0.9172258782271616,0.8946,ok,435.32
2.45,0.9,80.0,87,0.011094202235653942,-2679.8235333894763,-2680.3905902309693,-2680.421270040885,0.6976336394392534,"A""",0.360637072316593,0.9635592000390331,0.8982,ok,515.34
2.45,0.95,75.0,87,0.011863073936139489,-2679.8243057577038,-2680.393588276125,-2680.4248106602413,0.6663798155313999,"A""",0.3930099501133155,0.9853687232039298,0.8997,ok,314.19
2.45,0.9,110.0,87,0.01050825235231271,-2679.8202767059315,-2680.3870255525107,-2680.4179827886087,0.6632618668189222,"A""",0.14104009701812156,0.910899592215566,0.8933,ok,464.41
2.45,0.95,85.0,87,0.011103260540229483,-2679.828021341946,-2680.3962382678333,-2680.4270955849656,0.7089304618814667,"A""",0.3494886238262206,0.9580368003970672,0.8984,ok,323.1
2.45,0.9,90.0,87,0.010594472359848665,-2679.82568652278,-2680.3919006483275,-2680.4223573843997,0.7219926704184095,"A""",0.3095083288188574,0.941980494845238,0.8972,ok,523.81
2.45,0.9,95.0,87,0.010447946403212647,-2679.8255183564806,-2680.391577547273,-2680.4220348644476,0.7205977304605845,"A""",0.27634250479991057,0.9328278346239797,0.8965,ok,529.94
2.45,0.9,115.0,87,0.010754789576194315,-2679.8170252433747,-2680.384392374064,-2680.4157042451193,0.6268341339570136,"A""",0.08297280547275428,0.9057818757854756,0.8917,ok,475.6
2.45,0.9,100.0,87,0.010376052956178584,-2679.8245461869046,-2680.390640932013,-2680.4211784204845,0.7102800148876123,"A""",0.23753311580135814,0.9245721559776052,0.8957,ok,540.93
2.45,0.9,125.0,87,0.01178282464474206,-2679.80841655902,-2680.377598358693,-2680.4099707627506,0.5293323579688454,A',-0.05163454679167807,0.9001805128407313,0.8873,warn:Ap_below,448.28
2.45,0.9,130.0,87,0.012669498497812242,-2679.8031190085,-2680.373496742054,-2680.4066156897266,0.46904843199220814,A',-0.12707609799608613,0.9002481405600933,0.8843,warn:Ap_below,452.09
2.45,0.9,120.0,87,0.011164438768572134,-2679.813062492053,-2680.3812407828614,-2680.4130187664728,0.5820802278341581,"A""",0.018589739674208374,0.9021168672537911,0.8897,ok,510.04
2.45,0.9,135.0,87,0.013901869089460398,-2679.797205405369,-2680.368972127163,-2680.403024147813,0.40183905042753476,A',-0.20703532621815643,0.9025520409985234,0.8807,warn:Ap_below,469.37
2.45,0.95,105.0,87,0.01056460369166293,-2679.825730953955,-2680.393748636889,-2680.424765516448,0.6846600379316526,"A""",0.20210671275693076,0.9221009687444952,0.895,ok,427.84
2.45,0.95,80.0,87,0.011438210701047367,-2679.8265761841835,-2680.395263573671,-2680.4262697522277,0.6923841441965333,"A""",0.37397421545159143,0.9705436763321457,0.899,ok,466.84
2.45,0.95,90.0,87,0.01084861369015332,-2679.828645898543,-2680.3965451165327,-2680.4273250569245,0.7162808961159107,"A""",0.32041432798648395,0.9472333965815025,0.8978,ok,481.63
2.45,0.95,95.0,87,0.010671029376315743,-2679.8284613339883,-2680.39621468308,-2680.4269925697517,0.7146083684066566,"A""",0.28656621358312323,0.9377504696537066,0.897,ok,482.29
2.45,0.95,110.0,87,0.010660665799863786,-2679.8232236888075,-2680.3916595281007,-2680.4229287764024,0.6566025097304798,"A""",0.15048986804153436,0.9159422592277275,0.8936,ok,455.5
2.45,0.95,100.0,87,0.01057326347398985,-2679.8274835388356,-2680.395274433962,-2680.4261296649715,0.7040338141802577,"A""",0.24733193051246602,0.9293904359254744,0.8961,ok,535.32
2.45,1.0,115.0,87,0.011062619274646265,-2679.8175832423535,-2680.388403646945,-2680.4203558502622,0.6129223378259884,"A""",0.10208410067587677,0.9161818021254899,0.8923,ok,282.83
2.45,1.0,125.0,87,0.012020792658826615,-2679.8090485372827,-2680.3816395528083,-2680.414640529482,0.5151327142561237,A',-0.03219558759844341,0.9115504264322845,0.8879,warn:Ap_below,289.03
2.45,0.95,135.0,87,0.01393926398327118,-2679.8002261772704,-2680.3736350315166,-2680.407981279686,0.39490558770761724,A',-0.1975220599162746,0.9085748408197736,0.8811,warn:Ap_below,440.8
2.45,0.95,115.0,87,0.010885509928691115,-2679.8199835802798,-2680.38902933526,-2680.420650338785,0.6200210908318468,"A""",0.09239693632420763,0.911058101551556,0.892,ok,491.53
2.45,0.95,125.0,87,0.011868004632328406,-2679.8114044351923,-2680.3822457443875,-2680.414920972535,0.5223357659829317,A',-0.042145267317000364,0.9059530234182651,0.8876,warn:Ap_below,460.18
2.45,1.0,75.0,87,0.01232656884095302,-2679.822082212301,-2680.3930148221593,-2680.4245907505115,0.6600442152785483,"A""",0.4082796896263806,0.9942605646719062,0.9007,ok,458.4
2.45,0.95,120.0,87,0.011272834363701944,-2679.81603477669,-2680.3858822428624,-2680.4179663493305,0.5751518921273905,"A""",0.02803743828183563,0.9076504970097259,0.89,ok,483.4
2.45,1.0,105.0,87,0.010769833594019765,-2679.8232997172877,-2680.393110897741,-2680.424464648694,0.6778107627869209,"A""",0.21174819152885302,0.9268283491208376,0.8953,ok,398.3
2.45,1.0,80.0,87,0.011816691878485823,-2679.8242530689454,-2680.394661094795,-2680.4260199036557,0.6862723305779063,"A""",0.3873579643504313,0.9775212037436324,0.8998,ok,477.41
2.45,0.95,130.0,87,0.012730762735572509,-2679.8061232998,-2680.378151339626,-2680.4115692697283,0.46204401887659496,A',-0.11755588344046812,0.9061982264788768,0.8846,warn:Ap_below,507.4
2.45,1.0,85.0,87,0.011422262894247966,-2679.8256368199136,-2680.3956163388807,-2680.4268236885214,0.7027836254988907,"A""",0.36137366996775233,0.9638336720966482,0.899,ok,516.82
2.45,1.0,110.0,87,0.010850986519005023,-2679.820805582966,-2680.3910267829283,-2680.422629986849,0.6496134555258151,"A""",0.1601081119520377,0.9208368738614648,0.8939,ok,469.32
2.45,1.0,100.0,87,0.010796520595862096,-2679.8250457157696,-2680.3946342280606,-2680.425829446472,0.6973514744240029,"A""",0.25714008623872625,0.9340586343869577,0.8965,ok,489.75
2.45,1.0,90.0,87,0.011125271358667657,-2679.826226692781,-2680.395911448746,-2680.427038141494,0.7099795353726931,"A""",0.3312522371141299,0.9523475410840495,0.8983,ok,543.54
2.45,1.0,95.0,87,0.010917071581377193,-2679.8260262146678,-2680.3955754107733,-2680.426696611731,0.7081143665661369,"A""",0.2967422635337078,0.9425233278924153,0.8974,ok,532.91
2.45,1.0,120.0,87,0.01143755435821267,-2679.8136555085034,-2680.385265455961,-2680.417678070204,0.5679786356405568,"A""",0.037846494804055046,0.913022398291278,0.8903,ok,473.31
2.45,1.0,130.0,87,0.0128722429718856,-2679.803792249736,-2680.3775572322043,-2680.4112979048996,0.4548702058353566,A',-0.10747571125972077,0.9119568930730779,0.885,warn:Ap_below,468.87
2.45,1.05,105.0,87,0.011002659579113505,-2679.817052473842,-2680.388744438746,-2680.420457265384,0.6706906574095662,"A""",0.2213721799169766,0.9313489604168852,0.8956,ok,398.79
2.45,1.05,75.0,87,0.012851848884521849,-2679.816070806942,-2680.388710786772,-2680.420669405853,0.6526714028961229,"A""",0.42365142384588267,1.0033196227701922,0.9016,ok,503.76
2.45,1.05,80.0,87,0.012234237017327069,-2679.8181213071166,-2680.390322322382,-2680.4220604708935,0.6793967986240456,"A""",0.4007131569942335,0.9844392941310047,0.9006,ok,510.68
2.45,1.05,90.0,87,0.011422433551851796,-2679.8199844656874,-2680.391540268845,-2680.423037330339,0.7032041283819124,"A""",0.3419219029846999,0.9572606772613859,0.8988,ok,501.06
2.45,1.05,95.0,87,0.011182778896035393,-2679.8197681673287,-2680.3912007432823,-2680.4226880798674,0.7012307107590152,"A""",0.30676987602075817,0.9470848608356762,0.8978,ok,490.08
2.45,1.05,110.0,87,0.01107622688725402,-2679.814576924524,-2680.3866694755807,-2680.4186288880305,0.6424004222067892,"A""",0.16979842680319,0.9255256741919404,0.8942,ok,432.61
2.45,1.05,115.0,87,0.011283782869994199,-2679.8113787202756,-2680.384058017296,-2680.4163639099415,0.605642274615671,"A""",0.11194078200999236,0.9210968064657388,0.8926,ok,433.88
2.45,1.1,75.0,87,0.013456026149750567,-2679.807415987496,-2680.3818077951046,-2680.4141802368904,0.6443178587802885,"A""",0.43900723652440665,1.0125217196081377,0.9026,ok,313.81
2.45,1.05,85.0,87,0.011767449954185038,-2679.8194332216267,-2680.391256279616,-2680.4228385429665,0.6960463673542476,"A""",0.3731263253429946,0.9694689018014062,0.8996,ok,528.79
2.45,1.05,125.0,87,0.01224102112444636,-2679.8029035197956,-2680.3773238929643,-2680.410674191833,0.5078277819396343,A',-0.02186701297259363,0.9169215894187015,0.8882,warn:Ap_below,427.0
2.45,1.05,120.0,87,0.01165728781859244,-2679.8074792167863,-2680.3809337851967,-2680.413697822938,0.5606644486900146,"A""",0.04792871390237802,0.9181783565593509,0.8906,ok,439.39
2.45,1.1,80.0,87,0.012699312208344077,-2679.809323275188,-2680.383380037298,-2680.4155255818805,0.6718513581022095,"A""",0.4139332885472601,0.991244506256663,0.9013,ok,324.4
2.45,1.05,100.0,87,0.01104192998516904,-2679.8187875972217,-2680.3902616509386,-2680.421819235317,0.6903443446152623,"A""",0.2668472642903206,0.938516992909564,0.8968,ok,521.9
2.45,1.05,130.0,87,0.01309514852845105,-2679.7976807129253,-2680.3732593721015,-2680.407347331882,0.44763243179565887,A',-0.09690969727369814,0.9174785476655546,0.8853,warn:Ap_below,463.95
2.45,1.05,135.0,87,0.014299558281024097,-2679.791844104245,-2680.368775476747,-2680.4037861874813,0.3807412944468546,A',-0.1765809757421613,0.9199565821334448,0.8819,warn:Ap_below,474.59
2.45,1.1,105.0,87,0.011260650601706718,-2679.808129185931,-2680.3817849680295,-2680.413880003473,0.6634019589736752,"A""",0.23085137240810857,0.9356069347573969,0.8959,ok,430.01
2.45,1.1,85.0,87,0.012141779984376374,-2679.8105519194837,-2680.384291803562,-2680.416274835708,0.6888268880772452,"A""",0.38462881609580507,0.9748809359657493,0.9002,ok,476.07
2.45,1.1,115.0,87,0.01154745017589452,-2679.8025097907707,-2680.3771292274437,-2680.4098125020746,0.5982797876078523,"A""",0.12184401149393888,0.9257510037248929,0.8929,ok,430.13
2.45,1.1,110.0,87,0.01133428704893117,-2679.8056775396067,-2680.379723803306,-2680.4120627336524,0.6350632892688446,"A""",0.17943535595788573,0.9299547430563231,0.8945,ok,436.03
2.45,1.1,100.0,87,0.011307392612115141,-2679.809849359256,-2680.3832919940714,-2680.415235145368,0.6831185660362518,"A""",0.27634139347879716,0.9427070335746027,0.8972,ok,482.14
2.45,1.1,90.0,87,0.011739966157265634,-2679.811060040924,-2680.3845659685217,-2680.416457821947,0.6960659549561126,"A""",0.3522991737231548,0.9619109104471513,0.8992,ok,509.67
2.45,1.1,120.0,87,0.011931027973688618,-2679.7986457162515,-2680.3740246696975,-2680.40716442611,0.5533082988821542,"A""",0.058162622174966844,0.9230701509802047,0.8909,ok,463.11
2.45,1.1,95.0,87,0.011466464821239017,-2679.8108276500175,-2680.3842255632007,-2680.4161026296583,0.6940663728151932,"A""",0.3165210373377293,0.951375445271752,0.8982,ok,520.53
2.45,1.1,125.0,87,0.012528762042184107,-2679.794109318879,-2680.3704369580164,-2680.4041617361236,0.5005208109514205,A',-0.011275489509801782,0.9220247702163137,0.8885,warn:Ap_below,463.71
2.45,1.15,130.0,87,0.013791713919415995,-2679.778376151727,-2680.35781411665,-2680.392678517844,0.4333592737610205,A',-0.07478123699643287,0.9276802550569255,0.8859,warn:Ap_below,289.5
2.45,1.1,135.0,87,0.014628711734979578,-2679.783136786886,-2680.3619387394524,-2680.397322773925,0.3737188254972643,A',-0.16531543736303614,0.9252513414634169,0.8822,warn:Ap_below,441.0
2.45,1.1,130.0,87,0.013401058188851614,-2679.7889288181063,-2680.3663967170664,-2680.4008583369746,0.4404313076797088,A',-0.08596515427070396,0.9227279283251986,0.8856,warn:Ap_below,458.36
2.45,1.2,85.0,87,0.013006524155120864,-2679.787903380476,-2680.365694374348,-2680.3985643569335,0.6733316896520167,"A""",0.40629387438703035,0.9848114959827217,0.9012,ok,326.22
2.45,1.15,80.0,87,0.013224804008937174,-2679.798701299204,-2680.3746729936315,-2680.407256284019,0.6637209398474685,"A""",0.4268785916377055,0.9978877179552302,0.902,ok,528.23
2.45,1.15,75.0,87,0.014163500777037919,-2679.7969621389634,-2680.373143196143,-2680.405963802488,0.6350293571664696,"A""",0.4541839225404316,1.021849932557308,0.9035,ok,541.45
2.45,1.15,110.0,87,0.011624185548519591,-2679.794947175154,-2680.3710324023123,-2680.4037759301477,0.6276926736295333,"A""",0.18886633271489833,0.9340768837336133,0.8948,ok,430.17
2.45,1.15,85.0,87,0.012551485178992388,-2679.799834291598,-2680.375562893982,-2680.407974300692,0.6812251633966891,"A""",0.3957400341894119,0.9800123214084032,0.9007,ok,522.21
2.45,1.15,115.0,87,0.011853132401999686,-2679.7918160584495,-2680.3684603847896,-2680.401546702364,0.5909241229069565,"A""",0.13164291525852465,0.9301014628280849,0.8931,ok,427.74
2.45,1.15,90.0,87,0.012079981991760913,-2679.800294291733,-2680.375829380605,-2680.4081419513573,0.6886678569083059,"A""",0.36223636745682036,0.9662415102104859,0.8996,ok,527.52
2.45,1.15,120.0,87,0.012258794543864766,-2679.7879945419145,-2680.365381734486,-2680.3989237039104,0.5459994472053327,"A""",0.06839826870985977,0.9276591532509701,0.8911,ok,437.34
2.45,1.15,125.0,87,0.012884972734492788,-2679.7835054604548,-2680.361822934827,-2680.395949799311,0.4933020911146203,A',-0.0005652726188041433,0.9268260254457352,0.8888,warn:Ap_below,435.25
2.45,1.15,95.0,87,0.011768102078347996,-2679.80004517995,-2680.375491271711,-2680.4077831014743,0.6867219958939417,"A""",0.3258451075410799,0.9553407071184693,0.8986,ok,496.46
2.45,1.2,80.0,87,0.01382996072656501,-2679.7868793647667,-2680.364824539778,-2680.397879278753,0.6550794295547305,"A""",0.43938854318612625,1.0043250081516457,0.9026,ok,461.31
2.45,1.15,135.0,87,0.015061363181011722,-2679.7726384620287,-2680.353389491347,-2680.389178121393,0.36686430540729187,A',-0.15368300364368948,0.9302591996146693,0.8826,warn:Ap_below,485.88
2.45,1.2,75.0,87,0.015006755929276446,-2679.7853353524843,-2680.363338063784,-2680.3966457551373,0.624829601767503,"A""",0.468957629485361,1.031297149593722,0.9043,ok,471.91
2.45,1.15,105.0,87,0.011542626408179756,-2679.7973698067804,-2680.373074702359,-2680.405576689035,0.6560377872265589,"A""",0.24003263911052408,0.939552739975298,0.8962,ok,535.81
2.45,1.15,100.0,87,0.01159189085980531,-2679.7990712156234,-2680.3745670860003,-2680.4069205085107,0.6757703403984063,"A""",0.28545773796488183,0.946578291343129,0.8974,ok,554.13
2.45,1.2,90.0,87,0.012447061594614997,-2679.7883097668882,-2680.3659563008264,-2680.3987177416207,0.6811034716216748,"A""",0.37156093928781325,0.9702022761537463,0.9,ok,518.1
2.45,1.2,125.0,87,0.013311581023505263,-2679.7717124752216,-2680.3521101936544,-2680.3866701780353,0.4862502775941809,"A""",0.010086938264042578,0.9313033677983124,0.889,ok,338.67
2.45,1.2,115.0,87,0.01220161212319244,-2679.779918475559,-2680.3586791745865,-2680.3921969477456,0.5836538547353362,"A""",0.1411577146564678,0.9341128815287544,0.8933,ok,368.46
2.45,1.25,85.0,87,0.013521033198537492,-2679.775221606886,-2680.3551512822796,-2680.388513613547,0.6652272334955323,"A""",0.41609650375204604,0.9892331642974656,0.9016,ok,288.38
2.45,1.2,110.0,87,0.01194644029331126,-2679.783007054894,-2680.361222673243,-2680.3943983653367,0.6203688644800928,"A""",0.1979114170431929,0.9378532428677172,0.895,ok,394.89
2.45,1.2,120.0,87,0.012642299847738311,-2679.776146408068,-2680.355633012636,-2680.389606734252,0.5388162785048065,"A""",0.07846138269632903,0.9319152843084415,0.8913,ok,386.26
2.45,1.2,95.0,87,0.01208942979313972,-2679.7880429438624,-2680.365624256801,-2680.39835799081,0.6792883094359904,"A""",0.3345674490720347,0.958933946101681,0.8989,ok,502.88
2.45,1.25,100.0,87,0.01222146576746413,-2679.7743219494887,-2680.3541989127452,-2680.3874562413175,0.6610448435054131,"A""",0.30182814269843544,0.9531930213553181,0.8979,ok,253.77
2.45,1.2,100.0,87,0.011895930416686068,-2679.787075021825,-2680.3647137254875,-2680.3975042556285,0.6683865996409485,"A""",0.294021204561908,0.9500859796952057,0.8977,ok,504.06
2.45,1.25,115.0,87,0.012595019564857153,-2679.7672770502572,-2680.348253124164,-2680.3822343572715,0.5765364880281941,"A""",0.15017579500895445,0.9377590596305705,0.8935,ok,237.53
2.45,1.25,90.0,87,0.012848455489726376,-2679.775568385514,-2680.3554127964444,-2680.3886542770256,0.6734567830879615,"A""",0.38007293603007647,0.9737494680236148,0.9003,ok,354.21
2.45,1.2,130.0,87,0.014269943332847942,-2679.766643120742,-2680.3481403440483,-2680.3834405496677,0.4264961744711326,A',-0.06352974148768242,0.9323231236059475,0.8862,warn:Ap_below,432.61
2.45,1.2,105.0,87,0.011848730299818604,-2679.7853958634587,-2680.363240735934,-2680.396176703665,0.6486807767414395,"A""",0.24873775813966287,0.9431454883678382,0.8964,ok,493.67
2.45,1.25,125.0,87,0.013811884452330302,-2679.7591896724734,-2680.3417666149808,-2680.3767952594712,0.4794313965576284,"A""",0.020468167534135284,0.9354440962144325,0.8892,ok,251.93
2.45,1.2,135.0,87,0.015601267439317414,-2679.7609694779926,-2680.3437569831444,-2680.3799859292367,0.36025989842614625,A',-0.1418490703280601,0.9349790553473875,0.8829,warn:Ap_below,431.94
2.45,1.25,110.0,87,0.012302216362339382,-2679.770317576009,-2680.350761966557,-2680.384400670634,0.6131605822731516,"A""",0.20636097578915,0.9412554654793882,0.8951,ok,295.73
2.45,1.25,80.0,87,0.014540135924126035,-2679.7743208742836,-2680.3542979875906,-2680.3878625187212,0.645987498189241,"A""",0.45126920823097527,1.010519367797178,0.9031,ok,411.37
2.45,1.25,75.0,87,0.016026152161890874,-2679.7730012932752,-2680.3528533212743,-2680.3866933942027,0.6137249332123685,"A""",0.4830382800165842,1.040867838328493,0.9051,ok,452.05
2.45,1.25,130.0,87,0.014839818747924324,-2679.7541887417547,-2680.3378435405116,-2680.373617671412,0.41990887586267817,A',-0.05241922666265681,0.9366527781873838,0.8864,warn:Ap_below,284.16
2.45,1.25,95.0,87,0.012434063434395477,-2679.775282486882,-2680.3550911920743,-2680.3882967915474,0.6718471536034758,"A""",0.34248411325439054,0.9621144856135789,0.8991,ok,412.78
2.45,1.25,120.0,87,0.01308419144228028,-2679.76356095734,-2680.3452461498578,-2680.3796851722827,0.5318247111398385,"A""",0.08813716355858031,0.9358178953507802,0.8915,ok,332.83
2.45,1.25,105.0,87,0.012180575840163509,-2679.7726681479676,-2680.3527503222913,-2680.386150313343,0.6414050277536584,"A""",0.2567578568167581,0.9463503206202969,0.8966,ok,351.9
