basis,E_eV,lambda_nm,sigma_200K,sigma_220K,sigma_250K,sigma_298K
cc-pvtz-dk,1.0,1239.841984,1.3594994699657482e-30,1.352123475027737e-30,1.3381160213964179e-30,1.3095836795478342e-30
cc-pvtz-dk,1.0020010005002502,1237.3660139870192,1.9408762062179466e-30,1.9303459387271247e-30,1.9103483336795746e-30,1.869614413126455e-30
cc-pvtz-dk,1.0040020010005002,1234.89991331141,2.1823421721394334e-30,2.1829505359461765e-30,2.183739929991888e-30,2.183923546486216e-30
cc-pvtz-dk,1.0060030015007504,1232.443623081054,2.150745916468102e-30,2.234713635525365e-30,2.3913621321046163e-30,2.6995033495933034e-30
cc-pvtz-dk,1.0080040020010006,1229.9970848714638,1.7058282623298116e-30,1.8583177180328534e-30,2.1431498588900963e-30,2.7048296681784753e-30
cc-pvtz-dk,1.0100050025012506,1227.560240721149,9.273941718075731e-31,1.1201071477870297e-30,1.4802679396335357e-30,2.191268698423648e-30
cc-pvtz-dk,1.0120060030015008,1225.133033127039,3.860788493212837e-31,5.8307304146960495e-31,9.544756565149548e-31,1.7004867308269976e-30
cc-pvtz-dk,1.0140070035017508,1222.7154050399606,3.258710815276494e-31,5.0518986052410015e-31,8.669736364026877e-31,1.6866065529289515e-30
cc-pvtz-dk,1.016008004002001,1220.3072998601674,2.019932110060519e-31,3.288544665126915e-31,6.112728499492737e-31,1.3480823931005738e-30
cc-pvtz-dk,1.0180090045022512,1217.9086614329237,3.9760353958421447e-32,9.017318432961301e-32,2.3996209728395874e-31,7.554656654055529e-31
cc-pvtz-dk,1.0200100050025012,1215.5194340441392,3.957089137532803e-32,8.97434989086353e-32,2.3881865075318904e-31,7.5186578607460435e-31
cc-pvtz-dk,1.0220110055027514,1213.1395624160548,3.174311123289301e-32,7.199074292427934e-32,1.9157635150150989e-31,6.031342345361778e-31
cc-pvtz-dk,1.0240120060030016,1210.7689917029797,1.7659009361447738e-32,4.004916827182613e-32,1.0657583498279038e-31,3.3552958989248032e-31
cc-pvtz-dk,1.0260130065032516,1208.4076674870794,3.432902528389945e-31,3.414277238545053e-31,3.3789067039846595e-31,3.3068590492140713e-31
cc-pvtz-dk,1.0280140070035018,1206.0555357742091,1.3039592216703338e-30,1.2968845615980828e-30,1.2834493608214775e-30,1.2560826636720857e-30
cc-pvtz-dk,1.030015007503752,1203.7125429898008,2.0289416890349703e-30,2.0179336202872727e-30,1.9970286421996207e-30,1.954446457254858e-30
cc-pvtz-dk,1.032016008004002,1201.378635974794,2.3748850483448376e-30,2.3620000561238467e-30,2.3375306885887188e-30,2.287688056393965e-30
cc-pvtz-dk,1.0340170085042522,1199.0537619816157,2.436569896326032e-30,2.5087717868892926e-30,2.643376542964633e-30,2.9077847540188554e-30
cc-pvtz-dk,1.0360180090045024,1196.7378686702075,2.0501171538924013e-30,2.2044686797425082e-30,2.4927273602733253e-30,3.0609600514057955e-30
cc-pvtz-dk,1.0380190095047523,1194.4309041040963,1.2645493686510333e-30,1.4726215937426574e-30,1.8614452651866988e-30,2.6288639497021082e-30
cc-pvtz-dk,1.0400200100050025,1192.1328167465126,4.377085924780441e-31,6.5909741656373435e-31,1.0729505317170056e-30,1.8903423329972753e-30
cc-pvtz-dk,1.0420210105052525,1189.843555456553,3.879608942822525e-31,5.971825239217763e-31,1.0121125141146082e-30,1.9258284878723362e-30
cc-pvtz-dk,1.0440220110055027,1187.5630694853855,2.6498785989004822e-31,4.24464654938758e-31,7.6923408857489755e-31,1.6346534231319593e-30
cc-pvtz-dk,1.046023011505753,1185.291308472501,8.907612928331152e-32,1.6733656482185353e-31,3.745062223971513e-31,1.0243930986493479e-30
cc-pvtz-dk,1.048024012006003,1183.0282224420048,4.5517280535915075e-32,1.032294162230021e-31,2.7470635979454277e-31,8.648500127407196e-31
cc-pvtz-dk,1.0500250125062531,1180.7737617989517,3.871252410709776e-32,8.779679315290746e-32,2.3363822378466073e-31,7.3555639908740465e-31
cc-pvtz-dk,1.0520260130065033,1178.527877325725,2.4319743527203703e-32,5.515516079712782e-32,1.4677476634887264e-31,4.620867119413533e-31
cc-pvtz-dk,1.0540270135067533,1176.2905201784527,1.1215758713277903e-31,1.1789970092720113e-31,1.3558436018009524e-31,1.979976837384068e-31
cc-pvtz-dk,1.0560280140070035,1174.0616418834675,1.2063845224219472e-30,1.199839256074103e-30,1.187409405505796e-30,1.1620905463557805e-30
cc-pvtz-dk,1.0580290145072537,1171.841194333806,2.0909841152435184e-30,2.0796394339176136e-30,2.058095208498507e-30,2.0142109151286905e-30
cc-pvtz-dk,1.0600300150075037,1169.6291297857479,2.587070766327588e-30,2.5730345557234097e-30,2.5463789559230004e-30,2.492083099895049e-30
cc-pvtz-dk,1.062031015507754,1167.4254008553933,2.7312079577274803e-30,2.7869731955101545e-30,2.8907999290149994e-30,3.09421287118318e-30
cc-pvtz-dk,1.064032016008004,1165.2299605152798,2.425562055754571e-30,2.5784593002119885e-30,2.8639390854337103e-30,3.4264446631102224e-30
cc-pvtz-dk,1.066033016508254,1163.042762091037,1.6495100203768412e-30,1.8716491324582883e-30,2.2867117752874823e-30,3.1057292209507124e-30
cc-pvtz-dk,1.0680340170085043,1160.8637592580794,5.457375367990122e-31,7.954078833251709e-31,1.2621207407174267e-30,2.1838817427870292e-30
cc-pvtz-dk,1.0700350175087543,1158.6929060383357,4.55827753672295e-31,6.971192514762305e-31,1.1678623986470715e-30,2.1754562436186288e-30
cc-pvtz-dk,1.0720360180090045,1156.5301567970134,3.3706480786075083e-31,5.332715208403866e-31,9.472044614685868e-31,1.951213874553202e-30
cc-pvtz-dk,1.0740370185092547,1154.3754662394037,1.5148117920746545e-31,2.6410501473760503e-31,5.406439006744748e-31,1.3478337754111467e-30
cc-pvtz-dk,1.0760380190095047,1152.2287894077174,5.185501160858862e-32,1.1760286452895366e-31,3.1295589957003916e-31,9.852699221556522e-31
cc-pvtz-dk,1.078039019509755,1150.090081677958,4.6536606274888685e-32,1.05541162437548e-31,2.808582049817213e-31,8.842176873460308e-31
cc-pvtz-dk,1.080040020010005,1147.9592987568317,3.2141501750879155e-32,7.289425956930473e-32,1.9398072205449763e-31,6.107038441547541e-31
cc-pvtz-dk,1.082041020510255,1145.836396678687,1.1290122678933986e-32,2.5605061627370815e-32,6.813826455024209e-32,2.14517709049334e-31
cc-pvtz-dk,1.0840420210105053,1143.7213318024917,1.0589933335153303e-30,1.0532477413764871e-30,1.0423365197520565e-30,1.020111016561539e-30
cc-pvtz-dk,1.0860430215107553,1141.614060808844,2.11955975402317e-30,2.1080600349266403e-30,2.086221383548543e-30,2.041737362181611e-30
cc-pvtz-dk,1.0880440220110055,1139.5145406970114,2.788900757150915e-30,2.7737695133940648e-30,2.7450343804269833e-30,2.6865026402220326e-30
cc-pvtz-dk,1.0900450225112557,1137.42272878201,3.030258999251919e-30,3.064080407040392e-30,3.1268318380598013e-30,3.248901940359138e-30
cc-pvtz-dk,1.0920460230115057,1135.3385826917088,2.8313143927239072e-30,2.9786080532968297e-30,3.253546304370811e-30,3.794968672244453e-30
cc-pvtz-dk,1.0940470235117559,1133.2620603639689,2.0852092067712662e-30,2.3194569110658478e-30,2.7570890783639048e-30,3.620423405656214e-30
cc-pvtz-dk,1.096048024012006,1131.1931200438155,9.27599990397e-31,1.2050557365748177e-30,1.7236570815423086e-30,2.747695674662082e-30
cc-pvtz-dk,1.098049024512256,1129.1317202806379,5.293763935059607e-31,8.046945789810024e-31,1.3332278931746345e-30,2.4319573368293488e-30
cc-pvtz-dk,1.1000500250125063,1127.0778199254205,4.189056135958731e-31,6.561535394226662e-31,1.1461595889789791e-30,2.2978597832759233e-30
cc-pvtz-dk,1.1020510255127565,1125.0313781280072,2.2590886683404103e-31,3.787682107451304e-31,7.352705319838845e-31,1.719174017403349e-30
cc-pvtz-dk,1.1040520260130064,1122.9923543343905,5.853288622393867e-32,1.3274773017199361e-31,3.5325827715386105e-31,1.1121527209118172e-30
cc-pvtz-dk,1.1060530265132567,1120.9607082840344,5.526183649997736e-32,1.2532926075850341e-31,3.3351680420564e-31,1.0500012179631449e-30
cc-pvtz-dk,1.1080540270135066,1118.9364000072235,4.1261701794380596e-32,9.357811667242822e-32,2.49023047190145e-31,7.8399198946906975e-31
cc-pvtz-dk,1.1100550275137568,1116.9193898224426,1.9043871823633965e-32,4.318992145034331e-32,1.149337711627234e-31,3.618426363654757e-31
cc-pvtz-dk,1.112056028014007,1114.909638333783,8.530411089603074e-31,8.484129152459215e-31,8.396236997711467e-31,8.217205956733102e-31
cc-pvtz-dk,1.114057028514257,1112.907106428379,2.106039251387298e-30,2.094612888081782e-30,2.0729135437191915e-30,2.028713282376955e-30
cc-pvtz-dk,1.1160580290145072,1110.9117552738683,2.9735469464549067e-30,2.957413900646848e-30,2.9267762859267278e-30,2.8643693046417686e-30
cc-pvtz-dk,1.1180590295147574,1108.9235463158836,3.328138481144872e-30,3.3335536709473585e-30,3.343147486097595e-30,3.3600039296694445e-30
cc-pvtz-dk,1.1200600300150074,1106.9424412755695,3.265728280911234e-30,3.402289009009069e-30,3.657090991758399e-30,4.158455339976694e-30
cc-pvtz-dk,1.1220610305152576,1104.9684021471244,2.5743349713594582e-30,2.817920194791941e-30,3.2729323878654904e-30,4.170296789285427e-30
cc-pvtz-dk,1.1240620310155078,1103.0013911953715,1.377685812656387e-30,1.683100066650939e-30,2.253902673118842e-30,3.380793801854402e-30
cc-pvtz-dk,1.1260630315157578,1101.041370953354,6.083575642925814e-31,9.193414865455006e-31,1.5066965294051537e-30,2.6905623362984047e-30
cc-pvtz-dk,1.128064032016008,1099.0883042199555,5.11170683133857e-31,7.939248824049751e-31,1.3668706336082004e-30,2.6739706704195154e-30
cc-pvtz-dk,1.1300650325162582,1097.1421540575475,3.138203682886237e-31,5.133933267272685e-31,9.613422055403229e-31,2.142161116923544e-30
cc-pvtz-dk,1.1320660330165082,1095.2028837896596,6.547420444580761e-32,1.4849006405980643e-31,3.9515059230218335e-31,1.2440410736855284e-30
cc-pvtz-dk,1.1340670335167584,1093.2704569986765,6.492698247618007e-32,1.4724901002925027e-31,3.9184799264099807e-31,1.2336435955885898e-30
cc-pvtz-dk,1.1360680340170084,1091.344837523558,5.182989905265357e-32,1.1754591133538582e-31,3.1280434001408964e-31,9.847927716302985e-31
cc-pvtz-dk,1.1380690345172586,1089.4259894575823,2.848236261570922e-32,6.45956355663991e-32,1.7189704789889535e-31,5.411784575233014e-31
cc-pvtz-dk,1.1400700350175088,1087.5138771461166,5.787021720210501e-31,5.75562410376604e-31,5.69599816039489e-31,5.574543694502098e-31
cc-pvtz-dk,1.1420710355177588,1085.6084651844064,2.040420612122471e-30,2.0293502642194972e-30,2.008327014307224e-30,1.9655039167583577e-30
cc-pvtz-dk,1.144072036018009,1083.7097184153913,3.132791212309166e-30,3.1157941831566506e-30,3.083515812614784e-30,3.0177667102542684e-30
cc-pvtz-dk,1.1460730365182592,1081.8176019275425,3.639199940399261e-30,3.619455379307618e-30,3.581959281996505e-30,3.505581983550457e-30
cc-pvtz-dk,1.1480740370185092,1079.9320810527233,3.7261618790465735e-30,3.845705237619097e-30,4.068617010800807e-30,4.5066841549661464e-30
cc-pvtz-dk,1.1500750375187594,1078.0531213640713,3.1192145628348055e-30,3.368375338866337e-30,3.83372504910634e-30,4.751170176632769e-30
cc-pvtz-dk,1.1520760380190094,1076.1806886739037,1.9029357525904678e-30,2.235853669975738e-30,2.8579951440101345e-30,4.0859875458160276e-30
cc-pvtz-dk,1.1540770385192596,1074.3147490316428,6.953866642294809e-31,1.0471065950790399e-30,1.704594115710356e-30,3.0031826465930915e-30
cc-pvtz-dk,1.1560780390195098,1072.4552687217654,6.144768084278316e-31,9.472940011752783e-31,1.609813526623113e-30,3.077966233421151e-30
cc-pvtz-dk,1.1580790395197598,1070.602214261771,4.168029789671715e-31,6.702010589659169e-31,1.221953055550971e-30,2.6203860783437375e-30
cc-pvtz-dk,1.16008004002001,1068.7555524001725,1.3541307622187607e-31,2.5921044487056903e-31,5.920180359434406e-31,1.6502510475550536e-30
cc-pvtz-dk,1.1620810405202602,1066.915250114507,7.555899017504992e-32,1.713615214778812e-31,4.560143948925464e-31,1.435656806517826e-30
cc-pvtz-dk,1.1640820410205102,1065.0812746093684,6.400833480923801e-32,1.4516559332999852e-31,3.8630376078997e-31,1.2161888523107666e-30
cc-pvtz-dk,1.1660830415207604,1063.2535933144572,3.9874778048139735e-32,9.043268867267559e-32,2.406526707274779e-31,7.5763977761712565e-31
cc-pvtz-dk,1.1680840420210106,1061.4321738826552,2.3250627359215833e-31,2.409021222167753e-31,2.671566625750698e-31,3.607676328236474e-31
cc-pvtz-dk,1.1700850425212606,1059.6169841881147,1.9111103555325432e-30,1.900741583333799e-30,1.8810506674630255e-30,1.8409414543452032e-30
cc-pvtz-dk,1.1720860430215108,1057.8079923243704,3.2567671435571514e-30,3.2390974802024736e-30,3.205541737255011e-30,3.137190704015146e-30
cc-pvtz-dk,1.174087043521761,1056.005166602471,3.996702968550119e-30,3.975018766742006e-30,3.933839176203783e-30,3.849958823261244e-30
cc-pvtz-dk,1.176088044022011,1054.208475549128,4.208730546781926e-30,4.3036075611356755e-30,4.480324574849469e-30,4.8268184303109756e-30
cc-pvtz-dk,1.1780890445222612,1052.4178879048832,3.721656300521657e-30,3.971422587791079e-30,4.437808323061399e-30,5.3569205154458516e-30
cc-pvtz-dk,1.1800900450225114,1050.6333726222974,2.510621175426957e-30,2.8697778801686438e-30,3.540880180495601e-30,4.86522347697892e-30
cc-pvtz-dk,1.1820910455227613,1048.8548988641558,7.977814688071309e-31,1.1989010744275573e-30,1.9487331047436836e-30,3.429706179247162e-30
cc-pvtz-dk,1.1840920460230115,1047.0824360016898,7.293668114304591e-31,1.1168081736123219e-30,1.8750487377017624e-30,3.5069875459884965e-30
cc-pvtz-dk,1.1860930465232615,1045.3159536128217,5.365760678152375e-31,8.515647817175392e-31,1.5203037235805406e-30,3.157120345084263e-30
cc-pvtz-dk,1.1880940470235117,1043.555421480421,2.369358665915142e-31,4.174893704778063e-31,8.663057861307592e-31,2.1928590284083146e-30
cc-pvtz-dk,1.190095047523762,1041.800809590584,8.716725280688697e-32,1.9768809812611275e-31,5.2607270095972935e-31,1.6562193262210927e-30
cc-pvtz-dk,1.192096048024012,1040.0520881309274,7.797218584521577e-32,1.7683444906340631e-31,4.705785382292761e-31,1.481508673798034e-30
cc-pvtz-dk,1.1940970485242621,1038.3092274888982,5.353214887310053e-32,1.2140647271254892e-31,3.230777756440353e-31,1.0171363291005175e-30
cc-pvtz-dk,1.1960980490245123,1036.5721982501045,1.8275254873000083e-32,4.144676196939774e-32,1.1029500623434825e-31,3.4723854816596348e-31
cc-pvtz-dk,1.1980990495247623,1034.8409711966597,1.7046459141909426e-30,1.695397319460346e-30,1.677833687308692e-30,1.6420576233756083e-30
cc-pvtz-dk,1.2001000500250125,1033.1155173055438,3.333636246163808e-30,3.315549527764798e-30,3.2812017724523216e-30,3.2112374575881375e-30
cc-pvtz-dk,1.2021010505252625,1031.3958077469829,4.3468846207343636e-30,4.323300500499684e-30,4.2785128517283576e-30,4.187283100841974e-30
cc-pvtz-dk,1.2041020510255127,1029.6818138828417,4.707987216652023e-30,4.768932250731969e-30,4.8821282087224236e-30,5.1028059282716925e-30
cc-pvtz-dk,1.206103051525763,1027.973507265035,4.38274363139018e-30,4.6266709343414135e-30,5.082034294409844e-30,5.9789522627733726e-30
cc-pvtz-dk,1.208104052026013,1026.2708596339544,3.2082924320769084e-30,3.59138483148073e-30,4.307127595403465e-30,5.719229117678709e-30
cc-pvtz-dk,1.210105052526263,1024.5738429169078,1.3974957776349277e-30,1.8482618705812798e-30,2.6908205542772674e-30,4.354619617495107e-30
cc-pvtz-dk,1.2121060530265133,1022.8824292265786,8.562680229598095e-31,1.3027783610655854e-30,2.1620601445218584e-30,3.956474608502772e-30
cc-pvtz-dk,1.2141070535267633,1021.1965908594973,6.7499533138020955e-31,1.0600040414415515e-30,1.859651069872696e-30,3.755085442406017e-30
cc-pvtz-dk,1.2161080540270135,1019.516300294529,3.602471500588223e-31,6.084158952569759e-31,1.1932448996951755e-30,2.826458062587951e-30
cc-pvtz-dk,1.2181090545272637,1017.8415301913757,9.973556716358216e-32,2.26191992442143e-31,6.019251210742611e-31,1.895023286025777e-30
cc-pvtz-dk,1.2201100550275137,1016.1722533890938,9.39092717548491e-32,2.1297843779421743e-31,5.667622030796801e-31,1.7843208978526063e-30
cc-pvtz-dk,1.222111055527764,1014.5084429046253,6.981517877455047e-32,1.583350337179032e-31,4.213492852330928e-31,1.326521653793079e-30
cc-pvtz-dk,1.224112056028014,1012.8500719313444,3.1746849173712904e-32,7.199922026396595e-32,1.9159891076040385e-31,6.032052571923568e-31
cc-pvtz-dk,1.226113056528264,1011.1971138376173,1.4053581791946016e-30,1.3977333767986926e-30,1.3832534229882218e-30,1.3537586266500562e-30
cc-pvtz-dk,1.2281140570285143,1009.5495421653767,3.3491931987140505e-30,3.3310220757192334e-30,3.2965140310529865e-30,3.226223216401129e-30
cc-pvtz-dk,1.2301150575287645,1007.9073306287107,4.6798321729808075e-30,4.654441638316224e-30,4.606223500969664e-30,4.508006050868817e-30
cc-pvtz-dk,1.2321160580290145,1006.2704531124645,5.2165218602466094e-30,5.2323469795226594e-30,5.2611027132405036e-30,5.3146275261924405e-30
cc-pvtz-dk,1.2341170585292647,1004.6388836708552,5.102571075656469e-30,5.332411444408886e-30,5.761322158656332e-30,6.60552260200883e-30
cc-pvtz-dk,1.2361180590295147,1003.0125965261028,4.0037056258778686e-30,4.4071046774270894e-30,5.160687223407796e-30,6.647048937221019e-30
cc-pvtz-dk,1.2381190595297649,1001.3915660670707,2.1156867959923347e-30,2.617903397875161e-30,3.556542756096995e-30,5.4097197923384e-30
cc-pvtz-dk,1.240120060030015,999.7757668479225,9.954351832268153e-31,1.5051767245529432e-30,2.469537455093658e-30,4.4196018156986205e-30
cc-pvtz-dk,1.242121060530265,998.1651735867902,8.34053744820526e-31,1.2981688234793498e-30,2.2432297840721604e-30,4.416126408122839e-30
cc-pvtz-dk,1.2441220610305153,996.559761164455,5.087316596765138e-31,8.368672787321127e-31,1.580100419108011e-30,3.561438557634282e-30
cc-pvtz-dk,1.2461230615307652,994.959504623043,1.1321076549642414e-31,2.5675262438259605e-31,6.832507766921025e-31,2.1510584733794367e-30
cc-pvtz-dk,1.2481240620310154,993.3643791647295,1.1201882405185305e-31,2.5404940006764625e-31,6.760571594225469e-31,2.1284110181407585e-30
cc-pvtz-dk,1.2501250625312657,991.7743601504601,8.914382076070971e-32,2.0217079027282877e-31,5.380017042105444e-31,1.693775058899315e-30
cc-pvtz-dk,1.2521260630315156,990.1894230986816,4.856343888234816e-32,1.1013785064884607e-31,2.930905659873123e-31,9.22728472387363e-31
cc-pvtz-dk,1.2541270635317658,988.6095436840845,9.949614056214902e-31,9.89563220146975e-31,9.79311744466336e-31,9.584301041431847e-31
cc-pvtz-dk,1.256128064032016,987.0346977363599,3.286372024618704e-30,3.2685417393162606e-30,3.2346809657248806e-30,3.165708603381551e-30
cc-pvtz-dk,1.258129064532266,985.4648612389663,4.9830908409490634e-30,4.956054969563681e-30,4.904712239803731e-30,4.800130182599923e-30
cc-pvtz-dk,1.2601300650325162,983.9000103279078,5.7473831761966395e-30,5.716200619563863e-30,5.6569830875820165e-30,5.5363605311626516e-30
cc-pvtz-dk,1.2621310655327664,982.340121290527,5.879898164088532e-30,6.085190711807279e-30,6.468081256819137e-30,7.220867504142731e-30
cc-pvtz-dk,1.2641320660330164,980.7851705643055,4.904709958225231e-30,5.323095301673364e-30,6.1045534989211264e-30,7.645422255171137e-30
cc-pvtz-dk,1.2661330665332666,979.2351347356775,2.9679717776484245e-30,3.5226211573960155e-30,4.559156318456785e-30,6.605213006739847e-30
cc-pvtz-dk,1.2681340670335168,977.6899905388559,1.1514007621346241e-30,1.7337682668190065e-30,2.8224167429696474e-30,4.972581393904401e-30
cc-pvtz-dk,1.2701350675337668,976.1497148546672,1.0158764570827628e-30,1.5688088018836964e-30,2.674131415679028e-30,5.14074544896283e-30
cc-pvtz-dk,1.272136068034017,974.6142847093982,6.8627651449383115e-31,1.1083991622667801e-30,2.035001583959007e-30,4.408855934528192e-30
cc-pvtz-dk,1.2741370685342672,973.0836772736551,2.179937772284436e-31,4.254138150259328e-31,9.912674602538189e-31,2.8131804273607622e-30
cc-pvtz-dk,1.2761380690345172,971.5578698612309,1.3250868467474282e-31,3.0051870415804855e-31,7.997177770635835e-31,2.5177281305016218e-30
cc-pvtz-dk,1.2781390695347674,970.0368399279843,1.1200901386244235e-31,2.540271513718986e-31,6.759979528664834e-31,2.128224619868785e-30
cc-pvtz-dk,1.2801400700350176,968.5205650707306,6.941101589663883e-32,1.5741842583943149e-31,4.189100772740939e-31,1.3188423665862037e-30
cc-pvtz-dk,1.2821410705352676,967.0090230261412,4.645303085292471e-31,4.779063968816268e-31,5.202796744866897e-31,6.726507791820732e-31
cc-pvtz-dk,1.2841420710355178,965.5021916696531,3.1246296487954186e-30,3.1076769003892317e-30,3.0754826216215834e-30,3.0099048091551336e-30
cc-pvtz-dk,1.2861430715357678,964.0000490143913,5.2410557061458376e-30,5.21262024058487e-30,5.1586195981389785e-30,5.048623532411206e-30
cc-pvtz-dk,1.288144072036018,962.502573210097,6.38287643085601e-30,6.348245991283177e-30,6.282480724275087e-30,6.148520824822503e-30
cc-pvtz-dk,1.290145072536268,961.0097425420706,6.711695511324829e-30,6.879252324407476e-30,7.191457033574511e-30,7.804061698390418e-30
cc-pvtz-dk,1.2921460730365182,959.52153543012,5.919087311027371e-30,6.344979461449193e-30,7.14031109840725e-30,8.707950627673416e-30
cc-pvtz-dk,1.2941470735367684,958.0379304275222,3.971687421524127e-30,4.578603238109359e-30,5.712699049687759e-30,7.950877733834855e-30
cc-pvtz-dk,1.2961480740370184,956.5589062199923,1.3316817499073655e-30,2.0052336557524726e-30,3.264337657965011e-30,5.75116511119451e-30
cc-pvtz-dk,1.2981490745372686,955.0844416246628,1.2227052611004971e-30,1.874718618216941e-30,3.155118944925042e-30,5.9274311978480245e-30
cc-pvtz-dk,1.3001500750375188,953.6145155890727,8.973584948404626e-31,1.4293496146877087e-30,2.5670270472663163e-30,5.380280233229284e-30
cc-pvtz-dk,1.3021510755377688,952.1491071901652,3.9241748996684728e-31,6.9941014630721855e-31,1.4722078019846583e-30,3.7851316269825e-30
cc-pvtz-dk,1.304152076038019,950.688195633295,1.5558991514684512e-31,3.5286502009104165e-31,9.390178566798762e-31,2.956282504419423e-30
cc-pvtz-dk,1.3061530765382692,949.2317602512446,1.3898707058387909e-31,3.1521114596462307e-31,8.388161983552258e-31,2.640820548811519e-30
cc-pvtz-dk,1.3081540770385192,947.7797805032504,9.512931424641031e-32,2.1574539295252805e-31,5.7412541607714804e-31,1.8075022863702784e-30
cc-pvtz-dk,1.3101550775387694,946.3322359740358,3.190214441215656e-32,7.235141698174002e-32,1.925361501812129e-31,6.061559406990438e-31
cc-pvtz-dk,1.3121560780390196,944.8891063728554,2.839172567317534e-30,2.8237685727244348e-30,2.7945154696768728e-30,2.7349286555239657e-30
cc-pvtz-dk,1.3141570785392696,943.4503715325466,5.4342017182592646e-30,5.404718334667346e-30,5.3487276334766565e-30,5.23467793759598e-30
cc-pvtz-dk,1.3161580790395198,942.0160114085899,7.026411445329158e-30,6.988289492067612e-30,6.915893632643336e-30,6.768427614630114e-30
cc-pvtz-dk,1.31815907953977,940.5860060781782,7.592540267007672e-30,7.705795123812595e-30,7.91633289128704e-30,8.32751431550519e-30
cc-pvtz-dk,1.32016008004002,939.1603357392952,7.054320845994565e-30,7.477476945890653e-30,8.267512036774374e-30,9.823971152645746e-30
cc-pvtz-dk,1.3221610805402702,937.7389807097994,5.146083607575188e-30,5.8035157968224724e-30,7.031873004966649e-30,9.455547585384883e-30
cc-pvtz-dk,1.3241620810405204,936.3219214265205,2.2118403721274485e-30,2.9811046330461435e-30,4.4190183006918055e-30,7.258572905311056e-30
cc-pvtz-dk,1.3261630815407703,934.9091384443606,1.4568661189878662e-30,2.2186458869816834e-30,3.688344525445751e-30,6.771688287015196e-30
cc-pvtz-dk,1.3281640820410205,933.5006124354048,1.1471478729306007e-30,1.8069570898257675e-30,3.186278866284467e-30,6.487504983894414e-30
cc-pvtz-dk,1.3301650825412707,932.0963241880405,6.096412809812832e-31,1.0381019721915927e-30,2.0592276216317237e-30,4.9466932924918445e-30
cc-pvtz-dk,1.3321660830415207,930.6962546060834,1.8146715891404794e-31,4.115524622250441e-31,1.0951924645015205e-30,3.4479624628497454e-30
cc-pvtz-dk,1.334167083541771,929.3003847079115,1.707572778116762e-31,3.8726334035750953e-31,1.0305560798839579e-30,3.244469620158291e-30
cc-pvtz-dk,1.336168084042021,927.9086956256084,1.2675441597619446e-31,2.8746850011361454e-31,7.649895554113554e-31,2.4083942841325196e-30
cc-pvtz-dk,1.3381690845422711,926.5211686041121,5.721461445860403e-32,1.297579991696903e-31,3.4530222983268453e-31,1.0871049294000678e-30
cc-pvtz-dk,1.340170085042521,925.1377850003734,2.39996350207535e-30,2.3869424461398414e-30,2.3622146855081824e-30,2.3118457220932407e-30
cc-pvtz-dk,1.3421710855427713,923.7585262825196,5.538084388748781e-30,5.508037387392674e-30,5.450976342504081e-30,5.334746420788801e-30
cc-pvtz-dk,1.3441720860430215,922.3833740290286,7.664107977857806e-30,7.622526187722594e-30,7.543559892040278e-30,7.382710289947967e-30
cc-pvtz-dk,1.3461730865432715,921.0123099279078,8.513807708395648e-30,8.551982890868381e-30,8.62199989911565e-30,8.754967400282625e-30
cc-pvtz-dk,1.3481740870435217,919.6453157758813,8.317246363145766e-30,8.723872197884437e-30,9.482799818825676e-30,1.0977002231505849e-29
cc-pvtz-dk,1.350175087543772,918.2823734775842,6.512528766566721e-30,7.21655962207153e-30,8.531822800300441e-30,1.1126339745709899e-29
cc-pvtz-dk,1.352176088044022,916.9234650447651,3.418702592403474e-30,4.2900944588530576e-30,5.91876005769753e-30,9.134430677837461e-30
cc-pvtz-dk,1.354177088544272,915.5685725954932,1.7207087692153757e-30,2.6031402145942387e-30,4.2749190944513334e-30,7.664619865793352e-30
cc-pvtz-dk,1.3561780890445223,914.217678353375,1.4416310598207606e-30,2.2494905582666217e-30,3.903926628218175e-30,7.74202604532925e-30
cc-pvtz-dk,1.3581790895447723,912.8707646467772,8.782207298546605e-31,1.4540270861570997e-30,2.7716762030392975e-30,6.32816621471055e-30
cc-pvtz-dk,1.3601800900450225,911.5278139080543,2.10322040194383e-31,4.769929392193302e-31,1.2693377408778211e-30,3.9962189524534924e-30
cc-pvtz-dk,1.3621810905452727,910.1888086727872,2.0812330218106957e-31,4.720063838085214e-31,1.2560678945981728e-30,3.9544418828122776e-30
cc-pvtz-dk,1.3641820910455227,908.8537315790246,1.6557576124084472e-31,3.755120906242418e-31,9.992845377656825e-31,3.1460183370513405e-30
cc-pvtz-dk,1.3661830915457729,907.5225653665324,8.9958876868546e-32,2.0401926990979972e-31,5.429207392182565e-31,1.7092615132073753e-30
cc-pvtz-dk,1.368184092046023,906.1952928760511,1.77044275407908e-30,1.760837177114453e-30,1.742595614441911e-30,1.705438646749967e-30
cc-pvtz-dk,1.370185092546273,904.8718970485578,5.5220286366241315e-30,5.492068746112135e-30,5.435173129904003e-30,5.319280176476226e-30
cc-pvtz-dk,1.3721860930465233,903.5523609245352,8.277399141398431e-30,8.232489926267667e-30,8.147204652369047e-30,7.97348367112769e-30
cc-pvtz-dk,1.3741870935467735,902.2366676432471,9.485314273231153e-30,9.433851487396777e-30,9.336120592463715e-30,9.137048628579905e-30
cc-pvtz-dk,1.3761880940470235,900.924800442021,9.71353805626117e-30,1.008524984157356e-29,1.0778677206359289e-29,1.2142587485724774e-29
cc-pvtz-dk,1.3781890945472737,899.6167426555353,8.09471783593728e-30,8.838471343379631e-30,1.0227750241739634e-29,1.2967505686595746e-29
cc-pvtz-dk,1.3801900950475237,898.3124777151141,4.883515032807385e-30,5.863339520356839e-30,7.694504178728029e-30,1.1309337487716872e-29
cc-pvtz-dk,1.3821910955477739,897.0119891480275,2.024530141232661e-30,3.0485181437437553e-30,4.9627097316387456e-30,8.743385659245472e-30
cc-pvtz-dk,1.3841920960480238,895.7152605767981,1.7877534229455736e-30,2.7663859298693457e-30,4.732187774107552e-30,9.15414363632825e-30
cc-pvtz-dk,1.386193096548274,894.4222757185132,1.2085607180125483e-30,1.962329861513605e-30,3.632598572809661e-30,7.964407216892046e-30
cc-pvtz-dk,1.3881940970485243,893.1330183841441,3.8338285177041494e-31,7.619461492235397e-31,1.808112961891371e-30,5.2128943864716705e-30
cc-pvtz-dk,1.3901950975487742,891.8474724778698,2.5203891369070503e-31,5.716033475515286e-31,1.5211078450065538e-30,4.7888594210845074e-30
cc-pvtz-dk,1.3921960980490244,890.5656219964068,2.1321331570195483e-31,4.83550112215441e-31,1.2867871965679843e-30,4.051154564381964e-30
cc-pvtz-dk,1.3941970985492746,889.2874510283458,1.3212552394317438e-31,2.996497274051827e-31,7.974053214742756e-31,2.5104478940798252e-30
cc-pvtz-dk,1.3961980990495246,888.0129437534933,9.292890935769709e-31,9.540826780313365e-31,1.0330200452554975e-30,1.3177952920109638e-30
cc-pvtz-dk,1.3981990995497748,886.7420844422182,5.3473992455239386e-30,5.318386810699302e-30,5.263290469262909e-30,5.151062530492185e-30
cc-pvtz-dk,1.400200100050025,885.4748574548053,8.84158737130342e-30,8.793617140247457e-30,8.702518814821914e-30,8.51695699671506e-30
cc-pvtz-dk,1.402201100550275,884.2112472408135,1.0694564726046596e-29,1.0636541124694595e-29,1.052635085039385e-29,1.0301899878969012e-29
cc-pvtz-dk,1.4042021010505252,882.9512383384396,1.1246949085270928e-29,1.1559390303354981e-29,1.2141757016760084e-29,1.328527303029123e-29
cc-pvtz-dk,1.4062031015507754,881.6948153738882,9.918859853131715e-30,1.0691420226515786e-29,1.2134267395757651e-29,1.4978709858250317e-29
cc-pvtz-dk,1.4082041020510254,880.441963060746,6.650437733407329e-30,7.743761608702621e-30,9.7868503016423e-30,1.3819277148440326e-29
cc-pvtz-dk,1.4102051025512756,879.1926661993614,2.3876287689683806e-30,3.5952685882428644e-30,5.852769630826806e-30,1.0311508192952594e-29
cc-pvtz-dk,1.4122061030515258,877.9469096762308,2.1935814590015003e-30,3.368375117557614e-30,5.684183708063482e-30,1.0731444740711857e-29
cc-pvtz-dk,1.4142071035517758,876.7046784633887,1.6134017034651187e-30,2.581408570564465e-30,4.669528215110657e-30,9.895293543355629e-30
cc-pvtz-dk,1.416208104052026,875.4659576178028,7.083953991870533e-31,1.2781002887583422e-30,2.730621194286886e-30,7.131915359396876e-30
cc-pvtz-dk,1.4182091045522762,874.2307322807759,3.036381972056617e-31,6.886262419788718e-31,1.832520371754849e-30,5.769270387642818e-30
cc-pvtz-dk,1.4202101050525262,872.9989876773511,2.717233042187487e-31,6.162459122871832e-31,1.6399072812441022e-30,5.1628722179505044e-30
cc-pvtz-dk,1.4222111055527764,871.7707091157228,1.8632240561665238e-31,4.225637589639395e-31,1.1244948993542471e-30,3.540214463038851e-30
cc-pvtz-dk,1.4242121060530266,870.5458819866525,6.259320056352972e-32,1.4195618625774648e-31,3.7776312803067355e-31,1.1893006275306203e-30
cc-pvtz-dk,1.4262131065532766,869.3244917628901,4.9652855375396835e-30,4.9383462692282396e-30,4.88718699445846e-30,4.78297862405249e-30
cc-pvtz-dk,1.4282141070535268,868.1065239985988,9.323869802266884e-30,9.273282937039251e-30,9.177215467499891e-30,8.98153180124832e-30
cc-pvtz-dk,1.4302151075537768,866.8919643287863,1.1966821075399783e-29,1.1901894818622018e-29,1.1778595990611309e-29,1.1527443682495479e-29
cc-pvtz-dk,1.432216108054027,865.680798468739,1.291817562301027e-29,1.3139151886001616e-29,1.3550243250952956e-29,1.4354309278971943e-29
cc-pvtz-dk,1.434217108554277,864.4730122134636,1.2013793733275229e-29,1.2798709554986357e-29,1.4264323170266127e-29,1.71524253899655e-29
cc-pvtz-dk,1.4362181090545272,863.2685914371299,8.771645801801255e-30,9.981486148968274e-30,1.2242083311036312e-29,1.6702913722211156e-29
cc-pvtz-dk,1.4382191095547774,862.0675220925217,3.771028773839329e-30,5.181292158388345e-30,7.81741074977717e-30,1.3023328372926028e-29
cc-pvtz-dk,1.4402201100550274,860.8697902104898,2.6684783208947224e-30,4.067578808529192e-30,6.773563413955277e-30,1.2476256665111185e-29
cc-pvtz-dk,1.4422211105552776,859.6753818994104,2.108456557666781e-30,3.3337440606378535e-30,5.915435560029522e-30,1.2165963696565596e-29
cc-pvtz-dk,1.4442221110555278,858.4842833446484,1.1277099530982533e-30,1.938536421530026e-30,3.895026509509454e-30,9.502179469128379e-30
cc-pvtz-dk,1.4462231115557778,857.296480808025,3.642695102782517e-31,8.261330301618559e-31,2.198443096215339e-30,6.92129421828316e-30
cc-pvtz-dk,1.448224112056028,856.1119606272883,3.4374500277358463e-31,7.795851498178261e-31,2.074573377356936e-30,6.53131879866418e-30
cc-pvtz-dk,1.4502251125562782,854.9307092155915,2.560112287015836e-31,5.806122284600291e-31,1.5450816014293401e-30,4.864335298538516e-30
cc-pvtz-dk,1.4522261130565282,853.7527130609714,1.1624300433602874e-31,2.6362949052169047e-31,7.015509757340501e-31,2.208672455765659e-30
cc-pvtz-dk,1.4542271135567784,852.5779587258342,4.313370042295361e-30,4.289967756159464e-30,4.245525421170032e-30,4.154999053720023e-30
cc-pvtz-dk,1.4562281140570286,851.4064328464444,9.680634619025629e-30,9.628112118264031e-30,9.528368761577645e-30,9.325197533957944e-30
cc-pvtz-dk,1.4582291145572785,850.2381221324185,1.3286420923861434e-29,1.3214335148439138e-29,1.3077439968169688e-29,1.2798592707013094e-29
cc-pvtz-dk,1.4602301150575288,849.0730133662213,1.4723152695928645e-29,1.4810083685248595e-29,1.497026744248449e-29,1.527746619738781e-29
cc-pvtz-dk,1.462231115557779,847.9110934026684,1.4410982432277806e-29,1.5184171572449753e-29,1.6627477916048374e-29,1.9469995188316533e-29
cc-pvtz-dk,1.464232116058029,846.7523491684318,1.1309086039298502e-29,1.2635208421468342e-29,1.5112809353087937e-29,2.000078372619807e-29
cc-pvtz-dk,1.4662331165582791,845.5967676615489,5.958677679931904e-30,7.594093464257714e-30,1.0650822713812722e-29,1.668637992966494e-29
cc-pvtz-dk,1.4682341170585294,844.4443359509369,3.223276402907784e-30,4.877505830471765e-30,8.013701452275477e-30,1.4381373855001683e-29
cc-pvtz-dk,1.4702351175587793,843.2950411759101,2.7132486191546077e-30,4.246958148089282e-30,7.409825147432572e-30,1.4826515741558588e-29
cc-pvtz-dk,1.4722361180590295,842.1488705457016,1.6660118383223695e-30,2.7800778533103994e-30,5.3602050935572045e-30,1.242359917735815e-29
cc-pvtz-dk,1.4742371185592795,841.0058113389888,4.355302844320085e-31,9.877465542757836e-31,2.628516853554015e-30,8.27528287290328e-30
cc-pvtz-dk,1.4762381190595297,839.8658509034225,4.327074569468039e-31,9.813446157160754e-31,2.6114804960726688e-30,8.221647806005603e-30
cc-pvtz-dk,1.47823911955978,838.7289766551606,3.458550339019869e-31,7.843705253726215e-31,2.0873078589321078e-30,6.571410395235777e-30
cc-pvtz-dk,1.48024012006003,837.5951760784048,1.8940520504988448e-31,4.295552923349643e-31,1.1431002422110474e-30,3.598789120788981e-30
cc-pvtz-dk,1.4822411205602801,836.4644367249409,3.3116379087091244e-30,3.293670542784532e-30,3.259549444928473e-30,3.1900468176914074e-30
cc-pvtz-dk,1.48424212106053,835.3367462136839,9.853679150498885e-30,9.800217792741463e-30,9.698691490710624e-30,9.491888510496602e-30
cc-pvtz-dk,1.4862431215607803,834.2120922302255,1.4629263449004664e-29,1.4549892051272964e-29,1.439916104037566e-29,1.409213102312195e-29
cc-pvtz-dk,1.4882441220610305,833.0904625263865,1.6676442191871044e-29,1.6585963779846084e-29,1.6414139887377855e-29,1.606414493706824e-29
cc-pvtz-dk,1.4902451225612805,831.9718449197718,1.7144223629833708e-29,1.7870997952071067e-29,1.9227088237667509e-29,2.1895565530774285e-29
cc-pvtz-dk,1.4922461230615307,830.8562272933289,1.4336653333585342e-29,1.5773775840210476e-29,1.8458426972415515e-29,2.3753570565832664e-29
cc-pvtz-dk,1.494247123561781,829.7435975949112,8.698937403170218e-30,1.0585691151060042e-29,1.4111901158194e-29,2.1073304334327562e-29
cc-pvtz-dk,1.496248124062031,828.6339438368439,3.890322747866239e-30,5.858010824510793e-30,9.536307791543344e-30,1.680122781615881e-29
cc-pvtz-dk,1.498249124562281,827.5272540954925,3.4522186285350645e-30,5.355155728905571e-30,9.199922127634013e-30,1.793053273951216e-29
cc-pvtz-dk,1.5002501250625313,826.4235165108369,2.3554008831251328e-30,3.850301205468954e-30,7.201273735983204e-30,1.6020183369611442e-29
cc-pvtz-dk,1.5022511255627813,825.3227192860472,7.750280938285537e-31,1.5627983704305966e-30,3.7609301285205835e-30,1.0971291723746614e-29
cc-pvtz-dk,1.5042521260630315,824.2248506870635,5.431250947491889e-31,1.2317626582014855e-30,3.277874159768634e-30,1.0319635522667268e-29
cc-pvtz-dk,1.5062531265632817,823.1298990421786,4.622392243762658e-31,1.0483202143433133e-30,2.7897109227003185e-30,8.782765454883454e-30
cc-pvtz-dk,1.5082541270635317,822.0378527416252,2.8915451075050365e-31,6.557784426393828e-31,1.745108278245383e-30,5.494073445562934e-30
cc-pvtz-dk,1.5102551275637819,820.9487002371645,1.911073213276733e-30,1.9702890691372703e-30,2.1570330831672276e-30,2.826585211580788e-30
cc-pvtz-dk,1.512256128064032,819.8624300416803,9.764878395062703e-30,9.711898827800283e-30,9.611287474610304e-30,9.406348190239125e-30
cc-pvtz-dk,1.514257128564282,818.7790307287744,1.5959195662974247e-29,1.5872608688116663e-29,1.570817486656622e-29,1.5373233046915578e-29
cc-pvtz-dk,1.5162581290645323,817.6984909323655,1.920210955824143e-29,1.909792808113921e-29,1.8900081252065154e-29,1.8497079142661236e-29
cc-pvtz-dk,1.5182591295647825,816.6207993462931,2.02488657880107e-29,2.0879640203601453e-29,2.205574769807484e-29,2.4366667522335882e-29
cc-pvtz-dk,1.5202601300650325,815.5459447239223,1.794287418894624e-29,1.9477953036408676e-29,2.234517458001393e-29,2.799875674212582e-29
cc-pvtz-dk,1.5222611305652824,814.4739158777522,1.211796051412968e-29,1.4283469827252852e-29,1.8330314070448875e-29,2.631820140431664e-29
cc-pvtz-dk,1.5242621310655329,813.4047016790284,4.720752523731969e-30,7.108464046852226e-30,1.1571931685797745e-29,2.0387624306602784e-29
cc-pvtz-dk,1.5262631315657829,812.3382910573582,4.356186045567431e-30,6.700594871535493e-30,1.1341760413766059e-29,2.1531177114340642e-29
cc-pvtz-dk,1.5282641320660328,811.2746730003273,3.2381011092826756e-30,5.211313773512453e-30,9.514807825502484e-30,2.0445905271620996e-29
cc-pvtz-dk,1.530265132566283,810.213836553122,1.4634982399010195e-30,2.674500446019298e-30,5.8013078283057854e-30,1.5389616797014883e-29
cc-pvtz-dk,1.5322661330665333,809.1557708181521,6.810275075852598e-31,1.5445138903753525e-30,4.110144220524795e-30,1.2939847057584137e-29
cc-pvtz-dk,1.5342671335667832,808.1004649546788,6.140712849045499e-31,1.3926627319043787e-30,3.706049336523596e-30,1.1667646931462999e-29
cc-pvtz-dk,1.5362681340670334,807.0479081784434,4.256486065664744e-31,9.653357286431325e-31,2.568878849632377e-30,8.08752628623366e-30
cc-pvtz-dk,1.5382691345672836,805.9980897613008,1.4840970481499961e-31,3.365808987158656e-31,8.956837774115838e-31,2.8198550877577922e-30
cc-pvtz-dk,1.5402701350675336,804.9509990308542,9.308536680210406e-30,9.258033005181204e-30,9.162123518782678e-30,8.966761654701529e-30
cc-pvtz-dk,1.5422711355677838,803.906625370094,1.7222675320605703e-29,1.7129233308460606e-29,1.695178136288042e-29,1.6590322406366767e-29
cc-pvtz-dk,1.544272136068034,802.8649582170391,2.1985092844023628e-29,2.1865812228538502e-29,2.1639291236514378e-29,2.1177881579168694e-29
cc-pvtz-dk,1.546273136568284,801.8259870643805,2.3760087502184687e-29,2.4224084371813512e-29,2.508781376297139e-29,2.6779340522366925e-29
cc-pvtz-dk,1.5482741370685342,800.7897014591276,2.2234150110079274e-29,2.3842219539392402e-29,2.6845224636874584e-29,3.276437457183907e-29
cc-pvtz-dk,1.5502751375687844,799.7560910022587,1.6375099376261528e-29,1.8846940907731093e-29,2.3465844824681867e-29,3.2581291359652056e-29
cc-pvtz-dk,1.5522761380690344,798.7251453483725,7.213422398987819e-30,1.0093376533243156e-29,1.5476775387952516e-29,2.6108444848015354e-29
cc-pvtz-dk,1.5542771385692846,797.6968542053427,5.464266519126431e-30,8.335684178632214e-30,1.39006979602087e-29,2.567232758056663e-29
cc-pvtz-dk,1.5562781390695348,796.6712073339761,4.370344025059172e-30,6.945063303615301e-30,1.242583211731932e-29,2.5891115945299804e-29
cc-pvtz-dk,1.5582791395697848,795.6481945476726,2.399560964933988e-30,4.1720008992088626e-30,8.509625871745648e-30,2.1127194758837938e-29
cc-pvtz-dk,1.560280140070035,794.6278057120871,8.545955083813188e-31,1.9381517172888738e-30,5.1576636046822015e-30,1.6237721753358404e-29
cc-pvtz-dk,1.5622811405702852,793.6100307447965,8.14041216139413e-31,1.846177946796023e-30,4.912909922901329e-30,1.5467170882367138e-29
cc-pvtz-dk,1.5642821410705352,792.5948596149664,6.138032858113186e-31,1.392054932193657e-30,3.70443190563882e-30,1.1662554821027871e-29
cc-pvtz-dk,1.5662831415707852,791.5822823430215,2.8726022655289193e-31,6.514823632256395e-31,1.7336758747666284e-30,5.4580811434493136e-30
cc-pvtz-dk,1.5682841420710356,790.5722890003188,8.340242945496843e-30,8.294992769894114e-30,8.209059991754873e-30,8.034020083260351e-30
cc-pvtz-dk,1.5702851425712856,789.5648697088244,1.8340764740669624e-29,1.8241256509239536e-29,1.8052284451990896e-29,1.7667359719833096e-29
cc-pvtz-dk,1.5722861430715356,788.5600146407891,2.5030285589875618e-29,2.4894483212687092e-29,2.4636586411309374e-29,2.4111266114541622e-29
cc-pvtz-dk,1.574287143571786,787.5577140184301,2.7709483921562985e-29,2.790531682250428e-29,2.826703959027458e-29,2.896423960306447e-29
cc-pvtz-dk,1.576288144072036,786.5579581136146,2.733855933105311e-29,2.897624895513642e-29,3.203381983511746e-29,3.8057559320697595e-29
cc-pvtz-dk,1.578289144572286,785.5607372475436,2.167356582320529e-29,2.447740002903454e-29,2.9716174002450387e-29,4.005298422849013e-29
cc-pvtz-dk,1.5802901450725362,784.56604179044,1.1679144300320476e-29,1.5138957538704007e-29,2.1605786429265875e-29,3.437522047195901e-29
cc-pvtz-dk,1.5822911455727864,783.5738621612393,6.8263405120141e-30,1.0325159374267835e-29,1.6950223155367565e-29,3.036956118089721e-29
cc-pvtz-dk,1.5842921460730364,782.5841888272813,5.8280041235834045e-30,9.16084378537483e-30,1.6097026087223317e-29,3.258800186608735e-29
cc-pvtz-dk,1.5862931465732866,781.597012304005,3.671312956147672e-30,6.189748347541671e-30,1.2110268583650847e-29,2.859904053669291e-29
cc-pvtz-dk,1.5882941470735368,780.6123231546457,1.075120641215224e-30,2.438284424184263e-30,6.488579155232507e-30,2.0427804326296054e-29
cc-pvtz-dk,1.5902951475737868,779.630111989934,1.080669551547939e-30,2.450868892491151e-30,6.522067995962429e-30,2.053323626589005e-29
cc-pvtz-dk,1.592296148074037,778.6503694677976,8.760987642323274e-31,1.9869193176871882e-30,5.287440275630291e-30,1.664629385779329e-29
cc-pvtz-dk,1.5942971485742872,777.6730862930655,4.933661266574669e-31,1.1189134464847513e-30,2.977568323596716e-30,9.37419142580091e-30
cc-pvtz-dk,1.5962981490745372,776.6982532171733,6.66058335923145e-30,6.624739228847517e-30,6.556981918093787e-30,6.420181998816477e-30
cc-pvtz-dk,1.5982991495747874,775.7258610378716,1.9196917320308527e-29,1.9092764013809938e-29,1.8894970682389762e-29,1.849207754449406e-29
cc-pvtz-dk,1.6003001500750376,774.755900598937,2.833103213319788e-29,2.817732148143252e-29,2.788541580018706e-29,2.729082145748535e-29
cc-pvtz-dk,1.6023011505752875,773.7883627898844,3.2205504798269113e-29,3.20307731079551e-29,3.169894722269282e-29,3.1023037821761923e-29
cc-pvtz-dk,1.6043021510755378,772.8232385456813,3.340999877616437e-29,3.500523172050246e-29,3.7982454554978786e-29,4.384361867392527e-29
cc-pvtz-dk,1.606303151575788,771.8605188464652,2.827505749364128e-29,3.143074612704988e-29,3.7326317172519197e-29,4.8956627825630424e-29
cc-pvtz-dk,1.608304152076038,770.9001947172628,1.754008433774088e-29,2.1691747010600028e-29,2.945116781975009e-29,4.4770737047596097e-29
cc-pvtz-dk,1.6103051525762881,769.9422572277105,8.585467438850909e-30,1.2927914841476496e-29,2.1045467262597066e-29,3.707825897670412e-29
cc-pvtz-dk,1.6123061530765384,768.9866974917777,7.714865699756192e-30,1.2005897968526262e-29,2.0740309418055622e-29,4.081073346511701e-29
cc-pvtz-dk,1.6143071535767883,768.033506667493,5.4041781728869105e-30,8.917919556750181e-30,1.6916868196461598e-29,3.837214956982692e-29
cc-pvtz-dk,1.6163081540770383,767.0826759566698,1.9736415058595287e-30,4.007226366881566e-30,9.706661392878665e-30,2.8468520070948217e-29
cc-pvtz-dk,1.6183091545772887,766.1341966046367,1.4417557844929323e-30,3.26978251374019e-30,8.701299344064964e-30,2.739404669845905e-29
cc-pvtz-dk,1.6203101550775387,765.1880598999691,1.2474646660428071e-30,2.8291463751401454e-30,7.5287115870321e-30,2.370242289561752e-29
cc-pvtz-dk,1.6223111555777887,764.2442571742214,8.02230308095402e-31,1.8193917871640824e-30,4.841628609157678e-30,1.5242758003300635e-29
cc-pvtz-dk,1.6243121560780391,763.302779801663,4.171549803289615e-30,4.3813421198248624e-30,5.027891470325084e-30,7.310742122280815e-30
cc-pvtz-dk,1.6263131565782891,762.3636191990156,1.9617989403234932e-29,1.9511551560684058e-29,1.9309419759255363e-29,1.889768941849319e-29
cc-pvtz-dk,1.628314157078539,761.4267668251921,3.186032887400464e-29,3.1687469943427825e-29,3.135920054043023e-29,3.069053548029284e-29
cc-pvtz-dk,1.6303151575787893,760.4922141810371,3.825101709385265e-29,3.80434853406662e-29,3.7649370182749705e-29,3.6846581274119e-29
cc-pvtz-dk,1.6323161580790395,759.5599528090713,4.0631966758914335e-29,4.206720711325817e-29,4.4744145644609015e-29,5.0007471228325307e-29
cc-pvtz-dk,1.6343171585792895,758.6299742932354,3.6519907338276184e-29,4.0034322670282634e-29,4.659927754730769e-29,5.954692066095588e-29
cc-pvtz-dk,1.6363181590795397,757.7022702586365,2.5233394897680706e-29,3.021284112595533e-29,3.9518712884550126e-29,5.788882238395594e-29
cc-pvtz-dk,1.63831915957979,756.7768323712977,1.0900582548640166e-29,1.6413993054543115e-29,2.6720484912973803e-29,4.707660073421895e-29
cc-pvtz-dk,1.64032016008004,755.8536523379079,1.0174829422561508e-29,1.5680182364080743e-29,2.662976167594506e-29,5.085853150487065e-29
cc-pvtz-dk,1.64232116058029,754.9327219055741,7.780259449424366e-30,1.263040211469272e-29,2.3374301422622066e-29,5.122678750684327e-29
cc-pvtz-dk,1.6443221610805403,754.0140328615759,3.797580855215397e-30,7.034917252390656e-30,1.5500111622200402e-29,4.1763094094920827e-29
cc-pvtz-dk,1.6463231615807903,753.0975770331206,1.9404376424610742e-30,4.400751597853959e-30,1.1710949223958725e-29,3.6869239551358313e-29
cc-pvtz-dk,1.6483241620810405,752.1833462871016,1.7841802447439276e-30,4.0463727826666376e-30,1.0767902969603176e-29,3.390027456014195e-29
cc-pvtz-dk,1.6503251625812907,751.2713325298574,1.2728704424864166e-30,2.886764568496327e-30,7.682040790411706e-30,2.418514475031195e-29
cc-pvtz-dk,1.6523261630815407,750.3615277069331,4.903764378472517e-31,1.1121330802824373e-30,2.9595249229299144e-30,9.317385914242169e-30
cc-pvtz-dk,1.6543271635817909,749.4539238028424,1.934408515000329e-29,1.9239133381136126e-29,1.9039823722129207e-29,1.8633841916000284e-29
cc-pvtz-dk,1.656328164082041,748.5485128408335,3.555572795740863e-29,3.536281955602635e-29,3.4996475014013585e-29,3.425025318225252e-29
cc-pvtz-dk,1.658329164582291,747.6452868826545,4.532599530192554e-29,4.5080078095414436e-29,4.461306667576223e-29,4.36617924596609e-29
cc-pvtz-dk,1.6603301650825413,746.7442380283218,4.921910384005593e-29,5.0303367569950145e-29,5.232272792705281e-29,5.628143299671117e-29
cc-pvtz-dk,1.6623311655827915,745.8453584158891,4.685478024059354e-29,5.070842311831047e-29,5.790597162519981e-29,7.209694136662058e-29
cc-pvtz-dk,1.6643321660830415,744.9486402212203,3.536107144688784e-29,4.133315262679935e-29,5.249330397438147e-29,7.45206093856038e-29
cc-pvtz-dk,1.6663331665832914,744.0540756577604,1.6694779032652224e-29,2.3698894663394476e-29,3.6791581557249226e-29,6.264885196749299e-29
cc-pvtz-dk,1.6683341670835419,743.1616569763117,1.3409870204230842e-29,2.045597413437566e-29,3.4110684146007314e-29,6.299001411578258e-29
cc-pvtz-dk,1.6703351675837919,742.2713764648098,1.1069717062637911e-29,1.7729226618992747e-29,3.212235870246273e-29,6.823773140046071e-29
cc-pvtz-dk,1.6723361680840418,741.3832264481006,6.50031518292781e-30,1.1476661125241489e-29,2.387460017217062e-29,6.060158793818708e-29
cc-pvtz-dk,1.674337168584292,740.4971992877204,2.6464131607964222e-30,6.0018455069680126e-30,1.597165993563987e-29,5.0283110697399244e-29
cc-pvtz-dk,1.6763381690845423,739.6132873816771,2.5810188670162384e-30,5.853536673668594e-30,1.5576991621009016e-29,4.9040587964426716e-29
cc-pvtz-dk,1.6783391695847922,738.7314831642325,2.007956294237961e-30,4.553878298856947e-30,1.2118438485827719e-29,3.815212609822488e-29
cc-pvtz-dk,1.6803401700850424,737.8517791056862,1.0140922780724096e-30,2.299877159380577e-30,6.120260150103153e-30,1.9268236355183144e-29
cc-pvtz-dk,1.6823411705852926,736.9741677121617,1.7979503246250754e-29,1.7881955047180372e-29,1.769670520810367e-29,1.7319362410829414e-29
cc-pvtz-dk,1.6843421710855426,736.0986415253935,3.9293030333168654e-29,3.9079845113726195e-29,3.867499368672288e-29,3.785033564271423e-29
cc-pvtz-dk,1.6863431715857928,735.2251931225155,5.36168207296015e-29,5.332592146334158e-29,5.277348643352314e-29,5.164820945351097e-29
cc-pvtz-dk,1.688344172086043,734.3538151158518,5.941178407508758e-29,5.983236125099043e-29,6.060922458985272e-29,6.210664694168851e-29
cc-pvtz-dk,1.690345172586293,733.4845001527079,5.987025324249349e-29,6.399194472506204e-29,7.168857858679556e-29,8.685740660076274e-29
cc-pvtz-dk,1.6923461730865432,732.6172409151641,4.876618020894718e-29,5.592923619234778e-29,6.931397350651634e-29,9.572803890734362e-29
cc-pvtz-dk,1.6943471735867934,731.75203011987,2.788820801469104e-29,3.6815113772716333e-29,5.350098880426856e-29,8.645042118441344e-29
cc-pvtz-dk,1.6963481740870434,730.8888605178413,1.7705679062322414e-29,2.6700254634073904e-29,4.3586144129639773e-29,7.722132280256491e-29
cc-pvtz-dk,1.6983491745872936,730.0277248942563,1.568281732227424e-29,2.4815952962832991e-29,4.4090469191579095e-29,9.086443530407664e-29
cc-pvtz-dk,1.7003501750875438,729.1686160682553,1.0543996397814854e-29,1.8066799745901473e-29,3.614375015192024e-29,8.772038162047989e-29
cc-pvtz-dk,1.7023511755877938,728.3115268927417,3.678187002017339e-30,8.341822984738444e-30,2.2198632037573515e-29,6.988730517517269e-29
cc-pvtz-dk,1.704352176088044,727.4564502541825,3.806683122479568e-30,8.633241526137684e-30,2.29741331458185e-29,7.232879267421617e-29
cc-pvtz-dk,1.706353176588294,726.6033790724128,3.1965782477148634e-30,7.249574283384161e-30,1.9292021928579277e-29,6.073650942484472e-29
cc-pvtz-dk,1.7083541770885444,725.7523063004392,1.9263365046432832e-30,4.368771387088465e-30,1.1625845891921344e-29,3.660131121561882e-29
cc-pvtz-dk,1.7103551775887944,724.9032249242468,1.511821199130307e-29,1.5300372029178122e-29,1.5928352601757696e-29,1.8305358153468148e-29
cc-pvtz-dk,1.7123561780890446,724.0561279626058,4.283943026868271e-29,4.26070039766614e-29,4.2165612607015753e-29,4.126652489420082e-29
cc-pvtz-dk,1.7143571785892946,723.2110084668806,6.333952285726938e-29,6.299587285203397e-29,6.234326102756932e-29,6.101392993284272e-29
cc-pvtz-dk,1.7163581790895446,722.3678595208395,7.218838438189194e-29,7.179672467951822e-29,7.105293958118738e-29,6.953789400288127e-29
cc-pvtz-dk,1.7183591795897948,721.5266742404658,7.634976117624352e-29,8.056750104766199e-29,8.844108504328517e-29,1.0394913045130308e-28
cc-pvtz-dk,1.7203601800900448,720.6874457737715,6.665082246782947e-29,7.523805083533745e-29,9.128266105439261e-29,1.2294067751581197e-28
cc-pvtz-dk,1.7223611805902947,719.85016730061,4.3745776121270463e-29,5.521268994954472e-29,7.664500002183258e-29,1.1896217410012172e-28
cc-pvtz-dk,1.7243621810905452,719.014832032492,2.4050502378418833e-29,3.621501669623023e-29,5.895474696736732e-29,1.0386746697931744e-28
cc-pvtz-dk,1.7263631815907954,718.1814332124021,2.2257918290170914e-29,3.4806069089445e-29,6.062831382128905e-29,1.2098254049181908e-28
cc-pvtz-dk,1.7283641820910454,717.3499641146166,1.6695447512085587e-29,2.801991237259509e-29,5.446896933277069e-29,1.2758518325954443e-28
cc-pvtz-dk,1.7303651825912958,716.5204180445214,7.665557805475054e-30,1.5545045841434753e-29,3.761152901278256e-29,1.102069253064323e-28
cc-pvtz-dk,1.7323661830915458,715.6927883384349,5.7842454244424974e-30,1.311818877194628e-29,3.490913749675959e-29,1.0990341844076897e-28
cc-pvtz-dk,1.7343671835917955,714.8670683634267,5.2139372601692e-30,1.1824777167123108e-29,3.146720779612626e-29,9.906729164824856e-29
cc-pvtz-dk,1.736368184092046,714.043251517142,3.582449906646981e-30,8.124699194617241e-30,2.1620838534603968e-29,6.806825475792551e-29
cc-pvtz-dk,1.7383691845922964,713.2213312276258,1.0306579900737721e-29,1.1704184912575296e-29,1.5910127823729553e-29,3.0517659125538104e-29
cc-pvtz-dk,1.7403701850925462,712.4013009531475,4.576785365151023e-29,4.5519539132589776e-29,4.504797507391111e-29,4.408742740551537e-29
cc-pvtz-dk,1.7423711855927961,711.5831541820271,7.473171972299881e-29,7.43262610975537e-29,7.355627102257776e-29,7.198784748054955e-29
cc-pvtz-dk,1.7443721860930466,710.7668844324634,9.016043385265673e-29,8.967126639183909e-29,8.874230825358946e-29,8.685007631328174e-29
cc-pvtz-dk,1.7463731865932965,709.9524852523632,9.732637962534931e-29,1.0126834653075485e-28,1.0862298210660956e-28,1.2309249200597009e-28
cc-pvtz-dk,1.7483741870935467,709.1399502191701,9.076134642177981e-29,1.0103113743518696e-28,1.202177308604281e-28,1.5806829931117198e-28
cc-pvtz-dk,1.7503751875937972,708.3292729396969,6.642857414703419e-29,8.13161777476646e-29,1.0914041406263119e-28,1.6407209563783132e-28
cc-pvtz-dk,1.7523761880940472,707.520447049957,3.319104674900974e-29,4.9978761078161337e-29,8.136086855407194e-29,1.433429496801389e-28
cc-pvtz-dk,1.754377188594297,706.7134662149986,3.181121794295121e-29,4.9104592882618796e-29,8.363830429381124e-29,1.6056955470761265e-28
cc-pvtz-dk,1.7563781890945473,705.9083241287382,2.628814103451501e-29,4.3443368088864747e-29,8.258659921807777e-29,1.878705021968724e-28
cc-pvtz-dk,1.7583791895947973,705.105014513798,1.543600452772433e-29,2.918890705742982e-29,6.57970791924672e-29,1.8119945092104818e-28
cc-pvtz-dk,1.7603801900950473,704.3035311213413,9.200215412931656e-30,2.0865325323058816e-29,5.552523471647011e-29,1.748084754495174e-28
cc-pvtz-dk,1.7623811905952975,703.5038677309111,8.886210038631085e-30,2.015318718347122e-29,5.363014625084945e-29,1.6884222375857498e-28
cc-pvtz-dk,1.7643821910955475,702.7060181502694,6.792351182608959e-30,1.540448900081118e-29,4.0993267740334096e-29,1.2905790806600748e-28
cc-pvtz-dk,1.766383191595798,701.9099762152364,3.195033263534092e-30,7.246070387431304e-30,1.9282697624155923e-29,6.070715398944318e-29
cc-pvtz-dk,1.768384192096048,701.1157357895332,4.7295152635759484e-29,4.7038551721863867e-29,4.6551251305668586e-29,4.5558649622036866e-29
cc-pvtz-dk,1.7703851925962981,700.3232907646227,8.802268063197202e-29,8.754511159931329e-29,8.663817956682943e-29,8.479081348121896e-29
cc-pvtz-dk,1.772386193096548,699.5326350595541,1.1313743539304052e-28,1.12523605693806e-28,1.1135790654110656e-28,1.0898344737152143e-28
cc-pvtz-dk,1.7743871935967985,698.7437626208063,1.2412421451892313e-28,1.2700931077120416e-28,1.32383678596519e-28,1.4292378973216034e-28
cc-pvtz-dk,1.7763881940970483,697.9566674221346,1.236813640733237e-28,1.3587489238665495e-28,1.5865297986379863e-28,2.0357866402031726e-28
cc-pvtz-dk,1.7783891945972983,697.1713434644164,9.936221096577303e-29,1.1896538638228854e-28,1.5560090967631913e-28,2.279206726608807e-28
cc-pvtz-dk,1.7803901950975487,696.3877847754987,5.491835978434403e-29,7.848442863319485e-29,1.2253632277563608e-28,2.0953695860201693e-28
cc-pvtz-dk,1.782391195597799,695.6059854100477,4.5986030290770734e-29,6.983339969645705e-29,1.1549051569862946e-28,2.099297271313814e-28
cc-pvtz-dk,1.7843921960980489,694.8259394493973,4.180933569976406e-29,6.828366986093403e-29,1.2753983862207145e-28,2.8319431762507412e-28
cc-pvtz-dk,1.7863931965982993,694.0476410014,2.941685738526042e-29,5.372680700478685e-29,1.164596328404649e-28,3.087274120344295e-28
cc-pvtz-dk,1.7883941970985493,693.2710842002797,1.5783354509619734e-29,3.5795338668863147e-29,9.525586352337761e-29,2.998912542230045e-28
cc-pvtz-dk,1.7903951975987993,692.4962632064822,1.635751719099123e-29,3.7097491998701167e-29,9.872105604525915e-29,3.108006186765239e-28
cc-pvtz-dk,1.7923961980990495,691.7231722065308,1.3715141285351437e-29,3.1104802651504895e-29,8.277376179347784e-29,2.605942177502828e-28
cc-pvtz-dk,1.7943971985993,690.9518054128797,8.069613379416393e-30,1.8301213703775466e-29,4.8701813691608546e-29,1.533264982404697e-28
cc-pvtz-dk,1.7963981990995497,690.1821570637705,4.620998505968976e-29,4.627210587583844e-29,4.6724064312207956e-29,4.8944693354474644e-29
cc-pvtz-dk,1.7983991995997997,689.4142214230876,1.033487020392096e-28,1.0278798133285254e-28,1.017231393202935e-28,9.955412008833718e-29
cc-pvtz-dk,1.80040020010005,688.6479927802167,1.4293737794590377e-28,1.4216186798839852e-28,1.406891283971061e-28,1.376892462929994e-28
cc-pvtz-dk,1.8024012006003,687.8834654499028,1.582898129665422e-28,1.5845506961464547e-28,1.5873879993405728e-28,1.59199572514407e-28
cc-pvtz-dk,1.80440220110055,687.1206337721098,1.6929017993729777e-28,1.8349438930015336e-28,2.1002450288506956e-28,2.6233447236507793e-28
cc-pvtz-dk,1.8064032016008003,686.3594921118804,1.4819105631790246e-28,1.7448562998850526e-28,2.2362403868491816e-28,3.2061551397967105e-28
cc-pvtz-dk,1.8084042021010507,685.6000348591976,9.766170446208252e-29,1.3161412877225519e-28,1.9507821076685408e-28,3.2040540847821203e-28
cc-pvtz-dk,1.8104052026013007,684.8422564288477,6.954233484810496e-29,1.0471618338745602e-28,1.7046840394356442e-28,3.0033410757281057e-28
cc-pvtz-dk,1.8124062031015509,684.0861512602814,6.876947190977514e-29,1.1167272427150106e-28,2.0675986999824307e-28,4.534275460927972e-28
cc-pvtz-dk,1.8144072036018009,683.33171381748,5.734951667784723e-29,1.0371936577844017e-28,2.222303003353725e-28,5.821610836021961e-28
cc-pvtz-dk,1.8164082041020508,682.5789385888186,3.454866675368405e-29,7.625834288258813e-29,1.9865588926764166e-28,6.160794225745919e-28
cc-pvtz-dk,1.818409204602301,681.8278200869325,3.544492461220544e-29,8.03861485727209e-29,2.139175736944145e-28,6.734704521345905e-28
cc-pvtz-dk,1.820410205102551,681.0783528485848,3.2197643207784183e-29,7.302158373617012e-29,1.9431954755282172e-28,6.11770558579428e-28
cc-pvtz-dk,1.8224112056028015,680.330531434532,2.167327585907801e-29,4.915319167205886e-29,1.3080277745003835e-28,4.118025655787328e-28
cc-pvtz-dk,1.8244122061030514,679.584350429394,4.385530929710959e-29,4.9812942454668196e-29,6.774134506258655e-29,1.3000680607559729e-28
cc-pvtz-dk,1.8264132066033016,678.8398044415228,1.2053065290347495e-28,1.1987671113642624e-28,1.1863483677825485e-28,1.161052132897208e-28
cc-pvtz-dk,1.8284142071035516,678.0968881028728,1.822335339539346e-28,1.8124482181856766e-28,1.7936719859522394e-28,1.7554259284735986e-28
cc-pvtz-dk,1.830415207603802,677.3555960688711,2.111665586662189e-28,2.10020869754815e-28,2.078451382857348e-28,2.0341330394378735e-28
cc-pvtz-dk,1.832416208104052,676.6159230182909,2.334357911922265e-28,2.4916633308827215e-28,2.785399470742105e-28,3.364274997741036e-28
cc-pvtz-dk,1.8344172086043018,675.8778636531225,2.2269499326228403e-28,2.5885641034972426e-28,3.2643062822968102e-28,4.597995652759954e-28
cc-pvtz-dk,1.8364182091045522,675.1414126984473,1.6879463047406409e-28,2.1970603468461e-28,3.1486638237382334e-28,5.027724340602229e-28
cc-pvtz-dk,1.8384192096048027,674.4065649023128,1.117200877404494e-28,1.6822704071475934e-28,2.7385829203386836e-28,4.82488155204618e-28
cc-pvtz-dk,1.8404202101050524,673.6733150356075,1.4582966198551442e-28,2.5391050878677575e-28,5.188689639321817e-28,1.290975802258819e-27
cc-pvtz-dk,1.8424212106053024,672.941657891936,1.7436319706265034e-28,3.427062193594152e-28,8.043305958844542e-28,2.2970857453270236e-27
cc-pvtz-dk,1.8444222111055528,672.2115882874965,1.9250076566092084e-28,4.201251681901256e-28,1.084423221411997e-27,3.3406987551579595e-27
cc-pvtz-dk,1.8464232116058028,671.483101060959,2.3592221237747628e-28,5.350520059859368e-28,1.4238401634243988e-27,4.4826344188002395e-27
cc-pvtz-dk,1.848424212106053,670.7561910733423,2.9370649559923623e-28,6.661019666517596e-28,1.7725804640375144e-27,5.580563326067013e-27
cc-pvtz-dk,1.8504252126063034,670.0308532078939,3.38721181996958e-28,7.68191541063653e-28,2.0442535625182973e-27,6.435863810766905e-27
cc-pvtz-dk,1.8524262131065534,669.3070823699702,3.882061982164841e-28,8.538996184835343e-28,2.2377104140430866e-27,7.00044309157655e-27
cc-pvtz-dk,1.8544272136068032,668.5848734869166,5.173696493901093e-28,9.97002684552723e-28,2.4229159853138027e-27,7.33224871571252e-27
cc-pvtz-dk,1.8564282141070536,667.8642215079493,6.107067296037211e-28,1.085745737844825e-27,2.49857068693952e-27,7.364256654969212e-27
cc-pvtz-dk,1.8584292146073036,667.1451214040377,6.540285657033739e-28,1.1133131575078797e-27,2.4796507717930365e-27,7.18615235893825e-27
cc-pvtz-dk,1.8604302151075536,666.4275681677871,6.755639858489493e-28,1.1353322298749042e-27,2.484927774777701e-27,7.088584586457482e-27
cc-pvtz-dk,1.8624312156078038,665.7115568133225,6.8941470694314e-28,1.182551523781528e-27,2.590813287262008e-27,7.295664853556874e-27
cc-pvtz-dk,1.8644322161080538,664.9970823761739,6.605412822139704e-28,1.2065737540159684e-27,2.739309619974122e-27,7.791211429280301e-27
cc-pvtz-dk,1.8664332166083042,664.28413991316,6.086049137118476e-28,1.233399855608997e-27,2.9824192326869763e-27,8.734536178926839e-27
cc-pvtz-dk,1.8684342171085542,663.5727245022757,6.918360835910238e-28,1.42604823958907e-27,3.503015545114159e-27,1.0390847879789698e-26
cc-pvtz-dk,1.8704352176088044,662.8628312425782,7.805154034748842e-28,1.659863289523771e-27,4.191975738842568e-27,1.2705692142918185e-26
cc-pvtz-dk,1.8724362181090544,662.1544552540743,8.796686426195572e-28,1.9424774287036854e-27,5.061923532728784e-27,1.5702019651546906e-26
cc-pvtz-dk,1.8744372186093048,661.4475916776087,1.0246674358846349e-27,2.3238607400024625e-27,6.1840834513339235e-27,1.9469169391185183e-26
cc-pvtz-dk,1.8764382191095546,660.7422356747535,1.2693771903800541e-27,2.878842162513065e-27,7.66095827935909e-27,2.411877129624959e-26
cc-pvtz-dk,1.8784392196098045,660.0383824276964,1.5337939576924426e-27,3.4785174552339e-27,9.256769073892681e-27,2.914281583244591e-26
cc-pvtz-dk,1.880440220110055,659.3360271391327,1.805605666296664e-27,4.094963861333465e-27,1.0897209894193533e-26,3.43073677758326e-26
cc-pvtz-dk,1.8824412206103052,658.6351650321551,2.2268141598786845e-27,4.8545227705587e-27,1.2662985144192096e-26,3.9538294605743683e-26
cc-pvtz-dk,1.8844422211105551,657.935791350146,2.6346449264325896e-27,5.583600497995177e-27,1.4347461290367977e-26,4.45130323580477e-26
cc-pvtz-dk,1.8864432216108056,657.2379013566692,2.972627862387514e-27,6.219597624318793e-27,1.5869528114166453e-26,4.908602118251942e-26
cc-pvtz-dk,1.8884442221110556,656.5414903353642,3.235038485431656e-27,6.765833621382862e-27,1.7249710930552227e-26,5.331295368810969e-26
cc-pvtz-dk,1.8904452226113055,655.8465535898385,3.53104038489501e-27,7.396257143495622e-27,1.8791332820643602e-26,5.778537331869942e-26
cc-pvtz-dk,1.8924462231115557,655.1530864435633,3.732022809028978e-27,7.922769857704195e-27,2.021084748129234e-26,6.209351676833716e-26
cc-pvtz-dk,1.8944472236118062,654.4610842397675,3.846684244451654e-27,8.3592854930551e-27,2.1553606019668956e-26,6.643058779886783e-26
cc-pvtz-dk,1.896448224112056,653.7705423413347,4.061046656641899e-27,8.901800605939809e-27,2.3059404866465198e-26,7.122235635922333e-26
cc-pvtz-dk,1.898449224612306,653.0814561306984,4.3019945168590604e-27,9.494162390650675e-27,2.4729478400944036e-26,7.668493856565025e-26
cc-pvtz-dk,1.9004502251125563,652.3938210097393,4.530044241044011e-27,1.0118342077501297e-26,2.660889135879159e-26,8.307891047770791e-26
cc-pvtz-dk,1.9024512256128063,651.7076323996845,4.774233343607442e-27,1.0827565161414133e-26,2.88135021950024e-26,9.071270777673351e-26
cc-pvtz-dk,1.9044522261130563,651.0228857410034,5.308997150138405e-27,1.2040365111574248e-26,3.204091422209135e-26,1.0087347484028105e-25
cc-pvtz-dk,1.9064532266133065,650.3395764933089,5.931028150611531e-27,1.345107981806434e-26,3.579500211590788e-26,1.1269236015922772e-25
cc-pvtz-dk,1.908454227113557,649.6577001352555,6.63472280225004e-27,1.5047000910726604e-26,4.004194731743359e-26,1.260628937515178e-25
cc-pvtz-dk,1.910455227613807,648.9772521644409,7.564874262407151e-27,1.6958320053440273e-26,4.48694622671974e-26,1.409288468669769e-25
cc-pvtz-dk,1.9124562281140567,648.2982280973058,8.649422207681512e-27,1.9095106466632968e-26,5.0134182905648014e-26,1.569621277070438e-25
cc-pvtz-dk,1.9144572286143071,647.6206234690358,9.711765634935938e-27,2.1261932258846783e-26,5.558380509584274e-26,1.737123597104153e-25
cc-pvtz-dk,1.916458229114557,646.9444338334639,1.0733420135718097e-26,2.3441408362117775e-26,6.118313115037119e-26,1.9103065490713235e-25
cc-pvtz-dk,1.9184592296148073,646.2696547629727,1.2143895193930986e-26,2.628457581020153e-26,6.79826409750113e-26,2.1069836283748743e-25
cc-pvtz-dk,1.9204602301150573,645.596281848398,1.3523210462864415e-26,2.9155618603017285e-26,7.493621090151072e-26,2.308319416155563e-25
cc-pvtz-dk,1.9224612306153077,644.924310698933,1.4834195874496674e-26,3.198743705493965e-26,8.192342391825729e-26,2.5121607445022433e-25
cc-pvtz-dk,1.9244622311155577,644.2537369420328,1.6205519670804534e-26,3.48833038233244e-26,8.901248454338879e-26,2.7189875673089713e-25
cc-pvtz-dk,1.926463231615808,643.5845562233186,1.7692936601802364e-26,3.7884207190474556e-26,9.623797373652765e-26,2.9298573076812924e-25
cc-pvtz-dk,1.9284642321160579,642.9167642064851,1.907416490378369e-26,4.076876752121729e-26,1.0340798139174926e-25,3.1445315325643735e-25
cc-pvtz-dk,1.9304652326163083,642.2503565732054,2.034776303253688e-26,4.3551804089211226e-26,1.1059886949972425e-25,3.366220959744456e-25
cc-pvtz-dk,1.9324662331165583,641.5853290230391,2.1545623840107072e-26,4.6298213533840165e-26,1.1796816094112507e-25,3.5995533401714747e-25
cc-pvtz-dk,1.934467233616808,640.9216772733386,2.2733027785652933e-26,4.912110795768016e-26,1.257455374883539e-25,3.8502016401942873e-25
cc-pvtz-dk,1.9364682341170585,640.2593970591578,2.4003755508558065e-26,5.217281562778748e-26,1.3421314783069862e-25,4.12435706172149e-25
cc-pvtz-dk,1.938469234617309,639.5984841331612,2.55834082406931e-26,5.574166801274192e-26,1.437881374516315e-25,4.42919192579185e-25
cc-pvtz-dk,1.9404702351175587,638.9389342655323,2.7808151159956374e-26,6.022374348763391e-26,1.5498054839776835e-25,4.772135223137072e-25
cc-pvtz-dk,1.9424712356178087,638.2807432438836,3.0384222543461836e-26,6.537905594639375e-26,1.6764402464956292e-25,5.153299999006377e-25
cc-pvtz-dk,1.944472236118059,637.6239068731669,3.331828573623208e-26,7.125032664969908e-26,1.8187466374716219e-25,5.574146722908401e-25
cc-pvtz-dk,1.946473236618309,636.9684209755846,3.660369248210548e-26,7.784621797774967e-26,1.9769150957163822e-25,6.0343496386902905e-25
cc-pvtz-dk,1.9484742371185588,636.3142813905007,4.022544207038328e-26,8.514414648843184e-26,2.1503880028671477e-25,6.531944373471093e-25
cc-pvtz-dk,1.9504752376188097,635.6614839743522,4.416536532286109e-26,9.309642730310782e-26,2.3379743179597407e-25,7.063686966817317e-25
cc-pvtz-dk,1.9524762381190597,635.0100246005636,4.8455388199846297e-26,1.0168742742280299e-25,2.538524706835894e-25,7.626055734458512e-25
cc-pvtz-dk,1.9544772386193094,634.3598991594574,5.35914897129326e-26,1.1135227526689976e-25,2.75522911683088e-25,8.219852677180332e-25
cc-pvtz-dk,1.9564782391195599,633.7111035581692,5.893395220686127e-26,1.2139480551937188e-25,2.9801401863694436e-25,8.835458388623653e-25
cc-pvtz-dk,1.9584792396198099,633.0636337205619,6.43646449287224e-26,1.3164574147352302e-25,3.210766768205961e-25,9.46942851391507e-25
cc-pvtz-dk,1.9604802401200598,632.4174855871396,6.979187547571903e-26,1.4197966097728668e-25,3.4454559629688522e-25,1.0120239529678667e-24
cc-pvtz-dk,1.96248124062031,631.7726551149631,7.516795394431288e-26,1.5234008102464724e-25,3.6837595560612123e-25,1.0788784655283372e-24
cc-pvtz-dk,1.96448224112056,631.1291382775656,8.050159921876041e-26,1.6275643350732946e-25,3.9266579292357394e-25,1.1478581091663653e-24
cc-pvtz-dk,1.9664832416208105,630.4869310648689,8.58631204142179e-26,1.7335007257150077e-25,4.176602671314062e-25,1.2195648037714278e-24
cc-pvtz-dk,1.9684842421210604,629.8460294831003,9.217279711136081e-26,1.8511514352107678e-25,4.445153813400383e-25,1.2955682547175935e-24
cc-pvtz-dk,1.9704852426213106,629.2064295547093,9.882904073759282e-26,1.9755255337007103e-25,4.729409512111181e-25,1.3760593311902768e-24
cc-pvtz-dk,1.9724862431215606,628.5681273182855,1.0579442940711832e-25,2.1073462307563843e-25,5.0322374192412905e-25,1.4617851030924713e-24
cc-pvtz-dk,1.974487243621811,627.9311188284772,1.1313606140082267e-25,2.2483614871947646e-25,5.357412059106681e-25,1.553528549911995e-24
cc-pvtz-dk,1.9764882441220608,627.2954001559099,1.2095649964081206e-25,2.400537965139126e-25,5.708604195654651e-25,1.6519715657757339e-24
cc-pvtz-dk,1.9784892446223108,626.660967387105,1.293946600940943e-25,2.565965908253466e-25,6.089111967912588e-25,1.7576419324022235e-24
cc-pvtz-dk,1.9804902451225612,626.0278166244001,1.3862050036211104e-25,2.7467327751600545e-25,6.501624404204133e-25,1.8708785246403057e-24
cc-pvtz-dk,1.9824912456228114,625.3959439858693,1.4986085148902998e-25,2.955094131514087e-25,6.958256026385105e-25,1.9928185856672884e-24
cc-pvtz-dk,1.9844922461230614,624.7653456052433,1.6255568749959848e-25,3.1852064504928605e-25,7.452628699897951e-25,2.1226871353972785e-24
cc-pvtz-dk,1.9864932466233118,624.1360176318307,1.7630410087652417e-25,3.432543946916239e-25,7.97922544126425e-25,2.259726707141039e-24
cc-pvtz-dk,1.9884942471235618,623.5079562304402,1.9096460560690036e-25,3.694998257827624e-25,8.534682037984988e-25,2.403368874161126e-24
cc-pvtz-dk,1.9904952476238118,622.8811575813019,2.063817923690379e-25,3.970288149533817e-25,9.11546595993105e-25,2.553055942355642e-24
cc-pvtz-dk,1.992496248124062,622.2556178799899,2.224141393251833e-25,4.256373416158469e-25,9.718535163686478e-25,2.7083516685779506e-24
cc-pvtz-dk,1.9944972486243124,621.6313333373463,2.3896076157468015e-25,4.551848255161215e-25,1.0341949523932382e-24,2.8690386465211915e-24
cc-pvtz-dk,1.9964982491245622,621.0083001794036,2.5817283034814564e-25,4.878034895853607e-25,1.1006899815385196e-24,3.0372980740004285e-24
cc-pvtz-dk,1.9984992496248122,620.3865146473091,2.78908232318363e-25,5.223888203443495e-25,1.1703266039884479e-24,3.212388562158765e-24
cc-pvtz-dk,2.0005002501250626,619.7659729972493,3.0039456008645534e-25,5.582433092539324e-25,1.242566655019998e-24,3.3941631053299575e-24
cc-pvtz-dk,2.0025012506253126,619.1466715003747,3.2243108046400106e-25,5.952727030690274e-25,1.3175295989654815e-24,3.583221283146884e-24
cc-pvtz-dk,2.0045022511255626,618.5286064427253,3.448962010017118e-25,6.334868583548204e-25,1.395480124177995e-24,3.780367110444332e-24
cc-pvtz-dk,2.006503251625813,617.9117741251557,3.677884676126605e-25,6.730278229302538e-25,1.476831961193019e-24,3.986564465278965e-24
cc-pvtz-dk,2.008504252126063,617.2961708632628,3.9125552277178473e-25,7.141842835042399e-25,1.5621359287678277e-24,4.202875851566239e-24
cc-pvtz-dk,2.010505252626313,616.6817929873102,4.156050329827923e-25,7.573884221533315e-25,1.6520518989753446e-24,4.430390786060196e-24
cc-pvtz-dk,2.0125062531265634,616.0686368421575,4.412937600123492e-25,8.031933451004134e-25,1.747306310090382e-24,4.670151283033328e-24
cc-pvtz-dk,2.0145072536268134,615.4566987871865,4.688939727796358e-25,8.522319370048497e-25,1.8486388680184583e-24,4.923082362304391e-24
cc-pvtz-dk,2.0165082541270634,614.8459751962292,4.990398679149e-25,9.051608905668477e-25,1.956743893972965e-24,5.189935168576238e-24
cc-pvtz-dk,2.018509254627314,614.2364624574968,5.323600665300445e-25,9.625963262812863e-25,2.0722131117333178e-24,5.4712491725029676e-24
cc-pvtz-dk,2.0205102551275638,613.6281569735082,5.694050272861437e-25,1.0250494015475262e-24,2.1954872629894458e-24,5.7673381081272105e-24
cc-pvtz-dk,2.0225112556278138,613.021055161019,6.105798590746242e-25,1.0928712247413742e-24,2.326823606900633e-24,6.078301937199721e-24
cc-pvtz-dk,2.024512256128064,612.4151534509513,6.560931686381002e-25,1.1662159830110179e-24,2.466285025825997e-24,6.404064429281403e-24
cc-pvtz-dk,2.026513256628314,611.8104482883239,7.059310877067644e-25,1.2450293932213706e-24,2.6137541889539348e-24,6.744433165262894e-24
cc-pvtz-dk,2.028514257128564,611.2069361321825,7.598625900425152e-25,1.3290665384851088e-24,2.7689732328390914e-24,7.099176195623924e-24
cc-pvtz-dk,2.0305152576288146,610.6046134555309,8.174779846523774e-25,1.4179392133633276e-24,2.931606049911203e-24,7.468107499871175e-24
cc-pvtz-dk,2.0325162581290646,610.0034767452621,8.782576255399584e-25,1.5111885949659197e-24,3.1013169748940176e-24,7.85117205791205e-24
cc-pvtz-dk,2.0345172586293145,609.40352250209,9.416631186139167e-25,1.608375012579858e-24,3.277856905114378e-24,8.248520956527351e-24
cc-pvtz-dk,2.036518259129565,608.8047472404813,1.0072393761458139e-24,1.7091734424778852e-24,3.4611461320946246e-24,8.660567624713288e-24
cc-pvtz-dk,2.0385192596298145,608.207147488589,1.074713432313728e-24,1.8134616551205486e-24,3.651342743666771e-24,9.088018019772296e-24
cc-pvtz-dk,2.040520260130065,607.6107197881834,1.1440754636541013e-24,1.921388054372828e-24,3.848886557069429e-24,9.531870247279814e-24
cc-pvtz-dk,2.0425212606303154,607.0154606945872,1.21562915340095e-24,2.0334082856177066e-24,4.054511134885355e-24,9.993382446307423e-24
cc-pvtz-dk,2.044522261130565,606.4213667766088,1.2900022729035044e-24,2.1502834775991198e-24,4.269220266066615e-24,1.0474011456079837e-23
cc-pvtz-dk,2.0465232616308153,605.8284346164752,1.3681136784247721e-24,2.273038068395028e-24,4.49422990990031e-24,1.097532837996089e-23
cc-pvtz-dk,2.0485242621310658,605.236660809768,1.4510991193274213e-24,2.4028808697876397e-24,4.730881397540755e-24,1.149892023137004e-23
cc-pvtz-dk,2.0505252626313153,604.6460419653574,1.5402044329445265e-24,2.541098532120266e-24,4.9805359887394726e-24,1.204628896889725e-23
cc-pvtz-dk,2.0525262631315657,604.0565747053375,1.636659927934721e-24,2.688935051568147e-24,5.244464040817987e-24,1.2618760077321152e-23
cc-pvtz-dk,2.054527263631816,603.4682556649622,1.7415531963012375e-24,2.8474736907468126e-24,5.52374353699638e-24,1.3217412238970862e-23
cc-pvtz-dk,2.0565282641320657,602.881081492581,1.8557186420080153e-24,3.0175381646010917e-24,5.8191822270618705e-24,1.38430375530011e-23
cc-pvtz-dk,2.058529264632316,602.2950488495746,1.979660404503467e-24,3.199627992180758e-24,6.13127511084628e-24,1.4496138376845374e-23
cc-pvtz-dk,2.060530265132566,601.7101544102937,2.1135212136762614e-24,3.3938987035763466e-24,6.460204693910477e-24,1.5176962545031103e-23
cc-pvtz-dk,2.062531265632816,601.1263948619937,2.2571035523100252e-24,3.6001916386793374e-24,6.805885887797666e-24,1.5885573972599958e-23
cc-pvtz-dk,2.0645322661330665,600.5437669047734,2.4099421624716863e-24,3.818111183139751e-24,7.16805134753544e-24,1.662195106890854e-23
cc-pvtz-dk,2.0665332666333165,599.9622672515129,2.5714194625203218e-24,4.04714043322992e-24,7.546367282262486e-24,1.7386101580410157e-23
cc-pvtz-dk,2.0685342671335665,599.3818926278115,2.7409089481601613e-24,4.2867804749661285e-24,7.940565179156842e-24,1.8178179986178622e-23
cc-pvtz-dk,2.070535267633817,598.8026397719256,2.917927131868472e-24,4.536694595643136e-24,8.350572152801476e-24,1.8998592777583538e-23
cc-pvtz-dk,2.072536268134067,598.2245054347092,3.1022727634831978e-24,4.796837452934633e-24,8.77662223618189e-24,1.9848078043537415e-23
cc-pvtz-dk,2.074537268634317,597.6474863795515,3.2941333205267627e-24,5.067550781827e-24,9.219333009535414e-24,2.072774868865034e-23
cc-pvtz-dk,2.0765382691345673,597.0715793823175,3.4941429616370015e-24,5.349611482444403e-24,9.679736308532122e-24,2.1639093017177217e-23
cc-pvtz-dk,2.0785392696348173,596.4967812312876,3.703382756353836e-24,5.6442243558823026e-24,1.0159257816476022e-23,2.2583931786717815e-23
cc-pvtz-dk,2.0805402701350673,595.9230887270979,3.923322120573906e-24,5.952959458336635e-24,1.0659647311506835e-23,2.3564336484786077e-23
cc-pvtz-dk,2.0825412706353177,595.3504986826807,4.155708834747853e-24,6.27764193109419e-24,1.1182868237833027e-23,2.4582518756990813e-23
cc-pvtz-dk,2.0845422711355677,594.7790079232061,4.402422561781884e-24,6.620209086515233e-24,1.1730961110735424e-23,2.5640704904760312e-23
cc-pvtz-dk,2.0865432716358177,594.2086132860226,4.665312283702134e-24,6.98255445550885e-24,1.230589918612684e-23,2.674101159972784e-23
cc-pvtz-dk,2.088544272136068,593.6393116205987,4.9460406933716355e-24,7.366380671850857e-24,1.2909456222384866e-23,2.788533908293856e-23
cc-pvtz-dk,2.090545272636318,593.0710997884661,5.245957877691672e-24,7.773082117152213e-24,1.3543104782991505e-23,2.907529606264523e-23
cc-pvtz-dk,2.092546273136568,592.5039746631604,5.5660226670925614e-24,8.203674266691698e-24,1.4207959519450645e-23,3.0312166526766985e-23
cc-pvtz-dk,2.0945472736368185,591.9379331301648,5.906783344429875e-24,8.658780199415615e-24,1.4904773765975882e-23,3.159692325193493e-23
cc-pvtz-dk,2.0965482741370685,591.3729720868528,6.268420958109894e-24,9.138676679948204e-24,1.5633990415524935e-23,3.293028663759908e-23
cc-pvtz-dk,2.0985492746373184,590.8090884424315,6.650849496667569e-24,9.643393746222874e-24,1.6395840471252007e-23,3.431282145227643e-23
cc-pvtz-dk,2.100550275137569,590.2462791178851,7.053858974193808e-24,1.0172854077391781e-23,1.7190475963373528e-23,3.57450589795098e-23
cc-pvtz-dk,2.102551275637819,589.6845410459196,7.47728126247566e-24,1.0727032698880219e-23,1.801811906037366e-23,3.7227628605358524e-23
cc-pvtz-dk,2.104552276138069,589.1238711709057,7.92115521168132e-24,1.1306114651969284e-23,1.8879206897696222e-23,3.876138158690091e-23
cc-pvtz-dk,2.1065532766383193,588.5642664488245,8.385867723198289e-24,1.1910628555191176e-23,1.9774512243402763e-23,4.03474907785317e-23
cc-pvtz-dk,2.1085542771385692,588.0057238472123,8.872250964852582e-24,1.2541537479119382e-23,2.0705223544389918e-23,4.1987513339719943e-23
cc-pvtz-dk,2.1105552776388192,587.4482403451054,9.38162233236337e-24,1.3200274737406761e-23,2.1672973662007408e-23,4.368340846395481e-23
cc-pvtz-dk,2.1125562781390697,586.891812932986,9.91576211258183e-24,1.3888720158742438e-23,2.2679813882293677e-23,4.543750826268864e-23
cc-pvtz-dk,2.1145572786393196,586.3364386127276,1.0476832856024253e-23,1.4609120976123616e-23,2.3728137521580673e-23,4.7252446265420797e-23
cc-pvtz-dk,2.1165582791395696,585.7821143975419,1.1067252877784234e-23,1.5363969391338415e-23,2.4820564523730344e-23,4.913105367900675e-23
cc-pvtz-dk,2.11855927963982,585.2288373119244,1.168954283567167e-23,1.615585498302941e-23,2.5959803839914003e-23,5.107623779889914e-23
cc-pvtz-dk,2.12056028014007,584.6766043916017,1.2346168026952212e-23,1.6987313538402394e-23,2.714851332410642e-23,5.309085919973185e-23
cc-pvtz-dk,2.12256128064032,584.1254126834787,1.3039399374258161e-23,1.786069411939789e-23,2.8389176959040484e-23,5.51776242573888e-23
cc-pvtz-dk,2.1245622811405704,583.575259245585,1.3771213017930707e-23,1.8778063218175565e-23,2.96840164624962e-23,5.733900720334114e-23
cc-pvtz-dk,2.1265632816408204,583.0261411470242,1.4543242484120622e-23,1.9741159183072878e-23,3.1034949145051823e-23,5.957721164079176e-23
cc-pvtz-dk,2.1285642821410704,582.4780554679201,1.5356789473639427e-23,2.0751402575294643e-23,3.2443597081986145e-23,6.189417588606161e-23
cc-pvtz-dk,2.130565282641321,581.9309992993659,1.6212890621763528e-23,2.180995988600363e-23,3.3911345239886576e-23,6.429162043876098e-23
cc-pvtz-dk,2.1325662831415704,581.3849697433733,1.7112429422961058e-23,2.2917850334461813e-23,3.5439439257382915e-23,6.677113019046375e-23
cc-pvtz-dk,2.134567283641821,580.8399639128193,1.8056276108784767e-23,2.407607941802792e-23,3.702910812787288e-23,6.933425944686505e-23
cc-pvtz-dk,2.1365682841420712,580.2959789313977,1.9045434544085678e-23,2.528577936746118e-23,3.868169384307234e-23,7.198264507534713e-23
cc-pvtz-dk,2.1385692846423208,579.7530119335673,2.0081174679604952e-23,2.6548336155665475e-23,4.0398769553935767e-23,7.471811244454027e-23
cc-pvtz-dk,2.140570285142571,579.211060064501,2.1165131789401003e-23,2.786548523280152e-23,4.218223000665304e-23,7.754276032884255e-23
cc-pvtz-dk,2.1425712856428216,578.6701204800372,2.2299359162313064e-23,2.9239363275834675e-23,4.403434252909204e-23,8.045901433271153e-23
cc-pvtz-dk,2.144572286143071,578.1301903466294,2.3486328229834434e-23,3.067251012181232e-23,4.595775295130575e-23,8.346964310745569e-23
cc-pvtz-dk,2.1465732866433216,577.5912668412957,2.472887815060973e-23,3.216782262485499e-23,4.7955447593775346e-23,8.657773697058849e-23
cc-pvtz-dk,2.148574287143572,577.0533471515715,2.603012439639022e-23,3.3728469276221864e-23,5.003067882476627e-23,8.978665371055642e-23
cc-pvtz-dk,2.1505752876438216,576.5164284754595,2.7393341760346077e-23,3.535777999010182e-23,5.218686673189848e-23,9.309994063467952e-23
cc-pvtz-dk,2.152576288144072,575.9805080213804,2.8821840575670096e-23,3.7059128677128814e-23,5.442749245448343e-23,9.652124471931309e-23
cc-pvtz-dk,2.1545772886443224,575.4455830081262,3.031885533426814e-23,3.883582667302609e-23,5.675599929363242e-23,1.0005422371125369e-22
cc-pvtz-dk,2.156578289144572,574.911650664811,3.188746234279416e-23,4.0691042767388445e-23,5.917571584862059e-23,1.0370247015088292e-22
cc-pvtz-dk,2.1585792896448224,574.3787082308227,3.3530538014785996e-23,4.262776092101033e-23,6.168981148632267e-23,1.0746945776199001e-22
cc-pvtz-dk,2.1605802901450724,573.8467529557768,3.525076271766131e-23,4.464878055421862e-23,6.430128910955352e-23,1.1135851593679203e-22
cc-pvtz-dk,2.1625812906453223,573.315782099468,3.7050667853972535e-23,4.675675754041498e-23,6.701301431979865e-23,1.1537283374951314e-22
cc-pvtz-dk,2.1645822911455728,572.7857929318234,3.893271720334995e-23,4.895427781546557e-23,6.98277745954647e-23,1.1951549072576606e-22
cc-pvtz-dk,2.1665832916458228,572.2567827328562,4.08994085136054e-23,5.124395077333921e-23,7.274835786336574e-23,1.2378950809666878e-22
cc-pvtz-dk,2.1685842921460727,571.7287487926183,4.295337865851562e-23,5.362850706333231e-23,7.57776374444334e-23,1.2819791195207856e-22
cc-pvtz-dk,2.170585292646323,571.2016884111546,4.5097495736865305e-23,5.611088537310873e-23,7.891865010902367e-23,1.327437988415814e-22
cc-pvtz-dk,2.172586293146573,570.6755988984573,4.7334924193661695e-23,5.869429520533487e-23,8.217465583694101e-23,1.374303949789202e-22
cc-pvtz-dk,2.174587293646823,570.1504775744191,4.966915390056986e-23,6.138224707439452e-23,8.554917146147551e-23,1.4226110207497057e-22
cc-pvtz-dk,2.1765882941470736,569.6263217687888,5.210399030629846e-23,6.417854719593588e-23,8.904597504016352e-23,1.4723952555869825e-22
cc-pvtz-dk,2.1785892946473235,569.1031288211251,5.464350923162305e-23,6.708725966825418e-23,9.266908273807344e-23,1.523694840338136e-22
cc-pvtz-dk,2.1805902951475735,568.5808960807525,5.729198558380461e-23,7.011264437925439e-23,9.642270441207181e-23,1.5765500172741607e-22
cc-pvtz-dk,2.182591295647824,568.0596209067155,6.005380928966903e-23,7.325908257739666e-23,1.0031118723989707e-22,1.6310028794971463e-22
cc-pvtz-dk,2.184592296148074,567.5393006677352,6.293340347134081e-23,7.653100364771324e-23,1.0433895816590357e-22,1.687097088784712e-22
cc-pvtz-dk,2.186593296648324,567.0199327421643,6.593515907348567e-23,7.993282591800556e-23,1.08510475456695e-22,1.744877571774718e-22
cc-pvtz-dk,2.1885942971485743,566.5015145179428,6.906339697437774e-23,8.346892145475686e-23,1.128301974201138e-22,1.8043902413065108e-22
cc-pvtz-dk,2.1905952976488243,565.9840433925553,7.232236363794825e-23,8.714361031470099e-23,1.1730257277982365e-22,1.865681773808921e-22
cc-pvtz-dk,2.1925962981490743,565.4675167729865,7.571626044277957e-23,9.096118438166758e-23,1.2193205297117616e-22,1.9287994539290443e-22
cc-pvtz-dk,2.1945972986493247,564.9519320756781,7.924930095704893e-23,9.492595565576098e-23,1.2672312249059658e-22,1.9937910785333578e-22
cc-pvtz-dk,2.1965982991495747,564.4372867264859,8.292578559961687e-23,9.904231956887623e-23,1.3168034012179926e-22,2.0607048978733844e-22
cc-pvtz-dk,2.1985992996498247,563.9235781606371,8.675018014379555e-23,1.0331482130425312e-22,1.368083819582465e-22,2.1295895650911275e-22
cc-pvtz-dk,2.200600300150075,563.410803822687,9.072718387939124e-23,1.077482126361065e-22,1.4211207697260025e-22,2.2004940676737584e-22
cc-pvtz-dk,2.202601300650325,562.8989611664774,9.486177505889504e-23,1.1234748855612604e-22,1.4759642747576708e-22,2.273467625363463e-22
cc-pvtz-dk,2.204602301150575,562.3880476550942,9.915922521486163e-23,1.17117896619383e-22,1.532666098739338e-22,2.348559555950774e-22
cc-pvtz-dk,2.2066033016508255,561.8780607608252,1.0362507938842155e-22,1.2206491690032435e-22,1.591279551228039e-22,2.4258191295037805e-22
cc-pvtz-dk,2.2086043021510755,561.3689979651189,1.0826510534110295e-22,1.271942158530176e-22,1.6518591247381437e-22,2.505295448396659e-22
cc-pvtz-dk,2.2106053026513255,560.8608567585427,1.1308522041650217e-22,1.3251158228668238e-22,1.7144600373831017e-22,2.587037400659819e-22
cc-pvtz-dk,2.212606303151576,560.3536346407415,1.1809140891896102e-22,1.3802285723532013e-22,1.7791377767645118e-22,2.671093734381835e-22
cc-pvtz-dk,2.214607303651826,559.8473291203975,1.2328964494579693e-22,1.4373387107005414e-22,1.8459477476502764e-22,2.757513289603429e-22
cc-pvtz-dk,2.216608304152076,559.3419377151885,1.2868583515221638e-22,1.4965040045051777e-22,1.9149451132028683e-22,2.84634540198278e-22
cc-pvtz-dk,2.2186093046523263,558.8374579517474,1.3428579295959904e-22,1.557781546974252e-22,1.9861848888837279e-22,2.937640462335821e-22
cc-pvtz-dk,2.2206103051525763,558.3338873656229,1.4009525067035592e-22,1.6212279633525588e-22,2.0597223042617369e-22,3.031450582707993e-22
cc-pvtz-dk,2.2226113056528263,557.8312235012379,1.4611990961050025e-22,1.6868999466200523e-22,2.13561339789219e-22,3.127830288826523e-22
cc-pvtz-dk,2.2246123061530767,557.3294639118506,1.5236552180292773e-22,1.754855052142981e-22,2.2139157627238587e-22,3.226837136748019e-22
cc-pvtz-dk,2.2266133066533267,556.8286061595147,1.5883799087186281e-22,1.8251526292137577e-22,2.294689322678021e-22,3.328532143528003e-22
cc-pvtz-dk,2.2286143071535767,556.3286478150393,1.6554347588351052e-22,1.8978547347684534e-22,2.3779970022714237e-22,3.432979931213087e-22
cc-pvtz-dk,2.230615307653827,555.8295864579501,1.724884803692862e-22,1.9730268663565493e-22,2.4639051549274523e-22,3.540248511196653e-22
cc-pvtz-dk,2.2326163081540766,555.3314196764509,1.7967991019948684e-22,2.0507383702373904e-22,2.5524836429197903e-22,3.6504086797885753e-22
cc-pvtz-dk,2.234617308654327,554.834145067383,1.8712508816910534e-22,2.131062424588781e-22,2.643805509861205e-22,3.7635330506297774e-22
cc-pvtz-dk,2.2366183091545775,554.3377602361887,1.948317195670642e-22,2.2140755613550316e-22,2.7379462488458668e-22,3.879694807890484e-22
cc-pvtz-dk,2.238619309654827,553.8422627968715,2.0280781069524988e-22,2.299856763971336e-22,2.8349827366249414e-22,3.998966317249201e-22
cc-pvtz-dk,2.2406203101550775,553.347650371958,2.1106155011230908e-22,2.3884862507453954e-22,2.9349919659794054e-22,4.121417770598528e-22
cc-pvtz-dk,2.242621310655328,552.8539205924603,2.196011690624506e-22,2.48004411337552e-22,3.0380497544034044e-22,4.247116057736913e-22
cc-pvtz-dk,2.2446223111555774,552.3610710978382,2.28434801998508e-22,2.5746090167062243e-22,3.144229628819153e-22,4.37612404905113e-22
cc-pvtz-dk,2.246623311655828,551.8690995359608,2.3757036950890214e-22,2.672257172238692e-22,3.2536020780744304e-22,4.508500436009147e-22
cc-pvtz-dk,2.2486243121560783,551.37800356307,2.4701550393503814e-22,2.773061771339602e-22,3.3662343264634356e-22,4.64430021388272e-22
cc-pvtz-dk,2.250625312656328,550.8877808437431,2.5677753265446534e-22,2.877093006690858e-22,3.482190716141165e-22,4.783575810197812e-22
cc-pvtz-dk,2.2526263131565782,550.3984290508549,2.668635260509004e-22,2.9844187292965224e-22,3.60153370209187e-22,4.926378772958435e-22
cc-pvtz-dk,2.2546273136568282,549.9099458655425,2.772804076721358e-22,3.095105694308067e-22,3.7243253716538197e-22,5.072761846775786e-22
cc-pvtz-dk,2.256628314157078,549.422328977167,2.880351143547815e-22,3.2092212555519967e-22,3.850629314722283e-22,5.222781195192165e-22
cc-pvtz-dk,2.2586293146573286,548.935576083278,2.9913478562805105e-22,3.326835290048534e-22,3.9805126038347686e-22,5.376498484928036e-22
cc-pvtz-dk,2.2606303151575786,548.4496848895774,3.105869558364458e-22,3.4480220826394955e-22,4.114047606593207e-22,5.5339825407078945e-22
cc-pvtz-dk,2.2626313156578286,547.9646531098829,3.2239972015875696e-22,3.5728618863213297e-22,4.251313353743339e-22,5.695310311535211e-22
cc-pvtz-dk,2.264632316158079,547.4804784660923,3.345818475789372e-22,3.701441900314366e-22,4.392396227130942e-22,5.860566959373531e-22
cc-pvtz-dk,2.266633316658329,546.9971586881483,3.4714281983054027e-22,3.8338564738270034e-22,4.537389809454242e-22,6.029844982372078e-22
cc-pvtz-dk,2.268634317158579,546.5146915140023,3.600927847383482e-22,3.9702064416073595e-22,4.686393843517699e-22,6.20324240551709e-22
cc-pvtz-dk,2.2706353176588294,546.0330746895792,3.734424240353033e-22,4.110597615387953e-22,4.839512369325236e-22,6.38086019690437e-22
cc-pvtz-dk,2.2726363181590794,545.5523059687431,3.872027480769589e-22,4.255138577425497e-22,4.996851226747148e-22,6.562799181152767e-22
cc-pvtz-dk,2.2746373186593294,545.0723831132615,4.0138484117109673e-22,4.403938031315192e-22,5.1585152128177375e-22,6.749156806811463e-22
cc-pvtz-dk,2.27663831915958,544.5933038927708,4.159995898185379e-22,4.557102044934455e-22,5.32460525075475e-22,6.940024168773812e-22
cc-pvtz-dk,2.27863931965983,544.115066084742,4.310574306606717e-22,4.714731557883558e-22,5.495215951119451e-22,7.135483681241327e-22
cc-pvtz-dk,2.28064032016008,543.6376674744462,4.465681545021213e-22,4.876920513579225e-22,5.670433918331445e-22,7.335607739369914e-22
cc-pvtz-dk,2.28264132066033,543.1611058549199,4.625407972284345e-22,5.043754913234516e-22,5.850337078836852e-22,7.540458602824686e-22
cc-pvtz-dk,2.28464232116058,542.6853790269323,4.789836382826763e-22,5.215312981350061e-22,6.034995188288979e-22,7.750089593050057e-22
cc-pvtz-dk,2.28664332166083,542.2104847989499,4.959043137793748e-22,5.391666492532463e-22,6.224471527931183e-22,7.9645475344869525e-22
cc-pvtz-dk,2.2886443221610806,541.7364209871038,5.133100360264311e-22,5.572883154953297e-22,6.418825643286272e-22,8.183876208093425e-22
cc-pvtz-dk,2.2906453226613306,541.2631854151562,5.312078962156779e-22,5.759029796893328e-22,6.618116831794394e-22,8.408120444236681e-22
cc-pvtz-dk,2.2926463231615806,540.7907759144665,5.496052143988861e-22,5.950175980061735e-22,6.822407970288619e-22,8.637330380556539e-22
cc-pvtz-dk,2.294647323661831,540.319190323959,5.68509892422571e-22,6.146397584590841e-22,7.031769205067013e-22,8.87156536374231e-22
cc-pvtz-dk,2.296648324162081,539.8484264900893,5.879307225933108e-22,6.347779888479341e-22,7.246281018154471e-22,9.110896990932725e-22
cc-pvtz-dk,2.298649324662331,539.3784822668117,6.078776081321452e-22,6.554419704409902e-22,7.46603623717142e-22,9.355410867488455e-22
cc-pvtz-dk,2.3006503251625814,538.9093555155468,6.283616607901107e-22,6.76642623680937e-22,7.6911406689181135e-22,9.605206795850813e-22
cc-pvtz-dk,2.3026513256628314,538.4410441051488,6.493951553601504e-22,6.983920471195553e-22,7.921712196318468e-22,9.860397290182671e-22
cc-pvtz-dk,2.3046523261630814,537.9735459118732,6.709913385405563e-22,7.207033088723686e-22,8.157878366075469e-22,1.0121104512616195e-21
cc-pvtz-dk,2.306653326663332,537.506858819345,6.9316410847669505e-22,7.435901088995736e-22,8.399772687190762e-22,1.0387455924849358e-21
cc-pvtz-dk,2.3086543271635818,537.0409807185265,7.159275988892283e-22,7.670663479127725e-22,8.647530033755574e-22,1.0659579118663606e-21
cc-pvtz-dk,2.3106553276638317,536.5759095076857,7.392957156265292e-22,7.911456523366735e-22,8.901281676092962e-22,1.0937596408429426e-21
cc-pvtz-dk,2.312656328164082,536.1116430923641,7.632816817906289e-22,8.158409125995845e-22,9.161150534044904e-22,1.122161982111464e-21
cc-pvtz-dk,2.314657328664332,535.6481793853468,7.878976489838114e-22,8.411638928526437e-22,9.427247243781863e-22,1.1511747095845762e-21
cc-pvtz-dk,2.316658329164582,535.1855163066292,8.131544262698767e-22,8.671249636599148e-22,9.699667552650224e-22,1.1808059206001762e-21
cc-pvtz-dk,2.3186593296648326,534.7236517833873,8.390613656485254e-22,8.93732995839917e-22,9.978491412400384e-22,1.2110619751888386e-21
cc-pvtz-dk,2.3206603301650826,534.2625837499461,8.656264246162466e-22,9.209954349497945e-22,1.0263783945583452e-21,1.2419476359453412e-21
cc-pvtz-dk,2.3226613306653325,533.8023101477493,8.928564048922635e-22,9.489185540927164e-22,1.0555598235902676e-21,1.27346639848824e-21
cc-pvtz-dk,2.324662331165583,533.342828925328,9.207573442679344e-22,9.775078604678643e-22,1.0853979668044197e-21,1.3056209794378399e-21
cc-pvtz-dk,2.3266633316658325,532.8841380382714,9.493350185931952e-22,1.0067686111744926e-21,1.1158971344094392e-21,1.3384139091197919e-21
cc-pvtz-dk,2.328664332166083,532.4262354491945,9.785954957388052e-22,1.036706378803777e-21,1.1470619957508573e-21,1.3718481622865313e-21
cc-pvtz-dk,2.3306653326663334,531.9691191277097,1.0085456750210097e-21,1.0673275993215301e-21,1.1788981431240915e-21,1.405927753865168e-21
cc-pvtz-dk,2.332666333166583,531.5127870503968,1.039193745277746e-21,1.0986400348461858e-21,1.2114125635049998e-21,1.4406582290158687e-21
cc-pvtz-dk,2.3346673336668333,531.0572372007714,1.0705495027781802e-21,1.1306530923430929e-21,1.2446139589030244e-21,1.4760469875199926e-21
cc-pvtz-dk,2.3366683341670837,530.602467569257,1.1026244856225096e-21,1.1633779551307952e-21,1.2785128726590931e-21,1.512103400584361e-21
cc-pvtz-dk,2.3386693346673333,530.1484761531551,1.1354319024773135e-21,1.1968275056167272e-21,1.3131216011535045e-21,1.5488387015104323e-21
cc-pvtz-dk,2.3406703351675837,529.6952609566147,1.1689863578723418e-21,1.2310160422988447e-21,1.3484538954546476e-21,1.5862656576272851e-21
cc-pvtz-dk,2.342671335667834,529.2428199906042,1.2033034008953856e-21,1.2659588188101875e-21,1.3845244824255466e-21,1.6243980563717302e-21
cc-pvtz-dk,2.3446723361680837,528.7911512728825,1.2383989459285645e-21,1.301671454611812e-21,1.4213484566799481e-21,1.6632500603867186e-21
cc-pvtz-dk,2.346673336668334,528.3402528279685,1.2742886303449277e-21,1.3381692831426908e-21,1.4589406108544137e-21,1.70283550235808e-21
cc-pvtz-dk,2.348674337168584,527.890122687114,1.310987182761548e-21,1.3754667117686216e-21,1.4973147799350187e-21,1.743167198095588e-21
cc-pvtz-dk,2.350675337668834,527.4407588882741,1.3485078753775352e-21,1.4135766676166279e-21,1.5364832747777827e-21,1.7842563551136604e-21
cc-pvtz-dk,2.3526763381690845,526.9921594760791,1.3868621250356467e-21,1.4525101942873143e-21,1.5764564704917406e-21,1.826112143776568e-21
cc-pvtz-dk,2.3546773386693345,526.5443225018058,1.4260592909467327e-21,1.492276247540988e-21,1.617242598092037e-21,1.8687414801054176e-21
cc-pvtz-dk,2.3566783391695845,526.0972460233496,1.4661066944786595e-21,1.53288171534268e-21,1.6588477647974538e-21,1.9121490456798142e-21
cc-pvtz-dk,2.358679339669835,525.6509281051962,1.5070098607254334e-21,1.5743316618254413e-21,1.7012762022585123e-21,1.9563375434559638e-21
cc-pvtz-dk,2.360680340170085,525.2053668183937,1.5487729558129148e-21,1.6166297688670687e-21,1.7445307159388286e-21,2.0013081618534377e-21
cc-pvtz-dk,2.362681340670335,524.7605602405251,1.5913993711382656e-21,1.6597789261420389e-21,1.788613285895811e-21,2.047061196185053e-21
cc-pvtz-dk,2.3646823411705853,524.3165064556802,1.6348923886798275e-21,1.703781903399162e-21,1.8335257519951666e-21,2.0935967590732346e-21
cc-pvtz-dk,2.3666833416708353,523.8732035544282,1.6792558521453091e-21,1.748642029311162e-21,1.879270507117679e-21,2.1409155018576215e-21
cc-pvtz-dk,2.3686843421710853,523.430649633791,1.724494768099944e-21,1.7943638005900548e-21,1.925851121211022e-21,2.189019268169313e-21
cc-pvtz-dk,2.3706853426713357,522.9888427972146,1.7706157693250048e-21,1.8409533531521438e-21,1.973272827090724e-21,2.2379116088087666e-21
cc-pvtz-dk,2.3726863431715857,522.5477811545435,1.817627388455773e-21,1.8884187429060333e-21,2.0215428146649277e-21,2.287598102789201e-21
cc-pvtz-dk,2.3746873436718356,522.1074628219928,1.865540111494016e-21,1.936770005289831e-21,2.07067030182246e-21,2.338086450993581e-21
cc-pvtz-dk,2.376688344172086,521.6678859221216,1.914366205501535e-21,1.9860189874265642e-21,2.1206663750256037e-21,2.389386333813752e-21
cc-pvtz-dk,2.378689344672336,521.2290485838065,1.9641193397618894e-21,2.0361789718116314e-21,2.1715436178152567e-21,2.441509049551419e-21
cc-pvtz-dk,2.380690345172586,520.7909489422148,2.01481404208913e-21,2.0872641329408904e-21,2.223315568125059e-21,2.494466973439468e-21
cc-pvtz-dk,2.3826913456728365,520.353585138778,2.066465049288331e-21,2.139288885756349e-21,2.275996063037368e-21,2.548272895413822e-21
cc-pvtz-dk,2.3846923461730865,519.9169553211664,2.1190866212183443e-21,2.1922671954081713e-21,2.329598540566127e-21,2.60293930637598e-21
cc-pvtz-dk,2.3866933466733364,519.4810576432614,2.1726918905071648e-21,2.246211920628555e-21,2.3841353712174955e-21,2.6584777065846007e-21
cc-pvtz-dk,2.388694347173587,519.0458902651309,2.2272923146930098e-21,2.3011342579346636e-21,2.4396172873731926e-21,2.7148980058463443e-21
cc-pvtz-dk,2.390695347673837,518.6114513530027,2.282897285270637e-21,2.3570433417624817e-21,2.4960529667597066e-21,2.772208074054883e-21
cc-pvtz-dk,2.392696348174087,518.177739079239,2.3395139304255384e-21,2.413946038070579e-21,2.5534488089547584e-21,2.8304134838128267e-21
cc-pvtz-dk,2.3946973486743373,517.7447516223103,2.3971471272771005e-21,2.4718469480603007e-21,2.611808923119758e-21,2.889517466368371e-21
cc-pvtz-dk,2.3966983491745872,517.312487166771,2.4557997176170664e-21,2.530748616813598e-21,2.6711353232832197e-21,2.9495210802030494e-21
cc-pvtz-dk,2.3986993496748372,516.8809439032325,2.5154729007755982e-21,2.5906519211997022e-21,2.731428306872487e-21,3.010423570635512e-21
cc-pvtz-dk,2.4007003501750876,516.4501200283391,2.5761667604264973e-21,2.651556594404451e-21,2.7926869748656194e-21,3.0722228808411995e-21
cc-pvtz-dk,2.4027013506753376,516.0200137447429,2.6378808704036164e-21,2.7134618324544133e-21,2.8549098395032012e-21,3.1349162613750653e-21
cc-pvtz-dk,2.4047023511755876,515.5906232610776,2.700614918841212e-21,2.7763669220652824e-21,2.9180954589295492e-21,3.198500917680152e-21
cc-pvtz-dk,2.406703351675838,515.1619467919351,2.7643692903862578e-21,2.840271829285289e-21,2.9822430377258467e-21,3.262974633580898e-21
cc-pvtz-dk,2.408704352176088,514.73398255784,2.829145552420561e-21,2.905177694322503e-21,3.0473529377084684e-21,3.3283363131704866e-21
cc-pvtz-dk,2.410705352676338,514.3067287852251,2.8949468021901775e-21,2.971087188686276e-21,3.1134270536984576e-21,3.394586393024275e-21
cc-pvtz-dk,2.4127063531765884,513.8801837064067,2.9617778460966243e-21,3.0380047049904948e-21,3.1804690229225392e-21,3.461727090098667e-21
cc-pvtz-dk,2.4147073536768384,513.4543455595608,3.029645198587716e-21,3.105936365904517e-21,3.2484842527569314e-21,3.5297624665410274e-21
cc-pvtz-dk,2.4167083541770884,513.029212588698,3.0985569044979368e-21,3.1748898552038148e-21,3.3174797680885065e-21,3.598698309375998e-21
cc-pvtz-dk,2.418709354677339,512.60478304364,3.1685222038760628e-21,3.244874089206009e-21,3.387463895169986e-21,3.6685418391494104e-21
cc-pvtz-dk,2.4207103551775884,512.181055179996,3.2395510711066046e-21,3.3158987598665332e-21,3.4584458122410715e-21,3.739301275793376e-21
cc-pvtz-dk,2.422711355677839,511.7580272591369,3.3116536696207677e-21,3.3879737905645055e-21,3.5304350074399385e-21,3.81098530119575e-21
cc-pvtz-dk,2.4247123561780892,511.33569754817404,3.384839769199122e-21,3.461108751599634e-21,3.603440691048138e-21,3.883602465510761e-21
cc-pvtz-dk,2.4267133566783388,510.9140643199341,3.4591181746374054e-21,3.535312284459001e-21,3.677471211651663e-21,3.9571605877756486e-21
cc-pvtz-dk,2.428714357178589,510.4931258529351,3.534496212513815e-21,3.610591582105064e-21,3.752533524415967e-21,4.031666200850948e-21
cc-pvtz-dk,2.4307153576788396,510.0728804313644,3.610979317341619e-21,3.686951967242637e-21,3.828632754682302e-21,4.107124086319287e-21
cc-pvtz-dk,2.432716358179089,509.65332634505455,3.6885707500617035e-21,3.764396602277293e-21,3.905771892007482e-21,4.183536937221754e-21
cc-pvtz-dk,2.4347173586793396,509.2344618894596,3.767271471288999e-21,3.842926354141227e-21,3.983951639244857e-21,4.260905176026009e-21
cc-pvtz-dk,2.43671835917959,508.81628536563323,3.847080179711328e-21,3.922539825078838e-21,4.0631704290567195e-21,4.3392269427846634e-21
cc-pvtz-dk,2.4387193596798395,508.39879508020516,3.927993513327266e-21,4.003233547645902e-21,4.1434246071773746e-21,4.418498254926725e-21
cc-pvtz-dk,2.44072036018009,507.98198934535765,4.010006398599e-21,4.085002329400743e-21,4.224708768665397e-21,4.498713326453126e-21
cc-pvtz-dk,2.44272136068034,507.565866478804,4.093112520894553e-21,4.167839720882622e-21,4.307016221162976e-21,4.5798650214275996e-21
cc-pvtz-dk,2.44472236118059,507.15042480376513,4.1773048795967535e-21,4.251738570297817e-21,4.390339538673832e-21,4.661945405495652e-21
cc-pvtz-dk,2.4467233616808404,506.735662648947,4.2625763837077454e-21,4.336691620628314e-21,4.474671161371792e-21,4.744946350583129e-21
cc-pvtz-dk,2.4487243621810904,506.3215783485189,4.348920439342468e-21,4.422692100317879e-21,4.560003992157571e-21,4.8288601426629214e-21
cc-pvtz-dk,2.4507253626813403,505.90817024209025,4.4363314796910164e-21,4.509734257789917e-21,4.6463319396163766e-21,4.913680041080961e-21
cc-pvtz-dk,2.4527263631815908,505.49543667468896,4.524805391135873e-21,4.597813793108109e-21,4.73365035999091e-21,4.999400740698446e-21
cc-pvtz-dk,2.4547273636818407,505.08337599673933,4.61433979625702e-21,4.68692814712104e-21,4.8219563577807665e-21,5.086018695027839e-21
cc-pvtz-dk,2.4567283641820907,504.6719865640399,4.704934165136093e-21,4.7770766191184115e-21,4.911248915278898e-21,5.173532269257478e-21
cc-pvtz-dk,2.458729364682341,504.26126673774155,4.796589740020463e-21,4.8682602977008344e-21,5.001528835074479e-21,5.2619417058589715e-21
cc-pvtz-dk,2.460730365182591,503.85121488432605,4.889309274035523e-21,4.9604818052263924e-21,5.0927984952745715e-21,5.351248901310895e-21
cc-pvtz-dk,2.462731365682841,503.441829375584,4.983096600960604e-21,5.053744872561939e-21,5.1850614336309934e-21,5.441457009039084e-21
cc-pvtz-dk,2.4647323661830915,503.03310858859345,5.077956068654525e-21,5.148053776477125e-21,5.278321792441816e-21,5.532569899497886e-21
cc-pvtz-dk,2.4667333666833415,502.62505090569863,5.173891882031023e-21,5.243412685375251e-21,5.372583669530695e-21,5.624591521901702e-21
cc-pvtz-dk,2.4687343671835915,502.2176547144884,5.270907411151055e-21,5.3398249687689504e-21,5.467850430408897e-21,5.7175252220894555e-21
cc-pvtz-dk,2.470735367683842,501.8109184077748,5.3690045248998605e-21,5.437292530865718e-21,5.564124041786498e-21,5.811373076271628e-21
cc-pvtz-dk,2.472736368184092,501.4048403835727,5.468183010153439e-21,5.535815228133018e-21,5.661404486230857e-21,5.906135300291581e-21
cc-pvtz-dk,2.474737368684342,500.99941904507784,5.568440130127975e-21,5.635390424582458e-21,5.759689311791684e-21,6.001809788353737e-21
cc-pvtz-dk,2.4767383691845923,500.5946528006463,5.66977036414123e-21,5.736012727139729e-21,5.858973359211136e-21,6.09839182431245e-21
cc-pvtz-dk,2.4787393696848423,500.19054006377394,5.772165355250825e-21,5.837673927800016e-21,5.959248693853156e-21,6.1958739934963754e-21
cc-pvtz-dk,2.4807403701850923,499.7870792530752,5.875614073602853e-21,5.94036316073136e-21,6.060504751126846e-21,6.294246305041368e-21
cc-pvtz-dk,2.4827413706853427,499.3842687922627,5.9801031836001205e-21,6.044067262845083e-21,6.162728684688401e-21,6.393496515525916e-21
cc-pvtz-dk,2.4847423711855927,498.98210711012683,6.085617584115757e-21,6.1487713075251494e-21,6.265905887986873e-21,6.493610626207082e-21
cc-pvtz-dk,2.4867433716858427,498.580592640515,6.19214107481184e-21,6.254459265064401e-21,6.370020643619097e-21,6.594573510152647e-21
cc-pvtz-dk,2.488744372186093,498.17972382231153,6.2996570897984985e-21,6.361114731512248e-21,6.475056843082621e-21,6.696369613633561e-21
cc-pvtz-dk,2.490745372686343,497.77949909941754,6.408149433570573e-21,6.468721661277195e-21,6.580998713038823e-21,6.79898366944413e-21
cc-pvtz-dk,2.492746373186593,497.37991692073047,6.51760295400309e-21,6.577265038567454e-21,6.6878314837446325e-21,6.902401358986416e-21
cc-pvtz-dk,2.4947473736868435,496.9809757401243,6.628004093156332e-21,6.6867314285844614e-21,6.795541940885182e-21,7.006609865021127e-21
cc-pvtz-dk,2.4967483741870935,496.58267401642956,6.739341268094695e-21,6.797109360678028e-21,6.90411881303446e-21,7.111598267387456e-21
cc-pvtz-dk,2.4987493746873435,496.1850102134134,6.851605049669728e-21,6.908389511252135e-21,7.013552962239206e-21,7.21735774863793e-21
cc-pvtz-dk,2.500750375187594,495.7879827997599,6.964788125654285e-21,7.020564672491606e-21,7.123837363208917e-21,7.323881593929957e-21
cc-pvtz-dk,2.502751375687844,495.3915902490505,7.078885053918097e-21,7.13362951215398e-21,7.234966875523873e-21,7.43116498794621e-21
cc-pvtz-dk,2.504752376188094,494.99583103974436,7.193891829645708e-21,7.247580147892086e-21,7.346937831322868e-21,7.539204629312164e-21
cc-pvtz-dk,2.5067533766883443,494.6007036551586,7.309805306229013e-21,7.362413575163178e-21,7.459747476442652e-21,7.647998198316627e-21
cc-pvtz-dk,2.5087543771885943,494.2062065834496,7.426622521069692e-21,7.47812699939489e-21,7.573393314613836e-21,7.757543725398658e-21
cc-pvtz-dk,2.5107553776888443,493.8123383175931,7.544339984206929e-21,7.594717129820258e-21,7.687872411173563e-21,7.867838914936612e-21
cc-pvtz-dk,2.5127563781890947,493.41909735536524,7.662952989070693e-21,7.712179493883896e-21,7.803180714441037e-21,7.978880480944995e-21
cc-pvtz-dk,2.5147573786893442,493.0264821993237,7.782455000909271e-21,7.83050782750696e-21,7.91931244954387e-21,8.090663548436051e-21
cc-pvtz-dk,2.5167583791895947,492.6344913567879,7.902837170171764e-21,7.949693588384796e-21,8.03625963166062e-21,8.203181166961882e-21
cc-pvtz-dk,2.518759379689845,492.2431233398212,8.024088006337527e-21,8.06972562786012e-21,8.154011734310077e-21,8.316423972114959e-21
cc-pvtz-dk,2.5207603801900946,491.8523766652114,8.146193233612861e-21,8.190590042987626e-21,8.272555534666107e-21,8.430380017668706e-21
cc-pvtz-dk,2.522761380690345,491.4622498544517,8.269135834885483e-21,8.312270215497966e-21,8.391875143198817e-21,8.545034786829894e-21
cc-pvtz-dk,2.5247623811905955,491.0727414337229,8.392896275635591e-21,8.434747029765359e-21,8.51195221050753e-21,8.660371376984052e-21
cc-pvtz-dk,2.526763381690845,490.6838499338745,8.517452886285535e-21,8.557999248717048e-21,8.632766291142107e-21,8.776370839447694e-21
cc-pvtz-dk,2.5287643821910955,490.29557389040554,8.642782370620886e-21,8.682004015785364e-21,8.75429533339556e-21,8.893012644981344e-21
cc-pvtz-dk,2.530765382691346,489.90791184344727,8.768860400052963e-21,8.806737443116378e-21,8.876516256119586e-21,9.01027523780117e-21
cc-pvtz-dk,2.5327663831915954,489.52086233774446,8.895662248931152e-21,8.932175241632463e-21,8.999405568895492e-21,9.128136635904827e-21
cc-pvtz-dk,2.534767383691846,489.13442392263664,9.023163424892478e-21,9.0582933472472e-21,9.122939990447414e-21,9.246575033788679e-21
cc-pvtz-dk,2.536768384192096,488.74859515204105,9.151340250169448e-21,9.185068499371532e-21,9.24709702184967e-21,9.365569364946628e-21
cc-pvtz-dk,2.538769384692346,488.36337458443353,9.280170354499224e-21,9.31247873247185e-21,9.371855435513105e-21,9.485099785595005e-21
cc-pvtz-dk,2.5407703851925962,487.9787607828312,9.409633047297062e-21,9.440503748360657e-21,9.497195647667018e-21,9.605148047421614e-21
cc-pvtz-dk,2.542771385692846,487.5947523147747,9.539709545528125e-21,9.569125145578304e-21,9.623099950554821e-21,9.725697735305413e-21
cc-pvtz-dk,2.544772386193096,487.21134775230985,9.67038304364582e-21,9.698326492075599e-21,9.749552590257846e-21,9.846734355338419e-21
cc-pvtz-dk,2.5467733866933466,486.8285456719701,9.801638622480385e-21,9.828093237854869e-21,9.876539686381215e-21,9.968245268544965e-21
cc-pvtz-dk,2.5487743871935966,486.44634465475957,9.933463004486833e-21,9.958412474700786e-21,1.0004049000212722e-20,1.0090219475876412e-20
cc-pvtz-dk,2.5507753876938466,486.06474328613456,1.0065844172745171e-20,1.008927256008225e-20,1.0132069567851848e-20,1.0212647269818108e-20
cc-pvtz-dk,2.552776388194097,485.68374015598664,1.0198770880020374e-20,1.022066263120581e-20,1.0260591223675757e-20,1.0335519776754922e-20
cc-pvtz-dk,2.554777388694347,485.3033338586254,1.0332232081543956e-20,1.0352572042557975e-20,1.0389604046870532e-20,1.0458828421609797e-20
cc-pvtz-dk,2.556778389194597,484.92352299276075,1.046621633052488e-20,1.0484989765640128e-20,1.0519097769159521e-20,1.0582564351744645e-20
cc-pvtz-dk,2.5587793896948474,484.5443061614858,1.0600711178355623e-20,1.0617903792594688e-20,1.0649061184924111e-20,1.0706717860308634e-20
cc-pvtz-dk,2.5607803901950974,484.1656819722602,1.0735702621778837e-20,1.0751300585772682e-20,1.0779481605359718e-20,1.0831277849853474e-20
cc-pvtz-dk,2.5627813906953474,483.78764903689245,1.0871174636773795e-20,1.0885164612850633e-20,1.0910344395987123e-20,1.0956231374946573e-20
cc-pvtz-dk,2.564782391195598,483.4102059715233,1.1007108833638673e-20,1.1019478001895054e-20,1.1041632631766296e-20,1.1081563297709135e-20
cc-pvtz-dk,2.566783391695848,483.03335139660885,1.1143484259904975e-20,1.1154220343011042e-20,1.1173326896444626e-20,1.1207256082881645e-20
cc-pvtz-dk,2.5687843921960978,482.65708393690363,1.1280277367747232e-20,1.1289368653317015e-20,1.1305405243024645e-20,1.1333289749566708e-20
cc-pvtz-dk,2.570785392696348,482.28140222144384,1.1417462151059616e-20,1.1424897510569928e-20,1.1437843320957816e-20,1.1459641985801406e-20
cc-pvtz-dk,2.572786393196598,481.906304883531,1.1555010445151412e-20,1.1560779348609457e-20,1.1570614663636686e-20,1.158628842032407e-20
cc-pvtz-dk,2.574787393696848,481.53179056071497,1.1692892369953067e-20,1.1696984895779383e-20,1.1703691117842539e-20,1.1713203034181566e-20
cc-pvtz-dk,2.5767883941970986,481.1578578947777,1.1831076886665702e-20,1.1833483726557334e-20,1.1837043385940606e-20,1.18403586840893e-20
cc-pvtz-dk,2.5787893946973486,480.7845055317168,1.1969532428826793e-20,1.1970244887675789e-20,1.197064164269057e-20,1.1967727700587438e-20
cc-pvtz-dk,2.5807903951975986,480.411732121729,1.2108227562578737e-20,1.2107237553822075e-20,1.2104456182329773e-20,1.2095282517802602e-20
cc-pvtz-dk,2.582791395697849,480.0395363191942,1.2247131628087971e-20,1.2244431665136926e-20,1.2238458048664733e-20,1.2222996288600782e-20
cc-pvtz-dk,2.584792396198099,479.6679167826592,1.2386215314886221e-20,1.2381798499508398e-20,1.2372619601596656e-20,1.2350843439435621e-20
cc-pvtz-dk,2.586793396698349,479.29687217482115,1.2525451128399975e-20,1.2519311137091457e-20,1.250691497782568e-20,1.2478800123287232e-20
cc-pvtz-dk,2.5887943971985994,478.92640116251204,1.2664813712803026e-20,1.2656944782282122e-20,1.2641320411144585e-20,1.2606844536484928e-20
cc-pvtz-dk,2.5907953976988494,478.55650241668275,1.2804280005978873e-20,1.279467691895225e-20,1.2775814388168134e-20,1.2734957075355487e-20
cc-pvtz-dk,2.5927963981990994,478.1871746123866,1.2943829214983659e-20,1.2932487287280847e-20,1.2910377627733277e-20,1.286312032074053e-20
cc-pvtz-dk,2.5947973986993498,477.8184164287642,1.3083442613950068e-20,1.3070357683998954e-20,1.3044992885556173e-20,1.2991318851510043e-20
cc-pvtz-dk,2.5967983991995998,477.45022654902715,1.322310317978798e-20,1.3208271601221408e-20,1.3179644598975362e-20,1.3119538901211445e-20
cc-pvtz-dk,2.5987993996998497,477.0826036604427,1.3362795093241243e-20,1.334621373119626e-20,1.3314318398679914e-20,1.3247767883881757e-20
cc-pvtz-dk,2.6008004002001,476.7155464543181,1.3502503142886676e-20,1.3484169374297949e-20,1.3449000524257279e-20,1.3375993824864455e-20
cc-pvtz-dk,2.60280140070035,476.349053625985,1.3642212076734363e-20,1.362212379464905e-20,1.3583677187426074e-20,1.350420473944532e-20
cc-pvtz-dk,2.6048024012006,475.9831238747839,1.378190594967783e-20,1.3760061571346635e-20,1.371833393041475e-20,1.36323880057257e-20
cc-pvtz-dk,2.6068034017008506,475.6177559040491,1.3921567514912026e-20,1.389796599315749e-20,1.385295502686995e-20,1.3760529778146355e-20
cc-pvtz-dk,2.6088044022011,475.25294842109304,1.406117770365566e-20,1.4035818540798433e-20,1.3987522968994792e-20,1.3888614484521122e-20
cc-pvtz-dk,2.6108054027013505,474.88870013719105,1.4200715230439047e-20,1.4173598493889477e-20,1.4122018077676665e-20,1.4016624442679046e-20
cc-pvtz-dk,2.612806403201601,474.5250097675665,1.4340156351455005e-20,1.4311282689961006e-20,1.425641826276643e-20,1.4144539623434442e-20
cc-pvtz-dk,2.6148074037018505,474.1618760313756,1.447947479183701e-20,1.4448845451327395e-20,1.4390698949223536e-20,1.427233757540264e-20
cc-pvtz-dk,2.616808404202101,473.7992976516918,1.4618641845139745e-20,1.4586258683118553e-20,1.4524833172449113e-20,1.4399993515044167e-20
cc-pvtz-dk,2.6188094047023514,473.4372733554918,1.4757626635746383e-20,1.4723492133277432e-20,1.4658791833772783e-20,1.452748057321858e-20
cc-pvtz-dk,2.620810405202601,473.07580187364005,1.4896396523352695e-20,1.4860513793820223e-20,1.4792544095665392e-20,1.4654770178370986e-20
cc-pvtz-dk,2.6228114057028513,472.7148819408735,1.5034917618923636e-20,1.499729041295497e-20,1.4926057886649906e-20,1.478183254707556e-20
cc-pvtz-dk,2.6248124062031017,472.354512295788,1.5173155374262328e-20,1.5133788080439273e-20,1.5059300478743652e-20,1.490863724567372e-20
cc-pvtz-dk,2.6268134067033513,471.9946916808227,1.5311075203040973e-20,1.526997284429195e-20,1.519223909604569e-20,1.503515378261729e-20
cc-pvtz-dk,2.6288144072036017,471.6354188422455,1.5448643090038102e-20,1.5405811315874203e-20,1.532484151199499e-20,1.516135219006301e-20
cc-pvtz-dk,2.630815407703852,471.27669253013875,1.5585826147389688e-20,1.5541271222406062e-20,1.5457076594851377e-20,1.5287203555243583e-20
cc-pvtz-dk,2.6328164082041017,470.918511498385,1.572259308163095e-20,1.5676321870921307e-20,1.558891476582893e-20,1.541268046690162e-20
cc-pvtz-dk,2.634817408704352,470.56087450465157,1.585891454270796e-20,1.581093449501824e-20,1.572032834157619e-20,1.5537757349159725e-20
cc-pvtz-dk,2.636818409204602,470.20378031037757,1.5994763335341676e-20,1.5945082464906523e-20,1.5851291741726097e-20,1.566241066400228e-20
cc-pvtz-dk,2.638819409704852,469.84722768075835,1.6130114483385882e-20,1.607874135144016e-20,1.5981781552299574e-20,1.578661897334899e-20
cc-pvtz-dk,2.6408204102051025,469.49121538473196,1.6264945148332647e-20,1.6211888845267987e-20,1.611177644605424e-20,1.5910362861740494e-20
cc-pvtz-dk,2.6428214107053525,469.13574219496496,1.6399234413113038e-20,1.6344504542159182e-20,1.6241256970668283e-20,1.603362473019903e-20
cc-pvtz-dk,2.6448224112056025,468.78080688783814,1.6532962951100703e-20,1.6476569614262413e-20,1.6370205224239174e-20,1.6156388480192244e-20
cc-pvtz-dk,2.646823411705853,468.4264082434322,1.6666112607179095e-20,1.6608066393964567e-20,1.64986044443977e-20,1.627863911327312e-20
cc-pvtz-dk,2.648824412206103,468.07254504551463,1.6798665922463392e-20,1.6738977901716253e-20,1.6626438541983375e-20,1.640036227650012e-20
cc-pvtz-dk,2.650825412706353,467.71921608152485,1.6930605636556557e-20,1.6869287351468468e-20,1.6753691612482746e-20,1.6521543785950483e-20
cc-pvtz-dk,2.6528264132066033,467.3664201425608,1.706191420104166e-20,1.6998977667194508e-20,1.6880347458274145e-20,1.6642169160503344e-20
cc-pvtz-dk,2.6548274137068533,467.0141560233654,1.719257333544073e-20,1.7128031041522453e-20,1.7006389152316795e-20,1.6762223195748017e-20
cc-pvtz-dk,2.6568284142071033,466.6624225223122,1.7322563652433662e-20,1.7256428563103292e-20,1.713179866959019e-20,1.688168960367618e-20
cc-pvtz-dk,2.6588294147073537,466.31121844139227,1.7451864373184845e-20,1.7384149933439785e-20,1.7256556606775838e-20,1.700055073817541e-20
cc-pvtz-dk,2.6608304152076037,465.9605425862004,1.7580453146710958e-20,1.7511173287037315e-20,1.7380642003905196e-20,1.7118787419765266e-20
cc-pvtz-dk,2.6628314157078536,465.6103937659215,1.7708305979897766e-20,1.7637475121463783e-20,1.7504032274520134e-20,1.7236378866035268e-20
cc-pvtz-dk,2.664832416208104,465.260770793317,1.7835397277579708e-20,1.776303033675938e-20,1.7626703243836616e-20,1.7353302727371797e-20
cc-pvtz-dk,2.666833416708354,464.911672484712,1.7961699985508548e-20,1.7887812377090893e-20,1.7748629287934875e-20,1.7469535221252968e-20
cc-pvtz-dk,2.668834417208604,464.5630976599813,1.8087185823431897e-20,1.8011793461972788e-20,1.7869783561489283e-20,1.7585051353007435e-20
cc-pvtz-dk,2.6708354177088545,464.21504514253604,1.8211825591132992e-20,1.8134944890031467e-20,1.7990138297249717e-20,1.7699825206722064e-20
cc-pvtz-dk,2.6728364182091044,463.86751375931124,1.8335589527287942e-20,1.8257237395307646e-20,1.810966515753139e-20,1.7813830287081678e-20
cc-pvtz-dk,2.6748374187093544,463.5205023407518,1.8458447699384426e-20,1.8378641534484642e-20,1.8228335616371987e-20,1.7927039891344742e-20
cc-pvtz-dk,2.676838419209605,463.1740097207998,1.8580370402633836e-20,1.849912808311567e-20,1.8346121350695126e-20,1.803942749032785e-20
cc-pvtz-dk,2.678839419709855,462.8280347368814,1.870132854664068e-20,1.861866841974585e-20,1.8462994619624482e-20,1.8150967098042275e-20
cc-pvtz-dk,2.680840420210105,462.48257622989365,1.8821294010365257e-20,1.8737234878582926e-20,1.8578928612824667e-20,1.82616336113037e-20
cc-pvtz-dk,2.6828414207103553,462.13763304419166,1.8940239948412273e-20,1.8854801053849585e-20,1.8693897751190565e-20,1.8371403103015676e-20
cc-pvtz-dk,2.6848424212106052,461.7932040275759,1.9058141034698032e-20,1.897134204194991e-20,1.8807877926168467e-20,1.848025305571263e-20
cc-pvtz-dk,2.686843421710855,461.4492880312791,1.9174973632909408e-20,1.9086834610920876e-20,1.8920846667288778e-20,1.8588162525163022e-20
cc-pvtz-dk,2.6888444222111056,461.10588390995343,1.9290715886734533e-20,1.9201257290182896e-20,1.9032783230989578e-20,1.8695112227245534e-20
cc-pvtz-dk,2.6908454227113556,460.76299052165825,1.9405347726510213e-20,1.9314590377244132e-20,1.9143668607405244e-20,1.8801084544817098e-20
cc-pvtz-dk,2.6928464232116056,460.4206067278469,1.951885079262205e-20,1.942681586167951e-20,1.925348544541449e-20,1.8906063454820217e-20
cc-pvtz-dk,2.694847423711856,460.0787313933543,1.9631208279647066e-20,1.953791727033502e-20,1.9362217899826213e-20,1.901003437937061e-20
cc-pvtz-dk,2.696848424212106,459.7373633863847,1.9742404708787318e-20,1.964787944124312e-20,1.9469851408073087e-20,1.911298396797012e-20
cc-pvtz-dk,2.698849424712356,459.3965015784986,1.98524256395284e-20,1.9756688237099877e-20,1.9576372407107952e-20,1.9214899821233696e-20
cc-pvtz-dk,2.7008504252126064,459.0561448446008,1.9961257334565305e-20,1.9864330212245062e-20,1.96817680042545e-20,1.931577016950606e-20
cc-pvtz-dk,2.7028514257128564,458.71629206292795,2.0068886394741953e-20,1.9970792249777066e-20,1.978602561842907e-20,1.9415583522353458e-20
cc-pvtz-dk,2.7048524262131064,458.37694211503606,2.017529938288505e-20,2.00760611875613e-20,1.9889132610260984e-20,1.9514328306991878e-20
cc-pvtz-dk,2.706853426713357,458.03809388578816,2.0280482456807557e-20,2.018012345328312e-20,1.9991075921027447e-20,1.9611992515089555e-20
cc-pvtz-dk,2.7088544272136064,457.6997462633426,2.0384421032236364e-20,2.0282964729181127e-20,2.009184174081215e-20,1.970856337788856e-20
cc-pvtz-dk,2.710855427713857,457.36189813914007,2.0487099495837226e-20,2.038456966652632e-20,2.019141522574748e-20,1.9804027089080814e-20
cc-pvtz-dk,2.712856428214107,457.02454840789227,2.0588500986759866e-20,2.0484921668180105e-20,2.0289780282500753e-20,1.9898368593240062e-20
cc-pvtz-dk,2.7148574287143568,456.6876959675696,2.068860726218551e-20,2.058400275464651e-20,2.038691943529062e-20,1.999157145482434e-20
cc-pvtz-dk,2.716858429214607,456.3513397193887,2.07873986582672e-20,2.0681793524969293e-20,2.048281378670664e-20,2.0083617818856018e-20
cc-pvtz-dk,2.7188594297148576,456.0154785678012,2.0884854152769738e-20,2.0778273218770548e-20,2.0577443078608228e-20,2.0174488469507424e-20
cc-pvtz-dk,2.720860430215107,455.68011142048175,2.0980951529877384e-20,2.0873419879920222e-20,2.0670785853631023e-20,2.0264162987195322e-20
cc-pvtz-dk,2.7228614307153576,455.34523718831525,2.1075667641372165e-20,2.0967210616090733e-20,2.0762819711652734e-20,2.0352619998733835e-20
cc-pvtz-dk,2.724862431215608,455.01085478538636,2.1168978752089097e-20,2.1059621942183353e-20,2.0853521649357462e-20,2.0439837508996848e-20
cc-pvtz-dk,2.7268634317158575,454.6769631289672,2.1260860951662118e-20,2.1150630189745204e-20,2.0942868465218193e-20,2.0525793296821705e-20
cc-pvtz-dk,2.728864432216108,454.343561139505,2.135129060952049e-20,2.1240211959462142e-20,2.1030837207221988e-20,2.0610465352970895e-20
cc-pvtz-dk,2.730865432716358,454.01064774061183,2.1440244846296057e-20,2.1328344590027374e-20,2.1117405636903924e-20,2.0693832334265234e-20
cc-pvtz-dk,2.732866433216608,453.67822185905186,2.1527701992600062e-20,2.1415006614491033e-20,2.1202552681074527e-20,2.0775874005846588e-20
cc-pvtz-dk,2.7348674337168584,453.3462824247302,2.1613642005771918e-20,2.1500178174838745e-20,2.1286258842265853e-20,2.085657164316351e-20
cc-pvtz-dk,2.7368684342171083,453.01482837068176,2.169804681681994e-20,2.1583841367155326e-20,2.1368506540511687e-20,2.0935908366824315e-20
cc-pvtz-dk,2.7388694347173583,452.6838586330594,2.1780900583352214e-20,2.1665980493290537e-20,2.144928036260344e-20,2.1013869386916733e-20
cc-pvtz-dk,2.7408704352176088,452.35337215112247,2.186218982967339e-20,2.1746582200294834e-20,2.1528567200264976e-20,2.1090442138591877e-20
cc-pvtz-dk,2.7428714357178587,452.02336786722594,2.1941903462105087e-20,2.1825635495742342e-20,2.1606356265475137e-20,2.1165616297365428e-20
cc-pvtz-dk,2.7448724362181087,451.69384472680883,2.20200326555438e-20,2.1903131634975157e-20,2.1682638979009783e-20,2.123938367028078e-20
cc-pvtz-dk,2.746873436718359,451.3648016783828,2.2096570615782945e-20,2.1979063884773248e-20,2.1757408736664293e-20,2.131173796730315e-20
cc-pvtz-dk,2.748874437218609,451.0362376735214,2.217151223060416e-20,2.2053427176389332e-20,2.183066056597002e-20,2.138267446549905e-20
cc-pvtz-dk,2.750875437718859,450.70815166684855,2.2244853630485387e-20,2.2126217668688572e-20,2.1902390693939926e-20,2.1452189586117644e-20
cc-pvtz-dk,2.7528764382191095,450.3805426160276,2.231659168638938e-20,2.2197432248712865e-20,2.1972596052889702e-20,2.152028041106308e-20
cc-pvtz-dk,2.7548774387193595,450.05340948175046,2.2386723476978552e-20,2.2267068001843573e-20,2.204127375618164e-20,2.1586944169940526e-20
cc-pvtz-dk,2.7568784392196095,449.72675122772637,2.245524576034173e-20,2.2335121686458992e-20,2.2108420578428658e-20,2.1652177731483946e-20
cc-pvtz-dk,2.75887943971986,449.40056682067086,2.2522154485658668e-20,2.2401589248319078e-20,2.217403247502422e-20,2.171597713348629e-20
cc-pvtz-dk,2.76088044022011,449.0748552302953,2.2587444378084078e-20,2.2466465407775465e-20,2.2238104173748058e-20,2.1778337183275107e-20
cc-pvtz-dk,2.76288144072036,448.74961542929566,2.265110862559629e-20,2.2529743348392107e-20,2.2300628866729806e-20,2.1839251156399523e-20
cc-pvtz-dk,2.7648824412206103,448.42484639334174,2.2713138689907368e-20,2.2591414528949722e-20,2.236159802450917e-20,2.1898710614790958e-20
cc-pvtz-dk,2.7668834417208603,448.1005471010667,2.2773524255213845e-20,2.2651468632535882e-20,2.2421001345748172e-20,2.1956705357655108e-20
cc-pvtz-dk,2.7688844422211103,447.776716534056,2.2832253319159642e-20,2.2709893657068335e-20,2.247882684689703e-20,2.201322350930371e-20
cc-pvtz-dk,2.7708854427213607,447.4533536768369,2.2889312420559396e-20,2.276667614183126e-20,2.2535061086453576e-20,2.2068251738688226e-20
cc-pvtz-dk,2.7728864432216107,447.1304575168681,2.2944686988909143e-20,2.282180151513684e-20,2.258968950909065e-20,2.212177559624075e-20
cc-pvtz-dk,2.7748874437218607,446.80802704452856,2.299836179219687e-20,2.2875254539757774e-20,2.2642696886550428e-20,2.217377994543745e-20
cc-pvtz-dk,2.776888444222111,446.4860612531075,2.3050321452656098e-20,2.2927019825944883e-20,2.2694067825444478e-20,2.2224249459886982e-20
cc-pvtz-dk,2.778889444722361,446.16455913879383,2.3100550995399674e-20,2.2977082377162524e-20,2.2743787307464893e-20,2.2273169152209744e-20
cc-pvtz-dk,2.780890445222611,445.8435197006656,2.3149036392683458e-20,2.3025428131497546e-20,2.279184122535345e-20,2.2320524898855452e-20
cc-pvtz-dk,2.7828914457228615,445.52294194067946,2.3195765067045955e-20,2.3072044462188073e-20,2.283821687845682e-20,2.2366303925466987e-20
cc-pvtz-dk,2.7848924462231115,445.20282486366085,2.324072631970752e-20,2.311692060383642e-20,2.2882903394775424e-20,2.24104952204e-20
cc-pvtz-dk,2.7868934467233615,444.8831674772931,2.3283911656146472e-20,2.3160047976371168e-20,2.29258920518519e-20,2.2453089849317916e-20
cc-pvtz-dk,2.788894447223612,444.5639687921076,2.3325314988271713e-20,2.3201420386282813e-20,2.2967176476222867e-20,2.2494081150991848e-20
cc-pvtz-dk,2.790895447723862,444.24522782147335,2.3364932701503914e-20,2.324103409350094e-20,2.3006752709907063e-20,2.2533464802991208e-20
cc-pvtz-dk,2.792896448224112,443.92694358158695,2.3402763584683492e-20,2.3278887741834627e-20,2.3044619141858186e-20,2.2571238755202643e-20
cc-pvtz-dk,2.7948974487243623,443.6091150914623,2.3438808630316625e-20,2.331498216044087e-20,2.308077631175678e-20,2.2607403038363433e-20
cc-pvtz-dk,2.7968984492246123,443.29174137292074,2.347307072154038e-20,2.334932005260945e-20,2.311522660225279e-20,2.2641959463354332e-20
cc-pvtz-dk,2.7988994497248623,442.97482145058086,2.3505554229689327e-20,2.3381905595616604e-20,2.3147973843162492e-20,2.2674911234243214e-20
cc-pvtz-dk,2.8009004502251127,442.6583543518485,2.3536264551951716e-20,2.3412743980978118e-20,2.3179022856649838e-20,2.270626250349215e-20
cc-pvtz-dk,2.8029014507253622,442.34233910690705,2.3565207621947474e-20,2.3441840927761112e-20,2.3208378975722294e-20,2.273601790098257e-20
cc-pvtz-dk,2.8049024512256127,442.02677474870694,2.3592389426952494e-20,2.3469202202503144e-20,2.323604756925472e-20,2.276418206938786e-20
cc-pvtz-dk,2.806903451725863,441.7116603129566,2.3617815563941506e-20,2.3494833177743913e-20,2.3262033605229755e-20,2.2790759236935887e-20
cc-pvtz-dk,2.8089044522261126,441.3969948381122,2.3641490862813923e-20,2.3518738457387378e-20,2.3286341280134532e-20,2.2815752854936882e-20
cc-pvtz-dk,2.810905452726363,441.0827773653675,2.3663419099460052e-20,2.3540921591434475e-20,2.3308973736832264e-20,2.283916532194775e-20
cc-pvtz-dk,2.8129064532266135,440.7690069386448,2.3683602814205128e-20,2.3561384895543316e-20,2.3329932886213686e-20,2.2860997809573164e-20
cc-pvtz-dk,2.814907453726863,440.4556826045851,2.3702043243212793e-20,2.358012938295826e-20,2.334921934009526e-20,2.2881250197224156e-20
cc-pvtz-dk,2.8169084542271134,440.1428034125377,2.3718740362255308e-20,2.35971548082174e-20,2.336683245477871e-20,2.2899921115264754e-20
cc-pvtz-dk,2.818909454727364,439.83036841455186,2.3733693034475756e-20,2.3612459814305745e-20,2.3382770477020773e-20,2.2917008088466055e-20
cc-pvtz-dk,2.8209104552276134,439.51837666536625,2.3746899246934767e-20,2.3626042168124893e-20,2.3397030777432983e-20,2.293250776509501e-20
cc-pvtz-dk,2.822911455727864,439.2068272223994,2.375835641531146e-20,2.363789906375576e-20,2.3409610150991926e-20,2.2946416211734774e-20
cc-pvtz-dk,2.824912456228114,438.8957191457411,2.3768061732453827e-20,2.3648027469336663e-20,2.342050516072332e-20,2.2958729250392372e-20
cc-pvtz-dk,2.826913456728364,438.5850514981419,2.3776012534736308e-20,2.36564244916515e-20,2.3429712498914854e-20,2.2969442812777087e-20
cc-pvtz-dk,2.8289144572286142,438.2748233450044,2.3782206660417546e-20,2.3663087732757316e-20,2.3437229340445502e-20,2.2978553286862657e-20
cc-pvtz-dk,2.830915457728864,437.96503375437356,2.378664277628467e-20,2.3668015615063252e-20,2.3443053664881383e-20,2.2986057832866096e-20
cc-pvtz-dk,2.832916458229114,437.65568179692747,2.3789320652569293e-20,2.3671207654951785e-20,2.3447184527629372e-20,2.2991954649340865e-20
cc-pvtz-dk,2.8349174587293646,437.34676654596785,2.3790241371064384e-20,2.367266466995007e-20,2.3449622265305542e-20,2.2996243174844234e-20
cc-pvtz-dk,2.8369184592296146,437.0382870774114,2.3789407457117444e-20,2.367238891017415e-20,2.345036862613054e-20,2.2998924216172127e-20
cc-pvtz-dk,2.8389194597298646,436.73024246977974,2.3786822932246043e-20,2.3670384110805526e-20,2.344942682213738e-20,2.3e-20
cc-pvtz-dk,2.840920460230115,436.42263180419087,2.3782493290029495e-20,2.3666655468235385e-20,2.3446801505791486e-20,2.2999474150457407e-20
cc-pvtz-dk,2.842921460730365,436.1154541643498,2.3776425403233147e-20,2.3661209547785672e-20,2.34424986788426e-20,2.299735160027411e-20
cc-pvtz-dk,2.844922461230615,435.8087086365395,2.3768627374439187e-20,2.3654054135211353e-20,2.3436525545480988e-20,2.29936384473007e-20
cc-pvtz-dk,2.8469234617308654,435.50239430961165,2.3759108345514883e-20,2.364519804723083e-20,2.3428890324884953e-20,2.2988341771164925e-20
cc-pvtz-dk,2.8489244622311154,435.19651027497804,2.374787828288076e-20,2.3634650917957147e-20,2.341960203986131e-20,2.2981469426415118e-20
cc-pvtz-dk,2.8509254627313654,434.8910556266012,2.3734947755712222e-20,2.3622422978276332e-20,2.340867029845931e-20,2.2973029828690793e-20
cc-pvtz-dk,2.852926463231616,434.5860294609854,2.3720327723001505e-20,2.3608524844023483e-20,2.339610508426251e-20,2.2963031749324446e-20
cc-pvtz-dk,2.854927463731866,434.28143087716836,2.3704029343020964e-20,2.359296732643772e-20,2.3381916568725366e-20,2.2951484131504904e-20
cc-pvtz-dk,2.8569284642321158,433.9772589767116,2.368606381544644e-20,2.3575761275115722e-20,2.336611495569936e-20,2.2938395937991018e-20
cc-pvtz-dk,2.858929464732366,433.673512863692,2.3666442262567247e-20,2.3556917459873636e-20,2.3348710364525766e-20,2.2923776036683865e-20
cc-pvtz-dk,2.860930465232616,433.37019164469314,2.3645175652004183e-20,2.353644649394324e-20,2.33297127541292e-20,2.2907633126506607e-20
cc-pvtz-dk,2.862931465732866,433.0672944287961,2.3622274759542077e-20,2.3514358797131605e-20,2.3309131886784223e-20,2.2889975702352175e-20
cc-pvtz-dk,2.8649324662331166,432.7648203275711,2.359775016739491e-20,2.3490664594298326e-20,2.3286977326978042e-20,2.2870812054663276e-20
cc-pvtz-dk,2.8669334667333666,432.4627684550689,2.3571612290717057e-20,2.3465373942007446e-20,2.326325846830962e-20,2.2850150296757533e-20
cc-pvtz-dk,2.8689344672336166,432.1611379278117,2.3543871423632787e-20,2.343849677467072e-20,2.3237984579827605e-20,2.2827998411478438e-20
cc-pvtz-dk,2.870935467733867,431.85992786478477,2.351453779555117e-20,2.3410042960989125e-20,2.321116486269044e-20,2.2804364308215974e-20
cc-pvtz-dk,2.872936468234117,431.55913738742817,2.3483621629037045e-20,2.3380022361993137e-20,2.3182808508507097e-20,2.2779255881777417e-20
cc-pvtz-dk,2.874937468734367,431.25876561962764,2.3451133191897365e-20,2.3348444883357404e-20,2.3152924752066268e-20,2.2752681065886202e-20
cc-pvtz-dk,2.8769384692346174,430.95881168770643,2.341708283821152e-20,2.3315320516719784e-20,2.3121522913187056e-20,2.2724647876051376e-20
cc-pvtz-dk,2.8789394697348674,430.659274720417,2.3381481035522118e-20,2.3280659367207147e-20,2.3088612424867845e-20,2.2695164438933853e-20
cc-pvtz-dk,2.8809404702351173,430.3601538489321,2.3344338378018403e-20,2.324447166697306e-20,2.3054202847486933e-20,2.2664239007859466e-20
cc-pvtz-dk,2.8829414707353678,430.0614482068367,2.3305665587994834e-20,2.3206767776992698e-20,2.3018303871229802e-20,2.2631879966509822e-20
cc-pvtz-dk,2.8849424712356178,429.76315693011964,2.3265473509888618e-20,2.3167558181375998e-20,2.2980925310922807e-20,2.259809582480439e-20
cc-pvtz-dk,2.8869434717358677,429.4652791571651,2.322377310257884e-20,2.31268534798388e-20,2.2942077098830727e-20,2.2562895212362383e-20
cc-pvtz-dk,2.888944472236118,429.16781402874454,2.3180575436228833e-20,2.3084664384575063e-20,2.2901769281587975e-20,2.252628687556333e-20
cc-pvtz-dk,2.890945472736368,428.87076068800826,2.313589169971117e-20,2.3041001727540817e-20,2.2860012027219166e-20,2.2488279684048117e-20
cc-pvtz-dk,2.892946473236618,428.57411828047725,2.3089733223605467e-20,2.2995876483124796e-20,2.2816815647194535e-20,2.2448882651545265e-20
cc-pvtz-dk,2.8949474737368686,428.27788595403484,2.3042111522010703e-20,2.294929980944874e-20,2.2772190636765466e-20,2.2408104974270494e-20
cc-pvtz-dk,2.896948474237118,427.98206285891905,2.2993038354150577e-20,2.2901283109295166e-20,2.272614773461409e-20,2.2365956088006562e-20
cc-pvtz-dk,2.8989494747373685,427.6866481477135,2.2942525804201862e-20,2.28518381091296e-20,2.2678698000354203e-20,2.232244574254238e-20
cc-pvtz-dk,2.900950475237619,427.3916409753405,2.289058637520807e-20,2.280097695213317e-20,2.2629852905900515e-20,2.22775840896926e-20
cc-pvtz-dk,2.9029514757378685,427.09704049905224,2.2837233090614867e-20,2.2748712298848456e-20,2.2579624434434957e-20,2.2231381778880957e-20
cc-pvtz-dk,2.904952476238119,426.8028458784226,2.2782479595130446e-20,2.2695057427217044e-20,2.252802517889074e-20,2.2183850052494996e-20
cc-pvtz-dk,2.9069534767383693,426.50905627533984,2.272634024547442e-20,2.2640026322650886e-20,2.2475068430744327e-20,2.2135000832100845e-20
cc-pvtz-dk,2.908954477238619,426.2156708539983,2.2668830181275987e-20,2.2583633748473457e-20,2.242076824959373e-20,2.208484678628315e-20
cc-pvtz-dk,2.9109554777388693,425.92268878089016,2.2609965366987e-20,2.252589528766254e-20,2.2365139504579422e-20,2.2033401371416627e-20
cc-pvtz-dk,2.9129564782391197,425.63010922479816,2.25497625971775e-20,2.2466827348312427e-20,2.2308197880160844e-20,2.1980678838073455e-20
cc-pvtz-dk,2.9149574787393693,425.3379313567874,2.248823945988729e-20,2.2406447127518957e-20,2.224995984100751e-20,2.1926694197937236e-20
cc-pvtz-dk,2.9169584792396197,425.0461543501972,2.2425414255659053e-20,2.2344772531317153e-20,2.2190442553643247e-20,2.1871463148879504e-20
cc-pvtz-dk,2.9189594797398697,424.7547773806341,2.2361305873247345e-20,2.2281822051643226e-20,2.2129663765772276e-20,2.181500195904132e-20
cc-pvtz-dk,2.9209604802401197,424.46379962596336,2.229593362651957e-20,2.2217614604786362e-20,2.206764164765741e-20,2.1757327314100092e-20
cc-pvtz-dk,2.92296148074037,424.17322026630154,2.222931706045234e-20,2.215216933915735e-20,2.2004394603233837e-20,2.169845613511672e-20
cc-pvtz-dk,2.92496248124062,423.8830384840089,2.2161475737090643e-20,2.2085505423143547e-20,2.193994106154312e-20,2.1638405377177814e-20
cc-pvtz-dk,2.92696348174087,423.59325346368144,2.2092429014617952e-20,2.2017641826084636e-20,2.1874299261307938e-20,2.1577191821224024e-20
cc-pvtz-dk,2.9289644822411205,423.30386439214345,2.2022195834069397e-20,2.1948597106779863e-20,2.180748704282953e-20,2.1514831872786846e-20
cc-pvtz-dk,2.9309654827413705,423.01487045844,2.1950794528553787e-20,2.187838922427254e-20,2.1739521661726696e-20,2.1451341381696486e-20
cc-pvtz-dk,2.9329664832416205,422.72627085382913,2.1878242669067538e-20,2.1807035384884965e-20,2.1670419638282144e-20,2.1386735496108395e-20
cc-pvtz-dk,2.934967483741871,422.4380647717743,2.1804556959097053e-20,2.173455193760964e-20,2.160019665433079e-20,2.132102856243658e-20
cc-pvtz-dk,2.936968484242121,422.15025140793733,2.1729753187319916e-20,2.166095432710382e-20,2.152886750681634e-20,2.1254234080074772e-20
cc-pvtz-dk,2.938969484742371,421.86282996017025,2.165384624401465e-20,2.1586257109866164e-20,2.145644612353623e-20,2.1186364716304277e-20
cc-pvtz-dk,2.9409704852426213,421.5757996285082,2.157685020252723e-20,2.151047403494927e-20,2.1382945642438106e-20,2.1117432382767864e-20
cc-pvtz-dk,2.9429714857428713,421.2891596151623,2.1498778462624043e-20,2.1433618186080167e-20,2.1308378551419447e-20,2.104744837061828e-20
cc-pvtz-dk,2.9449724862431212,421.00290912451163,2.1419643948118298e-20,2.1355702177652858e-20,2.1232756881239348e-20,2.0976423537240403e-20
cc-pvtz-dk,2.9469734867433717,420.71704736309624,2.1339459347124123e-20,2.1276738393054102e-20,2.115609244020517e-20,2.0904368533614688e-20
cc-pvtz-dk,2.9489744872436217,420.4315735396098,2.12582373799804e-20,2.1196739250493757e-20,2.1078397076049837e-20,2.0831294058229626e-20
cc-pvtz-dk,2.9509754877438716,420.1464868648924,2.1175991077556106e-20,2.111571747919445e-20,2.0999682948124323e-20,2.0757211121213043e-20
cc-pvtz-dk,2.952976488244122,419.8617865519227,2.1092734051494338e-20,2.1033686387643623e-20,2.0919962791884955e-20,2.0682131301220937e-20
cc-pvtz-dk,2.954977488744372,419.57747181581175,2.1008480738078007e-20,2.095066010573025e-20,2.0839250157761047e-20,2.0606066977702698e-20
cc-pvtz-dk,2.956978489244622,419.29354187379465,2.0923246598819568e-20,2.0866653783990452e-20,2.0757559607858616e-20,2.0529031522467988e-20
cc-pvtz-dk,2.9589794897448725,419.009995945224,2.0837048263506618e-20,2.078168373579061e-20,2.067490685651186e-20,2.0451039436939264e-20
cc-pvtz-dk,2.9609804902451224,418.72683325156277,2.074990360509721e-20,2.0695767511906328e-20,2.0591308844263277e-20,2.0372106424919886e-20
cc-pvtz-dk,2.9629814907453724,418.44405301637687,2.0661831740303685e-20,2.0608923901363814e-20,2.0506783739192168e-20,2.0292249394906757e-20
cc-pvtz-dk,2.964982491245623,418.1616544653281,2.057285295462004e-20,2.052117285728853e-20,2.0421350864317026e-20,2.0211486390634762e-20
cc-pvtz-dk,2.966983491745873,417.8796368261676,2.0482988555588414e-20,2.0432535351508878e-20,2.033503055472951e-20,2.012983645332907e-20
cc-pvtz-dk,2.968984492246123,417.5979993287279,2.039226066291167e-20,2.0343033166440177e-20,2.0247843952830577e-20,2.0047319423723573e-20
cc-pvtz-dk,2.9709854927463732,417.31674120491664,2.0300691948263398e-20,2.0252688636990113e-20,2.0159812754201806e-20,1.9963955695957648e-20
cc-pvtz-dk,2.9729864932466232,417.03586168870936,2.02083053410268e-20,2.016152435858626e-20,2.007095891996471e-20,1.9879765938703074e-20
cc-pvtz-dk,2.974987493746873,416.7553600161426,2.0115123718477326e-20,2.006956287969721e-20,1.9981304373728885e-20,1.9794770801075084e-20
cc-pvtz-dk,2.9769884942471236,416.4752354253066,2.0021169599958203e-20,1.9976826398250783e-20,1.98908707022566e-20,1.970899062189814e-20
cc-pvtz-dk,2.9789894947473736,416.1954871563392,1.9926464864314482e-20,1.988333648107574e-20,1.979967887870766e-20,1.962244516065986e-20
cc-pvtz-dk,2.9809904952476236,415.916114451418,1.9831030508280306e-20,1.9789113823938815e-20,1.9707749025803603e-20,1.953515336702283e-20
cc-pvtz-dk,2.982991495747874,415.6371165547543,1.9734886460769998e-20,1.969417806702829e-20,1.9615100233575087e-20,1.9447133203179953e-20
cc-pvtz-dk,2.984992496248124,415.35849271258587,1.9638051464302975e-20,1.9598547677045322e-20,1.9521750442723404e-20,1.9358401529821466e-20
cc-pvtz-dk,2.986993496748374,415.08024217317035,1.9540543030353105e-20,1.9502239902659407e-20,1.9427716400287932e-20,1.926897406227445e-20
cc-pvtz-dk,2.9889944972486244,414.8023641867782,1.9442377470564563e-20,1.940527080527288e-20,1.933301368956909e-20,1.9178865398773134e-20
cc-pvtz-dk,2.990995497748874,414.5248580056866,1.9343570000843743e-20,1.9307655362143057e-20,1.923765683142939e-20,1.9088089118130022e-20
cc-pvtz-dk,2.9929964982491244,414.2477228841718,1.924413491065437e-20,1.9209407634262382e-20,1.914165944951032e-20,1.899665793962066e-20
cc-pvtz-dk,2.994997498749375,413.9709580785034,1.914408578571941e-20,1.9110540987301873e-20,1.9045034487862015e-20,1.8904583933963536e-20
cc-pvtz-dk,2.9969984992496244,413.6945628469371,1.904343576903517e-20,1.901106835064661e-20,1.894779446624707e-20,1.8811878771123028e-20
cc-pvtz-dk,2.998999499749875,413.4185364497081,1.894219784284098e-20,1.8911002497303215e-20,1.8849951756155868e-20,1.8718553988490194e-20
cc-pvtz-dk,3.0010005002501248,413.14287814902485,1.8840385113098478e-20,1.881035632637335e-20,1.8751518859491592e-20,1.8624621261931462e-20
cc-pvtz-dk,3.003001500750375,412.8675872090621,1.873801107816952e-20,1.8709143129916213e-20,1.8652508672001057e-20,1.853009266229127e-20
cc-pvtz-dk,3.005002501250625,412.59266289595473,1.86350898647214e-20,1.8607376827347043e-20,1.8552934714822246e-20,1.8434980881172704e-20
cc-pvtz-dk,3.007003501750875,412.3181044777907,1.8531636416316092e-20,1.8505072152923384e-20,1.8452811319880355e-20,1.8339299412092792e-20
cc-pvtz-dk,3.0090045022511256,412.0439112246051,1.8427666623484273e-20,1.8402244785184797e-20,1.8352153758121508e-20,1.82430626762546e-20
cc-pvtz-dk,3.0110055027513756,411.77008240837347,1.8323197388101014e-20,1.829891141119394e-20,1.8250978303491892e-20,1.8146286085968052e-20
cc-pvtz-dk,3.0130065032516256,411.49661730300517,1.8218246619289887e-20,1.819508972280128e-20,1.8149302229877174e-20,1.8048986042924135e-20
cc-pvtz-dk,3.015007503751876,411.2235151843371,1.8112833162584237e-20,1.809079834662331e-20,1.8047143742619515e-20,1.7951179872797808e-20
cc-pvtz-dk,3.017008504252126,410.95077533012767,1.8006976668360695e-20,1.7986056713679518e-20,1.794452185042693e-20,1.7852885701734305e-20
cc-pvtz-dk,3.019009504752376,410.6783970200497,1.790069740935149e-20,1.7880884878400135e-20,1.7841456187208346e-20,1.7754122283895376e-20
cc-pvtz-dk,3.0210105052526264,410.40637953568466,1.779401606009154e-20,1.7775303299748196e-20,1.773796679636666e-20,1.7654908792172207e-20
cc-pvtz-dk,3.0230115057528764,410.1347221605163,1.7686953453276426e-20,1.766933259931099e-20,1.763407389217567e-20,1.7555264586229373e-20
cc-pvtz-dk,3.0250125062531263,409.8634241799239,1.7579530329077244e-20,1.756299331228579e-20,1.752979761393667e-20,1.7455208973112262e-20
cc-pvtz-dk,3.0270135067533763,409.5924848811767,1.7471767093433903e-20,1.7456305647268686e-20,1.7425157788610392e-20,1.7354760975681332e-20
cc-pvtz-dk,3.0290145072536268,409.3219035534269,1.7363683600260415e-20,1.7349289269684152e-20,1.7320173716579393e-20,1.7253939123157217e-20
cc-pvtz-dk,3.0310155077538767,409.05167948770423,1.7255298970447906e-20,1.7241963121667236e-20,1.7214863993212803e-20,1.7152761276162774e-20
cc-pvtz-dk,3.0330165082541267,408.7818119769091,1.7146631457712108e-20,1.7134345288398573e-20,1.710924637614435e-20,1.7051244495989234e-20
cc-pvtz-dk,3.035017508754377,408.5123003158068,1.7037698367919352e-20,1.7026452917508505e-20,1.700333770484591e-20,1.6949404964596563e-20
cc-pvtz-dk,3.037018509254627,408.24314380102123,1.692851603478654e-20,1.6918302194457648e-20,1.689715387542519e-20,1.6847257958316113e-20
cc-pvtz-dk,3.039019509754877,407.9743417310288,1.6819099851053707e-20,1.6809908373031505e-20,1.6790709869858214e-20,1.674481787461096e-20
cc-pvtz-dk,3.0410205102551275,407.7058934061523,1.6709464350629465e-20,1.6701285856512018e-20,1.668401983533722e-20,1.6642098307809384e-20
cc-pvtz-dk,3.0430215107553775,407.43779812855496,1.6599623334047532e-20,1.6592448321945416e-20,1.6577097206305873e-20,1.6539112166689192e-20
cc-pvtz-dk,3.0450225112556275,407.17005520223427,1.648959002704249e-20,1.648340887740744e-20,1.64699548592585e-20,1.6435871824341764e-20
cc-pvtz-dk,3.047023511755878,406.9026639330159,1.6379377260304987e-20,1.637418024042477e-20,1.6362605288647538e-20,1.6332389289033203e-20
cc-pvtz-dk,3.049024512256128,406.635623628548,1.6268997657593353e-20,1.6264774924826097e-20,1.6255060791355223e-20,1.6228676383885176e-20
cc-pvtz-dk,3.051025512756378,406.3689335982948,1.6158463819390242e-20,1.6155205423299733e-20,1.6147333647172814e-20,1.6124744923154622e-20
cc-pvtz-dk,3.0530265132566283,406.102593153531,1.604778849015903e-20,1.60454843737865e-20,1.6039436283555894e-20,1.602060687366267e-20
cc-pvtz-dk,3.0550275137568783,405.8366016073358,1.593698469888375e-20,1.5935624699446222e-20,1.593138141449783e-20,1.591627449142525e-20
cc-pvtz-dk,3.0570285142571283,405.5709582745868,1.582606586482696e-20,1.5825639714164675e-20,1.5823182145549414e-20,1.581176042563888e-20
cc-pvtz-dk,3.0590295147573787,405.3056624719542,1.5715045863136534e-20,1.5715543188239354e-20,1.5714852039638524e-20,1.5707077784709704e-20
cc-pvtz-dk,3.0610305152576287,405.0407135178951,1.5603939047872368e-20,1.5605349371798473e-20,1.5606405141213257e-20,1.5602240161790897e-20
cc-pvtz-dk,3.0630315157578787,404.7761107326474,1.5492760233001498e-20,1.549507297646154e-20,1.549785595914276e-20,1.5497261620118283e-20
cc-pvtz-dk,3.065032516258129,404.5118534382242,1.5381524634723205e-20,1.5384729118543413e-20,1.538921941156609e-20,1.539215664111489e-20
cc-pvtz-dk,3.067033516758379,404.2479409584081,1.527024778094783e-20,1.5274333229550322e-20,1.5280510738297197e-20,1.5286940040595126e-20
cc-pvtz-dk,3.069034517258629,403.9843726187449,1.5158945395713947e-20,1.516390094166791e-20,1.5171745388327203e-20,1.518162686029516e-20
cc-pvtz-dk,3.0710355177588795,403.72114774653846,1.504763326767484e-20,1.5053447957284076e-20,1.5062938891301907e-20,1.5076232243278952e-20
cc-pvtz-dk,3.0730365182591295,403.45826567084487,1.4936327112445813e-20,1.4942989912253648e-20,1.4954106722522268e-20,1.497077130245038e-20
cc-pvtz-dk,3.0750375187593795,403.19572572246625,1.482504243856299e-20,1.4832542242580582e-20,1.4845264171002688e-20,1.486525899142316e-20
cc-pvtz-dk,3.0770385192596295,402.9335272339457,1.4713794426090083e-20,1.4722120063494662e-20,1.4736426219451393e-20,1.4759709986385917e-20
cc-pvtz-dk,3.07903951975988,402.6716695395613,1.4602597825595153e-20,1.4611738068605203e-20,1.462760744378022e-20,1.4654138586415263e-20
cc-pvtz-dk,3.08104052026013,402.4101519753207,1.449146688342028e-20,1.450141045503783e-20,1.4518821938017017e-20,1.4548558638040203e-20
cc-pvtz-dk,3.08304152076038,402.1489738789551,1.438041529702423e-20,1.439115087834176e-20,1.4410083268420543e-20,1.444298348787716e-20
cc-pvtz-dk,3.0850425212606303,401.88813458991405,1.426945620185796e-20,1.428097243865805e-20,1.4301404458344632e-20,1.433742596498936e-20
cc-pvtz-dk,3.0870435217608803,401.6276334493599,1.415860218890046e-20,1.4170887697327956e-20,1.4192798003126267e-20,1.4231898392431268e-20
cc-pvtz-dk,3.0890445222611302,401.367469800162,1.4047865349809142e-20,1.4060908720963863e-20,1.4084275912147758e-20,1.4126412625378552e-20
cc-pvtz-dk,3.0910455227613807,401.10764298689105,1.393725734477194e-20,1.3951047148150127e-20,1.3975849773389524e-20,1.402098011145509e-20
cc-pvtz-dk,3.0930465232616307,400.8481523558143,1.3826789486710103e-20,1.3841314272507835e-20,1.3867530834367414e-20,1.3915611967468015e-20
cc-pvtz-dk,3.0950475237618806,400.5889972548893,1.3716472834562088e-20,1.3731721134938168e-20,1.3759330092427266e-20,1.3810319065838045e-20
cc-pvtz-dk,3.097048524262131,400.3301770337587,1.3606318288027782e-20,1.3622278617500428e-20,1.365125838699688e-20,1.370511212361379e-20
cc-pvtz-dk,3.099049524762381,400.0716910437449,1.3496336676372343e-20,1.351299753158749e-20,1.3543326486578464e-20,1.3600001787094063e-20
cc-pvtz-dk,3.101050525262631,399.81353863784483,1.3386538834647333e-20,1.3403888693802606e-20,1.3435545163972374e-20,1.3494998705724901e-20
cc-pvtz-dk,3.1030515257628815,399.5557191707238,1.327693566190723e-20,1.3294962984140877e-20,1.3327925254383757e-20,1.3390113590021489e-20
cc-pvtz-dk,3.1050525262631314,399.2982319987111,1.3167538157576119e-20,1.3186231382633099e-20,1.3220477692575889e-20,1.3285357249693644e-20
cc-pvtz-dk,3.1070535267633814,399.0410764797939,1.3058357433925705e-20,1.3077704982393662e-20,1.3113213526975943e-20,1.3180740609811712e-20
cc-pvtz-dk,3.109054527263632,398.7842519736122,1.294940470452085e-20,1.2969394978888429e-20,1.3006143910474208e-20,1.3076274704606769e-20
cc-pvtz-dk,3.111055527763882,398.5277578414536,1.2840691250329254e-20,1.2861312637061198e-20,1.2899280069446855e-20,1.29719706502214e-20
cc-pvtz-dk,3.113056528264132,398.2715934462478,1.2732228366846243e-20,1.2753469239597905e-20,1.2792633254147243e-20,1.2867839599290823e-20
cc-pvtz-dk,3.1150575287643822,398.0157581525614,1.2624027296939515e-20,1.2645876020953001e-20,1.2686214674939642e-20,1.2763892681530112e-20
cc-pvtz-dk,3.1170585292646322,397.7602513265928,1.2516099155080566e-20,1.2538544092720966e-20,1.2580035429801524e-20,1.2660140935443473e-20
cc-pvtz-dk,3.119059529764882,397.5050723361668,1.2408454849145406e-20,1.2431484366453992e-20,1.2474106429043033e-20,1.2556595236802337e-20
cc-pvtz-dk,3.121060530265132,397.2502205507293,1.2301105006011499e-20,1.2324707480079053e-20,1.2368438323258582e-20,1.2453266229633778e-20
cc-pvtz-dk,3.1230615307653826,396.9956953413423,1.219405990676291e-20,1.221822373366475e-20,1.2263041440146155e-20,1.2350164265127848e-20
cc-pvtz-dk,3.1250625312656326,396.7414960806787,1.2087329436483305e-20,1.2112043039472748e-20,1.215792573504499e-20,1.2247299353148224e-20
cc-pvtz-dk,3.1270635317658826,396.4876221430171,1.19809230524395e-20,1.2006174890070866e-20,1.2053100758920985e-20,1.2144681129981242e-20
cc-pvtz-dk,3.129064532266133,396.2340729042366,1.1874849773029174e-20,1.1900628346877139e-20,1.1948575646160947e-20,1.2042318844668107e-20
cc-pvtz-dk,3.131065532766383,395.9808477418118,1.1769118188291051e-20,1.1795412049950406e-20,1.1844359123023466e-20,1.1940221364831308e-20
cc-pvtz-dk,3.133066533266633,395.7279460348076,1.1663736491170976e-20,1.1690534248258849e-20,1.1740459536048693e-20,1.1838397201436732e-20
cc-pvtz-dk,3.1350675337668834,395.47536716387424,1.1558712527215332e-20,1.1586002848154448e-20,1.1636884898260314e-20,1.1736854550531881e-20
cc-pvtz-dk,3.1370685342671334,395.2231105112422,1.145405385902792e-20,1.1481825476460966e-20,1.1533642949700695e-20,1.1635601348763087e-20
cc-pvtz-dk,3.1390695347673834,394.9711754607171,1.134976784076885e-20,1.1378009553536045e-20,1.1430741227812795e-20,1.1534645338486371e-20
cc-pvtz-dk,3.141070535267634,394.71956139767474,1.1245861697262341e-20,1.1274562370961754e-20,1.1328187142486275e-20,1.1433994137609874e-20
cc-pvtz-dk,3.143071535767884,394.4682677090562,1.1142342601959489e-20,1.1171491168196638e-20,1.1225988050263195e-20,1.1333655308983088e-20
cc-pvtz-dk,3.1450725362681338,394.2172937833625,1.1039217748087676e-20,1.1068803202601985e-20,1.1124151322267374e-20,1.1233636424195023e-20
cc-pvtz-dk,3.147073536768384,393.9666390106501,1.0936494407803126e-20,1.0966505807728336e-20,1.1022684400873296e-20,1.1133945117053682e-20
cc-pvtz-dk,3.149074537268634,393.7163027825258,1.0834179975006277e-20,1.0864606435575336e-20,1.092159484092777e-20,1.1034589122757973e-20
cc-pvtz-dk,3.151075537768884,393.4662844921416,1.0732281988622645e-20,1.0763112679661349e-20,1.0820890332423841e-20,1.0935576299787242e-20
cc-pvtz-dk,3.1530765382691346,393.21658353419,1.063080813451371e-20,1.066203227707893e-20,1.0720578702825224e-20,1.0836914632751456e-20
cc-pvtz-dk,3.1550775387693846,392.9671993048993,1.0529766225666499e-20,1.0561373089173735e-20,1.0620667898658213e-20,1.0738612215779642e-20
cc-pvtz-dk,3.1570785392696346,392.7181312020282,1.0429164161815513e-20,1.0461143061967243e-20,1.0521165947429604e-20,1.0640677217384078e-20
cc-pvtz-dk,3.159079539769885,392.4693786248614,1.0329009871074344e-20,1.0361350168847488e-20,1.0422080902295845e-20,1.0543117829030901e-20
cc-pvtz-dk,3.161080540270135,392.2209409742048,1.0229311237395733e-20,1.0262002339277424e-20,1.0323420773103587e-20,1.0445942200782091e-20
cc-pvtz-dk,3.163081540770385,391.97281765238023,1.0130076018657815e-20,1.0163107378237663e-20,1.0225193448367326e-20,1.0349158368276066e-20
cc-pvtz-dk,3.1650825412706354,391.7250080632211,1.003131176082408e-20,1.0064672881764142e-20,1.0127406613381723e-20,1.0252774175922282e-20
cc-pvtz-dk,3.1670835417708854,391.4775116120676,9.933025713901724e-21,9.966706154217763e-21,1.0030067669941797e-20,1.0156797201458479e-20
cc-pvtz-dk,3.1690845422711353,391.2303277057616,9.835224755313338e-21,9.86921413281843e-21,9.93318366304877e-21,1.0061234686942244e-20
cc-pvtz-dk,3.1710855427713853,390.9834557526424,9.737915325810939e-21,9.772203324500013e-21,9.836761219522661e-21,9.966093480829559e-21
cc-pvtz-dk,3.1730865432716358,390.7368951625414,9.641103382233614e-21,9.675679759329746e-21,9.740806502656714e-21,9.871379995060851e-21
cc-pvtz-dk,3.1750875437718857,390.490645346778,9.544794370302846e-21,9.579648963645901e-21,9.645325185992572e-21,9.777100180085288e-21
cc-pvtz-dk,3.1770885442721357,390.24470571815465,9.448993219338187e-21,9.48411595477625e-21,9.550322448040913e-21,9.683259519573835e-21
cc-pvtz-dk,3.179089544772386,389.999075690952,9.353704359352708e-21,9.38908525779709e-21,9.455802988408337e-21,9.589863045284652e-21
cc-pvtz-dk,3.181090545272636,389.75375468092466,9.258931759546331e-21,9.294560943371652e-21,9.361771064408155e-21,9.496915371236192e-21
cc-pvtz-dk,3.183091545772886,389.5087421052963,9.164678985852632e-21,9.200546684362569e-21,9.268230545923292e-21,9.40442074510277e-21
cc-pvtz-dk,3.1850925462731365,389.2640373827548,9.070949273999437e-21,9.107045827733781e-21,9.1751849851398e-21,9.31238311365586e-21
cc-pvtz-dk,3.1870935467733865,389.01963993344845,8.977745613587403e-21,9.014061477313464e-21,9.082637696848768e-21,9.220806198198852e-21
cc-pvtz-dk,3.1890945472736365,388.7755491789804,8.885070838033903e-21,8.921596582340876e-21,8.990591844380795e-21,9.12969357533907e-21
cc-pvtz-dk,3.191095547773887,388.53176454240474,8.792927714907312e-21,8.829654026401406e-21,8.899050525925584e-21,9.039048758141848e-21
cc-pvtz-dk,3.193096548274137,388.2882854482218,8.701319031201117e-21,8.738236711377736e-21,8.808016856010677e-21,8.948875272729e-21
cc-pvtz-dk,3.195097548774387,388.0451113223736,8.610247668462649e-21,8.647347631404662e-21,8.717494037262973e-21,8.859176725712637e-21
cc-pvtz-dk,3.1970985492746373,387.80224159223906,8.519716663365685e-21,8.556989932480252e-21,8.627485418223643e-21,8.769956858466644e-21
cc-pvtz-dk,3.1990995497748873,387.55967568663016,8.429729250251847e-21,8.467166954308323e-21,8.537994533884835e-21,8.681219585087274e-21
cc-pvtz-dk,3.2011005502751373,387.31741303578684,8.340288883301165e-21,8.377882252066844e-21,8.449025126706363e-21,8.592969011925373e-21
cc-pvtz-dk,3.2031015507753877,387.07545307137275,8.251399237252426e-21,8.289139597039187e-21,8.360581147079603e-21,8.505209437716641e-21
cc-pvtz-dk,3.2051025512756377,386.833795226471,8.163064186900622e-21,8.200942956333299e-21,8.272666733459377e-21,8.417945334521644e-21
cc-pvtz-dk,3.2071035517758877,386.5924389355795,8.075287766872237e-21,8.113296453168768e-21,8.18528617360508e-21,8.33118131084085e-21
cc-pvtz-dk,3.209104552276138,386.35138363460635,7.988074114343058e-21,8.02620431035891e-21,8.098443849488061e-21,8.244922059323725e-21
cc-pvtz-dk,3.211105552776388,386.1106287608662,7.901427398348731e-21,7.939670780585837e-21,8.012144169365932e-21,8.159172292381466e-21
cc-pvtz-dk,3.213106553276638,385.8701737530749,7.815351740089812e-21,7.853700067807003e-21,7.926391491244105e-21,8.073936669691573e-21
cc-pvtz-dk,3.2151075537768885,385.63001805134587,7.729851129110281e-21,7.768296244601515e-21,7.841190042401347e-21,7.989219722012334e-21
cc-pvtz-dk,3.2171085542771385,385.3901610971855,7.644929340403896e-21,7.683463170437455e-21,7.756543839823877e-21,7.905025775882818e-21
cc-pvtz-dk,3.2191095547773885,385.15060233348873,7.560589857373753e-21,7.599204415714126e-21,7.672456616268696e-21,7.821358883666674e-21
cc-pvtz-dk,3.2211105552776385,384.9113412045349,7.47683580514769e-21,7.515523196016894e-21,7.588931756272259e-21,7.738222763015923e-21
cc-pvtz-dk,3.223111555777889,384.6723771559832,7.39366989806527e-21,7.432422320345361e-21,7.505972245762696e-21,7.655620749210531e-21
cc-pvtz-dk,3.225112556278139,384.43370963486893,7.311094404248475e-21,7.349904156185705e-21,7.423580638068851e-21,7.573555763013452e-21
cc-pvtz-dk,3.227113556778389,384.1953380895985,7.229111129103949e-21,7.267970613249156e-21,7.34175903809977e-21,7.492030295718927e-21
cc-pvtz-dk,3.2291145572786393,383.95726196994576,7.147721418450611e-21,7.186623146561467e-21,7.260509105362641e-21,7.41104641202815e-21
cc-pvtz-dk,3.2311155577788893,383.71948072704754,7.066926180791038e-21,7.105862778429602e-21,7.179832075359916e-21,7.330605770321408e-21
cc-pvtz-dk,3.2331165582791392,383.48199381339936,6.986725927123437e-21,7.02569013770621e-21,7.099728797830417e-21,7.250709658878598e-21
cc-pvtz-dk,3.2351175587793897,383.24480068285135,6.907120825690909e-21,6.946105513785898e-21,7.020199789338409e-21,7.171359045690226e-21
cc-pvtz-dk,3.2371185592796397,383.00790079060425,6.82811076824264e-21,6.867108921956548e-21,6.941245296924477e-21,7.092554638751829e-21
cc-pvtz-dk,3.2391195597798896,382.77129359320463,6.749695443786841e-21,6.788700176141538e-21,6.862865368959079e-21,7.014296953189999e-21
cc-pvtz-dk,3.24112056028014,382.5349785485414,6.6718744154763005e-21,6.710878964733874e-21,6.78505992901218e-21,6.936586381255566e-21
cc-pvtz-dk,3.24312156078039,382.2989551158414,6.594647196199463e-21,6.6336449251557276e-21,6.7078288484854246e-21,6.859423261153295e-21
cc-pvtz-dk,3.24512256128064,382.0632227556652,6.518013318647652e-21,6.556997712971118e-21,6.631172013941558e-21,6.782807940853244e-21
cc-pvtz-dk,3.2471235617808905,381.82778092990293,6.441972396074596e-21,6.48093706181881e-21,6.555089385492861e-21,6.706740833432042e-21
cc-pvtz-dk,3.2491245622811404,381.59262910177057,6.366524170619445e-21,6.4054628310783746e-21,6.479581043239402e-21,6.6312224610871826e-21
cc-pvtz-dk,3.2511255627813904,381.3577667358055,6.291668546884907e-21,6.3305750389916894e-21,6.404647219536316e-21,6.5562534857147735e-21
cc-pvtz-dk,3.253126563281641,381.1231932978625,6.217405609391184e-21,6.2562738798787806e-21,6.3302883157627275e-21,6.481834724788477e-21
cc-pvtz-dk,3.255127563781891,380.88890825510987,6.143735623504956e-21,6.182559725052397e-21,6.256504903206038e-21,6.40796715217064e-21
cc-pvtz-dk,3.257128564282141,380.6549110760252,6.07065902041007e-21,6.10943310799018e-21,6.183297708605616e-21,6.334651884369688e-21
cc-pvtz-dk,3.2591295647823912,380.4212012303914,5.998176367588436e-21,6.0368946952129206e-21,6.110667585767037e-21,6.2618901535809e-21
cc-pvtz-dk,3.2611305652826412,380.1877781892928,5.926288327062073e-21,5.964945245089153e-21,6.0386154754098095e-21,6.1896832695609156e-21
cc-pvtz-dk,3.263131565782891,379.95464142511116,5.854995604272776e-21,5.893585557403068e-21,5.9671423560120574e-21,6.118032572955471e-21
cc-pvtz-dk,3.265132566283141,379.7217904115214,5.7842988909132184e-21,5.822816416953728e-21,5.896249188835016e-21,6.046939383096929e-21
cc-pvtz-dk,3.2671335667833916,379.489224623488,5.714198805253555e-21,5.7526385346802756e-21,5.825936860530225e-21,5.976404943495511e-21
cc-pvtz-dk,3.2691345672836416,379.2569435372609,5.6446958335280364e-21,5.6830524898276055e-21,5.756206126751036e-21,5.906430368264959e-21
cc-pvtz-dk,3.2711355677838916,379.02494663037163,5.57579027575984e-21,5.6140586764829816e-21,5.687057560010342e-21,5.837016592552143e-21
cc-pvtz-dk,3.273136568284142,378.7932333816292,5.507482199031902e-21,5.5456572574488176e-21,5.618491504670743e-21,5.768164329702923e-21
cc-pvtz-dk,3.275137568784392,378.56180327111656,5.439771400678873e-21,5.477848127891827e-21,5.550508041442446e-21,5.699874037413204e-21
cc-pvtz-dk,3.277138569284642,378.33065578018625,5.372657383221227e-21,5.410630890564254e-21,5.483106963137655e-21,5.632145894522148e-21
cc-pvtz-dk,3.2791395697848924,378.0997903914569,5.306139342124941e-21,5.344004843666397e-21,5.41628776272414e-21,5.564979789438307e-21
cc-pvtz-dk,3.2811405702851424,377.8692065888093,5.240216166694889e-21,5.277968981656061e-21,5.350049633978876e-21,5.4983753204898705e-21
cc-pvtz-dk,3.2831415707853924,377.63890385738233,5.1748864536420454e-21,5.212522008554186e-21,5.284391484307896e-21,5.4323318077977e-21
cc-pvtz-dk,3.285142571285643,377.40888168356935,5.110148532150349e-21,5.147662362592486e-21,5.219311958615157e-21,5.366848315625661e-21
cc-pvtz-dk,3.287143571785893,377.17913955501444,5.046000498644009e-21,5.0833882504330304e-21,5.154809472504622e-21,5.3019236835979835e-21
cc-pvtz-dk,3.2891445722861428,376.9496769606084,4.982440258959254e-21,5.019697688700221e-21,5.090882252623478e-21,5.2375565647233165e-21
cc-pvtz-dk,3.291145572786393,376.7204933904849,4.919465575278342e-21,4.956588550223882e-21,5.027528381621432e-21,5.173745467849079e-21
cc-pvtz-dk,3.293146573286643,376.491588336017,4.857074115004948e-21,4.894058612215429e-21,4.964745845027633e-21,5.110488802003345e-21
cc-pvtz-dk,3.295147573786893,376.2629612898133,4.795263498755208e-21,4.832105603593274e-21,4.902532577339342e-21,5.047784920070714e-21
cc-pvtz-dk,3.2971485742871436,376.03461174571385,4.734031344802194e-21,4.770727248833623e-21,4.840886504769825e-21,4.985632159389152e-21
cc-pvtz-dk,3.2991495747873936,375.80653919878694,4.673375307626772e-21,4.70992130603223e-21,4.7798055824016464e-21,4.924028877132191e-21
cc-pvtz-dk,3.3011505752876436,375.57874314532506,4.613293108672674e-21,4.649685597299968e-21,4.719287823914724e-21,4.862973478736374e-21
cc-pvtz-dk,3.303151575787894,375.3512230828411,4.553782557943658e-21,4.59001803014648e-21,4.659331322573629e-21,4.802464438116681e-21
cc-pvtz-dk,3.305152576288144,375.12397851006506,4.4948415656808744e-21,4.530916609097034e-21,4.599934262732048e-21,4.742500308951942e-21
cc-pvtz-dk,3.307153576788394,374.89700892694,4.436468143978496e-21,4.4723794373983595e-21,4.541094921705673e-21,4.6830797268813605e-21
cc-pvtz-dk,3.3091545772886444,374.67031383461824,4.3786603987975306e-21,4.4144047092623825e-21,4.482811662441592e-21,4.6242014029982884e-21
cc-pvtz-dk,3.3111555777888944,374.4438927354585,4.321416513384372e-21,4.356990693635643e-21,4.4250829179368406e-21,4.5658641095240774e-21
cc-pvtz-dk,3.3131565782891443,374.2177451330213,4.264734724561317e-21,4.300135710936529e-21,4.367907168801346e-21,4.50806665896485e-21
cc-pvtz-dk,3.3151575787893943,373.99187053206583,4.208613293708865e-21,4.243838104550406e-21,4.3112829156999485e-21,4.450807878377251e-21
cc-pvtz-dk,3.3171585792896447,373.7662684385462,4.153050474484978e-21,4.188096209095138e-21,4.255208648625373e-21,4.394086580576946e-21
cc-pvtz-dk,3.3191595797898947,373.54093835960816,4.098044479421171e-21,4.132908317563298e-21,4.1996828150461985e-21,4.337901534213212e-21
cc-pvtz-dk,3.3211605802901447,373.3158798035849,4.043593447497914e-21,4.078272649410784e-21,4.144703788939037e-21,4.2822514346022865e-21
cc-pvtz-dk,3.323161580790395,373.091092279994,3.9896954146432906e-21,4.0241873215056906e-21,4.090269842563379e-21,4.2271348770716575e-21
cc-pvtz-dk,3.325162581290645,372.8665752995336,3.936348288834015e-21,3.970650323590687e-21,4.036379122584811e-21,4.172550334330557e-21
cc-pvtz-dk,3.327163581790895,372.6423283740791,3.883549831127811e-21,3.917659499567572e-21,3.98302963181816e-21,4.1184961390681386e-21
cc-pvtz-dk,3.3291645822911455,372.41835101667914,3.831297643546702e-21,3.865212535509942e-21,3.930219217471708e-21,4.064970472614248e-21
cc-pvtz-dk,3.3311655827913955,372.1946427415528,3.779589164285943e-21,3.813306954872375e-21,3.877945566349593e-21,4.011971360099771e-21
cc-pvtz-dk,3.3331665832916455,371.9712030640853,3.7284216702724326e-21,3.7619401209213025e-21,3.826206207040403e-21,3.9594966721514726e-21
cc-pvtz-dk,3.335167583791896,371.74803150082494,3.6777922866639244e-21,3.711109245987778e-21,3.774998518708895e-21,3.907544132771571e-21
cc-pvtz-dk,3.337168584292146,371.5251275694798,3.627698002489558e-21,3.660811406758546e-21,3.724319745736729e-21,3.856111332705735e-21
cc-pvtz-dk,3.339169584792396,371.3024907889139,3.578135691304038e-21,3.611043564499584e-21,3.674167017146988e-21,3.805195747313014e-21
cc-pvtz-dk,3.3411705852926463,371.08012067914353,3.529102135477508e-21,3.561802588860735e-21,3.624537369510147e-21,3.754794757730405e-21
cc-pvtz-dk,3.3431715857928963,370.85801676133474,3.480594052582826e-21,3.513085283752617e-21,3.575427771877353e-21,3.7049056739832866e-21
cc-pvtz-dk,3.3451725862931463,370.6361785577987,3.432608122276313e-21,3.464888413722626e-21,3.526835151224405e-21,3.6555257586344544e-21
cc-pvtz-dk,3.3471735867933967,370.4146055919892,3.3851410121001857e-21,3.417208729288059e-21,3.478756416919754e-21,3.606652249591415e-21
cc-pvtz-dk,3.3491745872936467,370.1932973884989,3.3381894007575684e-21,3.3700429898045386e-21,3.431188482844916e-21,3.558282380797091e-21
cc-pvtz-dk,3.3511755877938967,369.9722534730557,3.291749997616667e-21,3.323387982649214e-21,3.3841282859890357e-21,3.510413399706768e-21
cc-pvtz-dk,3.353176588294147,369.75147337251974,3.2458195574740996e-21,3.2772405377659935e-21,3.3375728005965855e-21,3.463042580690835e-21
cc-pvtz-dk,3.355177588794397,369.53095661488,3.2003948899304045e-21,3.2315975369364394e-21,3.2915190472512268e-21,3.416167233782944e-21
cc-pvtz-dk,3.357178589294647,369.31070272925047,3.1554728630826435e-21,3.1864559174848128e-21,3.2459640966105888e-21,3.369784708499129e-21
cc-pvtz-dk,3.359179589794897,369.09071124586745,3.1110504015981515e-21,3.1418126704777858e-21,3.2009050678455748e-21,3.323892392766631e-21
cc-pvtz-dk,3.3611805902951475,368.8709816960857,3.0671244795757494e-21,3.0976648338150237e-21,3.1563391221612323e-21,3.2784877073006215e-21
cc-pvtz-dk,3.3631815907953975,368.6515136123754,3.0236921089069863e-21,3.0540094809073725e-21,3.1122634520661503e-21,3.2335680960362858e-21
cc-pvtz-dk,3.3651825912956475,368.43230652831875,2.980750324100694e-21,3.010843705885547e-21,3.068675267295114e-21,3.18913101344531e-21
cc-pvtz-dk,3.367183591795898,368.21335997860643,2.9382961647162315e-21,2.9681646064612057e-21,3.0255717784629827e-21,3.1451739097281066e-21
cc-pvtz-dk,3.369184592296148,367.9946734990349,2.8963266566540127e-21,2.925969265663832e-21,2.982950179626352e-21,3.101694214966435e-21
cc-pvtz-dk,3.371185592796398,367.7762466265025,2.854838793573973e-21,2.8842547336987547e-21,2.940807630951268e-21,3.0586893233430298e-21
cc-pvtz-dk,3.3731865932966483,367.5580788990064,2.8138295196542212e-21,2.843018011114451e-21,2.8991412426306155e-21,3.016156578485664e-21
cc-pvtz-dk,3.3751875937968983,367.34016985563954,2.773295714771559e-21,2.8022560343391788e-21,2.857948061071314e-21,2.974093260879498e-21
cc-pvtz-dk,3.3771885942971482,367.12251903658716,2.7332341829932484e-21,2.7619656644581337e-21,2.8172250581893284e-21,2.9324965781229927e-21
cc-pvtz-dk,3.3791895947973987,366.9051259831236,2.6936416450315237e-21,2.7221436798687577e-21,2.7769691244249324e-21,2.8913636585932783e-21
cc-pvtz-dk,3.3811905952976486,366.6879902376091,2.6545147350457013e-21,2.6827867731899226e-21,2.7371770658377875e-21,2.8506915488518766e-21
cc-pvtz-dk,3.3831915957978986,366.47111134348665,2.615850001897499e-21,2.6438915525266864e-21,2.6978456053768975e-21,2.8104772148758136e-21
cc-pvtz-dk,3.385192596298149,366.25448884527856,2.577643914694738e-21,2.6054545469269787e-21,2.658971388164753e-21,2.7707175469618975e-21
cc-pvtz-dk,3.387193596798399,366.0381222885837,2.53989287220728e-21,2.5674722156203416e-21,2.6205509903979922e-21,2.7314093679325795e-21
cc-pvtz-dk,3.389194597298649,365.8220112200738,2.50259321552542e-21,2.529940960419868e-21,2.5825809312664076e-21,2.692549444087243e-21
cc-pvtz-dk,3.3911955977988995,365.60615518749074,2.46574124316207e-21,2.492857140503626e-21,2.545057687134667e-21,2.6541344981990397e-21
cc-pvtz-dk,3.3931965982991494,365.3905537396432,2.429333227683736e-21,2.4562170886788712e-21,2.5079777071240555e-21,2.6161612237611182e-21
cc-pvtz-dk,3.3951975987993994,365.1752064264034,2.3933654328963445e-21,2.4200171281756913e-21,2.4713374291790206e-21,2.578626299640992e-21
cc-pvtz-dk,3.39719859929965,364.96011279870413,2.3578341306096533e-21,2.384253589015646e-21,2.43513329570442e-21,2.5415264043065288e-21
cc-pvtz-dk,3.3991995997999,364.7452724085357,2.3227356160561917e-21,2.3489228230532323e-21,2.3993617679115417e-21,2.5048582288387445e-21
cc-pvtz-dk,3.40120060030015,364.5306848089425,2.2880662211434514e-21,2.3140212168895792e-21,2.3640193381103316e-21,2.4686184880412432e-21
cc-pvtz-dk,3.4032016008004007,364.31634955402023,2.253822324862821e-21,2.2795452020002033e-21,2.3291025393232407e-21,2.432803929085427e-21
cc-pvtz-dk,3.4052026013006502,364.10226619891284,2.220000360358237e-21,2.245491261594663e-21,2.2946079517657438e-21,2.3974113372877982e-21
cc-pvtz-dk,3.4072036018009006,363.8884342998091,2.186596818359164e-21,2.211855933923364e-21,2.260532205928054e-21,2.3624375387897644e-21
cc-pvtz-dk,3.40920460230115,363.67485341393984,2.1536082468985523e-21,2.1786358119578445e-21,2.2268719821945755e-21,2.327879400094824e-21
cc-pvtz-dk,3.4112056028014,363.4615230995747,2.1210312474502506e-21,2.1458275395795948e-21,2.1936240071368104e-21,2.2937338245986908e-21
cc-pvtz-dk,3.4132066033016506,363.24844291601937,2.088862467825127e-21,2.113427804612093e-21,2.160785046805609e-21,2.2599977464197306e-21
cc-pvtz-dk,3.4152076038019,363.0356124236122,2.0570985923451418e-21,2.081433329206059e-21,2.128351897515247e-21,2.2266681219868156e-21
cc-pvtz-dk,3.4172086043021515,362.8230311837212,2.0257363299628326e-21,2.04984085823213e-21,2.0963213747486413e-21,2.1937419199641083e-21
cc-pvtz-dk,3.419209604802401,362.61069875874176,1.994772401100225e-21,2.0186471464386475e-21,2.064690300910772e-21,2.1612161101791812e-21
cc-pvtz-dk,3.4212106053026514,362.39861471209235,1.9642035240395035e-21,1.9878489451885997e-21,2.0334554927101968e-21,2.129087652266738e-21
cc-pvtz-dk,3.4232116058029014,362.18677860821276,1.9340264017075227e-21,1.9574429895987102e-21,2.002613748955992e-21,2.0973534847452156e-21
cc-pvtz-dk,3.425212606303151,361.9751900125603,1.9042377096533756e-21,1.9274259868611346e-21,1.9721618395156937e-21,2.0660105152035126e-21
cc-pvtz-dk,3.4272136068034014,361.76384849160706,1.8748340859302263e-21,1.8977946064415747e-21,1.9420964960958113e-21,2.0350556121967504e-21
cc-pvtz-dk,3.429214607303652,361.5527536128373,1.8458121234631537e-21,1.8685454727204497e-21,1.912414405383627e-21,2.0044855993361112e-21
cc-pvtz-dk,3.4312156078039022,361.3419049447441,1.8171683653235405e-21,1.8396751604854375e-21,1.883112204936259e-21,1.974297251916433e-21
cc-pvtz-dk,3.4332166083041518,361.1313020568265,1.788899303149538e-21,1.8111801935060944e-21,1.8541864820317425e-21,1.9444872962670287e-21
cc-pvtz-dk,3.435217608804402,360.9209445195864,1.7610013787616582e-21,1.783057046234384e-21,1.8256337755168176e-21,1.9150524118448e-21
cc-pvtz-dk,3.437218609304652,360.7108319045263,1.7334709888365187e-21,1.7553021484925586e-21,1.7974505805105677e-21,1.8859892359267633e-21
cc-pvtz-dk,3.4392196098049017,360.5009637841455,1.706304492329727e-21,1.727911892841345e-21,1.7696333556610965e-21,1.8572943706099247e-21
cc-pvtz-dk,3.441220610305152,360.2913397319378,1.6794982201926634e-21,1.700882644178362e-21,1.742178532515406e-21,1.8289643917009665e-21
cc-pvtz-dk,3.4432216108054026,360.08195932238846,1.6530484868133745e-21,1.6742107510050848e-21,1.71508252645628e-21,1.800995858981713e-21
cc-pvtz-dk,3.445222611305653,359.8728221309714,1.6269516025345814e-21,1.6478925577258241e-21,1.6883417485894993e-21,1.7733853272738054e-21
cc-pvtz-dk,3.4472236118059034,359.6639277341459,1.6012038865648454e-21,1.6219244173071825e-21,1.6619526179330533e-21,1.7461293577003382e-21
cc-pvtz-dk,3.449224612306153,359.45527570935457,1.5758016796006755e-21,1.5963027036294634e-21,1.635911573265324e-21,1.7192245285512252e-21
cc-pvtz-dk,3.451225612806403,359.24686563501956,1.5507413555163608e-21,1.5710238229012132e-21,1.6102150840300304e-21,1.6926674452014754e-21
cc-pvtz-dk,3.4532266133066534,359.0386970905403,1.5260193315497974e-21,1.5460842235795697e-21,1.5848596597671066e-21,1.666454748602203e-21
cc-pvtz-dk,3.455227613806903,358.8307696562907,1.5016320765104965e-21,1.5214804043363465e-21,1.559841857634597e-21,1.6405831219571028e-21
cc-pvtz-dk,3.4572286143071533,358.623082913616,1.4775761166546842e-21,1.4972089197271183e-21,1.5351582877014213e-21,1.6150492953066588e-21
cc-pvtz-dk,3.459229614807403,358.4156364448301,1.4538480390043424e-21,1.4732663833505377e-21,1.5108056158170534e-21,1.5898500478611938e-21
cc-pvtz-dk,3.461230615307654,358.20842983321285,1.4304444920251382e-21,1.4496494684205954e-21,1.486780563994909e-21,1.564982208045391e-21
cc-pvtz-dk,3.4632316158079037,358.0014626630074,1.407362183716934e-21,1.4263549058103118e-21,1.463079908376423e-21,1.5404426513364664e-21
cc-pvtz-dk,3.4652326163081537,357.7947345194168,1.3845978773013928e-21,1.4033794797528325e-21,1.4397004749642592e-21,1.5162282960879974e-21
cc-pvtz-dk,3.467233616808404,357.5882449886019,1.3621483848111365e-21,1.380720021502538e-21,1.4166391334235134e-21,1.4923360976300125e-21
cc-pvtz-dk,3.4692346173086537,357.3819936576785,1.340010558985345e-21,1.358373401355943e-21,1.3938927893410548e-21,1.4687630410158423e-21
cc-pvtz-dk,3.471235617808904,357.1759801147139,1.318181283956063e-21,1.3363365195087424e-21,1.3714583754044225e-21,1.4455061328473657e-21
cc-pvtz-dk,3.4732366183091545,356.9702039487253,1.2966574652620992e-21,1.314606296275633e-21,1.3493328420077672e-21,1.422562392648191e-21
cc-pvtz-dk,3.475237618809405,356.76466474967606,1.2754360197512892e-21,1.2931796622218521e-21,1.3275131478116364e-21,1.3999288442678845e-21
cc-pvtz-dk,3.4772386193096545,356.55936210847364,1.2545138659261586e-21,1.2720535487488117e-21,1.3059962507753695e-21,1.3776025077895308e-21
cc-pvtz-dk,3.479239619809905,356.35429561696617,1.233887915252112e-21,1.251224879640276e-21,1.2847791001449336e-21,1.3555803923770953e-21
cc-pvtz-dk,3.481240620310155,356.14946486794076,1.213555064883929e-21,1.2306905640129573e-21,1.2638586298179022e-21,1.3338594904409335e-21
cc-pvtz-dk,3.4832416208104044,355.94486945512,1.1935121921782985e-21,1.2104474910287242e-21,1.2432317534232725e-21,1.3124367734213005e-21
cc-pvtz-dk,3.485242621310655,355.7405089731592,1.1737561512534644e-21,1.1904925266209056e-21,1.222895361352753e-21,1.2913091893960414e-21
cc-pvtz-dk,3.4872436218109053,355.53638301764454,1.154283771737746e-21,1.170822512370107e-21,1.2028463198673515e-21,1.2704736626146174e-21
cc-pvtz-dk,3.4892446223111557,355.33249118508957,1.1350918597238513e-21,1.1514342665425035e-21,1.1830814722852452e-21,1.2499270949520034e-21
cc-pvtz-dk,3.491245622811406,355.128833072933,1.1161772008242428e-21,1.132324587184374e-21,1.1635976421422378e-21,1.2296663691705734e-21
cc-pvtz-dk,3.4932466233116557,354.925408279536,1.0975365651106046e-21,1.1134902570566621e-21,1.144391638110455e-21,1.2096883537809583e-21
cc-pvtz-dk,3.4952476238119057,354.72221640417916,1.0791667136250607e-21,1.094928050100021e-21,1.125460260371378e-21,1.18998990921082e-21
cc-pvtz-dk,3.497248624312156,354.5192570470605,1.0610644060772764e-21,1.0766347390490296e-21,1.106800308070789e-21,1.170567894928113e-21
cc-pvtz-dk,3.4992496248124056,354.3165298092924,1.0432264092930113e-21,1.0586071037671026e-21,1.0884085874385783e-21,1.1514191771255219e-21
cc-pvtz-dk,3.501250625312656,354.11403429289896,1.0256495059582167e-21,1.0408419398532429e-21,1.0702819201379252e-21,1.1325406365576228e-21
cc-pvtz-dk,3.5032516258129065,353.9117701008139,1.008330503207683e-21,1.0233360670774443e-21,1.052417151415268e-21,1.1139291761312214e-21
cc-pvtz-dk,3.505252626313157,353.70973683687737,9.912662406360597e-22,1.006086337230797e-21,1.034811157652406e-21,1.0955817278799605e-21
cc-pvtz-dk,3.5072536268134065,353.50793410583367,9.74453597359249e-22,9.890896410266318e-22,1.01746085297243e-21,1.0774952590043369e-21
cc-pvtz-dk,3.5092546273136564,353.30636151332857,9.578894978202246e-22,9.723429137548973e-22,1.0003631946165282e-21,1.0596667767221774e-21
cc-pvtz-dk,3.511255627813907,353.1050186659068,9.415709161111693e-22,9.558431394692464e-22,9.835151868849475e-22,1.042093331748499e-21
cc-pvtz-dk,3.5132566283141564,352.90390517100957,9.254948786678174e-22,9.395873535694444e-22,9.669138835168444e-22,1.0247720203017485e-21
cc-pvtz-dk,3.515257628814407,352.7030206369717,9.096584652781947e-22,9.235726437268139e-22,9.505563884666593e-22,1.007699984611982e-21
cc-pvtz-dk,3.5172586293146573,352.5023646730195,8.940588084316713e-22,9.077961491826691e-22,9.344398551141332e-22,9.908744119808246e-22
cc-pvtz-dk,3.5192596298149077,352.3019368892679,8.78693091112311e-22,8.922550585260045e-22,9.185614840182342e-22,9.74292532510196e-22
cc-pvtz-dk,3.5212606303151572,352.1017368967183,8.635585432102808e-22,8.76946606124613e-22,9.02918519389678e-22,9.579516156747271e-22
cc-pvtz-dk,3.523261630815407,351.90176430725546,8.486524367838002e-22,8.6186806744053e-22,8.87508244509928e-22,9.418489659592672e-22
cc-pvtz-dk,3.5252626313156576,351.7020187336455,8.339720804505785e-22,8.470167535053451e-22,8.723279763657332e-22,9.25981917817597e-22
cc-pvtz-dk,3.527263631815907,351.50249978953343,8.195148132198255e-22,8.3239000486135055e-22,8.573750597956718e-22,9.103478302300623e-22
cc-pvtz-dk,3.5292646323161585,351.30320708944004,8.052779980935958e-22,8.179851852908815e-22,8.426468614590957e-22,8.949440811470864e-22
cc-pvtz-dk,3.531265632816408,351.1041402487604,7.912590157679162e-22,8.03799675656993e-22,8.281407639370384e-22,8.797680621015485e-22
cc-pvtz-dk,3.5332666333166585,350.9052988837604,7.774552587500828e-22,7.898308681641661e-22,8.138541602594709e-22,8.64817173256423e-22
cc-pvtz-dk,3.5352676338169085,350.7066826115749,7.6386412617938095e-22,7.760761613187522e-22,7.997844491245716e-22,8.500888191259051e-22
cc-pvtz-dk,3.5372686343171584,350.50829105020506,7.5048301959478815e-22,7.62532955825772e-22,7.859290310337417e-22,8.355804051686039e-22
cc-pvtz-dk,3.5392696348174084,350.3101238185159,7.373093398375315e-22,7.491986516040448e-22,7.722853055133973e-22,8.212893354026128e-22
cc-pvtz-dk,3.541270635317659,350.1121805362339,7.243404852115326e-22,7.360706460380986e-22,7.588506695335672e-22,8.072130111363368e-22
cc-pvtz-dk,3.5432716358179084,349.9144608239447,7.115738509537385e-22,7.231463335157932e-22,7.456225171666482e-22,7.933488308480738e-22
cc-pvtz-dk,3.545272636318159,349.71696430309015,6.990068299943404e-22,7.104231062301271e-22,7.325982404621498e-22,7.796941911858006e-22
cc-pvtz-dk,3.5472736368184092,349.51969059596667,6.866368149175015e-22,6.978983561557978e-22,7.1977523144814135e-22,7.662464889991841e-22
cc-pvtz-dk,3.5492746373186597,349.32263932572226,6.74461200970991e-22,6.855694780501489e-22,7.071508851116584e-22,7.530031242623671e-22
cc-pvtz-dk,3.551275637818909,349.12581011635444,6.6247738992234275e-22,6.734338732784615e-22,6.947226031626605e-22,7.399615037024536e-22
cc-pvtz-dk,3.553276638319159,348.9292025927073,6.506827945219708e-22,6.614889542271672e-22,6.82487798351296e-22,7.271190449167292e-22
cc-pvtz-dk,3.5552776388194096,348.73281638046996,6.390748433127473e-22,6.497321490482413e-22,6.704438990889592e-22,7.144731807442561e-22
cc-pvtz-dk,3.557278639319659,348.53665110617357,6.2765098552053745e-22,6.381609064733822e-22,6.585883541195824e-22,7.020213636543472e-22
cc-pvtz-dk,3.5592796398199096,348.340706397189,6.164086957712623e-22,6.267727004478622e-22,6.469186369991533e-22,6.897610699260955e-22
cc-pvtz-dk,3.56128064032016,348.14498188172496,6.053454784045636e-22,6.155650343584759e-22,6.354322501659725e-22,6.776898034172116e-22
cc-pvtz-dk,3.5632816408204104,347.94947718882486,5.944588711896994e-22,6.045354446655103e-22,6.241267284194174e-22,6.658050987547775e-22
cc-pvtz-dk,3.56528264132066,347.75419194836536,5.837464482926346e-22,5.936815037918022e-22,6.129996416677178e-22,6.541045238220971e-22
cc-pvtz-dk,3.56728364182091,347.5591257910532,5.73205822390852e-22,5.83000822169232e-22,6.020485968519041e-22,6.425856814610434e-22
cc-pvtz-dk,3.5692846423211604,347.3642783484233,5.628346458811746e-22,5.724910493913373e-22,5.912712390006278e-22,6.312462103551225e-22
cc-pvtz-dk,3.57128564282141,347.16964925283656,5.5263061117280295e-22,5.621498744670797e-22,5.8066525141584e-22,6.200837851017104e-22
cc-pvtz-dk,3.5732866433216612,346.97523813747716,5.425914501011001e-22,5.519750252134057e-22,5.702283550306121e-22,6.090961155207891e-22
cc-pvtz-dk,3.5752876438219108,346.7810446363509,5.3271493253577425e-22,5.419642668614722e-22,5.599583070160339e-22,5.982809452802791e-22
cc-pvtz-dk,3.577288644322161,346.5870683842819,5.22998864288738e-22,5.321153999820494e-22,5.498528987429638e-22,5.876360499436527e-22
cc-pvtz-dk,3.579289644822411,346.39330901691125,5.134410844527482e-22,5.224262578603424e-22,5.399099532272085e-22,5.771592345648011e-22
cc-pvtz-dk,3.5812906453226607,346.19976617069426,5.040394623203535e-22,5.128947034678423e-22,5.301273222021163e-22,5.668483309669393e-22
cc-pvtz-dk,3.583291645822911,346.00643948289826,4.947918940450152e-22,5.0351862619014345e-22,5.205028829721089e-22,5.56701194848514e-22
cc-pvtz-dk,3.5852926463231616,345.81332859160034,4.856962992117411e-22,4.9429593847433075e-22,5.110345352038288e-22,5.467157028593936e-22
cc-pvtz-dk,3.587293646823412,345.62043313568535,4.767506174831354e-22,4.852245725575483e-22,5.017201978085565e-22,5.368897497855545e-22
cc-pvtz-dk,3.5892946473236615,345.4277527548432,4.679528054787702e-22,4.763024774300887e-22,4.92557806060793e-22,5.272212459707807e-22
cc-pvtz-dk,3.591295647823912,345.2352870895668,4.593008340306024e-22,4.6752761617126575e-22,4.835453090829678e-22,5.177081150891566e-22
cc-pvtz-dk,3.593296648324162,345.0430357811499,4.507926859355742e-22,4.588979637751335e-22,4.746806678057777e-22,5.083482923631306e-22
cc-pvtz-dk,3.595297648824412,344.850998471685,4.424263542985066e-22,4.504115055557681e-22,4.659618534875776e-22,4.991397232983183e-22
cc-pvtz-dk,3.597298649324662,344.6591748040606,4.341998415257115e-22,4.420662361900347e-22,4.573868468461133e-22,4.900803629794083e-22
cc-pvtz-dk,3.5992996498249124,344.4675644219597,4.261111589933834e-22,4.338601594203686e-22,4.489536378223578e-22,4.811681759417983e-22
cc-pvtz-dk,3.601300650325162,344.27616696985694,4.1815832737715414e-22,4.257912884034336e-22,4.40660225961448e-22,4.724011366027196e-22
cc-pvtz-dk,3.6033016508254123,344.08498209301683,4.1033937759269328e-22,4.1785764665492734e-22,4.325046213618833e-22,4.637772302053992e-22
cc-pvtz-dk,3.6053026513256627,343.8940094374913,4.026523522642779e-22,4.100572695086178e-22,4.244848461134343e-22,4.5529445420216485e-22
cc-pvtz-dk,3.6073036518259127,343.70324865011787,3.950953076111402e-22,4.0238820598116177e-22,4.165989361187895e-22,4.469508199792478e-22
cc-pvtz-dk,3.6093046523261627,343.51269937851697,3.876663156223016e-22,3.948485209155374e-22,4.0884494317596428e-22,4.387443548094854e-22
cc-pvtz-dk,3.6113056528264127,343.3223612710902,3.803634663804954e-22,3.8743629726601745e-22,4.0122093718894685e-22,4.3067310391016345e-22
cc-pvtz-dk,3.613306653326663,343.13223397701785,3.731848703952058e-22,3.80149638387091e-22,3.937250083735908e-22,4.2273513248270624e-22
cc-pvtz-dk,3.6153076538269127,342.94231714625715,3.6612866081315944e-22,3.729866701970076e-22,3.863552693338775e-22,4.1492852761845835e-22
cc-pvtz-dk,3.617308654327164,342.7526104295394,3.5919299539093157e-22,3.6594554310284367e-22,3.7910985689963935e-22,4.072513999699151e-22
cc-pvtz-dk,3.6193096548274135,342.563113478369,3.5237605813625417e-22,3.590244335958075e-22,3.719869336383423e-22,3.9970188510733614e-22
cc-pvtz-dk,3.621310655327664,342.37382594502,3.4567606055030833e-22,3.5222154545106507e-22,3.649846889787956e-22,3.9227814450503e-22
cc-pvtz-dk,3.623311655827914,342.1847474825348,3.3909124243029106e-22,3.4553511049327025e-22,3.5810133991127117e-22,3.849783661274209e-22
cc-pvtz-dk,3.6253126563281635,341.995877744722,3.326198722177872e-22,3.3896338891505733e-22,3.5133513125427805e-22,3.7780076461001795e-22
cc-pvtz-dk,3.627313656828414,341.80721638615364,3.26260246902149e-22,3.325046691592448e-22,3.4468433550135344e-22,3.707435810527683e-22
cc-pvtz-dk,3.6293146573286643,341.618763062164,3.2001069150858453e-22,3.2615726739570333e-22,3.3814725228092998e-22,3.6380508246206447e-22
cc-pvtz-dk,3.6313156578289147,341.4305174288469,3.1386955821655034e-22,3.199195266393488e-22,3.317222074771654e-22,3.5698356089134073e-22
cc-pvtz-dk,3.6333166583291643,341.24247914305386,3.0783522516652043e-22,3.1378981556770163e-22,3.254075520707276e-22,3.5027733233981425e-22
cc-pvtz-dk,3.6353176588294147,341.0546478623916,3.0190609502158647e-22,3.077665271042391e-22,3.1920166076526745e-22,3.4368473547384714e-22
cc-pvtz-dk,3.6373186593296647,340.8670232452207,2.960805933559062e-22,3.018480768386805e-22,3.131029304690685e-22,3.3720413023710753e-22
cc-pvtz-dk,3.6393196598299142,340.67960495065296,2.903571669449026e-22,2.9603290135758356e-22,3.0710977870242966e-22,3.3083389641463307e-22
cc-pvtz-dk,3.6413206603301647,340.4923926385493,2.8473428203299524e-22,2.9031945655892847e-22,3.012206420005777e-22,3.2457243221314866e-22
cc-pvtz-dk,3.643321660830415,340.30538596951806,2.7921042265341023e-22,2.8470621602268504e-22,2.9543397437940086e-22,3.184181529158748e-22
cc-pvtz-dk,3.6453226613306655,340.1185846049128,2.7378408907125835e-22,2.791916695057487e-22,2.8974824592719485e-22,3.1236948966496464e-22
cc-pvtz-dk,3.647323661830915,339.93198820683034,2.6845379641530165e-22,2.737743216238312e-22,2.8416194157974083e-22,3.0642488841861897e-22
cc-pvtz-dk,3.6493246623311655,339.7455964381083,2.6321807355515246e-22,2.6845269077441534e-22,2.7867356012791856e-22,3.005828091224336e-22
cc-pvtz-dk,3.6513256628314155,339.55940896232363,2.5807546226907632e-22,2.632253083437236e-22,2.73281613496644e-22,2.948417251255626e-22
cc-pvtz-dk,3.6533266633316654,339.3734254437902,2.5302451673279927e-22,2.580907182264459e-22,2.679846263207884e-22,2.8920012286125135e-22
cc-pvtz-dk,3.6553276638319154,339.18764554755717,2.480638033426477e-22,2.530474766705649e-22,2.6278113582857764e-22,2.8365650179866426e-22
cc-pvtz-dk,3.657328664332166,339.00206893940634,2.431919008674443e-22,2.4809415244138776e-22,2.5766969202604364e-22,2.782093746586978e-22
cc-pvtz-dk,3.6593296648324163,338.816695285851,2.384074009043777e-22,2.43229327280313e-22,2.5264885815871854e-22,2.7285726787161314e-22
cc-pvtz-dk,3.6613306653326667,338.631524254133,2.337089085960212e-22,2.384515966163296e-22,2.477172114102296e-22,2.675987222399285e-22
cc-pvtz-dk,3.6633316658329163,338.4465555122218,2.29095043550313e-22,2.337595704732377e-22,2.4287334378315403e-22,2.624322937572505e-22
cc-pvtz-dk,3.6653326663331662,338.26178872881127,2.2456444089413833e-22,2.2915187450461494e-22,2.3811586309692253e-22,2.5735655452403046e-22
cc-pvtz-dk,3.6673336668334167,338.07722357331875,2.201157523852204e-22,2.246271510826743e-22,2.334433940317966e-22,2.5237009369568087e-22
cc-pvtz-dk,3.669334667333666,337.89285971588276,2.157476475066888e-22,2.2018406036676954e-22,2.2885457914742805e-22,2.474715183976554e-22
cc-pvtz-dk,3.6713356678339166,337.70869682736065,2.1145881447404013e-22,2.158212812825353e-22,2.2434807980949297e-22,2.426594545463899e-22
cc-pvtz-dk,3.673336668334167,337.52473457932723,2.0724796109442995e-22,2.1153751235274576e-22,2.199225769676727e-22,2.3793254752394145e-22
cc-pvtz-dk,3.6753376688344175,337.34097264407234,2.0311381543187534e-22,2.0733147233450272e-22,2.1557677174151757e-22,2.33289462666601e-22
cc-pvtz-dk,3.677338669334667,337.1574106945994,1.99055126247896e-22,2.0320190063325181e-22,2.1130938578641693e-22,2.287288855428e-22
cc-pvtz-dk,3.6793396698349174,336.9740484046227,1.950706632032466e-22,1.991475574802263e-22,2.0711916142791145e-22,2.2424952201121443e-22
cc-pvtz-dk,3.6813406703351674,336.79088544856637,1.9115921682155666e-22,1.951672238750936e-22,2.0300486156773187e-22,2.198500980649248e-22
cc-pvtz-dk,3.683341670835417,336.6079215015619,1.8731959822841049e-22,1.9125970130829943e-22,1.989652693776628e-22,2.1552935948012254e-22
cc-pvtz-dk,3.6853426713356674,336.4251562394462,1.835506386892826e-22,1.8742381128745248e-22,1.9499918780712273e-22,2.1128607129756934e-22
cc-pvtz-dk,3.687343671835918,336.24258933876,1.798511889763392e-22,1.8365839469857618e-22,1.9110543893665327e-22,2.0711901717108346e-22
cc-pvtz-dk,3.6893446723361683,336.0602204767457,1.7622011859781808e-22,1.799623110365441e-22,1.8728286321265064e-22,2.0302699861994592e-22
cc-pvtz-dk,3.6913456728364187,335.87804933134566,1.7265631492520223e-22,1.7633443754020124e-22,1.8353031859931953e-22,1.9900883422190482e-22
cc-pvtz-dk,3.693346673336668,335.69607558120003,1.6915868225333656e-22,1.7277366826720382e-22,1.7984667968264458e-22,1.950633587810551e-22
cc-pvtz-dk,3.695347673836918,335.51429890564503,1.6572614082782997e-22,1.6927891314234304e-22,1.7623083675909618e-22,1.9118942250132434e-22
cc-pvtz-dk,3.6973486743371677,335.33271898471116,1.62357625873245e-22,1.6584909701182253e-22,1.726816949396489e-22,1.8738589019259161e-22
cc-pvtz-dk,3.699349674837418,335.15133549912105,1.5905208665460362e-22,1.6248315873457986e-22,1.6919817329756854e-22,1.8365164053287577e-22
cc-pvtz-dk,3.7013506753376686,334.9701481302879,1.5580848560401145e-22,1.591800503407306e-22,1.6577920408685406e-22,1.7998556540732272e-22
cc-pvtz-dk,3.703351675837919,334.78915656031336,1.5262579754293395e-22,1.5593873628580108e-22,1.6242373205652943e-22,1.7638656934238129e-22
cc-pvtz-dk,3.7053526763381694,334.6083604719859,1.4950300902851139e-22,1.5275819282731105e-22,1.5913071388391467e-22,1.728535690514716e-22
cc-pvtz-dk,3.707353676838419,334.42775954877885,1.4643911784868253e-22,1.4963740754684835e-22,1.5589911774694935e-22,1.6938549310602445e-22
cc-pvtz-dk,3.709354677338669,334.2473534748483,1.4343313268518496e-22,1.4657537903542862e-22,1.527279230509277e-22,1.659812817422709e-22
cc-pvtz-dk,3.7113556778389194,334.06714193503166,1.4048407295584025e-22,1.4357111675270716e-22,1.4961612031860622e-22,1.6263988680942072e-22
cc-pvtz-dk,3.713356678339169,333.8871246148458,1.3759096883783475e-22,1.4062364106139123e-22,1.4656271124433572e-22,1.5936027185843342e-22
cc-pvtz-dk,3.7153576788394194,333.7073012004847,1.3475286146293195e-22,1.3773198342787084e-22,1.435667089034064e-22,1.5614141236298483e-22
cc-pvtz-dk,3.71735867933967,333.52767137881847,1.319688032643476e-22,1.3489518676925323e-22,1.4062713809770225e-22,1.5298229605575795e-22
cc-pvtz-dk,3.71935967983992,333.3482348373907,1.2923785844482432e-22,1.3211230591704542e-22,1.3774303580933283e-22,1.4988192335494767e-22
cc-pvtz-dk,3.7213606803401698,333.1689912644173,1.2655910352719197e-22,1.2938240815960666e-22,1.3491345172606575e-22,1.46839307848707e-22
cc-pvtz-dk,3.7233616808404197,332.9899403487841,1.2393162794361623e-22,1.2670457382041926e-22,1.3213744879734357e-22,1.438534768003603e-22
cc-pvtz-dk,3.72536268134067,332.81108178004564,1.2135453461819058e-22,1.2407789682759536e-22,1.2941410377788474e-22,1.40923471635125e-22
cc-pvtz-dk,3.7273636818409197,332.63241524842306,1.1882694049997145e-22,1.215014852323533e-22,1.2674250771791934e-22,1.3804834837051462e-22
cc-pvtz-dk,3.729364682341171,332.4539404448021,1.1634797700943453e-22,1.189744616399392e-22,1.2412176636455761e-22,1.3522717795730893e-22
cc-pvtz-dk,3.7313656828414206,332.275657060732,1.1391679037006056e-22,1.1649596352510196e-22,1.215510004471848e-22,1.3245904650568433e-22
cc-pvtz-dk,3.733366683341671,332.09756478842286,1.1153254180692716e-22,1.1406514341435627e-22,1.1902934582976883e-22,1.2974305538060374e-22
cc-pvtz-dk,3.735367683841921,331.9196633207446,1.0919440760503297e-22,1.1168116892815321e-22,1.1655595352385884e-22,1.2707832116125333e-22
cc-pvtz-dk,3.737368684342171,331.7419523512247,1.0690157902974024e-22,1.0934322268582053e-22,1.141299895659158e-22,1.2446397546925335e-22
cc-pvtz-dk,3.739369684842421,331.5644315740468,1.0465326211991232e-22,1.0705050208444615e-22,1.11750634771123e-22,1.2189916467917053e-22
cc-pvtz-dk,3.7413706853426705,331.38710068404873,1.024486773698232e-22,1.0480221896848302e-22,1.0941708438162939e-22,1.193830495310539e-22
cc-pvtz-dk,3.743371685842921,331.2099593767206,1.0028705931912361e-22,1.0259759921012013e-22,1.071285476305666e-22,1.1691480466840999e-22
cc-pvtz-dk,3.7453726863431713,331.03300734820357,9.816765607076561e-23,1.0043588222105431e-22,1.048842472437559e-22,1.1449361812571335e-22
cc-pvtz-dk,3.7473736868434218,330.85624429528764,9.608972875608187e-23,9.831632041546098e-23,1.0268341889998021e-22,1.1211869078826295e-22
cc-pvtz-dk,3.7493746873436717,330.6796699154103,9.405255096420905e-23,9.62381786417238e-23,1.0052531066806646e-22,1.0978923584395366e-22
cc-pvtz-dk,3.7513756878439217,330.5032839066542,9.20554081513514e-23,9.420073359847187e-23,9.840918243645052e-23,1.07504478242983e-22
cc-pvtz-dk,3.7533766883441717,330.32708596774626,9.009759704383537e-23,9.220327324856727e-23,9.633430534833874e-23,1.052636541777452e-22
cc-pvtz-dk,3.755377688844422,330.1510757980551,8.817842504870155e-23,9.02450962441217e-23,9.429996125434582e-23,1.0306601059261939e-22
cc-pvtz-dk,3.7573786893446717,329.9752530975902,8.629720968585609e-23,8.83255113755932e-23,9.230544219388312e-23,1.0091080473156545e-22
cc-pvtz-dk,3.759379689844922,329.79961756699936,8.445327805703026e-23,8.644383705903534e-23,9.035004991718251e-23,9.879730373114703e-23
cc-pvtz-dk,3.7613806903451725,329.6241689075675,8.264596636790543e-23,8.459940087660268e-23,8.843309546070254e-23,9.67247842670068e-23
cc-pvtz-dk,3.763381690845423,329.4489068212149,8.087461952004526e-23,8.279153918576446e-23,8.65538987890985e-23,9.469253226231647e-23
cc-pvtz-dk,3.7653826913456725,329.27383101049554,7.913859078855334e-23,8.10195968121433e-23,8.471178851673682e-23,9.269984266710519e-23
cc-pvtz-dk,3.7673836918459225,329.09894117859517,7.743724159841147e-23,7.928292683821637e-23,8.29061017195817e-23,9.074601931623338e-23
cc-pvtz-dk,3.769384692346173,328.9242370293298,7.576994140799954e-23,7.758089049599605e-23,8.113618384479315e-23,8.883037487158351e-23
cc-pvtz-dk,3.7713856928464224,328.7497182671442,7.413606770167283e-23,7.591285716551385e-23,7.940138871972992e-23,8.695223084977433e-23
cc-pvtz-dk,3.7733866933466738,328.57538459710986,7.253500608602184e-23,7.42782044739591e-23,7.77010786556384e-23,8.511091773154847e-23
cc-pvtz-dk,3.7753876938469233,328.4012357249238,7.096615047641516e-23,7.267631848249883e-23,7.603462463389681e-23,8.33057751425557e-23
cc-pvtz-dk,3.7773886943471737,328.22727135690633,6.942890335369185e-23,7.110659394115601e-23,7.440140655623451e-23,8.153615208935675e-23
cc-pvtz-dk,3.7793896948474237,328.0534912,6.792267606532058e-23,6.956843458656825e-23,7.280081353480851e-23,7.980140722908718e-23
cc-pvtz-dk,3.7813906953476732,327.87989496176743,6.644688914266394e-23,6.806125345466999e-23,7.123224419506871e-23,7.810090914798324e-23
cc-pvtz-dk,3.7833916958479237,327.70648235039005,6.500097260581e-23,6.658447318002865e-23,6.969510696376812e-23,7.643403662285951e-23
cc-pvtz-dk,3.785392696348174,327.5332530746663,6.358436623030032e-23,6.513752625628332e-23,6.818882031689257e-23,7.480017884135913e-23
cc-pvtz-dk,3.7873936968484245,327.36020684401,6.219651975510386e-23,6.371985523704453e-23,6.671281296694909e-23,7.31987355608241e-23
cc-pvtz-dk,3.789394697348674,327.18734336844886,6.083689301804451e-23,6.233091286342414e-23,6.52665239757246e-23,7.162911719185234e-23
cc-pvtz-dk,3.7913956978489245,327.0146623586225,5.95049560120694e-23,6.097016211157599e-23,6.384940278585468e-23,7.009074479967648e-23
cc-pvtz-dk,3.7933966983491745,326.84216352578136,5.820018886284807e-23,5.963707616083548e-23,6.246090917190209e-23,6.858305002400471e-23
cc-pvtz-dk,3.7953976988494245,326.6698465817846,5.692208173369169e-23,5.833113828870618e-23,6.110051311757914e-23,6.71054749243368e-23
cc-pvtz-dk,3.7973986993496744,326.4977112390989,5.567013466768907e-23,5.705184170302217e-23,5.976769463014556e-23,6.56574717627514e-23
cc-pvtz-dk,3.799399699849925,326.32575721079655,5.444385737859919e-23,5.579868932341516e-23,5.846194350511321e-23,6.42385027388948e-23
cc-pvtz-dk,3.8014007003501753,326.153984210554,5.324276900186007e-23,5.457119352412206e-23,5.718275905448515e-23,6.284803969245985e-23
cc-pvtz-dk,3.803401700850425,325.9823919526503,5.2066397815370055e-23,5.336887584847328e-23,5.592964981010797e-23,6.148556378702808e-23
cc-pvtz-dk,3.8054027013506753,325.8109801519653,5.091428093740224e-23,5.2191266702998906e-23,5.47021332111508e-23,6.015056518640364e-23
cc-pvtz-dk,3.8074037018509252,325.6397485239784,4.9785964006652384e-23,5.103790503654083e-23,5.349973528185313e-23,5.884254273118799e-23
cc-pvtz-dk,3.8094047023511752,325.4686967847669,4.8681000847886746e-23,4.9908338007952313e-23,5.2321990303388494e-23,5.75610036201694e-23
cc-pvtz-dk,3.811405702851425,325.2978246510041,4.759895312630285e-23,4.8802120645318435e-23,5.116844048250027e-23,5.630546309886154e-23
cc-pvtz-dk,3.8134067033516756,325.127131839958,4.653938999463531e-23,4.771881550026212e-23,5.003863561964778e-23,5.507544415649113e-23
cc-pvtz-dk,3.815407703851925,324.95661806949,4.550188773912315e-23,4.6657992302758604e-23,4.893213278081661e-23,5.387047723318338e-23
cc-pvtz-dk,3.8174087043521765,324.7862830580526,4.448602943308382e-23,4.561922762437517e-23,4.784849597935631e-23,5.269009994062577e-23
cc-pvtz-dk,3.819409704852426,324.6161265246889,4.3491404609464055e-23,4.46021045604549e-23,4.6787295876736885e-23,5.1533856801743424e-23
cc-pvtz-dk,3.8214107053526765,324.44614818902994,4.2517608965394077e-23,4.360621244350958e-23,4.574810951300318e-23,5.0401299016982646e-23
cc-pvtz-dk,3.8234117058529264,324.27634777129396,4.156424411214754e-23,4.2631146600643976e-23,4.473052007858743e-23,4.929198426625942e-23
cc-pvtz-dk,3.825412706353176,324.10672499228457,4.063091738234038e-23,4.167650816650726e-23,4.373411673826619e-23,4.8205476555650717e-23
cc-pvtz-dk,3.8274137068534264,323.9372795733891,3.971724170284021e-23,4.074190396016003e-23,4.275849451543359e-23,4.714134611632625e-23
cc-pvtz-dk,3.829414707353677,323.76801123657737,3.882283553691764e-23,3.9826946429536655e-23,4.1803254240614476e-23,4.609916935999827e-23
cc-pvtz-dk,3.8314157078539273,323.5989197044,3.7947322893293556e-23,3.893125366146487e-23,4.086800256276113e-23,4.507852889060293e-23
cc-pvtz-dk,3.833416708354177,323.43000469998697,3.709033339381578e-23,3.805444944936452e-23,3.995235201622651e-23,4.4079013566808634e-23
cc-pvtz-dk,3.8354177088544272,323.26126594704573,3.625150238620745e-23,3.7196163405434117e-23,3.905592113098729e-23,4.3100218604750053e-23
cc-pvtz-dk,3.837418709354677,323.0927031698605,3.543047108476406e-23,3.6356031100477274e-23,3.8178334569885844e-23,4.214174570638057e-23
cc-pvtz-dk,3.8394197098549268,322.9243160932899,3.462688672022969e-23,3.5533694212722026e-23,3.731922327458156e-23,4.1203203196231524e-23
cc-pvtz-dk,3.841420710355177,322.756104442766,3.3840402680773436e-23,3.4728800667518486e-23,3.6478224602129644e-23,4.02842061489506e-23
cc-pvtz-dk,3.8434217108554276,322.58806794429256,3.3070678628826455e-23,3.39410047524994e-23,3.56549824365156e-23,3.9384376491728604e-23
cc-pvtz-dk,3.845422711355678,322.4202063244438,3.2317380582807406e-23,3.3169967196979773e-23,3.484914726348704e-23,3.850334306923905e-23
cc-pvtz-dk,3.8474237118559276,322.25251931036274,3.15801809580274e-23,3.241535520963186e-23,3.406037620223776e-23,3.7640741663675876e-23
cc-pvtz-dk,3.849424712356178,322.08500662975956,3.0858758566173865e-23,3.1676842473663297e-23,3.328833299280795e-23,3.6796214967863155e-23
cc-pvtz-dk,3.851425712856428,321.9176680109105,3.015279857709546e-23,3.0954109103198214e-23,3.253268794278751e-23,3.596941251451997e-23
cc-pvtz-dk,3.8534267133566775,321.75050318265613,2.946199244947232e-23,3.0246841567612793e-23,3.1793117840301154e-23,3.515999056876972e-23
cc-pvtz-dk,3.855427713856928,321.5835118743999,2.878603783805248e-23,2.955473259186717e-23,3.1069305841908644e-23,3.4367611993367174e-23
cc-pvtz-dk,3.8574287143571784,321.41669381610683,2.8124638484576784e-23,2.887748104047197e-23,3.036094134395781e-23,3.35919460966964e-23
cc-pvtz-dk,3.859429714857429,321.250048738302,2.7477504097516706e-23,2.8214791790816786e-23,2.96677198442064e-23,3.2832668472357674e-23
cc-pvtz-dk,3.8614307153576792,321.0835763720689,2.6844350223104495e-23,2.7566375598938255e-23,2.8989342797905006e-23,3.2089460836720735e-23
cc-pvtz-dk,3.8634317158579288,320.9172764490483,2.6224898107416582e-23,2.693194895798647e-23,2.832551746955831e-23,3.1362010867664714e-23
cc-pvtz-dk,3.8654327163581788,320.75114870143653,2.561887454722616e-23,2.6311233947422726e-23,2.767595677904131e-23,3.0650012044655934e-23
cc-pvtz-dk,3.867433716858429,320.5851928619842,2.502601172658424e-23,2.5703958069988967e-23,2.7040379139325576e-23,2.995316348809023e-23
cc-pvtz-dk,3.8694347173586787,320.41940866399483,2.444604703662319e-23,2.510985407377489e-23,2.6418508282885918e-23,2.9271169794698365e-23
cc-pvtz-dk,3.871435717858929,320.25379584132315,2.3878722878163013e-23,2.452865975857269e-23,2.5810073075289088e-23,2.860374086631939e-23
cc-pvtz-dk,3.8734367183591796,320.088354128374,2.3323786449674442e-23,2.3960117768523186e-23,2.5214807316953236e-23,2.79505917310791e-23
cc-pvtz-dk,3.87543771885943,319.9230832601006,2.278098952656476e-23,2.3403975376399822e-23,2.463244953724723e-23,2.7311442358741905e-23
cc-pvtz-dk,3.8774387193596795,319.7579829720036,2.2250088240865772e-23,2.2859984268017586e-23,2.4062742788260208e-23,2.668601747508636e-23
cc-pvtz-dk,3.87943971985993,319.5930530001289,2.173084287243525e-23,2.2327900337403084e-23,2.3505434447918e-23,2.6074046382801634e-23
cc-pvtz-dk,3.88144072036018,319.4282930810671,2.1223017663392753e-23,2.1807483504153364e-23,2.2960276043244182e-23,2.547526279813932e-23
cc-pvtz-dk,3.8834417208604295,319.2637029519516,2.0726380666271942e-23,2.129849756338316e-23,2.24270231039369e-23,2.4889404712742678e-23
cc-pvtz-dk,3.88544272136068,319.0992823504571,2.024070363348011e-23,2.0800710075969735e-23,2.190543505413691e-23,2.4316214288641475e-23
cc-pvtz-dk,3.8874437218609303,318.9350310147986,1.9765761951477796e-23,2.0313892302780207e-23,2.1395275146556913e-23,2.3755437791447332e-23
cc-pvtz-dk,3.8894447223611808,318.77094868372984,1.9301334618271114e-23,1.9837819181826752e-23,2.089631043858993e-23,2.3206825562748158e-23
cc-pvtz-dk,3.8914457228614303,318.607035096542,1.8847204258102383e-23,1.9372269342582578e-23,2.0408311805328172e-23,2.2670132028203937e-23
cc-pvtz-dk,3.8934467233616807,318.4432899930618,1.840315716341372e-23,1.8917025147798796e-23,1.9931053980403835e-23,2.214511573368551e-23
cc-pvtz-dk,3.8954477238619307,318.2797131136509,1.7968983351829604e-23,1.8471872750689434e-23,1.946431561283747e-23,2.163153939863033e-23
cc-pvtz-dk,3.8974487243621803,318.11630419920425,1.754447662541953e-23,1.8036602154699457e-23,1.9007879327112522e-23,2.112916997419868e-23
cc-pvtz-dk,3.8994497248624307,317.9530629911482,1.7129434620824394e-23,1.7611007264234718e-23,1.856153177454692e-23,2.0637778693988027e-23
cc-pvtz-dk,3.901450725362681,317.7899892314399,1.672365884177494e-23,1.7194885917564118e-23,1.812506366662407e-23,2.0157141107070807e-23
cc-pvtz-dk,3.9034517258629315,317.62708266256567,1.6326954669323195e-23,1.6788039896854192e-23,1.7698269784581372e-23,1.9687037086392803e-23
cc-pvtz-dk,3.905452726363182,317.4643430275393,1.5939131349293416e-23,1.6390274914520103e-23,1.72809489638137e-23,1.922725080975988e-23
cc-pvtz-dk,3.9074537268634315,317.3017700699014,1.5560001960022667e-23,1.6001400578755835e-23,1.687290405551454e-23,1.8777570714758836e-23
cc-pvtz-dk,3.9094547273636815,317.13936353371724,1.5189383366013097e-23,1.5621230343828352e-23,1.6473941870999258e-23,1.8337789432499974e-23
cc-pvtz-dk,3.911455727863932,316.97712316357587,1.482709616410747e-23,1.5249581451905068e-23,1.6083873115700546e-23,1.7907703707313863e-23
cc-pvtz-dk,3.9134567283641815,316.81504870458906,1.447296462823315e-23,1.4886274872798968e-23,1.5702512319790463e-23,1.7487114310231294e-23
cc-pvtz-dk,3.915457728864432,316.65313990238917,1.412681665683321e-23,1.4531135246222734e-23,1.5329677770863798e-23,1.7075825953185476e-23
cc-pvtz-dk,3.9174587293646823,316.49139650312856,1.378848372434091e-23,1.4183990828439412e-23,1.496519145155232e-23,1.6673647208703944e-23
cc-pvtz-dk,3.9194597298649327,316.3298182534779,1.345780083498536e-23,1.3844673442100466e-23,1.4608878981822007e-23,1.6280390436821529e-23
cc-pvtz-dk,3.9214607303651823,316.1684049006251,1.3134606474733368e-23,1.351301842546616e-23,1.4260569562923563e-23,1.5895871717900643e-23
cc-pvtz-dk,3.9234617308654323,316.0071561922734,1.2818742555601401e-23,1.3188864575455695e-23,1.392009591790507e-23,1.551991078742637e-23
cc-pvtz-dk,3.9254627313656827,315.84607187664074,1.2510054346477145e-23,1.287205407866806e-23,1.3587294222895776e-23,1.515233096737525e-23
cc-pvtz-dk,3.9274637318659322,315.6851517024583,1.2208390385962543e-23,1.2562432425680036e-23,1.3262004024136233e-23,1.4792959088690705e-23
cc-pvtz-dk,3.9294647323661835,315.52439541896877,1.1913602375314732e-23,1.2259848306324584e-23,1.2944068137790822e-23,1.4441625400701842e-23
cc-pvtz-dk,3.931465732866433,315.3638027759257,1.1625545052979721e-23,1.1964153486972134e-23,1.2633332532682051e-23,1.4098163465880268e-23
cc-pvtz-dk,3.9334667333666835,315.2033735235915,1.1344076055643343e-23,1.1675202674252607e-23,1.232964619944293e-23,1.376241004144649e-23
cc-pvtz-dk,3.935467733866933,315.04310741273673,1.106905577373359e-23,1.1392853372735113e-23,1.2032861012766101e-23,1.3434204952618217e-23
cc-pvtz-dk,3.9374687343671835,314.88300419463854,1.0800347211018196e-23,1.1116965745931128e-23,1.174283159552139e-23,1.3113390964803781e-23
cc-pvtz-dk,3.9394697348674335,314.72306362107935,1.0537815858245999e-23,1.08474024904698e-23,1.145941519432593e-23,1.2799813663496106e-23
cc-pvtz-dk,3.941470735367683,314.56328544434575,1.0281329589366139e-23,1.058402873206494e-23,1.1182471575280534e-23,1.2493321350505626e-23
cc-pvtz-dk,3.9434717358679343,314.4036694172269,1.0030758586114197e-23,1.0326711949301689e-23,1.0911862946304233e-23,1.2193764963594453e-23
cc-pvtz-dk,3.945472736368184,314.24421529301384,9.78597529292544e-24,1.0075321927538261e-23,1.0647453908978597e-23,1.1900998023598438e-23
cc-pvtz-dk,3.9474737368684343,314.08492282549736,9.54685440018354e-24,9.829730741284614e-24,1.0389111438947542e-23,1.1614876609524779e-23
cc-pvtz-dk,3.9494747373686843,313.9257917689677,9.313272850023297e-24,9.58981275957271e-24,1.0136704889993618e-23,1.1335259358153054e-23
cc-pvtz-dk,3.9514757378689342,313.76682187821245,9.085109856406968e-24,9.355444666209721e-24,9.890106014076599e-24,1.1062007481493185e-23
cc-pvtz-dk,3.9534767383691842,313.6080129085158,8.862246929881165e-24,9.126505485332404e-24,9.649188987853243e-24,1.079498479313489e-23
cc-pvtz-dk,3.9554777388694347,313.449364615657,8.644567898002818e-24,8.902876603093908e-24,9.413830436288833e-24,1.0534057733951465e-23
cc-pvtz-dk,3.957478739369684,313.2908767559095,8.431958914218593e-24,8.68444177797308e-24,9.183909445352875e-24,1.0279095388375603e-23
cc-pvtz-dk,3.9594797398699346,313.13254908603915,8.224308451147718e-24,8.471087135280037e-24,8.95930755869358e-24,1.0029969484895519e-23
cc-pvtz-dk,3.961480740370185,312.97438136330345,8.021507277587646e-24,8.262701144795854e-24,8.739908756507165e-24,9.786554377528751e-24
cc-pvtz-dk,3.9634817408704355,312.8163733454499,7.823448421977514e-24,8.059174583970173e-24,8.525599418406824e-24,9.548727008707304e-24
cc-pvtz-dk,3.965482741370685,312.65852479071526,7.630027127512454e-24,7.860400491695702e-24,8.316268274925912e-24,9.316366857217314e-24
cc-pvtz-dk,3.967483741870935,312.50083545782377,7.441140805366843e-24,7.66627411911939e-24,8.111806354050774e-24,9.089355877194044e-24
cc-pvtz-dk,3.9694847423711854,312.34330510598613,7.256688992252165e-24,7.476692883901457e-24,7.91210692947831e-24,8.867578435179247e-24
cc-pvtz-dk,3.971485742871435,312.1859334948986,7.076573316993787e-24,7.29155633294775e-24,7.717065476215625e-24,8.650921251846109e-24
cc-pvtz-dk,3.9734867433716863,312.02872038474123,6.900697478158715e-24,7.110766116088474e-24,7.526579636799458e-24,8.439273353180873e-24
cc-pvtz-dk,3.975487743871936,311.87166553617715,6.72896723176322e-24,6.934225970195763e-24,7.340549198504625e-24,8.232526033261878e-24
cc-pvtz-dk,3.9774887443721862,311.7147687103509,6.561290385157294e-24,6.761841710244116e-24,7.158876078843933e-24,8.0305728276643e-24
cc-pvtz-dk,3.979489744872436,311.5580296688875,6.397576791112884e-24,6.59352122162056e-24,6.981464314247449e-24,7.833309493753761e-24
cc-pvtz-dk,3.9814907453726858,311.4014481738912,6.237738335174713e-24,6.429174446849238e-24,6.808220045349599e-24,7.640633992079179e-24
cc-pvtz-dk,3.983491745872936,311.24502398794425,6.0816889099894366e-24,6.268713360364273e-24,6.639051492425926e-24,7.452446462466181e-24
cc-pvtz-dk,3.9854927463731857,311.08875687410574,5.929344372026152e-24,6.112051926493352e-24,6.473868915717417e-24,7.268649188883968e-24
cc-pvtz-dk,3.987493746873437,310.9326465959101,5.780622479179622e-24,5.959106038774508e-24,6.312584558092793e-24,7.089146549277645e-24
cc-pvtz-dk,3.9894947473736866,310.77669291736674,5.635442810879056e-24,5.809793441813949e-24,6.1551125704679495e-24,6.913844949177134e-24
cc-pvtz-dk,3.991495747873937,310.6208956029577,5.493726675797002e-24,5.664033640394145e-24,6.00136892393009e-24,6.74265274136163e-24
cc-pvtz-dk,3.993496748374187,310.4652544176375,5.355397014335873e-24,5.5217478027271844e-24,5.851271314870762e-24,6.575480136469503e-24
cc-pvtz-dk,3.9954977488744365,310.30976912683116,5.2203783045621605e-24,5.3828586663902866e-24,5.704739071342988e-24,6.412239111845969e-24
cc-pvtz-dk,3.997498749374687,310.1544394964335,5.0885964797837784e-24,5.247290455176875e-24,5.561693068877769e-24,6.2528433265935446e-24
cc-pvtz-dk,3.9994997498749374,309.999265292808,4.9599788642620315e-24,5.1149688135483664e-24,5.4220556627537214e-24,6.097208050218304e-24
cc-pvtz-dk,4.001500750375188,309.8442462827853,4.834454130856421e-24,4.985820762790228e-24,5.285750641366849e-24,5.94525011048336e-24
cc-pvtz-dk,4.003501750875437,309.6893822336624,4.711952280726931e-24,4.859774679349662e-24,5.152703201840249e-24,5.796887862930531e-24
cc-pvtz-dk,4.005502751375688,309.53467291320095,4.5924046420559754e-24,4.736760292641493e-24,5.022839945799733e-24,5.652041181389171e-24
cc-pvtz-dk,4.007503751875937,309.38011808962676,4.4757438817555126e-24,4.616708696518072e-24,4.896088889997932e-24,5.5106314653387226e-24
cc-pvtz-dk,4.009504752376188,309.2257175316282,4.361904022685467e-24,4.4995523670142935e-24,4.772379484625895e-24,5.372581657687204e-24
cc-pvtz-dk,4.011505752876438,309.07147100835516,4.2508204584752136e-24,4.3852251783824465e-24,4.651642631251541e-24,5.23781626502776e-24
cc-pvtz-dk,4.013506753376689,308.91737828941785,4.142429959453838e-24,4.2736624106912505e-24,4.5338106932826534e-24,5.1062613727474156e-24
cc-pvtz-dk,4.015507753876938,308.76343914488604,4.036670665339268e-24,4.164800744300811e-24,4.418817493666183e-24,4.977844648644174e-24
cc-pvtz-dk,4.017508754377189,308.609653345287,3.933482063543428e-24,4.058578239684563e-24,4.3065982975772736e-24,4.852495331403923e-24
cc-pvtz-dk,4.019509754877438,308.4560206616055,3.832804954934627e-24,3.954934304083188e-24,4.197089780892304e-24,4.730144203269632e-24
cc-pvtz-dk,4.0215107553776885,308.30254086528174,3.7345814116239764e-24,3.8538096492969965e-24,4.090229988217929e-24,4.610723549429444e-24
cc-pvtz-dk,4.023511755877939,308.14921372821084,3.638754732899537e-24,3.755146246628469e-24,3.985958286216914e-24,4.49416710908651e-24
cc-pvtz-dk,4.025512756378189,307.99603902274134,3.545269405732266e-24,3.6588872854583294e-24,3.884215318762724e-24,4.380410024591706e-24
cc-pvtz-dk,4.027513756878439,307.8430165216743,3.454071075229942e-24,3.564977141053945e-24,3.784942969886494e-24,4.2693887951211425e-24
cc-pvtz-dk,4.0295147573786885,307.690145998262,3.365106528283448e-24,3.4733613551987166e-24,3.6880843387191706e-24,4.161041240197125e-24
cc-pvtz-dk,4.031515757878939,307.5374272262068,3.27832369075847e-24,3.383986630403537e-24,3.59358372795017e-24,4.0553064760662636e-24
cc-pvtz-dk,4.033516758379189,307.3848599796602,3.1936716356514326e-24,3.296800835511419e-24,3.50138664437265e-24,3.9521249051049134e-24
cc-pvtz-dk,4.03551775887944,307.2324440332217,3.111100597094288e-24,3.2117530178939378e-24,3.4114398073494635e-24,3.8514382155331395e-24
cc-pvtz-dk,4.03751875937969,307.08017916193774,3.030561983652997e-24,3.1287934158543707e-24,3.323691159194854e-24,3.753189386428667e-24
cc-pvtz-dk,4.03951975987994,306.9280651413003,2.9520083840158516e-24,3.047873464344693e-24,3.2380898706632442e-24,3.657322691650687e-24
cc-pvtz-dk,4.041520760380189,306.776101747246,2.875393559357566e-24,2.968945788122231e-24,3.1545863354246595e-24,3.56378369627616e-24
cc-pvtz-dk,4.04352176088044,306.6242887561549,2.800672418835712e-24,2.8919641785199423e-24,3.0731321492043766e-24,3.4725192403721046e-24
cc-pvtz-dk,4.04552276138069,306.47262594484977,2.7278009776553372e-24,2.8168835529041577e-24,2.9936800719884365e-24,3.38347740719576e-24
cc-pvtz-dk,4.0475237618809405,306.32111309059445,2.6567363002869233e-24,2.7436598990452504e-24,2.916183974824209e-24,3.2966074758821123e-24
cc-pvtz-dk,4.049524762381191,306.1697499710932,2.5874364340509057e-24,2.6722502093185333e-24,2.8405987755320285e-24,3.2118598615570064e-24
cc-pvtz-dk,4.0515257628814405,306.0185363644894,2.519860340143223e-24,2.60261241163904e-24,2.7668803698489006e-24,3.1291860483906216e-24
cc-pvtz-dk,4.05352676338169,305.8674720493645,2.4539678295875047e-24,2.5347053045956164e-24,2.694985565365132e-24,3.0485385224812053e-24
cc-pvtz-dk,4.0555277638819405,305.7165568047367,2.3897195108186344e-24,2.4684885036268236e-24,2.6248720252959854e-24,2.9698707117764173e-24
cc-pvtz-dk,4.057528764382191,305.5657904100604,2.3270767535175394e-24,2.4039224031197102e-24,2.5564982274193117e-24,2.89313693909996e-24
cc-pvtz-dk,4.059529764882441,305.41517264522486,2.266001670478923e-24,2.340968156546663e-24,2.4898234409059474e-24,2.8182923921714e-24
cc-pvtz-dk,4.061530765382692,305.264703290553,2.2064571161702908e-24,2.2795876736397414e-24,2.4248077206963343e-24,2.7452931116296766e-24
cc-pvtz-dk,4.063531765882941,305.1143821268004,2.148406697831413e-24,2.219743630725854e-24,2.361411916100781e-24,2.67409599499598e-24
cc-pvtz-dk,4.065532766383191,304.96420893515443,2.091814792994794e-24,2.1613994882637386e-24,2.299597688022313e-24,2.6046588119119726e-24
cc-pvtz-dk,4.067533766883441,304.8141834972328,2.0366465665335156e-24,2.1045195086937506e-24,2.2393275279855037e-24,2.5369402242316703e-24
cc-pvtz-dk,4.069534767383692,304.66430559508296,1.9828679808320503e-24,2.0490687680510162e-24,2.180564772207741e-24,2.4708998040060602e-24
cc-pvtz-dk,4.071535767883942,304.5145750111807,1.9304457944926548e-24,1.9950131564766984e-24,2.123273605367818e-24,2.4064980432240148e-24
cc-pvtz-dk,4.073536768384192,304.36499152842936,1.8793475474346548e-24,1.942319365135204e-24,2.0674190509411797e-24,2.3436963509764087e-24
cc-pvtz-dk,4.075537768884442,304.2155549301583,1.829541533299088e-24,1.890954860084255e-24,2.0129669479529147e-24,2.282457036470562e-24
cc-pvtz-dk,4.077538769384692,304.0662650001227,1.7809967626258047e-24,1.8408878462625226e-24,1.9598839167108185e-24,2.222743279121253e-24
cc-pvtz-dk,4.079539769884942,303.91712152250153,1.73368292228664e-24,1.79208722688606e-24,1.9081373183960297e-24,2.1645190895643127e-24
cc-pvtz-dk,4.0815407703851925,303.76812428189726,1.687570337451795e-24,1.7445225644933345e-24,1.8576952146206094e-24,2.107749267205247e-24
cc-pvtz-dk,4.083541770885443,303.6192730633345,1.6426299419245785e-24,1.6981640495915763e-24,1.8085263330695905e-24,2.0523993605281165e-24
cc-pvtz-dk,4.085542771385692,303.4705676522591,1.598833261071035e-24,1.6529824813863887e-24,1.7606000441479947e-24,1.9984356357978098e-24
cc-pvtz-dk,4.087543771885943,303.32200783453675,1.5561524091056492e-24,1.6089492626974183e-24,1.713886351359285e-24,1.9458250580548482e-24
cc-pvtz-dk,4.089544772386192,303.17359339645265,1.5145600996327829e-24,1.566036408325466e-24,1.6683558953761463e-24,1.8945352857841386e-24
cc-pvtz-dk,4.091545772886443,303.02532412470964,1.4740296657320587e-24,1.524216563480728e-24,1.6239799690506904e-24,1.8445346779079384e-24
cc-pvtz-dk,4.093546773386693,302.87719980642794,1.4345350838624862e-24,1.4834630267643362e-24,1.5807305383168017e-24,1.7957923091796003e-24
cc-pvtz-dk,4.095547773886944,302.7292202291437,1.3960509950415984e-24,1.4437497712345227e-24,1.5385802627178051e-24,1.748277988353353e-24
cc-pvtz-dk,4.097548774387193,302.5813851808082,1.3585527170410984e-24,1.4050514572206678e-24,1.497502509133618e-24,1.7019622727544207e-24
cc-pvtz-dk,4.099549774887444,302.43369444978646,1.3220162429990832e-24,1.3673434320694059e-24,1.4574713535299461e-24,1.6568164735236956e-24
cc-pvtz-dk,4.101550775387693,302.2861478248567,1.2864182242005707e-24,1.3306017142675319e-24,1.418461567619122e-24,1.6128126474040479e-24
cc-pvtz-dk,4.103551775887944,302.13874509520906,1.2517359376767605e-24,1.294802962252298e-24,1.3804485900998341e-24,1.5699235734331767e-24
cc-pvtz-dk,4.105552776388194,301.99148605044473,1.2179472421166053e-24,1.2599244310967638e-24,1.3434084850583132e-24,1.528122715798857e-24
cc-pvtz-dk,4.1075537768884445,301.8443704805748,1.1850305275105987e-24,1.225943922279334e-24,1.3073178922939609e-24,1.4873841765323268e-24
cc-pvtz-dk,4.109554777388694,301.6973981760195,1.1529646652623223e-24,1.1928397331936849e-24,1.272153976016205e-24,1.4476826438312397e-24
cc-pvtz-dk,4.111555777888944,301.5505689276067,1.121728965189391e-24,1.1605906128921208e-24,1.2378943784804838e-24,1.4089933424963464e-24
cc-pvtz-dk,4.113556778389194,301.40388252657186,1.0913031446111105e-24,1.1291757294626933e-24,1.204517184298205e-24,1.3712919926993182e-24
cc-pvtz-dk,4.115557778889444,301.25733876455575,1.0616673123144906e-24,1.0985746521307343e-24,1.1720008990471153e-24,1.3345547816748798e-24
cc-pvtz-dk,4.117558779389695,301.11093743360465,1.0328019675972796e-24,1.0687673486159184e-24,1.1403244433375552e-24,1.2987583507372973e-24
cc-pvtz-dk,4.119559779889945,300.9646783261687,1.004688011643857e-24,1.0397341953058171e-24,1.1094671604940532e-24,1.2638797970738175e-24
cc-pvtz-dk,4.121560780390195,300.81856123510136,9.77306766435324e-25,1.0114559956620099e-24,1.0794088337173572e-24,1.229896687255529e-24
cc-pvtz-dk,4.123561780890444,300.6725859536577,9.506399951191248e-25,9.839140008696241e-25,1.0501297069556059e-24,1.1967870773535149e-24
cc-pvtz-dk,4.125562781390695,300.5267522754941,9.246699176451768e-25,9.570899264744574e-25,1.02161050316833e-24,1.1645295334499284e-24
cc-pvtz-dk,4.127563781890945,300.38105999466734,8.993792167253174e-25,9.309659598655972e-25,9.938324345144462e-25,1.133103146607925e-24
cc-pvtz-dk,4.129564782391196,300.2355089056329,8.747510311369434e-25,9.055247553259402e-25,9.667772006533305e-25,1.102487537533625e-24
cc-pvtz-dk,4.131565782891446,300.0900988032449,8.507689360761752e-25,8.807494160159147e-25,9.404269738881457e-25,1.0726628484009e-24
cc-pvtz-dk,4.133566783391696,299.94482948275447,8.274169128967684e-25,8.566234649062933e-25,9.14764372543209e-25,1.0436097218981116e-24
cc-pvtz-dk,4.135567783891945,299.79970073980894,8.046793127764812e-25,8.331308089638433e-25,8.897724263891367e-25,1.0153092701641826e-24
cc-pvtz-dk,4.1375687843921956,299.65471237045097,7.825408200895821e-25,8.102557022565446e-25,8.654345395170486e-25,9.877430382688246e-25
cc-pvtz-dk,4.139569784892446,299.50986417111784,7.609864214257228e-25,7.879827139516831e-25,8.417344566406719e-25,9.608929680040346e-25
cc-pvtz-dk,4.141570785392696,299.36515593863993,7.400013851918853e-25,7.662967063163771e-25,8.186562382133835e-25,9.347413677415276e-25
cc-pvtz-dk,4.143571785892947,299.2205874702402,7.195712547143459e-25,7.451828259150407e-25,7.961842480474654e-25,9.092708929134616e-25
cc-pvtz-dk,4.145572786393196,299.0761585635332,6.9968185522079415e-25,7.246265087130388e-25,7.7430315475850725e-25,8.84464539645302e-25
cc-pvtz-dk,4.147573786893446,298.931869016524,6.803193124141845e-25,7.046134971167606e-25,7.529979456841043e-25,8.603056515043535e-25
cc-pvtz-dk,4.149574787393696,298.78771862760703,6.614700781846862e-25,6.851298647435644e-25,7.322539495758697e-25,8.367779368342032e-25
cc-pvtz-dk,4.151575787893947,298.6437071955657,6.431209575149403e-25,6.661620431068489e-25,7.120568625488391e-25,8.1386549196969865e-25
cc-pvtz-dk,4.153576788394197,298.4998345195712,6.252591305457369e-25,6.476968441722812e-25,6.923927712807669e-25,7.915528246231042e-25
cc-pvtz-dk,4.155577788894448,298.35610039918134,6.0787216448622375e-25,6.297214733220002e-25,6.732481677705353e-25,7.698248714899424e-25
cc-pvtz-dk,4.157578789394697,298.21250463434,5.909480120760757e-25,6.122235291784773e-25,6.546099516586227e-25,7.486670053072143e-25
cc-pvtz-dk,4.159579789894947,298.0690470253759,5.744749957475221e-25,5.951909891242112e-25,6.364654183684737e-25,7.280650285038221e-25
cc-pvtz-dk,4.161580790395197,297.92572737300156,5.584417792911473e-25,5.786121820124797e-25,6.188022339675005e-25,7.080051530869725e-25
cc-pvtz-dk,4.1635817908954476,297.7825454783131,5.428373311707848e-25,5.624757519693645e-25,6.016084001492833e-25,6.884739690212136e-25
cc-pvtz-dk,4.165582791395698,297.6395011427885,5.276508851082583e-25,5.467706187732372e-25,5.848722145179211e-25,6.694584054659299e-25
cc-pvtz-dk,4.167583791895948,297.49659416828706,5.128719040178315e-25,5.314859408931661e-25,5.685822322023481e-25,6.509456905691964e-25
cc-pvtz-dk,4.169584792396198,297.35382435704855,4.984900526335598e-25,5.166110866670677e-25,5.527272344899085e-25,6.329233157260556e-25
cc-pvtz-dk,4.1715857928964475,297.2111915116921,4.844951825168119e-25,5.021356175527565e-25,5.372962088402409e-25,6.153790093817963e-25
cc-pvtz-dk,4.173586793396698,297.06869543521515,4.708773306678084e-25,4.880492849841848e-25,5.222783423795572e-25,5.983007235670232e-25
cc-pvtz-dk,4.175587793896948,296.92633593099316,4.576267304552133e-25,4.743420398564726e-25,5.076630284932703e-25,5.816766340182923e-25
cc-pvtz-dk,4.177588794397199,296.78411280277805,4.447338311873118e-25,4.610040512168542e-25,4.934398836050792e-25,5.654951521277141e-25
cc-pvtz-dk,4.179589794897448,296.6420258546978,4.32189321128214e-25,4.480257291119148e-25,4.795987694185624e-25,5.497449448424441e-25
cc-pvtz-dk,4.181590795397699,296.50007489125494,4.199841481401973e-25,4.353977457865562e-25,4.661298148986251e-25,5.34414957171241e-25
cc-pvtz-dk,4.183591795897948,296.35825971732635,4.0810953271445906e-25,4.231110498743539e-25,4.530234324519691e-25,5.194944315932935e-25
cc-pvtz-dk,4.185592796398199,296.2165801381618,3.9655696969778543e-25,4.1115686965189663e-25,4.40270323972944e-25,5.049729193635114e-25
cc-pvtz-dk,4.187593796898449,296.07503595938357,3.8531821734635007e-25,3.9952670368531176e-25,4.278614745274035e-25,4.908402804324803e-25
cc-pvtz-dk,4.1895947973986996,295.933626986985,3.7438527473806245e-25,3.8821229958753055e-25,4.157881337950934e-25,4.770866708683501e-25
cc-pvtz-dk,4.191595797898949,295.79235302733025,3.637503509895355e-25,3.772056240682067e-25,4.0404178792404667e-25,4.637025192535185e-25
cc-pvtz-dk,4.1935967983991995,295.65121388715255,3.5340583131225654e-25,3.6649882914520413e-25,3.926141263068508e-25,4.50678495661563e-25
cc-pvtz-dk,4.195597798899449,295.51020937355435,3.4334424564429457e-25,3.5608422021813354e-25,3.8149700885764906e-25,4.380054783372808e-25
cc-pvtz-dk,4.1975987993996995,295.3693392940055,3.3355824503596827e-25,3.459542312817774e-25,3.706824392042415e-25,4.256745235687663e-25
cc-pvtz-dk,4.19959979989995,295.228603456343,3.2404058967077303e-25,3.361014113748405e-25,3.601625482563558e-25,4.136768437977081e-25
cc-pvtz-dk,4.2016008004002,295.08800166877006,3.147841501121766e-25,3.265184241430593e-25,3.499295905549107e-25,4.020037973583157e-25
cc-pvtz-dk,4.20360180090045,294.9475337398548,3.0578192092175438e-25,3.1719805996791407e-25,3.3997595343553748e-25,3.906468910688747e-25
cc-pvtz-dk,4.2056028014007,294.80719947852975,2.9702704343116548e-25,3.0813325770959216e-25,3.3029417658465927e-25,3.7959779442741057e-25
cc-pvtz-dk,4.20760380190095,294.6669986940911,2.8851283277948656e-25,2.9931713134980945e-25,3.208769776469025e-25,3.6884836199598437e-25
cc-pvtz-dk,4.2096048024012,294.52693119619727,2.802328035280078e-25,2.9074299589759004e-25,3.1171727839638774e-25,3.583906589953703e-25
cc-pvtz-dk,4.211605802901451,294.3869967948687,2.7218068840990015e-25,2.8240438703373696e-25,3.0280822584513793e-25,3.48216984479347e-25
cc-pvtz-dk,4.213606803401701,294.24719530048674,2.6435044624151695e-25,2.7429507032238653e-25,2.941432037830328e-25,3.3831988706918284e-25
cc-pvtz-dk,4.215607803901951,294.10752652379256,2.5673625688631033e-25,2.664090376054367e-25,2.8571583186702603e-25,3.2869216944697744e-25
cc-pvtz-dk,4.2176088044022,293.9679902758867,2.4933250385034043e-25,2.5874049085904704e-25,2.775199519715474e-25,3.1932688017213466e-25
cc-pvtz-dk,4.219609804902451,293.82858636822766,2.421337472315087e-25,2.5128381596887963e-25,2.6954960373155344e-25,3.1021729360060476e-25
cc-pvtz-dk,4.221610805402701,293.68931461263185,2.3513469164324946e-25,2.4403355086314095e-25,2.617989933325902e-25,3.0135688102314766e-25
cc-pvtz-dk,4.2236118059029515,293.55017482127204,2.2833015463954723e-25,2.369843534685231e-25,2.5426246084468227e-25,2.92739277778234e-25
cc-pvtz-dk,4.225612806403202,293.4111668066769,2.2171504099516387e-25,2.301309749113331e-25,2.469344516000156e-25,2.843582517944774e-25
cc-pvtz-dk,4.2276138069034515,293.27229038173,2.1528432696413226e-25,2.2346824227399007e-25,2.3980949623628393e-25,2.7620767864939496e-25
cc-pvtz-dk,4.229614807403701,293.13354535966886,2.090330568855157e-25,2.169910535419243e-25,2.3288220251922885e-25,2.682815271286975e-25
cc-pvtz-dk,4.231615807903951,292.9949315540844,2.0295635186569708e-25,2.106943847695481e-25,2.2614725953677263e-25,2.6057385700784833e-25
cc-pvtz-dk,4.233616808404202,292.85644877892,1.9704942814701509e-25,2.0457330734490283e-25,2.1959945267459647e-25,2.5307882861554726e-25
cc-pvtz-dk,4.235617808904452,292.7180968484705,1.9130762090710694e-25,1.9862301129004875e-25,2.132336857132017e-25,2.4579072148406375e-25
cc-pvtz-dk,4.237618809404703,292.5798755773816,1.8572640809105563e-25,1.9283882927766361e-25,2.070450049247623e-25,2.3870395755847743e-25
cc-pvtz-dk,4.239619809904952,292.44178478064896,1.8030142912757981e-25,1.87216256162628e-25,2.0102861992043744e-25,2.318131238180762e-25
cc-pvtz-dk,4.241620810405202,292.3038242736172,1.7502849417447214e-25,1.8175095950435288e-25,1.9517991644625092e-25,2.2511298911424617e-25
cc-pvtz-dk,4.243621810905452,292.16599387197925,1.6990358160993023e-25,1.7643877853940746e-25,1.8949445812723816e-25,2.185985113983063e-25
cc-pvtz-dk,4.245622811405703,292.02829339177566,1.6492282360252168e-25,1.7127571114460346e-25,1.8396797615153005e-25,2.1226483324152572e-25
cc-pvtz-dk,4.247623811905953,291.89072264939347,1.6008248203811893e-25,1.6625789079455559e-25,1.785963483621821e-25,2.0610726596347825e-25
cc-pvtz-dk,4.2496248124062035,291.75328146156556,1.5537891878054107e-25,1.613815572883932e-25,1.733755711129435e-25,2.0012126473723927e-25
cc-pvtz-dk,4.251625812906453,291.61596964537006,1.5080856561698982e-25,1.5664302650208006e-25,1.6830172891718358e-25,1.9430239905275894e-25
cc-pvtz-dk,4.253626813406703,291.4787870182289,1.4636789894898103e-25,1.5203866426174844e-25,1.6337096700020445e-25,1.8864632347998686e-25
cc-pvtz-dk,4.255627813906953,291.3417333979076,1.42053423769413e-25,1.4756486902960857e-25,1.5857947168813015e-25,1.8314875398206928e-25
cc-pvtz-dk,4.257628814407203,291.2048086025144,1.3786166939692452e-25,1.432180661162174e-25,1.5392346177775398e-25,1.7780545368264323e-25
cc-pvtz-dk,4.259629814907454,291.0680124504991,1.337891973894186e-25,1.389947141257043e-25,1.493991921248743e-25,1.7261223036821043e-25
cc-pvtz-dk,4.261630815407704,290.9313447606526,1.2983261973431697e-25,1.348913220030821e-25,1.4500296834847742e-25,1.6756494574763976e-25
cc-pvtz-dk,4.263631815907954,290.79480535210604,1.2598862339254627e-25,1.309044729703038e-25,1.4073116936786807e-25,1.626595341883374e-25
cc-pvtz-dk,4.265632816408203,290.6583940443298,1.2225399625794172e-25,1.2703085051605935e-25,1.3658027317974668e-25,1.5789202700737128e-25
cc-pvtz-dk,4.267633816908454,290.5221106571328,1.186256491594965e-25,1.2326726104946307e-25,1.3254688050317183e-25,1.5325857717867227e-25
cc-pvtz-dk,4.269634817408704,290.385955010662,1.1510062955345181e-25,1.19610648725653e-25,1.2862773158212882e-25,1.4875547947893535e-25
cc-pvtz-dk,4.271635817908955,290.24992692540104,1.1167612396405576e-25,1.1605809927315883e-25,1.2481971257283417e-25,1.4437918180398654e-25
cc-pvtz-dk,4.273636818409204,290.1140262221702,1.08349448541557e-25,1.1260683191325286e-25,1.2111985008974992e-25,1.4012628522615358e-25
cc-pvtz-dk,4.275637818909455,289.9782527221247,1.0511802928362353e-25,1.092541806459818e-25,1.175252946599185e-25,1.3599353243570719e-25
cc-pvtz-dk,4.277638819409704,289.84260624675477,1.019793754966615e-25,1.0599756826406424e-25,1.1403329600845382e-25,1.3197778648145025e-25
cc-pvtz-dk,4.279639819909955,289.7070866178843,9.893105133016176e-26,1.0283447781260278e-25,1.1064117463062414e-25,1.2807600356078552e-25
cc-pvtz-dk,4.281640820410205,289.57169365767027,9.59706504635582e-26,9.976242657852323e-26,1.0734629469326318e-25,1.2428520462508953e-25
cc-pvtz-dk,4.283641820910455,289.43642718860207,9.309577855623994e-26,9.6778947343346e-26,1.0414604318672503e-25,1.2060245092510078e-25
cc-pvtz-dk,4.285642821410705,289.30128703350067,9.030404638598607e-26,9.388158004428782e-26,1.0103781885616364e-25,1.1702482767645282e-25
cc-pvtz-dk,4.287643821910955,289.16627301551745,8.75930746674984e-26,9.106787510577241e-26,9.801903267310259e-26,1.1354943856559771e-25
cc-pvtz-dk,4.289644822411205,289.03138495813414,8.496050920808072e-26,8.833540737249395e-26,9.508711930571456e-26,1.1017341165485638e-25
cc-pvtz-dk,4.291645822911455,288.89662268516145,8.240404315235294e-26,8.568179761599618e-26,9.223955700469099e-26,1.0689391511476363e-25
cc-pvtz-dk,4.293646823411706,288.7619860207387,7.992144166183162e-26,8.310473709061829e-26,8.947389166922127e-26,1.0370817929876305e-25
cc-pvtz-dk,4.295647823911956,288.62747478933267,7.751056398273221e-26,8.060201010242678e-26,8.678776012479278e-26,1.0061352051982292e-25
cc-pvtz-dk,4.297648824412206,288.4930888157374,7.516937838632557e-26,7.817150996839507e-26,8.417890783279795e-26,9.760736160788173e-26
cc-pvtz-dk,4.299649824912456,288.3588279250727,7.289596675460612e-26,7.581124493390624e-26,8.164519724606148e-26,9.468724487646374e-26
cc-pvtz-dk,4.301650825412706,288.2246919427841,7.068851775986774e-26,7.351933273303561e-26,7.918460500991478e-26,9.185083477586072e-26
cc-pvtz-dk,4.303651825912956,288.0906806946414,6.854530958578223e-26,7.12939844692755e-26,7.679520816959092e-26,8.909590932415966e-26
cc-pvtz-dk,4.305652826413207,287.9567940067387,6.646468528781136e-26,6.913348068723308e-26,7.447516179835638e-26,8.642034170624885e-26
cc-pvtz-dk,4.307653826913457,287.82303170549295,6.444502522852012e-26,6.703614393172897e-26,7.222267203865237e-26,8.382207525814818e-26
cc-pvtz-dk,4.3096548274137065,287.68939361764365,6.248472158057633e-26,6.50003127609025e-26,7.003596942550136e-26,8.129909632221287e-26
cc-pvtz-dk,4.311655827913957,287.55587957025176,6.058215949881252e-26,6.302432190603626e-26,6.79132873120741e-26,7.884940987205531e-26
cc-pvtz-dk,4.3136568284142065,287.4224893906993,5.87357082686544e-26,6.110649207714758e-26,6.585284922453276e-26,7.64710222621863e-26
cc-pvtz-dk,4.315657828914457,287.2892229066883,5.694372385836132e-26,5.92451310948901e-26,6.385286728834572e-26,7.416193411098691e-26
cc-pvtz-dk,4.317658829414707,287.15607994624025,5.520456207390344e-26,5.743854581616063e-26,6.191155170510358e-26,7.192014434445476e-26
cc-pvtz-dk,4.319659829914958,287.02306033769537,5.351659959665463e-26,5.568506236209783e-26,6.002712924432693e-26,6.974366437871743e-26
cc-pvtz-dk,4.321660830415207,286.89016390971176,5.187825860983488e-26,5.398305050425951e-26,5.819786692842278e-26,6.763053942322734e-26
cc-pvtz-dk,4.323661830915457,286.75739049126463,5.0288030159162724e-26,5.233094739225963e-26,5.642209621237431e-26,6.557887262810675e-26
cc-pvtz-dk,4.325662831415707,286.6247399116457,4.874449155028232e-26,5.072727584918976e-26,5.46982327859547e-26,6.358684718276161e-26
cc-pvtz-dk,4.327663831915958,286.49221200046236,4.724631442518245e-26,4.9170653697155546e-26,5.302478815635645e-26,6.165274204822678e-26
cc-pvtz-dk,4.329664832416208,286.3598065876372,4.579226177292788e-26,4.76597921238497e-26,5.1400370579065433e-26,5.977493807040976e-26
cc-pvtz-dk,4.331665832916459,286.2275235034068,4.4381174430452415e-26,4.619348338081325e-26,4.982367512518992e-26,5.795191324286386e-26
cc-pvtz-dk,4.333666833416708,286.0953625783216,4.3011949494973795e-26,4.4770580001151615e-26,4.8293464609822134e-26,5.61822278254457e-26
cc-pvtz-dk,4.335667833916958,285.9633236432445,4.168351470524624e-26,4.338996943669258e-26,4.680854494721938e-26,5.446450206527558e-26
cc-pvtz-dk,4.337668834417208,285.8314065293507,4.039480359753327e-26,4.205054886761792e-26,4.536773954033824e-26,5.279739065549456e-26
cc-pvtz-dk,4.3396698349174585,285.6996110681268,3.9144735952281554e-26,4.075120476398009e-26,4.396986735860877e-26,5.1179558558419526e-26
cc-pvtz-dk,4.341670835417709,285.56793709136997,3.7932207190253473e-26,3.949080102296335e-26,4.26137288032888e-26,4.960966270544259e-26
cc-pvtz-dk,4.343671835917959,285.4363844311873,3.675608852051402e-26,3.826817772089708e-26,4.129810182587002e-26,4.80863428187815e-26
cc-pvtz-dk,4.345672836418209,285.3049529199954,3.5615237614989383e-26,3.7082160515750597e-26,4.002174882759537e-26,4.6608222872958507e-26
cc-pvtz-dk,4.347673836918458,285.173642390519,3.4508517580903384e-26,3.593157870837894e-26,3.87834328150273e-26,4.517392268638673e-26
cc-pvtz-dk,4.349674837418709,285.0424526757907,3.3434820430457925e-26,3.481528832847652e-26,3.758193952748926e-26,4.378207720193316e-26
cc-pvtz-dk,4.351675837918959,284.91138360915045,3.239309038098636e-26,3.373219564388813e-26,3.6416101103043763e-26,4.243135953575412e-26
cc-pvtz-dk,4.35367683841921,284.78043502424447,3.138234236759332e-26,3.2681276427515686e-26,3.5284816572242045e-26,4.1120503169944266e-26
cc-pvtz-dk,4.35567783891946,284.64960675502465,3.040167214037469e-26,3.1661587202171286e-26,3.418706515066063e-26,3.984831890329674e-26
cc-pvtz-dk,4.35767883941971,284.5188986357479,2.945025588094269e-26,3.067226617223271e-26,3.312190963478734e-26,3.861370313713533e-26
cc-pvtz-dk,4.359679839919959,284.38831050097536,2.8527339293721285e-26,2.97125235410585e-26,3.208848911879662e-26,3.7415635755361296e-26
cc-pvtz-dk,4.36168084042021,284.25784218557175,2.763221819832414e-26,2.8781623002363913e-26,3.108600235404677e-26,3.6253167915375665e-26
cc-pvtz-dk,4.36368184092046,284.1274935247048,2.6764214201106384e-26,2.7878857809129385e-26,3.0113684792139905e-26,3.512540192999741e-26
cc-pvtz-dk,4.3656828414207105,283.99726435384434,2.5922649964479376e-26,2.7003525861557053e-26,2.9170783564286335e-26,3.403146694353248e-26
cc-pvtz-dk,4.36768384192096,283.86715450876187,2.5106828685258424e-26,2.6154908458892193e-26,2.8256535060214417e-26,3.297049492650519e-26
cc-pvtz-dk,4.3696848424212105,283.7371638255295,2.4316021532635248e-26,2.5332256603980978e-26,2.737014921847306e-26,3.1941601400845025e-26
cc-pvtz-dk,4.37168584292146,283.6072921405195,2.3549465301452262e-26,2.453478733156176e-26,2.651080338175758e-26,3.0943874426302024e-26
cc-pvtz-dk,4.37368684342171,283.47753929040374,2.2806370540320826e-26,2.3761690571159947e-26,2.5677646697342422e-26,2.997637375250718e-26
cc-pvtz-dk,4.375687843921961,283.3479051121527,2.208593844142319e-26,2.301214507052987e-26,2.4869814054278337e-26,2.903814012228416e-26
cc-pvtz-dk,4.377688844422211,283.21838944303505,2.1387383120854494e-26,2.228534018930807e-26,2.4086446739445948e-26,2.812821278003793e-26
cc-pvtz-dk,4.379689844922461,283.0889921206168,2.070995491322747e-26,2.15804992750594e-26,2.3326715733434938e-26,2.7245651690288033e-26
cc-pvtz-dk,4.381690845422711,282.95971298276055,2.005296009635843e-26,2.0896900017559082e-26,2.2589843048932025e-26,2.638956005724024e-26
cc-pvtz-dk,4.383691845922961,282.8305518676253,1.9415773251263445e-26,2.02338878610713e-26,2.1875116993179436e-26,2.555910277922372e-26
cc-pvtz-dk,4.385692846423211,282.7015086136649,1.8797839795876585e-26,1.959087980828053e-26,2.1181898327153469e-26,2.4753517183642192e-26
cc-pvtz-dk,4.387693846923462,282.5725830596283,1.819866820125685e-26,1.896735787851567e-26,2.050961612693356e-26,2.3972113956541255e-26
cc-pvtz-dk,4.389694847423712,282.4437750445584,1.7617813337881103e-26,1.8362853427975198e-26,1.9857754090250266e-26,2.3214268027531965e-26
cc-pvtz-dk,4.391695847923962,282.31508440779135,1.705485412158292e-26,1.777692531465492e-26,1.9225829889232033e-26,2.2479401129210084e-26
cc-pvtz-dk,4.393696848424212,282.18651098895594,1.6509369649579258e-26,1.7209135998240784e-26,1.8613371430208213e-26,2.176695927222156e-26
cc-pvtz-dk,4.395697848924462,282.05805462797315,1.5980918352297564e-26,1.6659030107979598e-26,1.8019894523342358e-26,2.107638940549071e-26
cc-pvtz-dk,4.397698849424712,281.9297151650552,1.546902405994036e-26,1.612611948816872e-26,1.7444886141521094e-26,2.040711962943086e-26
cc-pvtz-dk,4.399699849924962,281.8014924407049,1.4973171546524807e-26,1.560987747880087e-26,1.6887796366753744e-26,1.9758546640697907e-26
cc-pvtz-dk,4.401700850425213,281.6733862957154,1.449281229050504e-26,1.510974341036787e-26,1.6348040446330234e-26,1.9130032685592156e-26
cc-pvtz-dk,4.403701850925462,281.5453965711689,1.4027379235664897e-26,1.4625136335231852e-26,1.5825010441294892e-26,1.852091246844212e-26
cc-pvtz-dk,4.405702851425713,281.41752310843646,1.3576307660434728e-26,1.4155475297123957e-26,1.531809416061903e-26,1.793050860196748e-26
cc-pvtz-dk,4.407703851925962,281.2897657491772,1.313905800164697e-26,1.3700202094807432e-26,1.482669758359358e-26,1.7358152450357588e-26
cc-pvtz-dk,4.409704852426213,281.16212433533747,1.271513629752346e-26,1.32588022109449e-26,1.4350266496674882e-26,1.6803206372383784e-26
cc-pvtz-dk,4.411705852926463,281.03459870915066,1.2304108192847026e-26,1.2830819751555558e-26,1.388830304564952e-26,1.626508292970825e-26
cc-pvtz-dk,4.413706853426714,280.90718871313607,1.1905603862741625e-26,1.2415863569385941e-26,1.3440374059207238e-26,1.5743257388949496e-26
cc-pvtz-dk,4.415707853926963,280.77989419009856,1.1519312848604717e-26,1.2013603331650237e-26,1.300610947606769e-26,1.5237271033013157e-26
cc-pvtz-dk,4.417708854427213,280.6527149831277,1.114496979431424e-26,1.1623756282579828e-26,1.2585191170378058e-26,1.4746724631197732e-26
cc-pvtz-dk,4.419709854927463,280.52565093559707,1.0782333797889906e-26,1.1246067218174548e-26,1.2177334294800452e-26,1.427126328979619e-26
cc-pvtz-dk,4.421710855427714,280.39870189116414,1.0431165213194822e-26,1.0880285388250849e-26,1.1782264593753298e-26,1.3810555461693585e-26
cc-pvtz-dk,4.423711855927964,280.2718676937691,1.0091204410365292e-26,1.0526142815521958e-26,1.1399696097998623e-26,1.336427020053868e-26
cc-pvtz-dk,4.425712856428214,280.14514818763416,9.762156339768934e-27,1.0183337960829439e-26,1.1029313248993171e-26,1.293205679198997e-26
cc-pvtz-dk,4.427713856928464,280.0185432172636,9.44368387909014e-27,9.851527886584524e-27,1.067076090083398e-26,1.251353068879731e-26
cc-pvtz-dk,4.4297148574287135,279.8920526274422,9.135411048693042e-27,9.53033022852042e-27,1.0323643920889302e-26,1.2108268244893098e-26
cc-pvtz-dk,4.431715857928964,279.76567626323515,8.836935432775885e-27,9.21933455009703e-27,9.98753641521551e-27,1.1715811202621179e-26
cc-pvtz-dk,4.433716858429214,279.6394139699876,8.547847325176052e-27,8.918120799654125e-27,9.661998701047923e-27,1.1335679952602863e-26
cc-pvtz-dk,4.435717858929465,279.5132655933235,8.267751799474192e-27,8.626281199059921e-27,9.34659863425101e-27,1.0967392874949171e-26
cc-pvtz-dk,4.437718859429715,279.3872309791455,7.996289551175498e-27,8.343441441847038e-27,9.040933268559676e-27,1.0610488101368278e-26
cc-pvtz-dk,4.439719859929965,279.2613099736338,7.73315230924293e-27,8.069276927770834e-27,8.744646480939826e-27,1.0264543303343941e-26
cc-pvtz-dk,4.441720860430214,279.1355024232459,7.478090064564784e-27,7.803521119456288e-27,8.457439373858969e-27,9.929189884215363e-27
cc-pvtz-dk,4.443721860930465,279.0098081747158,7.230908444639645e-27,7.545964134205702e-27,8.179071175051561e-27,9.604118566759037e-27
cc-pvtz-dk,4.445722861430715,278.88422707505345,6.991457099430809e-27,7.296442199350239e-27,7.909350814110344e-27,9.289075641717887e-27
cc-pvtz-dk,4.447723861930966,278.75875897154424,6.759610964292843e-27,7.054819634408386e-27,7.648120436542863e-27,8.983850248514843e-27
cc-pvtz-dk,4.449724862431216,278.63340371174814,6.535248219273093e-27,6.820967040913187e-27,7.395234241185398e-27,8.688255348408365e-27
cc-pvtz-dk,4.4517258629314655,278.50816114349925,6.318228998852246e-27,6.594739711434172e-27,7.15053653122413e-27,8.40210587569003e-27
cc-pvtz-dk,4.453726863431715,278.3830311149051,6.108378976144283e-27,6.3759604399147824e-27,6.913843230505769e-27,8.125198301587036e-27
cc-pvtz-dk,4.4557278639319655,278.25801347434606,5.905480857873949e-27,6.16440991856151e-27,6.684930299554884e-27,7.857295421976912e-27
cc-pvtz-dk,4.457728864432216,278.1331080704747,5.709275321693054e-27,5.9598264633831224e-27,6.46353117348517e-27,7.59811918850948e-27
cc-pvtz-dk,4.459729864932466,278.0083147522153,5.519471193463635e-27,5.761915096385123e-27,6.249343684873499e-27,7.347352922920496e-27
cc-pvtz-dk,4.461730865432716,277.8836333687633,5.33576286023556e-27,5.570364187547466e-27,6.0420450841184156e-27,7.104652421410084e-27
cc-pvtz-dk,4.463731865932966,277.7590637695842,5.157851438413555e-27,5.3848663219282885e-27,5.841312129835702e-27,6.869663665097985e-27
cc-pvtz-dk,4.465732866433216,277.6346058044136,4.985465739227791e-27,5.205139487295693e-27,5.6468424851695354e-27,6.642043811469781e-27
cc-pvtz-dk,4.467733866933466,277.5102593232561,4.818378886429213e-27,5.030944391932736e-27,5.45837318433871e-27,6.421481297057576e-27
cc-pvtz-dk,4.469734867433717,277.386024176385,4.656417443005159e-27,4.862094632645316e-27,5.2756926640344426e-27,6.2077112203808176e-27
cc-pvtz-dk,4.471735867933967,277.2619002143416,4.499461352568479e-27,4.69845781642413e-27,5.098644100588409e-27,6.000523091144529e-27
cc-pvtz-dk,4.473736868434217,277.1378872879347,4.347434622360485e-27,4.539947335946593e-27,4.927119326947337e-27,5.799759369091966e-27
cc-pvtz-dk,4.475737868934467,277.01398524823963,4.200288649152393e-27,4.386506490177674e-27,4.761044608665802e-27,5.605305181043042e-27
cc-pvtz-dk,4.477738869434717,276.8901939465982,4.0579812521458764e-27,4.238087863176009e-27,4.600360876900738e-27,5.4170710617659944e-27
cc-pvtz-dk,4.479739869934967,276.76651323461755,3.920455615747823e-27,4.094632097273113e-27,4.445002389905977e-27,5.2349722068915015e-27
cc-pvtz-dk,4.4817408704352175,276.6429429641701,3.787622847308017e-27,3.9560498009220944e-27,4.2948775898233884e-27,5.058907901542699e-27
cc-pvtz-dk,4.483741870935468,276.51948298739256,3.659351739022214e-27,3.82221030400859e-27,4.1498560672973216e-27,4.8887453079309196e-27
cc-pvtz-dk,4.4857428714357175,276.3961331566856,3.535467408326115e-27,3.692939129133314e-27,4.009763848233568e-27,4.724310441286083e-27
cc-pvtz-dk,4.487743871935968,276.2728933247129,3.415759149513851e-27,3.568024733753516e-27,3.8743879729394266e-27,4.565388124968195e-27
cc-pvtz-dk,4.4897448724362174,276.14976334440115,3.299995828611699e-27,3.447233066853422e-27,3.7434893241907366e-27,4.411730764969203e-27
cc-pvtz-dk,4.491745872936468,276.02674306893863,3.1879459483180993e-27,3.330327224607246e-27,3.6168213145328504e-27,4.26307432079838e-27
cc-pvtz-dk,4.493746873436718,275.9038323517756,3.079398322920552e-27,3.217088221550483e-27,3.494150631428477e-27,4.1191581848222975e-27
cc-pvtz-dk,4.495747873936969,275.78103104662284,2.9741795803900368e-27,3.1073330716901842e-27,3.375276231449238e-27,3.979745310396299e-27
cc-pvtz-dk,4.497748874437218,275.6583390074519,2.8721649898228547e-27,3.000926566348218e-27,3.2600427942038396e-27,3.844638578596321e-27
cc-pvtz-dk,4.499749874937469,275.5357560884936,2.773280650695028e-27,2.8977845990809133e-27,3.1483461573465157e-27,3.713690349937404e-27
cc-pvtz-dk,4.501750875437718,275.4132821442383,2.677496563616555e-27,2.797868341515326e-27,3.0401296350046416e-27,3.586803318299139e-27
cc-pvtz-dk,4.503751875937969,275.29091702943464,2.5848119952456143e-27,2.7011704684316525e-27,2.9353720022521228e-27,3.463922569151305e-27
cc-pvtz-dk,4.505752876438219,275.1686605990896,2.495235903204479e-27,2.6076960358829214e-27,2.834069417133179e-27,3.3450203412056494e-27
cc-pvtz-dk,4.5077538769384695,275.0465127084674,2.408766174950539e-27,2.517441679823932e-27,2.7362147482459344e-27,3.2300764160837183e-27
cc-pvtz-dk,4.509754877438719,274.9244732130893,2.3253716642861114e-27,2.430377128722568e-27,2.64177828049501e-27,3.1190579125374404e-27
cc-pvtz-dk,4.511755877938969,274.8025419687327,2.244980383238922e-27,2.3464324884418335e-27,2.5506934123983144e-27,3.0119022749257234e-27
cc-pvtz-dk,4.513756878439219,274.6807188314308,2.1674760857831692e-27,2.2654937115912848e-27,2.4628500651538213e-27,2.90850670346213e-27
cc-pvtz-dk,4.5157578789394694,274.55900365747203,2.0927038693920762e-27,2.1874070892085148e-27,2.3780970332980532e-27,2.808726014074947e-27
cc-pvtz-dk,4.51775887943972,274.4373963033994,2.0204836229777708e-27,2.1119918066427574e-27,2.296252730544551e-27,2.712379245861366e-27
cc-pvtz-dk,4.51975987993997,274.31589662600993,1.950628733342198e-27,2.039058142743655e-27,2.2171222494657513e-27,2.6192637138739467e-27
cc-pvtz-dk,4.52176088044022,274.19450448235426,1.8829664427239622e-27,1.9684278020529356e-27,2.140517442979429e-27,2.5291737915104784e-27
cc-pvtz-dk,4.523761880940469,274.07321972973574,1.817355923417889e-27,1.8999524464847552e-27,2.0662761338655873e-27,2.4419207606042093e-27
cc-pvtz-dk,4.52576288144072,273.9520422257102,1.7537006408356316e-27,1.833526909303962e-27,1.994276803205377e-27,2.357349952541625e-27
cc-pvtz-dk,4.52776388194097,273.8309718280853,1.6919526241953373e-27,1.769094545462402e-27,1.924445924983442e-27,2.275351867612309e-27
cc-pvtz-dk,4.529764882441221,273.7100083949199,1.632107895509847e-27,1.7066437606174946e-27,1.856756605862883e-27,2.1958651988625963e-27
cc-pvtz-dk,4.531765882941471,273.58915178452366,1.5741938980839867e-27,1.6461963505216833e-27,1.791218759316288e-27,2.1188711518114035e-27
cc-pvtz-dk,4.533766883441721,273.46840185545625,1.5182514126841948e-27,1.5877899637017702e-27,1.7278627738839408e-27,2.044380221252917e-27
cc-pvtz-dk,4.53576788394197,273.347758466527,1.4643143787190974e-27,1.5314580023804482e-27,1.6667197636526187e-27,1.972413924944927e-27
cc-pvtz-dk,4.537768884442221,273.22722147679417,1.412391502931506e-27,1.4772108293710362e-27,1.6078022026761439e-27,1.9029850136829272e-27
cc-pvtz-dk,4.539769884942471,273.10679074556475,1.362453146557029e-27,1.4250218514795806e-27,1.5510886284705088e-27,1.8360799341469707e-27
cc-pvtz-dk,4.5417708854427215,272.9864661323934,1.3144259523221946e-27,1.3748210936913286e-27,1.4965152914452712e-27,1.7716468480847293e-27
cc-pvtz-dk,4.543771885942972,272.86624749708244,1.2681962088408889e-27,1.326497465609518e-27,1.4439763248635514e-27,1.7095914875283523e-27
cc-pvtz-dk,4.545772886443221,272.74613469968085,1.2236212517008994e-27,1.2799092269303023e-27,1.3933323386943166e-27,1.649781567105526e-27
cc-pvtz-dk,4.547773886943471,272.62612760048404,1.1805466724556039e-27,1.2349006031125286e-27,1.3444257485729087e-27,1.5920588694370485e-27
cc-pvtz-dk,4.549774887443721,272.506226060033,1.1388260459573308e-27,1.1913213707539666e-27,1.2970998973955152e-27,1.5362566661417453e-27
cc-pvtz-dk,4.551775887943972,272.3864299391142,1.0983393168786036e-27,1.1490455812761615e-27,1.251218227984423e-27,1.4822190603770144e-27
cc-pvtz-dk,4.553776888444222,272.26673909875865,1.05900640124214e-27,1.107985909502039e-27,1.2066798985485328e-27,1.4298185919759e-27
cc-pvtz-dk,4.555777888944472,272.14715340024156,1.0207933720071214e-27,1.0681008531237695e-27,1.1634288240244506e-27,1.3789687053688027e-27
cc-pvtz-dk,4.557778889444722,272.0276727050818,9.837100713165621e-28,1.0293934294175972e-27,1.1214544327361378e-27,1.3296287040818746e-27
cc-pvtz-dk,4.559779889944972,271.9082968750412,9.477996517500416e-28,9.91901664228898e-28,1.0807840391798851e-27,1.2818002876712504e-27
cc-pvtz-dk,4.561780890445222,271.78902577212415,9.131220573431006e-28,9.556827030229437e-28,1.0414683026919897e-27,1.2355163437431637e-27
cc-pvtz-dk,4.563781890945473,271.6698592585772,8.797345995354963e-28,9.207935793318394e-28,1.0035625506039715e-27,1.1908241372348186e-27
cc-pvtz-dk,4.565782891445723,271.5507971968883,8.47673401333523e-28,8.872723790307302e-28,9.67107601760259e-28,1.1477661823516558e-27
cc-pvtz-dk,4.567783891945973,271.4318394497864,8.169391729349227e-28,8.551233183477052e-28,9.321136756565336e-28,1.1063623777709842e-27
cc-pvtz-dk,4.569784892446223,271.31298588024083,7.874900750846501e-28,8.243086271172757e-28,8.985505057757276e-28,1.0665968703543051e-27
cc-pvtz-dk,4.5717858929464725,271.1942363514608,7.592429400986943e-28,7.947486948790753e-28,8.663454539134934e-28,1.028412068137124e-27
cc-pvtz-dk,4.573786893446723,271.0755907268949,7.320826283135717e-28,7.663304634752998e-28,8.353899985761232e-28,9.917109627769462e-28
cc-pvtz-dk,4.575787893946973,270.95704887023066,7.058776465248638e-28,7.389223762919212e-28,8.055532706346879e-28,9.563672302064153e-28
cc-pvtz-dk,4.577788894447224,270.83861064539394,6.804990385133392e-28,7.123930206326108e-28,7.767000402702254e-28,9.222411656322433e-28
cc-pvtz-dk,4.579789894947473,270.72027591654836,6.558389105601824e-28,6.866298715068832e-28,7.487096850061428e-28,8.89198367733969e-28
cc-pvtz-dk,4.581790895447724,270.60204454809474,6.3182503228967555e-28,6.615545340505759e-28,7.214924905325263e-28,8.571275726436117e-28
cc-pvtz-dk,4.583791895947973,270.483916404671,6.084287714936805e-28,6.37131617663418e-28,6.9500020939282555e-28,8.259542575874994e-28
cc-pvtz-dk,4.585792896448224,270.3658913511509,5.85664808575178e-28,6.133695076723415e-28,6.692288205687383e-28,7.956473726714844e-28
cc-pvtz-dk,4.587793896948474,270.24796925264417,5.635827888668546e-28,5.903129891481064e-28,6.442130613415224e-28,7.662180049729455e-28
cc-pvtz-dk,4.589794897448725,270.1301499744959,5.422524728410135e-28,5.6802909797837315e-28,6.2001374298772195e-28,7.377101977740178e-28
cc-pvtz-dk,4.591795897948974,270.0124333822857,5.217452717115738e-28,5.465889531570096e-28,5.967003248311268e-28,7.101857296962246e-28
cc-pvtz-dk,4.593796898449225,269.89481934182726,5.021157176214955e-28,5.260490643256838e-28,5.743321016592683e-28,6.837057921186921e-28
cc-pvtz-dk,4.595797898949474,269.7773077191684,4.833863872542893e-28,5.064356661659472e-28,5.529415821645526e-28,6.583130549141369e-28
cc-pvtz-dk,4.5977988994497245,269.6598983805897,4.655391498226425e-28,4.877350645622269e-28,5.325232286843386e-28,6.340175473672112e-28
cc-pvtz-dk,4.599799899949975,269.5425911926047,4.485143710876048e-28,4.69891799682101e-28,5.130296727464758e-28,6.107890206406337e-28
cc-pvtz-dk,4.601800900450225,269.4253860219589,4.322182129770262e-28,4.528149647974215e-28,4.94376118298266e-28,5.885572427613855e-28
cc-pvtz-dk,4.603801900950475,269.3082827356297,4.165365559319493e-28,4.363913951522044e-28,4.764520128187732e-28,5.672200922417579e-28
cc-pvtz-dk,4.6058029014507245,269.1912812008255,4.0135290347630144e-28,4.205032252104236e-28,4.591377724131223e-28,5.46657916418838e-28
cc-pvtz-dk,4.607803901950975,269.07438128498535,3.8656676149363077e-28,4.05046371709415e-28,4.423232747950625e-28,5.267513162011285e-28
cc-pvtz-dk,4.609804902451225,268.95758285577864,3.721090430516874e-28,3.899464714391134e-28,4.259246432635596e-28,5.073990078874072e-28
cc-pvtz-dk,4.611805902951476,268.84088578110425,3.5795151003976404e-28,3.7516918127395173e-28,4.098960638133747e-28,4.885322903847333e-28
cc-pvtz-dk,4.613806903451726,268.7242899290903,3.441084870285898e-28,3.6072291056455804e-28,3.9423441299445415e-28,4.7012338305498815e-28
cc-pvtz-dk,4.615807903951976,268.6077951680936,3.3063056518272326e-28,3.4665350796067073e-28,3.7897585392273673e-28,4.5218607637461e-28
cc-pvtz-dk,4.617808904452225,268.4914013666992,3.175914882767685e-28,3.330319070884272e-28,3.6418504013318223e-28,4.347685594046736e-28
cc-pvtz-dk,4.619809904952476,268.3751083937196,3.0507078850978738e-28,3.1993715417222462e-28,3.499390533545924e-28,4.179398579730829e-28
cc-pvtz-dk,4.621810905452726,268.25891611819463,2.9313549512175752e-28,3.0743806697722498e-28,3.363091528235918e-28,4.0177248701920114e-28
cc-pvtz-dk,4.6238119059529765,268.14282440939087,2.818244002126189e-28,2.955770205593876e-28,3.2334381728011066e-28,3.8632463123994953e-28
cc-pvtz-dk,4.625812906453227,268.0268331368011,2.711378927701565e-28,2.8435896417242665e-28,3.1105632921076207e-28,3.7162527466113794e-28
cc-pvtz-dk,4.6278139069534765,267.91094217014376,2.610352490854359e-28,2.737477149895151e-28,2.994192234368489e-28,3.576650762609768e-28
cc-pvtz-dk,4.629814907453726,267.79515137936255,2.514399106359841e-28,2.6367025036232524e-28,2.8836667499482243e-28,3.44394751776575e-28
cc-pvtz-dk,4.6318159079539765,267.6794606346258,2.4225164905094257e-28,2.5402808715555913e-28,2.778042800886428e-28,3.3173118460608994e-28
cc-pvtz-dk,4.633816908454227,267.56386980632624,2.333633181207299e-28,2.4471359676297497e-28,2.6762438164975913e-28,3.1957011475821785e-28
cc-pvtz-dk,4.635817908954477,267.44837876508035,2.2467891072852346e-28,2.3562805616223786e-28,2.5772392718153255e-28,3.0780289452323326e-28
cc-pvtz-dk,4.637818909454728,267.33298738172795,2.1612951953690425e-28,2.266980331406197e-28,2.4802149053686103e-28,2.963341464310292e-28
cc-pvtz-dk,4.639819909954977,267.21769552733156,2.0768411103701154e-28,2.178869321362044e-28,2.3847015856648165e-28,2.850968949895653e-28
cc-pvtz-dk,4.641820910455227,267.102503073176,1.9935310012488024e-28,2.0919953936433353e-28,2.2906386296385894e-28,2.740623183812436e-28
cc-pvtz-dk,4.643821910955477,266.9874098907681,1.9118406038707807e-28,2.0067871551746482e-28,2.1983596123803513e-28,2.6324226374147148e-28
cc-pvtz-dk,4.645822911455728,266.8724158518359,1.8325041347770412e-28,1.9239489198475814e-28,2.1085036215913694e-28,2.526840687406187e-28
cc-pvtz-dk,4.647823911955978,266.75752082832844,1.7563530140831583e-28,1.8443042028528126e-28,2.021869338756897e-28,2.424587200063203e-28
cc-pvtz-dk,4.649824912456228,266.6427246924153,1.6841372582336418e-28,1.7686176927455317e-28,1.9392398986231336e-28,2.326446228971868e-28
cc-pvtz-dk,4.651825912956478,266.52802731648563,1.6163637871603812e-28,1.697429845709803e-28,1.8612121391296185e-28,2.233101021962766e-28
cc-pvtz-dk,4.653826913456728,266.41342857314845,1.5531825603688125e-28,1.6309357450435786e-28,1.788062941742913e-28,2.1449799190622735e-28
cc-pvtz-dk,4.655827913956978,266.29892833523155,1.494341874049203e-28,1.5689309592850759e-28,1.7196778099074436e-28,2.062152245908872e-28
cc-pvtz-dk,4.6578289144572285,266.1845264757813,1.4392212781178103e-28,1.5108346718605213e-28,1.6555552825950397e-28,1.9842941006195347e-28
cc-pvtz-dk,4.659829914957479,266.0702228680622,1.386935464114444e-28,1.4557853029786248e-28,1.5948859809918365e-28,1.9107302218873185e-28
cc-pvtz-dk,4.661830915457728,265.9560173855564,1.336488640222725e-28,1.4027897148217142e-28,1.5366905416345458e-28,1.840543301108912e-28
cc-pvtz-dk,4.663831915957979,265.8419099019629,1.2869503058042717e-28,1.3508978858377779e-28,1.47999044932642e-28,1.7727301713307965e-28
cc-pvtz-dk,4.665832916458228,265.7279002911976,1.237617992747704e-28,1.2993688191906431e-28,1.4239782469895414e-28,1.7063741106597723e-28
cc-pvtz-dk,4.667833916958479,265.61398842739254,1.1881364365202045e-28,1.2477965230769561e-28,1.3681551000297069e-28,1.64080075896213e-28
cc-pvtz-dk,4.669834917458729,265.5001741848955,1.1385505399894794e-28,1.196172108056106e-28,1.3124095136796137e-28,1.5756878669333011e-28
cc-pvtz-dk,4.67183591795898,265.3864574382696,1.0892815836243405e-28,1.1448697083857003e-28,1.2570217297570932e-28,1.5111074561865725e-28
cc-pvtz-dk,4.673836918459229,265.27283806229264,1.0410327189706696e-28,1.0945603909895974e-28,1.2025943997277804e-28,1.4474936858719736e-28
cc-pvtz-dk,4.67583791895948,265.15931593195677,9.946408875350035e-29,1.0460696045028623e-28,1.149921915403617e-28,1.3855417553605192e-28
cc-pvtz-dk,4.677838919459729,265.04589092246823,9.509045530724948e-29,1.0002064967806356e-28,1.0998244473342997e-28,1.3260582165836646e-28
cc-pvtz-dk,4.67983991995998,264.93256290924637,9.104193481641605e-29,9.575969259581071e-29,1.0529776639295498e-28,1.269790655640296e-28
cc-pvtz-dk,4.68184092046023,264.8193317679239,8.734544325638934e-29,9.185534673553196e-29,1.009772064737391e-28,1.2172706877560147e-28
cc-pvtz-dk,4.6838419209604805,264.7061973743458,8.398910718633365e-29,8.830051650718197e-29,9.702267679528674e-29,1.168698337125595e-28
cc-pvtz-dk,4.68584292146073,264.5931596045692,8.092369195659858e-29,8.505022001267269e-29,9.339759801369019e-29,1.123891667239992e-28
cc-pvtz-dk,4.68784392196098,264.48021833486285,7.807115052380062e-29,8.202928186278527e-29,9.003289788041542e-29,1.0823095618762128e-28
cc-pvtz-dk,4.68984492246123,264.36737344170666,7.533866475544998e-29,7.914578771675687e-29,8.683922113860377e-29,1.0431433979921257e-28
cc-pvtz-dk,4.69184592296148,264.25462480179124,7.263553897570706e-29,7.630777030322941e-29,8.372305476738868e-29,1.0054603878185317e-28
cc-pvtz-dk,4.693846923461731,264.14197229201744,6.988960733251076e-29,7.343982755912386e-29,8.060357546500248e-29,9.683700722302179e-29
cc-pvtz-dk,4.695847923961981,264.02941578949606,6.706010036839178e-29,7.049657614808302e-29,7.742707527520507e-29,9.311828299991961e-29
cc-pvtz-dk,4.697848924462231,263.9169551715472,6.414445422747927e-29,6.747030989770649e-29,7.417614577309891e-29,8.935294122167145e-29
cc-pvtz-dk,4.69984992496248,263.8045903156999,6.117783766401515e-29,6.439147537802952e-29,7.087194002153477e-29,8.554193649377308e-29
cc-pvtz-dk,4.701850925462731,263.69232109969147,5.822549793201647e-29,6.132188345731611e-29,6.75690876484149e-29,8.172271983741956e-29
cc-pvtz-dk,4.703851925962981,263.5801474014676,5.536941217059941e-29,5.834197870096004e-29,6.434426038557061e-29,7.796092119043956e-29
cc-pvtz-dk,4.705852926463232,263.46806909918143,5.269184121699011e-29,5.55346459136144e-29,6.12806203417856e-29,7.433673457498169e-29
cc-pvtz-dk,4.707853926963482,263.35608607119326,5.0258856839438776e-29,5.29685783064151e-29,5.845105608229257e-29,7.092854678392328e-29
cc-pvtz-dk,4.709854927463732,263.2441981960701,4.810713583148682e-29,5.068453201801722e-29,5.590355812490169e-29,6.779708931256786e-29
cc-pvtz-dk,4.711855927963981,263.13240535258524,4.623636855297859e-29,4.8686919872884043e-29,5.36513589455284e-29,6.497298136307266e-29
cc-pvtz-dk,4.7138569284642315,263.0207074197177,4.4608874027501113e-29,4.694249225101693e-29,5.16698634666825e-29,6.24501874450977e-29
cc-pvtz-dk,4.715857928964482,262.90910427665216,4.315631079768677e-29,4.5386174237295965e-29,4.9900776657026316e-29,6.018646681941986e-29
cc-pvtz-dk,4.717858929464732,262.79759580277806,4.17922762151777e-29,4.3933018128317077e-29,4.8262713185774617e-29,5.811080187794417e-29
cc-pvtz-dk,4.719859929964983,262.6861818776894,4.0428325544247545e-29,4.2493924919985525e-29,4.6666197108394e-29,5.613631796615574e-29
cc-pvtz-dk,4.721860930465232,262.57486238118446,3.899032163706481e-29,4.099210222957058e-29,4.503015666433192e-29,5.41761966775154e-29
cc-pvtz-dk,4.723861930965482,262.4636371932649,3.74320726376652e-29,3.93771923905979e-29,4.32968353187616e-29,5.215960433084173e-29
cc-pvtz-dk,4.725862931465732,262.35250619413574,3.574344399863352e-29,3.763416389457409e-29,4.14420635687132e-29,5.004438699336604e-29
cc-pvtz-dk,4.727863931965983,262.24146926420485,3.3951757584795526e-29,3.578562586921256e-29,3.947927947776647e-29,4.782444044727148e-29
cc-pvtz-dk,4.729864932466233,262.13052628408246,3.211587127623495e-29,3.3886787273370907e-29,3.7456199343498576e-29,4.553002690505377e-29
cc-pvtz-dk,4.731865932966484,262.0196771345808,3.0314420245585994e-29,3.201436975907673e-29,3.544511237382491e-29,4.322129864737763e-29
cc-pvtz-dk,4.733866933466733,261.9089216967135,2.863018020607841e-29,3.025131095968349e-29,3.352838083431749e-29,4.0976009479075657e-29
cc-pvtz-dk,4.735867933966983,261.7982598516954,2.7133877699350794e-29,2.867051608584293e-29,3.178224699170973e-29,3.8874083693497064e-29
cc-pvtz-dk,4.737868934467233,261.68769148094185,2.587026606341709e-29,2.7320491640998867e-29,3.026177746301898e-29,3.698174202194799e-29
cc-pvtz-dk,4.7398699349674835,261.5772164660686,2.484928743746484e-29,2.6215765065819217e-29,2.898997861704576e-29,3.53383711900839e-29
cc-pvtz-dk,4.741870935467734,261.4668346888912,2.4043933201142188e-29,2.533384914048804e-29,2.795309981156383e-29,3.394860095838579e-29
cc-pvtz-dk,4.7438719359679835,261.35654603142467,2.339516803786021e-29,2.4619283874659694e-29,2.710296797439874e-29,3.278103642471401e-29
cc-pvtz-dk,4.745872936468234,261.2463503758828,2.2823013154925507e-29,2.399402411247294e-29,2.636595595792122e-29,3.177395307559972e-29
cc-pvtz-dk,4.7478739369684835,261.13624760467815,2.2241543865595634e-29,2.3372057358481926e-29,2.565673385403244e-29,3.084671738030655e-29
cc-pvtz-dk,4.749874937468734,261.02623760042127,2.157502346487703e-29,2.2675546833785365e-29,2.4894264911718482e-29,2.99148424113766e-29
cc-pvtz-dk,4.751875937968984,260.9163202459206,2.0772026682046896e-29,2.1849348948104955e-29,2.4016919033876995e-29,2.8905722819764433e-29
cc-pvtz-dk,4.753876938469235,260.80649542418183,1.9814867244906056e-29,2.0871143532229811e-29,2.2993826595830225e-29,2.7772049656979416e-29
cc-pvtz-dk,4.755877938969484,260.6967630184075,1.87225517346008e-29,1.975526321822808e-29,2.183032206509114e-29,2.6500353573651773e-29
cc-pvtz-dk,4.757878939469735,260.58712291199663,1.7546721188591836e-29,1.8549515651808644e-29,2.056646161640307e-29,2.51130656776813e-29
cc-pvtz-dk,4.759879939969984,260.4775749885444,1.6361386339556177e-29,1.7325635553213714e-29,1.9268926337565692e-29,2.3663726396897465e-29
cc-pvtz-dk,4.761880940470235,260.3681191318416,1.5248421977502743e-29,1.6165196537777388e-29,1.8017866122273348e-29,2.2226270136428903e-29
cc-pvtz-dk,4.763881940970485,260.2587552258742,1.4281645255632186e-29,1.5143727591197565e-29,1.6891250474030518e-29,2.0880483354607545e-29
cc-pvtz-dk,4.7658829414707355,260.1494831548231,1.3512482131460426e-29,1.4316033825628522e-29,1.5949686229922668e-29,1.9696394908208826e-29
cc-pvtz-dk,4.767883941970985,260.0403028030637,1.295999718356059e-29,1.3705562982993563e-29,1.5224640067185963e-29,1.8720618561183385e-29
cc-pvtz-dk,4.7698849424712355,259.9312140551652,1.2607148368683021e-29,1.329980808847213e-29,1.4712278949582305e-29,1.7967229239106694e-29
cc-pvtz-dk,4.771885942971485,259.8222167958906,1.24039643406483e-29,1.3052606920272742e-29,1.4374088219092352e-29,1.7414900630837083e-29
cc-pvtz-dk,4.7738869434717355,259.71331091019596,1.227701543427324e-29,1.2892877426133486e-29,1.414412862009678e-29,1.7010833561333567e-29
cc-pvtz-dk,4.775887943971986,259.60449628323033,1.2143347062386333e-29,1.2738098408550903e-29,1.39415242862666e-29,1.6680704330760348e-29
cc-pvtz-dk,4.777888944472236,259.49577280033503,1.1926168166976975e-29,1.2509912442733554e-29,1.3685744430968128e-29,1.6342673988119976e-29
cc-pvtz-dk,4.779889944972486,259.38714034704344,1.1569334545837208e-29,1.2148907621770982e-29,1.3311797601613375e-29,1.5922822610891796e-29
cc-pvtz-dk,4.781890945472736,259.27859880908045,1.1047806940975268e-29,1.162569705258438e-29,1.278237117038856e-29,1.5368980481468673e-29
cc-pvtz-dk,4.783891945972986,259.1701480723622,1.0372157506578496e-29,1.0946253522505303e-29,1.2094675554905972e-29,1.4660401005348174e-29
cc-pvtz-dk,4.785892946473236,259.0617880229957,9.586253466645681e-30,1.0150463908394996e-29,1.1280657901328994e-29,1.3811376286591254e-29
cc-pvtz-dk,4.787893946973487,258.95351854727824,8.758564765583701e-30,9.304189328324083e-30,1.0400564333721247e-29,1.2868143413604188e-29
cc-pvtz-dk,4.789894947473737,258.8453395316971,7.968833017937017e-30,8.486419261162128e-30,9.531141886030311e-30,1.1899712901975138e-29
cc-pvtz-dk,4.791895947973987,258.73725086292933,7.29265477326648e-30,7.773986009605217e-30,8.75075739950719e-30,1.0984415819536425e-29
cc-pvtz-dk,4.793896948474236,258.629252427841,6.786901396408191e-30,7.2267330681871e-30,8.124242775409394e-30,1.0194692333949439e-29
cc-pvtz-dk,4.795897948974487,258.52134411348703,6.47875662670534e-30,6.875972869291524e-30,7.690375650382228e-30,9.583064926877325e-30
cc-pvtz-dk,4.797898949474737,258.41352580711083,6.360538308664555e-30,6.718507829071008e-30,7.454449976545189e-30,9.172027251074394e-30
cc-pvtz-dk,4.7998999499749875,258.3057973961438,6.39115163955347e-30,6.717219109910656e-30,7.38722591069672e-30,8.949666770084572e-30
cc-pvtz-dk,4.801900950475238,258.19815876820496,6.503968819941067e-30,6.808182257892494e-30,7.430529815993475e-30,8.871925547007911e-30
cc-pvtz-dk,4.8039019509754874,258.0906098111007,6.619522575490264e-30,6.912842521947405e-30,7.50832586193877e-30,8.870958018481778e-30
cc-pvtz-dk,4.805902951475737,257.983150412824,6.660674784363482e-30,6.953010095643548e-30,7.541230457346267e-30,8.86807619560014e-30
cc-pvtz-dk,4.807903951975987,257.8757804615545,6.567193160372578e-30,6.865639764882435e-30,7.461523036205501e-30,8.78863065090368e-30
cc-pvtz-dk,4.809904952476238,257.7684998456578,6.307144840067135e-30,6.614763345816499e-30,7.225974199061903e-30,8.576166457183522e-30
cc-pvtz-dk,4.811905952976488,257.6613084536854,5.88277726023732e-30,6.198141514127798e-30,6.823885052760442e-30,8.202990749417935e-30
cc-pvtz-dk,4.813906953476739,257.55420617437386,5.3298534792357144e-30,5.647454133988301e-30,6.278890164709926e-30,7.675217352071523e-30
cc-pvtz-dk,4.815907953976988,257.4471928966448,4.710632270586496e-30,5.022054493422073e-30,5.6442382367213274e-30,7.031375848394863e-30
cc-pvtz-dk,4.817908954477238,257.3402685096044,4.101720628129662e-30,4.3973693379156984e-30,4.992344641996535e-30,6.334750427966173e-30
cc-pvtz-dk,4.819909954977488,257.2334329025428,3.5793667058609836e-30,3.850406575443918e-30,4.400854295264905e-30,5.661146998903817e-30
cc-pvtz-dk,4.821910955477739,257.1266859649341,3.20473776975713e-30,3.444877442943066e-30,3.937621712309063e-30,5.084182198780154e-30
cc-pvtz-dk,4.823911955977989,257.02002758643573,3.012246217241367e-30,3.2190256532527334e-30,3.6477272079714114e-30,4.661152175562788e-30
cc-pvtz-dk,4.8259129564782395,256.9134576568881,3.002992261498353e-30,3.1783294146048295e-30,3.544855053909561e-30,4.422036040138551e-30
cc-pvtz-dk,4.827913956978489,256.80697606631435,3.1445950922122413e-30,3.294490035203897e-30,3.608701118807917e-30,4.3637575219583745e-30
cc-pvtz-dk,4.829914957478739,256.7005827049198,3.37746707109768e-30,3.510923153793481e-30,3.788929247673894e-30,4.450828290965192e-30
cc-pvtz-dk,4.831915957978989,256.59427746309143,3.6262025337912626e-30,3.753574196736109e-30,4.0147923104998734e-30,4.6221250584035726e-30
cc-pvtz-dk,4.833916958479239,256.4880602313981,3.814034281055633e-30,3.945118711647344e-30,4.208703216644313e-30,4.802622632411336e-30
cc-pvtz-dk,4.83591795897949,256.3819309005896,3.877422271331072e-30,4.019661710655537e-30,4.300991692682635e-30,4.9176733240550694e-30
cc-pvtz-dk,4.837918959479739,256.2758893615965,3.7781037258031715e-30,3.935241168449586e-30,4.243135532345496e-30,4.9072018484718295e-30
cc-pvtz-dk,4.83991995997999,256.1699355055297,3.5102688274873925e-30,3.6817129117506146e-30,4.01690380548346e-30,4.737067272642755e-30
cc-pvtz-dk,4.841920960480239,256.0640692236802,3.1014790866526962e-30,3.282497229736974e-30,3.6376494842579626e-30,4.4054001905244925e-30
cc-pvtz-dk,4.84392196098049,255.95829040751835,2.6072209049936e-30,2.789920718173334e-30,3.1511879207444935e-30,3.9427655373088035e-30
cc-pvtz-dk,4.84592296148074,255.85259894869412,2.100170279105501e-30,2.275079219193299e-30,2.6248942222199922e-30,3.4061572512327795e-30
cc-pvtz-dk,4.847923961980991,255.74699473903618,1.6561708264961947e-30,1.8141098063321666e-30,2.1346715427010735e-30,2.8679222895079167e-30
cc-pvtz-dk,4.84992496248124,255.64147767055184,1.339680968224296e-30,1.4735730943235663e-30,1.7503614381996503e-30,2.401816810263695e-30
cc-pvtz-dk,4.851925962981491,255.5360476354263,1.191446659114045e-30,1.2977151935723238e-30,1.5223611953554408e-30,2.0688377102803425e-30
cc-pvtz-dk,4.85392696348174,255.4307045260229,1.2207728825883111e-30,1.3000631819009162e-30,1.4720293134163804e-30,1.905569349065152e-30
cc-pvtz-dk,4.855927963981991,255.32544823488206,1.403820235171913e-30,1.460909642383733e-30,1.5876623029708925e-30,1.9172230176589944e-30
cc-pvtz-dk,4.857928964482241,255.22027865472143,1.6882390354652025e-30,1.7311552084745168e-30,1.82680259407978e-30,2.076696622204416e-30
cc-pvtz-dk,4.859929964982491,255.11519567843538,2.003252999051479e-30,2.041772012126188e-30,2.1244331195384154e-30,2.3298303888679417e-30
cc-pvtz-dk,4.861930965482741,255.01019919909456,2.2732251350122914e-30,2.3170385858076604e-30,2.4054506665539876e-30,2.6058114008474092e-30
cc-pvtz-dk,4.863931965982991,254.90528910994547,2.432103932949249e-30,2.4890069365757667e-30,2.5990231929441697e-30,2.8307257257727608e-30
cc-pvtz-dk,4.865932966483241,254.8004653044104,2.4359768459140504e-30,2.510423287558747e-30,2.6520708315777402e-30,2.9416466694881697e-30
cc-pvtz-dk,4.867933966983491,254.69572767608673,2.271354786219147e-30,2.3636546724883736e-30,2.5393130633247056e-30,2.8985799088516774e-30
cc-pvtz-dk,4.869934967483742,254.59107611874677,1.957619863111512e-30,2.063930197825571e-30,2.2679752898339607e-30,2.6919927360006753e-30
cc-pvtz-dk,4.871935967983992,254.48651052633738,1.5431531569601696e-30,1.656261429856503e-30,1.87623773431987e-30,2.34446712186796e-30
cc-pvtz-dk,4.873936968484242,254.38203079297958,1.0959748754574968e-30,1.2067224771801462e-30,1.425814340927316e-30,1.906249472778147e-30
cc-pvtz-dk,4.875937968984492,254.27763681296807,6.906149576502064e-31,7.896863523696079e-31,9.900113799198872e-31,1.4454809551981775e-30
cc-pvtz-dk,4.877938969484742,254.17332848077123,3.938462640988285e-31,4.735805400985816e-31,6.396726818571021e-31,1.0351019107763986e-30
cc-pvtz-dk,4.879939969984992,254.06910569103024,2.5190285929450583e-31,3.077814761312319e-31,4.295976953728815e-31,7.38838575086366e-31
cc-pvtz-dk,4.881940970485243,253.96496833855926,2.8171091793362453e-31,3.1323803503815397e-31,3.88114821441347e-31,5.990396734073479e-31
cc-pvtz-dk,4.883941970985493,253.86091631834475,4.677283145427544e-31,4.785379671702398e-31,5.117282013235034e-31,6.286206942749816e-31
cc-pvtz-dk,4.8859429714857425,253.7569495255452,7.786689481052007e-31,7.827406425076511e-31,7.993303965189422e-31,8.6759925573333e-31
cc-pvtz-dk,4.887943971985992,253.65306785549078,1.1190067301980506e-30,1.1173128282078798e-30,1.1187692849568693e-30,1.139926330363757e-30
cc-pvtz-dk,4.8899449724862425,253.54927120368288,1.4227705038363063e-30,1.4205835568016193e-30,1.4171766811918033e-30,1.4131418604077048e-30
cc-pvtz-dk,4.891945972986493,253.44555946579405,1.6430792298195172e-30,1.655820862289371e-30,1.67938140557522e-30,1.7248950018303644e-30
cc-pvtz-dk,4.893946973486743,253.34193253766736,1.7182331331967152e-30,1.75046239546924e-30,1.8104462912351555e-30,1.927875719246298e-30
cc-pvtz-dk,4.895947973986994,253.2383903153162,1.626799916623235e-30,1.678174505067558e-30,1.773968327722604e-30,1.962206653141485e-30
cc-pvtz-dk,4.897948974487243,253.13493269492392,1.3802170783063856e-30,1.446414517328349e-30,1.5699614292607451e-30,1.813188229836273e-30
cc-pvtz-dk,4.899949974987493,253.03155957284332,1.0216557661018258e-30,1.097503751100569e-30,1.24165703505654e-30,1.5357301872282946e-30
cc-pvtz-dk,4.901950975487743,252.9282708455965,6.133569244718225e-31,6.907486665302996e-31,8.41477023103031e-31,1.1631247698934503e-30
cc-pvtz-dk,4.903951975987994,252.82506640987452,2.2725532245953335e-31,2.969023643212972e-31,4.36553006197354e-31,7.497653120043678e-31
cc-pvtz-dk,4.905952976488244,252.72194616253694,9.191592555839895e-32,1.44867323228717e-31,2.5569652357239025e-31,5.214292671767868e-31
cc-pvtz-dk,4.907953976988495,252.61891000061152,4.795065865278927e-32,7.916025720179016e-32,1.5025461295194016e-31,3.4109916865996926e-31
cc-pvtz-dk,4.909954977488744,252.51595782129394,8.578019424611516e-33,1.9454236437818791e-32,5.17701510863018e-32,1.62986455282884e-31
cc-pvtz-dk,4.911955977988994,252.41308952194728,6.907983960072745e-33,1.5666734547409964e-32,4.169113586857049e-32,1.312549859205136e-31
cc-pvtz-dk,4.913956978489244,252.3103050001018,3.001881880083455e-31,3.041786846907277e-31,3.1775600659231834e-31,3.68763297306535e-31
cc-pvtz-dk,4.9159579789894945,252.20760415345475,6.487344752712251e-31,6.471835865801761e-31,6.463403198083748e-31,6.528043469231769e-31
cc-pvtz-dk,4.917958979489745,252.10498687986978,9.696865718620743e-31,9.64425515566339e-31,9.544344563623122e-31,9.34083268763065e-31
cc-pvtz-dk,4.919959979989995,252.00245307737669,1.1980778224421335e-30,1.1915776242817774e-30,1.1792333608853431e-30,1.1540888376646114e-30
cc-pvtz-dk,4.921960980490245,251.90000264417114,1.3193030996214448e-30,1.3294177112760957e-30,1.3481182420483547e-30,1.3842338473353071e-30
cc-pvtz-dk,4.923961980990494,251.79763547861427,1.2849566979601848e-30,1.3150454687984485e-30,1.3710964622084125e-30,1.4810286743515152e-30
cc-pvtz-dk,4.925962981490745,251.69535147923227,1.0931780311320554e-30,1.139868670822017e-30,1.2269901813631822e-30,1.3984307012029439e-30
cc-pvtz-dk,4.927963981990995,251.59315054471625,7.7779849049388065e-31,8.344093420057294e-31,9.401286218299897e-31,1.1485124268730426e-30
cc-pvtz-dk,4.929964982491246,251.49103257392184,3.982080451989897e-31,4.584566290615895e-31,5.7369493491447245e-31,8.116305660646732e-31
cc-pvtz-dk,4.931965982991495,251.38899746586875,1.0249131920073188e-31,1.57701351977589e-31,2.6708766765203285e-31,5.075693741860284e-31
cc-pvtz-dk,4.933966983491746,251.28704511974044,7.101218239972683e-32,1.1178335780654517e-31,1.9689698279328885e-31,4.001882797409835e-31
cc-pvtz-dk,4.935967983991995,251.18517543488397,3.059981340667141e-32,5.168154208699936e-32,1.013649528160783e-31,2.401209017214742e-31
cc-pvtz-dk,4.937968984492246,251.08338831080945,7.178156379471116e-33,1.6279463181583167e-32,4.3321683233790365e-32,1.3638839058809923e-31
cc-pvtz-dk,4.939969984992496,250.98168364718987,5.86486215965903e-33,1.330102083959673e-32,3.5395676446563063e-32,1.1143517481237646e-31
cc-pvtz-dk,4.9419709854927465,250.8800613438607,8.65205666293896e-33,1.325991787265452e-32,2.698007173251201e-32,7.427075085795531e-32
cc-pvtz-dk,4.943971985992996,250.7785213008196,3.5327629820592805e-31,3.5258591498892313e-31,3.525840829346843e-31,3.576764815924169e-31
cc-pvtz-dk,4.9459729864932465,250.67706341822594,6.877133601022e-31,6.839821558060746e-31,6.768963766527271e-31,6.624630700441055e-31
cc-pvtz-dk,4.947973986993496,250.5756875964008,9.450748547319578e-31,9.399473298608227e-31,9.302098547839716e-31,9.103752028231347e-31
cc-pvtz-dk,4.949974987493746,250.47439373582617,1.0796636162773667e-30,1.076945443602874e-30,1.071691185474459e-30,1.0606293605250906e-30
cc-pvtz-dk,4.951975987993997,250.37318173714516,1.0927538431393635e-30,1.1101832781184388e-30,1.1425962079021543e-30,1.2059468478141226e-30
cc-pvtz-dk,4.953976988494247,250.27205150116123,9.483620942859508e-31,9.835274448936626e-31,1.0491236219822073e-30,1.1781269047517843e-30
cc-pvtz-dk,4.955977988994497,250.1710029288382,6.7275195872094375e-31,7.197925664544167e-31,8.076354500069742e-31,9.807663078816496e-31
cc-pvtz-dk,4.957978989494747,250.07003592129956,3.176846309885355e-31,3.6892604710302293e-31,4.652297351559503e-31,6.574756329404294e-31
cc-pvtz-dk,4.959979989994997,249.96915037982856,9.148535242286089e-32,1.40019308399203e-31,2.348920418425832e-31,4.386666479687862e-31
cc-pvtz-dk,4.961980990495247,249.86834620586754,6.455473151682242e-32,1.010832324477823e-31,1.764756126508242e-31,3.534877442695954e-31
cc-pvtz-dk,4.963981990995498,249.76762330101784,2.730300145748498e-32,4.594678153917853e-32,8.966043790613189e-32,2.1104073589736007e-31
cc-pvtz-dk,4.965982991495748,249.66698156703936,6.489830961496743e-33,1.4718398235866941e-32,3.91674945894007e-32,1.233098797566979e-31
cc-pvtz-dk,4.967983991995998,249.56642090585038,5.4970555796862205e-33,1.2466866028796612e-32,3.3175886390936017e-32,1.0444667458498233e-31
cc-pvtz-dk,4.969984992496248,249.4659412195269,3.552157713734373e-33,8.055999014077771e-33,2.1438018780276804e-32,6.749268866263249e-32
cc-pvtz-dk,4.971985992996498,249.36554241030285,1.4990343537195807e-31,1.5039455382320462e-31,1.5271984222026534e-31,1.628769888260258e-31
cc-pvtz-dk,4.973986993496748,249.26522438056924,4.890147857911721e-31,4.863616250770315e-31,4.813231148838852e-31,4.710599722012645e-31
cc-pvtz-dk,4.975987993996998,249.16498703287422,7.674789898768796e-31,7.633150153631534e-31,7.554073797949079e-31,7.393000010245987e-31
cc-pvtz-dk,4.977988994497249,249.0648302699226,9.30076356361102e-31,9.25030206180068e-31,9.154472664856211e-31,8.959273938183308e-31
cc-pvtz-dk,4.979989994997498,248.9647539945756,9.73221901171592e-31,9.823618819207116e-31,9.992953728905034e-31,1.032137973258588e-30
cc-pvtz-dk,4.981990995497748,248.8647581098504,8.720493664269265e-31,8.996068174213884e-31,9.509909418144216e-31,1.051962964645825e-30
cc-pvtz-dk,4.983991995997998,248.76484251892,6.340859965783551e-31,6.750583902028119e-31,7.515619131088869e-31,9.023134777047542e-31
cc-pvtz-dk,4.985992996498249,248.66500712511288,3.0424432719787043e-31,3.5105553316011314e-31,4.385282822844965e-31,6.111602030355095e-31
cc-pvtz-dk,4.987993996998499,248.56525183191252,8.736567336103981e-32,1.3304895157769052e-31,2.2118675514609513e-31,4.060995773189499e-31
cc-pvtz-dk,4.98999499749875,248.46557654295736,6.470162275779764e-32,1.0062991997206578e-31,1.7366383182648634e-31,3.411284313595501e-31
cc-pvtz-dk,4.991995997998999,248.36598116204027,3.0526893692211725e-32,5.029755442264687e-32,9.519431247879427e-32,2.1525982085537282e-31
cc-pvtz-dk,4.993996998499249,248.2664655931083,6.116307607507334e-33,1.3871278255850562e-32,3.691320260041169e-32,1.1621275809975264e-31
cc-pvtz-dk,4.995997998999499,248.16702974026236,5.4227713964243155e-33,1.2298395663642036e-32,3.2727565723841527e-32,1.0303523971707978e-31
cc-pvtz-dk,4.99799899949975,248.06767350775698,3.735075042577731e-33,8.470840341398979e-33,2.2541963325255764e-32,7.096820504494037e-32
cc-pvtz-dk,5.0,247.9683968,1.37667824957583e-33,3.1221920632644906e-33,8.308542735783553e-33,2.6157542534775953e-32
aug-cc-pvtz-dk,1.0,1239.841984,3.503858165017446e-30,5.719572603958277e-30,1.0660627675356912e-29,2.3600416087140631e-29
aug-cc-pvtz-dk,1.0020010005002502,1237.3660139870192,5.388773156706584e-31,1.239134506948222e-30,3.353090194201105e-30,1.0769790878867222e-29
aug-cc-pvtz-dk,1.0040020010005002,1234.89991331141,4.551935337305605e-31,1.0467058059091886e-30,2.832379337616268e-30,9.097319603423155e-30
aug-cc-pvtz-dk,1.0060030015007504,1232.443623081054,2.8239650158090475e-31,6.493634813980915e-31,1.7571735027464742e-30,5.6438658271687204e-30
aug-cc-pvtz-dk,1.0080040020010006,1229.9970848714638,5.247639358309289e-32,1.206681153540107e-31,3.265271623681512e-31,1.0487726399536265e-30
aug-cc-pvtz-dk,1.0100050025012506,1227.560240721149,1.3662892511703496e-29,1.3592739022945716e-29,1.345850116565092e-29,1.3182552567272767e-29
aug-cc-pvtz-dk,1.0120060030015008,1225.133033127039,5.197877090754557e-29,5.171188070714458e-29,5.120118951745184e-29,5.0151377483501494e-29
aug-cc-pvtz-dk,1.0140070035017508,1222.7154050399606,8.079978495060996e-29,8.038491036967415e-29,7.95910528470186e-29,7.795914456791313e-29
aug-cc-pvtz-dk,1.016008004002001,1220.3072998601674,9.531683310030726e-29,9.528379195928448e-29,9.520767552247024e-29,9.500005097036543e-29
aug-cc-pvtz-dk,1.0180090045022512,1217.9086614329237,9.53847422547313e-29,9.76675523135258e-29,1.0195735623843215e-28,1.1046499819992216e-28
aug-cc-pvtz-dk,1.0200100050025012,1215.5194340441392,7.70735922209001e-29,8.126539458716202e-29,8.915675905690731e-29,1.0486457891534627e-28
aug-cc-pvtz-dk,1.0220110055027514,1213.1395624160548,4.366064855644831e-29,4.8980495413380415e-29,5.900333865314026e-29,7.89855621384439e-29
aug-cc-pvtz-dk,1.0240120060030016,1210.7689917029797,1.0612098979332528e-29,1.622649017832478e-29,2.706205172699388e-29,4.970336036507711e-29
aug-cc-pvtz-dk,1.0260130065032516,1208.4076674870794,8.635119366829215e-30,1.3407790606396206e-29,2.299392152392549e-29,4.4499919103465757e-29
aug-cc-pvtz-dk,1.0280140070035018,1206.0555357742091,4.964397707274364e-30,7.962952046144412e-30,1.4433468957305125e-29,3.064233619159227e-29
aug-cc-pvtz-dk,1.030015007503752,1203.7125429898008,6.057031635446839e-31,1.392798822830068e-30,3.7689048679858046e-30,1.2105346089630819e-29
aug-cc-pvtz-dk,1.032016008004002,1201.378635974794,5.39865936334925e-31,1.2414078147007484e-30,3.35924175070337e-30,1.0789549064084996e-29
aug-cc-pvtz-dk,1.0340170085042522,1199.0537619816157,3.688240952927947e-31,8.48101506931081e-31,2.2949573517902334e-30,7.371173849556565e-30
aug-cc-pvtz-dk,1.0360180090045024,1196.7378686702075,1.239667889372435e-31,2.8505843801669154e-31,7.713663431438857e-31,2.4775516689122307e-30
aug-cc-pvtz-dk,1.0380190095047523,1194.4309041040963,3.99371338991542e-30,3.973207268890078e-30,3.9339690528496204e-30,3.853308269539848e-30
aug-cc-pvtz-dk,1.0400200100050025,1192.1328167465126,4.7562575207985605e-29,4.731836040630387e-29,4.685105831943804e-29,4.589043991797902e-29
aug-cc-pvtz-dk,1.0420210105052525,1189.843555456553,8.256411842532602e-29,8.214018469761896e-29,8.132899260653315e-29,7.96614501929278e-29
aug-cc-pvtz-dk,1.0440220110055027,1187.5630694853855,1.0213444246036e-28,1.0161002294562053e-28,1.0060655250917137e-28,9.854374946662906e-29
aug-cc-pvtz-dk,1.046023011505753,1185.291308472501,1.0704205276267053e-28,1.0897110322579304e-28,1.1259229525787972e-28,1.1975843589603153e-28
aug-cc-pvtz-dk,1.048024012006003,1183.0282224420048,9.168163928988233e-29,9.587839127892448e-29,1.0377696801799114e-28,1.1949065171558434e-28
aug-cc-pvtz-dk,1.0500250125062531,1180.7737617989517,5.844237361228359e-29,6.413040934338034e-29,7.484523202564034e-29,9.620015890259648e-29
aug-cc-pvtz-dk,1.0520260130065033,1178.527877325725,1.3605289311295214e-29,1.9868232648759356e-29,3.185370662340269e-29,5.649745698358243e-29
aug-cc-pvtz-dk,1.0540270135067533,1176.2905201784527,1.0304003872320534e-29,1.5930783062913975e-29,2.711237002234207e-29,5.174387451501185e-29
aug-cc-pvtz-dk,1.0560280140070035,1174.0616418834675,6.637882161840543e-30,1.0525656225590231e-29,1.871941033250149e-29,3.855688540750158e-29
aug-cc-pvtz-dk,1.0580290145072537,1171.841194333806,1.6380015807976413e-30,3.0116398168088424e-30,6.593948082631291e-30,1.7742675545048647e-29
aug-cc-pvtz-dk,1.0600300150075037,1169.6291297857479,6.318337754454086e-31,1.4528854918218073e-30,3.9314990169411186e-30,1.2627582260135423e-29
aug-cc-pvtz-dk,1.062031015507754,1167.4254008553933,4.670806561650621e-31,1.0740399377580634e-30,2.906345326744591e-30,9.334890974583482e-30
aug-cc-pvtz-dk,1.064032016008004,1165.2299605152798,2.0959998166018913e-31,4.819697589378349e-31,1.304207140979453e-30,4.188983104410816e-30
aug-cc-pvtz-dk,1.066033016508254,1163.042762091037,0.0,0.0,0.0,0.0
aug-cc-pvtz-dk,1.0680340170085043,1160.8637592580794,4.1160374349582844e-29,4.094903228883501e-29,4.054463179652295e-29,3.97133182514037e-29
aug-cc-pvtz-dk,1.0700350175087543,1158.6929060383357,8.287471737223792e-29,8.244918884315834e-29,8.163494511882021e-29,7.996112955741804e-29
aug-cc-pvtz-dk,1.0720360180090045,1156.5301567970134,1.0919522752439952e-28,1.086345537022221e-28,1.0756171108436962e-28,1.0535630180085731e-28
aug-cc-pvtz-dk,1.0740370185092547,1154.3754662394037,1.1878760279005386e-28,1.2023908682110637e-28,1.2295824883353246e-28,1.2831688434618756e-28
aug-cc-pvtz-dk,1.0760380190095047,1152.2287894077174,1.0735105286780372e-28,1.1145782532704683e-28,1.1918449635423432e-28,1.3454586627707107e-28
aug-cc-pvtz-dk,1.078039019509755,1150.090081677958,7.506785096886422e-29,8.107692063128976e-29,9.23945570330347e-29,1.1494311650269435e-28
aug-cc-pvtz-dk,1.080040020010005,1147.9592987568317,2.792715669129085e-29,3.478343106229987e-29,4.779125446279656e-29,7.408833364985757e-29
aug-cc-pvtz-dk,1.082041020510255,1145.836396678687,1.2112334437145042e-29,1.865599007846773e-29,3.1533959828078896e-29,5.942234213841861e-29
aug-cc-pvtz-dk,1.0840420210105053,1143.7213318024917,8.53715398617421e-30,1.3425696076065968e-29,2.3543451567717452e-29,4.737191991629013e-29
aug-cc-pvtz-dk,1.0860430215107553,1141.614060808844,3.2624863825694955e-30,5.5286744642890525e-30,1.0894374289953201e-29,2.600876018989063e-29
aug-cc-pvtz-dk,1.0880440220110055,1139.5145406970114,7.308334123175873e-31,1.6805326067703866e-30,4.5475106803982065e-30,1.4606150210931816e-29
aug-cc-pvtz-dk,1.0900450225112557,1137.42272878201,5.778979873379931e-31,1.3288615363502946e-30,3.595890972289239e-30,1.1549642733063606e-29
aug-cc-pvtz-dk,1.0920460230115057,1135.3385826917088,3.1097953544083305e-31,7.1508943151537755e-31,1.935027511013578e-30,6.21511514200005e-30
aug-cc-pvtz-dk,1.0940470235117559,1133.2620603639689,0.0,0.0,0.0,0.0
aug-cc-pvtz-dk,1.096048024012006,1131.1931200438155,3.247447628287677e-29,3.2307732834893534e-29,3.198867125190518e-29,3.133278625495827e-29
aug-cc-pvtz-dk,1.098049024512256,1129.1317202806379,8.1407939278571e-29,8.098994206838426e-29,8.019010943219984e-29,7.854591829759693e-29
aug-cc-pvtz-dk,1.1000500250125063,1127.0778199254205,1.1533714782395078e-28,1.1474493769741343e-28,1.136117507403238e-28,1.1128229347088467e-28
aug-cc-pvtz-dk,1.1020510255127565,1125.0313781280072,1.3038952163527663e-28,1.312209880670595e-28,1.3276958656950208e-28,1.3578475086462476e-28
aug-cc-pvtz-dk,1.1040520260130064,1122.9923543343905,1.2398046551852355e-28,1.2788201501696171e-28,1.3521937980926737e-28,1.4979389745727628e-28
aug-cc-pvtz-dk,1.1060530265132567,1120.9607082840344,9.358810745355811e-29,9.985301070613527e-29,1.116502678357364e-28,1.3514543362177196e-28
aug-cc-pvtz-dk,1.1080540270135066,1118.9364000072235,4.473140980010055e-29,5.218639466250546e-29,6.623432545265685e-29,9.425085480265364e-29
aug-cc-pvtz-dk,1.1100550275137568,1116.9193898224426,1.4053159113052392e-29,2.1570902748635073e-29,3.6232006367445867e-29,6.74654412432437e-29
aug-cc-pvtz-dk,1.112056028014007,1114.909638333783,1.067375877022714e-29,1.6678831173773382e-29,2.892600604450361e-29,5.710389139565458e-29
aug-cc-pvtz-dk,1.114057028514257,1112.907106428379,5.184835983509323e-30,8.496410655501108e-30,1.593174670043177e-29,3.5575589156671974e-29
aug-cc-pvtz-dk,1.1160580290145072,1110.9117552738683,8.363879129683029e-31,1.9232524621371102e-30,5.204309084771977e-30,1.6715721100767215e-29
aug-cc-pvtz-dk,1.1180590295147574,1108.9235463158836,7.019466767626681e-31,1.6141083024282374e-30,4.3677669299841935e-30,1.4028831233025997e-29
aug-cc-pvtz-dk,1.1200600300150074,1106.9424412755695,4.298155549241101e-31,9.883497973313617e-31,2.6744683448726825e-30,8.590125263031147e-30
aug-cc-pvtz-dk,1.1220610305152576,1104.9684021471244,7.030855076095032e-32,1.6167270146264563e-31,4.3748531487474095e-31,1.405159146009466e-30
aug-cc-pvtz-dk,1.1240620310155078,1103.0013911953715,2.118298495657701e-29,2.1074218800674477e-29,2.0866096069031598e-29,2.0438264626807645e-29
aug-cc-pvtz-dk,1.1260630315157578,1101.041370953354,7.780046085415978e-29,7.740098660291998e-29,7.663659742598224e-29,7.50652663108842e-29
aug-cc-pvtz-dk,1.128064032016008,1099.0883042199555,1.2022556842832535e-28,1.196082582170425e-28,1.1842704254956632e-28,1.1599885415032402e-28
aug-cc-pvtz-dk,1.1300650325162582,1097.1421540575475,1.4156551965622104e-28,1.4161403928156564e-28,1.4168497575582813e-28,1.417438836397839e-28
aug-cc-pvtz-dk,1.1320660330165082,1095.2028837896596,1.4142674848819586e-28,1.4498474191496756e-28,1.5167189117353335e-28,1.649382488802262e-28
aug-cc-pvtz-dk,1.1340670335167584,1093.2704569986765,1.1402943161816035e-28,1.2046373325070855e-28,1.3257738152565185e-28,1.5669219043924218e-28
aug-cc-pvtz-dk,1.1360680340170084,1091.344837523558,6.426458876287909e-29,7.2377439749109e-29,8.766277126705235e-29,1.1813800537638104e-28
aug-cc-pvtz-dk,1.1380690345172586,1089.4259894575823,1.6115153435759057e-29,2.465607791856025e-29,4.116749049919148e-29,7.577787747779513e-29
aug-cc-pvtz-dk,1.1400700350175088,1087.5138771461166,1.3057411571871383e-29,2.0297708938289573e-29,3.48813263301816e-29,6.775445778455162e-29
aug-cc-pvtz-dk,1.1420710355177588,1085.6084651844064,7.434303560735197e-30,1.1957722389837679e-29,2.1771818730962254e-29,4.654331567639822e-29
aug-cc-pvtz-dk,1.144072036018009,1083.7097184153913,9.477532415035238e-31,2.1793341665485755e-30,5.897264568750176e-30,1.8941424919804368e-29
aug-cc-pvtz-dk,1.1460730365182592,1081.8176019275425,8.398060236633854e-31,1.9311123196365373e-30,5.225577809806562e-30,1.6784034121776537e-29
aug-cc-pvtz-dk,1.1480740370185092,1079.9320810527233,5.679250428146195e-31,1.3059290073025415e-30,3.533835692699268e-30,1.1350327371589155e-29
aug-cc-pvtz-dk,1.1500750375187594,1078.0531213640713,1.8191158416612187e-31,4.1830100209974575e-31,1.1319198848069542e-30,3.635613641435865e-30
aug-cc-pvtz-dk,1.1520760380190094,1076.1806886739037,6.939092006525233e-30,6.903462544268103e-30,6.835285996605924e-30,6.69513758282184e-30
aug-cc-pvtz-dk,1.1540770385192596,1074.3147490316428,7.164552731896243e-29,7.127765618984311e-29,7.057373920712404e-29,6.91267189054715e-29
aug-cc-pvtz-dk,1.1560780390195098,1072.4552687217654,1.234720867995954e-28,1.2283810701487738e-28,1.2162499431904836e-28,1.191312361882581e-28
aug-cc-pvtz-dk,1.1580790395197598,1070.602214261771,1.5224265193480366e-28,1.5146094680451632e-28,1.499651634360166e-28,1.4689032797355535e-28
aug-cc-pvtz-dk,1.16008004002001,1068.7555524001725,1.5949714488700474e-28,1.625470248919472e-28,1.6827363835084744e-28,1.7961200624417094e-28
aug-cc-pvtz-dk,1.1620810405202602,1066.915250114507,1.3638688986247122e-28,1.4287922979587653e-28,1.5509905104430629e-28,1.7941274355433757e-28
aug-cc-pvtz-dk,1.1640820410205102,1065.0812746093684,8.665535282891031e-29,9.539049887418008e-29,1.1184575670175139e-28,1.4464333299522236e-28
aug-cc-pvtz-dk,1.1660830415207604,1063.2535933144572,1.9708040243723813e-29,2.9302671432032097e-29,4.769142389419383e-29,8.560982256343766e-29
aug-cc-pvtz-dk,1.1680840420210106,1061.4321738826552,1.5695329126476222e-29,2.4290789032122142e-29,4.141554140321794e-29,7.930627288161774e-29
aug-cc-pvtz-dk,1.1700850425212606,1059.6169841881147,1.0041068997730714e-29,1.595652147125145e-29,2.8480899613357743e-29,5.900890210131719e-29
aug-cc-pvtz-dk,1.1720860430215108,1057.8079923243704,2.3619550984047732e-30,4.41474478862479e-30,9.851680547423144e-30,2.701531131266347e-29
aug-cc-pvtz-dk,1.174087043521761,1056.005166602471,9.91925083853386e-31,2.2809061802509355e-30,6.172117799969952e-30,1.9824226052841945e-29
aug-cc-pvtz-dk,1.176088044022011,1054.208475549128,7.27230141767765e-31,1.6722469789543438e-30,4.5250898235606424e-30,1.453413665761816e-29
aug-cc-pvtz-dk,1.1780890445222612,1052.4178879048832,3.1765181108951992e-31,7.30432157504629e-31,1.9765448311902025e-30,6.34846462866954e-30
aug-cc-pvtz-dk,1.1800900450225114,1050.6333726222974,0.0,0.0,0.0,0.0
aug-cc-pvtz-dk,1.1820910455227613,1048.8548988641558,6.248876346406268e-29,6.216790865521392e-29,6.155395683606351e-29,6.029187512990052e-29
aug-cc-pvtz-dk,1.1840920460230115,1047.0824360016898,1.246274809844433e-28,1.2398756871267044e-28,1.227631042741872e-28,1.2024601071822182e-28
aug-cc-pvtz-dk,1.1860930465232615,1045.3159536128217,1.6364695979816363e-28,1.6280669810799726e-28,1.6119886746618435e-28,1.5789369990035106e-28
aug-cc-pvtz-dk,1.1880940470235117,1043.555421480421,1.7793993368936e-28,1.8028736312718604e-28,1.8468701503815074e-28,1.933657118075706e-28
aug-cc-pvtz-dk,1.190095047523762,1041.800809590584,1.606164850026853e-28,1.670262906111807e-28,1.7908700044610894e-28,2.0306891883828805e-28
aug-cc-pvtz-dk,1.192096048024012,1040.0520881309274,1.1207978611585688e-28,1.2137874501012803e-28,1.3889323623058197e-28,1.7379041595153718e-28
aug-cc-pvtz-dk,1.1940970485242621,1038.3092274888982,4.1334205970540304e-29,5.191316015879135e-29,7.200982262046332e-29,1.1274246455007336e-28
aug-cc-pvtz-dk,1.1960980490245123,1036.5721982501045,1.8591389965470557e-29,2.866099227065576e-29,4.852419614632858e-29,9.171772457837127e-29
aug-cc-pvtz-dk,1.1980990495247623,1034.8409711966597,1.3035956469985877e-29,2.0537249140041731e-29,3.61247693685091e-29,7.306327692828945e-29
aug-cc-pvtz-dk,1.2001000500250125,1033.1155173055438,4.87763539914641e-30,8.322971141514215e-30,1.656062295946948e-29,4.0021590277552246e-29
aug-cc-pvtz-dk,1.2021010505252625,1031.3958077469829,1.1585719153587165e-30,2.6641062767976694e-30,7.2090548547795e-30,2.3154764328895703e-29
aug-cc-pvtz-dk,1.2041020510255127,1029.6818138828417,9.097531956669698e-31,2.091954039955037e-30,5.660814494923696e-30,1.8181970893542895e-29
aug-cc-pvtz-dk,1.206103051525763,1027.973507265035,4.809485384010525e-31,1.105928775749923e-30,2.9926363220928788e-30,9.612049035001174e-30
aug-cc-pvtz-dk,1.208104052026013,1026.2708596339544,0.0,0.0,0.0,0.0
aug-cc-pvtz-dk,1.210105052526263,1024.5738429169078,4.982347438898198e-29,4.9567650774222006e-29,4.9078135363101707e-29,4.807185372016318e-29
aug-cc-pvtz-dk,1.2121060530265133,1022.8824292265786,1.2317353332718464e-28,1.22541086495145e-28,1.213309070858357e-28,1.1884317882113578e-28
aug-cc-pvtz-dk,1.2141070535267633,1021.1965908594973,1.738629621094671e-28,1.7297024533318467e-28,1.7126204251474713e-28,1.6775054297957295e-28
aug-cc-pvtz-dk,1.2161080540270135,1019.516300294529,1.9643327207092548e-28,1.9785008168258832e-28,2.004926114021536e-28,2.0565291532904316e-28
aug-cc-pvtz-dk,1.2181090545272637,1017.8415301913757,1.8662562610048382e-28,1.9277810568119328e-28,2.043499220487449e-28,2.273407116270818e-28
aug-cc-pvtz-dk,1.2201100550275137,1016.1722533890938,1.4069693358874486e-28,1.5047331871467894e-28,1.6888372089793875e-28,2.0555261267352004e-28
aug-cc-pvtz-dk,1.222111055527764,1014.5084429046253,6.696105356508054e-29,7.853231849049798e-29,1.0033719155001985e-28,1.4382524288688889e-28
aug-cc-pvtz-dk,1.224112056028014,1012.8500719313444,2.1745072160612317e-29,3.3403993685591695e-29,5.618914833468676e-29,1.0491631727800482e-28
aug-cc-pvtz-dk,1.226113056528264,1011.1971138376173,1.6450041547002407e-29,2.5744179666915566e-29,4.476722098341623e-29,8.878759495199922e-29
aug-cc-pvtz-dk,1.2281140570285143,1009.5495421653767,7.895563732076e-30,1.2993751877472937e-29,2.4524563586225398e-29,5.527275431887741e-29
aug-cc-pvtz-dk,1.2301150575287645,1007.9073306287107,1.3397670219313523e-30,3.08075975712627e-30,8.336516556019954e-30,2.677605872989066e-29
aug-cc-pvtz-dk,1.2321160580290145,1006.2704531124645,1.1176070626629461e-30,2.5699086531990486e-30,6.954156676870247e-30,2.233605683446727e-29
aug-cc-pvtz-dk,1.2341170585292647,1004.6388836708552,6.756411473555154e-31,1.5536194151360024e-30,4.2040843808336185e-30,1.3503099229777087e-29
aug-cc-pvtz-dk,1.2361180590295147,1003.0125965261028,9.539800479232868e-32,2.1936525475203413e-31,5.936010017742236e-31,1.9065871433015962e-30
aug-cc-pvtz-dk,1.2381190595297649,1001.3915660670707,3.308535074329995e-29,3.2915470699273464e-29,3.259040727746707e-29,3.192218448667495e-29
aug-cc-pvtz-dk,1.240120060030015,999.7757668479225,1.1851348557070907e-28,1.179049662201756e-28,1.1674057175905238e-28,1.143469621918152e-28
aug-cc-pvtz-dk,1.242121060530265,998.1651735867902,1.8237750921067374e-28,1.8144107364030505e-28,1.796492154350069e-28,1.7596574811655478e-28
aug-cc-pvtz-dk,1.2441220610305153,996.559761164455,2.1457179011734383e-28,2.147913366812616e-28,2.151741097979016e-28,2.1581286289840787e-28
aug-cc-pvtz-dk,1.2461230615307652,994.959504623043,2.1426146879506923e-28,2.199417344764152e-28,2.3061930668058943e-28,2.51808850942158e-28
aug-cc-pvtz-dk,1.2481240620310154,993.3643791647295,1.7264125963656235e-28,1.8277480031043095e-28,2.0185389199925971e-28,2.398389698513676e-28
aug-cc-pvtz-dk,1.2501250625312657,991.7743601504601,9.710708795327661e-29,1.0981035411465976e-28,1.337449459053027e-28,1.8146675906817489e-28
aug-cc-pvtz-dk,1.2521260630315156,990.1894230986816,2.5150101556647482e-29,3.8506052480201896e-29,6.437462996154247e-29,1.1879029258846862e-28
aug-cc-pvtz-dk,1.2541270635317658,988.6095436840845,2.0314108609543453e-29,3.162047016414449e-29,5.446810215635818e-29,1.0624830165573657e-28
aug-cc-pvtz-dk,1.256128064032016,987.0346977363599,1.1478355294871353e-29,1.8519925991188682e-29,3.3889340307720354e-29,7.300440954264785e-29
aug-cc-pvtz-dk,1.258129064532266,985.4648612389663,1.5351954745457664e-30,3.5301424500544984e-30,9.552543301019876e-30,3.068181520772351e-29
aug-cc-pvtz-dk,1.2601300650325162,983.9000103279078,1.3529783955728087e-30,3.111138970515389e-30,8.418722516673469e-30,2.7040096066782427e-29
aug-cc-pvtz-dk,1.2621310655327664,982.340121290527,9.060493490384127e-31,2.0834371400365897e-30,5.637767817229382e-30,1.8107947266129092e-29
aug-cc-pvtz-dk,1.2641320660330164,980.7851705643055,2.760153699720403e-31,6.346902336291051e-31,1.717467786429652e-30,5.5163350311980836e-30
aug-cc-pvtz-dk,1.2661330665332666,979.2351347356775,1.1646483317937872e-29,1.1586683283954382e-29,1.1472256637892404e-29,1.123703333178306e-29
aug-cc-pvtz-dk,1.2681340670335168,977.6899905388559,1.0996082557632175e-28,1.0939622071433832e-28,1.083158560990793e-28,1.0609498407887574e-28
aug-cc-pvtz-dk,1.2701350675337668,976.1497148546672,1.8857866730447454e-28,1.8761039126736383e-28,1.8575760671176726e-28,1.8194889498530708e-28
aug-cc-pvtz-dk,1.272136068034017,974.6142847093982,2.3203773071506354e-28,2.308463097682065e-28,2.285665401106427e-28,2.238800883577052e-28
aug-cc-pvtz-dk,1.2741370685342672,973.0836772736551,2.4329657167760387e-28,2.4824270014810026e-28,2.575320374949674e-28,2.759334084982674e-28
aug-cc-pvtz-dk,1.2761380690345172,971.5578698612309,2.08013091024512e-28,2.1834243329609722e-28,2.3778552675374613e-28,2.7647656691772023e-28
aug-cc-pvtz-dk,1.2781390695347674,970.0368399279843,1.320795865569451e-28,1.45887533561053e-28,1.7189963854991937e-28,2.2374818077458727e-28
aug-cc-pvtz-dk,1.2801400700350176,968.5205650707306,2.9863119157672965e-29,4.5006137205626916e-29,7.407659852930122e-29,1.3421070819843895e-28
aug-cc-pvtz-dk,1.2821410705352676,967.0090230261412,2.465790366591178e-29,3.820686479949303e-29,6.52806791769377e-29,1.2549058882744983e-28
aug-cc-pvtz-dk,1.2841420710355178,965.5021916696531,1.569441008835105e-29,2.500243952076167e-29,4.4812024024434176e-29,9.346459316560845e-29
aug-cc-pvtz-dk,1.2861430715357678,964.0000490143913,3.551033868788911e-30,6.750542442487297e-30,1.535128266759564e-29,4.2865643422262204e-29
aug-cc-pvtz-dk,1.288144072036018,962.502573210097,1.6181005333799254e-30,3.720780497369825e-30,1.0068408659873432e-29,3.2338723228304884e-29
aug-cc-pvtz-dk,1.290145072536268,961.0097425420706,1.1770445301555342e-30,2.706583578704155e-30,7.323998166986614e-30,2.3523950769969023e-29
aug-cc-pvtz-dk,1.2921460730365182,959.52153543012,5.003654573959054e-31,1.1505774808363428e-30,3.1134554376687693e-30,1.0000107969763008e-29
aug-cc-pvtz-dk,1.2941470735367684,958.0379304275222,0.0,0.0,0.0,0.0
aug-cc-pvtz-dk,1.2961480740370184,956.5589062199923,9.672603936365303e-29,9.622938983579718e-29,9.527905693537609e-29,9.332548707700192e-29
aug-cc-pvtz-dk,1.2981490745372686,955.0844416246628,1.9173845426344625e-28,1.9075395398401543e-28,1.8887012453580062e-28,1.8499759478678375e-28
aug-cc-pvtz-dk,1.3001500750375188,953.6145155890727,2.5125831300689697e-28,2.499682020569843e-28,2.4749959026510644e-28,2.4242494159567415e-28
aug-cc-pvtz-dk,1.3021510755377688,952.1491071901652,2.734111247738755e-28,2.77305912227599e-28,2.8460885353524396e-28,2.9902736369459456e-28
aug-cc-pvtz-dk,1.304152076038019,950.688195633295,2.4686644109258528e-28,2.57180428800596e-28,2.7658893944485126e-28,3.1518824851741503e-28
aug-cc-pvtz-dk,1.3061530765382692,949.2317602512446,1.7230362857562233e-28,1.8715453339100012e-28,2.151270272321688e-28,2.7086542567504907e-28
aug-cc-pvtz-dk,1.3081540770385192,947.7797805032504,6.35425685086487e-29,8.04023221597189e-29,1.1247528904212567e-28,1.776608822573428e-28
aug-cc-pvtz-dk,1.3101550775387694,946.3322359740358,2.950910594709411e-29,4.553992555382451e-29,7.724807653629187e-29,1.465296699653079e-28
aug-cc-pvtz-dk,1.3121560780390196,944.8891063728554,2.0618337362641557e-29,3.255080393056749e-29,5.746109244541956e-29,1.1691197542257712e-28
aug-cc-pvtz-dk,1.3141570785392696,943.4503715325466,7.594440217229097e-30,1.305501674022499e-29,2.624337886191271e-29,6.42243274136497e-29
aug-cc-pvtz-dk,1.3161580790395198,942.0160114085899,1.915211080225811e-30,4.403978546849419e-30,1.1917138291371839e-29,3.827665819863064e-29
aug-cc-pvtz-dk,1.31815907953977,940.5860060781782,1.4941343938821499e-30,3.435723552722462e-30,9.29704635777757e-30,2.986118453883539e-29
aug-cc-pvtz-dk,1.32016008004002,939.1603357392952,7.762277161128751e-31,1.784915639078263e-30,4.829970510311685e-30,1.5513382979411923e-29
aug-cc-pvtz-dk,1.3221610805402702,937.7389807097994,0.0,0.0,0.0,0.0
aug-cc-pvtz-dk,1.3241620810405204,936.3219214265205,7.790085914254567e-29,7.750086938624795e-29,7.673549379657972e-29,7.516213494343602e-29
aug-cc-pvtz-dk,1.3261630815407703,934.9091384443606,1.9099192985803253e-28,1.9001126268286114e-28,1.8813476783356194e-28,1.8427731559197279e-28
aug-cc-pvtz-dk,1.3281640820410205,933.5006124354048,2.6904893876178493e-28,2.67667480063742e-28,2.650240754540751e-28,2.595901106122345e-28
aug-cc-pvtz-dk,1.3301650825412707,932.0963241880405,3.04170792225329e-28,3.066318915331341e-28,3.1122752796642063e-28,3.202237129776545e-28
aug-cc-pvtz-dk,1.3321660830415207,930.6962546060834,2.8919342005417824e-28,2.992204663106667e-28,3.1808188441381152e-28,3.5556435476495086e-28
aug-cc-pvtz-dk,1.334167083541771,929.3003847079115,2.1820857987055063e-28,2.339970112456688e-28,2.637303069237611e-28,3.2295682488674335e-28
aug-cc-pvtz-dk,1.336168084042021,927.9086956256084,1.0400104797337975e-28,1.2260200622377202e-28,1.5765415005850515e-28,2.2756493595176715e-28
aug-cc-pvtz-dk,1.3381690845422711,926.5211686041121,3.489191014615923e-29,5.364960941152602e-29,9.039844612405402e-29,1.6933907570743745e-28
aug-cc-pvtz-dk,1.340170085042521,925.1377850003734,2.633136339216373e-29,4.1283470028103656e-29,7.201628025558478e-29,1.4361281204059438e-28
aug-cc-pvtz-dk,1.3421710855427713,923.7585262825196,1.2536015220784017e-29,2.0729222099006757e-29,3.9408657298955936e-29,8.971784274447521e-29
aug-cc-pvtz-dk,1.3441720860430215,922.3833740290286,2.2464868864374337e-30,5.165738730209584e-30,1.3978456563791263e-29,4.489740665542375e-29
aug-cc-pvtz-dk,1.3461730865432715,921.0123099279078,1.8635634820682106e-30,4.2852162252281626e-30,1.1595768194876388e-29,3.724444953929811e-29
aug-cc-pvtz-dk,1.3481740870435217,919.6453157758813,1.1127959606052358e-30,2.5588456479420193e-30,6.924220254118934e-30,2.2239904033910167e-29
aug-cc-pvtz-dk,1.350175087543772,918.2823734775842,1.3218566350814524e-31,3.0395752839018187e-31,8.225071630107631e-31,2.641810875626267e-30
aug-cc-pvtz-dk,1.352176088044022,916.9234650447651,5.243942142266314e-29,5.217016596609799e-29,5.165494888717219e-29,5.059583312314566e-29
aug-cc-pvtz-dk,1.354177088544272,915.5685725954932,1.8531169131599814e-28,1.843601898940052e-28,1.825395033627582e-28,1.7879677454908044e-28
aug-cc-pvtz-dk,1.3561780890445223,914.217678353375,2.8460263547474326e-28,2.831413147645708e-28,2.803450951548611e-28,2.7459699325866956e-28
aug-cc-pvtz-dk,1.3581790895447723,912.8707646467772,3.349988726457083e-28,3.3556691003920937e-28,3.365892028838812e-28,3.3843422520188175e-28
aug-cc-pvtz-dk,1.3601800900450225,911.5278139080543,3.3490414735238665e-28,3.442991862548803e-28,3.619624897112712e-28,3.970265660311787e-28
aug-cc-pvtz-dk,1.3621810905452727,910.1888086727872,2.702199988248091e-28,2.86785162638165e-28,3.179752392341428e-28,3.800794191294386e-28
aug-cc-pvtz-dk,1.3641820910455227,908.8537315790246,1.5235620701971474e-28,1.730198120078912e-28,2.1195352135349686e-28,2.895844910894616e-28
aug-cc-pvtz-dk,1.3661830915457729,907.5225653665324,4.082506643285354e-29,6.255593762736685e-29,1.0473837793461775e-28,1.9383484392578013e-28
aug-cc-pvtz-dk,1.368184092046023,906.1952928760511,3.292168422338689e-29,5.132803715641071e-29,8.866790484502776e-29,1.7383603842099459e-28
aug-cc-pvtz-dk,1.370185092546273,904.8718970485578,1.851782798666232e-29,2.998600301924303e-29,5.518849898492918e-29,1.1992445590274666e-28
aug-cc-pvtz-dk,1.3721860930465233,903.5523609245352,2.6139455960062143e-30,6.0107005678379864e-30,1.6264917990165158e-29,5.224129244090895e-29
aug-cc-pvtz-dk,1.3741870935467735,902.2366676432471,2.2924325553424206e-30,5.271389612385114e-30,1.4264347187484684e-29,4.581565879094098e-29
aug-cc-pvtz-dk,1.3761880940470235,900.924800442021,1.5210005370232555e-30,3.497501556855597e-30,9.464217249004137e-30,3.0398120748501805e-29
aug-cc-pvtz-dk,1.3781890945472737,899.6167426555353,4.398197333245962e-31,1.0113541478750107e-30,2.7367179729795183e-30,8.790064852534975e-30
aug-cc-pvtz-dk,1.3801900950475237,898.3124777151141,1.9135580423496554e-29,1.9037326871039525e-29,1.8849319879698412e-29,1.8462839740701994e-29
aug-cc-pvtz-dk,1.3821910955477739,897.0119891480275,1.734765210733764e-28,1.725857885172624e-28,1.7088138248026127e-28,1.6737768787088693e-28
aug-cc-pvtz-dk,1.3841920960480238,895.7152605767981,2.96922567419732e-28,2.9539798878621285e-28,2.924807259007183e-28,2.8648379909798363e-28
aug-cc-pvtz-dk,1.386193096548274,894.4222757185132,3.6514297068525516e-28,3.6326810756479885e-28,3.596805795249597e-28,3.5230580944008046e-28
aug-cc-pvtz-dk,1.3881940970485243,893.1330183841441,3.838006792109779e-28,3.921290242248214e-28,4.077742634381216e-28,4.3878129082509875e-28
aug-cc-pvtz-dk,1.3901950975487742,891.8474724778698,3.287482415257477e-28,3.458592828279507e-28,3.7806997857847317e-28,4.421773418591088e-28
aug-cc-pvtz-dk,1.3921960980490244,890.5656219964068,2.093585198587521e-28,2.3210760423284557e-28,2.7496466976167436e-28,3.6039419512522007e-28
aug-cc-pvtz-dk,1.3941970985492746,889.2874510283458,4.822106895738196e-29,7.316167203774593e-29,1.211322730402102e-28,2.207242032804493e-28
aug-cc-pvtz-dk,1.3961980990495246,888.0129437534933,4.0484700095347875e-29,6.28211701039234e-29,1.0761535951623352e-28,2.0784559792592507e-28
aug-cc-pvtz-dk,1.3981990995497748,886.7420844422182,2.570357971197699e-29,4.1069826830312303e-29,7.39725193736005e-29,1.554948745133505e-28
aug-cc-pvtz-dk,1.400200100050025,885.4748574548053,5.682554670839909e-30,1.0981364012434619e-29,2.541813192055292e-29,7.214689070054578e-29
aug-cc-pvtz-dk,1.402201100550275,884.2112472408135,2.788840164443425e-30,6.412866123013842e-30,1.7353175456924537e-29,5.573666675551391e-29
aug-cc-pvtz-dk,1.4042021010505252,882.9512383384396,2.013923522516929e-30,4.630965265256424e-30,1.2531362925934632e-29,4.024948639106344e-29
aug-cc-pvtz-dk,1.4062031015507754,881.6948153738882,8.331810210797014e-31,1.9158782968425976e-30,5.1843546397938086e-30,1.6651629416060854e-29
aug-cc-pvtz-dk,1.4082041020510254,880.441963060746,0.0,0.0,0.0,0.0
aug-cc-pvtz-dk,1.4102051025512756,879.1926661993614,1.5403255430991388e-28,1.5324165874677772e-28,1.517282895955167e-28,1.4861730358504947e-28
aug-cc-pvtz-dk,1.4122061030515258,877.9469096762308,3.047792400674103e-28,3.0321432056201566e-28,3.002198659031988e-28,2.9406425836699673e-28
aug-cc-pvtz-dk,1.4142071035517758,876.7046784633887,3.9929328442734964e-28,3.9724307310378564e-28,3.9332001838548096e-28,3.852555165177283e-28
aug-cc-pvtz-dk,1.416208104052026,875.4659576178028,4.355429252422194e-28,4.422601367307544e-28,4.548605007397466e-28,4.79759083650223e-28
aug-cc-pvtz-dk,1.4182091045522762,874.2307322807759,3.9417245344681777e-28,4.115097788538665e-28,4.441375839483601e-28,5.09039368270327e-28
aug-cc-pvtz-dk,1.4202101050525262,872.9989876773511,2.7604954770871252e-28,3.0085732904375226e-28,3.475858541351046e-28,4.407046787012204e-28
aug-cc-pvtz-dk,1.4222111055527764,871.7707091157228,1.0302317443779127e-28,1.3116008815932432e-28,1.8477032912058637e-28,2.940650211985576e-28
aug-cc-pvtz-dk,1.4242121060530266,870.5458819866525,4.9123028895742803e-29,7.590802238667916e-29,1.290643007634286e-28,2.458886415444714e-28
aug-cc-pvtz-dk,1.4262131065532766,869.3244917628901,3.428257355092932e-29,5.426237079669354e-29,9.620638952625962e-29,1.9716124669099854e-28
aug-cc-pvtz-dk,1.4282141070535268,868.1065239985988,1.2534405453096196e-29,2.1719538451054244e-29,4.4136691587680137e-29,1.0942873206276737e-28
aug-cc-pvtz-dk,1.4302151075537768,866.8919643287863,3.3620499284421184e-30,7.730947210554973e-30,2.091989460243597e-29,6.719261249393812e-29
aug-cc-pvtz-dk,1.432216108054027,865.680798468739,2.6073394193225176e-30,5.9955098347161486e-30,1.6223811961733257e-29,5.210926398225371e-29
aug-cc-pvtz-dk,1.434217108554277,864.4730122134636,1.3316401742006658e-30,3.062072280101421e-30,8.285948360545595e-30,2.661363873554564e-29
aug-cc-pvtz-dk,1.4362181090545272,863.2685914371299,0.0,0.0,0.0,0.0
aug-cc-pvtz-dk,1.4382191095547774,862.0675220925217,1.2524481779787145e-28,1.2460173574845716e-28,1.233712059785668e-28,1.2084164410901062e-28
aug-cc-pvtz-dk,1.4402201100550274,860.8697902104898,3.066562584532564e-28,3.050817012091387e-28,3.0206880485314804e-28,2.9587528729223776e-28
aug-cc-pvtz-dk,1.4422211105552776,859.6753818994104,4.32068530558336e-28,4.298500314539077e-28,4.256049600902137e-28,4.168784985954204e-28
aug-cc-pvtz-dk,1.4442221110555278,858.4842833446484,4.896037505396367e-28,4.940303040430341e-28,5.02304391334872e-28,5.18535225232351e-28
aug-cc-pvtz-dk,1.4462231115557778,857.296480808025,4.668180951736371e-28,4.8394943936922835e-28,5.161783834026195e-28,5.802415197401949e-28
aug-cc-pvtz-dk,1.448224112056028,856.1119606272883,3.5356521217529554e-28,3.803375773891417e-28,4.3075856635331265e-28,5.312030533504745e-28
aug-cc-pvtz-dk,1.4502251125562782,854.9307092155915,1.701209732676253e-28,2.015942894902377e-28,2.609581174413638e-28,3.795783143800297e-28
aug-cc-pvtz-dk,1.4522261130565282,853.7527130609714,5.894613364003416e-29,9.074084859313052e-29,1.5322179901404564e-28,2.8817753512752665e-28
aug-cc-pvtz-dk,1.4542271135567784,852.5779587258342,4.4474578001447937e-29,6.988928846421576e-29,1.2240104449551102e-28,2.457466311376229e-28
aug-cc-pvtz-dk,1.4562281140570286,851.4064328464444,2.112253567073011e-29,3.5121455040752025e-29,6.732525960930749e-29,1.5501895785180967e-28
aug-cc-pvtz-dk,1.4582291145572785,850.2381221324185,4.022686869649162e-30,9.25006484013187e-30,2.5030617368213298e-29,8.039584353883653e-29
aug-cc-pvtz-dk,1.4602301150575288,849.0730133662213,3.320427318149224e-30,7.635237090304329e-30,2.0660903618084625e-29,6.636075931390741e-29
aug-cc-pvtz-dk,1.462231115557779,847.9110934026684,1.9594170650622066e-30,4.5056290703201184e-30,1.2192203969531711e-29,3.9160141690025784e-29
aug-cc-pvtz-dk,1.464232116058029,846.7523491684318,1.8847067809263184e-31,4.3338346963419325e-31,1.1727329472392682e-30,3.766701122554727e-30
aug-cc-pvtz-dk,1.4662331165582791,845.5967676615489,8.503624819989016e-29,8.459962107448571e-29,8.376414031951648e-29,8.204666845314586e-29
aug-cc-pvtz-dk,1.4682341170585294,844.4443359509369,3.006809896538355e-28,2.9913711302527456e-28,2.9618292365828404e-28,2.9011008823321877e-28
aug-cc-pvtz-dk,1.4702351175587793,843.2950411759101,4.621746239254446e-28,4.598015420721027e-28,4.5526067847688415e-28,4.4592616606899305e-28
aug-cc-pvtz-dk,1.4722361180590295,842.1488705457016,5.452093302455159e-28,5.464984411521796e-28,5.488496373000278e-28,5.532246376238897e-28
aug-cc-pvtz-dk,1.4742371185592795,841.0058113389888,5.4692530434162395e-28,5.632747824961961e-28,5.940181032959737e-28,6.550688243486404e-28
aug-cc-pvtz-dk,1.4762381190595297,839.8658509034225,4.431395305622378e-28,4.716915366641582e-28,5.254545788363609e-28,6.325181898635953e-28
aug-cc-pvtz-dk,1.47823911955978,838.7289766551606,2.519478187189479e-28,2.8742708219523134e-28,3.5427738479756336e-28,4.875776387088506e-28
aug-cc-pvtz-dk,1.48024012006003,837.5951760784048,7.006929973775837e-29,1.0747630515374364e-28,1.8028831851977128e-28,3.3486251781604806e-28
aug-cc-pvtz-dk,1.4822411205602801,836.4644367249409,5.653580670074389e-29,8.832841163173647e-29,1.531434449086043e-28,3.0217430507997374e-28
aug-cc-pvtz-dk,1.48424212106053,835.3367462136839,3.1797814080037356e-29,5.171834791163865e-29,9.585350104322164e-29,2.104563670010193e-28
aug-cc-pvtz-dk,1.4862431215607803,834.2120922302255,4.782965232512071e-30,1.0998305352236298e-29,2.976134521524873e-29,9.559046899374301e-29
aug-cc-pvtz-dk,1.4882441220610305,833.0904625263865,4.176720693076329e-30,9.604261649489537e-30,2.598907171002604e-29,8.347430317768466e-29
aug-cc-pvtz-dk,1.4902451225612805,831.9718449197718,2.7470963218973664e-30,6.316877232319754e-30,1.709343012150387e-29,5.490239067517474e-29
aug-cc-pvtz-dk,1.4922461230615307,830.8562272933289,7.519026260075337e-31,1.7289807209482613e-30,4.678610973115787e-30,1.502723126003942e-29
aug-cc-pvtz-dk,1.494247123561781,829.7435975949112,3.091028782902209e-29,3.07515758631733e-29,3.0447882424688073e-29,2.982358924558434e-29
aug-cc-pvtz-dk,1.496248124062031,828.6339438368439,2.845350924710863e-28,2.8307411856722477e-28,2.802785625672213e-28,2.7453182483291373e-28
aug-cc-pvtz-dk,1.498249124562281,827.5272540954925,4.879333194226787e-28,4.854279769698017e-28,4.806340343075191e-28,4.707792751134939e-28
aug-cc-pvtz-dk,1.5002501250625313,826.4235165108369,6.012592168280113e-28,5.983555570962663e-28,5.927942533403984e-28,5.813414780393342e-28
aug-cc-pvtz-dk,1.5022511255627813,825.3227192860472,6.346042288268932e-28,6.494119233430014e-28,6.772358972295898e-28,7.324077623458972e-28
aug-cc-pvtz-dk,1.5042521260630315,824.2248506870635,5.461055093773125e-28,5.761299473068198e-28,6.3265393804927555e-28,7.451688417555814e-28
aug-cc-pvtz-dk,1.5062531265632817,823.1298990421786,3.5054698755603928e-28,3.9029791952634976e-28,4.651870308834512e-28,6.144768605197168e-28
aug-cc-pvtz-dk,1.5082541270635317,822.0378527416252,8.491906349025799e-29,1.2856632234479928e-28,2.1271775471760282e-28,3.8821652592314607e-28
aug-cc-pvtz-dk,1.5102551275637819,820.9487002371645,7.076629232018454e-29,1.1001968408216741e-28,1.8910898753086114e-28,3.6747565899363207e-28
aug-cc-pvtz-dk,1.512256128064032,819.8624300416803,4.4987826979548494e-29,7.215611462753462e-29,1.307741262786984e-28,2.7758660230668908e-28
aug-cc-pvtz-dk,1.514257128564282,818.7790307287744,9.964112950327212e-30,1.9539397479370083e-29,4.5923544885123155e-29,1.3214825375627228e-28
aug-cc-pvtz-dk,1.5162581290645323,817.6984909323655,5.205391788392916e-30,1.1969664336593986e-29,3.238983652691471e-29,1.0403292061717947e-28
aug-cc-pvtz-dk,1.5182591295647825,816.6207993462931,3.7337298971000245e-30,8.58561572472736e-30,2.323262223458124e-29,7.462086270953267e-29
aug-cc-pvtz-dk,1.5202601300650325,815.5459447239223,1.5024763424619654e-30,3.454905648609301e-30,9.348952988786332e-30,3.002790345446661e-29
aug-cc-pvtz-dk,1.5222611305652824,814.4739158777522,0.0,0.0,0.0,0.0
aug-cc-pvtz-dk,1.5242621310655329,813.4047016790284,2.553380360368303e-28,2.5402697734078915e-28,2.515182822885457e-28,2.4636123570440263e-28
aug-cc-pvtz-dk,1.5262631315657829,812.3382910573582,5.071709494545185e-28,5.045668294652589e-28,4.9958387717469365e-28,4.893405767520188e-28
aug-cc-pvtz-dk,1.5282641320660328,811.2746730003273,6.65890468133189e-28,6.6247138689324795e-28,6.559290160476413e-28,6.424800672838765e-28
aug-cc-pvtz-dk,1.530265132566283,810.213836553122,7.297716025010275e-28,7.4204022168596585e-28,7.650636304416062e-28,8.10596953277986e-28
aug-cc-pvtz-dk,1.5322661330665333,809.1557708181521,6.6389093736940755e-28,6.949158765358539e-28,7.533089648506995e-28,8.694861799662583e-28
aug-cc-pvtz-dk,1.5342671335667832,808.1004649546788,4.685838058121564e-28,5.127677346675918e-28,5.9599697766318285e-28,7.618665329981071e-28
aug-cc-pvtz-dk,1.5362681340670334,807.0479081784434,1.7985105260349793e-28,2.3000386931486843e-28,3.2574696592758515e-28,5.216754384149402e-28
aug-cc-pvtz-dk,1.5382691345672836,805.9980897613008,8.751899690693846e-29,1.3547715162867212e-28,2.310754897046615e-28,4.427943307739924e-28
aug-cc-pvtz-dk,1.5402701350675336,804.9509990308542,6.121772959837273e-29,9.722601759141859e-29,1.7337043260260446e-28,3.586363436715476e-28
aug-cc-pvtz-dk,1.5422711355677838,803.906625370094,2.249705141251301e-29,3.933047838927619e-29,8.087507001622214e-29,2.0331188313935535e-28
aug-cc-pvtz-dk,1.544272136068034,802.8649582170391,6.443015612311858e-30,1.481554844090176e-29,4.0090781041395854e-29,1.2876758541508894e-28
aug-cc-pvtz-dk,1.546273136568284,801.8259870643805,4.969801964140374e-30,1.1427931604063067e-29,3.0923911154695943e-29,9.93245147025025e-29
aug-cc-pvtz-dk,1.5482741370685342,800.7897014591276,2.495078517457406e-30,5.7373687825008344e-30,1.5525283895530277e-29,4.986566158556423e-29
aug-cc-pvtz-dk,1.5502751375687844,799.7560910022587,0.0,0.0,0.0,0.0
aug-cc-pvtz-dk,1.5522761380690344,798.7251453483725,2.0949385914917007e-28,2.084181919666861e-28,2.0635991574556287e-28,2.0212878117786245e-28
aug-cc-pvtz-dk,1.5542771385692846,797.6968542053427,5.170696884205829e-28,5.144147423655999e-28,5.093345350093458e-28,4.9889131036556955e-28
aug-cc-pvtz-dk,1.5562781390695348,796.6712073339761,7.308599848099253e-28,7.2710731108553245e-28,7.199266150316513e-28,7.0516548094190995e-28
aug-cc-pvtz-dk,1.5582791395697848,795.6481945476726,8.320601378139558e-28,8.404837876150928e-28,8.562436774654117e-28,8.872177182575994e-28
aug-cc-pvtz-dk,1.560280140070035,794.6278057120871,7.980055055457684e-28,8.293363456999839e-28,8.88286676347266e-28,1.0054979218553123e-27
aug-cc-pvtz-dk,1.5622811405702852,793.6100307447965,6.092050732648832e-28,6.578939023342792e-28,7.4959555589083025e-28,9.322957009525763e-28
aug-cc-pvtz-dk,1.5642821410705352,792.5948596149664,2.9915118141322465e-28,3.5637495054702446e-28,4.644522402870034e-28,6.809903722611178e-28
aug-cc-pvtz-dk,1.5662831415707852,791.5822823430215,1.0721107208840642e-28,1.6530332670482504e-28,2.7993830566206545e-28,5.293822808621522e-28
aug-cc-pvtz-dk,1.5682841420710356,790.5722890003188,8.113810743186657e-29,1.27905513870586e-28,2.2521890879216115e-28,4.563086114074369e-28
aug-cc-pvtz-dk,1.5702851425712856,789.5648697088244,3.876906675247411e-29,6.49078108969436e-29,1.2569053228503388e-28,2.933584086283321e-28
aug-cc-pvtz-dk,1.5722861430715356,788.5600146407891,7.936035421422348e-30,1.824870903465134e-29,4.9380892048287837e-29,1.5860649429941358e-28
aug-cc-pvtz-dk,1.574287143571786,787.5577140184301,6.521485962655951e-30,1.4995988990273686e-29,4.0579052034853494e-29,1.303358630894712e-28
aug-cc-pvtz-dk,1.576288144072036,786.5579581136146,3.803236920914704e-30,8.745445335622838e-30,2.3665120157955592e-29,7.601000285206194e-29
aug-cc-pvtz-dk,1.578289144572286,785.5607372475436,2.7401565513272486e-31,6.300919408648824e-31,1.7050248350863358e-30,5.476369513981996e-30
aug-cc-pvtz-dk,1.5802901450725362,784.56604179044,1.4248744114357626e-28,1.4175582511923672e-28,1.4035588665275552e-28,1.3747807658169047e-28
aug-cc-pvtz-dk,1.5822911455727864,783.5738621612393,5.139665750752808e-28,5.113275622662777e-28,5.062778429846431e-28,4.958972917299395e-28
aug-cc-pvtz-dk,1.5842921460730364,782.5841888272813,7.937563646856244e-28,7.896807432051295e-28,7.818820905026923e-28,7.65850642103233e-28
aug-cc-pvtz-dk,1.5862931465732866,781.597012304005,9.406880211439173e-28,9.435558788912573e-28,9.488260227323912e-28,9.587968424145657e-28
aug-cc-pvtz-dk,1.5882941470735368,780.6123231546457,9.50013415417702e-28,9.80652856338697e-28,1.038277685757977e-27,1.1527541523209903e-27
aug-cc-pvtz-dk,1.5902951475737868,779.630111989934,7.760883317708312e-28,8.292175758726847e-28,9.292662606981335e-28,1.1285313706247684e-27
aug-cc-pvtz-dk,1.592296148074037,778.6503694677976,4.4867117998350445e-28,5.1452831476771395e-28,6.3861959313784765e-28,8.860700992970518e-28
aug-cc-pvtz-dk,1.5942971485742872,777.6730862930655,1.303377482539857e-28,2.0020615441095582e-28,3.367253861481078e-28,6.285800085655276e-28
aug-cc-pvtz-dk,1.5962981490745372,776.6982532171733,1.0556267790091792e-28,1.6541320401691406e-28,2.8827251309696153e-28,5.739057381184509e-28
aug-cc-pvtz-dk,1.5982991495747874,775.7258610378716,5.976293745438354e-29,9.777838770201009e-29,1.8289647960154959e-28,4.069756248043199e-28
aug-cc-pvtz-dk,1.6003001500750376,774.755900598937,9.744277974925435e-30,2.2406716209604025e-29,6.063243335197479e-29,1.9474532143720156e-28
aug-cc-pvtz-dk,1.6023011505752875,773.7883627898844,8.47688097943487e-30,1.9492369464166564e-29,5.274622936053304e-29,1.6941562169849492e-28
aug-cc-pvtz-dk,1.6043021510755378,772.8232385456813,5.526973653073261e-30,1.2709133551100145e-29,3.439083557759953e-29,1.104599297569744e-28
aug-cc-pvtz-dk,1.606303151575788,771.8605188464652,1.4201942444072511e-30,3.2657000835600446e-30,8.836963917948962e-30,2.8383445683924067e-29
aug-cc-pvtz-dk,1.608304152076038,770.9001947172628,4.861049309762739e-29,4.836089765668299e-29,4.7883299781278536e-29,4.690151664675773e-29
aug-cc-pvtz-dk,1.6103051525762881,769.9422572277105,4.930787519321337e-28,4.90546989741167e-28,4.857024932276897e-28,4.757438120502472e-28
aug-cc-pvtz-dk,1.6123061530765384,768.9866974917777,8.516999592448778e-28,8.473268205800814e-28,8.389588723224805e-28,8.217571407132306e-28
aug-cc-pvtz-dk,1.6143071535767883,768.033506667493,1.0542691973233156e-27,1.0493334249036768e-27,1.039875394873135e-27,1.0203792959250394e-27
aug-cc-pvtz-dk,1.6163081540770383,767.0826759566698,1.1214819889282754e-27,1.1500180520207996e-27,1.2036526419618815e-27,1.3100635768587208e-27
aug-cc-pvtz-dk,1.6183091545772887,766.1341966046367,9.735455683171578e-28,1.0308459129737037e-27,1.1387294723766242e-27,1.353519313429234e-27
aug-cc-pvtz-dk,1.6203101550775387,765.1880598999691,6.343709191564912e-28,7.10038454350712e-28,8.525977339941799e-28,1.1368058232904682e-27
aug-cc-pvtz-dk,1.6223111555777887,764.2442571742214,1.681119702271922e-28,2.5158659280484513e-28,4.130733124737688e-28,7.520159137144539e-28
aug-cc-pvtz-dk,1.6243121560780391,763.302779801663,1.3552002184090254e-28,2.1128374774449947e-28,3.649726479817399e-28,7.154885459214273e-28
aug-cc-pvtz-dk,1.6263131565782891,762.3636191990156,8.675868088550334e-29,1.3990219448174739e-28,2.5577029408066937e-28,5.502136601914158e-28
aug-cc-pvtz-dk,1.628314157078539,761.4267668251921,1.997358822855741e-29,3.964262964155887e-29,9.431970706964966e-29,2.743301332472448e-28
aug-cc-pvtz-dk,1.6303151575787893,760.4922141810371,1.095535514079204e-29,2.519155695751098e-29,6.816819492737951e-29,2.189494351292427e-28
aug-cc-pvtz-dk,1.6323161580790395,759.5599528090713,7.804727901073937e-30,1.7946770773837698e-29,4.8563849010658463e-29,1.5598223364888875e-28
aug-cc-pvtz-dk,1.6343171585792895,758.6299742932354,3.0424930879828664e-30,6.996134487084515e-30,1.893149598725161e-29,6.080607469474631e-29
aug-cc-pvtz-dk,1.6363181590795397,757.7022702586365,0.0,0.0,0.0,0.0
aug-cc-pvtz-dk,1.63831915957979,756.7768323712977,4.4812310864572e-28,4.458221757036251e-28,4.414193681826442e-28,4.323686533632366e-28
aug-cc-pvtz-dk,1.64032016008004,755.8536523379079,9.006794298782255e-28,8.960548012204063e-28,8.87205629884777e-28,8.690146629244475e-28
aug-cc-pvtz-dk,1.64232116058029,754.9327219055741,1.1891295226743246e-27,1.1830238181517265e-27,1.1713406259555612e-27,1.147323850240537e-27
aug-cc-pvtz-dk,1.6443221610805403,754.0140328615759,1.3138907141184362e-27,1.338337777969963e-27,1.384235722457288e-27,1.4750902697374091e-27
aug-cc-pvtz-dk,1.6463231615807903,753.0975770331206,1.2066475734740577e-27,1.267544062939892e-27,1.3821733982237186e-27,1.6102930755030313e-27
aug-cc-pvtz-dk,1.6483241620810405,752.1833462871016,8.638757183215029e-28,9.50353485081516e-28,1.1132593314109048e-27,1.437949431188575e-27
aug-cc-pvtz-dk,1.6503251625812907,751.2713325298574,3.484430421415751e-28,4.469739353262432e-28,6.356042913152233e-28,1.023733576692201e-27
aug-cc-pvtz-dk,1.6523261630815407,750.3615277069331,1.7232566575546336e-28,2.6747146685084503e-28,4.58401447871671e-28,8.860825710241583e-28
aug-cc-pvtz-dk,1.6543271635817909,749.4539238028424,1.2144547940058594e-28,1.9386189591613942e-28,3.4861867985699434e-28,7.309802965851833e-28
aug-cc-pvtz-dk,1.656328164082041,748.5485128408335,4.569596899767455e-29,8.076229666130176e-29,1.6844070919905212e-28,4.303319985026747e-28
aug-cc-pvtz-dk,1.658329164582291,747.6452868826545,1.4121899706563657e-29,3.247294462244481e-29,8.787158422253914e-29,2.822347540511032e-28
aug-cc-pvtz-dk,1.6603301650825413,746.7442380283218,1.0831902146495637e-29,2.490767997703654e-29,6.740002560092556e-29,2.1648215195869844e-28
aug-cc-pvtz-dk,1.6623311655827915,745.8453584158891,5.328977177668998e-30,1.2253845755913951e-29,3.3158829662972824e-29,1.0650284978191026e-28
aug-cc-pvtz-dk,1.6643321660830415,744.9486402212203,0.0,0.0,0.0,0.0
aug-cc-pvtz-dk,1.6663331665832914,744.0540756577604,3.7078251659479856e-28,3.6887869666155716e-28,3.652357601085965e-28,3.577470884623975e-28
aug-cc-pvtz-dk,1.6683341670835419,743.1616569763117,9.351057431993931e-28,9.303043491910098e-28,9.211169394822957e-28,9.022306663925968e-28
aug-cc-pvtz-dk,1.6703351675837919,742.2713764648098,1.3316052283017519e-27,1.3247679680119961e-27,1.3116849526507426e-27,1.2847906038861504e-27
aug-cc-pvtz-dk,1.6723361680840418,741.3832264481006,1.5284748815609537e-27,1.5460443552365847e-27,1.5789452806187801e-27,1.6437296610499804e-27
aug-cc-pvtz-dk,1.674337168584292,740.4971992877204,1.481370833435708e-27,1.544832465929655e-27,1.664257856264869e-27,1.9017909987362793e-27
aug-cc-pvtz-dk,1.6763381690845423,739.6132873816771,1.1469005775631984e-27,1.2451861041719894e-27,1.4303113319434426e-27,1.7991907149324747e-27
aug-cc-pvtz-dk,1.6783391695847922,738.7314831642325,5.835257807462115e-28,6.993184995761109e-28,9.184485846922232e-28,1.3592346200957552e-27
aug-cc-pvtz-dk,1.6803401700850424,737.8517791056862,2.1768425828206414e-28,3.3649589414503253e-28,5.7249141196353535e-28,1.0919444068267483e-27
aug-cc-pvtz-dk,1.6823411705852926,736.9741677121617,1.6608569790750022e-28,2.6311113058300287e-28,4.671840238512097e-28,9.597595729879393e-28
aug-cc-pvtz-dk,1.6843421710855426,736.0986415253935,8.085890655458485e-29,1.3669930804969696e-28,2.684580144504105e-28,6.38141486677729e-28
aug-cc-pvtz-dk,1.6863431715857928,735.2251931225155,1.8209805088077752e-29,4.1872977750707466e-29,1.1330801483665334e-28,3.639340292130394e-28
aug-cc-pvtz-dk,1.688344172086043,734.3538151158518,1.489049726549673e-29,3.424031491162618e-29,9.265407712621232e-29,2.9759564369889824e-28
aug-cc-pvtz-dk,1.690345172586293,733.4845001527079,8.55614496027489e-30,1.9674634946421488e-29,5.323943861091176e-29,1.7099976056099491e-28
aug-cc-pvtz-dk,1.6923461730865432,732.6172409151641,3.3906540607298236e-31,7.796721675963478e-31,2.1097879892776448e-30,6.776428347367985e-30
aug-cc-pvtz-dk,1.6943471735867934,731.75203011987,2.4994550202258004e-28,2.4866213183203077e-28,2.4620641840215183e-28,2.4115828449529617e-28
aug-cc-pvtz-dk,1.6963481740870434,730.8888605178413,9.471642401222803e-28,9.423009305548315e-28,9.329950461682452e-28,9.138652283590392e-28
aug-cc-pvtz-dk,1.6983491745872936,730.0277248942563,1.4779457105005527e-27,1.4703570503616109e-27,1.4558362404228895e-27,1.4259862619544001e-27
aug-cc-pvtz-dk,1.7003501750875438,729.1686160682553,1.7659602998520938e-27,1.7727237971941536e-27,1.785218439504996e-27,1.8091288074808896e-27
aug-cc-pvtz-dk,1.7023511755877938,728.3115268927417,1.8047662076452266e-27,1.869078155109299e-27,1.9900596817723273e-27,2.230510290023709e-27
aug-cc-pvtz-dk,1.704352176088044,727.4564502541825,1.4956795045497666e-27,1.6067013572721547e-27,1.8157869968544906e-27,2.2322927195270228e-27
aug-cc-pvtz-dk,1.706353176588294,726.6033790724128,8.898401197153759e-28,1.0273520922774155e-27,1.2864657860574693e-27,1.803192056719058e-27
aug-cc-pvtz-dk,1.7083541770885444,725.7523063004392,2.7383721634393577e-28,4.216498479947374e-28,7.123176236225965e-28,1.3409019767460245e-27
aug-cc-pvtz-dk,1.7103551775887944,724.9032249242468,2.2376052599576383e-28,3.523458057924919e-28,6.192502877699719e-28,1.2506767690206139e-27
aug-cc-pvtz-dk,1.7123561780890446,724.0561279626058,1.2880850901257799e-28,2.1268389272478925e-28,4.0344721818624895e-28,9.156917397618675e-28
aug-cc-pvtz-dk,1.7143571785892946,723.2110084668806,2.355758857760015e-29,5.417006813631413e-29,1.4658386419600406e-28,4.708127345746409e-28
aug-cc-pvtz-dk,1.7163581790895446,722.3678595208395,2.039787669388716e-29,4.6904392047777454e-29,1.2692299032790854e-28,4.076639709591058e-28
aug-cc-pvtz-dk,1.7183591795897948,721.5266742404658,1.3140393846200608e-29,3.0215997178230873e-29,8.17642986118276e-29,2.6261876251630075e-28
aug-cc-pvtz-dk,1.7203601800900448,720.6874457737715,3.0527821866207766e-30,7.019794004375126e-30,1.8995518492461367e-29,6.101170858847297e-29
aug-cc-pvtz-dk,1.7223611805902947,719.85016730061,7.060533865321632e-29,7.024280847688616e-29,6.95491113431158e-29,6.812309966786619e-29
aug-cc-pvtz-dk,1.7243621810905452,719.014832032492,9.258583669999198e-28,9.211044545699575e-28,9.120079002906886e-28,8.933083958884206e-28
aug-cc-pvtz-dk,1.7263631815907954,718.1814332124021,1.623520546936432e-27,1.615184418233087e-27,1.5992333361830648e-27,1.5664431917109857e-27
aug-cc-pvtz-dk,1.7283641820910454,717.3499641146166,2.026114580089399e-27,2.0164991627388676e-27,1.9980779197532004e-27,1.96012163045001e-27
aug-cc-pvtz-dk,1.7303651825912958,716.5204180445214,2.185142237422648e-27,2.2475548518555902e-27,2.364900509271579e-27,2.5978709496105655e-27
aug-cc-pvtz-dk,1.7323661830915458,715.6927883384349,1.9257804757976063e-27,2.0502812130822783e-27,2.284715367691328e-27,2.7515708746790036e-27
aug-cc-pvtz-dk,1.7343671835917955,714.8670683634267,1.2873171845628012e-27,1.451597042199298e-27,1.7611169092527082e-27,2.378232440246434e-27
aug-cc-pvtz-dk,1.736368184092046,714.043251517142,3.9094494470497055e-28,5.742246708362985e-28,9.30968668699387e-28,1.688283072888556e-27
aug-cc-pvtz-dk,1.7383691845922964,713.2213312276258,2.9874686979435134e-28,4.6807279419902055e-28,8.15567937072449e-28,1.62311284277062e-27
aug-cc-pvtz-dk,1.7403701850925462,712.4013009531475,1.943128256308002e-28,3.1617135238415503e-28,5.863523852257192e-28,1.2885856637758954e-27
aug-cc-pvtz-dk,1.7423711855927961,711.5831541820271,4.888345578229509e-29,9.814458434593165e-29,2.361914616431303e-28,6.937022118710122e-28
aug-cc-pvtz-dk,1.7443721860930466,710.7668844324634,2.798951418799814e-29,6.436116691960019e-29,1.7416091350482396e-28,5.593874632311608e-28
aug-cc-pvtz-dk,1.7463731865932965,709.9524852523632,1.9726097835528407e-29,4.5359653866704415e-29,1.2274293851067632e-28,3.942380619238299e-28
aug-cc-pvtz-dk,1.7483741870935467,709.1399502191701,7.277824681606828e-30,1.673517039268e-29,4.5285265987935837e-29,1.4545175236485046e-28
aug-cc-pvtz-dk,1.7503751875937972,708.3292729396969,0.0,0.0,0.0,0.0
aug-cc-pvtz-dk,1.7523761880940472,707.520447049957,8.55573308617975e-28,8.511802818532412e-28,8.427742779555225e-28,8.254943165475955e-28
aug-cc-pvtz-dk,1.754377188594297,706.7134662149986,1.760955994234513e-27,1.7519141894747473e-27,1.734612804774987e-27,1.69904688504032e-27
aug-cc-pvtz-dk,1.7563781890945473,705.9083241287382,2.349436471130388e-27,2.3373730544766022e-27,2.3142898517459485e-27,2.2668384280718178e-27
aug-cc-pvtz-dk,1.7583791895947973,705.105014513798,2.6322416677655483e-27,2.6884187343666498e-27,2.7939440480461844e-27,3.0030573906917144e-27
aug-cc-pvtz-dk,1.7603801900950473,704.3035311213413,2.4572428252002786e-27,2.5955752918062676e-27,2.856008454907308e-27,3.3744530586972474e-27
aug-cc-pvtz-dk,1.7623811905952975,703.5038677309111,1.8021582791838042e-27,1.998396538379037e-27,2.3680909125141932e-27,3.1050268180289924e-27
aug-cc-pvtz-dk,1.7643821910955475,702.7060181502694,7.867001689648923e-28,1.0126318141626622e-27,1.4476311234003656e-27,2.3524864455517144e-27
aug-cc-pvtz-dk,1.766383191595798,701.9099762152364,3.9711071717650284e-28,6.1950281131749835e-28,1.0712983987302509e-27,2.1041973180343255e-27
aug-cc-pvtz-dk,1.768384192096048,701.1157357895332,2.8431758462997302e-28,4.58028542397481e-28,8.360606283454906e-28,1.7942495841176212e-27
aug-cc-pvtz-dk,1.7703851925962981,700.3232907646227,1.125004874329137e-28,2.021770877824006e-28,4.30637004538548e-28,1.1258990269938179e-27
aug-cc-pvtz-dk,1.772386193096548,699.5326350595541,3.866343186461376e-29,8.890556567752174e-29,2.405779024081824e-28,7.7271219947901424e-28
aug-cc-pvtz-dk,1.7743871935967985,698.7437626208063,2.93412923680533e-29,6.746954602544801e-29,1.8257216784503853e-28,5.864035722608965e-28
aug-cc-pvtz-dk,1.7763881940970483,697.9566674221346,1.3864646089342188e-29,3.188139655599921e-29,8.627085886958095e-29,2.770933840588272e-28
aug-cc-pvtz-dk,1.7783891945972983,697.1713434644164,0.0,0.0,0.0,0.0
aug-cc-pvtz-dk,1.7803901950975487,696.3877847754987,7.138758676845087e-28,7.102104006089859e-28,7.031965734292475e-28,6.887784665068087e-28
aug-cc-pvtz-dk,1.782391195597799,695.6059854100477,1.8786378991850433e-27,1.86899184490865e-27,1.8505342360236075e-27,1.8125915021042617e-27
aug-cc-pvtz-dk,1.7843921960980489,694.8259394493973,2.7121396407167256e-27,2.698213888345361e-27,2.6715671286096586e-27,2.616790211363144e-27
aug-cc-pvtz-dk,1.7863931965982993,694.0476410014,3.1573585379105415e-27,3.2004898998505114e-27,3.2813447880478095e-27,3.4409039607293705e-27
aug-cc-pvtz-dk,1.7883941970985493,693.2710842002797,3.1161897819898213e-27,3.267962000107799e-27,3.553636708246072e-27,4.1220838796225826e-27
aug-cc-pvtz-dk,1.7903951975987993,692.4962632064822,2.4708435042942296e-27,2.705467902876831e-27,3.1474322827807517e-27,4.028243883275979e-27
aug-cc-pvtz-dk,1.7923961980990495,691.7231722065308,1.3318402181424916e-27,1.6107247066884497e-27,2.141102672702132e-27,3.218432947776078e-27
aug-cc-pvtz-dk,1.7943971985993,690.9518054128797,5.276619819707843e-28,8.199761744453287e-28,1.4082857620905026e-27,2.732600150799313e-27
aug-cc-pvtz-dk,1.7963981990995497,690.1821570637705,4.091895584473233e-28,6.544816688139221e-28,1.180795058436005e-27,2.4886827400591466e-27
aug-cc-pvtz-dk,1.7983991995997997,689.4142214230876,2.0685214051095444e-28,3.5577568414313606e-28,7.157148369993093e-28,1.7531138346432933e-27
aug-cc-pvtz-dk,1.80040020010005,688.6479927802167,5.403520171380865e-29,1.2425255449871177e-28,3.362266321839087e-28,1.0799263684552489e-27
aug-cc-pvtz-dk,1.8024012006003,687.8834654499028,4.3682168492715176e-29,1.0044602128090104e-28,2.7180630279839218e-28,8.730147032010254e-28
aug-cc-pvtz-dk,1.80440220110055,687.1206337721098,2.4251313878859144e-29,5.57652715975384e-29,1.5090047474441025e-28,4.846772566182906e-28
aug-cc-pvtz-dk,1.8064032016008003,686.3594921118804,0.0,0.0,0.0,0.0
aug-cc-pvtz-dk,1.8084042021010507,685.6000348591976,4.680699317591965e-28,4.656665798578771e-28,4.610677948897853e-28,4.516142153127472e-28
aug-cc-pvtz-dk,1.8104052026013007,684.8422564288477,1.9583011538943824e-27,1.948246060665302e-27,1.9290057606620983e-27,1.8894540728949155e-27
aug-cc-pvtz-dk,1.8124062031015509,684.0861512602814,3.113264559304566e-27,3.0972791909007607e-27,3.0666913806493895e-27,3.0038129681328176e-27
aug-cc-pvtz-dk,1.8144072036018009,683.33171381748,3.773275610114929e-27,3.792612008569977e-27,3.828518391393418e-27,3.8979909896053e-27
aug-cc-pvtz-dk,1.8164082041020508,682.5789385888186,3.937154166514599e-27,4.100604045851656e-27,4.408174838631015e-27,5.01985168314353e-27
aug-cc-pvtz-dk,1.818409204602301,681.8278200869325,3.343918566462701e-27,3.6249978667998474e-27,4.154414140818397e-27,5.2092883207461616e-27
aug-cc-pvtz-dk,1.820410205102551,681.0783528485848,2.0849312844483696e-27,2.433203439755728e-27,3.089476843958062e-27,4.398320298634887e-27
aug-cc-pvtz-dk,1.8224112056028015,680.330531434532,7.034671105009855e-28,1.0891399956531457e-27,1.8582674327736904e-27,3.562921655639787e-27
aug-cc-pvtz-dk,1.8244122061030514,679.584350429394,5.847448122743881e-28,9.302224141672706e-28,1.6633100264658566e-27,3.456052643025531e-27
aug-cc-pvtz-dk,1.8264132066033016,678.8398044415228,3.474916199009411e-28,5.840357076871909e-28,1.137348834494869e-27,2.674283325837585e-27
aug-cc-pvtz-dk,1.8284142071035516,678.0968881028728,7.675711825032434e-29,1.7650101630184625e-28,4.7761064170976215e-28,1.534037689064088e-27
aug-cc-pvtz-dk,1.830415207603802,677.3555960688711,6.566066006882666e-29,1.5098499653677377e-28,4.0856445246270475e-28,1.312268223852709e-27
aug-cc-pvtz-dk,1.832416208104052,676.6159230182909,4.1062590418893364e-29,9.44223689754078e-29,2.555063374874671e-28,8.206608422655074e-28
aug-cc-pvtz-dk,1.8344172086043018,675.8778636531225,7.12492728429018e-30,1.6383586765891333e-29,4.4333882901744375e-29,1.4239600489295324e-28
aug-cc-pvtz-dk,1.8364182091045522,675.1414126984473,6.966951932628352e-29,6.931179420792884e-29,6.862729149482417e-29,6.722018050487094e-29
aug-cc-pvtz-dk,1.8384192096048027,674.4065649023128,1.971061538331147e-27,1.9609409256313276e-27,1.941575254908594e-27,1.9017658464430254e-27
aug-cc-pvtz-dk,1.8404202101050524,673.6733150356075,3.5503870245768265e-27,3.53215720713509e-27,3.497274670634259e-27,3.425567722614816e-27
aug-cc-pvtz-dk,1.8424212106053024,672.941657891936,4.493751761588841e-27,4.472110212597883e-27,4.430658912585274e-27,4.345288242032378e-27
aug-cc-pvtz-dk,1.8444222111055528,672.2115882874965,4.9664907233250504e-27,5.137363167531731e-27,5.4587779513997454e-27,6.097489054742933e-27
aug-cc-pvtz-dk,1.8464232116058028,671.483101060959,4.492933105138346e-27,4.8307643227321694e-27,5.467004787723504e-27,6.73445158253049e-27
aug-cc-pvtz-dk,1.848424212106053,670.7561910733423,3.1334101698998647e-27,3.578954549234871e-27,4.418457141282973e-27,6.092452573416888e-27
aug-cc-pvtz-dk,1.8504252126063034,670.0308532078939,1.1517758698238603e-27,1.6615399079995847e-27,2.6669141635748595e-27,4.852451929283326e-27
aug-cc-pvtz-dk,1.8524262131065534,669.3070823699702,8.346329601527753e-28,1.3211290377580084e-27,2.342564270879006e-27,4.80149860174658e-27
aug-cc-pvtz-dk,1.8544272136068032,668.5848734869166,5.584524671196343e-28,9.24977701845087e-28,1.7628899345818764e-27,4.027234928299611e-27
aug-cc-pvtz-dk,1.8564282141070536,667.8642215079493,1.6171943412439862e-28,3.319870219290142e-28,8.1617376777949e-28,2.439916976263627e-27
aug-cc-pvtz-dk,1.8584292146073036,667.1451214040377,1.0088186001815476e-28,2.319752385903266e-28,6.277235388516126e-28,2.0161853250670077e-27
aug-cc-pvtz-dk,1.8604302151075536,666.4275681677871,7.100844895835525e-29,1.632820993395556e-28,4.418403354228536e-28,1.4191470371367185e-27
aug-cc-pvtz-dk,1.8624312156078038,665.7115568133225,2.6013098777069893e-29,5.981645059080561e-29,1.6186293965932314e-28,5.19887599261239e-28
aug-cc-pvtz-dk,1.8644322161080538,664.9970823761739,0.0,0.0,0.0,0.0
aug-cc-pvtz-dk,1.8664332166083042,664.28413991316,1.870716323338381e-27,1.8611109431858323e-27,1.84273116374775e-27,1.8049484214077828e-27
aug-cc-pvtz-dk,1.8684342171085542,663.5727245022757,4.015379973802366e-27,3.994762603534022e-27,3.955311513404613e-27,3.874213131434811e-27
aug-cc-pvtz-dk,1.8704352176088044,662.8628312425782,5.453248814884508e-27,5.425248563173482e-27,5.371670418166601e-27,5.2615314877910826e-27
aug-cc-pvtz-dk,1.8724362181090544,662.1544552540743,6.267422611193182e-27,6.436871027996389e-27,6.755412477011513e-27,7.387627844706737e-27
aug-cc-pvtz-dk,1.8744372186093048,661.4475916776087,6.021631965738234e-27,6.429585228094289e-27,7.197800679276635e-27,8.727804633674373e-27
aug-cc-pvtz-dk,1.8764382191095546,660.7422356747535,4.5999987717075096e-27,5.1771469787991836e-27,6.264541347417627e-27,8.432524803889031e-27
aug-cc-pvtz-dk,1.8784392196098045,660.0383824276964,2.2355847359001688e-27,2.8763096547407088e-27,4.083904209554084e-27,6.493214006060756e-27
aug-cc-pvtz-dk,1.880440220110055,659.3360271391327,1.1647033151906952e-27,1.810246907040603e-27,3.110027052324957e-27,6.0380228113547654e-27
aug-cc-pvtz-dk,1.8824412206103052,658.6351650321551,8.51460062289385e-28,1.3766527430174413e-27,2.5274909239083098e-27,5.472078158095817e-27
aug-cc-pvtz-dk,1.8844422211105551,657.935791350146,3.6703839778348043e-28,6.767691733409518e-28,1.4867517650708687e-27,4.014060213908886e-27
aug-cc-pvtz-dk,1.8864432216108056,657.2379013566692,1.907073033132927e-28,4.385265317179671e-28,1.1866500409402106e-27,3.811401437822106e-27
aug-cc-pvtz-dk,1.8884442221110556,656.5414903353642,2.2803850886143004e-28,5.243686772963223e-28,1.4189383477979214e-27,4.5574882841557246e-27
aug-cc-pvtz-dk,1.8904452226113055,655.8465535898385,2.776043094747862e-28,6.3834395908766375e-28,1.7273547445755995e-27,5.5480909534945125e-27
aug-cc-pvtz-dk,1.8924462231115557,655.1530864435633,3.5431042788465475e-28,8.147277025700389e-28,2.2046480467723302e-27,7.081109379730879e-27
aug-cc-pvtz-dk,1.8944472236118062,654.4610842397675,2.0547060399054224e-27,2.6607195303902526e-27,4.499148921163749e-27,1.0971762486848029e-26
aug-cc-pvtz-dk,1.896448224112056,653.7705423413347,5.132041645136338e-27,5.9441433370647884e-27,8.421217519692401e-27,1.7175979044271836e-26
aug-cc-pvtz-dk,1.898449224612306,653.0814561306984,7.497459618823085e-27,8.589946441736128e-27,1.1925607246930945e-26,2.372323644399706e-26
aug-cc-pvtz-dk,1.9004502251125563,652.3938210097393,9.064242184701928e-27,1.06922529217801e-26,1.5435525555321536e-26,3.1645954478200344e-26
aug-cc-pvtz-dk,1.9024512256128063,651.7076323996845,9.518241311175162e-27,1.1877512370146164e-26,1.8437092276891909e-26,4.0035985863323295e-26
aug-cc-pvtz-dk,1.9044522261130563,651.0228857410034,8.408243454227009e-27,1.1415537996458812e-26,1.9631482142682718e-26,4.6287390719912833e-26
aug-cc-pvtz-dk,1.9064532266133065,650.3395764933089,5.910597977784948e-27,9.381215995093796e-27,1.8850782876921905e-26,4.9540113927796564e-26
aug-cc-pvtz-dk,1.908454227113557,649.6577001352555,3.802151286450808e-27,7.46706559067245e-27,1.7576784540076995e-26,5.0646869007710885e-26
aug-cc-pvtz-dk,1.910455227613807,648.9772521644409,3.449061960982819e-27,6.998842345980674e-27,1.701798650302796e-26,5.0416622580742387e-26
aug-cc-pvtz-dk,1.9124562281140567,648.2982280973058,2.726324800838221e-27,5.881530258048904e-27,1.5116740892865074e-26,4.678912590288514e-26
aug-cc-pvtz-dk,1.9144572286143071,647.6206234690358,2.098436867563167e-27,4.825301525290087e-27,1.3057235625179717e-26,4.193853698969322e-26
aug-cc-pvtz-dk,1.916458229114557,646.9444338334639,1.8914081961766576e-27,4.349244428094604e-27,1.1769028109744334e-26,3.7800943084877396e-26
aug-cc-pvtz-dk,1.9184592296148073,646.2696547629727,1.6658701959677017e-27,3.830625606036385e-27,1.0365648834112389e-26,3.329342898685796e-26
aug-cc-pvtz-dk,1.9204602301150573,645.596281848398,1.496997507879342e-27,3.442307209610731e-27,9.314861691972731e-27,2.991840561330897e-26
aug-cc-pvtz-dk,1.9224612306153077,644.924310698933,2.4511215581132525e-27,4.357553172589876e-27,1.011830434346946e-26,3.0343582796190466e-26
aug-cc-pvtz-dk,1.9244622311155577,644.2537369420328,6.60600126647233e-27,8.754584485489814e-27,1.52687842616539e-26,3.8193918989102164e-26
aug-cc-pvtz-dk,1.926463231615808,643.5845562233186,1.0256633736970112e-26,1.3039270823148415e-26,2.14854490608085e-26,5.1233792344890316e-26
aug-cc-pvtz-dk,1.9284642321160579,642.9167642064851,1.3071199528104852e-26,1.707816060277157e-26,2.9070809626684465e-26,7.088564026231994e-26
aug-cc-pvtz-dk,1.9304652326163083,642.2503565732054,1.5100640084638112e-26,2.11540823746488e-26,3.8748737962751986e-26,9.876938130794316e-26
aug-cc-pvtz-dk,1.9324662331165583,641.5853290230391,1.5349618732584824e-26,2.3749242617698943e-26,4.7953128878981057e-26,1.299711098079242e-25
aug-cc-pvtz-dk,1.934467233616808,640.9216772733386,1.3881220219345378e-26,2.4724654848721013e-26,5.60332475806957e-26,1.6229179307292055e-25
aug-cc-pvtz-dk,1.9364682341170585,640.2593970591578,1.1600344719044212e-26,2.4760921037869373e-26,6.30594322975202e-26,1.9382882560207396e-25
aug-cc-pvtz-dk,1.938469234617309,639.5984841331612,1.2802810016257411e-26,2.792515619536758e-26,7.244440683587449e-26,2.2578963067087865e-25
aug-cc-pvtz-dk,1.9404702351175587,638.9389342655323,1.337820157235406e-26,2.9964587444549303e-26,7.94391502747516e-26,2.5151690165117664e-25
aug-cc-pvtz-dk,1.9424712356178087,638.2807432438836,1.3491053597015195e-26,3.1022330242912655e-26,8.394623082119155e-26,2.696269108945799e-25
aug-cc-pvtz-dk,1.944472236118059,637.6239068731669,1.4171855092440183e-26,3.258781574551384e-26,8.818242476018849e-26,2.832331428188577e-25
aug-cc-pvtz-dk,1.946473236618309,636.9684209755846,1.4369629000764797e-26,3.304259175343327e-26,8.941304578168531e-26,2.87185774655478e-25
aug-cc-pvtz-dk,1.9484742371185588,636.3142813905007,1.4127104411794653e-26,3.2484912708060347e-26,8.790396978705679e-26,2.8233877325045324e-25
aug-cc-pvtz-dk,1.9504752376188097,635.6614839743522,1.3564086638694993e-26,3.1190267841065584e-26,8.440066890716747e-26,2.710865206485369e-25
aug-cc-pvtz-dk,1.9524762381190597,635.0100246005636,1.813710961024137e-26,3.483306439473457e-26,8.526517106745533e-26,2.6227871900686297e-25
aug-cc-pvtz-dk,1.9544772386193094,634.3598991594574,2.2174658037991503e-26,3.808107165093348e-26,8.615594928578095e-26,2.5496532649700644e-25
aug-cc-pvtz-dk,1.9564782391195599,633.7111035581692,2.4848272430116792e-26,4.044724453528719e-26,8.76104610686955e-26,2.532626993729167e-25
aug-cc-pvtz-dk,1.9584792396198099,633.0636337205619,2.692911140608818e-26,4.3627826923499484e-26,9.342947732218506e-26,2.6662457769961426e-25
aug-cc-pvtz-dk,1.9604802401200598,632.4174855871396,2.734024757976955e-26,4.625218094658815e-26,1.019769916875229e-25,2.940464436226147e-25
aug-cc-pvtz-dk,1.96248124062031,631.7726551149631,2.6036719793205316e-26,4.819398116064239e-26,1.1314252865432428e-25,3.3613102575133017e-25
aug-cc-pvtz-dk,1.96448224112056,631.1291382775656,2.366708822421044e-26,5.0057461293140273e-26,1.274636037748537e-25,3.933505048265481e-25
aug-cc-pvtz-dk,1.9664832416208105,630.4869310648689,2.657943839041361e-26,5.803526046472244e-26,1.5068933478678028e-25,4.699626735416724e-25
aug-cc-pvtz-dk,1.9684842421210604,629.8460294831003,3.085972241051234e-26,6.804108086351866e-26,1.7810175538368689e-25,5.587525318058995e-25
aug-cc-pvtz-dk,1.9704852426213106,629.2064295547093,3.5460797430462927e-26,7.878887889850769e-26,2.0753087888436416e-25,6.540395355324608e-25
aug-cc-pvtz-dk,1.9724862431215606,628.5681273182855,4.0372136751059123e-26,8.999275138653192e-26,2.3766380722241076e-25,7.504155027739984e-25
aug-cc-pvtz-dk,1.974487243621811,627.9311188284772,4.5574260187445486e-26,1.0134905239462682e-25,2.6714549403949283e-25,8.423498288830193e-25
aug-cc-pvtz-dk,1.9764882441220608,627.2954001559099,5.1008948106235664e-26,1.1252946538504313e-25,2.9468685534823212e-25,9.24816976412863e-25
aug-cc-pvtz-dk,1.9784892446223108,626.660967387105,5.655336205896614e-26,1.2317769972009705e-25,3.1917164558985705e-25,9.938956057399496e-25
aug-cc-pvtz-dk,1.9804902451225612,626.0278166244001,6.734234673275484e-26,1.382262851449951e-25,3.450154248218326e-25,1.0524233789166752e-24
aug-cc-pvtz-dk,1.9824912456228114,625.3959439858693,7.928177736784213e-26,1.53505076321031e-25,3.679861154723124e-25,1.0963723392550758e-24
aug-cc-pvtz-dk,1.9844922461230614,624.7653456052433,8.850919461036342e-26,1.6517216515741042e-25,3.8457962262041057e-25,1.1241171449472066e-24
aug-cc-pvtz-dk,1.9864932466233118,624.1360176318307,9.370663422245754e-26,1.7203015085247471e-25,3.9431405208914428e-25,1.1385703398782163e-24
aug-cc-pvtz-dk,1.9884942471235618,623.5079562304402,9.420685739485604e-26,1.7365141897320816e-25,3.978350572919443e-25,1.1450230187547707e-24
aug-cc-pvtz-dk,1.9904952476238118,622.8811575813019,9.019512964322466e-26,1.7057912793182474e-25,3.970378094400807e-25,1.1507968672732002e-24
aug-cc-pvtz-dk,1.992496248124062,622.2556178799899,8.277387197037219e-26,1.643794615924354e-25,3.950069291105241e-25,1.1646016719169627e-24
aug-cc-pvtz-dk,1.9944972486243124,621.6313333373463,7.903615888995013e-26,1.6266208252688617e-25,4.0084785243037487e-25,1.2006304662468181e-24
aug-cc-pvtz-dk,1.9964982491245622,621.0083001794036,7.950527851543087e-26,1.6654113033034715e-25,4.171147877722394e-25,1.265625701604053e-24
aug-cc-pvtz-dk,1.9984992496248122,620.3865146473091,8.145200898671445e-26,1.7387752189327247e-25,4.4286011594800735e-25,1.3613359675742029e-24
aug-cc-pvtz-dk,2.0005002501250626,619.7659729972493,8.600727827332502e-26,1.8628629596229015e-25,4.804234270507927e-25,1.4907896491628848e-24
aug-cc-pvtz-dk,2.0025012506253126,619.1466715003747,9.425127266313326e-26,2.051731790298909e-25,5.313870365363936e-25,1.6541611615915916e-24
aug-cc-pvtz-dk,2.0045022511255626,618.5286064427253,1.070317376288384e-25,2.3148692414950477e-25,5.962564244058446e-25,1.848519106450582e-24
aug-cc-pvtz-dk,2.006503251625813,617.9117741251557,1.2478508185032064e-25,2.65491206211685e-25,6.742206095265422e-25,2.0678908532528627e-24
aug-cc-pvtz-dk,2.008504252126063,617.2961708632628,1.5214695278205736e-25,3.1132911120348138e-25,7.677286217987378e-25,2.3082610857272085e-24
aug-cc-pvtz-dk,2.010505252626313,616.6817929873102,1.8912448932567274e-25,3.6825497388216134e-25,8.739394024333312e-25,2.5598827983448167e-24
aug-cc-pvtz-dk,2.0125062531265634,616.0686368421575,2.2643157420893336e-25,4.260495489558192e-25,9.80383210636456e-25,2.8038151175515923e-24
aug-cc-pvtz-dk,2.0145072536268134,615.4566987871865,2.6050728036878826e-25,4.800585294824193e-25,1.0801076397472267e-24,3.027564428607123e-24
aug-cc-pvtz-dk,2.0165082541270634,614.8459751962292,2.881976805981191e-25,5.26033098527706e-25,1.1668564179270534e-24,3.2210953833487587e-24
aug-cc-pvtz-dk,2.018509254627314,614.2364624574968,3.0727550370625205e-25,5.6079914233985745e-25,1.2360190323294463e-24,3.3783340843725985e-24
aug-cc-pvtz-dk,2.0205102551275638,613.6281569735082,3.168343003280811e-25,5.828035332341277e-25,1.2854220239756825e-24,3.498280281224676e-24
aug-cc-pvtz-dk,2.0225112556278138,613.021055161019,3.213290142704044e-25,5.962678649806861e-25,1.3196186345154698e-24,3.589256501409897e-24
aug-cc-pvtz-dk,2.024512256128064,612.4151534509513,3.278334019664537e-25,6.085512196060266e-25,1.3473487551996441e-24,3.666153548198388e-24
aug-cc-pvtz-dk,2.026513256628314,611.8104482883239,3.283712019552083e-25,6.1260147216980885e-25,1.3641063257565946e-24,3.732785089324035e-24
aug-cc-pvtz-dk,2.028514257128564,611.2069361321825,3.249607498917613e-25,6.118263132507376e-25,1.3765709856310115e-24,3.804990750066401e-24
aug-cc-pvtz-dk,2.0305152576288146,610.6046134555309,3.206190500075857e-25,6.110210208466186e-25,1.3933044782922938e-24,3.900518180334487e-24
aug-cc-pvtz-dk,2.0325162581290646,610.0034767452621,3.1905154088086985e-25,6.158679209020617e-25,1.423834758528406e-24,4.037050160049934e-24
aug-cc-pvtz-dk,2.0345172586293145,609.40352250209,3.242048310538498e-25,6.322494902575543e-25,1.4775010946345798e-24,4.2300500860870195e-24
aug-cc-pvtz-dk,2.036518259129565,608.8047472404813,3.410032148868058e-25,6.667181763998344e-25,1.5634475141582125e-24,4.49191083833828e-24
aug-cc-pvtz-dk,2.0385192596298145,608.207147488589,3.8511252308523686e-25,7.359616149393346e-25,1.69958941248866e-24,4.840185350725407e-24
aug-cc-pvtz-dk,2.040520260130065,607.6107197881834,4.416448402883502e-25,8.25522392579238e-25,1.871463658888963e-24,5.257107597562795e-24
aug-cc-pvtz-dk,2.0425212606303154,607.0154606945872,5.08109377455482e-25,9.324162890221994e-25,2.0743263149066722e-24,5.731080389226111e-24
aug-cc-pvtz-dk,2.044522261130565,606.4213667766088,5.812379039379215e-25,1.0520224475856385e-24,2.3002805934119416e-24,6.2447441171394074e-24
aug-cc-pvtz-dk,2.0465232616308153,605.8284346164752,6.574830967112821e-25,1.1786961355248582e-24,2.539204195165562e-24,6.776930275948213e-24
aug-cc-pvtz-dk,2.0485242621310658,605.236660809768,7.335092199374554e-25,1.3064879780249685e-24,2.7799696577629342e-24,7.305164995757187e-24
aug-cc-pvtz-dk,2.0505252626313153,604.6460419653574,8.065944017898373e-25,1.4298664892883496e-24,3.0118025621487345e-24,7.808424739703896e-24
aug-cc-pvtz-dk,2.0525262631315657,604.0565747053375,8.748861870633557e-25,1.5443478441467196e-24,3.2256061993183734e-24,8.269805454226819e-24
aug-cc-pvtz-dk,2.054527263631816,603.4682556649622,9.374852059495564e-25,1.6469590025040623e-24,3.4150887866453426e-24,8.678768971271413e-24
aug-cc-pvtz-dk,2.0565282641320657,602.881081492581,9.943689134077891e-25,1.7364927292387135e-24,3.577558668014974e-24,9.032676780538947e-24
aug-cc-pvtz-dk,2.058529264632316,602.2950488495746,1.0462006887440978e-24,1.8135492160033783e-24,3.714299046747511e-24,9.337405867929738e-24
aug-cc-pvtz-dk,2.060530265132566,601.7101544102937,1.0940920032716125e-24,1.8803919185945952e-24,3.8304893142359184e-24,9.606953365098499e-24
aug-cc-pvtz-dk,2.062531265632816,601.1263948619937,1.1393917964865566e-24,1.940668798513122e-24,3.934696580995694e-24,9.862061734665287e-24
aug-cc-pvtz-dk,2.0645322661330665,600.5437669047734,1.1835657809001933e-24,1.9990604449784083e-24,4.0380106251093304e-24,1.0128017856776302e-23
aug-cc-pvtz-dk,2.0665332666333165,599.9622672515129,1.228201006662861e-24,2.0609125167646963e-24,4.15293185682176e-24,1.043188194235138e-23
aug-cc-pvtz-dk,2.0685342671335665,599.3818926278115,1.2751331179539142e-24,2.131893678588953e-24,4.292141361558634e-24,1.0799472613089027e-23
aug-cc-pvtz-dk,2.070535267633817,598.8026397719256,1.3266534478895135e-24,2.2176965224243767e-24,4.467283934947595e-24,1.125246411397569e-23
aug-cc-pvtz-dk,2.072536268134067,598.2245054347092,1.3857197059759346e-24,2.323774376687269e-24,4.687881417435025e-24,1.1805937312043696e-23
aug-cc-pvtz-dk,2.074537268634317,597.6474863795515,1.4560760934894257e-24,2.4550882424124508e-24,4.96046890392258e-24,1.2466670508567939e-23
aug-cc-pvtz-dk,2.0765382691345673,597.0715793823175,1.5421922689404235e-24,2.6158309622097815e-24,5.288016013417498e-24,1.3232367003808858e-23
aug-cc-pvtz-dk,2.0785392696348173,596.4967812312876,1.6489576713820127e-24,2.8091031613729933e-24,5.6696647716122634e-24,1.4091905638857346e-23
aug-cc-pvtz-dk,2.0805402701350673,595.9230887270979,1.7811154461106057e-24,3.0365370831304096e-24,6.1007890577612276e-24,1.5026582272907273e-23
aug-cc-pvtz-dk,2.0825412706353177,595.3504986826807,1.942481010985606e-24,3.2978960972815115e-24,6.573360351149136e-24,1.6012198694118885e-23
aug-cc-pvtz-dk,2.0845422711355677,594.7790079232061,2.1350528579494278e-24,3.590712231713567e-24,7.076590824822299e-24,1.7021763574365376e-23
aug-cc-pvtz-dk,2.0865432716358177,594.2086132860226,2.3581743877762674e-24,3.9100525960981495e-24,7.59781585048609e-24,1.8028507414213142e-23
aug-cc-pvtz-dk,2.088544272136068,593.6393116205987,2.6079329069006265e-24,4.2485190656461666e-24,8.12357063279342e-24,1.9008885542717368e-23
aug-cc-pvtz-dk,2.090545272636318,593.0710997884661,2.8769759947292865e-24,4.5965770790640606e-24,8.640806729903361e-24,1.994525126790026e-23
aug-cc-pvtz-dk,2.092546273136568,592.5039746631604,3.154882234350151e-24,4.943275655934626e-24,9.138181335767634e-24,2.082792221347631e-23
aug-cc-pvtz-dk,2.0945472736368185,591.9379331301648,3.429145481698829e-24,5.277363517281061e-24,9.607335003245493e-24,2.1656430396252568e-23
aug-cc-pvtz-dk,2.0965482741370685,591.3729720868528,3.6867291253041646e-24,5.588732588718601e-24,1.004405402510562e-23,2.2439832183113904e-23
aug-cc-pvtz-dk,2.0985492746373184,590.8090884424315,3.9160348451827295e-24,5.870041906912383e-24,1.0449196399838328e-23,2.319604847192422e-23
aug-cc-pvtz-dk,2.100550275137569,590.2462791178851,4.109028652597874e-24,6.118306714167483e-24,1.0829251319846846e-23,2.3950299046671902e-23
aug-cc-pvtz-dk,2.102551275637819,589.6845410459196,4.26319551651226e-24,6.3361944659058194e-24,1.1196407996121805e-23,2.4732779959791098e-23
aug-cc-pvtz-dk,2.104552276138069,589.1238711709057,4.38296970402098e-24,6.532764358533537e-24,1.1568035781327972e-23,2.5575802547256735e-23
aug-cc-pvtz-dk,2.1065532766383193,588.5642664488245,4.4803217312362526e-24,6.723427437775965e-24,1.1965526589202866e-23,2.651066267760839e-23
aug-cc-pvtz-dk,2.1085542771385692,588.0057238472123,4.574276191452649e-24,6.928990740035381e-24,1.2412521053526353e-23,2.756453620305107e-23
aug-cc-pvtz-dk,2.1105552776388192,587.4482403451054,4.6892790955393616e-24,7.173773340818436e-24,1.2932625489193183e-23,2.875769991765973e-23
aug-cc-pvtz-dk,2.1125562781390697,586.891812932986,4.852510291538128e-24,7.482928814837828e-24,1.354681673899221e-23,3.0101356422223334e-23
aug-cc-pvtz-dk,2.1145572786393196,586.3364386127276,5.090419946269152e-24,7.879255563365097e-24,1.427081228613972e-23,3.159629695345958e-23
aug-cc-pvtz-dk,2.1165582791395696,585.7821143975419,5.4249279620449034e-24,8.379898907642669e-24,1.5112738154271832e-23,3.323257029849509e-23
aug-cc-pvtz-dk,2.11855927963982,585.2288373119244,5.8698323622482794e-24,8.99342300097267e-24,1.6071443008099506e-23,3.49902414645515e-23
aug-cc-pvtz-dk,2.12056028014007,584.6766043916017,6.428003737055307e-24,9.717737967461819e-24,1.713577355471509e-23,3.684122544912662e-23
aug-cc-pvtz-dk,2.12256128064032,584.1254126834787,7.089884730958427e-24,1.0539298744429422e-23,1.8285040481191317e-23,3.875207575299862e-23
aug-cc-pvtz-dk,2.1245622811405704,583.575259245585,7.833666650003138e-24,1.1433848998955205e-23,1.949077064091573e-23,4.068750265019717e-23
aug-cc-pvtz-dk,2.1265632816408204,583.0261411470242,8.627294518005331e-24,1.236878077175952e-23,2.071967354112039e-23,4.2614302835443096e-23
aug-cc-pvtz-dk,2.1285642821410704,582.4780554679201,9.432185647493708e-24,1.3306944026351176e-23,2.19375694696283e-23,4.450531106620575e-23
aug-cc-pvtz-dk,2.130565282641321,581.9309992993659,1.0208273214656292e-23,1.4211504022454946e-23,2.3113858958225782e-23,4.634294676900719e-23
aug-cc-pvtz-dk,2.1325662831415704,581.3849697433733,1.0919748100174139e-23,1.5051245682029888e-23,2.4225986201654462e-23,4.8121933496862545e-23
aug-cc-pvtz-dk,2.134567283641821,580.8399639128193,1.1540709945108013e-23,1.5805597711574828e-23,2.5263287034721918e-23,4.9850822321975486e-23
aug-cc-pvtz-dk,2.1365682841420712,580.2959789313977,1.2059883736489143e-23,1.646862170945313e-23,2.6229632284183488e-23,5.155205232865614e-23
aug-cc-pvtz-dk,2.1385692846423208,579.7530119335673,1.2483628480167244e-23,1.7051296047930905e-23,2.714438599812634e-23,5.326042666709314e-23
aug-cc-pvtz-dk,2.140570285142571,579.211060064501,1.2836658456851687e-23,1.758161768378417e-23,2.804138835147588e-23,5.502005880268541e-23
aug-cc-pvtz-dk,2.1425712856428216,578.6701204800372,1.3160194506519285e-23,1.8102326605703386e-23,2.8965924710641126e-23,5.688003224219651e-23
aug-cc-pvtz-dk,2.144572286143071,578.1301903466294,1.3507624488994346e-23,1.8666391363508664e-23,2.99699237176193e-23,5.888919533566203e-23
aug-cc-pvtz-dk,2.1465732866433216,577.5912668412957,1.3938127553135005e-23,1.9330733169863152e-23,3.110589905926887e-23,6.10906561952508e-23
aug-cc-pvtz-dk,2.148574287143572,577.0533471515715,1.4509049616402506e-23,2.014895926195999e-23,3.242037045160018e-23,6.351662839091099e-23
aug-cc-pvtz-dk,2.1505752876438216,576.5164284754595,1.526805398905253e-23,2.116407582542634e-23,3.3947632082930174e-23,6.61842881132336e-23
aug-cc-pvtz-dk,2.152576288144072,575.9805080213804,1.6246169363388912e-23,2.2402220183936272e-23,3.5704754396871704e-23,6.909322863555165e-23
aug-cc-pvtz-dk,2.1545772886443224,575.4455830081262,1.7452794143943996e-23,2.386837203164341e-23,3.768859599435501e-23,7.222493972214495e-23
aug-cc-pvtz-dk,2.156578289144572,574.911650664811,1.887349143589503e-23,2.554477669692361e-23,3.987537316190562e-23,7.55445115711054e-23
aug-cc-pvtz-dk,2.1585792896448224,574.3787082308227,2.0471047719279778e-23,2.739246474506676e-23,4.2223010221347185e-23,7.900448962204862e-23
aug-cc-pvtz-dk,2.1605802901450724,573.8467529557768,2.218981724774598e-23,2.9355826597994855e-23,4.467611570015887e-23,8.255052154183351e-23
aug-cc-pvtz-dk,2.1625812906453223,573.315782099468,2.396289651329083e-23,3.136975740838741e-23,4.7173049229397337e-23,8.612817909874135e-23
aug-cc-pvtz-dk,2.1645822911455728,572.7857929318234,2.5721238883202325e-23,3.336849121531949e-23,4.9654217699884416e-23,8.969014320450588e-23
aug-cc-pvtz-dk,2.1665832916458228,572.2567827328562,2.7403495688966024e-23,3.5294955745850744e-23,5.2070517573577126e-23,9.320284192532262e-23
aug-cc-pvtz-dk,2.1685842921460727,571.7287487926183,2.8965209974993873e-23,3.710934817094119e-23,5.439076179735023e-23,9.665164938828177e-23
aug-cc-pvtz-dk,2.170585292646323,571.2016884111546,3.0386023814794117e-23,3.8795684531722234e-23,5.660701383591192e-23,1.0004389384914067e-22
aug-cc-pvtz-dk,2.172586293146573,570.6755988984573,3.1673792603192015e-23,4.0365312026175213e-23,5.873699419984355e-23,1.0340917434343038e-22
aug-cc-pvtz-dk,2.174587293646823,570.1504775744191,3.286490348894228e-23,4.185676698547058e-23,6.082309905614772e-23,1.0679681933961758e-22
aug-cc-pvtz-dk,2.1765882941470736,569.6263217687888,3.4020616883154954e-23,4.3331860675209737e-23,6.292802786307656e-23,1.1027069603573812e-22
aug-cc-pvtz-dk,2.1785892946473235,569.1031288211251,3.5219816904236683e-23,4.486841071330073e-23,6.512749472324881e-23,1.1390194531176828e-22
aug-cc-pvtz-dk,2.1805902951475735,568.5808960807525,3.6549086534746606e-23,4.6550530528196986e-23,6.750092774832004e-23,1.1776052310453355e-22
aug-cc-pvtz-dk,2.182591295647824,568.0596209067155,3.809143678473655e-23,4.845776880083848e-23,7.01213778116276e-23,1.2190662810701863e-22
aug-cc-pvtz-dk,2.184592296148074,567.5393006677352,3.9915251724939174e-23,5.065459568828674e-23,7.304601223797499e-23,1.263831550007294e-22
aug-cc-pvtz-dk,2.186593296648324,567.0199327421643,4.2065023311053415e-23,5.318172721987215e-23,7.630853187847599e-23,1.3121021702075832e-22
aug-cc-pvtz-dk,2.1885942971485743,566.5015145179428,4.455523356902414e-23,5.605055804065309e-23,7.991462035872733e-23,1.3638253806770948e-22
aug-cc-pvtz-dk,2.1905952976488243,565.9840433925553,4.7368322765330924e-23,5.924156188614372e-23,8.384113901648255e-23,1.4187015086943587e-22
aug-cc-pvtz-dk,2.1925962981490743,565.4675167729865,5.0457117174135265e-23,6.270697380057844e-23,8.80392722815391e-23,1.4762240032355176e-22
aug-cc-pvtz-dk,2.1945972986493247,564.9519320756781,5.375145849639284e-23,6.637746446631099e-23,9.244127635271224e-23,1.535747990315046e-22
aug-cc-pvtz-dk,2.1965982991495747,564.4372867264859,5.716817002599814e-23,7.017194186422432e-23,9.69699676964741e-23,1.5965787845996129e-22
aug-cc-pvtz-dk,2.1985992996498247,563.9235781606371,6.062300167748885e-23,7.40091533736663e-23,1.0154968274333012e-22,1.6580688276165537e-22
aug-cc-pvtz-dk,2.200600300150075,563.410803822687,6.404289122667487e-23,7.781948200900318e-23,1.0611720743413502e-22,1.7197100830617856e-22
aug-cc-pvtz-dk,2.202601300650325,562.8989611664774,6.737681030094294e-23,8.155527788689858e-23,1.1063115241564186e-22,1.7812092523286893e-22
aug-cc-pvtz-dk,2.204602301150575,562.3880476550942,7.060364444182475e-23,8.519825172604291e-23,1.1507844425922256e-22,1.8425352795509355e-22
aug-cc-pvtz-dk,2.2066033016508255,561.8780607608252,7.373596395126889e-23,8.876285780956652e-23,1.1947699098353453e-22,1.9039322415024545e-22
aug-cc-pvtz-dk,2.2086043021510755,561.3689979651189,7.681911947908134e-23,9.229515401925397e-23,1.238741085835844e-22,1.9658953848233604e-22
aug-cc-pvtz-dk,2.2106053026513255,560.8608567585427,7.992576092935634e-23,9.586726668128596e-23,1.2834088994271176e-22,2.0291131410640907e-22
aug-cc-pvtz-dk,2.212606303151576,560.3536346407415,8.314653401558863e-23,9.956821571489682e-23,1.329632733337083e-22,2.0943827067025733e-22
aug-cc-pvtz-dk,2.214607303651826,559.8473291203975,8.657825984960518e-23,1.0349237943672885e-22,1.378310411719749e-22,2.1625105384071516e-22
aug-cc-pvtz-dk,2.216608304152076,559.3419377151885,9.031126815109582e-23,1.0772722124173399e-22,1.430262811655744e-22,2.2342113313972386e-22
aug-cc-pvtz-dk,2.2186093046523263,558.8374579517474,9.441767970252333e-23,1.1234201113197834e-22,1.486129262894755e-22,2.310019382036473e-22
aug-cc-pvtz-dk,2.2206103051525763,558.3338873656229,9.894229933252086e-23,1.1737913634325584e-22,1.5462884319420574e-22,2.3902246125118126e-22
aug-cc-pvtz-dk,2.2226113056528263,557.8312235012379,1.0389740590317188e-22,1.2284922633874069e-22,1.6108158052010286e-22,2.474842164697182e-22
aug-cc-pvtz-dk,2.2246123061530767,557.3294639118506,1.0926216488797682e-22,1.2873077132852864e-22,1.679483699423312e-22,2.563619816135805e-22
aug-cc-pvtz-dk,2.2266133066533267,556.8286061595147,1.1498672403171627e-22,1.3497426954255825e-22,1.7518036818271462e-22,2.65608218809283e-22
aug-cc-pvtz-dk,2.2286143071535767,556.3286478150393,1.210003805245642e-22,1.415102905382388e-22,1.8271052512865476e-22,2.751605555504759e-22
aug-cc-pvtz-dk,2.230615307653827,555.8295864579501,1.2722262727671002e-22,1.4826028428463374e-22,1.9046394905015005e-22,2.849512771240191e-22
aug-cc-pvtz-dk,2.2326163081540766,555.3314196764509,1.3357548077253555e-22,1.5514857967100394e-22,1.983692892572805e-22,2.9491750020991057e-22
aug-cc-pvtz-dk,2.234617308654327,554.834145067383,1.3999532196575157e-22,1.621138570912915e-22,2.063695200136202e-22,3.0501060494349807e-22
aug-cc-pvtz-dk,2.2366183091545775,554.3377602361887,1.4644256833978536e-22,1.691184699208572e-22,2.14430606313144e-22,3.152036128531199e-22
aug-cc-pvtz-dk,2.238619309654827,553.8422627968715,1.5290782507954516e-22,1.761543143358146e-22,2.2254684720094666e-22,3.254954949545122e-22
aug-cc-pvtz-dk,2.2406203101550775,553.347650371958,1.5941368601073417e-22,1.8324445691685448e-22,2.3074217868589988e-22,3.3591183491733446e-22
aug-cc-pvtz-dk,2.242621310655328,552.8539205924603,1.6601199224650602e-22,1.9044034877011245e-22,2.3906730407317334e-22,3.4650179275590043e-22
aug-cc-pvtz-dk,2.2446223111555774,552.3610710978382,1.727770138327909e-22,1.9781509194387276e-22,2.4759311869520777e-22,3.573318395485963e-22
aug-cc-pvtz-dk,2.246623311655828,551.8690995359608,1.7979560059515029e-22,2.0545378539790147e-22,2.5640142114984713e-22,3.68477187426169e-22
aug-cc-pvtz-dk,2.2486243121560783,551.37800356307,1.8715576872206668e-22,2.1344238246080984e-22,2.6557427846906357e-22,3.800121563574416e-22
aug-cc-pvtz-dk,2.250625312656328,550.8877808437431,1.9493538997926306e-22,2.218566823957303e-22,2.7518358507551533e-22,3.9200085521449454e-22
aug-cc-pvtz-dk,2.2526263131565782,550.3984290508549,2.0319260473300582e-22,2.307530304649946e-22,2.8528230226266785e-22,4.0448949109067306e-22
aug-cc-pvtz-dk,2.2546273136568282,549.9099458655425,2.1195929880743406e-22,2.401620244133896e-22,2.95898597034453e-22,4.175013690285833e-22
aug-cc-pvtz-dk,2.256628314157078,549.422328977167,2.2123851289907737e-22,2.500860647955632e-22,3.070336587252958e-22,4.31035242787484e-22
aug-cc-pvtz-dk,2.2586293146573286,548.935576083278,2.3100606449320526e-22,2.605010127753425e-22,3.1866342599091707e-22,4.450671861712087e-22
aug-cc-pvtz-dk,2.2606303151575786,548.4496848895774,2.412160447660648e-22,2.7136161822368834e-22,3.3074388716880536e-22,4.595556463509207e-22
aug-cc-pvtz-dk,2.2626313156578286,547.9646531098829,2.518092982227048e-22,2.8260984192223405e-22,3.4321910752963165e-22,4.744488897753471e-22
aug-cc-pvtz-dk,2.264632316158079,547.4804784660923,2.627235811576497e-22,2.9418479644409846e-22,3.560307611768038e-22,4.896937225236287e-22
aug-cc-pvtz-dk,2.266633316658329,546.9971586881483,2.739038839409932e-22,3.0603282662462717e-22,3.6912775584740267e-22,5.052442063365937e-22
aug-cc-pvtz-dk,2.268634317158579,546.5146915140023,2.853114181595269e-22,3.1811626813181873e-22,3.8247455965785474e-22,5.210691196649617e-22
aug-cc-pvtz-dk,2.2706353176588294,546.0330746895792,2.969300050233631e-22,3.3041965383347445e-22,3.9605706237903258e-22,5.371571223980819e-22
aug-cc-pvtz-dk,2.2726363181590794,545.5523059687431,3.087690160343208e-22,3.429525432590411e-22,4.098851927200491e-22,5.535189394174165e-22
aug-cc-pvtz-dk,2.2746373186593294,545.0723831132615,3.2086254489265113e-22,3.5574866631131383e-22,4.239920062590932e-22,5.701863265993129e-22
aug-cc-pvtz-dk,2.27663831915958,544.5933038927708,3.3326504996522495e-22,3.6886161950762144e-22,4.384294809065904e-22,5.872080556761724e-22
aug-cc-pvtz-dk,2.27863931965983,544.115066084742,3.4604421559729194e-22,3.8235784975476155e-22,4.53261730377331e-22,6.04643581501059e-22
aug-cc-pvtz-dk,2.28064032016008,543.6376674744462,3.5927216424687964e-22,3.9630803491978917e-22,4.685567024373884e-22,6.225553749813371e-22
aug-cc-pvtz-dk,2.28264132066033,543.1611058549199,3.7301635666651833e-22,4.1077817032449106e-22,4.843776181697426e-22,6.41001072701342e-22
aug-cc-pvtz-dk,2.28464232116058,542.6853790269323,3.8733151905920326e-22,4.258216712302569e-22,5.00775407732624e-22,6.600265889870552e-22
aug-cc-pvtz-dk,2.28664332166083,542.2104847989499,4.0225374027797464e-22,4.414736091836221e-22,5.177832125479936e-22,6.796611629481518e-22
aug-cc-pvtz-dk,2.2886443221610806,541.7364209871038,4.1779752399334192e-22,4.5774784916965125e-22,5.354136863816714e-22,6.999150017236377e-22
aug-cc-pvtz-dk,2.2906453226613306,541.2631854151562,4.3395611872207255e-22,4.746374019163374e-22,5.536593928831271e-22,7.2077978137143095e-22
aug-cc-pvtz-dk,2.2926463231615806,540.7907759144665,4.507049547566856e-22,4.921178218665134e-22,5.724961322890306e-22,7.4223184006805305e-22
aug-cc-pvtz-dk,2.294647323661831,540.319190323959,4.6800756583001e-22,5.101530391736635e-22,5.918886050552736e-22,7.642375084017466e-22
aug-cc-pvtz-dk,2.296648324162081,539.8484264900893,4.85823030409035e-22,5.287026778845918e-22,6.117974969574879e-22,7.867597252113457e-22
aug-cc-pvtz-dk,2.298649324662331,539.3784822668117,5.041137800226011e-22,5.477297285708131e-22,6.321868933502256e-22,8.097649258005067e-22
aug-cc-pvtz-dk,2.3006503251625814,538.9093555155468,5.228526122700652e-22,5.67207434041777e-22,6.530309211600406e-22,8.332291823600466e-22
aug-cc-pvtz-dk,2.3026513256628314,538.4410441051488,5.42027909019397e-22,5.871244065656926e-22,6.743186714035804e-22,8.571427203537946e-22
aug-cc-pvtz-dk,2.3046523261630814,537.9735459118732,5.616463650136534e-22,6.074872942105757e-22,6.9605674390396915e-22,8.81512203372926e-22
aug-cc-pvtz-dk,2.306653326663332,537.506858819345,5.81732927802447e-22,6.283207027041114e-22,7.182691316245781e-22,9.063605286384135e-22
aug-cc-pvtz-dk,2.3086543271635818,537.0409807185265,6.0232807405168715e-22,6.496644962434023e-22,7.409945655520212e-22,9.317242513457589e-22
aug-cc-pvtz-dk,2.3106553276638317,536.5759095076857,6.23482935493125e-22,6.715689827196012e-22,7.642818112332454e-22,9.576491016528826e-22
aug-cc-pvtz-dk,2.312656328164082,536.1116430923641,6.452530836398252e-22,6.940887803175907e-22,7.881836910528414e-22,9.841843229843514e-22
aug-cc-pvtz-dk,2.314657328664332,535.6481793853468,6.676919456417454e-22,7.172763236419488e-22,8.127507633655224e-22,1.011376707899945e-21
aug-cc-pvtz-dk,2.316658329164582,535.1855163066292,6.908448355721038e-22,7.411759797821672e-22,8.380256022673765e-22,1.0392652202743651e-21
aug-cc-pvtz-dk,2.3186593296648326,534.7236517833873,7.147444507935491e-22,7.658196125304584e-22,8.640384940308602e-22,1.06787697298564e-21
aug-cc-pvtz-dk,2.3206603301650826,534.2625837499461,7.394084283985234e-22,7.912241822352428e-22,8.908051228407644e-22,1.0972251013542298e-21
aug-cc-pvtz-dk,2.3226613306653325,533.8023101477493,7.648392254198946e-22,8.173916420884483e-22,9.183265005388466e-22,1.1273087723571912e-21
aug-cc-pvtz-dk,2.324662331165583,533.342828925328,7.910262314705788e-22,8.443110410865486e-22,9.46591053130534e-22,1.1581152455056213e-21
aug-cc-pvtz-dk,2.3266633316658325,532.8841380382714,8.179496977203829e-22,8.719624227877365e-22,9.755784627702294e-22,1.1896236023042406e-21
aug-cc-pvtz-dk,2.328664332166083,532.4262354491945,8.455858185950537e-22,9.003218637599346e-22,1.0052646233045745e-21,1.2218095307969607e-21
aug-cc-pvtz-dk,2.3306653326663334,531.9691191277097,8.739121653934382e-22,9.29366859175049e-22,1.0356269326763679e-21,1.2546504212479641e-21
aug-cc-pvtz-dk,2.332666333166583,531.5127870503968,9.029126591082241e-22,9.590812503801802e-22,1.0666491317150036e-21,1.2881300137137311e-21
aug-cc-pvtz-dk,2.3346673336668333,531.0572372007714,9.325813785258437e-22,9.894589962161833e-22,1.098325002399634e-21,1.3222419355158784e-21
aug-cc-pvtz-dk,2.3366683341670837,530.602467569257,9.629247067504635e-22,1.0205062944268723e-21,1.1306604385571754e-21,1.3569916571619754e-21
aug-cc-pvtz-dk,2.3386693346673333,530.1484761531551,9.939615886843987e-22,1.0522418262945761e-21,1.163673663769676e-21,1.3923966467791288e-21
aug-cc-pvtz-dk,2.3406703351675837,529.6952609566147,1.025721960342827e-21,1.0846951837879415e-21,1.1973936531111703e-21,1.428484775710182e-21
aug-cc-pvtz-dk,2.342671335667834,529.2428199906042,1.0582436743694397e-21,1.1179038005620754e-21,1.2318570744716279e-21,1.4652912803827064e-21
aug-cc-pvtz-dk,2.3446723361680837,528.7911512728825,1.0915684471159651e-21,1.1519089086426425e-21,1.2671042645448464e-21,1.502854781651448e-21
aug-cc-pvtz-dk,2.346673336668334,528.3402528279685,1.1257374650181317e-21,1.1867511553824686e-21,1.3031748678528352e-21,1.5412129764153903e-21
aug-cc-pvtz-dk,2.348674337168584,527.890122687114,1.1607873003877962e-21,1.2224665287277356e-21,1.3401037824974056e-21,1.5803986348320038e-21
aug-cc-pvtz-dk,2.350675337668834,527.4407588882741,1.1967467033944124e-21,1.2590831568801578e-21,1.3779179769581247e-21,1.6204364620172965e-21
aug-cc-pvtz-dk,2.3526763381690845,526.9921594760791,1.2336346761858817e-21,1.2966193889663107e-21,1.4166345853526093e-21,1.6613412314759417e-21
aug-cc-pvtz-dk,2.3546773386693345,526.5443225018058,1.2714600254360886e-21,1.335083354619493e-21,1.4562604817772477e-21,1.7031173949344752e-21
aug-cc-pvtz-dk,2.3566783391695845,526.0972460233496,1.3102223651302e-21,1.374473976235251e-21,1.4967933109823348e-21,1.745760152065172e-21
aug-cc-pvtz-dk,2.358679339669835,525.6509281051962,1.3499143360423281e-21,1.4147832019319345e-21,1.538223746376844e-21,1.7892577569772947e-21
aug-cc-pvtz-dk,2.360680340170085,525.2053668183937,1.3905246508600726e-21,1.4559990687542653e-21,1.5805385861554841e-21,1.8335946753958055e-21
aug-cc-pvtz-dk,2.362681340670335,524.7605602405251,1.4320414838391973e-21,1.498109114202362e-21,1.6237242043993953e-21,1.8787551080434973e-21
aug-cc-pvtz-dk,2.3646823411705853,524.3165064556802,1.4744557093593536e-21,1.541103638203671e-21,1.66776985536346e-21,1.9247263720301585e-21
aug-cc-pvtz-dk,2.3666833416708353,523.8732035544282,1.517763551116303e-21,1.5849783738371445e-21,1.712670383143124e-21,1.9715016816114594e-21
aug-cc-pvtz-dk,2.3686843421710853,523.430649633791,1.5619683189014538e-21,1.629736239743524e-21,1.758428002361125e-21,2.0190819805241783e-21
aug-cc-pvtz-dk,2.3706853426713357,522.9888427972146,1.6070810615574496e-21,1.6753879989772322e-21,1.8050529675731662e-21,2.067476630195603e-21
aug-cc-pvtz-dk,2.3726863431715857,522.5477811545435,1.6531201277747637e-21,1.7219518131323857e-21,1.8525631149227784e-21,2.1167029269240705e-21
aug-cc-pvtz-dk,2.3746873436718356,522.1074628219928,1.7001097764387552e-21,1.7694518323180518e-21,1.9009824143896997e-21,2.166784581550154e-21
aug-cc-pvtz-dk,2.376688344172086,521.6678859221216,1.7480780949481554e-21,1.8179160804013527e-21,1.950338793735719e-21,2.217749425299733e-21
aug-cc-pvtz-dk,2.378689344672336,521.2290485838065,1.797054553853579e-21,1.8673739670695576e-21,2.000661571482509e-21,2.2696266896545186e-21
aug-cc-pvtz-dk,2.380690345172586,520.7909489422148,1.8470675440841704e-21,1.9178537780658973e-21,2.051978859605323e-21,2.3224442385087117e-21
aug-cc-pvtz-dk,2.3826913456728365,520.353585138778,1.8981422119116906e-21,1.9693804650425618e-21,2.104315269036568e-21,2.3762261080948268e-21
aug-cc-pvtz-dk,2.3846923461730865,519.9169553211664,1.9502988364959745e-21,2.0219739864480702e-21,2.1576901816572312e-21,2.43099064230307e-21
aug-cc-pvtz-dk,2.3866933466733364,519.4810576432614,2.0035518998340878e-21,2.0756483550935693e-21,2.2121167553710404e-21,2.486749411743592e-21
aug-cc-pvtz-dk,2.388694347173587,519.0458902651309,2.057909895537838e-21,2.1304114429339146e-21,2.2676017206268827e-21,2.5435069908654376e-21
aug-cc-pvtz-dk,2.390695347673837,518.6114513530027,2.1133758265505195e-21,2.1862654948476443e-21,2.3241459234915497e-21,2.6012615555159836e-21
aug-cc-pvtz-dk,2.392696348174087,518.177739079239,2.1699482649745243e-21,2.243208223454968e-21,2.3817454853886223e-21,2.6600061680702432e-21
aug-cc-pvtz-dk,2.3946973486743373,517.7447516223103,2.227622797236534e-21,2.301234304321673e-21,2.440393391754897e-21,2.719730549085033e-21
aug-cc-pvtz-dk,2.3966983491745872,517.312487166771,2.2863936572743966e-21,2.360337068093035e-21,2.500081294759998e-21,2.780423098582442e-21
aug-cc-pvtz-dk,2.3986993496748372,516.8809439032325,2.346255356882383e-21,2.4205101911329994e-21,2.5608013175132558e-21,2.8420729265565576e-21
aug-cc-pvtz-dk,2.4007003501750876,516.4501200283391,2.4072041497484754e-21,2.481749213286231e-21,2.6225476734641537e-21,2.904671676693211e-21
aug-cc-pvtz-dk,2.4027013506753376,516.0200137447429,2.469239206006948e-21,2.5440527524455882e-21,2.6853179571376826e-21,2.9682149720935805e-21
aug-cc-pvtz-dk,2.4047023511755876,515.5906232610776,2.53236341901624e-21,2.6074233322904153e-21,2.7491140123409993e-21,3.0327033681023183e-21
aug-cc-pvtz-dk,2.406703351675838,515.1619467919351,2.596583808565807e-21,2.671867784608135e-21,2.8139423337969635e-21,3.0981427565175255e-21
aug-cc-pvtz-dk,2.408704352176088,514.73398255784,2.661911520185879e-21,2.7373972260187636e-21,2.8798140021011292e-21,3.1645442204372573e-21
aug-cc-pvtz-dk,2.410705352676338,514.3067287852251,2.728361446828294e-21,2.804026638410148e-21,2.9467441868793842e-21,3.231923385088142e-21
aug-cc-pvtz-dk,2.4127063531765884,513.8801837064067,2.7959515175950088e-21,2.8717741032399234e-21,3.014751278538189e-21,3.3002993450832956e-21
aug-cc-pvtz-dk,2.4147073536768384,513.4543455595608,2.864701710880734e-21,2.9406597541991617e-21,3.0838557265322615e-21,3.369693272806198e-21
aug-cc-pvtz-dk,2.4167083541770884,513.029212588698,2.9346328594055643e-21,3.010704523488852e-21,3.154078674135062e-21,3.4401268276247235e-21
aug-cc-pvtz-dk,2.418709354677339,512.60478304364,3.0057653248108422e-21,3.0819287667408834e-21,3.225440488761352e-21,3.511620493551496e-21
aug-cc-pvtz-dk,2.4207103551775884,512.181055179996,3.078117631027068e-21,3.1543508617637096e-21,3.2979592944646674e-21,3.5841919755611834e-21
aug-cc-pvtz-dk,2.422711355677839,511.7580272591369,3.1517051578051206e-21,3.227985886345371e-21,3.3716496192729733e-21,3.65785478282076e-21
aug-cc-pvtz-dk,2.4247123561780892,511.33569754817404,3.226539006006301e-21,3.3028444879999563e-21,3.4465212728369506e-21,3.7326171200995654e-21
aug-cc-pvtz-dk,2.4267133566783388,510.9140643199341,3.302625150464298e-21,3.378932060154611e-21,3.522578566499165e-21,3.808481195069784e-21
aug-cc-pvtz-dk,2.428714357178589,510.4931258529351,3.379963990020727e-21,3.45624833075397e-21,3.599819974938941e-21,3.885443027080178e-21
aug-cc-pvtz-dk,2.4307153576788396,510.0728804313644,3.458550384021563e-21,3.534787447225429e-21,3.678238313191005e-21,3.963492810663568e-21
aug-cc-pvtz-dk,2.432716358179089,509.65332634505455,3.538374228372215e-21,3.614538604622402e-21,3.757821463875544e-21,4.042615844142175e-21
aug-cc-pvtz-dk,2.4347173586793396,509.2344618894596,3.619421573183841e-21,3.695487212616557e-21,3.838553638137447e-21,4.122793981802837e-21
aug-cc-pvtz-dk,2.43671835917959,508.81628536563323,3.701676222248483e-21,3.777616535941912e-21,3.920417094088539e-21,4.2040075111085234e-21
aug-cc-pvtz-dk,2.4387193596798395,508.39879508020516,3.785121689111101e-21,3.860909678806231e-21,4.003394175094501e-21,4.2862373003407465e-21
aug-cc-pvtz-dk,2.44072036018009,507.98198934535765,3.869743324481839e-21,3.945351725569697e-21,4.0874694755035545e-21,4.3694670144932984e-21
aug-cc-pvtz-dk,2.44272136068034,507.565866478804,3.955530385001179e-21,4.030931807231567e-21,4.172631902450193e-21,4.453685166167568e-21
aug-cc-pvtz-dk,2.44472236118059,507.15042480376513,4.04247779288333e-21,4.117644844649011e-21,4.258876387360156e-21,4.538886760750915e-21
aug-cc-pvtz-dk,2.4467233616808404,506.735662648947,4.130587346120126e-21,4.205492731114089e-21,4.346205015468273e-21,4.625074316087261e-21
aug-cc-pvtz-dk,2.4487243621810904,506.3215783485189,4.2198681822356265e-21,4.294484761280925e-21,4.434627388067547e-21,4.7122580875144605e-21
aug-cc-pvtz-dk,2.4507253626813403,505.90817024209025,4.310336372802859e-21,4.384637188144628e-21,4.5241601078504075e-21,4.800455406698004e-21
aug-cc-pvtz-dk,2.4527263631815908,505.49543667468896,4.402013623977993e-21,4.475971887733956e-21,4.614825375482236e-21,4.889689140011924e-21
aug-cc-pvtz-dk,2.4547273636818407,505.08337599673933,4.4949251688789e-21,4.56851422116466e-21,4.7066487943706246e-21,4.97998537849825e-21
aug-cc-pvtz-dk,2.4567283641820907,504.6719865640399,4.5890970465996715e-21,4.662290291697787e-21,4.7996565866899526e-21,5.071370573425252e-21
aug-cc-pvtz-dk,2.458729364682341,504.26126673774155,4.684553054936901e-21,4.75732388553679e-21,4.893872512473162e-21,5.163868415207941e-21
aug-cc-pvtz-dk,2.460730365182591,503.85121488432605,4.7813117256639735e-21,4.853633445597588e-21,4.989314841629465e-21,5.257496806291078e-21
aug-cc-pvtz-dk,2.462731365682841,503.441829375584,4.8793836919030285e-21,4.951229447022245e-21,5.085993746008628e-21,5.3522652910908215e-21
aug-cc-pvtz-dk,2.4647323661830915,503.03310858859345,4.978769791335192e-21,5.050112516425155e-21,5.183909449992611e-21,5.448173273644323e-21
aug-cc-pvtz-dk,2.4667333666833415,502.62505090569863,5.079460177283098e-21,5.150272564468494e-21,5.283051404422511e-21,5.5452092774344775e-21
aug-cc-pvtz-dk,2.4687343671835915,502.2176547144884,5.181434599036853e-21,5.251689090344092e-21,5.3833986370223936e-21,5.643351389143886e-21
aug-cc-pvtz-dk,2.470735367683842,501.8109184077748,5.284663875748708e-21,5.354332679667944e-21,5.48492129543497e-21,5.74256889138227e-21
aug-cc-pvtz-dk,2.472736368184092,501.4048403835727,5.3891124414966524e-21,5.458167570843677e-21,5.587583253138166e-21,5.84282494513396e-21
aug-cc-pvtz-dk,2.474737368684342,500.99941904507784,5.494741701391498e-21,5.563155027744928e-21,5.6913455123674735e-21,5.944080048984974e-21
aug-cc-pvtz-dk,2.4767383691845923,500.5946528006463,5.601513828065663e-21,5.66925714671899e-21,5.796170029688249e-21,6.0462958967103965e-21
aug-cc-pvtz-dk,2.4787393696848423,500.19054006377394,5.7093955597512185e-21,5.77644065855982e-21,5.9020235240116734e-21,6.149439192118425e-21
aug-cc-pvtz-dk,2.4807403701850923,499.7870792530752,5.818361545552396e-21,5.884680271274996e-21,6.008880813500418e-21,6.253484969673603e-21
aug-cc-pvtz-dk,2.4827413706853427,499.3842687922627,5.928396823998265e-21,5.993961140654495e-21,6.116727270290391e-21,6.35841901438102e-21
aug-cc-pvtz-dk,2.4847423711855927,498.98210711012683,6.0394981139078274e-21,6.1042801491530575e-21,6.225560076453106e-21,6.464239070667817e-21
aug-cc-pvtz-dk,2.4867433716858427,498.580592640515,6.151673731553555e-21,6.215645808910595e-21,6.33538810053682e-21,6.570954666806351e-21
aug-cc-pvtz-dk,2.488744372186093,498.17972382231153,6.264942109042027e-21,6.328076765795142e-21,6.446230375242603e-21,6.678585542627088e-21
aug-cc-pvtz-dk,2.490745372686343,497.77949909941754,6.379329056138396e-21,6.4415990485466074e-21,6.558113323696097e-21,6.787158834297378e-21
aug-cc-pvtz-dk,2.492746373186593,497.37991692073047,6.494864060760361e-21,6.556242359759558e-21,6.671067033741347e-21,6.896705320302196e-21
aug-cc-pvtz-dk,2.4947473736868435,496.9809757401243,6.611576042934855e-21,6.672035824488243e-21,6.785120997716774e-21,7.007255148670043e-21
aug-cc-pvtz-dk,2.4967483741870935,496.58267401642956,6.729489048038038e-21,6.789003682644378e-21,6.900299804358213e-21,7.118833532289988e-21
aug-cc-pvtz-dk,2.4987493746873435,496.1850102134134,6.848618378462803e-21,6.907161424006287e-21,7.016619280882143e-21,7.231456908234996e-21
aug-cc-pvtz-dk,2.500750375187594,495.7879827997599,6.968967616431499e-21,7.026512817611394e-21,7.13408353514295e-21,7.345130006851095e-21
aug-cc-pvtz-dk,2.502751375687844,495.3915902490505,7.090526889837862e-21,7.147048185993454e-21,7.252683245615956e-21,7.459844172845144e-21
aug-cc-pvtz-dk,2.504752376188094,494.99583103974436,7.21327258979881e-21,7.268744131260414e-21,7.372395403067235e-21,7.575577136139282e-21
aug-cc-pvtz-dk,2.5067533766883443,494.6007036551586,7.337168580256414e-21,7.391564751666383e-21,7.493184539482012e-21,7.692294262309642e-21
aug-cc-pvtz-dk,2.5087543771885943,494.2062065834496,7.462168766752183e-21,7.515464214379194e-21,7.615005307411762e-21,7.809951141246833e-21
aug-cc-pvtz-dk,2.5107553776888443,493.8123383175931,7.588220734164716e-21,7.640390393317497e-21,7.737806117035479e-21,7.928497218788919e-21
aug-cc-pvtz-dk,2.5127563781890947,493.41909735536524,7.715270040470764e-21,7.766289158871637e-21,7.861533417425317e-21,8.047880057731879e-21
aug-cc-pvtz-dk,2.5147573786893442,493.0264821993237,7.84326467984928e-21,7.893108833321534e-21,7.986136136867898e-21,8.168049745573225e-21
aug-cc-pvtz-dk,2.5167583791895947,492.6344913567879,7.972159212040383e-21,8.020804310048668e-21,8.111569782634169e-21,8.28896295421206e-21
aug-cc-pvtz-dk,2.518759379689845,492.2431233398212,8.101918097155075e-21,8.149340377452265e-21,8.237799744350078e-21,8.41058620227174e-21
aug-cc-pvtz-dk,2.5207603801900946,491.8523766652114,8.232517870415496e-21,8.278693884034514e-21,8.364803441138672e-21,8.532897967466509e-21
aug-cc-pvtz-dk,2.522761380690345,491.4622498544517,8.363947927623774e-21,8.408854517391884e-21,8.49257108885437e-21,8.65588943219736e-21
aug-cc-pvtz-dk,2.5247623811905955,491.0727414337229,8.496209852848512e-21,8.539824130166443e-21,8.621105023322939e-21,8.77956380363385e-21
aug-cc-pvtz-dk,2.526763381690845,490.6838499338745,8.629315385604279e-21,8.671614711137464e-21,8.750417679381354e-21,8.903934310928158e-21
aug-cc-pvtz-dk,2.5287643821910955,490.29557389040554,8.763283276168346e-21,8.80424525014653e-21,8.880528474426379e-21,9.029021127991515e-21
aug-cc-pvtz-dk,2.530765382691346,489.90791184344727,8.898135397258679e-21,8.937737864205364e-21,9.01145996212076e-21,9.154847583882227e-21
aug-cc-pvtz-dk,2.5327663831915954,489.52086233774446,9.03389255488673e-21,9.072113625877788e-21,9.143233694081724e-21,9.281436092027479e-21
aug-cc-pvtz-dk,2.534767383691846,489.13442392263664,9.170570463270569e-21,9.20738855646901e-21,9.275866247658774e-21,9.408804247585428e-21
aug-cc-pvtz-dk,2.536768384192096,488.74859515204105,9.308176317163796e-21,9.343570214723605e-21,9.409365845528983e-21,9.536961508870007e-21
aug-cc-pvtz-dk,2.538769384692346,488.36337458443353,9.4467063151321e-21,9.480655232001733e-21,9.543729913289523e-21,9.665906799621093e-21
aug-cc-pvtz-dk,2.5407703851925962,487.9787607828312,9.586144370063094e-21,9.61862802814674e-21,9.678943805392788e-21,9.795627254903286e-21
aug-cc-pvtz-dk,2.542771385692846,487.5947523147747,9.72646210349443e-21,9.757460803385755e-21,9.814980792449822e-21,9.926098199148655e-21
aug-cc-pvtz-dk,2.544772386193096,487.21134775230985,9.867620075274927e-21,9.897114757589946e-21,9.951803260883943e-21,1.0057284306677781e-20
aug-cc-pvtz-dk,2.5467733866933466,486.8285456719701,1.0009570066717272e-20,1.0037542355991744e-20,1.0089364945792987e-20,1.0189141769036495e-20
aug-cc-pvtz-dk,2.5487743871935966,486.44634465475957,1.0152258128734753e-20,1.017869035482091e-20,1.0227613914169821e-20,1.0321621193560767e-20
aug-cc-pvtz-dk,2.5507753876938466,486.06474328613456,1.029562803761522e-20,1.0320503232256243e-20,1.0366495949018492e-20,1.0454670893838721e-20
aug-cc-pvtz-dk,2.552776388194097,485.68374015598664,1.043962477615343e-20,1.0462926645554544e-20,1.0505957961117712e-20,1.0588240210458633e-20
aug-cc-pvtz-dk,2.554777388694347,485.3033338586254,1.0584197677347681e-20,1.0605910554655031e-20,1.064595107454174e-20,1.0722282519681539e-20
aug-cc-pvtz-dk,2.556778389194597,484.92352299276075,1.0729302926894505e-20,1.0749411711094054e-20,1.0786433089678303e-20,1.0856757643574372e-20
aug-cc-pvtz-dk,2.5587793896948474,484.5443061614858,1.0874905209908406e-20,1.0893395299392864e-20,1.0927370114202288e-20,1.0991633458737246e-20
aug-cc-pvtz-dk,2.5607803901950974,484.1656819722602,1.1020978394187788e-20,1.1037835623862463e-20,1.1068737256168265e-20,1.112688660040042e-20
aug-cc-pvtz-dk,2.5627813906953474,483.78764903689245,1.1167505253116371e-20,1.1182715843342766e-20,1.1210518380718855e-20,1.1262502261587549e-20
aug-cc-pvtz-dk,2.564782391195598,483.4102059715233,1.1314476332592113e-20,1.1328026856594882e-20,1.1352705030036052e-20,1.1398473181052654e-20
aug-cc-pvtz-dk,2.566783391695848,483.03335139660885,1.1461888147026151e-20,1.1473765520870082e-20,1.1495294684365101e-20,1.1534797988670204e-20
aug-cc-pvtz-dk,2.5687843921960978,482.65708393690363,1.1609740941715133e-20,1.1619932437969347e-20,1.1638288592824409e-20,1.1671479125956434e-20
aug-cc-pvtz-dk,2.570785392696348,482.28140222144384,1.1758036279236303e-20,1.1766529562418339e-20,1.1781689422933146e-20,1.1808520579322638e-20
aug-cc-pvtz-dk,2.572786393196598,481.906304883531,1.190677469679325e-20,1.1913557876054521e-20,1.1925498968170335e-20,1.1945925655338055e-20
aug-cc-pvtz-dk,2.574787393696848,481.53179056071497,1.2055953644392364e-20,1.2061015337023324e-20,1.2069716117961369e-20,1.2083694995003946e-20
aug-cc-pvtz-dk,2.5767883941970986,481.1578578947777,1.2205565858047091e-20,1.2208895256475082e-20,1.221433524160381e-20,1.2221824974704536e-20
aug-cc-pvtz-dk,2.5787893946973486,480.7845055317168,1.2355598257204448e-20,1.2357185192301571e-20,1.2359345075660294e-20,1.2360306583404793e-20
aug-cc-pvtz-dk,2.5807903951975986,480.411732121729,1.250603139075402e-20,1.2505866385377126e-20,1.2504728142285676e-20,1.2499124807234403e-20
aug-cc-pvtz-dk,2.582791395697849,480.0395363191942,1.2656839399604363e-20,1.2654913708123076e-20,1.2650460671699782e-20,1.2638258501181422e-20
aug-cc-pvtz-dk,2.584792396198099,479.6679167826592,1.2807990421899688e-20,1.2804296053702643e-20,1.2796512961286323e-20,1.2777680688551828e-20
aug-cc-pvtz-dk,2.586793396698349,479.29687217482115,1.2959447342541181e-20,1.2953977069775296e-20,1.2942850079509955e-20,1.2917359204870768e-20
aug-cc-pvtz-dk,2.5887943971985994,478.92640116251204,1.311116878170786e-20,1.310391613345224e-20,1.3089432814989375e-20,1.3057257594046453e-20
aug-cc-pvtz-dk,2.5907953976988494,478.55650241668275,1.3263110224702492e-20,1.3254069471136032e-20,1.3236218777021818e-20,1.319733616852215e-20
aug-cc-pvtz-dk,2.5927963981990994,478.1871746123866,1.3415225212840496e-20,1.3404391343576232e-20,1.3383163569119921e-20,1.3337553157717867e-20
aug-cc-pvtz-dk,2.5947973986993498,477.8184164287642,1.3567466536453638e-20,1.3554835237066326e-20,1.3530221976286721e-20,1.3477865885399291e-20
aug-cc-pvtz-dk,2.5967983991995998,477.45022654902715,1.3719787390776994e-20,1.370535502075715e-20,1.3677349124578394e-20,1.3618231931959412e-20
aug-cc-pvtz-dk,2.5987993996998497,477.0826036604427,1.387214246911337e-20,1.3855906043259063e-20,1.3824501583875502e-20,1.3758610248248216e-20
aug-cc-pvtz-dk,2.6008004002001,476.7155464543181,1.4024488972782768e-20,1.4006446146667567e-20,1.3971638389435997e-20,1.389896219151922e-20
aug-cc-pvtz-dk,2.60280140070035,476.349053625985,1.417678751387211e-20,1.415693657278832e-20,1.411872195466909e-20,1.403925245126428e-20
aug-cc-pvtz-dk,2.6048024012006,475.9831238747839,1.4329002876860223e-20,1.430734272676987e-20,1.426571883867892e-20,1.417944982507195e-20
aug-cc-pvtz-dk,2.6068034017008506,475.6177559040491,1.4481104592731662e-20,1.4457634751415952e-20,1.4412600321163207e-20,1.43195277955501e-20
aug-cc-pvtz-dk,2.6088044022011,475.25294842109304,1.4633067269066966e-20,1.460778785588912e-20,1.455934272874964e-20,1.4459464852931784e-20
aug-cc-pvtz-dk,2.6108054027013505,474.88870013719105,1.478487061658594e-20,1.4757782339996562e-20,1.4705927455260047e-20,1.459924450825416e-20
aug-cc-pvtz-dk,2.612806403201601,474.5250097675665,1.493649912041477e-20,1.4907603263361697e-20,1.485234062711653e-20,1.473885495199368e-20
aug-cc-pvtz-dk,2.6148074037018505,474.1618760313756,1.5087941324744858e-20,1.50572397292644e-20,1.4998572385757e-20,1.4878288334114687e-20
aug-cc-pvtz-dk,2.616808404202101,473.7992976516918,1.5239188731910567e-20,1.5206683785122025e-20,1.5144615790816213e-20,1.5017539672860365e-20
aug-cc-pvtz-dk,2.6188094047023514,473.4372733554918,1.539023435813919e-20,1.5355928982417918e-20,1.5290465387943316e-20,1.5156605438364196e-20
aug-cc-pvtz-dk,2.620810405202601,473.07580187364005,1.5541071033085808e-20,1.5504968683203537e-20,1.5436115528439534e-20,1.529548189851182e-20
aug-cc-pvtz-dk,2.6228114057028513,472.7148819408735,1.5691689572172473e-20,1.565379424161958e-20,1.5581558568114885e-20,1.5434163352505654e-20
aug-cc-pvtz-dk,2.6248124062031017,472.354512295788,1.5842076982796377e-20,1.580239322040252e-20,1.572678310328912e-20,1.557264040610123e-20
aug-cc-pvtz-dk,2.6268134067033513,471.9946916808227,1.5992214881558895e-20,1.59507478180694e-20,1.587177241689432e-20,1.5710898456072643e-20
aug-cc-pvtz-dk,2.6288144072036017,471.6354188422455,1.6142078295559996e-20,1.609883367824087e-20,1.6016503303147665e-20,1.5848916546388704e-20
aug-cc-pvtz-dk,2.630815407703852,471.27669253013875,1.629163499494948e-20,1.6246619226849876e-20,1.6160945413795966e-20,1.5986666733523086e-20
aug-cc-pvtz-dk,2.6328164082041017,470.918511498385,1.644084545784249e-20,1.6394065637290805e-20,1.6305061223961623e-20,1.612411405472379e-20
aug-cc-pvtz-dk,2.634817408704352,470.56087450465157,1.658966350692054e-20,1.6541127462360787e-20,1.644880665550711e-20,1.6261217135093846e-20
aug-cc-pvtz-dk,2.636818409204602,470.20378031037757,1.6738037586571827e-20,1.6687753902060214e-20,1.6592132327338315e-20,1.6397929403411394e-20
aug-cc-pvtz-dk,2.638819409704852,469.84722768075835,1.68859125788443e-20,1.6833890606413263e-20,1.6734985333441582e-20,1.6534200820591122e-20
aug-cc-pvtz-dk,2.6408204102051025,469.49121538473196,1.7033231994731154e-20,1.697948185127227e-20,1.68773113893219e-20,1.6669979966774146e-20
aug-cc-pvtz-dk,2.6428214107053525,469.13574219496496,1.717994033243536e-20,1.7124472880549147e-20,1.7019057143677956e-20,1.6805216290676372e-20
aug-cc-pvtz-dk,2.6448224112056025,468.78080688783814,1.732598537226539e-20,1.72688121864162e-20,1.7160172430451178e-20,1.693986230363471e-20
aug-cc-pvtz-dk,2.646823411705853,468.4264082434322,1.7471320181795283e-20,1.7412453502822836e-20,1.7300612239878718e-20,1.7073875503751213e-20
aug-cc-pvtz-dk,2.648824412206103,468.07254504551463,1.7615904634614892e-20,1.7555357316950925e-20,1.7440338215686453e-20,1.7207219842562296e-20
aug-cc-pvtz-dk,2.650825412706353,467.71921608152485,1.775970629781369e-20,1.7697491754462455e-20,1.757931953568623e-20,1.733986659460188e-20
aug-cc-pvtz-dk,2.6528264132066033,467.3664201425608,1.7902700610883265e-20,1.7838832761269688e-20,1.7717533098656345e-20,1.7471794553291787e-20
aug-cc-pvtz-dk,2.6548274137068533,467.0141560233654,1.8044870353677893e-20,1.797936357887062e-20,1.7854963013468843e-20,1.7602989547150955e-20
aug-cc-pvtz-dk,2.6568284142071033,466.6624225223122,1.8186204474364782e-20,1.8119073583060016e-20,1.7991599458178754e-20,1.7733443339932496e-20
aug-cc-pvtz-dk,2.6588294147073537,466.31121844139227,1.832669641132595e-20,1.8257956618518493e-20,1.812743703881548e-20,1.7863152038871896e-20
aug-cc-pvtz-dk,2.6608304152076037,465.9605425862004,1.846634208875455e-20,1.8396009007448734e-20,1.826247282303996e-20,1.7992114180053083e-20
aug-cc-pvtz-dk,2.6628314157078536,465.6103937659215,1.860513778969368e-20,1.8533227434542634e-20,1.8396704248129528e-20,1.8120328684476176e-20
aug-cc-pvtz-dk,2.664832416208104,465.260770793317,1.8743078110931226e-20,1.866960691152583e-20,1.8530127104263546e-20,1.8247792880966286e-20
aug-cc-pvtz-dk,2.666833416708354,464.911672484712,1.8880154182931803e-20,1.8805139003716337e-20,1.866273377406953e-20,1.8374500773636525e-20
aug-cc-pvtz-dk,2.668834417208604,464.5630976599813,1.9016352298921528e-20,1.8939810462440315e-20,1.8794511871695008e-20,1.8500441695763097e-20
aug-cc-pvtz-dk,2.6708354177088545,464.21504514253604,1.915165304631696e-20,1.9073602356665462e-20,1.8925443375041898e-20,1.8625599444087025e-20
aug-cc-pvtz-dk,2.6728364182091044,463.86751375931124,1.9286030977849876e-20,1.9206489741720534e-20,1.905550428998913e-20,1.8749951934211486e-20
aug-cc-pvtz-dk,2.6748374187093544,463.5205023407518,1.9419454805866873e-20,1.9338441849307727e-20,1.918466483219243e-20,1.8873471365483635e-20
aug-cc-pvtz-dk,2.676838419209605,463.1740097207998,1.9551888057295977e-20,1.9469422737087102e-20,1.9312890066258776e-20,1.8996124838327616e-20
aug-cc-pvtz-dk,2.678839419709855,462.8280347368814,1.968329009290309e-20,1.9599392302165627e-20,1.9440140908016718e-20,1.9117875332728104e-20
aug-cc-pvtz-dk,2.680840420210105,462.48257622989365,1.9813617374860367e-20,1.9728307543044925e-20,1.956637537549845e-20,1.9238682935834105e-20
aug-cc-pvtz-dk,2.6828414207103553,462.13763304419166,1.9942824861334528e-20,1.985612394904194e-20,1.9691549968280093e-20,1.935850619981519e-20
aug-cc-pvtz-dk,2.6848424212106052,461.7932040275759,2.0070867413933973e-20,1.9982796903108043e-20,1.9815621061312622e-20,1.9477303516689766e-20
aug-cc-pvtz-dk,2.686843421710855,461.4492880312791,2.0197701120244158e-20,2.0108283000196993e-20,1.9938546215269616e-20,1.9595034412003643e-20
aug-cc-pvtz-dk,2.6888444222111056,461.10588390995343,2.0323284455484243e-20,2.0232541205054566e-20,2.0060285326986508e-20,1.9711660680354495e-20
aug-cc-pvtz-dk,2.6908454227113556,460.76299052165825,2.0447579230715533e-20,2.0355533796713226e-20,2.0180801566981833e-20,1.982714730910469e-20
aug-cc-pvtz-dk,2.6928464232116056,460.4206067278469,2.0570551296836107e-20,2.04772270688743e-20,2.0300062073114395e-20,1.9941463158957964e-20
aug-cc-pvtz-dk,2.694847423711856,460.0787313933543,2.06921709916718e-20,2.059759177358181e-20,2.0418038387920502e-20,2.0054581389072183e-20
aug-cc-pvtz-dk,2.696848424212106,459.7373633863847,2.0812413330922133e-20,2.0716603309196368e-20,2.0534706641073938e-20,2.0166479628871294e-20
aug-cc-pvtz-dk,2.698849424712356,459.3965015784986,2.0931257952804618e-20,2.0834241662883663e-20,2.065004748785534e-20,2.027713990867313e-20
aug-cc-pvtz-dk,2.7008504252126064,459.0561448446008,2.1048688832116544e-20,2.09504911237589e-20,2.0764045820554544e-20,2.038654836756343e-20
aug-cc-pvtz-dk,2.7028514257128564,458.71629206292795,2.1164693783732206e-20,2.1065339787086055e-20,2.0876690273926082e-20,2.04946947610879e-20
aug-cc-pvtz-dk,2.7048524262131064,458.37694211503606,2.127926377990034e-20,2.1178778874142578e-20,2.0987972549789895e-20,2.060157179488893e-20
aug-cc-pvtz-dk,2.706853426713357,458.03809388578816,2.139239211131247e-20,2.129080189775411e-20,2.109788659087505e-20,2.070717431468795e-20
aug-cc-pvtz-dk,2.7088544272136064,457.6997462633426,2.1504073429259524e-20,2.1401403710596218e-20,2.120642764062135e-20,2.0811498388700618e-20
aug-cc-pvtz-dk,2.710855427713857,457.36189813914007,2.1614302714911067e-20,2.1510579481824146e-20,2.131359123363821e-20,2.091454032558693e-20
aug-cc-pvtz-dk,2.712856428214107,457.02454840789227,2.1723074230674224e-20,2.1618323656309103e-20,2.1419372169840148e-20,2.1016295678524306e-20
aug-cc-pvtz-dk,2.7148574287143568,456.6876959675696,2.1830380516017486e-20,2.1724628958067265e-20,2.1523763532344743e-20,2.1116758292517838e-20
aug-cc-pvtz-dk,2.716858429214607,456.3513397193887,2.193621149415686e-20,2.1829485503470133e-20,2.1626755813185683e-20,2.1215919455888553e-20
aug-cc-pvtz-dk,2.7188594297148576,456.0154785678012,2.204055375491914e-20,2.193288008884695e-20,2.1728336210097567e-20,2.1313767216387014e-20
aug-cc-pvtz-dk,2.720860430215107,455.68011142048175,2.214339007180481e-20,2.2034795710003305e-20,2.1828488150919422e-20,2.141028591637636e-20
aug-cc-pvtz-dk,2.7228614307153576,455.34523718831525,2.224469919753025e-20,2.213521135771217e-20,2.1927191089209643e-20,2.1505455989582057e-20
aug-cc-pvtz-dk,2.724862431215608,455.01085478538636,2.2344455962875336e-20,2.2234102114081024e-20,2.2024420596083232e-20,2.1599254044476106e-20
aug-cc-pvtz-dk,2.7268634317158575,454.6769631289672,2.2442631680171477e-20,2.2331439551489168e-20,2.2120148750613303e-20,2.1691653237814042e-20
aug-cc-pvtz-dk,2.728864432216108,454.343561139505,2.2539194827618436e-20,2.2427192410861955e-20,2.221434480664058e-20,2.1782623918264325e-20
aug-cc-pvtz-dk,2.730865432716358,454.01064774061183,2.2634111966580994e-20,2.2521327512139e-20,2.2306976090183758e-20,2.1872134497009093e-20
aug-cc-pvtz-dk,2.732866433216608,453.67822185905186,2.2727348823815504e-20,2.2613810829614967e-20,2.2398009061525006e-20,2.1960152482265744e-20
aug-cc-pvtz-dk,2.7348674337168584,453.3462824247302,2.2818871456507993e-20,2.2704608650684854e-20,2.2487410461764473e-20,2.2046645600188192e-20
aug-cc-pvtz-dk,2.7368684342171083,453.01482837068176,2.290864741160959e-20,2.2793688729972447e-20,2.2575148456795723e-20,2.2131582917218707e-20
aug-cc-pvtz-dk,2.7388694347173583,452.6838586330594,2.299664679280956e-20,2.2881021352471704e-20,2.2661193692921583e-20,2.2214935879465422e-20
aug-cc-pvtz-dk,2.7408704352176088,452.35337215112247,2.3082843158152833e-20,2.2966580228785948e-20,2.274552018737998e-20,2.229667919289449e-20
aug-cc-pvtz-dk,2.7428714357178587,452.02336786722594,2.3167214187453392e-20,2.3050343161511828e-20,2.2828105992654476e-20,2.2376791482966738e-20
aug-cc-pvtz-dk,2.7448724362181087,451.69384472680883,2.3249742079258983e-20,2.3132292442292632e-20,2.2908933593667078e-20,2.2455255691999058e-20
aug-cc-pvtz-dk,2.746873436718359,451.3648016783828,2.3330413659829528e-20,2.3212414961716733e-20,2.2987990019481187e-20,2.253205919475017e-20
aug-cc-pvtz-dk,2.748874437218609,451.0362376735214,2.3409220209025573e-20,2.3290702036685625e-20,2.3065266673603177e-20,2.260719363515965e-20
aug-cc-pvtz-dk,2.750875437718859,450.70815166684855,2.348615702810532e-20,2.336714898004733e-20,2.3140758907264528e-20,2.268065450766569e-20
aug-cc-pvtz-dk,2.7528764382191095,450.3805426160276,2.356122279067173e-20,2.344175445363335e-20,2.3214465376592504e-20,2.2752440523407728e-20
aug-cc-pvtz-dk,2.7548774387193595,450.05340948175046,2.3634418729537373e-20,2.351451965746317e-20,2.3286387236393736e-20,2.2822552813829363e-20
aug-cc-pvtz-dk,2.7568784392196095,449.72675122772637,2.3705747718882697e-20,2.3585447414559342e-20,2.33565272300979e-20,2.289099403134142e-20
aug-cc-pvtz-dk,2.75887943971986,449.40056682067086,2.377521331313008e-20,2.3654541212886663e-20,2.3424888737534542e-20,2.2957767408991367e-20
aug-cc-pvtz-dk,2.76088044022011,449.0748552302953,2.3842818802178566e-20,2.3721804264117064e-20,2.349147484035445e-20,2.3022875839176685e-20
aug-cc-pvtz-dk,2.76288144072036,448.74961542929566,2.3908566337932615e-20,2.378723863412532e-20,2.3556287459960194e-20,2.3086321026240995e-20
aug-cc-pvtz-dk,2.7648824412206103,448.42484639334174,2.3972456180273984e-20,2.3850844493216074e-20,2.3619326615687907e-20,2.3148102760264635e-20
aug-cc-pvtz-dk,2.7668834417208603,448.1005471010667,2.4034486102439128e-20,2.391261952576817e-20,2.3680589842429195e-20,2.3208218350342973e-20
aug-cc-pvtz-dk,2.7688844422211103,447.776716534056,2.4094650986594508e-20,2.3972558529706193e-20,2.3740071797403106e-20,2.3266662245750772e-20
aug-cc-pvtz-dk,2.7708854427213607,447.4533536768369,2.4152942630422622e-20,2.4030653226173064e-20,2.3797764075638032e-20,2.3323425862982298e-20
aug-cc-pvtz-dk,2.7728864432216107,447.1304575168681,2.4209349774772107e-20,2.4086892289029377e-20,2.3853655242986458e-20,2.337849762590095e-20
aug-cc-pvtz-dk,2.7748874437218607,446.80802704452856,2.426385835088586e-20,2.414126159235292e-20,2.390773108419609e-20,2.343186321519263e-20
aug-cc-pvtz-dk,2.776888444222111,446.4860612531075,2.431645193353776e-20,2.419374466208294e-20,2.3959975051813725e-20,2.3483506012094817e-20
aug-cc-pvtz-dk,2.778889444722361,446.16455913879383,2.4367112373950293e-20,2.424432330569725e-20,2.401036888981717e-20,2.3533407710217598e-20
aug-cc-pvtz-dk,2.780890445222611,445.8435197006656,2.441582057430482e-20,2.429297838196895e-20,2.405889339444061e-20,2.3581549058662662e-20
aug-cc-pvtz-dk,2.7828914457228615,445.52294194067946,2.4462557354936933e-20,2.433969066233128e-20,2.4105529264525214e-20,2.3627910690296776e-20
aug-cc-pvtz-dk,2.7848924462231115,445.20282486366085,2.4507304357055892e-20,2.4384441727276528e-20,2.4150257985916737e-20,2.3672473981847437e-20
aug-cc-pvtz-dk,2.7868934467233615,444.8831674772931,2.4550044919167147e-20,2.442721483662999e-20,2.41930626900003e-20,2.3715221888408892e-20
aug-cc-pvtz-dk,2.788894447223612,444.5639687921076,2.4590764865252537e-20,2.4467995712401448e-20,2.4233928926309383e-20,2.3756139694813684e-20
aug-cc-pvtz-dk,2.790895447723862,444.24522782147335,2.462945314772448e-20,2.4506773177776564e-20,2.427284529382491e-20,2.3795215630683976e-20
aug-cc-pvtz-dk,2.792896448224112,443.92694358158695,2.466610229823129e-20,2.4543539605698102e-20,2.4309803885146958e-20,2.3832441304928582e-20
aug-cc-pvtz-dk,2.7948974487243623,443.6091150914623,2.4700708653941416e-20,2.4578291144818966e-20,2.4344800511643012e-20,2.38678119285589e-20
aug-cc-pvtz-dk,2.7968984492246123,443.29174137292074,2.4733272344773667e-20,2.4611027708218542e-20,2.437783469484935e-20,2.3901326310979586e-20
aug-cc-pvtz-dk,2.7988994497248623,442.97482145058086,2.476379704647894e-20,2.4641752729506505e-20,2.4408909428236578e-20,2.3932986632913646e-20
aug-cc-pvtz-dk,2.8009004502251127,442.6583543518485,2.479228952355676e-20,2.4670472709862475e-20,2.4438030732074015e-20,2.3962798017093917e-20
aug-cc-pvtz-dk,2.8029014507253622,442.34233910690705,2.481875900272226e-20,2.469719659621187e-20,2.4465207040613266e-20,2.3990767933953496e-20
aug-cc-pvtz-dk,2.8049024512256127,442.02677474870694,2.48432164302893e-20,2.472193504338645e-20,2.449044847344467e-20,2.4016905492101588e-20
aug-cc-pvtz-dk,2.806903451725863,441.7116603129566,2.4865673674154127e-20,2.474469962050773e-20,2.4513766050394474e-20,2.4041220671098327e-20
aug-cc-pvtz-dk,2.8089044522261126,441.3969948381122,2.4886142732454587e-20,2.4765502023346483e-20,2.4535170911076388e-20,2.4063723556233913e-20
aug-cc-pvtz-dk,2.810905452726363,441.0827773653675,2.4904635006571787e-20,2.4784353350155683e-20,2.455467359624422e-20,2.4084423631632746e-20
aug-cc-pvtz-dk,2.8129064532266135,440.7690069386448,2.4921160686752103e-20,2.4801263489236086e-20,2.457228343914514e-20,2.4103329179665138e-20
aug-cc-pvtz-dk,2.814907453726863,440.4556826045851,2.4935728285626093e-20,2.4816240653615815e-20,2.458800810243846e-20,2.4120446822542324e-20
aug-cc-pvtz-dk,2.8169084542271134,440.1428034125377,2.4948344339989836e-20,2.4829291083391062e-20,2.4601853281568472e-20,2.4135781227658662e-20
aug-cc-pvtz-dk,2.818909454727364,439.83036841455186,2.4959013286181923e-20,2.4840418921265137e-20,2.461382258052313e-20,2.4149334983443462e-20
aug-cc-pvtz-dk,2.8209104552276134,439.51837666536625,2.4967737500845906e-20,2.4849626253249613e-20,2.462391755229075e-20,2.4161108638810276e-20
aug-cc-pvtz-dk,2.822911455727864,439.2068272223994,2.4974517488047646e-20,2.4856913295602756e-20,2.4632137885314165e-20,2.4171100888052785e-20
aug-cc-pvtz-dk,2.824912456228114,438.8957191457411,2.497935218632759e-20,2.4862278701603842e-20,2.463848170960193e-20,2.4179308875072208e-20
aug-cc-pvtz-dk,2.826913456728364,438.5850514981419,2.4982239365461486e-20,2.4865719957873218e-20,2.464294599210789e-20,2.418572858643703e-20
aug-cc-pvtz-dk,2.8289144572286142,438.2748233450044,2.4983176082108804e-20,2.4867233839297218e-20,2.4645526990224826e-20,2.4190355301748798e-20
aug-cc-pvtz-dk,2.830915457728864,437.96503375437356,2.4982159165401306e-20,2.4866816893473795e-20,2.464622073405421e-20,2.419318407148313e-20
aug-cc-pvtz-dk,2.832916458229114,437.65568179692747,2.497918570690581e-20,2.4864465929006828e-20,2.4645023511573177e-20,2.4194210195986975e-20
aug-cc-pvtz-dk,2.8349174587293646,437.34676654596785,2.497425353332982e-20,2.4860178485983362e-20,2.4641932334953755e-20,2.4193429683670083e-20
aug-cc-pvtz-dk,2.8369184592296146,437.0382870774114,2.49673616440345e-20,2.485395327076486e-20,2.4636945370270973e-20,2.4190839670760327e-20
aug-cc-pvtz-dk,2.8389194597298646,436.73024246977974,2.495851059838898e-20,2.4845790540301138e-20,2.4630062316119207e-20,2.4186438788683286e-20
aug-cc-pvtz-dk,2.840920460230115,436.42263180419087,2.4947702840105654e-20,2.4835692423377074e-20,2.4621284719040082e-20,2.4180227467891113e-20
aug-cc-pvtz-dk,2.842921460730365,436.1154541643498,2.4934942947139743e-20,2.482366316770574e-20,2.461061621529075e-20,2.4172208168863436e-20
aug-cc-pvtz-dk,2.844922461230615,435.8087086365395,2.4920237796963093e-20,2.4809709303020643e-20,2.459806268975154e-20,2.416238553237279e-20
aug-cc-pvtz-dk,2.8469234617308654,435.50239430961165,2.4903596638594347e-20,2.479383971184936e-20,2.4583632344231207e-20,2.4150766442461805e-20
aug-cc-pvtz-dk,2.8489244622311154,435.19651027497804,2.4885031065203877e-20,2.4776065601994807e-20,2.4567335669605063e-20,2.4137359997452794e-20
aug-cc-pvtz-dk,2.8509254627313654,434.8910556266012,2.486455488475731e-20,2.4756400378267447e-20,2.4549185319499795e-20,2.4122177387128865e-20
aug-cc-pvtz-dk,2.852926463231616,434.5860294609854,2.4842183891079904e-20,2.4734859415785266e-20,2.4529195887739557e-20,2.4105231678180598e-20
aug-cc-pvtz-dk,2.854927463731866,434.28143087716836,2.4817935543666933e-20,2.4711459742963676e-20,2.4507383597309304e-20,2.408653751501002e-20
aug-cc-pvtz-dk,2.8569284642321158,433.9772589767116,2.4791828570991047e-20,2.4686219648634868e-20,2.4483765914696486e-20,2.4066110748633948e-20
aug-cc-pvtz-dk,2.858929464732366,433.673512863692,2.4763882518223992e-20,2.4659158233839524e-20,2.445836110944742e-20,2.4043968012109745e-20
aug-cc-pvtz-dk,2.860930465232616,433.37019164469314,2.4734117265379313e-20,2.463029493391461e-20,2.4431187783829678e-20,2.4020126265870765e-20
aug-cc-pvtz-dk,2.862931465732866,433.0672944287961,2.4702552545146098e-20,2.4599649039809025e-20,2.4402264400876152e-20,2.399460233986286e-20
aug-cc-pvtz-dk,2.8649324662331166,432.7648203275711,2.4669207490583383e-20,2.4567239248546525e-20,2.4371608840235076e-20,2.3967412500823994e-20
aug-cc-pvtz-dk,2.8669334667333666,432.4627684550689,2.4634100241141e-20,2.453308327116562e-20,2.433923800987504e-20,2.3938572072098273e-20
aug-cc-pvtz-dk,2.8689344672336166,432.1611379278117,2.4597247631281306e-20,2.4497197522394684e-20,2.4305167537851804e-20,2.3908095130004087e-20
aug-cc-pvtz-dk,2.870935467733867,431.85992786478477,2.4558664979742605e-20,2.4459596910191412e-20,2.4269411562418417e-20,2.387599429528636e-20
aug-cc-pvtz-dk,2.872936468234117,431.55913738742817,2.4518365989914262e-20,2.4420294735778332e-20,2.4231982631410564e-20,2.3842280631163863e-20
aug-cc-pvtz-dk,2.874937468734367,431.25876561962764,2.4476362763733855e-20,2.4379302706778656e-20,2.419289171388184e-20,2.380696365170541e-20
aug-cc-pvtz-dk,2.8769384692346174,430.95881168770643,2.4432665923822922e-20,2.4336631058353435e-20,2.41521483192506e-20,2.3770051436570453e-20
aug-cc-pvtz-dk,2.8789394697348674,430.659274720417,2.4387284831979785e-20,2.4292288770597978e-20,2.4109760712498925e-20,2.373155084129593e-20
aug-cc-pvtz-dk,2.8809404702351173,430.3601538489321,2.4340227887148697e-20,2.4246283865390812e-20,2.4065736208777846e-20,2.3691467786890753e-20
aug-cc-pvtz-dk,2.8829414707353678,430.0614482068367,2.4291502882808527e-20,2.4198623762642863e-20,2.4020081527394452e-20,2.3649807608849408e-20
aug-cc-pvtz-dk,2.8849424712356178,429.76315693011964,2.424111740230724e-20,2.414931567442152e-20,2.3972803183573234e-20,2.360657544387146e-20
aug-cc-pvtz-dk,2.8869434717358677,429.4652791571651,2.4189079230722115e-20,2.409836701544944e-20,2.3923907896347733e-20,2.3561776632384878e-20
aug-cc-pvtz-dk,2.888944472236118,429.16781402874454,2.4135396762912517e-20,2.404578580957123e-20,2.38734029920354e-20,2.3515417116042302e-20
aug-cc-pvtz-dk,2.890945472736368,428.87076068800826,2.408007938908877e-20,2.399158107347862e-20,2.3821296784515976e-20,2.3467503811235724e-20
aug-cc-pvtz-dk,2.892946473236618,428.57411828047725,2.4023137841055346e-20,2.3935763160887366e-20,2.376759891555869e-20,2.3418044941922952e-20
aug-cc-pvtz-dk,2.8949474737368686,428.27788595403484,2.396458448406597e-20,2.3878344052218552e-20,2.3712320640452045e-20,2.3367050317357166e-20
aug-cc-pvtz-dk,2.896948474237118,427.98206285891905,2.390443354091558e-20,2.3819337576599852e-20,2.3655475046096298e-20,2.331453154250895e-20
aug-cc-pvtz-dk,2.8989494747373685,427.6866481477135,2.3842701236641015e-20,2.375875955480209e-20,2.3597077190623383e-20,2.3260502151101726e-20
aug-cc-pvtz-dk,2.900950475237619,427.3916409753405,2.377940585430065e-20,2.3696627853842137e-20,2.3537144155762998e-20,2.320497765343912e-20
aug-cc-pvtz-dk,2.9029514757378685,427.09704049905224,2.3714567695081778e-20,2.3632962346734926e-20,2.3475695005883013e-20,2.3147975493856687e-20
aug-cc-pvtz-dk,2.904952476238119,426.8028458784226,2.3648208939726158e-20,2.3567784774549582e-20,2.3412750651179486e-20,2.3089514915954843e-20
aug-cc-pvtz-dk,2.9069534767383693,426.50905627533984,2.358035341308534e-20,2.3501118512641325e-20,2.334833361701642e-20,2.3029616737928822e-20
aug-cc-pvtz-dk,2.908954477238619,426.2156708539983,2.3511026259413056e-20,2.3432988248603223e-20,2.3282467726855724e-20,2.296830304529455e-20
aug-cc-pvtz-dk,2.9109554777388693,425.92268878089016,2.3440253542414072e-20,2.336341958576947e-20,2.3215177712269747e-20,2.290559681388213e-20
aug-cc-pvtz-dk,2.9129564782391197,425.63010922479816,2.3368061790506946e-20,2.329243859243565e-20,2.3146488769660162e-20,2.2841521481675733e-20
aug-cc-pvtz-dk,2.9149574787393693,425.3379313567874,2.3294477513473474e-20,2.322007132260851e-20,2.307642608881841e-20,2.277610049328998e-20
aug-cc-pvtz-dk,2.9169584792396197,425.0461543501972,2.3219526720874516e-20,2.314634333828373e-20,2.3005014382601103e-20,2.2709356844884226e-20
aug-cc-pvtz-dk,2.9189594797398697,424.7547773806341,2.3143234474595224e-20,2.307127926526295e-20,2.2932277449055556e-20,2.2641312659446007e-20
aug-cc-pvtz-dk,2.9209604802401197,424.46379962596336,2.3065624507145883e-20,2.2994902413860057e-20,2.2858237796805812e-20,2.2571988822102547e-20
aug-cc-pvtz-dk,2.92296148074037,424.17322026630154,2.2986718933694697e-20,2.29172344923051e-20,2.278291636117065e-20,2.2501404702176853e-20
aug-cc-pvtz-dk,2.92496248124062,423.8830384840089,2.2906538079410585e-20,2.2838295434380564e-20,2.270633233244756e-20,2.2429577983145578e-20
aug-cc-pvtz-dk,2.92696348174087,423.59325346368144,2.2825100435072676e-20,2.275810335432456e-20,2.2628503109530612e-20,2.23565246138759e-20
aug-cc-pvtz-dk,2.9289644822411205,423.30386439214345,2.274242274388342e-20,2.2676674632116684e-20,2.2549444382307436e-20,2.228225888521824e-20
aug-cc-pvtz-dk,2.9309654827413705,423.01487045844,2.26585202120184e-20,2.2594024121923995e-20,2.2469170336076326e-20,2.2206793626127815e-20
aug-cc-pvtz-dk,2.9329664832416205,422.72627085382913,2.257340682573245e-20,2.251016546679706e-20,2.2387693961592336e-20,2.2130140504000304e-20
aug-cc-pvtz-dk,2.934967483741871,422.4380647717743,2.248709574980603e-20,2.242511149465482e-20,2.2305027446278227e-20,2.2052310405815574e-20
aug-cc-pvtz-dk,2.936968484242121,422.15025140793733,2.239959977652365e-20,2.233887466495709e-20,2.2221182616409024e-20,2.1973313870796916e-20
aug-cc-pvtz-dk,2.938969484742371,421.86282996017025,2.23109317916874e-20,2.22514675327061e-20,2.2136171397192804e-20,2.189316154215081e-20
aug-cc-pvtz-dk,2.9409704852426213,421.5757996285082,2.222110522448344e-20,2.216290319665958e-20,2.205000625776882e-20,2.181186460525332e-20
aug-cc-pvtz-dk,2.9429714857428713,421.2891596151623,2.21301344510913e-20,2.207319570164486e-20,2.1962700611023228e-20,2.1729435182249866e-20
aug-cc-pvtz-dk,2.9449724862431212,421.00290912451163,2.203803512721837e-20,2.1982360370111934e-20,2.1874269143279793e-20,2.1645886657980543e-20
aug-cc-pvtz-dk,2.9469734867433717,420.71704736309624,2.194482443153297e-20,2.18904140448357e-20,2.178472805565401e-20,2.156123391876104e-20
aug-cc-pvtz-dk,2.9489744872436217,420.4315735396098,2.1850521209451385e-20,2.1797375232168828e-20,2.1694095206359102e-20,2.147549349304251e-20
aug-cc-pvtz-dk,2.9509754877438716,420.1464868648924,2.175514601415179e-20,2.1703264142692017e-20,2.1602390150748672e-20,2.138868359055396e-20
aug-cc-pvtz-dk,2.952976488244122,419.8617865519227,2.1658721048413632e-20,2.160810263287413e-20,2.1509634082718382e-20,2.1300824043508817e-20
aug-cc-pvtz-dk,2.954977488744372,419.57747181581175,2.1561270016488593e-20,2.1511914056998967e-20,2.141584968680615e-20,2.121193615932579e-20
aug-cc-pvtz-dk,2.956978489244622,419.29354187379465,2.146281789949147e-20,2.141472304292197e-20,2.132106091468609e-20,2.1122042498786046e-20
aug-cc-pvtz-dk,2.9589794897448725,419.009995945224,2.1363390670748176e-20,2.1316555208171267e-20,2.1225292702712713e-20,2.1031166596552878e-20
aug-cc-pvtz-dk,2.9609804902451224,418.72683325156277,2.126301496928814e-20,2.1217436834634306e-20,2.1128570648861103e-20,2.0939332642618895e-20
aug-cc-pvtz-dk,2.9629814907453724,418.44405301637687,2.1161717750437635e-20,2.1117394520794638e-20,2.103092066805024e-20,2.0846565143743732e-20
aug-cc-pvtz-dk,2.964982491245623,418.1616544653281,2.1059525932475712e-20,2.1016454830426327e-20,2.0932368644665898e-20,2.0752888583560334e-20
aug-cc-pvtz-dk,2.966983491745873,417.8796368261676,2.0956466057720273e-20,2.091464395599341e-20,2.083294010031502e-20,2.0658327098997688e-20
aug-cc-pvtz-dk,2.968984492246123,417.5979993287279,2.0852563985292928e-20,2.0811987413825124e-20,2.073265989355667e-20,2.0562904189152006e-20
aug-cc-pvtz-dk,2.9709854927463732,417.31674120491664,2.0747844631156523e-20,2.0708509786446397e-20,2.0631551966589472e-20,2.046664247080982e-20
aug-cc-pvtz-dk,2.9729864932466232,417.03586168870936,2.0642331768744252e-20,2.0604234525160624e-20,2.0529639151574415e-20,2.0369563492465314e-20
aug-cc-pvtz-dk,2.974987493746873,416.7553600161426,2.053604790051438e-20,2.049918382302327e-20,2.042694304635652e-20,2.027168761582272e-20
aug-cc-pvtz-dk,2.9769884942471236,416.4752354253066,2.042901420701996e-20,2.039337856465651e-20,2.0323483965763134e-20,2.0173033970375246e-20
aug-cc-pvtz-dk,2.9789894947473736,416.1954871563392,2.0321250575625127e-20,2.0286838354977336e-20,2.0219280970426162e-20,2.007362048270486e-20
aug-cc-pvtz-dk,2.9809904952476236,415.916114451418,2.0212775706015587e-20,2.017958162401719e-20,2.0114351970350818e-20,1.997346397776138e-20
aug-cc-pvtz-dk,2.982991495747874,415.6371165547543,2.0103607284464892e-20,2.0071625799911374e-20,2.0008713895518292e-20,1.9872580344783178e-20
aug-cc-pvtz-dk,2.984992496248124,415.35849271258587,1.9993762213876733e-20,1.9962987537263145e-20,1.9902382921069672e-20,1.9770984756066992e-20
aug-cc-pvtz-dk,2.986993496748374,415.08024217317035,1.988325688243304e-20,1.985368298393621e-20,1.9795374730547444e-20,1.966869192290812e-20
aug-cc-pvtz-dk,2.9889944972486244,414.8023641867782,1.9772107450740457e-20,1.974372806639684e-20,1.968770479775328e-20,1.9565716370170256e-20
aug-cc-pvtz-dk,2.990995497748874,414.5248580056866,1.966033013608418e-20,1.963313877241309e-20,1.957938866641616e-20,1.946207270949866e-20
aug-cc-pvtz-dk,2.9929964982491244,414.2477228841718,1.9547941473007708e-20,1.9521931410470026e-20,1.9470442207309238e-20,1.935777589143489e-20
aug-cc-pvtz-dk,2.994997498749375,413.9709580785034,1.9434958531956126e-20,1.941012282770233e-20,1.9360881834753642e-20,1.9252841418709147e-20
aug-cc-pvtz-dk,2.9969984992496244,413.6945628469371,1.9321399081920858e-20,1.9297730572266532e-20,1.925072466841509e-20,1.9147285506639854e-20
aug-cc-pvtz-dk,2.998999499749875,413.4185364497081,1.9207281688465895e-20,1.9184772991446304e-20,1.9139988631534026e-20,1.904112518151428e-20
aug-cc-pvtz-dk,3.0010005002501248,413.14287814902485,1.909262574458608e-20,1.9071269262807218e-20,1.9028692482655093e-20,1.8934378313529918e-20
aug-cc-pvtz-dk,3.003001500750375,412.8675872090621,1.8977451437852283e-20,1.8957239361701447e-20,1.8916855783863192e-20,1.8827063586705514e-20
aug-cc-pvtz-dk,3.005002501250625,412.59266289595473,1.8861779662566398e-20,1.884270397370346e-20,1.8804498813829887e-20,1.8719200413475293e-20
aug-cc-pvtz-dk,3.007003501750875,412.3181044777907,1.8745631889609818e-20,1.8727684364556817e-20,1.8691642438042197e-20,1.8610808805869696e-20
aug-cc-pvtz-dk,3.0090045022511256,412.0439112246051,1.862903000895487e-20,1.8612202222555978e-20,1.8578307951036435e-20,1.850190921784195e-20
aug-cc-pvtz-dk,3.0110055027513756,411.77008240837347,1.851199616028233e-20,1.8496279488824718e-20,1.8464516906119257e-20,1.8392522374206963e-20
aug-cc-pvtz-dk,3.0130065032516256,411.49661730300517,1.8394552565924253e-20,1.837993818978715e-20,1.83502909470063e-20,1.828266910084717e-20
aug-cc-pvtz-dk,3.015007503751876,411.2235151843371,1.827672137776674e-20,1.8263200283584512e-20,1.823565165334847e-20,1.8172370168566014e-20
aug-cc-pvtz-dk,3.017008504252126,410.95077533012767,1.815852454628658e-20,1.814608752874613e-20,1.8120620408709142e-20,1.806164615966135e-20
aug-cc-pvtz-dk,3.019009504752376,410.6783970200497,1.8039983716127094e-20,1.8028621379644452e-20,1.8005218295761722e-20,1.79505173624904e-20
aug-cc-pvtz-dk,3.0210105052526264,410.40637953568466,1.7921120149083998e-20,1.7910822909693044e-20,1.788946601984347e-20,1.7839003695555496e-20
aug-cc-pvtz-dk,3.0230115057528764,410.1347221605163,1.7801954672513186e-20,1.7792712760334872e-20,1.777338385899109e-20,1.7727124659441352e-20
aug-cc-pvtz-dk,3.0250125062531263,409.8634241799239,1.7682507649272737e-20,1.7674311111907062e-20,1.7656991636507495e-20,1.7614899312627702e-20
aug-cc-pvtz-dk,3.0270135067533763,409.5924848811767,1.7562798964462138e-20,1.7555637671562716e-20,1.7540308711093863e-20,1.750234626595581e-20
aug-cc-pvtz-dk,3.0290145072536268,409.3219035534269,1.744284802432846e-20,1.7436711673494286e-20,1.7423353979560294e-20,1.7389483690321243e-20
aug-cc-pvtz-dk,3.0310155077538767,409.05167948770423,1.7322673763533265e-20,1.7317551887506353e-20,1.7306145887888014e-20,1.727632933281553e-20
aug-cc-pvtz-dk,3.0330165082541267,408.7818119769091,1.7202294658186806e-20,1.719817663320289e-20,1.7188702447635655e-20,1.7162900537744924e-20
aug-cc-pvtz-dk,3.035017508754377,408.5123003158068,1.7081728743315377e-20,1.7078603798340288e-20,1.707104125601646e-20,1.704921427036865e-20
aug-cc-pvtz-dk,3.037018509254627,408.24314380102123,1.696099363443589e-20,1.6958850860950446e-20,1.6953179519108094e-20,1.693528714248967e-20
aug-cc-pvtz-dk,3.039019509754877,407.9743417310288,1.684010655348127e-20,1.6838934915460243e-20,1.68351340783781e-20,1.682113543995237e-20
aug-cc-pvtz-dk,3.0410205102551275,407.7058934061523,1.6719084359385847e-20,1.671887270314982e-20,1.6716921440922104e-20,1.670677515252033e-20
aug-cc-pvtz-dk,3.0430215107553775,407.43779812855496,1.659794358326943e-20,1.65986806469605e-20,1.659855781355765e-20,1.659222200652428e-20
aug-cc-pvtz-dk,3.0450225112556275,407.17005520223427,1.6476700467517842e-20,1.6478374890043222e-20,1.6480059140340495e-20,1.6477491500201898e-20
aug-cc-pvtz-dk,3.047023511755878,406.9026639330159,1.635537100737176e-20,1.6357971336751592e-20,1.6361441142387493e-20,1.636259894099514e-20
aug-cc-pvtz-dk,3.049024512256128,406.635623628548,1.6233970993123155e-20,1.6237485694251533e-20,1.624271935832383e-20,1.624755948345102e-20
aug-cc-pvtz-dk,3.051025512756378,406.3689335982948,1.6112516050849972e-20,1.61169335127164e-20,1.6123909183406908e-20,1.613238816598935e-20
aug-cc-pvtz-dk,3.0530265132566283,406.102593153531,1.5991021679870136e-20,1.5996330222287293e-20,1.600502590551465e-20,1.6017099944784952e-20
aug-cc-pvtz-dk,3.0550275137568783,405.8366016073358,1.586950328572982e-20,1.5875691165575987e-20,1.588608473671364e-20,1.590170972338936e-20
aug-cc-pvtz-dk,3.0570285142571283,405.5709582745868,1.574797620842272e-20,1.5755031625346092e-20,1.5767100839931555e-20,1.578623237741305e-20
aug-cc-pvtz-dk,3.0590295147573787,405.3056624719542,1.5626455746457653e-20,1.5634366847923312e-20,1.5648089351159185e-20,1.567068277444052e-20
aug-cc-pvtz-dk,3.0610305152576287,405.0407135178951,1.5504957178113963e-20,1.551371206362292e-20,1.5529065398368227e-20,1.5555075790140242e-20
aug-cc-pvtz-dk,3.0630315157578787,404.7761107326474,1.5383495781543312e-20,1.53930825058356e-20,1.541004411874386e-20,1.543942632204784e-20
aug-cc-pvtz-dk,3.065032516258129,404.5118534382242,1.5262086855163238e-20,1.5272493430245144e-20,1.5291040675747856e-20,1.532374930257843e-20
aug-cc-pvtz-dk,3.067033516758379,404.2479409584081,1.514074573902105e-20,1.515196013493439e-20,1.5172070276904038e-20,1.5208059712385498e-20
aug-cc-pvtz-dk,3.069034517258629,403.9843726187449,1.5019487836593996e-20,1.5031497980965478e-20,1.505314819210982e-20,1.5092372594269188e-20
aug-cc-pvtz-dk,3.0710355177588795,403.72114774653846,1.4898328635050108e-20,1.4911122411605686e-20,1.4934289770917055e-20,1.4976703066599427e-20
aug-cc-pvtz-dk,3.0730365182591295,403.45826567084487,1.47772837206088e-20,1.4790848966988938e-20,1.481551045585647e-20,1.4861066333894442e-20
aug-cc-pvtz-dk,3.0750375187593795,403.19572572246625,1.4656368784627937e-20,1.4670693289969214e-20,1.4696825787810838e-20,1.4745477691075097e-20
aug-cc-pvtz-dk,3.0770385192596295,402.9335272339457,1.4535599615674776e-20,1.4550671118508267e-20,1.457825139894781e-20,1.462995251727629e-20
aug-cc-pvtz-dk,3.07903951975988,402.6716695395613,1.4414992073289155e-20,1.4430798260328507e-20,1.445980298899669e-20,1.4514506255150133e-20
aug-cc-pvtz-dk,3.08104052026013,402.4101519753207,1.4294562040467202e-20,1.4311090546811763e-20,1.4341496281771092e-20,1.4399154372450513e-20
aug-cc-pvtz-dk,3.08304152076038,402.1489738789551,1.4174325353971844e-20,1.4191563765134893e-20,1.4223346960720812e-20,1.428391230430517e-20
aug-cc-pvtz-dk,3.0850425212606303,401.88813458991405,1.4054297714170544e-20,1.407223357017385e-20,1.4105370584731528e-20,1.4168795376792966e-20
aug-cc-pvtz-dk,3.0870435217608803,401.6276334493599,1.3934494578853568e-20,1.39531153804283e-20,1.398758248804682e-20,1.4053818714951545e-20
aug-cc-pvtz-dk,3.0890445222611302,401.367469800162,1.3814931047999233e-20,1.3834224264727354e-20,1.386999767068082e-20,1.39389971407864e-20
aug-cc-pvtz-dk,3.0910455227613807,401.10764298689105,1.3695621748337864e-20,1.3715574828383947e-20,1.3752630687634663e-20,1.382434506885553e-20
aug-cc-pvtz-dk,3.0930465232616307,400.8481523558143,1.3576580727514538e-20,1.359718110845953e-20,1.3635495546306217e-20,1.3709876408234517e-20
aug-cc-pvtz-dk,3.0950475237618806,400.5889972548893,1.3457821367485746e-20,1.3479056487696148e-20,1.3518605621492672e-20,1.3595604479901345e-20
aug-cc-pvtz-dk,3.097048524262131,400.3301770337587,1.3339356325489604e-20,1.3361213635444485e-20,1.3401973596283148e-20,1.3481541957736245e-20
aug-cc-pvtz-dk,3.099049524762381,400.0716910437449,1.3221197508645945e-20,1.3243664481694844e-20,1.3285611435037328e-20,1.3367700839482167e-20
aug-cc-pvtz-dk,3.101050525262631,399.81353863784483,1.3103356085258346e-20,1.3126420227382455e-20,1.3169530391806029e-20,1.3254092451380005e-20
aug-cc-pvtz-dk,3.1030515257628815,399.5557191707238,1.298584253258088e-20,1.3009491390858424e-20,1.305374105432916e-20,1.3140727487109293e-20
aug-cc-pvtz-dk,3.1050525262631314,399.2982319987111,1.2868666717587023e-20,1.289288788719953e-20,1.2938253420546781e-20,1.3027616078518547e-20
aug-cc-pvtz-dk,3.1070535267633814,399.0410764797939,1.2751838004517815e-20,1.2776619134257627e-20,1.2823077001765672e-20,1.2914767892806669e-20
aug-cc-pvtz-dk,3.109054527263632,398.7842519736122,1.263536538098448e-20,1.2660694177320008e-20,1.2708220944544513e-20,1.2802192248641966e-20
aug-cc-pvtz-dk,3.111055527763882,398.5277578414536,1.2519257593323656e-20,1.2545121823140552e-20,1.2593694162183084e-20,1.268989824239258e-20
aug-cc-pvtz-dk,3.113056528264132,398.2715934462478,1.240352328178151e-20,1.2429910773945529e-20,1.2479505466478107e-20,1.2577894875276414e-20
aug-cc-pvtz-dk,3.1150575287643822,398.0157581525614,1.2288171106832889e-20,1.2315069752721251e-20,1.2365663691058474e-20,1.2466191172766889e-20
aug-cc-pvtz-dk,3.1170585292646322,397.7602513265928,1.2173209859314206e-20,1.2200607612449462e-20,1.2252177798940331e-20,1.2354796288841276e-20
aug-cc-pvtz-dk,3.119059529764882,397.5050723361668,1.2058648548806593e-20,1.2086533423714002e-20,1.2139056968696606e-20,1.2243719589388999e-20
aug-cc-pvtz-dk,3.121060530265132,397.2502205507293,1.194449646657913e-20,1.1972856536987568e-20,1.2026310655540599e-20,1.2132970711031897e-20
aug-cc-pvtz-dk,3.1230615307653826,396.9956953413423,1.1830763221164402e-20,1.18595866176896e-20,1.1913948625441382e-20,1.2022559593492976e-20
aug-cc-pvtz-dk,3.1250625312656326,396.7414960806787,1.1717458746142158e-20,1.1746733653630201e-20,1.1801980961951933e-20,1.1912496485294901e-20
aug-cc-pvtz-dk,3.1270635317658826,396.4876221430171,1.1604593280889818e-20,1.1634307935652791e-20,1.1690418046658794e-20,1.180279192386593e-20
aug-cc-pvtz-dk,3.129064532266133,396.2340729042366,1.1492177325954207e-20,1.1522320013186838e-20,1.1579270515069727e-20,1.1693456692070778e-20
aug-cc-pvtz-dk,3.131065532766383,395.9808477418118,1.1380221575394258e-20,1.1410780627105647e-20,1.146854919042117e-20,1.1584501753827674e-20
aug-cc-pvtz-dk,3.133066533266633,395.7279460348076,1.1268736829067207e-20,1.129970062287984e-20,1.1358264998435428e-20,1.1475938171940703e-20
aug-cc-pvtz-dk,3.1350675337668834,395.47536716387424,1.1157733888489661e-20,1.118909084763731e-20,1.1248428866606994e-20,1.1367777011694346e-20
aug-cc-pvtz-dk,3.1370685342671334,395.2231105112422,1.1047223440664378e-20,1.1078962035454877e-20,1.1139051612228176e-20,1.1260029234225128e-20
aug-cc-pvtz-dk,3.1390695347673834,394.9711754607171,1.093721593511933e-20,1.0969324686019708e-20,1.1030143824095123e-20,1.1152705584249399e-20
aug-cc-pvtz-dk,3.141070535267634,394.71956139767474,1.0827721460273413e-20,1.0860188942633049e-20,1.0921715743604913e-20,1.1045816477356557e-20
aug-cc-pvtz-dk,3.143071535767884,394.4682677090562,1.071874962597556e-20,1.0751564476244687e-20,1.0813777151635294e-20,1.093937189267423e-20
aug-cc-pvtz-dk,3.1450725362681338,394.2172937833625,1.0610309459473187e-20,1.0643460382619816e-20,1.0706337268015919e-20,1.0833381277120873e-20
aug-cc-pvtz-dk,3.147073536768384,393.9666390106501,1.0502409321971784e-20,1.053588509967181e-20,1.0599404670376613e-20,1.0727853467512468e-20
aug-cc-pvtz-dk,3.149074537268634,393.7163027825258,1.0395056852207297e-20,1.0428846351298533e-20,1.0492987238543413e-20,1.0622796636326016e-20
aug-cc-pvtz-dk,3.151075537768884,393.4662844921416,1.0288258942011976e-20,1.0322351122675976e-20,1.0387092129375473e-20,1.051821826585212e-20
aug-cc-pvtz-dk,3.1530765382691346,393.21658353419,1.0182021746758755e-20,1.0216405669928534e-20,1.0281725785017385e-20,1.0414125153783733e-20
aug-cc-pvtz-dk,3.1550775387693846,392.9671993048993,1.0076350730975947e-20,1.0111015564558138e-20,1.0176893975112635e-20,1.0310523451084526e-20
aug-cc-pvtz-dk,3.1570785392696346,392.7181312020282,9.971250746584978e-21,1.0006185770218544e-20,1.0072601870812552e-20,1.0207418730451827e-20
aug-cc-pvtz-dk,3.159079539769885,392.4693786248614,9.866726138444576e-21,9.901920746675448e-21,9.968854145718362e-21,1.0104816081106564e-20
aug-cc-pvtz-dk,3.161080540270135,392.2209409742048,9.762780869509961e-21,9.7982245734198e-21,9.865655096527854e-21,1.0002720223306937e-20
aug-cc-pvtz-dk,3.163081540770385,391.97281765238023,9.659418656232362e-21,9.695101083698922e-21,9.76300877442136e-21,9.901135634191099e-21
aug-cc-pvtz-dk,3.1650825412706354,391.7250080632211,9.556643104042807e-21,9.592553998911926e-21,9.660919117336622e-21,9.800066675542012e-21
aug-cc-pvtz-dk,3.1670835417708854,391.4775116120676,9.454457832979721e-21,9.490587053484789e-21,9.559390073362646e-21,9.699517713972886e-21
aug-cc-pvtz-dk,3.1690845422711353,391.2303277057616,9.35286658469739e-21,9.389204101469093e-21,9.458425706518007e-21,9.599493224873955e-21
aug-cc-pvtz-dk,3.1710855427713853,390.9834557526424,9.251873304073064e-21,9.288409198046392e-21,9.358030278033e-21,9.499997873136702e-21
aug-cc-pvtz-dk,3.1730865432716358,390.7368951625414,9.151482191149462e-21,9.188206651608335e-21,9.258208298682138e-21,9.40103656596121e-21
aug-cc-pvtz-dk,3.1750875437718857,390.490645346778,9.051697721892802e-21,9.088601044811641e-21,9.158964550410839e-21,9.30261447567224e-21
aug-cc-pvtz-dk,3.1770885442721357,390.24470571815465,8.952524638883248e-21,8.9895972256454e-21,9.060304078138983e-21,9.204737033096341e-21
aug-cc-pvtz-dk,3.179089544772386,389.999075690952,8.853967915300445e-21,8.891200271809803e-21,8.962232154913258e-21,9.1074098943889e-21
aug-cc-pvtz-dk,3.181090545272636,389.75375468092466,8.756032697212182e-21,8.7934154333752e-21,8.864754225295848e-21,9.010638886005414e-21
aug-cc-pvtz-dk,3.183091545772886,389.5087421052963,8.658724230118774e-21,8.696248059662096e-21,8.767875832900788e-21,8.914429933643214e-21
aug-cc-pvtz-dk,3.1850925462731365,389.2640373827548,8.562047775959433e-21,8.599703516559475e-21,8.671602538311974e-21,8.81878898140373e-21
aug-cc-pvtz-dk,3.1870935467733865,389.01963993344845,8.466008526451497e-21,8.50378710017739e-21,8.575939833325283e-21,8.723721907205685e-21
aug-cc-pvtz-dk,3.1890945472736365,388.7755491789804,8.370611517886254e-21,8.408503951985232e-21,8.480893056719845e-21,8.629234439770028e-21
aug-cc-pvtz-dk,3.191095547773887,388.53176454240474,8.275861551547875e-21,8.313858979619661e-21,8.386467315780716e-21,8.535332081494021e-21
aug-cc-pvtz-dk,3.193096548274137,388.2882854482218,8.181763122944091e-21,8.219856786549609e-21,8.292667416764053e-21,8.442020040438727e-21
aug-cc-pvtz-dk,3.195097548774387,388.0451113223736,8.088320362186124e-21,8.126501612910769e-21,8.19949780657657e-21,8.349303173647107e-21
aug-cc-pvtz-dk,3.1970985492746373,387.80224159223906,7.995536987207252e-21,8.03379728915156e-21,8.106962527227358e-21,8.25718594320468e-21
aug-cc-pvtz-dk,3.1990995497748873,387.55967568663016,7.903416271062945e-21,7.941747203670913e-21,8.015065184117182e-21,8.165672385889757e-21
aug-cc-pvtz-dk,3.2011005502751373,387.31741303578684,7.811961024250319e-21,7.850354285319197e-21,7.923808928911216e-21,8.074766096908091e-21
aug-cc-pvtz-dk,3.2031015507753877,387.07545307137275,7.721173592710605e-21,7.759621001369488e-21,7.83319645749251e-21,7.98447022797573e-21
aug-cc-pvtz-dk,3.2051025512756377,386.833795226471,7.63105587182028e-21,7.669549371231328e-21,7.743230023198924e-21,7.894787499789774e-21
aug-cc-pvtz-dk,3.2071035517758877,386.5924389355795,7.54160933613991e-21,7.580140995675273e-21,7.653911465102644e-21,7.805720228596338e-21
aug-cc-pvtz-dk,3.209104552276138,386.35138363460635,7.452835083931624e-21,7.491397100615268e-21,7.565242250439613e-21,7.717270366051448e-21
aug-cc-pvtz-dk,3.211105552776388,386.1106287608662,7.364733894498428e-21,7.403318593573067e-21,7.477223529440128e-21,7.629439550852928e-21
aug-cc-pvtz-dk,3.213106553276638,385.8701737530749,7.277306295334292e-21,7.31590612991049e-21,7.389856199824975e-21,7.542229169747622e-21
aug-cc-pvtz-dk,3.2151075537768885,385.63001805134587,7.190552635050142e-21,7.229160184903668e-21,7.303140977246114e-21,7.455640424598914e-21
aug-cc-pvtz-dk,3.2171085542771385,385.3901610971855,7.104473157229118e-21,7.143081126917247e-21,7.217078467129784e-21,7.369674401383042e-21
aug-cc-pvtz-dk,3.2191095547773885,385.15060233348873,7.019068069936953e-21,7.057669286487948e-21,7.131669232895067e-21,7.284332136437763e-21
aug-cc-pvtz-dk,3.2211105552776385,384.9113412045349,6.934337605695636e-21,6.972925016174963e-21,7.046913855506281e-21,7.199614675155753e-21
aug-cc-pvtz-dk,3.223111555777889,384.6723771559832,6.850282067379591e-21,6.888848736643251e-21,6.962812979847057e-21,7.115523118689392e-21
aug-cc-pvtz-dk,3.225112556278139,384.43370963486893,6.7669018566857135e-21,6.805440965594535e-21,6.87936734446991e-21,7.032058655131379e-21
aug-cc-pvtz-dk,3.227113556778389,384.1953380895985,6.684197483444326e-21,6.7227023277389604e-21,6.79657779278054e-21,6.94922257298696e-21
aug-cc-pvtz-dk,3.2291145572786393,383.95726196994576,6.602169555891874e-21,6.640633545828593e-21,6.7144452654929265e-21,6.86701625641581e-21
aug-cc-pvtz-dk,3.2311155577788893,383.71948072704754,6.52081875387804e-21,6.559235414616081e-21,6.632970776011859e-21,6.785441163485033e-21
aug-cc-pvtz-dk,3.2331165582791392,383.48199381339936,6.4401457885946634e-21,6.478508761223797e-21,6.552155372031908e-21,6.7044987903154285e-21
aug-cc-pvtz-dk,3.2351175587793897,383.24480068285135,6.36015135357726e-21,6.398454396594551e-21,6.4720000878677276e-21,6.624190625299218e-21
aug-cc-pvtz-dk,3.2371185592796397,383.00790079060425,6.280836072298902e-21,6.3190730632972015e-21,6.3925058926940744e-21,6.544518098349482e-21
aug-cc-pvtz-dk,3.2391195597798896,382.77129359320463,6.2022004475962556e-21,6.240365384918405e-21,6.313673639903923e-21,6.465482530315816e-21
aug-cc-pvtz-dk,3.24112056028014,382.5349785485414,6.124244817478961e-21,6.162331821619264e-21,6.235504022209959e-21,6.387085087263097e-21
aug-cc-pvtz-dk,3.24312156078039,382.2989551158414,6.046969320706994e-21,6.084972635297296e-21,6.157997536032247e-21,6.309326743348949e-21
aug-cc-pvtz-dk,3.24512256128064,382.0632227556652,5.9703738740681886e-21,6.008287866357838e-21,6.081154457311871e-21,6.2322082547110015e-21
aug-cc-pvtz-dk,3.2471235617808905,381.82778092990293,5.894458161777382e-21,5.932277322590491e-21,6.0049748293888115e-21,6.155730145298362e-21
aug-cc-pvtz-dk,3.2491245622811404,381.59262910177057,5.819221636063665e-21,5.856940579280354e-21,5.929458462197929e-21,6.079892704168758e-21
aug-cc-pvtz-dk,3.2511255627813904,381.3577667358055,5.74466352698913e-21,5.782276988639946e-21,5.85460494095497e-21,6.0046959926184415e-21
aug-cc-pvtz-dk,3.253126563281641,381.1231932978625,5.6707828589564355e-21,5.7082856960359415e-21,5.780413641843919e-21,5.93013985875267e-21
aug-cc-pvtz-dk,3.255127563781891,380.88890825510987,5.5975784712345445e-21,5.634965660331862e-21,5.706883752015298e-21,5.856223956799442e-21
aug-cc-pvtz-dk,3.257128564282141,380.6549110760252,5.525049040105993e-21,5.562315675922574e-21,5.634014291421088e-21,5.7829477685983446e-21
aug-cc-pvtz-dk,3.2591295647823912,380.4212012303914,5.453193100795063e-21,5.490334394582798e-21,5.561804134537106e-21,5.710310625168105e-21
aug-cc-pvtz-dk,3.2611305652826412,380.1877781892928,5.382009068015042e-21,5.419020345931921e-21,5.4902520307037395e-21,5.638311726925824e-21
aug-cc-pvtz-dk,3.263131565782891,379.95464142511116,5.311495254617231e-21,5.348371955973606e-21,5.419356622492113e-21,5.5669501618391106e-21
aug-cc-pvtz-dk,3.265132566283141,379.7217904115214,5.2416498883015986e-21,5.278387563664653e-21,5.349116462033422e-21,5.496224921389024e-21
aug-cc-pvtz-dk,3.2671335667833916,379.489224623488,5.172471126578637e-21,5.2090654357189136e-21,5.279530025541558e-21,5.426134914597691e-21
aug-cc-pvtz-dk,3.2691345672836416,379.2569435372609,5.1039570701422596e-21,5.140403779841257e-21,5.210595726285973e-21,5.356678980483075e-21
aug-cc-pvtz-dk,3.2711355677838916,379.02494663037163,5.036105774571861e-21,5.072400756356924e-21,5.142311926067042e-21,5.287855899158826e-21
aug-cc-pvtz-dk,3.273136568284142,378.7932333816292,4.968915259932191e-21,5.0050544878535155e-21,5.074676944903887e-21,5.2196644014785594e-21
aug-cc-pvtz-dk,3.275137568784392,378.56180327111656,4.9023835175054445e-21,4.938363066108519e-21,5.007689068284147e-21,5.1521031767426885e-21
aug-cc-pvtz-dk,3.277138569284642,378.33065578018625,4.836508512698717e-21,4.8723245553635794e-21,4.941346551076995e-21,5.085170877674048e-21
aug-cc-pvtz-dk,3.2791395697848924,378.0997903914569,4.771288183213828e-21,4.806936991022993e-21,4.875647617176367e-21,5.018866121737707e-21
aug-cc-pvtz-dk,3.2811405702851424,377.8692065888093,4.7067204318867595e-21,4.742198373144636e-21,4.8105904541760996e-21,4.953187488003058e-21
aug-cc-pvtz-dk,3.2831415707853924,377.63890385738233,4.642803114178735e-21,4.678106654640102e-21,4.746173202876741e-21,4.8881335091376844e-21
aug-cc-pvtz-dk,3.285142571285643,377.40888168356935,4.579534021048935e-21,4.614659724831375e-21,4.682393942118778e-21,4.8237026587372005e-21
aug-cc-pvtz-dk,3.287143571785893,377.17913955501444,4.516910858728373e-21,4.551855389795492e-21,4.6192506702083715e-21,4.7598933349291076e-21
aug-cc-pvtz-dk,3.2891445722861428,376.9496769606084,4.454931227597309e-21,4.489691351620147e-21,4.556741284906302e-21,4.696703841907704e-21
aug-cc-pvtz-dk,3.291145572786393,376.7204933904849,4.393592602800796e-21,4.428165189146841e-21,4.494863564442593e-21,4.634132371615099e-21
aug-cc-pvtz-dk,3.293146573286643,376.491588336017,4.332892319311342e-21,4.3672743428837865e-21,4.4336151521822004e-21,4.5721769880547894e-21
aug-cc-pvtz-dk,3.295147573786893,376.2629612898133,4.272827563816788e-21,4.3070161064758576e-21,4.3729935473397466e-21,4.5108356166304235e-21
aug-cc-pvtz-dk,3.2971485742871436,376.03461174571385,4.213395375097579e-21,4.247387626439798e-21,4.312996103528871e-21,4.4501060404269e-21
aug-cc-pvtz-dk,3.2991495747873936,375.80653919878694,4.1545926535499535e-21,4.188385910893497e-21,4.2536200360074685e-21,4.3899859045443715e-21
aug-cc-pvtz-dk,3.3011505752876436,375.57874314532506,4.096416179357615e-21,4.130007846871123e-21,4.194862437377784e-21,4.330472728573061e-21
aug-cc-pvtz-dk,3.303151575787894,375.3512230828411,4.0388626376870904e-21,4.072250224692203e-21,4.136720300385809e-21,4.271563926211397e-21
aug-cc-pvtz-dk,3.305152576288144,375.12397851006506,3.981928648357198e-21,4.015109766917595e-21,4.079190545512495e-21,4.213256830053445e-21
aug-cc-pvtz-dk,3.307153576788394,374.89700892694,3.9256107968534215e-21,3.958583158824323e-21,4.022270050408991e-21,4.1555487188588244e-21
aug-cc-pvtz-dk,3.3091545772886444,374.67031383461824,3.8699056634126914e-21,3.9026670771570055e-21,3.965955678000165e-21,4.098436844284265e-21
aug-cc-pvtz-dk,3.3111555777888944,374.4438927354585,3.814809847207682e-21,3.847358214186668e-21,3.910244300294878e-21,4.0419184541496706e-21
aug-cc-pvtz-dk,3.3131565782891443,374.2177451330213,3.760319983357936e-21,3.792653294778412e-21,3.85513281555884e-21,3.98599080981525e-21
aug-cc-pvtz-dk,3.3151575787893943,373.99187053206583,3.7064327514689375e-21,3.738549085123664e-21,3.8006181574207926e-21,3.930651196073388e-21
aug-cc-pvtz-dk,3.3171585792896447,373.7662684385462,3.6531448754892e-21,3.68504239287262e-21,3.7466972955430974e-21,3.875896922970129e-21
aug-cc-pvtz-dk,3.3191595797898947,373.54093835960816,3.600453115710363e-21,3.632130059439601e-21,3.693367228526913e-21,3.821725320005737e-21
aug-cc-pvtz-dk,3.3211605802901447,373.3158798035849,3.548354254561132e-21,3.5798089460916215e-21,3.640624970580578e-21,3.768133724058661e-21
aug-cc-pvtz-dk,3.323161580790395,373.091092279994,3.496845078354452e-21,3.5280759159572186e-21,3.5884675340405615e-21,3.715119463004644e-21
aug-cc-pvtz-dk,3.325162581290645,372.8665752995336,3.445922357288893e-21,3.4769278142542485e-21,3.5368919100346735e-21,3.662679837283656e-21
aug-cc-pvtz-dk,3.327163581790895,372.6423283740791,3.39558282579859e-21,3.426361448846082e-21,3.4858950494225046e-21,3.610812101588868e-21
aug-cc-pvtz-dk,3.3291645822911455,372.41835101667914,3.3458231648695037e-21,3.3763735727699632e-21,3.4354738457053645e-21,3.559513448464643e-21
aug-cc-pvtz-dk,3.3311655827913955,372.1946427415528,3.296639987311113e-21,3.3269608697546305e-21,3.3856251209775634e-21,3.508780995002891e-21
aug-cc-pvtz-dk,3.3331665832916455,371.9712030640853,3.2480298263313077e-21,3.2781199430955418e-21,3.336345615330529e-21,3.458611773152626e-21
aug-cc-pvtz-dk,3.335167583791896,371.74803150082494,3.199989127233651e-21,3.2298473077125028e-21,3.287631979550799e-21,3.409002723539228e-21
aug-cc-pvtz-dk,3.337168584292146,371.5251275694798,3.1525142417336095e-21,3.1821393848723144e-21,3.2394807705743762e-21,3.3599506922405342e-21
aug-cc-pvtz-dk,3.339169584792396,371.3024907889139,3.1056014243161472e-21,3.1349924989652656e-21,3.1918884490283923e-21,3.3114524297570613e-21
aug-cc-pvtz-dk,3.3411705852926463,371.08012067914353,3.0592468302157777e-21,3.0884028758675674e-21,3.144851378303573e-21,3.263504591458165e-21
aug-cc-pvtz-dk,3.3431715857928963,370.85801676133474,3.0134465149252495e-21,3.042366642739529e-21,3.0983658249024096e-21,3.2161037390451494e-21
aug-cc-pvtz-dk,3.3451725862931463,370.6361785577987,2.9681964355264426e-21,2.996879829499483e-21,3.0524279602007937e-21,3.169246342960038e-21
aug-cc-pvtz-dk,3.3471735867933967,370.4146055919892,2.9234924544718586e-21,2.951938372561543e-21,3.0070338641316544e-21,3.1229287860752328e-21
aug-cc-pvtz-dk,3.3491745872936467,370.1932973884989,2.8793303466194138e-21,2.9075381216216028e-21,2.96217953153521e-21,3.0771473693079453e-21
aug-cc-pvtz-dk,3.3511755877938967,369.9722534730557,2.8357058102678803e-21,2.8636748502478284e-21,2.917860881942867e-21,3.031898319923841e-21
aug-cc-pvtz-dk,3.353176588294147,369.75147337251974,2.7926144826323245e-21,2.820344270751714e-21,2.8740737733344917e-21,2.9871778031741445e-21
aug-cc-pvtz-dk,3.355177588794397,369.53095661488,2.7500519596721378e-21,2.777542053312659e-21,2.8308140199516195e-21,2.942981937550669e-21
aug-cc-pvtz-dk,3.357178589294647,369.31070272925047,2.7080138195223958e-21,2.7352638486824124e-21,2.7880774136333965e-21,2.8993068133976738e-21
aug-cc-pvtz-dk,3.359179589794897,369.09071124586745,2.6664956481013235e-21,2.6935053131219144e-21,2.74585974747856e-21,2.856148513986314e-21
aug-cc-pvtz-dk,3.3611805902951475,368.8709816960857,2.6254930649016287e-21,2.6522621336502587e-21,2.7041568400515055e-21,2.8135031375567344e-21
aug-cc-pvtz-dk,3.3631815907953975,368.6515136123754,2.5850017466403505e-21,2.6115300513340145e-21,2.662964557966111e-21,2.771366818389613e-21
aug-cc-pvtz-dk,3.3651825912956475,368.43230652831875,2.545017446421054e-21,2.5713048802983885e-21,2.622278834586194e-21,2.72973574478174e-21
aug-cc-pvtz-dk,3.367183591795898,368.21335997860643,2.505536006383177e-21,2.531582520433761e-21,2.582095682818722e-21,2.688606171927165e-21
aug-cc-pvtz-dk,3.369184592296148,367.9946734990349,2.4665533624448762e-21,2.4923589623754143e-21,2.5424112005277237e-21,2.647974428147859e-21
aug-cc-pvtz-dk,3.371185592796398,367.7762466265025,2.4280655406025264e-21,2.4536302841700826e-21,2.5032215678910973e-21,2.607836913621531e-21
aug-cc-pvtz-dk,3.3731865932966483,367.5580788990064,2.3900686452057175e-21,2.4153926399870155e-21,2.464523036942461e-21,2.5681900916169425e-21
aug-cc-pvtz-dk,3.3751875937968983,367.34016985563954,2.3525588405363165e-21,2.377642242140126e-21,2.4263119144453433e-21,2.5290304731362202e-21
aug-cc-pvtz-dk,3.3771885942971482,367.12251903658716,2.315532327744917e-21,2.340375338422024e-21,2.388584539997388e-21,2.490354596639706e-21
aug-cc-pvtz-dk,3.3791895947973987,366.9051259831236,2.278985319632872e-21,2.3035881872028016e-21,2.3513372617460822e-21,2.45215900507276e-21
aug-cc-pvtz-dk,3.3811905952976486,366.6879902376091,2.242914015853824e-21,2.267277032853553e-21,2.314566412244949e-21,2.4144402226428658e-21
aug-cc-pvtz-dk,3.3831915957978986,366.47111134348665,2.2073145808468718e-21,2.231438083813924e-21,2.27826828677952e-21,2.377194733681843e-21
aug-cc-pvtz-dk,3.385192596298149,366.25448884527856,2.1721831262648896e-21,2.1960674950911625e-21,2.242439125993942e-21,2.340418965503825e-21
aug-cc-pvtz-dk,3.387193596798399,366.0381222885837,2.1375156989265728e-21,2.1611613562526158e-21,2.2070751039435945e-21,2.304109276512814e-21
aug-cc-pvtz-dk,3.389194597298649,365.8220112200738,2.103308274533093e-21,2.126715685186498e-21,2.1721723219150556e-21,2.268261950044398e-21
aug-cc-pvtz-dk,3.3911955977988995,365.60615518749074,2.0695567566787548e-21,2.0927264271862675e-21,2.137726807621969e-21,2.2328731936733874e-21
aug-cc-pvtz-dk,3.3931965982991494,365.3905537396432,2.036256980159756e-21,2.059189458374311e-21,2.1037345188193673e-21,2.1979391431039757e-21
aug-cc-pvtz-dk,3.3951975987993994,365.1752064264034,2.0034047173151754e-21,2.026100592193104e-21,2.070191350058392e-21,2.1634558693717767e-21
aug-cc-pvtz-dk,3.39719859929965,364.96011279870413,1.9709956861355987e-21,1.9934555876767323e-21,2.0370931412556183e-21,2.1294193879702657e-21
aug-cc-pvtz-dk,3.3991995997999,364.7452724085357,1.9390255591114134e-21,1.961250158440176e-21,2.0044356869512037e-21,2.095825668657938e-21
aug-cc-pvtz-dk,3.40120060030015,364.5306848089425,1.9074899721869606e-21,1.929479981713347e-21,1.972214745508725e-21,2.062670645050315e-21
aug-cc-pvtz-dk,3.4032016008004007,364.31634955402023,1.8763845336319997e-21,1.8981407071962122e-21,1.940426047964433e-21,2.029950223557985e-21
aug-cc-pvtz-dk,3.4052026013006502,364.10226619891284,1.845704833030679e-21,1.8672279659124176e-21,1.909065306656274e-21,1.997660291690239e-21
aug-cc-pvtz-dk,3.4072036018009006,363.8884342998091,1.8154464508269785e-21,1.83673737949614e-21,1.8781282240541713e-21,1.965796726098602e-21
aug-cc-pvtz-dk,3.40920460230115,363.67485341393984,1.7856049689020245e-21,1.8066645704044958e-21,1.8476105023106327e-21,1.9343554009115014e-21
aug-cc-pvtz-dk,3.4112056028014,363.4615230995747,1.756175982479608e-21,1.777005173388746e-21,1.8175078539300763e-21,1.9033321968710502e-21
aug-cc-pvtz-dk,3.4132066033016506,363.24844291601937,1.7271551133045505e-21,1.74775484822056e-21,1.7878160136478448e-21,1.872723011541127e-21
aug-cc-pvtz-dk,3.4152076038019,363.0356124236122,1.6985380235888942e-21,1.7189092932266257e-21,1.7585307511815204e-21,1.8425237704654094e-21
aug-cc-pvtz-dk,3.4172086043021515,362.8230311837212,1.6703204297776139e-21,1.6904642587386083e-21,1.729647884067493e-21,1.8127304387064682e-21
aug-cc-pvtz-dk,3.419209604802401,362.61069875874176,1.642498114851672e-21,1.6624155592193152e-21,1.7011632894282334e-21,1.7833390317943562e-21
aug-cc-pvtz-dk,3.4212106053026514,362.39861471209235,1.6150669377478072e-21,1.634759082667803e-21,1.673072913321746e-21,1.754345624852237e-21
aug-cc-pvtz-dk,3.4232116058029014,362.18677860821276,1.5880228385833045e-21,1.6074907959914525e-21,1.6453727763657043e-21,1.7257463586204305e-21
aug-cc-pvtz-dk,3.425212606303151,361.9751900125603,1.5613618387302831e-21,1.580606745365766e-21,1.6180589746165037e-21,1.697537441295519e-21
aug-cc-pvtz-dk,3.4272136068034014,361.76384849160706,1.5350800353456217e-21,1.5541030511448868e-21,1.591127675187804e-21,1.669715145524011e-21
aug-cc-pvtz-dk,3.429214607303652,361.5527536128373,1.5091735906414027e-21,1.5279758975526956e-21,1.564575106735582e-21,1.6422758004760657e-21
aug-cc-pvtz-dk,3.4312156078039022,361.3419049447441,1.4836387168658052e-21,1.5022215180668078e-21,1.5383975456123171e-21,1.6152157795783642e-21
aug-cc-pvtz-dk,3.4332166083041518,361.1313020568265,1.4584716585405087e-21,1.4768361779909385e-21,1.512591299087475e-21,1.5885314850953797e-21
aug-cc-pvtz-dk,3.435217608804402,360.9209445195864,1.4336686738672044e-21,1.451816156092616e-21,1.4871526874400785e-21,1.5622193312063912e-21
aug-cc-pvtz-dk,3.437218609304652,360.7108319045263,1.4092260173099235e-21,1.4271577272974338e-21,1.4620780268808881e-21,1.5362757274508323e-21
aug-cc-pvtz-dk,3.4392196098049017,360.5009637841455,1.3851399251631034e-21,1.402857148255563e-21,1.4373636151270163e-21,1.510697064363519e-21
aug-cc-pvtz-dk,3.441220610305152,360.2913397319378,1.3614066054621518e-21,1.378910647161802e-21,1.4130057210539465e-21,1.4854797028017134e-21
aug-cc-pvtz-dk,3.4432216108054026,360.08195932238846,1.3380222329599565e-21,1.3553144185898868e-21,1.3890005792552002e-21,1.460619967930156e-21
aug-cc-pvtz-dk,3.445222611305653,359.8728221309714,1.3149829491863823e-21,1.332064623400068e-21,1.3653443896490278e-21,1.4361141481687752e-21
aug-cc-pvtz-dk,3.4472236118059034,359.6639277341459,1.2922848669464298e-21,1.3091573931137704e-21,1.3420333216007561e-21,1.411958498732913e-21
aug-cc-pvtz-dk,3.449224612306153,359.45527570935457,1.2699240781015795e-21,1.28658883762676e-21,1.3190635214870052e-21,1.3881492488179412e-21
aug-cc-pvtz-dk,3.451225612806403,359.24686563501956,1.2478966631947923e-21,1.2643550548320825e-21,1.2964311222977621e-21,1.364682611091355e-21
aug-cc-pvtz-dk,3.4532266133066534,359.0386970905403,1.2261987014559727e-21,1.24245214068283e-21,1.2741322537975228e-21,1.3415547920113766e-21
aug-cc-pvtz-dk,3.455227613806903,358.8307696562907,1.2048262799459401e-21,1.2208761984306717e-21,1.2521630519422967e-21,1.3187620016010583e-21
aug-cc-pvtz-dk,3.4572286143071533,358.623082913616,1.183775501005608e-21,1.1996233461746855e-21,1.2305196666271107e-21,1.2963004616359214e-21
aug-cc-pvtz-dk,3.459229614807403,358.4156364448301,1.1630424876819834e-21,1.1786897223571937e-21,1.209198267333679e-21,1.2741664116759447e-21
aug-cc-pvtz-dk,3.461230615307654,358.20842983321285,1.142623387300132e-21,1.1580714893459817e-21,1.1881950467584488e-21,1.2523561128918121e-21
aug-cc-pvtz-dk,3.4632316158079037,358.0014626630074,1.1225143737436507e-21,1.1377648356476073e-21,1.1675062229278626e-21,1.2308658500995054e-21
aug-cc-pvtz-dk,3.4652326163081537,357.7947345194168,1.102711649220976e-21,1.1177659775276652e-21,1.1471280405692127e-21,1.2096919327376615e-21
aug-cc-pvtz-dk,3.467233616808404,357.5882449886019,1.0832114462991845e-21,1.0980711608356859e-21,1.1270567725606755e-21,1.188830695645677e-21
aug-cc-pvtz-dk,3.4692346173086537,357.3819936576785,1.064010030787073e-21,1.0786766636475718e-21,1.1072887221289836e-21,1.168278500409403e-21
aug-cc-pvtz-dk,3.471235617808904,357.1759801147139,1.0451037056987981e-21,1.0595787999975796e-21,1.0878202261421844e-21,1.1480317377670598e-21
aug-cc-pvtz-dk,3.4732366183091545,356.9702039487253,1.0264888161067924e-21,1.0407739245513865e-21,1.06864765943039e-21,1.1280868311733321e-21
aug-cc-pvtz-dk,3.475237618809405,356.76466474967606,1.008161754293951e-21,1.0222584376670175e-21,1.0497674396531634e-21,1.1084402411938049e-21
aug-cc-pvtz-dk,3.4772386193096545,356.55936210847364,9.901189643296908e-22,1.0040287899918451e-21,1.0311760319101115e-21,1.0890884700384797e-21
aug-cc-pvtz-dk,3.479239619809905,356.35429561696617,9.723569450886462e-22,9.860814856200162e-22,1.0128699521341138e-21,1.070028065322028e-21
aug-cc-pvtz-dk,3.481240620310155,356.14946486794076,9.54872250835666e-22,9.684130829200138e-22,9.948457683548737e-22,1.0512556221119171e-21
aug-cc-pvtz-dk,3.4832416208104044,355.94486945512,9.376614888039673e-22,9.510201924277111e-22,9.771000991721258e-22,1.032767782505284e-21
aug-cc-pvtz-dk,3.485242621310655,355.7405089731592,9.207213136435704e-22,9.338994716382937e-22,9.59629609191119e-22,1.0145612323330546e-21
aug-cc-pvtz-dk,3.4872436218109053,355.53638301764454,9.04048419132077e-22,9.170476170405746e-22,9.424310016723267e-22,9.96632695060034e-22
aug-cc-pvtz-dk,3.4892446223111557,355.33249118508957,8.876395280225648e-22,9.004613542235507e-22,9.255010091386266e-22,9.78978923443751e-22
aug-cc-pvtz-dk,3.491245622811406,355.128833072933,8.714913812623869e-22,8.84137427255309e-22,9.088363830733407e-22,9.615966899391957e-22
aug-cc-pvtz-dk,3.4932466233116557,354.925408279536,8.55600727980033e-22,8.68072588714627e-22,8.92433884053822e-22,9.444827771070348e-22
aug-cc-pvtz-dk,3.4952476238119057,354.72221640417916,8.399643175708057e-22,8.522635917085175e-22,8.76290273654688e-22,9.276339693455906e-22
aug-cc-pvtz-dk,3.497248624312156,354.5192570470605,8.24578894922364e-22,8.367071849375514e-22,8.604023092187193e-22,9.110470471047085e-22
aug-cc-pvtz-dk,3.4992496248124056,354.3165298092924,8.094411993562853e-22,8.214001114198644e-22,8.447667421702629e-22,8.947187843776684e-22
aug-cc-pvtz-dk,3.501250625312656,354.11403429289896,7.945479673025065e-22,8.063391109326983e-22,8.293803200093194e-22,8.786459497683092e-22
aug-cc-pvtz-dk,3.5032516258129065,353.9117701008139,7.79895938166944e-22,7.915209256731355e-22,8.142397915677996e-22,8.628253108816535e-22
aug-cc-pvtz-dk,3.505252626313157,353.70973683687737,7.654818623952546e-22,7.76942308174244e-22,7.99341914630013e-22,8.472536412842766e-22
aug-cc-pvtz-dk,3.5072536268134065,353.50793410583367,7.513025104561299e-22,7.626000302194219e-22,7.846834647005981e-22,8.3192772891380955e-22
aug-cc-pvtz-dk,3.5092546273136564,353.30636151332857,7.373546814095461e-22,7.48490891422987e-22,7.702612435966492e-22,8.168443846468736e-22
aug-cc-pvtz-dk,3.511255627813907,353.1050186659068,7.236352098939863e-22,7.346117262972382e-22,7.560720866612108e-22,8.020004497884361e-22
aug-cc-pvtz-dk,3.5132566283141564,352.90390517100957,7.101409707236978e-22,7.209594089703754e-22,7.42112867713752e-22,7.873928015069641e-22
aug-cc-pvtz-dk,3.515257628814407,352.7030206369717,6.968688807626673e-22,7.075308551883332e-22,7.283805013070731e-22,7.730183556570096e-22
aug-cc-pvtz-dk,3.5172586293146573,352.5023646730195,6.838158982450344e-22,6.943230217368288e-22,7.148719423620124e-22,7.588740669232129e-22
aug-cc-pvtz-dk,3.5192596298149077,352.3019368892679,6.709790201489234e-22,6.813329038643617e-22,7.015841837079114e-22,7.4495692669503275e-22
aug-cc-pvtz-dk,3.5212606303151572,352.1017368967183,6.583552785242431e-22,6.685575315930592e-22,6.885142523859372e-22,7.312639594534421e-22
aug-cc-pvtz-dk,3.523261630815407,351.90176430725546,6.459417367753835e-22,6.559939659200742e-22,6.756592057172168e-22,7.177922186536307e-22
aug-cc-pvtz-dk,3.5252626313156576,351.7020187336455,6.337354867961875e-22,6.43639295823794e-22,6.630161280785556e-22,7.0453878308997045e-22
aug-cc-pvtz-dk,3.527263631815907,351.50249978953343,6.217336475752973e-22,6.3149063672162745e-22,6.505821290845666e-22,6.915007545380454e-22
aug-cc-pvtz-dk,3.5292646323161585,351.30320708944004,6.099333654966401e-22,6.195451306388493e-22,6.383543435008776e-22,6.786752571275089e-22
aug-cc-pvtz-dk,3.531265632816408,351.1041402487604,5.983318161346945e-22,6.077999479219182e-22,6.263299327870144e-22,6.660594384805311e-22
aug-cc-pvtz-dk,3.5332666333166585,350.9052988837604,5.869262069736636e-22,5.96252289951367e-22,6.145060877759795e-22,6.536504722384345e-22
aug-cc-pvtz-dk,3.5352676338169085,350.7066826115749,5.757137802395878e-22,5.848993920560255e-22,6.028800317201549e-22,6.414455612773624e-22
aug-cc-pvtz-dk,3.5372686343171584,350.50829105020506,5.646918149709465e-22,5.7373852575068585e-22,5.91449022823199e-22,6.294419407440688e-22
aug-cc-pvtz-dk,3.5392696348174084,350.3101238185159,5.538576275806485e-22,5.6276699953064335e-22,5.802103554581545e-22,6.176368800597586e-22
aug-cc-pvtz-dk,3.541270635317659,350.1121805362339,5.43208570453663e-22,5.519821577350889e-22,5.691613595251659e-22,6.0602768323763e-22
aug-cc-pvtz-dk,3.5432716358179084,349.9144608239447,5.327420285226864e-22,5.413813773823114e-22,5.582993977781175e-22,5.946116871991512e-22
aug-cc-pvtz-dk,3.545272636318159,349.71696430309015,5.224554141901003e-22,5.309620633054477e-22,5.476218613734117e-22,5.833862581875481e-22
aug-cc-pvtz-dk,3.5472736368184092,349.51969059596667,5.123461613331682e-22,5.207216422932299e-22,5.371261642816387e-22,5.723487867821973e-22
aug-cc-pvtz-dk,3.5492746373186597,349.32263932572226,5.024117193669573e-22,5.1065755719059555e-22,5.268097374766022e-22,5.6149668233408255e-22
aug-cc-pvtz-dk,3.551275637818909,349.12581011635444,4.926495483972616e-22,5.007672619881654e-22,5.166700239208741e-22,5.50827367807082e-22
aug-cc-pvtz-dk,3.553276638319159,348.9292025927073,4.830571163587876e-22,4.910482188093961e-22,5.067044752790122e-22,5.403382759878168e-22
aug-cc-pvtz-dk,3.5552776388194096,348.73281638046996,4.736318987253584e-22,4.814978974099335e-22,4.969105510231576e-22,5.300268478203445e-22
aug-cc-pvtz-dk,3.557278639319659,348.53665110617357,4.643713809537444e-22,4.721137773875754e-22,4.872857201981494e-22,5.19890533267337e-22
aug-cc-pvtz-dk,3.5592796398199096,348.340706397189,4.552730633596647e-22,4.628933528405001e-22,4.77827465658468e-22,5.099267946628224e-22
aug-cc-pvtz-dk,3.56128064032016,348.14498188172496,4.463344677080628e-22,4.538341387902209e-22,4.685332901605645e-22,5.001331120833904e-22
aug-cc-pvtz-dk,3.5632816408204104,347.94947718882486,4.3755314450705e-22,4.4493367838223e-22,4.594007233712603e-22,4.905069899069458e-22
aug-cc-pvtz-dk,3.56528264132066,347.75419194836536,4.289266798794696e-22,4.361895497472017e-22,4.5042732869542995e-22,4.810459635171708e-22
aug-cc-pvtz-dk,3.56728364182091,347.5591257910532,4.2045270096815445e-22,4.275993714719858e-22,4.416107088624655e-22,4.717476050864266e-22
aug-cc-pvtz-dk,3.5692846423211604,347.3642783484233,4.1212887909453257e-22,4.1916080587940434e-22,4.329485094337266e-22,4.626095275343454e-22
aug-cc-pvtz-dk,3.57128564282141,347.16964925283656,4.0395293028535823e-22,4.108715597016448e-22,4.244384197599131e-22,4.536293860822346e-22
aug-cc-pvtz-dk,3.5732866433216612,346.97523813747716,3.959226132357327e-22,4.027293821822707e-22,4.160781713599708e-22,4.448048772445955e-22
aug-cc-pvtz-dk,3.5752876438219108,346.7810446363509,3.8803572520450835e-22,3.94732061073254e-22,4.078655341296148e-22,4.361337355399524e-22
aug-cc-pvtz-dk,3.577288644322161,346.5870683842819,3.8029009666307826e-22,3.8687741732762113e-22,3.9979831113824054e-22,4.276137285828345e-22
aug-cc-pvtz-dk,3.579289644822411,346.39330901691125,3.72683585683829e-22,3.7916329946675445e-22,3.918743329759247e-22,4.192426514690778e-22
aug-cc-pvtz-dk,3.5812906453226607,346.19976617069426,3.6521407303300476e-22,3.7158757859428243e-22,3.84091452632621e-22,4.1101832144329226e-22
aug-cc-pvtz-dk,3.583291645822911,346.00643948289826,3.5787945873439063e-22,3.641481448429588e-22,3.7644754173123685e-22,4.0293857373091734e-22
aug-cc-pvtz-dk,3.5852926463231616,345.81332859160034,3.5067766053671847e-22,3.568429057161046e-22,3.6894048862921514e-22,3.95001259151377e-22
aug-cc-pvtz-dk,3.587293646823412,345.62043313568535,3.4360661431636985e-22,3.4966978638669217e-22,3.615681985116888e-22,3.872042437575357e-22
aug-cc-pvtz-dk,3.5892946473236615,345.4277527548432,3.3666427605618675e-22,3.4262673162283855e-22,3.5432859519974575e-22,3.7954541034264044e-22
aug-cc-pvtz-dk,3.591295647823912,345.2352870895668,3.298486247363804e-22,3.3571170869440394e-22,3.4721962406689747e-22,3.7202266129712613e-22
aug-cc-pvtz-dk,3.593296648324162,345.0430357811499,3.231576653117453e-22,3.289227104404391e-22,3.402392552575567e-22,3.6463392205173847e-22
aug-cc-pvtz-dk,3.595297648824412,344.850998471685,3.1658943095951646e-22,3.222577576728309e-22,3.333854863693456e-22,3.5737714425556073e-22
aug-cc-pvtz-dk,3.597298649324662,344.6591748040606,3.1014198395956694e-22,3.1571490025576274e-22,3.266563438998146e-22,3.5025030792203286e-22
aug-cc-pvtz-dk,3.5992996498249124,344.4675644219597,3.0381341487566183e-22,3.092922164985153e-22,3.20049883037579e-22,3.432514220133214e-22
aug-cc-pvtz-dk,3.601300650325162,344.27616696985694,2.9760184008114535e-22,3.029878108704175e-22,3.1356418574128624e-22,3.3637852327496164e-22
aug-cc-pvtz-dk,3.6033016508254123,344.08498209301683,2.9150539803998107e-22,2.967998104173512e-22,3.071973574247095e-22,3.2962967351030833e-22
aug-cc-pvtz-dk,3.6053026513256627,343.8940094374913,2.855222450414247e-22,2.907263605554812e-22,3.009475228782424e-22,3.2300295582322644e-22
aug-cc-pvtz-dk,3.6073036518259127,343.70324865011787,2.7965055123655035e-22,2.8476562108095215e-22,2.9481282224432563e-22,3.164964705907888e-22
aug-cc-pvtz-dk,3.6093046523261627,343.51269937851697,2.738884978074646e-22,2.789157632317897e-22,2.8879140788999608e-22,3.101083320100239e-22
aug-cc-pvtz-dk,3.6113056528264127,343.3223612710902,2.682342759171824e-22,2.7317496846924975e-22,2.8288144287762306e-22,3.038366659771969e-22
aug-cc-pvtz-dk,3.613306653326663,343.13223397701785,2.6268608777422785e-22,2.675414293422351e-22,2.7708110145186263e-22,2.97679609820995e-22
aug-cc-pvtz-dk,3.6153076538269127,342.94231714625715,2.5724214976034933e-22,2.6201335241754054e-22,2.713885715905272e-22,2.916353140674982e-22
aug-cc-pvtz-dk,3.617308654327164,342.7526104295394,2.519006971857182e-22,2.565889628731855e-22,2.658020592801724e-22,2.8570194603078055e-22
aug-cc-pvtz-dk,3.6193096548274135,342.563113478369,2.4665998992648434e-22,2.512665100351605e-22,2.6031979384735004e-22,2.7987769467175127e-22
aug-cc-pvtz-dk,3.621310655327664,342.37382594502,2.415183180234112e-22,2.460442729498426e-22,2.5494003346650203e-22,2.7416077591647985e-22
aug-cc-pvtz-dk,3.623311655827914,342.1847474825348,2.364740063113952e-22,2.409205650613135e-22,2.49661069915814e-22,2.685494375221999e-22
aug-cc-pvtz-dk,3.6253126563281635,341.995877744722,2.315254173093763e-22,2.358937372089005e-22,2.444812317720941e-22,2.63041962643685e-22
aug-cc-pvtz-dk,3.627313656828414,341.80721638615364,2.2667095189930044e-22,2.309621784488471e-22,2.393988855032645e-22,2.576366714735218e-22
aug-cc-pvtz-dk,3.6293146573286643,341.618763062164,2.2190904770509207e-22,2.2612431458074833e-22,2.3441243428185543e-22,2.5233192066512524e-22
aug-cc-pvtz-dk,3.6313156578289147,341.4305174288469,2.1723817547714834e-22,2.213786046543144e-22,2.2952031473715105e-22,2.471261006346007e-22
aug-cc-pvtz-dk,3.6333166583291643,341.24247914305386,2.1265683412183496e-22,2.167235360721781e-22,2.247209922142893e-22,2.4201763120468003e-22
aug-cc-pvtz-dk,3.6353176588294147,341.0546478623916,2.0816354522779598e-22,2.121576191274545e-22,2.2001295535111174e-22,2.370049563328089e-22
aug-cc-pvtz-dk,3.6373186593296647,340.8670232452207,2.037568479943862e-22,2.0767938188131638e-22,2.1539471087468973e-22,2.320865388055983e-22
aug-cc-pvtz-dk,3.6393196598299142,340.67960495065296,1.9943529535462658e-22,2.032873661858001e-22,2.1086477944425404e-22,2.2726085575865056e-22
aug-cc-pvtz-dk,3.6413206603301647,340.4923926385493,1.9519745183014856e-22,1.989801254123057e-22,2.0642169314279698e-22,2.225263957012111e-22
aug-cc-pvtz-dk,3.643321660830415,340.30538596951806,1.9104189330890943e-22,1.9475622410511065e-22,2.020639948902892e-22,2.17881657424949e-22
aug-cc-pvtz-dk,3.6453226613306655,340.1185846049128,1.8696720856518232e-22,1.906142394077818e-22,1.9779023968113987e-22,2.133251508137506e-22
aug-cc-pvtz-dk,3.647323661830915,339.93198820683034,1.8297200201620403e-22,1.8655276377945993e-22,1.9359899720786927e-22,2.0885539921599776e-22
aug-cc-pvtz-dk,3.6493246623311655,339.7455964381083,1.79054896991865e-22,1.8257040828970522e-22,1.894888551859892e-22,2.0447094275937511e-22
aug-cc-pvtz-dk,3.6513256628314155,339.55940896232363,1.7521453872259172e-22,1.7866580569658022e-22,1.8545842258710475e-22,2.0017034183289084e-22
aug-cc-pvtz-dk,3.6533266633316654,339.3734254437902,1.7144959633718444e-22,1.7483761258645998e-22,1.8150633203644295e-22,1.9595217995886415e-22
aug-cc-pvtz-dk,3.6553276638319154,339.18764554755717,1.6775876338754212e-22,1.71084510068883e-22,1.7763124082533525e-22,1.9181506542699622e-22
aug-cc-pvtz-dk,3.657328664332166,339.00206893940634,1.6414075673520154e-22,1.6740520283184688e-22,1.738318302888216e-22,1.8775763133213604e-22
aug-cc-pvtz-dk,3.6593296648324163,338.816695285851,1.6059431398225244e-22,1.637984167102587e-22,1.7010680364385556e-22,1.8377853399312522e-22
aug-cc-pvtz-dk,3.6613306653326667,338.631524254133,1.5711818993841447e-22,1.6026289523479368e-22,1.6645488270697657e-22,1.7987645006640452e-22
aug-cc-pvtz-dk,3.6633316658329163,338.4465555122218,1.5371115282636945e-22,1.567973958486726e-22,1.628748041485805e-22,1.7605007293921984e-22
aug-cc-pvtz-dk,3.6653326663331662,338.26178872881127,1.5037198099836434e-22,1.5340068656348903e-22,1.5936531604827614e-22,1.7229810914123052e-22
aug-cc-pvtz-dk,3.6673336668334167,338.07722357331875,1.4709946085484444e-22,1.500715437560026e-22,1.5592517547159228e-22,1.686192755205818e-22
aug-cc-pvtz-dk,3.669334667333666,337.89285971588276,1.4389238643646022e-22,1.46808751599326e-22,1.5255314760131958e-22,1.6501229779013439e-22
aug-cc-pvtz-dk,3.6713356678339166,337.70869682736065,1.4074956084671167e-22,1.4361110331462821e-22,1.4924800666348006e-22,1.6147591078923037e-22
aug-cc-pvtz-dk,3.673336668334167,337.52473457932723,1.3766979931408363e-22,1.4047740408243574e-22,1.460085385447953e-22,1.5800886047645382e-22
aug-cc-pvtz-dk,3.6753376688344175,337.34097264407234,1.3465193338648224e-22,1.3740647513232787e-22,1.428335446714117e-22,1.5460990733281272e-22
aug-cc-pvtz-dk,3.677338669334667,337.1574106945994,1.3169481552811186e-22,1.3439715829814158e-22,1.3972184647075306e-22,1.5127783057767636e-22
aug-cc-pvtz-dk,3.6793396698349174,336.9740484046227,1.28797323301445e-22,1.3144832022628598e-22,1.3667228961642464e-22,1.4801143243406202e-22
aug-cc-pvtz-dk,3.6813406703351674,336.79088544856637,1.2595836238208066e-22,1.2855885547715604e-22,1.3368374728410534e-22,1.448095416578647e-22
aug-cc-pvtz-dk,3.683341670835417,336.6079215015619,1.231768678590824e-22,1.2572768795337693e-22,1.3075512181841586e-22,1.4167101567096293e-22
aug-cc-pvtz-dk,3.6853426713356674,336.4251562394462,1.2045180357946385e-22,1.2295377038739647e-22,1.2788534449459982e-22,1.385947408873446e-22
aug-cc-pvtz-dk,3.687343671835918,336.24258933876,1.1778215964483254e-22,1.2023608196810013e-22,1.2507337340057357e-22,1.3557963114698011e-22
aug-cc-pvtz-dk,3.6893446723361683,336.0602204767457,1.1516694849549555e-22,1.1757362451667688e-22,1.2231818980043122e-22,1.3262462451288794e-22
aug-cc-pvtz-dk,3.6913456728364187,335.87804933134566,1.1260520026099648e-22,1.1496541787366043e-22,1.1961879360650315e-22,1.297286789781373e-22
aug-cc-pvtz-dk,3.693346673336668,335.69607558120003,1.1009595817211017e-22,1.124104952863202e-22,1.1697419873511669e-22,1.2689076781788704e-22
aug-cc-pvtz-dk,3.695347673836918,335.51429890564503,1.0763827479645282e-22,1.0990789956488941e-22,1.1438342912375606e-22,1.2410987537156326e-22
aug-cc-pvtz-dk,3.6973486743371677,335.33271898471116,1.0523120968698647e-22,1.0745668061405406e-22,1.1184551604642468e-22,1.2138499394481185e-22
aug-cc-pvtz-dk,3.699349674837418,335.15133549912105,1.02873828753039e-22,1.0505589467384723e-22,1.0935949710679757e-22,1.18715122298344e-22
aug-cc-pvtz-dk,3.7013506753376686,334.9701481302879,1.0056520533233934e-22,1.0270460527551792e-22,1.0692441696627086e-22,1.1609926588569619e-22
aug-cc-pvtz-dk,3.703351675837919,334.78915656031336,9.830442262210356e-23,1.0040188559473785e-22,1.045393295368332e-22,1.135364386716147e-22
aug-cc-pvtz-dk,3.7053526763381694,334.6083604719859,9.609057687882982e-23,9.814682162865739e-23,1.022033010996082e-22,1.1102566607078532e-22
aug-cc-pvtz-dk,3.707353676838419,334.42775954877885,9.392278066598204e-23,9.5938515482105e-23,9.991541364882766e-23,1.0856598834738335e-22
aug-cc-pvtz-dk,3.709354677338669,334.2473534748483,9.180016543932062e-23,9.377608804687618e-23,9.767476773698237e-23,1.0615646374592568e-22
aug-cc-pvtz-dk,3.7113556778389194,334.06714193503166,8.972188290769859e-23,9.165868049530492e-23,9.548048421305455e-23,1.0379617069513748e-22
aug-cc-pvtz-dk,3.713356678339169,333.8871246148458,8.768710486214295e-23,8.958545425668067e-23,9.333170447763677e-23,1.0148420862320157e-22
aug-cc-pvtz-dk,3.7153576788394194,333.7073012004847,8.569502147803783e-23,8.755558945408073e-23,9.122758918085316e-23,9.92196972060364e-23
aug-cc-pvtz-dk,3.71735867933967,333.52767137881847,8.374483840317257e-23,8.556828208933881e-23,8.91673156021156e-23,9.700177418449908e-23
aug-cc-pvtz-dk,3.71935967983992,333.3482348373907,8.183577318916319e-23,8.362274051558336e-23,8.715007421470188e-23,9.482959217118431e-23
aug-cc-pvtz-dk,3.7213606803401698,333.1689912644173,7.99670517581385e-23,8.171818188155348e-23,8.517506510206633e-23,9.270231506789027e-23
aug-cc-pvtz-dk,3.7233616808404197,332.9899403487841,7.81379055955577e-23,7.985382924269483e-23,8.324149492598193e-23,9.06191147931394e-23
aug-cc-pvtz-dk,3.72536268134067,332.81108178004564,7.634757022422169e-23,7.802890990924243e-23,8.134857504318863e-23,8.857916896087888e-23
aug-cc-pvtz-dk,3.7273636818409197,332.63241524842306,7.459528527071653e-23,7.624265536577839e-23,7.949552114780067e-23,8.658165996868819e-23
aug-cc-pvtz-dk,3.729364682341171,332.4539404448021,7.288029613081544e-23,7.449430279573084e-23,7.768155452387126e-23,8.4625775682139e-23
aug-cc-pvtz-dk,3.7313656828414206,332.275657060732,7.120185693374046e-23,7.278309793625487e-23,7.590590468302069e-23,8.271071159426334e-23
aug-cc-pvtz-dk,3.733366683341671,332.09756478842286,6.955923425463991e-23,7.110829873220414e-23,7.416781289454896e-23,8.083567405380423e-23
aug-cc-pvtz-dk,3.735367683841921,331.9196633207446,6.795171087915111e-23,6.946917910264753e-23,7.24665359422644e-23,7.899988394885241e-23
aug-cc-pvtz-dk,3.737368684342171,331.7419523512247,6.637858890941987e-23,6.786503210742071e-23,7.080134939462842e-23,7.72025801414048e-23
aug-cc-pvtz-dk,3.739369684842421,331.5644315740468,6.483919162140905e-23,6.629517191068267e-23,6.917154976304144e-23,7.544302199192483e-23
aug-cc-pvtz-dk,3.7413706853426705,331.38710068404873,6.333286371404991e-23,6.475893416075849e-23,6.757645512858837e-23,7.372049048104743e-23
aug-cc-pvtz-dk,3.743371685842921,331.2099593767206,6.185896988874455e-23,6.325567469923017e-23,6.60154041020114e-23,7.203428769685132e-23
aug-cc-pvtz-dk,3.7453726863431713,331.03300734820357,6.041689200525949e-23,6.178476682041277e-23,6.448775328990018e-23,7.038373475975103e-23
aug-cc-pvtz-dk,3.7473736868434218,330.85624429528764,5.900602531989458e-23,6.034559756758189e-23,6.299287371453728e-23,6.876816854615001e-23
aug-cc-pvtz-dk,3.7493746873436717,330.6796699154103,5.762577447443671e-23,5.893756372400186e-23,6.153014682307453e-23,6.718693779117986e-23
aug-cc-pvtz-dk,3.7513756878439217,330.5032839066542,5.627554994049553e-23,5.756006820385806e-23,6.009896078942901e-23,6.563939925974634e-23
aug-cc-pvtz-dk,3.7533766883441717,330.32708596774626,5.495476552722456e-23,5.621251746236146e-23,5.869870774722971e-23,6.412491465350599e-23
aug-cc-pvtz-dk,3.755377688844422,330.1510757980551,5.366283735085468e-23,5.489432034321224e-23,5.732878240798447e-23,6.26428487746698e-23
aug-cc-pvtz-dk,3.7573786893446717,329.9752530975902,5.239918438254564e-23,5.36048885043079e-23,5.598858225119037e-23,6.119256922434849e-23
aug-cc-pvtz-dk,3.759379689844922,329.79961756699936,5.116323039107326e-23,5.234363826247957e-23,5.467750917395274e-23,5.977344762056783e-23
aug-cc-pvtz-dk,3.7613806903451725,329.6241689075675,4.995440683577128e-23,5.110999343214993e-23,5.339497221371685e-23,5.838486203486527e-23
aug-cc-pvtz-dk,3.763381690845423,329.4489068212149,4.877215609225911e-23,4.9903388551394526e-23,5.2140390760807654e-23,5.702620012084964e-23
aug-cc-pvtz-dk,3.7653826913456725,329.27383101049554,4.7615934340815323e-23,4.8723271825618066e-23,5.09131975943052e-23,5.56968622855601e-23
aug-cc-pvtz-dk,3.7673836918459225,329.09894117859517,4.6485213523440715e-23,4.75691071846102e-23,4.971284111987587e-23,5.439626425701406e-23
aug-cc-pvtz-dk,3.769384692346173,328.9242370293298,4.5379481965142894e-23,4.64403750296059e-23,4.853878635193355e-23,5.312383852755967e-23
aug-cc-pvtz-dk,3.7713856928464224,328.7497182671442,4.4298243520117254e-23,4.533657150713784e-23,4.739051443218107e-23,5.1879034376968796e-23
aug-cc-pvtz-dk,3.7733866933466738,328.57538459710986,4.3241015393147283e-23,4.425720643571811e-23,4.6267520763936e-23,5.066131645816859e-23
aug-cc-pvtz-dk,3.7753876938469233,328.4012357249238,4.220732504480933e-23,4.3201800273888946e-23,4.516931211116893e-23,4.947016220813114e-23
aug-cc-pvtz-dk,3.7773886943471737,328.22727135690633,4.119670676665753e-23,4.216988070382061e-23,4.4095403211376076e-23,4.8305058573205576e-23
aug-cc-pvtz-dk,3.7793896948474237,328.0534912,4.0208698576071247e-23,4.1160979478447064e-23,4.3045313544502165e-23,4.716549866917213e-23
aug-cc-pvtz-dk,3.7813906953476732,327.87989496176743,3.9242840018349676e-23,4.0174630128618096e-23,4.201856486892421e-23,4.605097900703284e-23
aug-cc-pvtz-dk,3.7833916958479237,327.70648235039005,3.82986712885442e-23,3.9210366960506925e-23,4.101467998673299e-23,4.496099780476336e-23
aug-cc-pvtz-dk,3.785392696348174,327.5332530746663,3.737573383171923e-23,3.82677255251563e-23,4.003318296350428e-23,4.3895054695002966e-23
aug-cc-pvtz-dk,3.7873936968484245,327.36020684401,3.647357229665712e-23,3.734624445939273e-23,3.9073600748144093e-23,4.285265186964303e-23
aug-cc-pvtz-dk,3.789394697348674,327.18734336844886,3.559173745908276e-23,3.6445468334829447e-23,3.813546587013173e-23,4.1833296426465497e-23
aug-cc-pvtz-dk,3.7913956978489245,327.0146623586225,3.472978954536672e-23,3.5564950959110384e-23,3.721831968551605e-23,4.0836503452874585e-23
aug-cc-pvtz-dk,3.7933966983491745,326.84216352578136,3.3887301311794384e-23,3.4704258487787315e-23,3.632171553881471e-23,3.986179924153261e-23
aug-cc-pvtz-dk,3.7953976988494245,326.6698465817846,3.306386028123674e-23,3.3862971741537347e-23,3.544522122432319e-23,3.890872400806305e-23
aug-cc-pvtz-dk,3.7973986993496744,326.4977112390989,3.2259069699532346e-23,3.304068727491752e-23,3.4588420264175927e-23,3.7976833576691744e-23
aug-cc-pvtz-dk,3.799399699849925,326.32575721079655,3.147254801646336e-23,3.2237016979585146e-23,3.3750911745214376e-23,3.706569969636635e-23
aug-cc-pvtz-dk,3.8014007003501753,326.153984210554,3.070392697467345e-23,3.145158628176707e-23,3.2932308729437347e-23,3.6174908909930475e-23
aug-cc-pvtz-dk,3.803401700850425,325.9823919526503,2.9952848650820377e-23,3.0684031257602304e-23,3.213223552112263e-23,3.5304060172206764e-23
aug-cc-pvtz-dk,3.8054027013506753,325.8109801519653,2.921896198750629e-23,2.99339951910446e-23,3.135032428693566e-23,3.4452761647609364e-23
aug-cc-pvtz-dk,3.8074037018509252,325.6397485239784,2.8501919445439086e-23,2.920112519931995e-23,3.058621164311512e-23,3.362062726954482e-23
aug-cc-pvtz-dk,3.8094047023511752,325.4686967847669,2.78013743764657e-23,2.848506953229415e-23,2.9839535824593854e-23,3.2807273684289493e-23
aug-cc-pvtz-dk,3.811405702851425,325.2978246510041,2.711697957579237e-23,2.7785476018771335e-23,2.9109934935188693e-23,3.201231812411892e-23
aug-cc-pvtz-dk,3.8134067033516756,325.127131839958,2.6448387243961613e-23,2.710199191110808e-23,2.839704656883815e-23,3.1235377574102013e-23
aug-cc-pvtz-dk,3.815407703851925,324.95661806949,2.5795250319784e-23,2.6434265112221914e-23,2.770050882953557e-23,3.047606934892836e-23
aug-cc-pvtz-dk,3.8174087043521765,324.7862830580526,2.5157224886025516e-23,2.5781946507346772e-23,2.701996251248237e-23,2.973401292823018e-23
aug-cc-pvtz-dk,3.819409704852426,324.6161265246889,2.453397314952812e-23,2.514469291649335e-23,2.6355053991483564e-23,2.900883266206827e-23
aug-cc-pvtz-dk,3.8214107053526765,324.44614818902994,2.392516639419384e-23,2.4522170071359218e-23,2.5705438228795827e-23,2.83001607975276e-23
aug-cc-pvtz-dk,3.8234117058529264,324.27634777129396,2.3330487317630784e-23,2.391405502284778e-23,2.507078130712478e-23,2.760764022241525e-23
aug-cc-pvtz-dk,3.825412706353176,324.10672499228457,2.2749631287177425e-23,2.3320037501264066e-23,2.445076198179623e-23,2.693092638288473e-23
aug-cc-pvtz-dk,3.8274137068534264,323.9372795733891,2.2182306263442864e-23,2.2739819957309986e-23,2.3845071944265314e-23,2.6269687995493654e-23
aug-cc-pvtz-dk,3.829414707353677,323.76801123657737,2.1628231398491527e-23,2.2173116268486118e-23,2.3253414738834254e-23,2.562360640913148e-23
aug-cc-pvtz-dk,3.8314157078539273,323.5989197044,2.1087134571217995e-23,2.1619649352727462e-23,2.2675503534076052e-23,2.4992373732690367e-23
aug-cc-pvtz-dk,3.833416708354177,323.43000469998697,2.0558749325814553e-23,2.1079148140209045e-23,2.2111058169671578e-23,2.437569008073788e-23
aug-cc-pvtz-dk,3.8354177088544272,323.26126594704573,2.00428117917893e-23,2.055134447539172e-23,2.1559802036323754e-23,2.377326045657201e-23
aug-cc-pvtz-dk,3.837418709354677,323.0927031698605,1.9539058164936595e-23,2.0035970532079882e-23,2.102145937561039e-23,2.3184791858572993e-23
aug-cc-pvtz-dk,3.8394197098549268,322.9243160932899,1.9047223218646242e-23,1.953275722331552e-23,2.0495753503321328e-23,2.260999114979716e-23
aug-cc-pvtz-dk,3.841420710355177,322.756104442766,1.856704011539155e-23,1.9041433895042622e-23,1.998240628034313e-23,2.2048564081512523e-23
aug-cc-pvtz-dk,3.8434217108554276,322.58806794429256,1.8098241538254037e-23,1.8561729345483414e-23,1.9481138914821733e-23,2.150021563845061e-23
aug-cc-pvtz-dk,3.845422711355678,322.4202063244438,1.764056190956616e-23,1.8093373958165064e-23,1.8991673924003467e-23,2.0964651619542565e-23
aug-cc-pvtz-dk,3.8474237118559276,322.25251931036274,1.7193740256813685e-23,1.7636102524420407e-23,1.851373786304563e-23,2.0441581131910567e-23
aug-cc-pvtz-dk,3.849424712356178,322.08500662975956,1.675752316388553e-23,1.718965720100446e-23,1.8047064282975578e-23,1.9930719502553608e-23
aug-cc-pvtz-dk,3.851425712856428,321.9176680109105,1.6331667231475002e-23,1.675379002469098e-23,1.759139633825386e-23,1.9431791034422954e-23
aug-cc-pvtz-dk,3.8534267133566775,321.75050318265613,1.5915940566012425e-23,1.6328264492225105e-23,1.7146488533341323e-23,1.8944531065532875e-23
aug-cc-pvtz-dk,3.855427713856928,321.5835118743999,1.5510123003154225e-23,1.5912855893763037e-23,1.6712107263621347e-23,1.8468686924865295e-23
aug-cc-pvtz-dk,3.8574287143571784,321.41669381610683,1.511400501339606e-23,1.5507350326036344e-23,1.6288030036663165e-23,1.800401759054629e-23
aug-cc-pvtz-dk,3.859429714857429,321.250048738302,1.4727385487560617e-23,1.5111542562325058e-23,1.5874043510928426e-23,1.755029210347194e-23
aug-cc-pvtz-dk,3.8614307153576792,321.0835763720689,1.4350068810950596e-23,1.4725233171960408e-23,1.54699407125433e-23,1.710728702566826e-23
aug-cc-pvtz-dk,3.8634317158579288,320.9172764490483,1.398186176712816e-23,1.434822542188196e-23,1.5075517944518044e-23,1.6674783412536413e-23
aug-cc-pvtz-dk,3.8654327163581788,320.75114870143653,1.3622570840613632e-23,1.398032253029259e-23,1.4690571957628252e-23,1.6252563857505246e-23
aug-cc-pvtz-dk,3.867433716858429,320.5851928619842,1.327200040795965e-23,1.362132577159647e-23,1.4314897898662486e-23,1.5840410150433305e-23
aug-cc-pvtz-dk,3.8694347173586787,320.41940866399483,1.2929952134285866e-23,1.3271033766489012e-23,1.3948288400490793e-23,1.5438101971018828e-23
aug-cc-pvtz-dk,3.871435717858929,320.25379584132315,1.259622566104113e-23,1.2929243063546176e-23,1.359053395900865e-23,1.5045416839169118e-23
aug-cc-pvtz-dk,3.8734367183591796,320.088354128374,1.2270620425010173e-23,1.2595749872743301e-23,1.3241424496753463e-23,1.4662131304268986e-23
aug-cc-pvtz-dk,3.87543771885943,319.9230832601006,1.1952938235057834e-23,1.2270352593735174e-23,1.2900751788512835e-23,1.4288023120305047e-23
aug-cc-pvtz-dk,3.8774387193596795,319.7579829720036,1.1642986092634678e-23,1.1952854634079622e-23,1.256831226353299e-23,1.3922873968934528e-23
aug-cc-pvtz-dk,3.87943971985993,319.5930530001289,1.1340578700422122e-23,1.1643066962046904e-23,1.2243909631689844e-23,1.3566472192238757e-23
aug-cc-pvtz-dk,3.88144072036018,319.4282930810671,1.104554016836784e-23,1.1340809894628787e-23,1.192735681981305e-23,1.321861500004656e-23
aug-cc-pvtz-dk,3.8834417208604295,319.2637029519516,1.0757704584188465e-23,1.1045913771982444e-23,1.1618476840677105e-23,1.2879109721618349e-23
aug-cc-pvtz-dk,3.88544272136068,319.0992823504571,1.0476915335776695e-23,1.0758218385760906e-23,1.1317102424650836e-23,1.2547773857775404e-23
aug-cc-pvtz-dk,3.8874437218609303,318.9350310147986,1.0203023313071783e-23,1.0477571268596325e-23,1.1023074482268194e-23,1.2224433920872149e-23
aug-cc-pvtz-dk,3.8894447223611808,318.77094868372984,9.935884331082008e-24,1.0203825169699591e-23,1.0736239689592736e-23,1.1908923282141469e-23
aug-cc-pvtz-dk,3.8914457228614303,318.607035096542,9.675356263044243e-24,9.936835195575272e-24,1.0456447654476825e-23,1.1601079434455585e-23
aug-cc-pvtz-dk,3.8934467233616807,318.4432899930618,9.421296425523172e-24,9.67645615627726e-24,1.0183548199361908e-23,1.1300741187817231e-23
aug-cc-pvtz-dk,3.8954477238619307,318.2797131136509,9.1735597061396e-24,9.422540615342508e-24,9.917389270921611e-24,1.1007746324608697e-23
aug-cc-pvtz-dk,3.8974487243621803,318.11630419920425,8.93199778000513e-24,9.174938004286117e-24,9.657815864130835e-24,1.0721930150595236e-23
aug-cc-pvtz-dk,3.8994497248624307,317.9530629911482,8.69645955092359e-24,8.93349495702075e-24,9.404670152192312e-24,1.0443125203820372e-23
aug-cc-pvtz-dk,3.901450725362681,317.7899892314399,8.466792718639744e-24,8.698056785577872e-24,9.157792782212517e-24,1.0171162160692063e-23
aug-cc-pvtz-dk,3.9034517258629315,317.62708266256567,8.242846158780958e-24,8.468469800837136e-24,8.917025073946406e-24,9.905871749517253e-24
aug-cc-pvtz-dk,3.905452726363182,317.4643430275393,8.024472648371288e-24,8.24458402193814e-24,8.682211687627599e-24,9.647087290121407e-24
aug-cc-pvtz-dk,3.9074537268634315,317.3017700699014,7.811531406199206e-24,8.026255746171307e-24,8.453203239572291e-24,9.394647360654893e-24
aug-cc-pvtz-dk,3.9094547273636815,317.13936353371724,7.60388995506931e-24,7.813349480189555e-24,8.229858356627536e-24,9.148398070786302e-24
aug-cc-pvtz-dk,3.911455727863932,316.97712316357587,7.401424944680056e-24,7.605738857631103e-24,8.01204477009846e-24,8.908194498257704e-24
aug-cc-pvtz-dk,3.9134567283641815,316.81504870458906,7.204021773528514e-24,7.403306363092406e-24,7.799639234712985e-24,8.673901007440178e-24
aug-cc-pvtz-dk,3.915457728864432,316.65313990238917,7.011573077697281e-24,7.205941910590477e-24,7.59252628308536e-24,8.445390383088911e-24
aug-cc-pvtz-dk,3.9174587293646823,316.49139650312856,6.823976369341533e-24,7.01354054213468e-24,7.390596047536289e-24,8.222541938361598e-24
aug-cc-pvtz-dk,3.9194597298649327,316.3298182534779,6.641131267767979e-24,6.825999677885992e-24,7.193741557317775e-24,8.005238950676614e-24
aug-cc-pvtz-dk,3.9214607303651823,316.1684049006251,6.4629368404731716e-24,6.643216431786058e-24,7.001856016438671e-24,7.793365904744876e-24
aug-cc-pvtz-dk,3.9234617308654323,316.0071561922734,6.289289547283389e-24,6.4650854908548695e-24,6.814830567906805e-24,7.586806056081894e-24
aug-cc-pvtz-dk,3.9254627313656827,315.84607187664074,6.1200821626000896e-24,6.291497945741839e-24,6.632552954339335e-24,7.385439764159585e-24
aug-cc-pvtz-dk,3.9274637318659322,315.6851517024583,5.95520386210819e-24,6.1223412765403e-24,6.4549073116990996e-24,7.189143895185556e-24
aug-cc-pvtz-dk,3.9294647323661835,315.52439541896877,5.7945414375268646e-24,5.957500476766243e-24,6.2817751158667084e-24,6.997792389244153e-24
aug-cc-pvtz-dk,3.931465732866433,315.3638027759257,5.637981388530417e-24,5.796860081914268e-24,6.1130370822699134e-24,6.811257864428916e-24
aug-cc-pvtz-dk,3.9334667333666835,315.2033735235915,5.4854124760780145e-24,5.640306698786237e-24,5.948575639127775e-24,6.629413934488619e-24
aug-cc-pvtz-dk,3.935467733866933,315.04310741273673,5.3367282366641435e-24,5.487731539475942e-24,5.788277488503748e-24,6.452137783098374e-24
aug-cc-pvtz-dk,3.9374687343671835,314.88300419463854,5.191828968573729e-24,5.339032467084117e-24,5.6320357566050106e-24,6.2793124926800956e-24
aug-cc-pvtz-dk,3.9394697348674335,314.72306362107935,5.050622805792903e-24,5.194115157234488e-24,5.479751316975366e-24,6.1108286763226605e-24
aug-cc-pvtz-dk,3.941470735367683,314.56328544434575,4.913025672571079e-24,5.052893151485146e-24,5.331333031442301e-24,5.94658509784723e-24
aug-cc-pvtz-dk,3.9434717358679343,314.4036694172269,4.778960127228568e-24,4.915286792262088e-24,5.186696862421666e-24,5.7864881606423545e-24
aug-cc-pvtz-dk,3.945472736368184,314.24421529301384,4.648353316408215e-24,4.781221243109102e-24,5.045764026458848e-24,5.630450362999802e-24
aug-cc-pvtz-dk,3.9474737368684343,314.08492282549736,4.521134429801199e-24,4.650623971756285e-24,4.908458541164247e-24,5.478388014562239e-24
aug-cc-pvtz-dk,3.9494747373686843,313.9257917689677,4.397232138922412e-24,4.5234221742922385e-24,4.774704631838383e-24,5.3302186481256595e-24
aug-cc-pvtz-dk,3.9514757378689342,313.76682187821245,4.276572503765358e-24,4.399540627188014e-24,4.644424488118002e-24,5.18585861655601e-24
aug-cc-pvtz-dk,3.9534767383691842,313.6080129085158,4.159077739278459e-24,4.27890036963623e-24,4.517536791487665e-24,5.0452213264994435e-24
aug-cc-pvtz-dk,3.9554777388694347,313.449364615657,4.0446660672399035e-24,4.161418457860422e-24,4.3939562849073765e-24,4.9082164363353145e-24
aug-cc-pvtz-dk,3.957478739369684,313.2908767559095,3.933252670661929e-24,4.047008827059354e-24,4.273594455318342e-24,4.774750159827022e-24
aug-cc-pvtz-dk,3.9594797398699346,313.13254908603915,3.8247515573340066e-24,3.935584085040081e-24,4.156361186961607e-24,4.6447266050426666e-24
aug-cc-pvtz-dk,3.961480740370185,312.97438136330345,3.71907796665225e-24,3.827057884720345e-24,4.0421670588982045e-24,4.51804988084495e-24
aug-cc-pvtz-dk,3.9634817408704355,312.8163733454499,3.6161508522597365e-24,3.721347414190302e-24,3.93092583900825e-24,4.394626558261785e-24
aug-cc-pvtz-dk,3.965482741370685,312.65852479071526,3.515894961038317e-24,3.6183755230374274e-24,3.822556691624581e-24,4.274368008512496e-24
aug-cc-pvtz-dk,3.967483741870935,312.50083545782377,3.418242108670737e-24,3.518072075715123e-24,3.716985673287216e-24,4.1571921656863776e-24
aug-cc-pvtz-dk,3.9694847423711854,312.34330510598613,3.323131407250182e-24,3.420374272240835e-24,3.6141462290648745e-24,4.043024374166505e-24
aug-cc-pvtz-dk,3.971485742871435,312.1859334948986,3.2305084015405776e-24,3.325225874817594e-24,3.513978594036418e-24,3.931797157321433e-24
aug-cc-pvtz-dk,3.9734867433716863,312.02872038474123,3.1403232785467577e-24,3.2325754876671916e-24,3.416428213588407e-24,3.8234489504244206e-24
aug-cc-pvtz-dk,3.975487743871936,311.87166553617715,3.052528490686035e-24,3.1423742169460464e-24,3.3214434825530305e-24,3.717922038007416e-24
aug-cc-pvtz-dk,3.9774887443721862,311.7147687103509,2.967076242211601e-24,3.054573153466102e-24,3.2289732309384303e-24,3.615160085828444e-24
aug-cc-pvtz-dk,3.979489744872436,311.5580296688875,2.8839163119973712e-24,2.9691211521773277e-24,3.1389644298980583e-24,3.515105732802068e-24
aug-cc-pvtz-dk,3.9814907453726858,311.4014481738912,2.8029946184606928e-24,2.88596332260582e-24,3.0513605464620365e-24,3.41769869381728e-24
aug-cc-pvtz-dk,3.983491745872936,311.24502398794425,2.7242527885146753e-24,2.805040506474801e-24,2.966100849402035e-24,3.322874724452756e-24
aug-cc-pvtz-dk,3.9854927463731857,311.08875687410574,2.64762879935868e-24,2.7262898287988892e-24,2.8831207854186273e-24,3.230565632214258e-24
aug-cc-pvtz-dk,3.987493746873437,310.9326465959101,2.5730585570337875e-24,2.64964620365018e-24,2.8023533401818356e-24,3.1407003184673744e-24
aug-cc-pvtz-dk,3.9894947473736866,310.77669291736674,2.5004780980333386e-24,2.575044494648672e-24,2.7237311116715794e-24,3.053206639031267e-24
aug-cc-pvtz-dk,3.991495747873937,310.6208956029577,2.4298259836455246e-24,2.50242190749787e-24,2.6471886893956867e-24,2.9680137168984754e-24
aug-cc-pvtz-dk,3.993496748374187,310.4652544176375,2.3610454228573244e-24,2.431720150493857e-24,2.572664877489524e-24,2.8850542568366845e-24
aug-cc-pvtz-dk,3.9954977488744365,310.30976912683116,2.2940857147203265e-24,2.3628869464816975e-24,2.500104332741283e-24,2.8042664144313787e-24
aug-cc-pvtz-dk,3.997498749374687,310.1544394964335,2.228902733702741e-24,2.2958766062919855e-24,2.429458303096008e-24,2.725594860101393e-24
aug-cc-pvtz-dk,3.9994997498749374,309.999265292808,2.165458366352858e-24,2.230649555031056e-24,2.360684326213607e-24,2.6489908348300344e-24
aug-cc-pvtz-dk,4.001500750375188,309.8442462827853,2.1037190084818618e-24,2.167170903277073e-24,2.2937449471290247e-24,2.5744111881130224e-24
aug-cc-pvtz-dk,4.003501750875437,309.6893822336624,2.0436534111654124e-24,2.1054083373951693e-24,2.2286057013199618e-24,2.501816583274484e-24
aug-cc-pvtz-dk,4.005502751375688,309.53467291320095,1.98523028665381e-24,2.045329731715669e-24,2.1652327484121885e-24,2.431169213249997e-24
aug-cc-pvtz-dk,4.007503751875937,309.38011808962676,1.9284161289174746e-24,1.9869009362581795e-24,2.1035906063708503e-24,2.3624304615152793e-24
aug-cc-pvtz-dk,4.009504752376188,309.2257175316282,1.8731736601231922e-24,1.9300841577120485e-24,2.0436404143870478e-24,2.2955589509035537e-24
aug-cc-pvtz-dk,4.011505752876438,309.07147100835516,1.8194611926670348e-24,1.874837235908532e-24,1.9853390494460295e-24,2.230509346602926e-24
aug-cc-pvtz-dk,4.013506753376689,308.91737828941785,1.7672330200725436e-24,1.8211139454544744e-24,1.9286392568372388e-24,2.1672321336348438e-24
aug-cc-pvtz-dk,4.015507753876938,308.76343914488604,1.716440753163126e-24,1.7688652559083383e-24,1.873490760539884e-24,2.1056744019718196e-24
aug-cc-pvtz-dk,4.017508754377189,308.609653345287,1.6670353381069765e-24,1.7180413014351324e-24,1.8198421327088887e-24,2.0457814800524137e-24
aug-cc-pvtz-dk,4.019509754877438,308.4560206616055,1.6189693643393887e-24,1.6685936769311528e-24,1.7676430579072386e-24,1.98749909648255e-24
aug-cc-pvtz-dk,4.0215107553776885,308.30254086528174,1.5721992173469588e-24,1.6204776175504945e-24,1.7168465545294536e-24,1.9307756507880578e-24
aug-cc-pvtz-dk,4.023511755877939,308.14921372821084,1.5266866634494183e-24,1.5736536433491148e-24,1.6674107265303022e-24,1.8755641556707737e-24
aug-cc-pvtz-dk,4.025512756378189,307.99603902274134,1.4823995643921526e-24,1.5280883551478599e-24,1.6192997105645584e-24,1.82182347832615e-24
aug-cc-pvtz-dk,4.027513756878439,307.8430165216743,1.4393115872777174e-24,1.4837542314119698e-24,1.572483639025793e-24,1.769518644198879e-24
aug-cc-pvtz-dk,4.0295147573786885,307.690145998262,1.397400967716827e-24,1.4406284673049876e-24,1.5269376281636762e-24,1.718620146698049e-24
aug-cc-pvtz-dk,4.031515757878939,307.5374272262068,1.3566485642383746e-24,1.3986910794399998e-24,1.4826399862741363e-24,1.66910239624037e-24
aug-cc-pvtz-dk,4.033516758379189,307.3848599796602,1.3170355757386427e-24,1.3579226385588179e-24,1.4395699845451015e-24,1.6209416053592367e-24
aug-cc-pvtz-dk,4.03551775887944,307.2324440332217,1.2785413557221392e-24,1.3183020611042602e-24,1.3977056144565967e-24,1.574113512376396e-24
aug-cc-pvtz-dk,4.03751875937969,307.08017916193774,1.2411417360643266e-24,1.279804876886806e-24,1.3570217557334066e-24,1.5285913746302393e-24
aug-cc-pvtz-dk,4.03951975987994,306.9280651413003,1.2048081732259844e-24,1.2424022966098356e-24,1.3174890978983948e-24,1.4843446082058373e-24
aug-cc-pvtz-dk,4.041520760380189,306.776101747246,1.1695078712559185e-24,1.2060612486858254e-24,1.2790740128816925e-24,1.4413383258053823e-24
aug-cc-pvtz-dk,4.04352176088044,306.6242887561549,1.1352048484422583e-24,1.1707453686531568e-24,1.2417393933556094e-24,1.3995338514365053e-24
aug-cc-pvtz-dk,4.04552276138069,306.47262594484977,1.1018617348927533e-24,1.1364167431305676e-24,1.2054462874268275e-24,1.3588901041127112e-24
aug-cc-pvtz-dk,4.0475237618809405,306.32111309059445,1.0694419500588728e-24,1.1030380673948779e-24,1.170156009328303e-24,1.3193655775701519e-24
aug-cc-pvtz-dk,4.049524762381191,306.1697499710932,1.037911838894547e-24,1.0705747988662535e-24,1.1358323169451562e-24,1.2809205310533903e-24
aug-cc-pvtz-dk,4.0515257628814405,306.0185363644894,1.0072423559496801e-24,1.0389968922558361e-24,1.1024432368859102e-24,1.2435189684191749e-24
aug-cc-pvtz-dk,4.05352676338169,305.8674720493645,9.774099753724725e-25,1.0082797843909734e-24,1.0699621875319378e-24,1.2071300256947361e-24
aug-cc-pvtz-dk,4.0555277638819405,305.7165568047367,9.483966547015877e-25,9.784044421520697e-25,1.0383681867820818e-24,1.171728502564819e-24
aug-cc-pvtz-dk,4.057528764382191,305.5657904100604,9.201888619364476e-25,9.493564668661722e-25,1.007645107154108e-24,1.1372944381925462e-24
aug-cc-pvtz-dk,4.059529764882441,305.41517264522486,8.927758543409463e-25,9.211244288519465e-25,9.777801231433206e-25,1.1038118149005576e-24
aug-cc-pvtz-dk,4.061530765382692,305.264703290553,8.661475392595459e-25,8.936977518393707e-25,9.487616491661467e-25,1.0712666393070234e-24
aug-cc-pvtz-dk,4.063531765882941,305.1143821268004,8.40292325268694e-25,8.670645512162334e-25,9.20577162064739e-25,1.0396447679872308e-24
aug-cc-pvtz-dk,4.065532766383191,304.96420893515443,8.151953715908809e-25,8.41209836654325e-25,8.93211322031928e-25,1.0089298915023809e-24
aug-cc-pvtz-dk,4.067533766883441,304.8141834972328,7.908375654925352e-25,8.161144179096777e-25,8.66644746618579e-25,9.791020581498097e-25
aug-cc-pvtz-dk,4.069534767383692,304.66430559508296,7.6719541670346865e-25,7.917547165948426e-25,8.408536659657922e-25,9.501370137659323e-25
aug-cc-pvtz-dk,4.071535767883942,304.5145750111807,7.442418818734698e-25,7.681035127315812e-25,8.15810517997511e-25,9.220064766790184e-25
aug-cc-pvtz-dk,4.073536768384192,304.36499152842936,7.219479546075731e-25,7.451314764225743e-25,7.914853626803722e-25,8.94679287858603e-25
aug-cc-pvtz-dk,4.075537768884442,304.2155549301583,7.002847115257816e-25,7.228091860756908e-25,7.678478389186889e-25,8.681232097321758e-25
aug-cc-pvtz-dk,4.077538769384692,304.0662650001227,6.792254195936793e-25,7.011092435219032e-25,7.448692857240916e-25,8.423070246840392e-25
aug-cc-pvtz-dk,4.079539769884942,303.91712152250153,6.587473004968348e-25,6.800080800680547e-25,7.225246200792465e-25,8.172025290344154e-25
aug-cc-pvtz-dk,4.0815407703851925,303.76812428189726,6.388326156392816e-25,6.59487108867418e-25,7.007936127029538e-25,7.927860405565698e-25
aug-cc-pvtz-dk,4.083541770885443,303.6192730633345,6.1946886685901e-25,6.395330056469889e-25,6.7966131981746135e-25,7.690391325525644e-25
aug-cc-pvtz-dk,4.085542771385692,303.4705676522591,6.006480778837943e-25,6.20137067412075e-25,6.591175914403962e-25,7.4594845668106695e-25
aug-cc-pvtz-dk,4.087543771885943,303.32200783453675,5.8236529707073255e-25,6.012937748884414e-25,6.391557533149355e-25,7.235046913372345e-25
aug-cc-pvtz-dk,4.089544772386192,303.17359339645265,5.64616609860918e-25,5.829988357730185e-25,6.197707167904103e-25,7.017008190619428e-25
aug-cc-pvtz-dk,4.091545772886443,303.02532412470964,5.473970411158142e-25,5.652470831899535e-25,6.009568785252454e-25,6.805300632154237e-25
aug-cc-pvtz-dk,4.093546773386693,302.87719980642794,5.306987464620256e-25,5.480306293572106e-25,5.827062100366863e-25,6.599838773857962e-25
aug-cc-pvtz-dk,4.095547773886944,302.7292202291437,5.145098342670546e-25,5.3133762342076125e-25,5.650068985674066e-25,6.4005036868906e-25
aug-cc-pvtz-dk,4.097548774387193,302.5813851808082,4.9881403753104625e-25,5.151518450905538e-25,5.478427934425443e-25,6.207134511401382e-25
aug-cc-pvtz-dk,4.099549774887444,302.43369444978646,4.835912916541823e-25,4.994532050205632e-25,5.311937570743711e-25,6.019528844505312e-25
aug-cc-pvtz-dk,4.101550775387693,302.2861478248567,4.688191007311241e-25,4.842190493240215e-25,5.150368464758416e-25,5.837451836940146e-25
aug-cc-pvtz-dk,4.103551775887944,302.13874509520906,4.544744252852647e-25,4.69426012821128e-25,4.993480931700814e-25,5.6606521929964615e-25
aug-cc-pvtz-dk,4.105552776388194,301.99148605044473,4.405357264111413e-25,4.550520624009513e-25,4.841045365650701e-25,5.488881961952683e-25
aug-cc-pvtz-dk,4.1075537768884445,301.8443704805748,4.269847734848107e-25,4.410783376030356e-25,4.692861194223795e-25,5.321916303182857e-25
aug-cc-pvtz-dk,4.109554777388694,301.6973981760195,4.138078700442329e-25,4.274904365428723e-25,4.548770826752622e-25,5.159569434629083e-25
aug-cc-pvtz-dk,4.111555777888944,301.5505689276067,4.009962654656351e-25,4.142789031757351e-25,4.4086659446899295e-25,5.001703724215118e-25
aug-cc-pvtz-dk,4.113556778389194,301.40388252657186,3.885456768228529e-25,4.0143882574924716e-25,4.272484959866199e-25,4.848230209864682e-25
aug-cc-pvtz-dk,4.115557778889444,301.25733876455575,3.7645501567263315e-25,3.8896862653549607e-25,4.140202159384641e-25,4.699100479981497e-25
aug-cc-pvtz-dk,4.117558779389695,301.11093743360465,3.647245657484463e-25,3.768682768561023e-25,4.011810639829239e-25,4.554291495479864e-25
aug-cc-pvtz-dk,4.119559779889945,300.9646783261687,3.5335396105163594e-25,3.6513727987325565e-25,3.8873023078115883e-25,4.413786273364631e-25
aug-cc-pvtz-dk,4.121560780390195,300.81856123510136,3.4234035011393306e-25,3.5377280617288254e-25,3.766648766918054e-25,4.277554126794064e-25
aug-cc-pvtz-dk,4.123561780890444,300.6725859536577,3.316770944596039e-25,3.4276833579579003e-25,3.6497867200253125e-25,4.145534219956337e-25
aug-cc-pvtz-dk,4.125562781390695,300.5267522754941,3.2135324558610057e-25,3.3211306193341014e-25,3.536610635935223e-25,4.0176255446442415e-25
aug-cc-pvtz-dk,4.127563781890945,300.38105999466734,3.113538948689864e-25,3.2179216475022724e-25,3.426974027930209e-25,3.8936851829804627e-25
aug-cc-pvtz-dk,4.129564782391196,300.2355089056329,3.0166132365955574e-25,3.1178789711888017e-25,3.3206990407875588e-25,3.7735351292206593e-25
aug-cc-pvtz-dk,4.131565782891446,300.0900988032449,2.9225672865975873e-25,3.020812695537415e-25,3.2175924601343557e-25,3.6569763099580204e-25
aug-cc-pvtz-dk,4.133566783391696,299.94482948275447,2.83122189049131e-25,2.926540083881707e-25,3.1174650422039294e-25,3.5438070753642443e-25
aug-cc-pvtz-dk,4.135567783891945,299.79970073980894,2.7424249768052612e-25,2.834904110276598e-25,3.020150446793515e-25,3.4338425971184865e-25
aug-cc-pvtz-dk,4.1375687843921956,299.65471237045097,2.656065066258717e-25,2.745787437652269e-25,2.9255201517797117e-25,3.3269314545847907e-25
aug-cc-pvtz-dk,4.139569784892446,299.50986417111784,2.572077320111937e-25,2.659119169407918e-25,2.833491514739253e-25,3.2229662480802566e-25
aug-cc-pvtz-dk,4.141570785392696,299.36515593863993,2.490441058819539e-25,2.5748731163249417e-25,2.744027470868532e-25,3.12188623537605e-25
aug-cc-pvtz-dk,4.143571785892947,299.2205874702402,2.411169262720286e-25,2.493057947123361e-25,2.6571279610763854e-25,3.0236715209812163e-25
aug-cc-pvtz-dk,4.145572786393196,299.0761585635332,2.334292093385951e-25,2.4137011373967035e-25,2.5728147612453927e-25,2.9283299416410157e-25
aug-cc-pvtz-dk,4.147573786893446,298.931869016524,2.2598376048589757e-25,2.336829805379035e-25,2.4911126345301056e-25,2.835879179776178e-25
aug-cc-pvtz-dk,4.149574787393696,298.78771862760703,2.1878133325191255e-25,2.262452099796968e-25,2.412030413880265e-25,2.7463275330327944e-25
aug-cc-pvtz-dk,4.151575787893947,298.6437071955657,2.1181922600001313e-25,2.1905426800308266e-25,2.3355456160118036e-25,2.6596570063909665e-25
aug-cc-pvtz-dk,4.153576788394197,298.4998345195712,2.0509058080333638e-25,2.1210350266591763e-25,2.2615954927498406e-25,2.575811928619625e-25
aug-cc-pvtz-dk,4.155577788894448,298.35610039918134,1.9858451379919267e-25,2.0538220054319905e-25,2.1900761847903156e-25,2.494695226744527e-25
aug-cc-pvtz-dk,4.157578789394697,298.21250463434,1.9228704637502054e-25,1.9887645196375607e-25,2.1208500825313486e-25,2.4161730144482716e-25
aug-cc-pvtz-dk,4.159579789894947,298.0690470253759,1.8618265438896307e-25,1.9257065482141633e-25,2.0537599369432145e-25,2.340086565368637e-25
aug-cc-pvtz-dk,4.161580790395197,297.92572737300156,1.8025613524959885e-25,1.864493653337816e-25,1.9886469790641892e-25,2.266269334082454e-25
aug-cc-pvtz-dk,4.1635817908954476,297.7825454783131,1.7449443392734911e-25,1.8049913977121894e-25,1.925369559356313e-25,2.1945657397418773e-25
aug-cc-pvtz-dk,4.165582791395698,297.6395011427885,1.6888807867258576e-25,1.747100147497009e-25,1.8638187370216903e-25,2.1248481079144904e-25
aug-cc-pvtz-dk,4.167583791895948,297.49659416828706,1.6343195367200579e-25,1.690763446439072e-25,1.803927851491338e-25,2.0570285377736679e-25
aug-cc-pvtz-dk,4.169584792396198,297.35382435704855,1.581252638421263e-25,1.6359683883580488e-25,1.7456742722133232e-25,1.9910634469905643e-25
aug-cc-pvtz-dk,4.1715857928964475,297.2111915116921,1.5297070221270707e-25,1.5827379536134895e-25,1.689073028153514e-25,1.9269499588499059e-25
aug-cc-pvtz-dk,4.173586793396698,297.06869543521515,1.4797298223904277e-25,1.5311168065892461e-25,1.6341635672989236e-25,1.864714854927816e-25
aug-cc-pvtz-dk,4.175587793896948,296.92633593099316,1.4313701794155466e-25,1.4811532934172073e-25,1.5809922030929575e-25,1.8043982337345275e-25
aug-cc-pvtz-dk,4.177588794397199,296.78411280277805,1.384661005608772e-25,1.4328810906132367e-25,1.5295936151327652e-25,1.746035015552449e-25
aug-cc-pvtz-dk,4.179589794897448,296.6420258546978,1.3396041893147828e-25,1.3863040006550805e-25,1.4799749312033486e-25,1.689637825331975e-25
aug-cc-pvtz-dk,4.181590795397699,296.50007489125494,1.296162037516912e-25,1.3413867755601136e-25,1.4321054105535763e-25,1.6351845079797395e-25
aug-cc-pvtz-dk,4.183591795897948,296.35825971732635,1.254256549069197e-25,1.2980536792243779e-25,1.385913658870373e-25,1.5826126248612006e-25
aug-cc-pvtz-dk,4.185592796398199,296.2165801381618,1.213776611561266e-25,1.2561950177018725e-25,1.3412928621831271e-25,1.5318219399756229e-25
aug-cc-pvtz-dk,4.187593796898449,296.07503595938357,1.1745916979560028e-25,1.2156803405245963e-25,1.2981129898726523e-25,1.4826843702914877e-25
aug-cc-pvtz-dk,4.1895947973986996,295.933626986985,1.1365694101033693e-25,1.1763757537395888e-25,1.2562375962941827e-25,1.435059456745583e-25
aug-cc-pvtz-dk,4.191595797898949,295.79235302733025,1.0995934927367316e-25,1.1381620108219377e-25,1.2155419821291907e-25,1.3888123659090286e-25
aug-cc-pvtz-dk,4.1935967983991995,295.65121388715255,1.0635788737280668e-25,1.1009499208384502e-25,1.1759292381355268e-25,1.3438309688925086e-25
aug-cc-pvtz-dk,4.195597798899449,295.51020937355435,1.0284808690352739e-25,1.064690140432875e-25,1.1373411133748821e-25,1.3000387352989736e-25
aug-cc-pvtz-dk,4.1975987993996995,295.3693392940055,9.942968226926831e-26,1.0293755066062653e-25,1.099761656819708e-25,1.2574009986134674e-25
aug-cc-pvtz-dk,4.19959979989995,295.228603456343,9.610599042577813e-26,9.950354997171627e-26,1.063212970350327e-25,1.2159234263489735e-25
aug-cc-pvtz-dk,4.2016008004002,295.08800166877006,9.288262847304397e-26,9.617239305969359e-26,1.0277439204777233e-25,1.175643022283518e-25
aug-cc-pvtz-dk,4.20360180090045,294.9475337398548,8.976581702555259e-26,9.295022340782172e-26,9.934139964324106e-26,1.1366134124709702e-25
aug-cc-pvtz-dk,4.2056028014007,294.80719947852975,8.676059494139572e-26,8.984215762383957e-26,9.602754161284422e-26,1.0988872475471974e-25
aug-cc-pvtz-dk,4.20760380190095,294.6669986940911,8.386928629779659e-26,8.685071932314075e-26,9.283569006511943e-26,1.0624990903869119e-25
aug-cc-pvtz-dk,4.2096048024012,294.52693119619727,8.109051038894965e-26,8.397479339884867e-26,8.976521998765386e-26,1.027452046399918e-25
aug-cc-pvtz-dk,4.211605802901451,294.3869967948687,7.841892052894317e-26,8.120929720410138e-26,8.681155307075982e-26,9.937106643471753e-26
aug-cc-pvtz-dk,4.213606803401701,294.24719530048674,7.584571710773789e-26,7.854562705556917e-26,8.396647562760103e-26,9.612014232497843e-26
aug-cc-pvtz-dk,4.215607803901951,294.10752652379256,7.335983250800871e-26,7.59727903597028e-26,8.121916545267608e-26,9.298206682458982e-26
aug-cc-pvtz-dk,4.2176088044022,293.9679902758867,7.094955760983294e-26,7.347900309086198e-26,7.85577273133601e-26,8.994484355624437e-26
aug-cc-pvtz-dk,4.219609804902451,293.82858636822766,6.8604296711624e-26,7.105344486463213e-26,7.597094092040085e-26,8.699654928198563e-26
aug-cc-pvtz-dk,4.221610805402701,293.68931461263185,6.631611466638271e-26,6.868783522168959e-26,7.344988605799279e-26,8.412703195889118e-26
aug-cc-pvtz-dk,4.2236118059029515,293.55017482127204,6.408078157026261e-26,6.637753073881834e-26,7.098913486502079e-26,8.132927826665342e-26
aug-cc-pvtz-dk,4.225612806403202,293.4111668066769,6.189811782536429e-26,6.412193565294023e-26,6.858728553113486e-26,7.860019086143522e-26
aug-cc-pvtz-dk,4.2276138069034515,293.27229038173,5.977157694671014e-26,6.192415077278014e-26,6.624673852221692e-26,7.594062958288292e-26
aug-cc-pvtz-dk,4.229614807403701,293.13354535966886,5.770714938225196e-26,5.978993131134678e-26,6.397276161730898e-26,7.335471215250429e-26
aug-cc-pvtz-dk,4.231615807903951,292.9949315540844,5.571179980751193e-26,5.772615583685472e-26,6.17720255638208e-26,7.084851127444804e-26
aug-cc-pvtz-dk,4.233616808404202,292.85644877892,5.379173828437824e-26,5.573910078848558e-26,5.96508922427808e-26,6.842839953028679e-26
aug-cc-pvtz-dk,4.235617808904452,292.7180968484705,5.195085591639685e-26,5.383285068033184e-26,5.761378310715864e-26,6.609935947813163e-26
aug-cc-pvtz-dk,4.237618809404703,292.5798755773816,5.0189622384750194e-26,5.200814637441408e-26,5.566193851096014e-26,6.386358125141719e-26
aug-cc-pvtz-dk,4.239619809904952,292.44178478064896,4.850465320820004e-26,5.0261888784227886e-26,5.379280249395306e-26,6.171961358121022e-26
aug-cc-pvtz-dk,4.241620810405202,292.3038242736172,4.688902546400602e-26,4.85873889494523e-26,5.2000146810723e-26,5.966222700141386e-26
aug-cc-pvtz-dk,4.243621810905452,292.16599387197925,4.533327760650097e-26,4.697531265928405e-26,5.027490647477022e-26,5.768301141861611e-26
aug-cc-pvtz-dk,4.245622811405703,292.02829339177566,4.382689860169687e-26,4.5415135327447854e-26,4.8606563258289484e-26,5.577158979622855e-26
aug-cc-pvtz-dk,4.247623811905953,291.89072264939347,4.2360019327196554e-26,4.3896826502336417e-26,4.6984809965116974e-26,5.391721283931953e-26
aug-cc-pvtz-dk,4.2496248124062035,291.75328146156556,4.092498202431882e-26,4.24124409741943e-26,4.540117603989108e-26,5.211042801335415e-26
aug-cc-pvtz-dk,4.251625812906453,291.61596964537006,3.951748853015709e-26,4.095731292479287e-26,4.385030408857464e-26,5.034450360131725e-26
aug-cc-pvtz-dk,4.253626813406703,291.4787870182289,3.81371100587202e-26,3.953062699295031e-26,4.233063520362253e-26,4.861633697684984e-26
aug-cc-pvtz-dk,4.255627813906953,291.3417333979076,3.678706425843255e-26,3.8135260195793843e-26,4.084437504109882e-26,4.692667606272088e-26
aug-cc-pvtz-dk,4.257628814407203,291.2048086025144,3.5473305679543264e-26,3.6776928425603514e-26,3.93967505937011e-26,4.527961495439893e-26
aug-cc-pvtz-dk,4.259629814907454,291.0680124504991,3.4203106611781656e-26,3.546280381687343e-26,3.7994702945495876e-26,4.368146342611828e-26
aug-cc-pvtz-dk,4.261630815407704,290.9313447606526,3.2983401690799754e-26,3.419986949191107e-26,3.664526827175397e-26,4.213920909188658e-26
aug-cc-pvtz-dk,4.263631815907954,290.79480535210604,3.1819213260120464e-26,3.299332685672896e-26,3.535395746649141e-26,4.065886753666787e-26
aug-cc-pvtz-dk,4.265632816408203,290.6583940443298,3.071245759238738e-26,3.1845359130392313e-26,3.412344361073748e-26,3.924403576401741e-26
aug-cc-pvtz-dk,4.267633816908454,290.5221106571328,2.966135762483576e-26,3.075448503048264e-26,3.295280595424854e-26,3.789492370801176e-26
aug-cc-pvtz-dk,4.269634817408704,290.385955010662,2.8660571112013434e-26,2.9715622868147643e-26,3.1837471765300083e-26,3.6608046089963814e-26
aug-cc-pvtz-dk,4.271635817908955,290.24992692540104,2.770200580764779e-26,2.872084891775644e-26,3.0769863310333997e-26,3.5376629781499736e-26
aug-cc-pvtz-dk,4.273636818409204,290.1140262221702,2.6776162335880914e-26,2.7760701532172275e-26,2.974062264646359e-26,3.419165504756517e-26
aug-cc-pvtz-dk,4.275637818909455,289.9782527221247,2.587374546321976e-26,2.6825779023908046e-26,2.87401772303838e-26,3.304332843238691e-26
aug-cc-pvtz-dk,4.277638819409704,289.84260624675477,2.4987234578344675e-26,2.590832454969229e-26,2.7760345508705513e-26,3.192270370508357e-26
aug-cc-pvtz-dk,4.279639819909955,289.7070866178843,2.411211356249789e-26,2.5003495290169487e-26,2.6795675560485645e-26,3.082314046025145e-26
aug-cc-pvtz-dk,4.281640820410205,289.57169365767027,2.324752672141276e-26,2.4110074963067564e-26,2.5844262319638553e-26,2.97413224696561e-26
aug-cc-pvtz-dk,4.283641820910455,289.43642718860207,2.2396238343858145e-26,2.3230496338958902e-26,2.4907889866641934e-26,2.867764344823518e-26
aug-cc-pvtz-dk,4.285642821410705,289.30128703350067,2.1563906919534386e-26,2.237017273220378e-26,2.3991474803933157e-26,2.7635889525544936e-26
aug-cc-pvtz-dk,4.287643821910955,289.16627301551745,2.0757815899791098e-26,2.1536269433598548e-26,2.3101920340009736e-26,2.662228238293918e-26
aug-cc-pvtz-dk,4.289644822411205,289.03138495813414,1.9985305957710504e-26,2.0736152347512094e-26,2.2246602689041973e-26,2.5644068773697518e-26
aug-cc-pvtz-dk,4.291645822911455,288.89662268516145,1.9252209342882295e-26,1.997581141352347e-26,2.14317803609988e-26,2.4707927699999503e-26
aug-cc-pvtz-dk,4.293646823411706,288.7619860207387,1.856158520056889e-26,1.9258559896310156e-26,2.0661230363397934e-26,2.3818500151236303e-26
aug-cc-pvtz-dk,4.295647823911956,288.62747478933267,1.7912995558081e-26,1.8584256245726422e-26,1.9935370294931994e-26,2.2977321202349416e-26
aug-cc-pvtz-dk,4.297648824412206,288.4930888157374,1.7302457388199905e-26,1.7949194357688207e-26,1.9251031383820787e-26,2.2182356191546997e-26
aug-cc-pvtz-dk,4.299649824912456,288.3588279250727,1.6723076354243176e-26,1.734667967909309e-26,1.860192238160305e-26,2.142822633743255e-26
aug-cc-pvtz-dk,4.301650825412706,288.2246919427841,1.6166237626701038e-26,1.676817753379924e-26,1.797969209249924e-26,2.0707077078857408e-26
aug-cc-pvtz-dk,4.303651825912956,288.0906806946414,1.5623123518757665e-26,1.6204811457440126e-26,1.7375384581036717e-26,2.000992004519304e-26
aug-cc-pvtz-dk,4.305652826413207,287.9567940067387,1.5086266372167106e-26,1.5648923546816094e-26,1.678100709419639e-26,1.932818992769457e-26
aug-cc-pvtz-dk,4.307653826913457,287.82303170549295,1.4550839891929443e-26,1.5095398465549395e-26,1.6190910644842032e-26,1.8655217808733024e-26
aug-cc-pvtz-dk,4.3096548274137065,287.68939361764365,1.4015443577859088e-26,1.4542499391729708e-26,1.560272049858553e-26,1.7987339975563454e-26
aug-cc-pvtz-dk,4.311655827913957,287.55587957025176,1.3482232897259237e-26,1.3992058618086003e-26,1.5017641028975532e-26,1.7324432201203042e-26
aug-cc-pvtz-dk,4.3136568284142065,287.4224893906993,1.2956373522763373e-26,1.3448989541184e-26,1.4440079754705068e-26,1.666977023144688e-26
aug-cc-pvtz-dk,4.315657828914457,287.2892229066883,1.2444927104532376e-26,1.2920216486449658e-26,1.3876665606425258e-26,1.6029246313827286e-26
aug-cc-pvtz-dk,4.317658829414707,287.15607994624025,1.1955384086991152e-26,1.2413229525134018e-26,1.3334851789408132e-26,1.54100944284508e-26
aug-cc-pvtz-dk,4.319659829914958,287.02306033769537,1.1494125360211748e-26,1.1934541972729564e-26,1.2821371939990797e-26,1.4819369891355573e-26
aug-cc-pvtz-dk,4.321660830415207,286.89016390971176,1.1065106809942518e-26,1.1488345544066459e-26,1.2340845029487336e-26,1.4262474747788062e-26
aug-cc-pvtz-dk,4.323661830915457,286.75739049126463,1.0669016607934674e-26,1.1075618739685265e-26,1.1894794416823839e-26,1.3742010020856362e-26
aug-cc-pvtz-dk,4.325662831415707,286.6247399116457,1.0303063903513068e-26,1.0693856551658903e-26,1.1481266373794446e-26,1.325717238369132e-26
aug-cc-pvtz-dk,4.327663831915958,286.49221200046236,9.961435858046614e-27,1.0337469745240769e-26,1.1095117678545796e-26,1.2803807481753277e-26
aug-cc-pvtz-dk,4.329664832416208,286.3598065876372,9.636332464838452e-27,9.998774179778771e-27,1.0728914067048177e-26,1.2375106478899493e-26
aug-cc-pvtz-dk,4.331665832916459,286.2275235034068,9.319378565027907e-27,9.669378212265287e-27,1.0374264843761864e-26,1.1962809537457824e-26
aug-cc-pvtz-dk,4.333666833416708,286.0953625783216,9.00314150383025e-27,9.341701227078674e-27,1.0023336592625207e-26,1.1558683872158924e-26
aug-cc-pvtz-dk,4.335667833916958,285.9633236432445,8.682464010904268e-27,9.01033258896009e-27,9.670255980203956e-27,1.115599273183132e-26
aug-cc-pvtz-dk,4.337668834417208,285.8314065293507,8.355358611288919e-27,8.672972223414963e-27,9.312134243990882e-27,1.07506747704841e-26
aug-cc-pvtz-dk,4.3396698349174585,285.6996110681268,8.023294912578138e-27,8.330775254918608e-27,8.949519577455858e-27,1.0342010013890832e-26
aug-cc-pvtz-dk,4.341670835417709,285.56793709136997,7.690827749027615e-27,7.988037673845476e-27,8.58619368554708e-27,9.932647616215694e-27
aug-cc-pvtz-dk,4.343671835917959,285.4363844311873,7.364640423149686e-27,7.651286280577735e-27,8.22835455669318e-27,9.527993196447543e-27
aug-cc-pvtz-dk,4.345672836418209,285.3049529199954,7.05218847973426e-27,7.32794946920426e-27,7.883344362467844e-27,9.135075707318526e-27
aug-cc-pvtz-dk,4.347673836918458,285.173642390519,6.760204941929752e-27,7.024864708993803e-27,7.558167591916862e-27,8.761112688523257e-27
aug-cc-pvtz-dk,4.349674837418709,285.0424526757907,6.493352974164731e-27,6.746908373903342e-27,7.258083250012647e-27,8.41204915422589e-27
aug-cc-pvtz-dk,4.351675837918959,284.91138360915045,6.253282509135911e-27,6.496008931889928e-27,6.985539537151862e-27,8.091349164290869e-27
aug-cc-pvtz-dk,4.35367683841921,284.78043502424447,6.0382689311190744e-27,6.2707299789749886e-27,6.739652679770386e-27,7.799269496353978e-27
aug-cc-pvtz-dk,4.35567783891946,284.64960675502465,5.8434998665974394e-27,6.0664998536598674e-27,6.516326666806645e-27,7.532751636994129e-27
aug-cc-pvtz-dk,4.35767883941971,284.5188986357479,5.661952128973763e-27,5.876440806542249e-27,6.3089878799222186e-27,7.285949681721006e-27
aug-cc-pvtz-dk,4.359679839919959,284.38831050097536,5.4856883725050106e-27,5.692636361907923e-27,6.109791239970701e-27,7.051290151785592e-27
aug-cc-pvtz-dk,4.36168084042021,284.25784218557175,5.307323795639541e-27,5.507592719896026e-27,5.911065254435249e-27,6.820858778165767e-27
aug-cc-pvtz-dk,4.36368184092046,284.1274935247048,5.1213818854758145e-27,5.315614092253514e-27,5.706718774768499e-27,6.587847782565194e-27
aug-cc-pvtz-dk,4.3656828414207105,283.99726435384434,4.925280815980873e-27,5.113829725246581e-27,5.493340991334629e-27,6.347786981083894e-27
aug-cc-pvtz-dk,4.36768384192096,283.86715450876187,4.7197638871199e-27,4.902678138345877e-27,5.270786061621752e-27,6.09932464143146e-27
aug-cc-pvtz-dk,4.3696848424212105,283.7371638255295,4.5086944586155305e-27,4.6857586923812355e-27,5.042133178347714e-27,5.844411109662569e-27
aug-cc-pvtz-dk,4.37168584292146,283.6072921405195,4.298257544110422e-27,4.469081820122948e-27,4.8130326450438694e-27,5.587852940845516e-27
aug-cc-pvtz-dk,4.37368684342171,283.47753929040374,4.0957234139452524e-27,4.259864010686684e-27,4.590565794746193e-27,5.336325687146889e-27
aug-cc-pvtz-dk,4.375687843921961,283.3479051121527,3.908011347263105e-27,4.0650997715526606e-27,4.381838710588585e-27,5.097036347632529e-27
aug-cc-pvtz-dk,4.377688844422211,283.21838944303505,3.740328725598694e-27,3.8901842962399654e-27,4.1925795136015074e-27,4.876292491819558e-27
aug-cc-pvtz-dk,4.379689844922461,283.0889921206168,3.595145006176325e-27,3.737849624948683e-27,4.026007065707659e-27,4.6782517197207076e-27
aug-cc-pvtz-dk,4.381690845422711,282.95971298276055,3.471694766757755e-27,3.607615810078755e-27,3.882185675875846e-27,4.504089233179539e-27
aug-cc-pvtz-dk,4.383691845922961,282.8305518676253,3.366102237666316e-27,3.495859475426989e-27,3.7579867536150666e-27,4.3517405107650474e-27
aug-cc-pvtz-dk,4.385692846423211,282.7015086136649,3.2721003576281896e-27,3.3964835168605954e-27,3.647661626763401e-27,4.216265275785586e-27
aug-cc-pvtz-dk,4.387693846923462,282.5725830596283,3.1822043845621095e-27,3.30205737151536e-27,3.5439134077277454e-27,4.090760480387467e-27
aug-cc-pvtz-dk,4.389694847423712,282.4437750445584,3.0891134525160122e-27,3.2052075436235285e-27,3.43926053447559e-27,3.9676450565568945e-27
aug-cc-pvtz-dk,4.391695847923962,282.31508440779135,2.9870714653344376e-27,3.0999917813438536e-27,3.32743034339017e-27,3.8400694705172495e-27
aug-cc-pvtz-dk,4.393696848424212,282.18651098895594,2.8729274967937228e-27,2.9829944259514366e-27,3.2045162788564092e-27,3.703180201838234e-27
aug-cc-pvtz-dk,4.395697848924462,282.05805462797315,2.7466947530128707e-27,2.853935212061701e-27,3.069679004042475e-27,3.554998498718904e-27
aug-cc-pvtz-dk,4.397698849424712,281.9297151650552,2.611503503250382e-27,2.715677336577508e-27,2.925259458155928e-27,3.3967472016526514e-27
aug-cc-pvtz-dk,4.399699849924962,281.8014924407049,2.4729599919109866e-27,2.5736362495336338e-27,2.7762851955057025e-27,3.232565964021064e-27
aug-cc-pvtz-dk,4.401700850425213,281.6733862957154,2.3380364860346586e-27,2.4347048151736147e-27,2.6294670513635746e-27,3.0686720302774465e-27
aug-cc-pvtz-dk,4.403701850925462,281.5453965711689,2.2137067058066297e-27,2.3059024480395437e-27,2.4918801942941365e-27,2.9121294769528652e-27
aug-cc-pvtz-dk,4.405702851425713,281.41752310843646,2.1055883157244904e-27,2.193007379146494e-27,2.3695827995840976e-27,2.7694636417649155e-27
aug-cc-pvtz-dk,4.407703851925962,281.2897657491772,2.0168517538749794e-27,2.0994333896005676e-27,2.266436480087196e-27,2.6453860971567862e-27
aug-cc-pvtz-dk,4.409704852426213,281.16212433533747,1.9476024439398462e-27,2.0255642860474437e-27,2.183352696181215e-27,2.5418730323166285e-27
aug-cc-pvtz-dk,4.411705852926463,281.03459870915066,1.8948521024613203e-27,1.968671019195587e-27,2.118107010031437e-27,2.457771326928354e-27
aug-cc-pvtz-dk,4.413706853426714,280.90718871313607,1.8530818040577914e-27,1.9234244891935613e-27,2.0657539447775022e-27,2.3890050243098587e-27
aug-cc-pvtz-dk,4.415707853926963,280.77989419009856,1.815286441150186e-27,1.8829032577963265e-27,2.0195603565123734e-27,2.3293399177572935e-27
aug-cc-pvtz-dk,4.417708854427213,280.6527149831277,1.7742988182049383e-27,1.839901366555866e-27,1.972276613294182e-27,2.271557608287827e-27
aug-cc-pvtz-dk,4.419709854927463,280.52565093559707,1.7241390603428776e-27,1.788284958242509e-27,1.9175011084725414e-27,2.208812792937493e-27
aug-cc-pvtz-dk,4.421710855427714,280.39870189116414,1.661131760021618e-27,1.7241386402322578e-27,1.8508773366793076e-27,2.135913983839134e-27
aug-cc-pvtz-dk,4.423711855927964,280.2718676937691,1.5845781478289173e-27,1.6464831972878593e-27,1.7708952632492364e-27,2.050283010926561e-27
aug-cc-pvtz-dk,4.425712856428214,280.14514818763416,1.4968574430886335e-27,1.5574300325537955e-27,1.679146230573413e-27,1.952411998183278e-27
aug-cc-pvtz-dk,4.427713856928464,280.0185432172636,1.4029403717011604e-27,1.4617451491485502e-27,1.5799849482407344e-27,1.8457325672928715e-27
aug-cc-pvtz-dk,4.4297148574287135,279.8920526274422,1.3094106671675125e-27,1.3659088567453688e-27,1.4796660340261379e-27,1.7359251185387796e-27
aug-cc-pvtz-dk,4.431715857928964,279.76567626323515,1.2231836917144303e-27,1.2768530956439914e-27,1.3851224137530656e-27,1.6298026499449194e-27
aug-cc-pvtz-dk,4.433716858429214,279.6394139699876,1.1501682754442015e-27,1.2006189889845666e-27,1.3026205005645462e-27,1.5339841906359494e-27
aug-cc-pvtz-dk,4.435717858929465,279.5132655933235,1.0941275878060574e-27,1.1411913576654373e-27,1.2365495325746383e-27,1.4536121220937205e-27
aug-cc-pvtz-dk,4.437718859429715,279.3872309791455,1.0559557234365573e-27,1.0997320132753168e-27,1.1885757045926118e-27,1.3913581789057584e-27
aug-cc-pvtz-dk,4.439719859929965,279.2613099736338,1.0335060778335006e-27,1.0743562498368545e-27,1.1573207869529779e-27,1.346906453348935e-27
aug-cc-pvtz-dk,4.441720860430214,279.1355024232459,1.0220018120202784e-27,1.0604927840627015e-27,1.1386242621978934e-27,1.3170100137275784e-27
aug-cc-pvtz-dk,4.443721860930465,279.0098081747158,1.0149471984140978e-27,1.0517555819331555e-27,1.1263360999977967e-27,1.2961075581382756e-27
aug-cc-pvtz-dk,4.445722861430715,278.88422707505345,1.0053634737315147e-27,1.0411586993539413e-27,1.1134863184838347e-27,1.277379769641761e-27
aug-cc-pvtz-dk,4.447723861930966,278.75875897154424,9.871116450955303e-28,1.0224405146132608e-27,1.0936062090481102e-27,1.2540415956264109e-27
aug-cc-pvtz-dk,4.449724862431216,278.63340371174814,9.560491623288397e-28,9.912438939017368e-28,1.0619481537229587e-27,1.220622538812859e-27
aug-cc-pvtz-dk,4.4517258629314655,278.50816114349925,9.108003477322706e-28,9.459275947692238e-28,1.0163715753677319e-27,1.1739905516401392e-27
aug-cc-pvtz-dk,4.453726863431715,278.3830311149051,8.529951692712096e-28,8.87855587745216e-28,9.577273041865962e-28,1.1139251221215519e-27
aug-cc-pvtz-dk,4.4557278639319655,278.25801347434606,7.869332352355109e-28,8.211114739148899e-28,8.896692886615925e-28,1.0431322004338075e-27
aug-cc-pvtz-dk,4.457728864432216,278.1331080704747,7.187398639829795e-28,7.51695218531719e-28,8.179322720476144e-28,9.667006983002446e-28
aug-cc-pvtz-dk,4.459729864932466,278.0083147522153,6.551776998474626e-28,6.863579447279039e-28,7.492157843861148e-28,8.911068514019748e-28
aug-cc-pvtz-dk,4.461730865432716,277.8836333687633,6.023424505869719e-28,6.312990113266575e-28,6.8988941396361954e-28,8.22958668099909e-28
aug-cc-pvtz-dk,4.463731865932966,277.7590637695842,5.644924083230921e-28,5.909748749419133e-28,6.44767469843034e-28,7.6772144042093715e-28
aug-cc-pvtz-dk,4.465732866433216,277.6346058044136,5.4323461020649365e-28,5.6724663639411615e-28,6.1618665563120745e-28,7.286677142219596e-28
aug-cc-pvtz-dk,4.467733866933466,277.5102593232561,5.372214896620385e-28,5.590275775956694e-28,6.035615643959748e-28,7.062512648230412e-28
aug-cc-pvtz-dk,4.469734867433717,277.386024176385,5.424135304230954e-28,5.6249563078892655e-28,6.0350061850403025e-28,6.9802261495127805e-28
aug-cc-pvtz-dk,4.471735867933967,277.2619002143416,5.5285520422742055e-28,5.718276530610031e-28,6.104577876028052e-28,6.990997971519611e-28
aug-cc-pvtz-dk,4.473736868434217,277.1378872879347,5.618135504328826e-28,5.803127879388114e-28,6.17793079578261e-28,7.031018441686937e-28
aug-cc-pvtz-dk,4.475737868934467,277.01398524823963,5.6306031072118665e-28,5.816305726386919e-28,6.1903743302623e-28,7.033646608031417e-28
aug-cc-pvtz-dk,4.477738869434717,276.8901939465982,5.520520524675213e-28,5.710489020214776e-28,6.091194750042387e-28,6.942057688530625e-28
aug-cc-pvtz-dk,4.479739869934967,276.76651323461755,5.267833087972624e-28,5.46313373010444e-28,5.853199830835882e-28,6.719961277854909e-28
aug-cc-pvtz-dk,4.4817408704352175,276.6429429641701,4.8815132557897466e-28,5.080596022214633e-28,5.477730446931373e-28,6.358352572095415e-28
aug-cc-pvtz-dk,4.483741870935468,276.51948298739256,4.397649320517712e-28,4.596718951611578e-28,4.9942021517449e-28,5.8770248152338005e-28
aug-cc-pvtz-dk,4.4857428714357175,276.3961331566856,3.8723661142809813e-28,4.066178181931942e-28,4.454289513759286e-28,5.320578165341935e-28
aug-cc-pvtz-dk,4.487743871935968,276.2728933247129,3.370952966167326e-28,3.5538810982171376e-28,3.921887855310607e-28,4.74971168523331e-28
aug-cc-pvtz-dk,4.4897448724362174,276.14976334440115,2.955293149484837e-28,3.122462402064195e-28,3.4607891666106114e-28,4.229483180527656e-28
aug-cc-pvtz-dk,4.491745872936468,276.02674306893863,2.672003261285564e-28,2.8202728778923345e-28,3.122436080337672e-28,3.8167924166427024e-28
aug-cc-pvtz-dk,4.493746873436718,275.9038323517756,2.54354446504432e-28,2.6721529736068963e-28,2.9360921989160786e-28,3.5494814088922215e-28
aug-cc-pvtz-dk,4.495747873936969,275.78103104662284,2.563990192523857e-28,2.674741110437494e-28,2.9032955279940186e-28,3.439126392316362e-28
aug-cc-pvtz-dk,4.497748874437218,275.6583390074519,2.7002370472718986e-28,2.7971917616642268e-28,2.997634470523789e-28,3.4688808900931074e-28
aug-cc-pvtz-dk,4.499749874937469,275.5357560884936,2.898403224126378e-28,2.9871419217664792e-28,3.1698653763979863e-28,3.5967593374028167e-28
aug-cc-pvtz-dk,4.501750875437718,275.4132821442383,3.094168299228317e-28,3.1807620843819156e-28,3.3573695521489986e-28,3.7637091033932596e-28
aug-cc-pvtz-dk,4.503751875937969,275.29091702943464,3.22506199021332e-28,3.3149538962302917e-28,3.496124288487677e-28,3.9049081550983046e-28
aug-cc-pvtz-dk,4.505752876438219,275.1686605990896,3.242345264522344e-28,3.339354422090036e-28,3.532889562968253e-28,3.9621156247804486e-28
aug-cc-pvtz-dk,4.5077538769384695,275.0465127084674,3.1202168143936506e-28,3.225855584483228e-28,3.4352823620513607e-28,3.8947123184044984e-28
aug-cc-pvtz-dk,4.509754877438719,274.9244732130893,2.8605978269819327e-28,2.973831094619396e-28,3.1978233252290182e-28,3.6873278443589e-28
aug-cc-pvtz-dk,4.511755877938969,274.8025419687327,2.4926015662104655e-28,2.610092349128916e-28,2.8428194229714554e-28,3.352613462808136e-28
aug-cc-pvtz-dk,4.513756878439219,274.6807188314308,2.0668125353779943e-28,2.1836049519358693e-28,2.4159367930214463e-28,2.9286523247127286e-28
aug-cc-pvtz-dk,4.5157578789394694,274.55900365747203,1.6454915703561773e-28,1.7559988571709848e-28,1.9773334242426893e-28,2.471525968413521e-28
aug-cc-pvtz-dk,4.51775887943972,274.4373963033994,1.2905960806242604e-28,1.3897036095516828e-28,1.590065177188883e-28,2.0444782586914687e-28
aug-cc-pvtz-dk,4.51975987993997,274.31589662600993,1.05191319912878e-28,1.1359853062767403e-28,1.3079915751806055e-28,1.7057613621150735e-28
aug-cc-pvtz-dk,4.52176088044022,274.19450448235426,9.575723470678622e-29,1.0251710318606962e-28,1.165493827055064e-28,1.49749098886419e-28
aug-cc-pvtz-dk,4.523761880940469,274.07321972973574,1.0087383123319752e-28,1.0609177686358106e-28,1.1709605022651441e-28,1.4376346977841867e-28
aug-cc-pvtz-dk,4.52576288144072,273.9520422257102,1.179480073775024e-28,1.2196026034841838e-28,1.3052684362566687e-28,1.5166494787202187e-28
aug-cc-pvtz-dk,4.52776388194097,273.8309718280853,1.4218170942419059e-28,1.4549276708387981e-28,1.5255266469185036e-28,1.699390181862902e-28
aug-cc-pvtz-dk,4.529764882441221,273.7100083949199,1.6749558088839539e-28,1.7068366982607335e-28,1.7733443778180027e-28,1.9319004431924116e-28
aug-cc-pvtz-dk,4.531765882941471,273.58915178452366,1.8769335691742477e-28,1.9130210583162626e-28,1.986024229930571e-28,2.151767878674395e-28
aug-cc-pvtz-dk,4.533766883441721,273.46840185545625,1.9764348088460776e-28,2.0208056429746502e-28,2.108529016867527e-28,2.3000494786949384e-28
aug-cc-pvtz-dk,4.53576788394197,273.347758466527,1.9425216527464435e-28,1.99714260581044e-28,2.103933293693679e-28,2.3324828064907237e-28
aug-cc-pvtz-dk,4.537768884442221,273.22722147679417,1.7704297750723623e-28,1.8348126600609811e-28,1.960370142840983e-28,2.227844973262147e-28
aug-cc-pvtz-dk,4.539769884942471,273.10679074556475,1.4823394942332142e-28,1.5536658597102087e-28,1.693161509433079e-28,1.9918751601846834e-28
aug-cc-pvtz-dk,4.5417708854427215,272.9864661323934,1.1229972500037954e-28,1.1966869852631014e-28,1.3417466171103157e-28,1.6560311638523256e-28
aug-cc-pvtz-dk,4.543771885942972,272.86624749708244,7.510470623462932e-29,8.216604191378326e-29,9.620185546762134e-29,1.271340601187956e-28
aug-cc-pvtz-dk,4.545772886443221,272.74613469968085,4.2774603808990356e-29,4.900453370838906e-29,6.1555232427335e-29,8.985419954365685e-29
aug-cc-pvtz-dk,4.547773886943471,272.62612760048404,2.052320623968783e-29,2.5519956408959343e-29,3.5779660425789894e-29,5.964160382095882e-29
aug-cc-pvtz-dk,4.549774887443721,272.506226060033,1.1658560633112937e-29,1.5220326497717124e-29,2.274881592331116e-29,4.1054257180204736e-29
aug-cc-pvtz-dk,4.551775887943972,272.3864299391142,1.6957701097574942e-29,1.9122013662471538e-29,2.3930633339032859e-29,3.64629641409712e-29
aug-cc-pvtz-dk,4.553776888444222,272.26673909875865,3.4527690313076587e-29,3.5564816083285694e-29,3.811559826677449e-29,4.560590507109477e-29
aug-cc-pvtz-dk,4.555777888944472,272.14715340024156,6.01773426462964e-29,6.05391731691719e-29,6.165771336992908e-29,6.564803480333224e-29
aug-cc-pvtz-dk,4.557778889444722,272.0276727050818,8.822644160053334e-29,8.846082876517822e-29,8.917992985805215e-29,9.173184663687952e-29
aug-cc-pvtz-dk,4.559779889944972,271.9082968750412,1.1259584846724843e-28,1.1324290093931408e-28,1.146071548576192e-28,1.1791204593990255e-28
aug-cc-pvtz-dk,4.561780890445222,271.78902577212415,1.2796910718418517e-28,1.2945934302112362e-28,1.3232816071002647e-28,1.38294020212283e-28
aug-cc-pvtz-dk,4.563781890945473,271.6698592585772,1.3080329674965143e-28,1.3337710746654245e-28,1.3826384400686434e-28,1.4815771287637433e-28
aug-cc-pvtz-dk,4.565782891445723,271.5507971968883,1.1999669479819165e-28,1.236604241939949e-28,1.30638194827173e-28,1.4485231171351075e-28
aug-cc-pvtz-dk,4.567783891945973,271.4318394497864,9.70872373221067e-29,1.0161411651673606e-28,1.1030602558793428e-28,1.2829187291629558e-28
aug-cc-pvtz-dk,4.569784892446223,271.31298588024083,6.594589983920263e-29,7.092147570781612e-29,8.057677973996185e-29,1.0095894240501502e-28
aug-cc-pvtz-dk,4.5717858929464725,271.1942363514608,3.2025795151286406e-29,3.69289874171839e-29,4.6570284111055263e-29,6.741762561922884e-29
aug-cc-pvtz-dk,4.573786893446723,271.0755907268949,7.75732041250124e-30,1.202838017003387e-29,2.0578085594505715e-29,3.964961570824933e-29
aug-cc-pvtz-dk,4.575787893946973,270.95704887023066,5.5096960453033016e-30,8.649017806373902e-30,1.5119896978715492e-29,3.026221223317045e-29
aug-cc-pvtz-dk,4.577788894447224,270.83861064539394,2.9568904402928896e-30,4.777573108131178e-30,8.762184914244719e-30,1.89400962793172e-29
aug-cc-pvtz-dk,4.579789894947473,270.72027591654836,5.504165017352415e-31,1.0975239389376409e-30,2.6234189645757094e-30,7.660740787309737e-30
aug-cc-pvtz-dk,4.581790895447724,270.60204454809474,2.6332524756967877e-31,6.055096240378615e-31,1.6385052401261147e-30,5.2627152173252925e-30
aug-cc-pvtz-dk,4.583791895947973,270.483916404671,1.7237052747850125e-29,1.7370809786015352e-29,1.7871460789246873e-29,1.9871570023909426e-29
aug-cc-pvtz-dk,4.585792896448224,270.3658913511509,4.598598880473871e-29,4.5845283394646785e-29,4.568109534630399e-29,4.576038899596867e-29
aug-cc-pvtz-dk,4.587793896948474,270.24796925264417,7.154567734525779e-29,7.117831890581979e-29,7.047538294864195e-29,6.903037931075724e-29
aug-cc-pvtz-dk,4.589794897448725,270.1301499744959,8.953726839639365e-29,8.947714306804877e-29,8.93508048430191e-29,8.904630308374903e-29
aug-cc-pvtz-dk,4.591795897948974,270.0124333822857,9.69957286934313e-29,9.80396739523264e-29,9.999368945310279e-29,1.0383765955686466e-28
aug-cc-pvtz-dk,4.593796898449225,269.89481934182726,9.114792349928189e-29,9.330494207541228e-29,9.735821370765161e-29,1.0539616184004964e-28
aug-cc-pvtz-dk,4.595797898949474,269.7773077191684,7.287781594803367e-29,7.593295599287419e-29,8.168205030434261e-29,9.311589400567805e-29
aug-cc-pvtz-dk,4.5977988994497245,269.6598983805897,4.551540350491859e-29,4.9152885362928723e-29,5.609516850519622e-29,7.029480667743274e-29
aug-cc-pvtz-dk,4.599799899949975,269.5425911926047,1.4036804361507846e-29,1.7783673656065843e-29,2.5059661726938934e-29,4.0438845706158186e-29
aug-cc-pvtz-dk,4.601800900450225,269.4253860219589,5.9097573722197614e-30,9.132892596704377e-30,1.5530734991083272e-29,2.959679250168904e-29
aug-cc-pvtz-dk,4.603801900950475,269.3082827356297,3.957791330678323e-30,6.210730480763877e-30,1.0850923848751871e-29,2.1695885860496586e-29
aug-cc-pvtz-dk,4.6058029014507245,269.1912812008255,1.604398728936896e-30,2.6523382090328513e-30,5.040531795286335e-30,1.1469403344498598e-29
aug-cc-pvtz-dk,4.607803901950975,269.07438128498535,2.5496710926337603e-31,5.86290300291981e-31,1.5864978707645727e-30,5.0956727401642325e-30
aug-cc-pvtz-dk,4.609804902451225,268.95758285577864,1.9546059135024604e-31,4.494565951234432e-31,1.216226723876077e-30,3.9063987900140386e-30
aug-cc-pvtz-dk,4.611805902951476,268.84088578110425,1.1239536133813602e-31,2.5845023831011816e-31,6.993647218338725e-31,2.246289651031144e-30
aug-cc-pvtz-dk,4.613806903451726,268.7242899290903,2.190943431096702e-29,2.1824304614503807e-29,2.1691540170405412e-29,2.1538168844080584e-29
aug-cc-pvtz-dk,4.615807903951976,268.6077951680936,4.881912058688795e-29,4.856845392722394e-29,4.8088806287678627e-29,4.7102809516609383e-29
aug-cc-pvtz-dk,4.617808904452225,268.4914013666992,6.867081191551335e-29,6.831821476029338e-29,6.76435243429944e-29,6.625658418509273e-29
aug-cc-pvtz-dk,4.619809904952476,268.3751083937196,7.862913133831767e-29,7.879315421600494e-29,7.909097092309131e-29,7.963954473452572e-29
aug-cc-pvtz-dk,4.621810905452726,268.25891611819463,7.688182380684325e-29,7.817380295349169e-29,8.059833890410228e-29,8.539331762819236e-29
aug-cc-pvtz-dk,4.6238119059529765,268.14282440939087,6.261508334222993e-29,6.48752997360823e-29,6.912726257971318e-29,7.757850829824371e-29
aug-cc-pvtz-dk,4.625812906453227,268.0268331368011,3.847782363735965e-29,4.135690761151049e-29,4.6779084199470803e-29,5.758042552939951e-29
aug-cc-pvtz-dk,4.6278139069534765,267.91094217014376,9.071873149723004e-30,1.2191284121911938e-29,1.8175862115319422e-29,3.05401596335145e-29
aug-cc-pvtz-dk,4.629814907453726,267.79515137936255,5.072994030621237e-30,7.809401696496448e-30,1.318700698674962e-29,2.4803104420801383e-29
aug-cc-pvtz-dk,4.6318159079539765,267.6794606346258,3.3793938229413844e-30,5.285390395079541e-30,9.18081077002707e-30,1.8173766881551955e-29
aug-cc-pvtz-dk,4.633816908454227,267.56386980632624,1.1999100388192762e-30,1.999160012886072e-30,3.8436760300217826e-30,8.885862273295475e-30
aug-cc-pvtz-dk,4.635817908954477,267.44837876508035,2.1596239757653775e-31,4.965999704539614e-31,1.3437964014662985e-30,4.316139855884335e-30
aug-cc-pvtz-dk,4.637818909454728,267.33298738172795,1.6751375543450135e-31,3.851935657915801e-31,1.0423313700673783e-30,3.347864278009204e-30
aug-cc-pvtz-dk,4.639819909954977,267.21769552733156,9.3039726925302e-32,2.1394245554147883e-31,5.789269411649225e-31,1.8594555259119694e-30
aug-cc-pvtz-dk,4.641820910455227,267.102503073176,6.985255283522415e-30,6.957888189621675e-30,6.91487933044246e-30,6.863596330662377e-30
aug-cc-pvtz-dk,4.643821910955477,266.9874098907681,3.443926271234193e-29,3.426243087183326e-29,3.3924065271038476e-29,3.3228497603613205e-29
aug-cc-pvtz-dk,4.645822911455728,266.8724158518359,5.61701529430813e-29,5.58817416722146e-29,5.532987017292987e-29,5.419540505421121e-29
aug-cc-pvtz-dk,4.647823911955978,266.75752082832844,6.798082964413312e-29,6.76317752719276e-29,6.696386392733243e-29,6.559085929886057e-29
aug-cc-pvtz-dk,4.649824912456228,266.6427246924153,6.968147952531246e-29,7.041057744230097e-29,7.1774992858293e-29,7.445795151157583e-29
aug-cc-pvtz-dk,4.651825912956478,266.52802731648563,5.900668204732806e-29,6.074681838327294e-29,6.401883005551741e-29,7.051599255688027e-29
aug-cc-pvtz-dk,4.653826913456728,266.41342857314845,3.791713389761725e-29,4.036787000033553e-29,4.498259032111e-29,5.417240463202467e-29
aug-cc-pvtz-dk,4.655827913956978,266.29892833523155,1.0457587994832976e-29,1.3214876217528448e-29,1.8449274337153185e-29,2.904424902878406e-29
aug-cc-pvtz-dk,4.6578289144572285,266.1845264757813,4.733359018731224e-30,7.260243815427632e-30,1.2178679152366742e-29,2.2619753251017263e-29
aug-cc-pvtz-dk,4.659829914957479,266.0702228680622,3.279558434238953e-30,5.1045038079547696e-30,8.791646165974108e-30,1.7145418069265762e-29
aug-cc-pvtz-dk,4.661830915457728,265.9560173855564,1.2667095895454539e-30,2.077898070454521e-30,3.902474457260338e-30,8.733916921698143e-30
aug-cc-pvtz-dk,4.663831915957979,265.8419099019629,1.9748484230239554e-31,4.541113080471251e-31,1.2288223478165785e-30,3.946854676367068e-30
aug-cc-pvtz-dk,4.665832916458228,265.7279002911976,1.5907345891752742e-31,3.6578532135649754e-31,9.898127825072525e-31,3.179179819042304e-30
aug-cc-pvtz-dk,4.667833916958479,265.61398842739254,9.26400405147592e-32,2.1302338693558387e-31,5.76439947289e-31,1.8514675499228267e-30
aug-cc-pvtz-dk,4.669834917458729,265.5001741848955,1.083144947927295e-32,2.490663908041781e-32,6.739720894121194e-32,2.1647310512895765e-31
aug-cc-pvtz-dk,4.67183591795898,265.3864574382696,2.4225762058291923e-29,2.41013724588898e-29,2.38633544559484e-29,2.3374068232046546e-29
aug-cc-pvtz-dk,4.673836918459229,265.27283806229264,4.7282107568701325e-29,4.7039332856178053e-29,4.657478636260302e-29,4.5619832548776856e-29
aug-cc-pvtz-dk,4.67583791895948,265.15931593195677,6.15429597891728e-29,6.122696130393316e-29,6.062230200162206e-29,5.93793226340161e-29
aug-cc-pvtz-dk,4.677838919459729,265.04589092246823,6.556676503924573e-29,6.589290884161151e-29,6.649825678384847e-29,6.766835885432589e-29
aug-cc-pvtz-dk,4.67983991995998,264.93256290924637,5.821989411069865e-29,5.957928123871702e-29,6.213360423957173e-29,6.71985670239075e-29
aug-cc-pvtz-dk,4.68184092046023,264.8193317679239,4.007524998822919e-29,4.2217436335496636e-29,4.6250153953263876e-29,5.427690633153574e-29
aug-cc-pvtz-dk,4.6838419209604805,264.7061973743458,1.462269392870519e-29,1.7147615110817995e-29,2.1905570884459476e-29,3.1394921240178976e-29
aug-cc-pvtz-dk,4.68584292146073,264.5931596045692,4.6135154336777216e-30,7.054702743395532e-30,1.1766800782181095e-29,2.1615655928238523e-29
aug-cc-pvtz-dk,4.68784392196098,264.48021833486285,3.390449320806236e-30,5.252211865502898e-30,8.970279679133457e-30,1.7230804614268164e-29
aug-cc-pvtz-dk,4.68984492246123,264.36737344170666,1.5461784288383308e-30,2.487067199871577e-30,4.528618007310919e-30,9.682273064037933e-30
aug-cc-pvtz-dk,4.69184592296148,264.25462480179124,1.880881088578629e-31,4.325037615330851e-31,1.1703524626421199e-30,3.759055243733455e-30
aug-cc-pvtz-dk,4.693846923461731,264.14197229201744,1.5910064024444694e-31,3.658478241176107e-31,9.899819145863157e-31,3.179723054391466e-30
aug-cc-pvtz-dk,4.695847923961981,264.02941578949606,1.0054275845549443e-31,2.3119548328158898e-31,6.256135258829287e-31,2.009408174108252e-30
aug-cc-pvtz-dk,4.697848924462231,263.9169551715472,2.3656919667235518e-32,5.439847741835408e-32,1.4720193827882412e-31,4.727979268104871e-31
aug-cc-pvtz-dk,4.69984992496248,263.8045903156999,1.6042582339001962e-29,1.5960210094705896e-29,1.5802591795592565e-29,1.5478580748369467e-29
aug-cc-pvtz-dk,4.701850925462731,263.69232109969147,3.998349646435065e-29,3.977819720086702e-29,3.938535952846853e-29,3.857781531349763e-29
aug-cc-pvtz-dk,4.703851925962981,263.5801474014676,5.629658617097824e-29,5.600752571605157e-29,5.545441201087307e-29,5.431739332803931e-29
aug-cc-pvtz-dk,4.705852926463232,263.46806909918143,6.251881187850546e-29,6.252721645670046e-29,6.25339925201206e-29,6.251099821591026e-29
aug-cc-pvtz-dk,4.707853926963482,263.35608607119326,5.830501749533787e-29,5.935233266290523e-29,6.131831346136187e-29,6.520877027523356e-29
aug-cc-pvtz-dk,4.709854927463732,263.2441981960701,4.306253070991524e-29,4.4948637606187213e-29,4.849815124894906e-29,5.555858061980903e-29
aug-cc-pvtz-dk,4.711855927963981,263.13240535258524,1.9741141422576777e-29,2.2106004704638157e-29,2.656147082741336e-29,3.54439974908734e-29
aug-cc-pvtz-dk,4.7138569284642315,263.0207074197177,4.5690309462383306e-30,6.968472975085279e-30,1.1566558738536434e-29,2.1045611252092276e-29
aug-cc-pvtz-dk,4.715857928964482,262.90910427665216,3.571770329670188e-30,5.5107419262075516e-30,9.343439336255883e-30,1.7708237331943697e-29
aug-cc-pvtz-dk,4.717858929464732,262.79759580277806,1.901966774715311e-30,3.015094780082763e-30,5.359688692970656e-30,1.1031018026365464e-29
aug-cc-pvtz-dk,4.719859929964983,262.6861818776894,1.8185269206550558e-31,4.18165581231325e-31,1.1315534367874327e-30,3.634436646989057e-30
aug-cc-pvtz-dk,4.721860930465232,262.57486238118446,1.618645044454004e-31,3.722032586559118e-31,1.0071796805356703e-30,3.234960561327178e-30
aug-cc-pvtz-dk,4.723861930965482,262.4636371932649,1.111881873925909e-31,2.5567437291680104e-31,6.9185324751162375e-31,2.2221635455710208e-30
aug-cc-pvtz-dk,4.725862931465732,262.35250619413574,3.960482177123994e-32,9.107026751942706e-32,2.46435571998337e-31,7.915264492813509e-31
aug-cc-pvtz-dk,4.727863931965983,262.24146926420485,8.871294358906073e-30,8.82574381032777e-30,8.738583383269525e-30,8.559410397604653e-30
aug-cc-pvtz-dk,4.729864932466233,262.13052628408246,3.332291576369519e-29,3.31518159182999e-29,3.2824418421239767e-29,3.215139754436554e-29
aug-cc-pvtz-dk,4.731865932966484,262.0196771345808,5.133970482423977e-29,5.107609597259067e-29,5.057168360428361e-29,4.9534778748649154e-29
aug-cc-pvtz-dk,4.733866933466733,261.9089216967135,5.958712191423983e-29,5.932547604913475e-29,5.882356806151844e-29,5.778684470061015e-29
aug-cc-pvtz-dk,4.735867933966983,261.7982598516954,5.833669300831737e-29,5.910565991073275e-29,6.054688344458965e-29,6.338979457770567e-29
aug-cc-pvtz-dk,4.737868934467233,261.68769148094185,4.5970272592258706e-29,4.7619750097440695e-29,5.072273929064608e-29,5.689011225603736e-29
aug-cc-pvtz-dk,4.7398699349674835,261.5772164660686,2.4893430231828224e-29,2.710548493913595e-29,3.127212320429568e-29,3.9575078253660295e-29
aug-cc-pvtz-dk,4.741870935467734,261.4668346888912,4.5284940803359154e-30,6.890674519480503e-30,1.1387800354122003e-29,2.0541628614191176e-29
aug-cc-pvtz-dk,4.7438719359679835,261.35654603142467,3.753245054491359e-30,5.771087970493204e-30,9.724526654882316e-30,1.8217790501378349e-29
aug-cc-pvtz-dk,4.745872936468234,261.2463503758828,2.2647546116953e-30,3.554537914380256e-30,6.212007158390768e-30,1.2426706532289693e-29
aug-cc-pvtz-dk,4.7478739369684835,261.13624760467815,3.5009671613835237e-31,6.686346772814882e-31,1.528251741779483e-30,4.287662365083579e-30
aug-cc-pvtz-dk,4.749874937468734,261.02623760042127,1.6455707031601964e-31,3.7839474452011633e-31,1.0239338024024957e-30,3.288773127770162e-30
aug-cc-pvtz-dk,4.751875937968984,260.9163202459206,1.2181609614748858e-31,2.801129753443329e-31,7.579839522093347e-31,2.4345687655374227e-30
aug-cc-pvtz-dk,4.753876938469235,260.80649542418183,5.596530068058748e-32,1.2869076735720676e-31,3.482364083076064e-31,1.1185005701209018e-30
aug-cc-pvtz-dk,4.755877938969484,260.6967630184075,2.2777397560057618e-30,2.2660444733100055e-30,2.2436656904820306e-30,2.1976623209465103e-30
aug-cc-pvtz-dk,4.757878939469735,260.58712291199663,2.6908182012685736e-29,2.677001925961552e-29,2.6505646492722485e-29,2.596218359824795e-29
aug-cc-pvtz-dk,4.759879939969984,260.4775749885444,4.6306304850205557e-29,4.606854049438262e-29,4.5613581258114994e-29,4.467833567168152e-29
aug-cc-pvtz-dk,4.761880940470235,260.3681191318416,5.678548687735055e-29,5.649391611282592e-29,5.593599896041272e-29,5.47891059801303e-29
aug-cc-pvtz-dk,4.763881940970485,260.2587552258742,5.792352312251193e-29,5.84320065646524e-29,5.938221676561401e-29,6.124520214625254e-29
aug-cc-pvtz-dk,4.7658829414707355,260.1494831548231,4.840019954323354e-29,4.981783278741296e-29,5.248338794783363e-29,5.777613003291264e-29
aug-cc-pvtz-dk,4.767883941970985,260.0403028030637,2.967220037336992e-29,3.1724615591994844e-29,3.5589602282563266e-29,4.32876050429952e-29
aug-cc-pvtz-dk,4.7698849424712355,259.9312140551652,5.3655011636367554e-30,7.672336223560136e-30,1.2036706157338502e-29,2.0811086141765507e-29
aug-cc-pvtz-dk,4.771885942971485,259.8222167958906,3.9019416256023105e-30,5.982249071408697e-30,1.0026481183056061e-29,1.8592386732426792e-29
aug-cc-pvtz-dk,4.7738869434717355,259.71331091019596,2.6009191216629517e-30,4.053405612297868e-30,6.997067622326705e-30,1.3700344557095766e-29
aug-cc-pvtz-dk,4.775887943971986,259.60449628323033,8.078731115377246e-31,1.3573958964551119e-30,2.6422269015223738e-30,6.209186972599966e-30
aug-cc-pvtz-dk,4.777888944472236,259.49577280033503,1.6592209313628619e-31,3.815335793349739e-31,1.0324274697000327e-30,3.316053938989421e-30
aug-cc-pvtz-dk,4.779889944972486,259.38714034704344,1.3115040900067445e-31,3.0157698731640474e-31,8.160654338146054e-31,2.6211206846910837e-30
aug-cc-pvtz-dk,4.781890945472736,259.27859880908045,7.144374757314944e-32,1.6428305729182522e-31,4.445489213558116e-31,1.4278467446858467e-30
aug-cc-pvtz-dk,4.783891945972986,259.1701480723622,0.0,0.0,0.0,0.0
aug-cc-pvtz-dk,4.785892946473236,259.0617880229957,2.0619464126011925e-29,2.0513591424201777e-29,2.0311005282177183e-29,1.9894555235453353e-29
aug-cc-pvtz-dk,4.787893946973487,258.95351854727824,4.109134941936306e-29,4.0880361774026313e-29,4.04766394513423e-29,3.964671999848653e-29
aug-cc-pvtz-dk,4.789894947473737,258.8453395316971,5.363218160602209e-29,5.335680180294374e-29,5.282986586059692e-29,5.174665999262518e-29
aug-cc-pvtz-dk,4.791895947973987,258.73725086292933,5.693542964783152e-29,5.719526446445896e-29,5.767685620494022e-29,5.860495660978427e-29
aug-cc-pvtz-dk,4.793896948474236,258.629252427841,5.020364844402196e-29,5.138902858399192e-29,5.3616469817721e-29,5.803358977076718e-29
aug-cc-pvtz-dk,4.795897948974487,258.52134411348703,3.3907276492938415e-29,3.578828939159027e-29,3.932952763808536e-29,4.637878565789773e-29
aug-cc-pvtz-dk,4.797898949474737,258.41352580711083,1.1198137976177308e-29,1.3412782342627773e-29,1.758628927953125e-29,2.591095585313272e-29
aug-cc-pvtz-dk,4.7998999499749875,258.3057973961438,4.004206773409342e-30,6.123155376850996e-30,1.0213564436308973e-29,1.87642407219131e-29
aug-cc-pvtz-dk,4.801900950475238,258.19815876820496,2.8952597940055157e-30,4.488312338131828e-30,7.67542492809146e-30,1.4777895818278692e-29
aug-cc-pvtz-dk,4.8039019509754874,258.0906098111007,1.2375458184266488e-30,2.0024478830691643e-30,3.681020910600834e-30,7.984442984215164e-30
aug-cc-pvtz-dk,4.805902951475737,257.983150412824,1.654926704623354e-31,3.8054613295732094e-31,1.0297554460031363e-30,3.307471665691577e-30
aug-cc-pvtz-dk,4.807903951975987,257.8757804615545,1.3866969000760669e-31,3.18867380309723e-31,8.628531286731438e-31,2.7713980885623402e-30
aug-cc-pvtz-dk,4.809904952476238,257.7684998456578,8.546309630303815e-32,1.9652018858492061e-31,5.317823961900078e-31,1.708031955100402e-30
aug-cc-pvtz-dk,4.811905952976488,257.6613084536854,1.6140375454146554e-32,3.711437761198392e-32,1.004312727446468e-31,3.2257521942860437e-31
aug-cc-pvtz-dk,4.813906953476739,257.55420617437386,1.4456111723293252e-29,1.4381885371121297e-29,1.4239854138650808e-29,1.3947884940721183e-29
aug-cc-pvtz-dk,4.815907953976988,257.4471928966448,3.570449838313874e-29,3.55211700634745e-29,3.517037352792154e-29,3.4449251973596024e-29
aug-cc-pvtz-dk,4.817908954477238,257.3402685096044,5.0048139320581424e-29,4.979116214124939e-29,4.929943939818959e-29,4.828862021146768e-29
aug-cc-pvtz-dk,4.819909954977488,257.2334329025428,5.535968448363575e-29,5.538147879474159e-29,5.541453614436108e-29,5.544818693113691e-29
aug-cc-pvtz-dk,4.821910955477739,257.1266859649341,5.13445557471395e-29,5.229673333082289e-29,5.40843667988179e-29,5.762287038459021e-29
aug-cc-pvtz-dk,4.823911955977989,257.02002758643573,3.7535429677823785e-29,3.9232882117405e-29,4.242753897269294e-29,4.878282736813501e-29
aug-cc-pvtz-dk,4.8259129564782395,256.9134576568881,1.6609417594945966e-29,1.872527537942503e-29,2.2711761193837264e-29,3.065993277167553e-29
aug-cc-pvtz-dk,4.827913956978489,256.80697606631435,4.0559638612024214e-30,6.187588087521918e-30,1.027545014694733e-29,1.8714549015877047e-29
aug-cc-pvtz-dk,4.829914957478739,256.7005827049198,3.141748702874374e-30,4.850099713360717e-30,8.231986769760737e-30,1.563229263170705e-29
aug-cc-pvtz-dk,4.831915957978989,256.59427746309143,1.6312549725792903e-30,2.5918419979040842e-30,4.624921649941541e-30,9.577998556503308e-30
aug-cc-pvtz-dk,4.833916958479239,256.4880602313981,1.6318116609477417e-31,3.752308882039916e-31,1.015372427079661e-30,3.2612748451346746e-30
aug-cc-pvtz-dk,4.83591795897949,256.3819309005896,1.4421615537021807e-31,3.3162133454483738e-31,8.973652487402179e-31,2.8822475719885686e-30
aug-cc-pvtz-dk,4.837918959479739,256.2758893615965,9.779137960381206e-32,2.2486875848233833e-31,6.0849344830715115e-31,1.954420194470849e-30
aug-cc-pvtz-dk,4.83991995997999,256.1699355055297,3.2879938535955764e-32,7.560657173986477e-32,2.0459090832880527e-31,6.571255679997301e-31
aug-cc-pvtz-dk,4.841920960480239,256.0640692236802,8.460864007400054e-30,8.417420854530643e-30,8.334292903824515e-30,8.1634093546851e-30
aug-cc-pvtz-dk,4.84392196098049,255.95829040751835,3.019807478583026e-29,3.004301974911825e-29,2.974632380056963e-29,2.913641514442449e-29
aug-cc-pvtz-dk,4.84592296148074,255.85259894869412,4.608175465928715e-29,4.584514327888875e-29,4.539239024723397e-29,4.4461679887173416e-29
aug-cc-pvtz-dk,4.847923961980991,255.74699473903618,5.323049642343668e-29,5.302577207358895e-29,5.263209672797107e-29,5.181514201816408e-29
aug-cc-pvtz-dk,4.84992496248124,255.64147767055184,5.18329365347642e-29,5.255252541098137e-29,5.390160301541693e-29,5.656437047467183e-29
aug-cc-pvtz-dk,4.851925962981491,255.5360476354263,4.0537700002854923e-29,4.2041134683343206e-29,4.4869586436601274e-29,5.049209771814173e-29
aug-cc-pvtz-dk,4.85392696348174,255.4307045260229,2.1541507589876087e-29,2.3539002236275028e-29,2.7301629972776437e-29,3.48000520740335e-29
aug-cc-pvtz-dk,4.855927963981991,255.32544823488206,4.057669856408647e-30,6.1763412418407546e-30,1.021375793378086e-29,1.8447344920974036e-29
aug-cc-pvtz-dk,4.857928964482241,255.22027865472143,3.3387450675637126e-30,5.136397609941746e-30,8.663230174679592e-30,1.6258605334362603e-29
aug-cc-pvtz-dk,4.859929964982491,255.11519567843538,1.985289281212488e-30,3.1200544767363507e-30,5.4651846980062125e-30,1.0975470615408419e-29
aug-cc-pvtz-dk,4.861930965482741,255.01019919909456,2.5833870455646443e-31,5.163073063480473e-31,1.236944018495882e-30,3.6190755196720065e-30
aug-cc-pvtz-dk,4.863931965982991,254.90528910994547,1.4779564347912177e-31,3.3985227525057717e-31,9.196381226007308e-31,2.9537858187568652e-30
aug-cc-pvtz-dk,4.865932966483241,254.8004653044104,1.0835227103991477e-31,2.491532563115376e-31,6.742071469295305e-31,2.1654860325636864e-30
aug-cc-pvtz-dk,4.867933966983491,254.69572767608673,4.8377477068156753e-32,1.1124276240806953e-31,3.010222164864041e-31,9.66853300593688e-31
aug-cc-pvtz-dk,4.869934967483742,254.59107611874677,2.686501406691461e-30,2.6727072963981492e-30,2.646312432196093e-30,2.5920533287827838e-30
aug-cc-pvtz-dk,4.871935967983992,254.48651052633738,2.4635638324813706e-29,2.450914417470748e-29,2.4267099139296442e-29,2.3769534669689422e-29
aug-cc-pvtz-dk,4.873936968484242,254.38203079297958,4.179443667559088e-29,4.1579838958383673e-29,4.116920880657882e-29,4.032508914372158e-29
aug-cc-pvtz-dk,4.875937968984492,254.27763681296807,5.090183610284765e-29,5.064047553196322e-29,5.0140365221868627e-29,4.911230397382591e-29
aug-cc-pvtz-dk,4.877938969484742,254.17332848077123,5.169641490584484e-29,5.218638651481341e-29,5.310260077130537e-29,5.49013606174687e-29
aug-cc-pvtz-dk,4.879939969984992,254.06910569103024,4.2913032873661826e-29,4.421453715582909e-29,4.666195753991468e-29,5.152246155263244e-29
aug-cc-pvtz-dk,4.881940970485243,253.96496833855926,2.596450514905968e-29,2.782628505589297e-29,3.1332416665118353e-29,3.8316234186979657e-29
aug-cc-pvtz-dk,4.883941970985493,253.86091631834475,4.1334849254362315e-30,6.214375036696387e-30,1.0155211944817549e-29,1.8093903571444757e-29
aug-cc-pvtz-dk,4.8859429714857425,253.7569495255452,3.4866242124977395e-30,5.3479394836496385e-30,8.97087283386334e-30,1.6661761051636756e-29
aug-cc-pvtz-dk,4.887943971985992,253.65306785549078,2.2978591867642362e-30,3.5845249441580195e-30,6.198085194692827e-30,1.217197234992741e-29
aug-cc-pvtz-dk,4.8899449724862425,253.54927120368288,6.751350290225807e-31,1.143821755740387e-30,2.2531554802914627e-30,5.3767492989083704e-30
aug-cc-pvtz-dk,4.891945972986493,253.44555946579405,1.4948122085556866e-31,3.4372821701050663e-31,9.301263966626986e-31,2.9874731077307756e-30
aug-cc-pvtz-dk,4.893946973486743,253.34193253766736,1.1713465366993065e-31,2.6934811895208404e-31,7.288543184137834e-31,2.341007290543811e-30
aug-cc-pvtz-dk,4.895947973986994,253.2383903153162,6.25437975558743e-32,1.4381785147258436e-31,3.8917020292773117e-31,1.2499758309712225e-30
aug-cc-pvtz-dk,4.897948974487243,253.13493269492392,0.0,0.0,0.0,0.0
aug-cc-pvtz-dk,4.899949974987493,253.03155957284332,1.9080817504397733e-29,1.8982845137628585e-29,1.8795376191720582e-29,1.8410002096027621e-29
aug-cc-pvtz-dk,4.901950975487743,252.9282708455965,3.7250138635180877e-29,3.705887407098039e-29,3.669289162692344e-29,3.594055287164413e-29
aug-cc-pvtz-dk,4.903951975987994,252.82506640987452,4.823344985531602e-29,4.798579038062752e-29,4.751189695337796e-29,4.653772893799496e-29
aug-cc-pvtz-dk,4.905952976488244,252.72194616253694,5.097020402362298e-29,5.123603878714569e-29,5.172980713043549e-29,5.268569925105261e-29
aug-cc-pvtz-dk,4.907953976988495,252.61891000061152,4.4669247549765375e-29,4.5763679867082787e-29,4.782046561163183e-29,5.19001538460461e-29
aug-cc-pvtz-dk,4.909954977488744,252.51595782129394,2.9857526812083917e-29,3.156877939208636e-29,3.4790566499460193e-29,4.1204497748523273e-29
aug-cc-pvtz-dk,4.911955977988994,252.41308952194728,9.397810350682517e-30,1.1396943457790924e-29,1.516442156669459e-29,2.267961986289723e-29
aug-cc-pvtz-dk,4.913956978489244,252.3103050001018,3.5866692198673196e-30,5.4868412836665755e-30,9.158921017706168e-30,1.6850828915952497e-29
aug-cc-pvtz-dk,4.9159579789894945,252.20760415345475,2.5680703399864036e-30,3.984061548535607e-30,6.82217973430912e-30,1.3166803841526067e-29
aug-cc-pvtz-dk,4.917958979489745,252.10498687986978,1.0630169169308397e-30,1.7263257171403937e-30,3.191824783772692e-30,6.983134196549794e-30
aug-cc-pvtz-dk,4.919959979989995,252.00245307737669,1.4937057355308745e-31,3.4347378638851136e-31,9.2943790899737e-31,2.9852617540991045e-30
aug-cc-pvtz-dk,4.921960980490245,251.90000264417114,1.241533133957198e-31,2.8548734620444885e-31,7.725269660064704e-31,2.481279473652135e-30
aug-cc-pvtz-dk,4.923961980990494,251.79763547861427,7.531329704502382e-32,1.731809866302969e-31,4.6862666226789675e-31,1.5051820441976708e-30
aug-cc-pvtz-dk,4.925962981490745,251.69535147923227,1.2268315252181134e-32,2.8210674914339445e-32,7.633790915889595e-32,2.4518974144897794e-31
aug-cc-pvtz-dk,4.927963981990995,251.59315054471625,1.359442330072065e-29,1.3524621373977926e-29,1.3391056226372177e-29,1.311649049643031e-29
aug-cc-pvtz-dk,4.929964982491246,251.49103257392184,3.251270826329487e-29,3.2345768509382564e-29,3.2026331297359056e-29,3.136967413145888e-29
aug-cc-pvtz-dk,4.931965982991495,251.38899746586875,4.51485180754843e-29,4.491669849170832e-29,4.4473114505279616e-29,4.356125266701158e-29
aug-cc-pvtz-dk,4.933966983491746,251.28704511974044,4.969446974584609e-29,4.974401523766998e-29,4.9830211920620246e-29,4.997324949754627e-29
aug-cc-pvtz-dk,4.935967983991995,251.18517543488397,4.582083461108707e-29,4.670576768725288e-29,4.836743050251947e-29,5.165769657425104e-29
aug-cc-pvtz-dk,4.937968984492246,251.08338831080945,3.320691809380082e-29,3.4755413917431963e-29,3.766987999558404e-29,4.346837649863519e-29
aug-cc-pvtz-dk,4.939969984992496,250.98168364718987,1.429600163899842e-29,1.6209983235477867e-29,1.9816219998935568e-29,2.700668494459809e-29
aug-cc-pvtz-dk,4.9419709854927465,250.8800613438607,3.6405981677308046e-30,5.555868559323451e-30,9.232416247362542e-30,1.6836606918668477e-29
aug-cc-pvtz-dk,4.943971985992996,250.7785213008196,2.7955002737616114e-30,4.3181839216132426e-30,7.337180356745249e-30,1.3961275677329412e-29
aug-cc-pvtz-dk,4.9459729864932465,250.67706341822594,1.4195948970684352e-30,2.2603285558646233e-30,4.047635456548869e-30,8.430276247600885e-30
aug-cc-pvtz-dk,4.947973986993496,250.5756875964008,1.4756975754692253e-31,3.393328563678693e-31,9.182325783660056e-31,2.9492713510264207e-30
aug-cc-pvtz-dk,4.949974987493746,250.47439373582617,1.2943457893924166e-31,2.9763148028660076e-31,8.05388916569218e-31,2.5868287774091686e-30
aug-cc-pvtz-dk,4.951975987993997,250.37318173714516,8.663155936189596e-32,1.9920703929141777e-31,5.39052997328722e-31,1.7313843999475538e-30
aug-cc-pvtz-dk,4.953976988494247,250.27205150116123,2.7427243854469665e-32,6.306824077064679e-32,1.706622634651612e-31,5.481501486636396e-31
aug-cc-pvtz-dk,4.955977988994497,250.1710029288382,8.233988273862629e-30,8.191710037149038e-30,8.11081113950149e-30,7.944509785576013e-30
aug-cc-pvtz-dk,4.957978989494747,250.07003592129956,2.764522966433719e-29,2.750328246634804e-29,2.7231668209602305e-29,2.667331920911201e-29
aug-cc-pvtz-dk,4.959979989994997,249.96915037982856,4.170375489873378e-29,4.148962279618378e-29,4.107988359242749e-29,4.0237595423831126e-29
aug-cc-pvtz-dk,4.961980990495247,249.86834620586754,4.791337790807855e-29,4.7756595648526335e-29,4.745407380957944e-29,4.6822186927301433e-29
aug-cc-pvtz-dk,4.963981990995498,249.76762330101784,4.6388214122268553e-29,4.7063766867990723e-29,4.833061567021642e-29,5.083241751044997e-29
aug-cc-pvtz-dk,4.965982991495748,249.66698156703936,3.60057840316736e-29,3.7381813513353546e-29,3.997073354012624e-29,4.5117735867293034e-29
aug-cc-pvtz-dk,4.967983991995998,249.56642090585038,1.8783020140079123e-29,2.0594209726218338e-29,2.4006008249434334e-29,3.080571196693433e-29
aug-cc-pvtz-dk,4.969984992496248,249.4659412195269,3.6503909967348565e-30,5.5581691377253294e-30,9.196981430615325e-30,1.6630759533332393e-29
aug-cc-pvtz-dk,4.971985992996498,249.36554241030285,2.980057132527295e-30,4.586904330725314e-30,7.743580767788167e-30,1.4557990935808977e-29
aug-cc-pvtz-dk,4.973986993496748,249.26522438056924,1.7427863915763398e-30,2.7428026721687446e-30,4.816023980993229e-30,9.711535285921327e-30
aug-cc-pvtz-dk,4.975987993996998,249.16498703287422,1.770734620408164e-31,3.814246909779193e-31,9.790707000903622e-31,3.0274542100219226e-30
aug-cc-pvtz-dk,4.977988994497249,249.0648302699226,1.330129220289113e-31,3.0585978805010537e-31,8.276546657045773e-31,2.6583441402717148e-30
aug-cc-pvtz-dk,4.979989994997498,248.9647539945756,9.64532037496193e-32,2.2179165757444153e-31,6.001668325741692e-31,1.9276759361959036e-30
aug-cc-pvtz-dk,4.981990995497748,248.8647581098504,4.1584254813521056e-32,9.562192281378924e-32,2.5875232264108786e-31,8.310866224490712e-31
aug-cc-pvtz-dk,4.983991995997998,248.76484251892,3.0528988821755123e-30,3.0372234673813248e-30,3.00722874963544e-30,2.9455695389811123e-30
aug-cc-pvtz-dk,4.985992996498249,248.66500712511288,2.2708947829264474e-29,2.2592346464298982e-29,2.2369231154315505e-29,2.191057993395639e-29
aug-cc-pvtz-dk,4.987993996998499,248.56525183191252,3.795669130858852e-29,3.7761798878986315e-29,3.738887455810036e-29,3.6622265602002284e-29
aug-cc-pvtz-dk,4.98999499749875,248.46557654295736,4.5897854184196365e-29,4.566218705918903e-29,4.5211240848872456e-29,4.428424471537841e-29
aug-cc-pvtz-dk,4.991995997998999,248.36598116204027,4.639660727152394e-29,4.686524795886266e-29,4.774201711068837e-29,4.9465132050310573e-29
aug-cc-pvtz-dk,4.993996998499249,248.2664655931083,3.825304930255439e-29,3.944932903826944e-29,4.1699052076673244e-29,4.616763227367802e-29
aug-cc-pvtz-dk,4.995997998999499,248.16702974026236,2.283201074839672e-29,2.4524820792763784e-29,2.771285840976074e-29,3.406352249428211e-29
aug-cc-pvtz-dk,4.99799899949975,248.06767350775698,3.618245698412336e-30,5.497206530788698e-30,9.058711032122437e-30,1.624562041345674e-29
aug-cc-pvtz-dk,5.0,247.9683968,3.1219578102559248e-30,4.7906942130896514e-30,8.042600409938398e-30,1.4960742048674587e-29
