E_eV,lambda_nm,sigma_200K,sigma_250K,sigma_298K
1.5,826.5613226666666,0.0,0.0,0.0
1.5020010005002502,825.4601585398833,0.0,0.0,0.0
1.5040020010005002,824.3619245022451,5.6171664749641205e-36,4.5594910049991913e-35,1.7427160803414194e-34
1.5060030015007504,823.2666088742733,1.3736853378466925e-35,1.1150294315696378e-34,4.261834749360811e-34
1.5080040020010006,822.1742000384805,2.6793528212075225e-34,8.673163884476711e-34,1.985778946324897e-33
1.5100050025012506,821.0846864389597,4.754955682945542e-34,1.4708630447075648e-33,3.193442048192213e-33
1.5120060030015008,819.9980565809759,1.8998508215920526e-33,3.0942071187015734e-33,5.0816141106282504e-33
1.5140070035017508,818.9142990305634,4.9670924320190444e-33,6.1154213222665136e-33,7.962080722946617e-33
1.516008004002001,817.833402414123,7.132406685142882e-33,8.013353678305901e-33,9.362264890321598e-33
1.5180090045022512,816.7553554180259,7.969035258713544e-33,8.441450561922969e-33,9.129621117820772e-33
1.5200100050025012,815.6801467882178,7.29595755797568e-33,7.29920912956476e-33,7.301508863601142e-33
1.5220110055027514,814.6077653298274,5.442008821866394e-33,5.390338187559991e-33,5.312944499986094e-33
1.5240120060030016,813.5381999067781,2.5587869113483805e-33,2.534491812407518e-33,2.498101949533838e-33
1.5260130065032516,812.471439441403,0.0,0.0,0.0
1.5280140070035018,811.4074729140611,0.0,0.0,0.0
1.530015007503752,810.3462893627594,0.0,0.0,0.0
1.532016008004002,809.2878778827754,3.445430178754374e-36,2.796678357032968e-35,1.068938690524961e-34
1.5340170085042522,808.2322276262839,1.3093455735687995e-35,1.0628044213627442e-34,4.062221755314419e-34
1.5360180090045024,807.1793278019866,2.2973217134180523e-34,7.636380906799675e-34,1.7993506998023377e-33
1.5380190095047523,806.1291676747438,4.8139147362990965e-34,1.5011471484474507e-33,3.2913278221345195e-33
1.5400200100050025,805.0817365652102,1.1807537882526671e-33,2.4936041601571426e-33,4.6996672514120314e-33
1.5420210105052525,804.0370238494728,4.750722271367437e-33,6.0800194067426336e-33,8.241310242887082e-33
1.5440220110055027,802.995018958691,7.468528636362956e-33,8.559098575451582e-33,1.0259649297929915e-32
1.546023011505753,801.9557113787412,8.798793115676012e-33,9.451436984812171e-33,1.0402891595755619e-32
1.548024012006003,800.9190906498626,8.470157478218088e-33,8.615048393540019e-33,8.824084022901588e-33
1.5500250125062531,799.8851463663062,6.69181962235312e-33,6.628282319149625e-33,6.533114410734576e-33
1.5520260130065033,798.853868175987,3.726199771356362e-33,3.6908203531965204e-33,3.637828094201362e-33
1.5540270135067533,797.8252457801384,4.0255602151794534e-36,3.987338437787037e-36,3.930088815487333e-36
1.5560280140070035,796.7992689329689,0.0,0.0,0.0
1.5580290145072537,795.7759274413228,0.0,0.0,0.0
1.5600300150075037,794.7552111643417,5.086432981226861e-37,4.12869113436472e-36,1.5780569416041055e-35
1.562031015507754,793.7371100131304,1.1797971280845356e-35,9.576490953581144e-35,3.66029996763925e-34
1.564032016008004,792.7216139504238,1.7508604062978689e-34,6.108220902141466e-34,1.5108420425656449e-33
1.566033016508254,791.7087129902571,4.756702452570641e-34,1.4977973492909464e-33,3.3223299469322095e-33
1.5680340170085043,790.6983971976391,6.900334236496038e-34,2.1123537195818327e-33,4.527129810849306e-33
1.5700350175087543,789.6906566882268,4.369611028359889e-33,5.8915416052273e-33,8.391769631334396e-33
1.5720360180090045,788.6854816280031,7.709180521081077e-33,9.035770407604595e-33,1.1136366879099992e-32
1.5740370185092547,787.6828622329572,9.622932847461121e-33,1.0495938435637935e-32,1.1786558653104794e-32
1.5760380190095047,786.6827887687668,9.729849252830132e-33,1.005056086095962e-32,1.0516289858344269e-32
1.578039019509755,785.6852515504834,8.08720196740501e-33,8.010415826643759e-33,7.895403447410297e-33
1.580040020010005,784.6902409422194,5.091335893892305e-33,5.042994819168698e-33,4.970588236892977e-33
1.582041020510255,783.6977473568379,1.0735612831182973e-33,1.0633680632465049e-33,1.0481003800698e-33
1.5840420210105053,782.707761255645,0.0,0.0,0.0
1.5860430215107553,781.720273148084,0.0,0.0,0.0
1.5880440220110055,780.7352735914317,0.0,0.0,0.0
1.5900450225112557,779.7527531904985,9.655739104020253e-36,7.837626993542239e-35,2.9956761792902046e-34
1.5920460230115057,778.7727025973292,1.0046592179364743e-34,3.977666178615158e-34,1.0956711421159602e-33
1.5940470235117559,777.7951125109054,4.548249155629202e-34,1.4499854021877475e-33,3.262992063973311e-33
1.596048024012006,776.8199736768531,7.280407880653479e-34,2.2422904008687057e-33,4.8422320205629556e-33
1.598049024512256,775.8472768871497,3.7875669473882184e-33,5.51131691423365e-33,8.371232407939902e-33
1.6000500250125063,774.8770129798343,7.822045386700591e-33,9.412009374835796e-33,1.1963662630675535e-32
1.6020510255127565,773.9091728387197,1.0420937994668406e-32,1.1569234201466833e-32,1.3317113259850377e-32
1.6040520260130064,772.9437473931077,1.1067721116342335e-32,1.160380003324781e-32,1.2384028410139797e-32
1.6060530265132567,771.980727617505,9.633880620879837e-33,9.542409118571191e-33,9.405400603645469e-33
1.6080540270135066,771.0201045313423,6.67505205752606e-33,6.611673958531663e-33,6.516744510530053e-33
1.6100550275137568,770.061869198695,2.387890792908065e-33,2.365218313688955e-33,2.3312588549603435e-33
1.612056028014007,769.1060127280061,0.0,0.0,0.0
1.614057028514257,768.1525262718116,0.0,0.0,0.0
1.6160580290145072,767.2014010264664,0.0,0.0,0.0
1.6180590295147574,766.2526282318751,6.424096557842947e-36,5.214481465215659e-35,1.9930647280825653e-34
1.6200600300150074,765.3061991712212,2.0215213388441485e-35,1.6408821782218393e-34,6.271734618617504e-34
1.6220610305152576,764.3621051707015,4.145208939745334e-34,1.3441385394104513e-33,3.083407131958595e-33
1.6240620310155078,763.4203375992606,7.55174830764414e-34,2.3413404932594277e-33,5.097606371325625e-33
1.6260630315157578,762.480887868328,2.961740512813588e-33,4.8925192184983315e-33,8.126573455175768e-33
1.628064032016008,761.5437474315562,7.767528777374319e-33,9.648376803971818e-33,1.2703352698593226e-32
1.6300650325162582,760.6089077845634,1.116230961107825e-32,1.2630935049401937e-32,1.4917035710846102e-32
1.6320660330165082,759.6763604646743,1.2471979678328172e-32,1.3268942320187327e-32,1.4430210194648263e-32
1.6340670335167584,758.7460970506658,1.141642832272953e-32,1.1459187295036455e-32,1.1517875339498841e-32
1.6360680340170084,757.8181091625133,8.499194946644688e-33,8.418497026379963e-33,8.297625476946373e-33
1.6380690345172586,756.892388461139,3.983283002233832e-33,3.945462637349391e-33,3.888814261669696e-33
1.6400700350175088,755.9689266481622,0.0,0.0,0.0
1.6420710355177588,755.0477154656512,0.0,0.0,0.0
1.644072036018009,754.128746695877,0.0,0.0,0.0
1.6460730365182592,753.2120121610697,1.803209723665164e-36,1.46367720305653e-35,5.594426648498718e-35
1.6480740370185092,752.2975037231749,1.8166651267531e-35,1.4745990423186421e-34,5.63617180138556e-34
1.6500750375187594,751.3852132836137,3.4939378428977866e-34,1.1631852596999933e-33,2.74523635645559e-33
1.6520760380190094,750.4751327830431,7.666711384205481e-34,2.394568343092484e-33,5.2602979697130555e-33
1.6540770385192596,749.567254201119,1.841379124733504e-33,3.9782367138706954e-33,7.590392614750506e-33
1.6560780390195098,748.6615695562604,7.497118949179105e-33,9.695162572076601e-33,1.3304502146238155e-32
1.6580790395197598,747.7580709054156,1.1810361201615086e-32,1.3648512505778206e-32,1.6562406664829264e-32
1.66008004002001,746.85675034383,1.3926142972080937e-32,1.5044793509428652e-32,1.6691382952948978e-32
1.6620810405202602,745.9576000048156,1.3415143291481665e-32,1.3703550424608907e-32,1.4120797675370463e-32
1.6640820410205102,745.060612059522,1.0586302615981138e-32,1.0485788083750064e-32,1.0335234671574047e-32
1.6660830415207604,744.1657787167092,5.900464225054419e-33,5.84444066111131e-33,5.760527036616632e-33
1.6680840420210106,743.273092222522,2.9988212491411225e-36,2.970348124383949e-36,2.9277003003096038e-36
1.6700850425212606,742.3825448602665,0.0,0.0,0.0
1.6720860430215108,741.4941289501869,0.0,0.0,0.0
1.674087043521761,740.6078368492454,0.0,0.0,0.0
1.676088044022011,739.7236609509029,1.4439222333111864e-35,1.172041181980947e-34,4.479743489834832e-34
1.6780890445222612,738.8415936849008,2.527969864466615e-34,8.855645275867653e-34,2.1989976865683796e-33
1.6800900450225114,737.9616275170462,7.562970978952902e-34,2.38197179149232e-33,5.284951649588773e-33
1.6820910455227613,737.0837549489962,1.1239806148290325e-33,3.449382967594454e-33,7.415832476294846e-33
1.6840920460230115,736.2079685180454,6.951245598220988e-33,9.489333988235968e-33,1.3698413942148918e-32
1.6860930465232615,735.3342607969144,1.2317884453774096e-32,1.457810532077727e-32,1.8216576752541688e-32
1.6880940470235117,734.4626243935397,1.540953972825541e-32,1.6952846435216927e-32,1.9312570735437367e-32
1.690095047523762,733.5930519508657,1.5601464995497325e-32,1.6201313012588713e-32,1.707327053166873e-32
1.692096048024012,732.7255361466371,1.2959091701617532e-32,1.2836048077438368e-32,1.2651749975905248e-32
1.6940970485242621,731.8600696931935,8.185061785815098e-33,8.10734648836633e-33,7.990942392864117e-33
1.6960980490245123,730.9966453372658,1.7549305677958306e-33,1.7382679017528515e-33,1.713310105372196e-33
1.6980990495247623,730.1352558597731,0.0,0.0,0.0
1.7001000500250125,729.2758940756215,0.0,0.0,0.0
1.7021010505252625,728.4185528335048,0.0,0.0,0.0
1.7041020510255127,727.5632250157053,8.403395456897333e-36,6.821091411113856e-35,2.6071387518021804e-34
1.7061030515257627,726.7099035378977,1.1649384240696015e-34,4.839266169871839e-34,1.3803198616426222e-33
1.7081040520260131,725.8585813489528,7.1586887204750794e-34,2.2765430998879745e-33,5.10841508096491e-33
1.710105052526263,725.0092514307445,1.1893540968148065e-33,3.6672064224682396e-33,7.930377071618636e-33
1.7121060530265133,724.1619067979547,6.056444354183495e-33,8.950158182581178e-33,1.3790751517088327e-32
1.7141070535267633,723.3165404978841,1.2624121106566606e-32,1.536037043427435e-32,1.9823576614914492e-32
1.7161080540270137,722.4731456102608,1.6882147015626729e-32,1.8933211262156514e-32,2.215766527568508e-32
1.7181090545272635,721.6317152470519,1.7971553297739887e-32,1.896078943775401e-32,2.0401384143726823e-32
1.7201100550275135,720.7922425522758,1.5639509312427457e-32,1.5491015733518324e-32,1.5268597994562887e-32
1.722111055527764,719.9547207018155,1.0887893698784775e-32,1.0784515627912052e-32,1.0629673129334007e-32
1.724112056028014,719.1191429032351,3.956890443274528e-33,3.919320669726308e-33,3.86304763659552e-33
1.726113056528264,718.2855023955948,0.0,0.0,0.0
1.728114057028514,717.4537924492691,0.0,0.0,0.0
1.7301150575287645,716.6240063657654,0.0,0.0,0.0
1.7321160580290145,715.7961374775451,0.0,0.0,0.0
1.7341170585292647,714.9701791478436,2.330230145512481e-35,1.8914631487951367e-34,7.2294982952358826e-34
1.7361180590295147,714.1461247704941,6.345872366589221e-34,2.041393217858621e-33,4.641304335923162e-33
1.738119059529765,713.3239677697509,1.2310309957134535e-33,3.810217730811369e-33,8.278463912439e-33
1.7401200600300148,712.503701600115,4.721746727776263e-33,7.972882058348386e-33,1.3448734226545433e-32
1.7421210605302648,711.6853197461594,1.2650537698345461e-32,1.591408291434985e-32,2.1296687449640214e-32
1.7441220610305153,710.8688157223576,1.8293654644400903e-32,2.094500907538778e-32,2.5205091430432177e-32
1.7461230615307652,710.0541830729122,2.052005179945845e-32,2.203976461431591e-32,2.4342523476030512e-32
1.7481240620310154,709.2414153715839,1.885537806877813e-32,1.9064801213313658e-32,1.9364712772964222e-32
1.7501250625312659,708.4305062215234,1.4065070356116468e-32,1.3931525716507547e-32,1.373149890720281e-32
1.7521260630315159,707.6214492551034,6.691439403576632e-33,6.627905710463823e-33,6.53274320934122e-33
1.7541270635317658,706.8142381337516,0.0,0.0,0.0
1.756128064032016,706.0088665477851,0.0,0.0,0.0
1.758129064532266,705.2053282162469,0.0,0.0,0.0
1.7601300650325165,704.4036168867414,0.0,0.0,0.0
1.7621310655327662,703.6037263352732,1.3119825289731258e-35,1.0649448554232618e-34,4.070402863363726e-34
1.7641320660330162,702.8056503660854,4.981163964873603e-34,1.62533939687545e-33,3.75425482929958e-33
1.7661330665332666,702.0093828114998,1.2355122920248706e-33,3.8299602367000366e-33,8.337014389146016e-33
1.7681340670335168,701.2149175317583,2.833687136910013e-33,6.418745816424846e-33,1.2478546615606915e-32
1.7701350675337668,700.4222484148651,1.229499090845591e-32,1.6125932869033784e-32,2.2497550658870379e-32
1.7721360680340172,699.6313693764289,1.9573598268726583e-32,2.2923650612002429e-32,2.840195649114279e-32
1.7741370685342672,698.8422743595092,2.3223849147605916e-32,2.544393436383642e-32,2.8970491905969977e-32
1.776138069034517,698.05495733446,2.2477389635200874e-32,2.3160065278314585e-32,2.4150834599830877e-32
1.7781390695347674,697.2694122987762,1.7777552295687163e-32,1.7608758485606868e-32,1.7355934505852795e-32
1.7801400700350178,696.4856332769424,1.0054960791050408e-32,9.959491228430073e-33,9.816494309552708e-33
1.7821410705352676,695.7036143202806,2.5196835466968275e-34,2.495759725297255e-34,2.459925972067273e-34
1.7841420710355176,694.9233495067994,0.0,0.0,0.0
1.7861430715357676,694.1448329410448,0.0,0.0,0.0
1.788144072036018,693.3680587539516,0.0,0.0,0.0
1.790145072536268,692.5930211026966,0.0,0.0,0.0
1.7921460730365182,691.8197141705513,2.872904207785749e-34,9.558099347039653e-34,2.2542632827156814e-33
1.7941470735367686,691.0481321667362,1.183017858255182e-33,3.650782257032366e-33,7.903190155713532e-33
1.7961480740370186,690.2782693262776,1.8704853416053522e-33,5.703960380163449e-33,1.2165155876718689e-32
1.7981490745372684,689.5101199098624,1.1423301109633887e-32,1.5832844105148063e-32,2.31945836579414e-32
1.8001500750375188,688.7436782036959,2.062284084249382e-32,2.4765554759665483e-32,3.1632182673592817e-32
1.8021510755377688,687.9789385193616,2.6035292590176287e-32,2.91185143453525e-32,3.4185372191433143e-32
1.804152076038019,687.2158951936781,2.654196691429505e-32,2.795931610438949e-32,3.0237151786102736e-32
1.806153076538269,686.4545425885611,2.2089760287304375e-32,2.1880023044480512e-32,2.1565872872693105e-32
1.8081540770385194,685.6948750908839,1.415927037327169e-32,1.402483132595462e-32,1.3823464848351687e-32
1.8101550775387694,684.9368871123394,3.3486278378694113e-33,3.316833379223266e-33,3.2692107705196594e-33
1.8121560780390196,684.1805730893029,0.0,0.0,0.0
1.8141570785392696,683.4259274826968,0.0,0.0,0.0
1.81615807903952,682.6729447778541,0.0,0.0,0.0
1.8181590795397697,681.9216194843857,0.0,0.0,0.0
1.8201600800400197,681.1719461360451,0.0,0.0,0.0
1.8221610805402702,680.423919290597,1.0437994376277739e-33,3.1491293851100756e-33,6.624618014129695e-33
1.8241620810405204,679.6775335296859,1.933678286997291e-33,5.838418243650084e-33,1.2294305871289576e-32
1.8261630815407703,678.9327834587043,9.8565032984784e-33,1.4788015926027892e-32,2.297130535828838e-32
1.8281640820410203,678.189663706663,2.1300114437794704e-32,2.629761780022614e-32,3.464138339376181e-32
1.8301650825412707,677.4481689260625,2.887989169368831e-32,3.3002484904283326e-32,3.995789011502785e-32
1.8321660830415207,676.7082937927645,3.1055916016391693e-32,3.351077648971655e-32,3.7761270174177436e-32
1.834167083541771,675.9700330058638,2.7298076054640546e-32,2.759248665338246e-32,2.830196275458884e-32
1.836168084042021,675.233381287563,1.9132489938535875e-32,1.8950831304133667e-32,1.8678738039076087e-32
1.8381690845422713,674.4983333830452,7.35522894477783e-33,7.285392721154226e-33,7.180790117663519e-33
1.840170085042521,673.7648840603507,0.0,0.0,0.0
1.842171085542771,673.0330281102513,0.0,0.0,0.0
1.8441720860430215,672.3027603461277,0.0,0.0,0.0
1.8461730865432715,671.5740756038477,0.0,0.0,0.0
1.8481740870435217,670.846968741643,0.0,0.0,0.0
1.8501750875437721,670.121434639989,7.890886798515462e-34,2.2543645775912964e-33,4.396894424160065e-33
1.8521760880440221,669.3974682014854,1.8900757369944156e-33,5.5155064569559054e-33,1.109160954137461e-32
1.854177088544272,668.6750643507352,7.349543546667843e-33,1.2585143829299155e-32,2.099476380845012e-32
1.8561780890445223,667.9542180342271,2.1398654240023704e-32,2.720639503449207e-32,3.6834542245012893e-32
1.8581790895447723,667.2349242202181,3.1631291428030115e-32,3.6944514004054667e-32,4.607418217932982e-32
1.8601800900450227,666.5171778986149,3.5996331216104334e-32,3.98242259268218e-32,4.6805935620038e-32
1.8621810905452725,665.8009740808596,3.352921276622088e-32,3.5141339511495116e-32,3.8690009912232556e-32
1.8641820910455225,665.0863077998122,2.5182215206350176e-32,2.54016147068494e-32,2.651820812027796e-32
1.8661830915457729,664.3731741096367,1.2494688896829974e-32,1.251701331504243e-32,1.279270131579849e-32
1.868184092046023,663.6615680856875,0.0,0.0,0.0
1.870185092546273,662.9514848243948,0.0,0.0,0.0
1.8721860930465235,662.2429194431528,0.0,0.0,0.0
1.8741870935467735,661.5358670802082,0.0,0.0,0.0
1.8761880940470232,660.8303228945474,0.0,0.0,0.0
1.8781890945472737,660.1262820657877,4.207397668665743e-34,1.202020572626222e-33,2.344411195084034e-33
1.8801900950475237,659.4237397940668,1.7316398272357517e-33,4.947159409764964e-33,9.648899667980017e-33
1.8821910955477739,658.7226912999336,3.5729278578087496e-33,8.648045999589799e-33,1.606861298899933e-32
1.8841920960480238,658.0231318242401,2.0597929504827855e-32,2.683430555070567e-32,3.661696468206289e-32
1.8861930965482738,657.3250566280335,3.406729596687679e-32,4.0550367068333965e-32,5.167837116086027e-32
1.8881940970485243,656.6284609924493,4.128911458210867e-32,4.687886294441025e-32,5.753649901529275e-32
1.8901950975487742,655.9333402186053,4.073926595612202e-32,4.444579314332937e-32,5.287409330658463e-32
1.8921960980490244,655.2396896274951,3.2515488959337634e-32,3.3972065584324116e-32,3.918759629946695e-32
1.8941970985492749,654.5475045598837,1.9159299002497558e-32,2.0482817541969138e-32,2.5052437124424226e-32
1.8961980990495249,653.8567803762036,1.8304855241923947e-33,2.7544766422416396e-33,5.7562852552384746e-33
1.8981990995497746,653.1675124564501,1.7365154056627066e-35,1.409540986091605e-34,5.387508692678245e-34
1.900200100050025,652.4796962000789,0.0,0.0,0.0
1.902201100550275,651.793327025904,0.0,0.0,0.0
1.9042021010505252,651.1084003719952,0.0,0.0,0.0
1.9062031015507752,650.424911695578,0.0,0.0,0.0
1.9082041020510256,649.7428564729321,1.3799665217884862e-33,3.9424563099385784e-33,7.689334874656756e-33
1.9102051025512756,649.0622301992929,2.6679435279685278e-33,7.622105775991785e-33,1.4866093408291805e-32
1.9122061030515258,648.3830283887507,1.850178893361471e-32,2.48071610139216e-32,3.402180713614549e-32
1.9142071035517758,647.7052465741539,3.574224438360615e-32,4.252638153547409e-32,5.302510958491197e-32
1.9162081040520262,647.0288803070094,4.672293378337922e-32,5.429689290839374e-32,6.919928636862741e-32
1.918209104552276,646.3539251573869,4.902156379180829e-32,5.630954919821187e-32,7.394296646073543e-32
1.920210105052526,645.6803767138206,4.200685881675067e-32,4.796690192822368e-32,6.609979435185556e-32
1.9222111055527764,645.008230583214,2.789216667944238e-32,3.3645637468306327e-32,5.260632418721636e-32
1.9242121060530266,644.3374823907448,8.658096904205908e-33,1.4207506902044234e-32,3.219799535770091e-32
1.9262131065532766,643.6681277797688,5.704058612518811e-34,4.630021925054982e-33,1.7696742141348036e-32
1.9282141070535266,643.0001624117266,1.8906765960847564e-34,1.5346746391855868e-33,5.8657910913048554e-33
1.930215107553777,642.3335819660489,0.0,0.0,0.0
1.932216108054027,641.6683821400646,0.0,0.0,0.0
1.9342171085542768,641.0045586489074,0.0,0.0,0.0
1.9362181090545272,640.3421072254231,6.765832173477335e-34,1.9329452796971265e-33,3.770000827278624e-33
1.9382191095547776,639.6810236200799,2.1990651689877604e-33,6.282557014648207e-33,1.2253448347156577e-32
1.9402201100550274,639.0213036008766,1.4507668496616701e-32,2.057113759383351e-32,2.943337291055263e-32
1.9422211105552774,638.3629429532518,3.6175613664628406e-32,4.3001501809527263e-32,5.297139429503853e-32
1.9442221110555278,637.7059374799948,5.149961931941733e-32,5.854157932338196e-32,7.004300677422394e-32
1.9462231115557778,637.0502830011567,5.88919600947645e-32,7.614603869010235e-32,1.2336762576626186e-31
1.948224112056028,636.3959753539607,5.59233492666846e-32,8.567110111860131e-32,1.7743330383531563e-31
1.9502251125562784,635.7430103927151,4.335472367789663e-32,8.784458796685089e-32,2.316499280764628e-31
1.9522261130565284,635.091383988725,2.504121443034894e-32,8.850602000399551e-32,2.9304382523516602e-31
1.9542271135567784,634.441092030206,1.1622583112168285e-32,9.43412722250239e-32,3.6058860948766284e-31
1.9562281140570286,633.7921304221966,1.4204165564859354e-32,1.1529614693662637e-31,4.406817538351553e-31
1.9582291145572785,633.1444950864734,1.656672125943079e-32,1.344731670342493e-31,5.139796312967296e-31
1.9602301150575288,632.4981819614648,1.8647664644437076e-32,1.5136432147686236e-31,5.785405360784189e-31
1.9622311155577787,631.853187002167,2.045624324313017e-32,1.6604467301945731e-31,6.34651370972696e-31
1.9642321160580287,631.2095061800586,2.2082708760917907e-32,1.7924680069601313e-31,6.851121793643082e-31
1.9662331165582791,630.5671354830174,2.4595599973103267e-32,1.949174262274858e-31,7.402028104803805e-31
1.9682341170585294,629.9260709152369,3.2932498042043444e-32,2.1869418934749597e-31,8.095495291709212e-31
1.9702351175587793,629.2863084971435,6.19992188392138e-32,2.6586407268971547e-31,9.12521311198691e-31
1.9722361180590298,628.6478442653138,8.595856448326247e-32,3.1272357056065594e-31,1.0322656443437071e-30
1.9742371185592797,628.0106742723932,1.010170480543082e-31,3.5746442156144004e-31,1.1733799815829216e-30
1.9762381190595295,627.3747945870143,1.051517690683639e-31,3.998599296198719e-31,1.3411485160831875e-30
1.97823911955978,626.7402012937159,9.854700647110314e-32,4.414731213083035e-31,1.5410948842205462e-30
1.98024012006003,626.1068904928635,8.361453323718811e-32,4.855016918993816e-31,1.778376862676281e-30
1.9822411205602801,625.4748583005678,6.648440059040032e-32,5.396582561969191e-31,2.0626669071881347e-30
1.98424212106053,624.8441008486071,7.795310326312447e-32,6.327504707651724e-31,2.4184814029395475e-30
1.9862431215607805,624.214614284347,9.065339797090364e-32,7.358395989564956e-31,2.81250582630263e-30
1.9882441220610305,623.5863947706629,1.0439550913791806e-31,8.473852199292147e-31,3.2388524232093634e-30
1.9902451225612805,622.9594384858615,1.1900635026200022e-31,9.659823791511165e-31,3.6921512151846236e-30
1.9922461230615307,622.3337416236033,1.343686035007486e-31,1.0906787999725065e-30,4.168762436674456e-30
1.9942471235617811,621.7093003928256,1.5045360459400414e-31,1.2212418127067324e-30,4.6677967840177896e-30
1.9962481240620311,621.0861110176669,1.673430404985011e-31,1.3583344757589808e-30,5.191788580768848e-30
1.9982491245622809,620.4641697373889,2.1255270006913852e-31,1.5306303642770398e-30,5.7735843157668915e-30
2.0002501250625313,619.8434728063023,2.581057441231848e-31,1.7126113915708533e-30,6.395117757269445e-30
2.0022511255627813,619.2240164936915,2.9676609385098622e-31,1.9019979719957485e-30,7.066269814392852e-30
2.0042521260630313,618.6057970837389,3.2470166128954723e-31,2.0964997287545775e-30,7.792542167675966e-30
2.0062531265632817,617.9888108754519,3.413040606381762e-31,2.298522966935243e-30,8.586399919612563e-30
2.0082541270635317,617.3730541825881,3.4853828069782943e-31,2.512665784533752e-30,9.461544635178962e-30
2.0102551275637817,616.7585233335822,3.5059693702828143e-31,2.7450679409072365e-30,1.0431390878287254e-29
2.012256128064032,616.1452146714729,3.77226598852233e-31,3.0264072149119618e-30,1.1531293437935881e-29
2.014257128564282,615.5331245538308,4.159687182119511e-31,3.3448505217352474e-30,1.2752475608080184e-29
2.016258129064532,614.9222493526858,4.572033616161215e-31,3.6909109385117485e-30,1.4086722951063977e-29
2.0182591295647825,614.3125854544553,5.008329918520842e-31,4.0644475809679944e-30,1.5534158626810116e-29
2.0202601300650325,613.7041292598736,5.5191386814830934e-31,4.4799211997230326e-30,1.7123031287614388e-29
2.0222611305652824,613.0968771839208,6.071030161776005e-31,4.927895147325732e-30,1.8835264958445782e-29
2.024262131065533,612.4908256557518,6.663205643489749e-31,5.408567884067459e-30,2.0672479039541823e-29
2.026263131565783,611.8859711186273,7.496833589735539e-31,5.9431006077366495e-30,2.2659522055849702e-29
2.028264132066033,611.2823100298434,8.502989485658881e-31,6.526697834369832e-30,2.4798230774220914e-29
2.0302651325662833,610.6798388606627,9.46351878826159e-31,7.140599663631895e-30,2.707931724989287e-29
2.0322661330665333,610.0785540962461,1.0337396706775076e-30,7.784306512768214e-30,2.951380336952315e-29
2.0342671335667832,609.4784522355834,1.1139610416122913e-30,8.468822252114782e-30,3.213373555492878e-29
2.0362681340670337,608.8795297914261,1.2046960689733758e-30,9.245881804802577e-30,3.5048189348617563e-29
2.0382691345672836,608.2817832902197,1.2980749167417977e-30,1.0088786863535727e-29,3.8210349456688056e-29
2.0402701350675336,607.6852092720363,1.4138861512632969e-30,1.1018835563387588e-29,4.1650513160683485e-29
2.042271135567784,607.0898042905081,1.5649860983027865e-30,1.2048684646631329e-29,4.538686805019986e-29
2.044272136068034,606.4955649127614,1.7259559060058388e-30,1.3151655700831454e-29,4.9395599220137115e-29
2.046273136568284,605.9024877193497,1.894774339460696e-30,1.432350444387294e-29,5.367284855687037e-29
2.0482741370685345,605.3105693041884,2.0696934533524752e-30,1.5560444709330015e-29,5.821471950803499e-29
2.0502751375687844,604.7198062744906,2.2496886097421607e-30,1.686063440401395e-29,6.302075380415811e-29
2.0522761380690344,604.1301952507008,2.4348541440159794e-30,1.8225552198745278e-29,6.809732796843644e-29
2.054277138569285,603.5417328664312,2.634142680754409e-30,1.966842108943845e-29,7.346767711250354e-29
2.056278139069535,602.9544157683979,2.8735852068504316e-30,2.122273447381588e-29,7.91813877909714e-29
2.058279139569785,602.3682406163567,3.1186416149480427e-30,2.2865260153927734e-29,8.523873991089414e-29
2.0602801400700352,601.7832040830399,3.368960287540279e-30,2.4609326947437846e-29,9.168193758685126e-29
2.062281140570285,601.1993028540933,3.627343120688262e-30,2.647308149803586e-29,9.856222067443797e-29
2.064282141070535,600.616533628014,3.899729654908668e-30,2.847817649294397e-29,1.059363036528184e-28
2.066283141570785,600.0348931160877,4.194541466108138e-30,3.064772677013202e-29,1.138617675219258e-28
2.0682841420710356,599.4543780423267,4.5214879115170024e-30,3.30038569452717e-29,1.2239213752915267e-28
2.0702851425712856,598.8749851434094,4.927916522053624e-30,3.560277830929587e-29,1.3160945876879603e-28
2.0722861430715356,598.296711168618,5.3773072957415655e-30,3.8414021195825316e-29,1.4150412565417015e-28
2.074287143571786,597.719552879778,5.86744239097398e-30,4.1437675772279605e-29,1.5209038847692998e-28
2.076288144072036,597.1435070511986,6.396011343751748e-30,4.4671125794141095e-29,1.6337465354142044e-28
2.078289144572286,596.5685704696112,6.960265559285854e-30,4.8110017001312483e-29,1.7535853268523658e-28
2.080290145072536,595.994739934111,7.557804604286011e-30,5.175066684452309e-29,1.8804401501176566e-28
2.0822911455727864,595.4220122560961,8.18736351506885e-30,5.559254674078625e-29,2.0143898119278215e-28
2.0842921460730364,594.8503842592104,8.87606647657853e-30,5.96667810906868e-29,2.155881443684632e-28
2.0862931465732864,594.2798527792831,9.603752613711276e-30,6.396225092064904e-29,2.3050238488034265e-28
2.0882941470735368,593.7104146642711,1.0360002982330086e-29,6.848251321633362e-29,2.462159795981491e-28
2.0902951475737868,593.1420667742012,1.1149186072511924e-29,7.325052433877336e-29,2.6279114633261427e-28
2.0922961480740367,592.5748059811118,1.1980423648432327e-29,7.829775198919583e-29,2.8030597057659074e-28
2.094297148574287,592.0086291689955,1.2866691806542958e-29,8.366180716320755e-29,2.9884971453193034e-28
2.096298149074537,591.443533233743,1.382315532579885e-29,8.938302668895293e-29,3.185164662579158e-28
2.098299149574787,590.879515083085,1.4874883659471755e-29,9.55103510306059e-29,3.394078268341338e-28
2.1003001500750376,590.3165716365368,1.6036737448439436e-29,1.020799381183605e-28,3.616091310738323e-28
2.1023011505752875,589.7546998253421,1.7296527475436146e-29,1.0909757353347752e-28,3.851702835867055e-28
2.1043021510755375,589.1938965924165,1.865790940849857e-29,1.165809686403215e-28,4.101468196050637e-28
2.106303151575788,588.634158892293,2.012298996470651e-29,1.245431065307393e-28,4.365841770754074e-28
2.108304152076038,588.0754836910666,2.169298770235067e-29,1.3299414950219143e-28,4.645214737355709e-28
2.110305152576288,587.5178679663387,2.336910504188344e-29,1.419440298915498e-28,4.939968477615178e-28
2.1123061530765384,586.961308707164,2.5153467784228503e-29,1.5140529169079639e-28,5.250534549115257e-28
2.1143071535767883,586.405802913995,2.704997357549133e-29,1.613956980324695e-28,5.5774508413080015e-28
2.1163081540770383,585.851347598629,2.906490284123094e-29,1.7194015009584648e-28,5.921404013495706e-28
2.1183091545772887,585.2979397841539,3.120718337962921e-29,1.830715732174716e-28,6.283250537816696e-28
2.1203101550775387,584.7455765048956,3.348825728499986e-29,1.9483059897711488e-28,6.6640122974247715e-28
2.1223111555777887,584.1942548063641,3.592156679170727e-29,2.0726407935448364e-28,7.064847117439108e-28
2.124312156078039,583.6439717452018,3.8521742517103765e-29,2.2042267550977924e-28,7.486999076705225e-28
2.126313156578289,583.0947243891306,4.1348675591287036e-29,2.344025493992987e-28,7.93217693262142e-28
2.128314157078539,582.5465098168997,4.4470465889247184e-29,2.4930669314128003e-28,8.402139701064644e-28
2.1303151575787895,581.9993251182341,4.786042982985691e-29,2.6514129345927433e-28,8.89764728272922e-28
2.1323161580790395,581.4531673937829,5.152321068292758e-29,2.8193968010921485e-28,9.41966497635082e-28
2.1343171585792895,580.9080337550686,5.54534702066968e-29,2.9972130338987863e-28,9.968956302810571e-28
2.13631815907954,580.363921324435,5.963811693383788e-29,3.1849475038005003e-28,1.0546125405348585e-27
2.13831915957979,579.8208272349982,6.406042517285785e-29,3.382634485934272e-28,1.1151699919188552e-27
2.14032016008004,579.2787486305948,6.87054743864379e-29,3.590332464744067e-28,1.1786242275146685e-27
2.1423211605802903,578.7376826657326,7.356604092572937e-29,3.808206592841218e-28,1.2450471576579663e-27
2.1443221610805403,578.1976265055406,7.864791487108426e-29,4.036603634595996e-28,1.3145375276309028e-27
2.1463231615807903,577.6585773257196,8.397363385329983e-29,4.276105617207271e-28,1.3872290545611347e-27
2.1483241620810407,577.1205323124926,8.958383236330748e-29,4.5275513219979285e-28,1.4632939520768503e-27
2.1503251625812907,576.5834886625566,9.553577425782774e-29,4.79201979485855e-28,1.542940993545974e-27
2.1523261630815407,576.0474435830331,1.0189911103123344e-28,5.07077644389551e-28,1.6264081828419706e-27
2.154327163581791,575.5123942914198,1.087494091751265e-28,5.365188948302353e-28,1.713951050360494e-27
2.156328164082041,574.9783380155434,1.1616042693078848e-28,5.676625943518577e-28,1.805828404085464e-27
2.158329164582291,574.4452719935102,1.2419641040061784e-28,6.006355196411341e-28,1.90228789093416e-27
2.1603301650825415,573.9131934736597,1.3290575995259116e-28,6.355458970937538e-28,2.0035538577459182e-27
2.1623311655827915,573.382099714517,1.4231726283166662e-28,6.724782195941712e-28,2.1098197047417816e-27
2.1643321660830415,572.8519879847452,1.5243971092558184e-28,7.1149241061616185e-28,2.221246232793253e-27
2.1663331665832914,572.322855563099,1.632651791435115e-28,7.526276984224941e-28,2.3379665070439997e-27
2.168334167083542,571.7946997383781,1.7477561752175141e-28,7.959107635990306e-28,2.460096655061746e-27
2.170335167583792,571.267517809381,1.8695181618638698e-28,8.413669661931289e-28,2.5877509781248048e-27
2.172336168084042,570.7413070848589,1.9978334434748528e-28,8.890328804597377e-28,2.7210589649182474e-27
2.174337168584292,570.2160648834695,2.132778300170516e-28,9.389680743691497e-28,2.860181403870637e-27
2.1763381690845423,569.6917885337317,2.2746798961964465e-28,9.912641313307545e-28,3.0053228759109786e-27
2.1783391695847922,569.168475373981,2.4241514066240146e-28,1.0460493248812862e-27,3.1567384717442543e-27
2.180340170085042,568.6461227523231,2.582084915960572e-28,1.1034880634726603e-27,3.3147335314324316e-27
2.1823411705852926,568.1247280265902,2.7496021156176445e-28,1.1637751071849603e-27,3.479656391260553e-27
2.1843421710855426,567.6042885642963,2.9279701947784584e-28,1.2271254707492491e-27,3.651885340027001e-27
2.1863431715857926,567.0848017425924,3.1184966682468973e-28,1.29376170642187e-27,3.831812018916171e-27
2.188344172086043,566.5662649482226,3.3224210502457482e-28,1.3639007637231346e-27,4.01982415882786e-27
2.190345172586293,566.0486755774808,3.5408224362324095e-28,1.4377427522837148e-27,4.2162907100268585e-27
2.192346173086543,565.5320310361666,3.7745598766422026e-28,1.5154636544929939e-27,4.421552041061444e-27
2.1943471735867934,565.0163287395417,4.0242571814033645e-28,1.5972133837407796e-27,4.635917022259182e-27
2.1963481740870434,564.5015661122878,4.290336302244959e-28,1.6831196665995517e-27,4.8596676067189925e-27
2.1983491745872934,563.9877405884629,4.573094959789807e-28,1.773297199785123e-27,5.093070186921159e-27
2.200350175087544,563.4748496114584,4.872816190338646e-28,1.867860575666538e-27,5.336391774529193e-27
2.202351175587794,562.962890633958,5.18989143134284e-28,1.966938757586042e-27,5.589918149152792e-27
2.204352176088044,562.451861117894,5.524935793742687e-28,2.070688553358009e-27,5.8539707189852526e-27
2.206353176588294,561.9417585344065,5.878874922785321e-28,2.1793046532594003e-27,6.128919016947807e-27
2.208354177088544,561.4325803638011,6.252987319312676e-28,2.2930243597136873e-27,6.415186501231561e-27
2.210355177588794,560.9243240955076,6.648893506451955e-28,2.412126051781497e-27,6.713248517106424e-27
2.2123561780890446,560.4169872280384,7.068492736401809e-28,2.5369215436310143e-27,7.023622701957423e-27
2.2143571785892946,559.9105672689484,7.513857431866436e-28,2.6677436170725574e-27,7.346853524106972e-27
2.2163581790895446,559.4050617347929,7.987103543756752e-28,2.804930931073387e-27,7.683493779989918e-27
2.218359179589795,558.900468151088,8.490260002438747e-28,2.948813063517367e-27,8.034086519638927e-27
2.220360180090045,558.3967840522699,9.025161439130639e-28,3.0996985101752084e-27,8.39915089508406e-27
2.222361180590295,557.8940069816545,9.593385054939333e-28,3.2578680263181216e-27,8.779174809419189e-27
2.2243621810905454,557.3921344913977,1.0196245356256682e-27,3.423574810193232e-27,9.174616079702349e-27
2.2263631815907954,556.8911641424559,1.083485062382567e-27,3.5970518419517576e-27,9.585912313027179e-27
2.2283641820910454,556.391093504546,1.1510214106474761e-27,3.778525410478374e-27,1.0013498098071134e-26
2.230365182591296,555.8919201561063,1.2223402955349852e-27,3.968232713397785e-27,1.0457826725206893e-26
2.2323661830915458,555.3936416842577,1.297570064364748e-27,4.1664406124692554e-27,1.0919392726342108e-26
2.2343671835917958,554.8962556847644,1.3768755444417905e-27,4.373462323927804e-27,1.1398751254647952e-26
2.236368184092046,554.3997597619953,1.4604689150689215e-27,4.589669090181054e-27,1.1896530772849988e-26
2.238369184592296,553.9041515288859,1.548614647730842e-27,4.8154946850256595e-27,1.2413436626964357e-26
2.240370185092546,553.4094286068996,1.6416275501063655e-27,5.051431820014532e-27,1.29502446676407e-26
2.2423711855927966,552.9155886259899,1.7398641403788593e-27,5.298020937456687e-27,1.3507785867930388e-26
2.2443721860930466,552.4226292245626,1.843708761995662e-27,5.555833247204409e-27,1.4086924554708687e-26
2.2463731865932965,551.9305480494377,1.9535568130595578e-27,5.8254509408290664e-27,1.4688534111811197e-26
2.248374187093547,551.4393427558126,2.069798031713886e-27,6.107448096900571e-27,1.5313474587215462e-26
2.250375187593797,550.9490110072246,2.192802837586148e-27,6.402375756961684e-27,1.5962576419182284e-26
2.252376188094047,550.4595504755135,2.3229142560831442e-27,6.710753992953624e-27,1.6636633502670083e-26
2.2543771885942974,549.9709588407854,2.4604470197369826e-27,7.033072606621687e-27,1.733640720670165e-26
2.2563781890945473,549.4832337913756,2.6056942045061208e-27,7.369800598696048e-27,1.8062641001139388e-26
2.2583791895947973,548.9963730238121,2.7589404343744206e-27,7.721402984181191e-27,1.8816083405193452e-26
2.2603801900950473,548.5103742427797,2.9204795101335547e-27,8.088362189984388e-27,1.959751538599211e-26
2.2623811905952977,548.0252351610834,3.0906335033296337e-27,8.471200400559625e-27,2.0407777415386444e-26
2.2643821910955477,547.5409534996134,3.269770057991535e-27,8.87049898453083e-27,2.1247791325161396e-26
2.2663831915957977,547.0575269873083,3.458314925968974e-27,9.286911598022681e-27,2.211857292389287e-26
2.2683841920960477,546.5749533611204,3.65675758627746e-27,9.721168649891436e-27,2.3021232928086886e-26
2.270385192596298,546.0932303659799,3.8656490269417235e-27,1.0174072347145965e-26,2.3956965848240993e-26
2.272386193096548,545.6123557547606,4.085592183223416e-27,1.064648324510829e-26,2.492702868736024e-26
2.274387193596798,545.1323272882437,4.3172268748261095e-27,1.1139300798652486e-26,2.59327132512805e-26
2.2763881940970485,544.653142735084,4.561212118651153e-27,1.1653441556912e-26,2.697531716992036e-26
2.2783891945972985,544.1747998717751,4.818209216357942e-27,1.2189819143094818e-26,2.805611912504927e-26
2.2803901950975485,543.6972964826149,5.0888689206878555e-27,1.2749329906185133e-26,2.9176363170336545e-26
2.282391195597799,543.2206303596712,5.373825275126498e-27,1.3332847150468818e-26,3.03372554917789e-26
2.284392196098049,542.7447993027482,5.6736975156603574e-27,1.3941225305254247e-26,3.15399747438247e-26
2.286393196598299,542.2698011193525,5.989099932905498e-27,1.4575313562031446e-26,3.278569459416204e-26
2.2883941970985493,541.7956336246584,6.320658088111814e-27,1.5235976712850582e-26,3.4075614771435944e-26
2.2903951975987993,541.3222946414764,6.669028537823571e-27,1.5924119507196252e-26,3.5410995174664026e-26
2.2923961980990493,540.8497820002183,7.03491848699173e-27,1.6640710079480005e-26,3.6793186814375747e-26
2.2943971985992997,540.378093538864,7.419101711708599e-27,1.7386798049133524e-26,3.822365369711576e-26
2.2963981990995497,539.9072271029299,7.822427703431952e-27,1.8163523775519143e-26,3.970398121715458e-26
2.2983991995997997,539.4371805454348,8.245822193447816e-27,1.8972116823195807e-26,4.123586895813046e-26
2.30040020010005,538.9679517268675,8.690278812069907e-27,1.981388368851231e-26,4.282110863677359e-26
2.3024012006003,538.4995385151548,9.156843334394911e-27,2.069018689650255e-26,4.4461550738023007e-26
2.30440220110055,538.031938785629,9.646593448699392e-27,2.160241931498113e-26,4.615906567607813e-26
2.3064032016008005,537.5651504209955,1.0160617968080489e-26,2.2551978612799645e-26,4.7915506625283715e-26
2.3084042021010505,537.0991713113013,1.0699999688444767e-26,2.3540246984979032e-26,4.973268121641805e-26
2.3104052026013004,536.6339993539028,1.1265805596598537e-26,2.4568580507403885e-26,5.1612338024013515e-26
2.312406203101551,536.1696324534342,1.1859086915008988e-26,2.5638310872624308e-26,5.355617135522121e-26
2.314407203601801,535.7060685217767,1.24808897343968e-26,2.675076006265785e-26,5.556584468337257e-26
2.316408204102051,535.2433054780262,1.3132275035224078e-26,2.7907266120162476e-26,5.76430296964239e-26
2.3184092046023013,534.7813412484626,1.381434508929747e-26,2.910921602381067e-26,5.978945495879038e-26
2.3204102051025512,534.3201737665194,1.4528271906187954e-26,3.0358080168729224e-26,6.200695617416164e-26
2.3224112056028012,533.8598009727517,1.527532281181953e-26,3.1655442405234654e-26,6.429751939353313e-26
2.3244122061030517,533.4002208148067,1.6056878556608016e-26,3.300302014150227e-26,6.666330941240763e-26
2.3264132066033016,532.9414312473928,1.6874440526892024e-26,3.4402670612725727e-26,6.910667794554938e-26
2.3284142071035516,532.4834302322483,1.7729625493997787e-26,3.585638180959047e-26,7.163014959162662e-26
2.330415207603802,532.026215738113,1.8624148564466536e-26,3.736624933409386e-26,7.423638752698549e-26
2.332416208104052,531.5697857406971,1.955979719670957e-26,3.8934443114216097e-26,7.692814460591157e-26
2.334417208604302,531.1141382226508,2.053840091630869e-26,4.0563169962764727e-26,7.970820840702682e-26
2.3364182091045524,530.6592711735359,2.1561802351729515e-26,4.225463900387318e-26,8.257935019603077e-26
2.3384192096048024,530.2051825897956,2.263183521044801e-26,4.401103677607673e-26,8.554428745371453e-26
2.3404202101050524,529.7518704747248,2.3750313782879734e-26,4.5834517337638805e-26,8.860566752988901e-26
2.342421210605303,529.2993328384409,2.4919036645878607e-26,4.7727210164348357e-26,9.176607643290422e-26
2.344422211105553,528.8475676978555,2.6139804755773334e-26,4.969124546309148e-26,9.502807233446121e-26
2.346423211605803,528.3965730766442,2.7414451504802967e-26,5.17287932803809e-26,9.839423882715855e-26
2.3484242121060532,527.9463470052187,2.874488003942268e-26,5.384211005859541e-26,1.0186724913946843e-25
2.350425212606303,527.496887520698,3.0133101634668604e-26,5.603358460990442e-26,1.054499301178481e-25
2.352426213106553,527.0481926668793,3.158126849102701e-26,5.830577519668924e-26,1.091453143276789e-25
2.354427213606803,526.6002604942101,3.3091695090136277e-26,6.066143064616246e-26,1.1295667027519259e-25
2.3564282141070536,526.1530890597601,3.466686411761479e-26,6.310349102939755e-26,1.1688750430698644e-25
2.3584292146073036,525.7066764271926,3.6309415635124626e-26,6.563506698876565e-26,1.209415326446047e-25
2.3604302151075536,525.2610206667373,3.802212119914951e-26,6.825940069577959e-26,1.2512262743085334e-25
2.362431215607804,524.8161198551614,3.9807847440084177e-26,7.097981496493541e-26,1.2943474564159934e-25
2.364432216108054,524.3719720757431,4.166951570658712e-26,7.379965957102173e-26,1.3388185332592772e-25
2.366433216608304,523.9285754182433,4.361006533299441e-26,7.672226480388301e-26,1.3846785915482618e-25
2.368434217108554,523.4859279788785,4.563242768242745e-26,7.975091148853548e-26,1.4319657030384528e-25
2.3704352176088044,523.0440278602933,4.773951637464736e-26,8.288882415463074e-26,1.480716803131347e-25
2.3724362181090544,522.602873171534,4.993423629593165e-26,8.61391901346109e-26,1.5309679324574958e-25
2.3744372186093043,522.1624620280206,5.221951058371608e-26,8.950520274510284e-26,1.5827548205965877e-25
2.3764382191095548,521.7227925515209,5.459832138869577e-26,9.299012216730772e-26,1.636113727181802e-25
2.3784392196098048,521.283862870123,5.707375747123748e-26,9.659734402037623e-26,1.6910824033874139e-25
2.3804402201100547,520.8456711182096,5.96490601246017e-26,1.0033046362391349e-25,1.7477010062270372e-25
2.382441220610305,520.4082154364304,6.232765887850693e-26,1.0419332402306663e-25,1.806012795886942e-25
2.384442221110555,519.9714939716773,6.511318999828704e-26,1.0819003810048256e-25,1.866064474466879e-25
2.386443221610805,519.535504877057,6.800949374073131e-26,1.1232497923659846e-25,1.9279060797111034e-25
2.3884442221110556,519.100246311865,7.102059017332234e-26,1.166027403604746e-25,1.9915904213223786e-25
2.3904452226113055,518.6657164415611,7.415063743582165e-26,1.2102806695875633e-25,2.0571721282518222e-25
2.3924462231115555,518.2319134377418,7.740387987275689e-26,1.2560577467090926e-25,2.1247064490905896e-25
2.394447223611806,517.7988354781155,8.078459580371708e-26,1.3034066555172058e-25,2.194248001012868e-25
2.396448224112056,517.3664807464774,8.429705532607923e-26,1.3523745822109498e-25,2.2658496851491748e-25
2.398449224612306,516.9348474326833,8.794549725363857e-26,1.403007456152056e-25,2.339561972153856e-25
2.4004502251125563,516.5039337326248,9.173413122115215e-26,1.455349900239925e-25,2.4154327114778456e-25
2.4024512256128063,516.073737848204,9.566716660299624e-26,1.5094455912401929e-25,2.493507538157768e-25
2.4044522261130563,515.6442579873088,9.974886494632847e-26,1.5653379974421323e-25,2.573830853905346e-25
2.4064532266133067,515.2154923637875,1.0398360799306162e-25,1.6230713931147518e-25,2.6564472606387557e-25
2.4084542271135567,514.7874391974244,1.0837596994080035e-25,1.6826919952063692e-25,2.7414032411282836e-25
2.4104552276138067,514.3600967139151,1.1293078107848476e-25,1.7442490378232226e-25,2.828748828134696e-25
2.412456228114057,513.9334631448419,1.1765317072615357e-25,1.8077956007593382e-25,2.9185389908863333e-25
2.414457228614307,513.5075367276494,1.2254858050677257e-25,1.8733890412114384e-25,3.010834500115845e-25
2.416458229114557,513.0823157056205,1.2762274395400397e-25,1.9410909387179e-25,3.105702106868626e-25
2.4184592296148075,512.6577983278519,1.328816345142008e-25,2.0109665431071698e-25,3.2032139754046033e-25
2.4204602301150575,512.2339828492301,1.3833139008713003e-25,2.0830838008691643e-25,3.3034464305167426e-25
2.4224612306153075,511.81086753040785,1.4397822724771134e-25,2.1575121122252782e-25,3.406478195021531e-25
2.424462231115558,511.3884506377798,1.4982836120635292e-25,2.234321025418973e-25,3.5123883845147257e-25
2.426463231615808,510.9667304434594,1.5588794771811566e-25,2.3135790957806005e-25,3.6212545774393265e-25
2.428464232116058,510.5457052252549,1.6216306031736457e-25,2.3953531195936103e-25,3.7331512789050697e-25
2.4304652326163083,510.125373266646,1.6865971073704103e-25,2.4797078978022707e-25,3.848149044425103e-25
2.4324662331165583,509.7057328567609,1.7538391297999305e-25,2.56670659983608e-25,3.9663144314515048e-25
2.4344672336168083,509.2867822903524,1.8234178344598093e-25,2.6564116965065717e-25,4.0877108168963507e-25
2.4364682341170587,508.8685198677753,1.895396621913167e-25,2.748886329839774e-25,4.212399978145656e-25
2.4384692346173087,508.45094389496353,1.9698423518416543e-25,2.8441959044128915e-25,4.3404442064121605e-25
2.4404702351175587,508.0340526834068,2.0468263541577348e-25,2.9424096346538263e-25,4.471908626466158e-25
2.442471235617809,507.6178445501279,2.1264250254138113e-25,3.043601776042177e-25,4.6068633527658115e-25
2.444472236118059,507.20231781766086,2.208719863291533e-25,3.1478523086311846e-25,4.745385127828886e-25
2.446473236618309,506.7874708140272,2.293796878938289e-25,3.255246924236976e-25,4.887558163678403e-25
2.448474237118559,506.3733018727143,2.381745431938733e-25,3.365876281911663e-25,5.033474030780746e-25
2.4504752376188095,505.9598093326528,2.472656638754576e-25,3.479834621954979e-25,5.18323059200209e-25
2.4524762381190595,505.5469915381948,2.566621594114536e-25,3.597217945694208e-25,5.336930137099698e-25
2.4544772386193094,505.134846839091,2.663729699315604e-25,3.7181220559106987e-25,5.494677009859349e-25
2.45647823911956,504.72337359046935,2.764067399617426e-25,3.842640794401099e-25,5.656575111646628e-25
2.45847923961981,504.31257015281307,2.867717589833936e-25,3.970864799007695e-25,5.822725695080356e-25
2.46048024012006,503.9024348919386,2.97475985621775e-25,4.102881031829115e-25,5.993225822800184e-25
2.46248124062031,503.49296617897414,3.0852715955433406e-25,4.238773212112875e-25,6.168167763230397e-25
2.4644822411205602,503.08416239033795,3.199329907658085e-25,4.378623139020258e-25,6.3476394431618e-25
2.4664832416208102,502.67602190771726,3.317014018673819e-25,4.522512734579151e-25,6.531725899948667e-25
2.46848424212106,502.2685431180464,3.4384078821159457e-25,4.670526501663901e-25,6.720511503250899e-25
2.4704852426213106,501.86172441348583,3.563602545210526e-25,4.822753999879172e-25,6.91408257694403e-25
2.4724862431215606,501.4555641914011,3.692697870720041e-25,4.979291911905567e-25,7.112529970856356e-25
2.4744872436218106,501.0500608543415,3.8258032754611444e-25,5.140245312983682e-25,7.315951125222218e-25
2.476488244122061,500.64521281001913,3.9630372781633645e-25,5.305727864264765e-25,7.524451242088819e-25
2.478489244622311,500.2410184712887,4.1045258245849655e-25,5.475860812774343e-25,7.738143318306402e-25
2.480490245122561,499.83747625612585,4.250399551483578e-25,5.650770873008153e-25,7.957146983125225e-25
2.4824912456228114,499.434584587607,4.400790333212796e-25,5.830587257661879e-25,8.181586289876101e-25
2.4844922461230614,499.03234189388905,4.555827595411592e-25,6.015438285948073e-25,8.4115868015627e-25
2.4864932466233114,498.6307466081883,4.715634954273396e-25,6.2054480990446e-25,8.647272451568155e-25
2.488494247123562,498.2297971687606,4.880327731134621e-25,6.400734033353082e-25,8.888762727029312e-25
2.490495247623812,497.8294920188812,5.050011796696879e-25,6.601405135238431e-25,9.136170699113606e-25
2.492496248124062,497.4298296068239,5.224784026657102e-25,6.807562151424215e-25,9.389602311084718e-25
2.494497248624312,497.03080838584174,5.404734423109562e-25,7.019299116486909e-25,9.649157146208588e-25
2.496498249124562,496.63242681414687,5.5899497058926415e-25,7.236706413351324e-25,9.914930660900208e-25
2.498499249624812,496.23468335489036,5.780517942449661e-25,7.459874941568549e-25,1.0187017620796604e-24
2.5005002501250626,495.8375764761428,5.976533600847323e-25,7.688900829893149e-25,1.0465516258887172e-24
2.5025012506253126,495.44110465087454,6.178102309337465e-25,7.923890007834538e-25,1.0750532522705307e-24
2.5045022511255626,495.045266356936,6.385344607061368e-25,8.16496192860809e-25,1.1042183720026507e-24
2.506503251625813,494.6500600770382,6.598398079209836e-25,8.412251821904997e-25,1.1340600923631643e-24
2.508504252126063,494.2554842987336,6.817417475026077e-25,8.665911041311234e-25,1.1645929652738864e-24
2.510505252626313,493.86153751439673,7.042572682150051e-25,8.92610533423118e-25,1.1958328591844277e-24
2.5125062531265634,493.4682182212045,7.274044737893927e-25,9.193011165123371e-25,1.2277966402541861e-24
2.5145072536268134,493.075524921118,7.512020352643253e-25,9.466810521332204e-25,1.26050169863591e-24
2.5165082541270634,492.68345612086273,7.756685658345753e-25,9.74768487925433e-25,1.2939653819636602e-24
2.518509254627314,492.29201033190975,8.008220038476635e-25,1.0035809167298987e-24,1.3282044162151462e-24
2.5205102551275638,491.90118607045747,8.266790920193075e-25,1.0331346603497797e-24,1.3632344007815312e-24
2.5225112556278138,491.510981857412,8.532550306744157e-25,1.0634445198856074e-24,1.3990694583108574e-24
2.524512256128064,491.1213962183691,8.80563360929368e-25,1.094523651069879e-24,1.4357221011039064e-24
2.526513256628314,490.73242768359563,9.086161030406887e-25,1.126383692975214e-24,1.4732033468816661e-24
2.528514257128564,490.3440747880107,9.374241398562352e-25,1.1590351431703153e-24,1.5115230815884254e-24
2.5305152576288146,489.9563360711673,9.669978004109688e-25,1.1924879368744173e-24,1.550690630595552e-24
2.5325162581290646,489.5692100772345,9.973475692658463e-25,1.2267521571064408e-24,1.5907154676060697e-24
2.5345172586293145,489.18269535497876,1.0284848275706552e-24,1.2618387818324973e-24,1.6316079676300302e-24
2.536518259129565,488.7967904577457,1.0604225250700481e-24,1.2977603659746776e-24,1.673380100271351e-24
2.5385192596298145,488.41149394344274,1.0931756895853884e-24,1.3345315623318462e-24,1.7160459640941353e-24
2.540520260130065,488.02680437452,1.1267617010873038e-24,1.3721694053860334e-24,1.7596220817452387e-24
2.5425212606303154,487.6427203179537,1.1612002885866426e-24,1.4106933130196119e-24,1.8041274063975238e-24
2.544522261130565,487.2592403452276,1.1965132454234249e-24,1.4501247990875561e-24,1.8495830287398432e-24
2.5465232616308153,486.87636303231506,1.2327238968867598e-24,1.490486929260292e-24,1.8960116147581806e-24
2.5485242621310658,486.4940869596623,1.269856388035618e-24,1.5318035879856706e-24,1.9434366420952153e-24
2.5505252626313153,486.1124107121703,1.307934884295922e-24,1.5740986507584015e-24,1.991881531443735e-24
2.5525262631315657,485.7313328791769,1.3469827893795064e-24,1.617395169358059e-24,2.0413687850585162e-24
2.554527263631816,485.35085205444034,1.387022082624871e-24,1.6617146763865345e-24,2.0919192447518368e-24
2.5565282641320657,484.97096683612176,1.4280728613876362e-24,1.7070766994904216e-24,2.143551566560727e-24
2.558529264632316,484.591675826767,1.47015314600145e-24,1.753498547369601e-24,2.1962819807434448e-24
2.560530265132566,484.212977633291,1.51327896913493e-24,1.8009953930889485e-24,2.250124367899786e-24
2.562531265632816,483.83487086695953,1.5574647331791743e-24,1.84958064051748e-24,2.3050906401475194e-24
2.5645322661330665,483.45735414337264,1.60272378400443e-24,1.8992665225044887e-24,2.361191376292659e-24
2.5665332666333165,483.0804260824481,1.6490691219271652e-24,1.9500648498310544e-24,2.418436627350989e-24
2.5685342671335665,482.70408530840393,1.696514154729082e-24,2.001987812038071e-24,2.4768367880269826e-24
2.570535267633817,482.3283304497421,1.7450733950462086e-24,2.055048727185225e-24,2.536403423497151e-24
2.572536268134067,481.9531601392319,1.7947630153949803e-24,2.1092626476600995e-24,2.59714994962842e-24
2.574537268634317,481.57857301389294,1.8456011965722487e-24,2.1646467515203188e-24,2.6590920869801528e-24
2.5765382691345673,481.2045677149791,1.897608235592441e-24,2.2212204799828042e-24,2.722248041109026e-24
2.5785392696348173,480.83114288796196,1.9508064130898957e-24,2.279005416877703e-24,2.7866383990122177e-24
2.5805402701350673,480.4582971825143,2.005219652258299e-24,2.3380249400241347e-24,2.8522857686116178e-24
2.5825412706353177,480.0860292524939,2.060873027368116e-24,2.39830370275486e-24,2.9192142198259602e-24
2.5845422711355677,479.7143377559276,2.1177921962214208e-24,2.45986702244991e-24,2.987448607803823e-24
2.5865432716358177,479.3432213549947,2.176002835658757e-24,2.5227402597295633e-24,3.057013868663503e-24
2.588544272136068,478.97267871601116,2.235530152322252e-24,2.5869482665480764e-24,3.127934374875852e-24
2.590545272636318,478.6027085094139,2.296398523964116e-24,2.6525149652986917e-24,3.2002334224414007e-24
2.592546273136568,478.2333094097443,2.3586313027843017e-24,2.719463097212016e-24,3.2739328981455474e-24
2.5945472736368185,477.86448009563287,2.4222507856208973e-24,2.787814150852082e-24,3.3490531464922425e-24
2.5965482741370685,477.4962192497832,2.4872783306050392e-24,2.8575884548017006e-24,3.425613026995132e-24
2.5985492746373184,477.1285255589566,2.5537345800097226e-24,2.9288053967545712e-24,3.503630127701502e-24
2.600550275137569,476.7613977139559,2.6216397373299815e-24,3.001483717303596e-24,3.5831210836081416e-24
2.602551275637819,476.3948344096107,2.6910138445522225e-24,3.075641822422921e-24,3.664101941083107e-24
2.604552276138069,476.0288343447614,2.7618770128911635e-24,3.1512980640285325e-24,3.746588511950706e-24
2.6065532766383193,475.6633962222435,2.8342495752378054e-24,3.2284709515244166e-24,3.830596672295337e-24
2.6085542771385692,475.29851874887333,2.9081521481937455e-24,3.3071792760651885e-24,3.916142578671765e-24
2.6105552776388192,474.93420063543164,2.9836056121873208e-24,3.387442149776132e-24,4.0032427947519046e-24
2.6125562781390697,474.57044059664906,3.0606310360175464e-24,3.469278980588348e-24,4.091914340680871e-24
2.6145572786393196,474.207237351191,3.1392495840481687e-24,3.5527094163677864e-24,4.182174692112166e-24
2.6165582791395696,473.8445896216423,3.219482448051293e-24,3.637753297359092e-24,4.2740417635283885e-24
2.61855927963982,473.48249613449224,3.3013508406831605e-24,3.724430652737616e-24,4.367533909852384e-24
2.62056028014007,473.12095562012024,3.384876074615252e-24,3.81276176590973e-24,4.462669971854143e-24
2.62256128064032,472.75996681278014,3.4700797326949536e-24,3.902767316180699e-24,4.559469376233662e-24
2.6245622811405704,472.39952845058605,3.55698391345665e-24,3.9944685846458114e-24,4.6579522833991354e-24
2.6265632816408204,472.03963927549756,3.645611516629278e-24,4.0878876933268274e-24,4.758139758373785e-24
2.6285642821410704,471.6802980333048,3.735986518636041e-24,4.18304783226564e-24,4.860053926469054e-24
2.630565282641321,471.3215034736141,3.828134181370271e-24,4.2799734224210295e-24,4.963718068286064e-24
2.6325662831415704,470.9632543498338,3.9220811404371564e-24,4.378690164530409e-24,5.069156610073533e-24
2.634567283641821,470.6055494191588,4.0178553317175345e-24,4.479224935839379e-24,5.1763949758668166e-24
2.6365682841420712,470.24838744255754,4.115485736081391e-24,4.581605516437552e-24,5.285459286010944e-24
2.6385692846423208,469.8917671847569,4.215001948494496e-24,4.685860152143546e-24,5.396375910101438e-24
2.640570285142571,469.5356874142275,4.3164336057544384e-24,4.792016987716127e-24,5.509170907508113e-24
2.6425712856428216,469.1801469031708,4.4198097323812306e-24,4.900103428459985e-24,5.623869411466628e-24
2.644572286143071,468.82514442750403,4.525158082714972e-24,5.010145506066033e-24,5.740495029370378e-24
2.6465732866433216,468.4706787668462,4.63250456582637e-24,5.122167332610339e-24,5.859069339273411e-24
2.648574287143572,468.1167487045046,4.7418728365777274e-24,5.236190723196981e-24,5.979611558905545e-24
2.6505752876438216,467.76335302746065,4.853284120899517e-24,5.3522350525648466e-24,6.102138448473325e-24
2.652576288144072,467.4104905263555,4.966757317618556e-24,5.470317385588683e-24,6.22666448361163e-24
2.6545772886443224,467.0581599954772,5.0823093860943254e-24,5.5904528890337265e-24,6.353202303013362e-24
2.656578289144572,466.7063602327465,5.199955992727714e-24,5.712655496337104e-24,6.481763400561548e-24
2.6585792896448224,466.35509003970265,5.3197123548921546e-24,5.836938763307203e-24,6.6123589988337164e-24
2.6605802901450724,466.004348221491,5.441594192692164e-24,5.963316825081983e-24,6.745001014176855e-24
2.6625812906453223,465.65413358684833,5.5656186811038334e-24,6.091805347343385e-24,6.879703006961555e-24
2.6645822911455728,465.3044449480897,5.691805290112592e-24,6.222422360230272e-24,7.016481006647208e-24
2.6665832916458228,464.9552811210956,5.8201764093879924e-24,6.355188872563671e-24,7.155354110838358e-24
2.6685842921460727,464.6066409252976,5.950757675958882e-24,6.490129186032202e-24,7.296344779722267e-24
2.670585292646323,464.2585231836658,6.0835779557185225e-24,6.62727086134227e-24,7.439478779630971e-24
2.672586293146573,463.91092672269536,6.218668968491888e-24,6.766644327137757e-24,7.584784768127616e-24
2.674587293646823,463.5638503723932,6.3560645870872696e-24,6.908282163021494e-24,7.732293553308194e-24
2.6765882941470736,463.2172929662648,6.495799878275014e-24,7.052218125343692e-24,7.882037097065426e-24
2.6785892946473235,462.8712533413017,6.637909983460796e-24,7.198486014065166e-24,8.034047361432099e-24
2.6805902951475735,462.52573033796773,6.782428955416548e-24,7.34711849744671e-24,8.188355115334868e-24
2.682591295647824,462.18072280018646,6.9293886726974e-24,7.498146016472957e-24,8.344988824081194e-24
2.684592296148074,461.8362295753284,7.078817944863788e-24,7.651595882349371e-24,8.503973735238337e-24
2.686593296648324,461.49224951419797,7.230741900565734e-24,7.807491659328408e-24,8.665331253448398e-24
2.6885942971485743,461.1487814710205,7.385181719624196e-24,7.965852894203225e-24,8.829078665812647e-24
2.6905952976488243,460.8058243034303,7.542154733238212e-24,8.126695216808575e-24,8.995229242494126e-24
2.6925962981490743,460.46337687245705,7.701674877717424e-24,8.290030797127184e-24,9.163792698433734e-24
2.6945972986493247,460.12143804251366,7.86375345107866e-24,8.455869108486012e-24,9.33477596588997e-24
2.6965982991495747,459.7800066813839,8.028400092350463e-24,8.624217916724478e-24,9.508184197758239e-24
2.6985992996498247,459.43908166020947,8.195623883457873e-24,8.79508439507769e-24,9.684021901245273e-24
2.700600300150075,459.0986618534778,8.365434464830902e-24,8.968476255568373e-24,9.862294092202171e-24
2.702601300650325,458.7587461390097,8.53784305875944e-24,9.144402790324235e-24,1.0043007362664484e-23
2.704602301150575,458.4193333979469,8.712863308035087e-24,9.322875729491105e-24,1.0226170767007655e-23
2.7066033016508255,458.0804225147398,8.890511859503111e-24,9.503909844256484e-24,1.0411796453612132e-23
2.7086043021510755,457.74201237713544,9.070808649921481e-24,9.687523251095767e-24,1.0599899996260952e-23
2.7106053026513255,457.404101876165,9.25377688171368e-24,9.873737403462292e-24,1.079050040947235e-23
2.712606303151576,457.0666899061318,9.439442705531537e-24,1.006257678651153e-23,1.0983619861387754e-23
2.714607303651826,456.7297753645996,9.627834652124933e-24,1.0254068356203463e-23,1.1179283123836551e-23
2.716608304152076,456.3933571523801,9.81898287560549e-24,1.0448240784021805e-23,1.1377516819536824e-23
2.7186093046523263,456.05743417352096,1.0012918282412342e-23,1.0645123581186515e-23,1.1578348539641431e-23
2.7206103051525763,455.7220053352946,1.020967162466521e-23,1.0844746181109091e-23,1.178180591044397e-23
2.7226113056528263,455.3870695481856,1.0409272633511442e-23,1.104713705629094e-23,1.1987915686294121e-23
2.7246123061530767,455.05262572587895,1.0611749258639426e-23,1.1252322936940863e-23,1.2196702937605408e-23
2.7266133066533267,454.718672785249,1.0817127065953556e-23,1.1460328184847566e-23,1.240819038974973e-23
2.7286143071535767,454.38520964634705,1.1025428828345645e-23,1.1671174359298766e-23,1.262239795236123e-23
2.730615307653827,454.05223523238976,1.1236674326449664e-23,1.1884879993947442e-23,1.2839342460919368e-23
2.7326163081540766,453.7197484697483,1.145088035893235e-23,1.2101460586169118e-23,1.3059037635096136e-23
2.734617308654327,453.3877482879356,1.166806094661853e-23,1.2320928784995307e-23,1.3281494242595025e-23
2.7366183091545775,453.05623361959596,1.1888227702513016e-23,1.2543294751100189e-23,1.3506720444056524e-23
2.738619309654827,452.7252034004932,1.2111390331059727e-23,1.2768566653093902e-23,1.3734722284641168e-23
2.7406203101550775,452.3946565694989,1.2337557214843882e-23,1.2996751258653926e-23,1.3965504291314446e-23
2.742621310655328,452.06459206858176,1.2566736045144828e-23,1.3227854576612953e-23,1.4199070131538503e-23
2.7446223111555774,451.735008842796,1.2798934453810862e-23,1.346188250660046e-23,1.4435423288692405e-23
2.746623311655828,451.40590584026955,1.3034160607241082e-23,1.369884145564773e-23,1.4674567711617678e-23
2.7486243121560783,451.07728201219396,1.3272423728218577e-23,1.3938738885752212e-23,1.4916508399722675e-23
2.750625312656328,450.7491363128126,1.351373451738597e-23,1.4181583762228287e-23,1.5161251890594322e-23
2.7526263131565782,450.42146769940933,1.3758105452834733e-23,1.4427386879307894e-23,1.5408806623637595e-23
2.7546273136568282,450.0942751322982,1.400555095327494e-23,1.4676161046572812e-23,1.5659183160563186e-23
2.756628314157078,449.76755757481175,1.425608739735561e-23,1.4927921127176103e-23,1.5912394251318254e-23
2.7586293146573286,449.4413139932904,1.4509732998771243e-23,1.5182683926264094e-23,1.6168454742078948e-23
2.7606303151575786,449.11554335707166,1.47665075437502e-23,1.5440467935436082e-23,1.6427381330029737e-23
2.7626313156578286,448.79024463847895,1.5026432004260637e-23,1.5701292946317725e-23,1.6689192177622343e-23
2.764632316158079,448.465416812811,1.528952804666298e-23,1.5965179553206572e-23,1.695390640660262e-23
2.766633316658329,448.14105885833106,1.555581746138271e-23,1.6232148571034592e-23,1.722154349902379e-23
2.768634317158579,447.81716975625625,1.5825321544204023e-23,1.6502220400283462e-23,1.7492122638384645e-23
2.7706353176588294,447.49374849074655,1.6098060463660623e-23,1.6775414374629635e-23,1.7765662028559157e-23
2.7726363181590794,447.1707940488949,1.6374052651382408e-23,1.7051748129635878e-23,1.804217823095202e-23
2.7746373186593294,446.8483054207158,1.6653314252791655e-23,1.733123703138796e-23,1.8321685560965995e-23
2.77663831915958,446.5262815991352,1.693585867395418e-23,1.7613893702331845e-23,1.8604195583144834e-23
2.77863931965983,446.2047215799802,1.7221696256506855e-23,1.7899727677538296e-23,1.888971674011958e-23
2.78064032016008,445.88362436196815,1.751083410637788e-23,1.818874521820108e-23,1.9178254143754343e-23
2.78264132066033,445.5629889466966,1.780327609364477e-23,1.8480949300535996e-23,1.9469809547862887e-23
2.78464232116058,445.24281433863285,1.8099023030698827e-23,1.877633978777317e-23,1.9764381510961235e-23
2.78664332166083,444.9230995451037,1.8398073024436738e-23,1.9074913781176672e-23,2.0061965745313688e-23
2.7886443221610806,444.6038435762848,1.870042198620309e-23,1.937666613372453e-23,2.036255563578802e-23
2.7906453226613306,444.2850454451913,1.9006064271493447e-23,1.9681590098086768e-23,2.0666142899630103e-23
2.7926463231615806,443.9667041676668,1.931499341090323e-23,1.9989678069768574e-23,2.097271834713882e-23
2.794647323661831,443.64881876237354,1.9627202885364486e-23,2.030092237764351e-23,2.1282272694287554e-23
2.796648324162081,443.33138825078254,1.9942686893165382e-23,2.061531606841002e-23,2.1594797372433767e-23
2.798649324662331,443.0144116571633,2.026144105423757e-23,2.0932853629410306e-23,2.1910285278037486e-23
2.8006503251625814,442.69788800857367,2.0583462999123285e-23,2.1253531596155227e-23,2.2228731407178823e-23
2.8026513256628314,442.3818163348505,2.0908752796024192e-23,2.1577348996927808e-23,2.2550133325746568e-23
2.8046523261630814,442.06619566859894,2.1237313179156828e-23,2.1904307596756e-23,2.2874491436225123e-23
2.806653326663332,441.7510250451831,2.156914955475283e-23,2.2234411916303382e-23,2.320180901547312e-23
2.8086543271635818,441.43630350271616,2.1904269776586814e-23,2.2567669016954133e-23,2.353209201388056e-23
2.8106553276638317,441.12203008205034,2.22426836997756e-23,2.2904088060438916e-23,2.386534862366556e-23
2.812656328164082,440.8082038267674,2.2584402538477054e-23,2.3243679668455216e-23,2.4201588641501247e-23
2.814657328664332,440.4948237831689,2.2929438068684043e-23,2.3586455123523607e-23,2.4540822666772202e-23
2.816658329164582,440.1818890002664,2.3277801730240224e-23,2.3932425465459932e-23,2.4883061190198322e-23
2.8186593296648326,439.8693985297719,2.3629503691365923e-23,2.4281600547186474e-23,2.5228313637170953e-23
2.8206603301650826,439.5573514260885,2.3984551943513266e-23,2.4633988118284733e-23,2.5576587435040166e-23
2.8226613306653325,439.24574674630037,2.434295149376261e-23,2.4989593004194648e-23,2.5927887173253114e-23
2.824662331165583,438.9345835501638,2.4704703716141732e-23,2.5348416443202656e-23,2.6282213919580403e-23
2.8266633316658325,438.6238609000974,2.5069805912552572e-23,2.5710455632691526e-23,2.6639564745038913e-23
2.828664332166083,438.3135778611725,2.5438251119181416e-23,2.607570352130526e-23,2.6999932495286487e-23
2.8306653326663334,438.0037335011045,2.581002817647185e-23,2.6444148865840063e-23,2.7363305828360225e-23
2.832666333166583,437.69432689024285,2.618512206133451e-23,2.681577655219254e-23,2.772966951904657e-23
2.8346673336668333,437.3853571015618,2.656351446076267e-23,2.7190568160091634e-23,2.8099005010428314e-23
2.8366683341670837,437.0768232106516,2.6945184547956885e-23,2.7568502733155557e-23,2.8471291174800903e-23
2.8386693346673333,436.7687242957089,2.733010990684686e-23,2.7949557700463906e-23,2.884650523060785e-23
2.8406703351675837,436.4610594375275,2.771826753969806e-23,2.8333709884487475e-23,2.922462375048735e-23
2.842671335667834,436.1538277194896,2.8109634886150386e-23,2.8720936523721817e-23,2.960562368880162e-23
2.8446723361680837,435.8470282275565,2.8504190781013396e-23,2.9111216237189227e-23,2.998948335560792e-23
2.846673336668334,435.5406600502592,2.890191628243846e-23,2.9504529862111984e-23,3.037618326793722e-23
2.848674337168584,435.23472227868996,2.93027953113344e-23,2.9900861105157747e-23,3.076570681812346e-23
2.850675337668834,434.92921400649294,2.9706815056332027e-23,3.03001969609643e-23,3.115804071203325e-23
2.8526763381690845,434.6241343298553,3.011396611516891e-23,3.0702527868109396e-23,3.1553175146339494e-23
2.8546773386693345,434.3194823474985,3.0524242361827216e-23,3.1107847591077736e-23,3.195110371225173e-23
2.8566783391695845,434.01525716066897,3.093764054774629e-23,3.151615283573248e-23,3.2351823032012796e-23
2.858679339669835,433.71145787312975,3.1354159663600965e-23,3.192744262397902e-23,3.275533215266248e-23
2.860680340170085,433.4080835911515,3.1773800104252106e-23,3.2341717469485117e-23,3.316163173782733e-23
2.862681340670335,433.10513342350373,3.219656269246417e-23,3.275897840941784e-23,3.3570723111547114e-23
2.8646823411705853,432.8026064814459,3.262244762604219e-23,3.3179225956366357e-23,3.3982607217576293e-23
2.8666833416708353,432.50050187871915,3.3051453417650873e-23,3.3602459039415704e-23,3.4397283562666696e-23
2.8686843421710853,432.1988187315372,3.3483575896535323e-23,3.402867400350161e-23,3.4814749212808654e-23
2.8706853426713357,431.89755615857797,3.3918807336765267e-23,3.445786373179548e-23,3.5234997907347644e-23
2.8726863431715857,431.59671328097517,3.4357135767881284e-23,3.489001694733566e-23,3.56580193476709e-23
2.8746873436718356,431.29628922230927,3.479854451156989e-23,3.5325117738057735e-23,3.608379870537654e-23
2.876688344172086,430.99628310859924,3.5243011973088264e-23,3.576314533462614e-23,3.65123163803169e-23
2.878689344672336,430.6966940682944,3.5690511699604184e-23,3.620407415402317e-23,3.6943548022627707e-23
2.880690345172586,430.3975212322654,3.6141012700480745e-23,3.66478741047759e-23,3.7377464815868986e-23
2.8826913456728365,430.09876373379603,3.6594480007912205e-23,3.709451113308359e-23,3.78140340017991e-23
2.8846923461730865,429.80042070857536,3.7050875441255906e-23,3.754394797400149e-23,3.8253219612132145e-23
2.8866933466733364,429.5024912946885,3.7510158525818156e-23,3.799614505915715e-23,3.869498335981772e-23
2.888694347173587,429.20497463260887,3.7972287507511024e-23,3.845106152300329e-23,3.913928563272024e-23
2.890695347673837,428.9078698651899,3.843722039924374e-23,3.890865624389728e-23,3.9586086526628636e-23
2.892696348174087,428.61117613765674,3.890491599345534e-23,3.9368888854661167e-23,4.0035346852630804e-23
2.8946973486743373,428.3148925975978,3.9375334777869805e-23,3.9831720659763475e-23,4.048702905610188e-23
2.8966983491745872,428.01901839495724,3.984843969815596e-23,4.029711540268072e-23,4.0941097990701546e-23
2.8986993496748372,427.7235526820261,4.0324196721232625e-23,4.076503983688072e-23,4.139752150040501e-23
2.9007003501750876,427.42849461343445,4.080257516579339e-23,4.1235464066550175e-23,4.185627077504408e-23
2.9027013506753376,427.13384334614386,4.1283547781409163e-23,4.170836163784403e-23,4.231732045929822e-23
2.9047023511755876,426.83959803943856,4.176709057333172e-23,4.218370937710188e-23,4.2780648510595613e-23
2.906703351675838,426.5457578549178,4.2253182385872024e-23,4.2661486988164834e-23,4.3246235816974365e-23
2.908704352176088,426.25232195648806,4.274180427198876e-23,4.3141676435663136e-23,4.3714065600649196e-23
2.910705352676338,425.9592895103549,4.323293868959267e-23,4.362426115402868e-23,4.418412264592627e-23
2.9127063531765884,425.66665968501496,4.372656857528182e-23,4.410922513224942e-23,4.465639240044424e-23
2.9147073536768384,425.3744316512486,4.4222676353214467e-23,4.45965519314635e-23,4.5130860005927586e-23
2.9167083541770884,425.0826045821113,4.472124294021557e-23,4.508622369600342e-23,4.560750931832857e-23
2.918709354677339,424.7911776529265,4.522224680787107e-23,4.557822021830937e-23,4.6086321977262446e-23
2.9207103551775884,424.5001500412778,4.5725663158388995e-23,4.607251811432591e-23,4.6567276581087266e-23
2.922711355677839,424.2095209270004,4.623146326369836e-23,4.656909015886979e-23,4.705034801712073e-23
2.9247123561780892,423.91928949217476,4.673961400710295e-23,4.706790482048428e-23,4.7535506986784984e-23
2.9267133566783388,423.6294549211179,4.725007765447747e-23,4.7568926023136816e-23,4.802271975356642e-23
2.928714357178589,423.34001640037576,4.776281186820201e-23,4.8072113148474764e-23,4.851194812826085e-23
2.9307153576788396,423.05097311871634,4.827776996262974e-23,4.857742127807315e-23,4.900314969187248e-23
2.932716358179089,422.7623242671216,4.8794901385686793e-23,4.908480166099188e-23,4.949627824254231e-23
2.9347173586793396,422.4740690387795,4.9314152398012086e-23,4.959420237880767e-23,4.9991284439789076e-23
2.93671835917959,422.1862066290775,4.9835466909601603e-23,5.0105569168835914e-23,5.048811660788813e-23
2.9387193596798395,421.8987362355945,5.035878742485909e-23,5.061884635714415e-23,5.0986721651029854e-23
2.94072036018009,421.61165705809304,5.0884056040749874e-23,5.1133977846664864e-23,5.1487046026474616e-23
2.94272136068034,421.32496829851254,5.1411215439752486e-23,5.165090810259143e-23,5.198903671862075e-23
2.94472236118059,421.03866916096155,5.194020981966916e-23,5.216958307746171e-23,5.2492642156909126e-23
2.9467233616808404,420.7527588517104,5.247098570604093e-23,5.268995102185902e-23,5.299781302377935e-23
2.9487243621810904,420.467236579184,5.30034925997311e-23,5.321196313331388e-23,5.350450290530465e-23
2.9507253626813403,420.1821015539544,5.353768342179582e-23,5.37355740053856e-23,5.401266874629354e-23
2.9527263631815908,419.8973529887336,5.407351472950393e-23,5.426074185049928e-23,5.45222710830258e-23
2.9547273636818407,419.6129900983662,5.461094669064792e-23,5.478742848326672e-23,5.50332740397551e-23
2.9567283641820907,419.32901209982236,5.51499428173269e-23,5.531559906495586e-23,5.554564508889191e-23
2.958729364682341,419.0454182121903,5.569046947436496e-23,5.58452216236805e-23,5.605935458857534e-23
2.960730365182591,418.7622076566698,5.623249519065617e-23,5.637626637796642e-23,5.657437512435574e-23
2.962731365682841,418.47937965656394,5.677598981320827e-23,5.690870490281518e-23,5.709068069315045e-23
2.9647323661830915,418.19693343727323,5.732092355282782e-23,5.744250918657492e-23,5.760824577684196e-23
2.9667333666833415,417.9148682262878,5.786726597670629e-23,5.797765063328922e-23,5.81270443593124e-23
2.9687343671835915,417.63318325318056,5.841498500626014e-23,5.85140990683619e-23,5.864704894397829e-23
2.970735367683842,417.3518777496,5.896404597826287e-23,5.905182180515703e-23,5.916822962881158e-23
2.972736368184092,417.07095094926376,5.95144108236293e-23,5.95907828265946e-23,5.969055329244517e-23
2.974737368684342,416.7904020879509,6.006603741138716e-23,6.013094212910889e-23,6.021398293846488e-23
2.9767383691845923,416.5102304034955,6.061887909581658e-23,6.067225526692672e-23,6.07384772357912e-23
2.9787393696848423,416.23043513577966,6.117288449303874e-23,6.121467312306847e-23,6.126399028171837e-23
2.9807403701850923,415.9510155267265,6.172799750017551e-23,6.175814192045707e-23,6.179047160137248e-23
2.9827413706853427,415.67197082029344,6.228415755635242e-23,6.230260347280074e-23,6.231786638382528e-23
2.9847423711855927,415.3933002624654,6.284130013109399e-23,6.284799566130019e-23,6.28461159416518e-23
2.9867433716858427,415.1150031012478,6.339935741282186e-23,6.339425311047636e-23,6.337515836809176e-23
2.988744372186093,414.8370785866599,6.395825915895336e-23,6.394130802525279e-23,6.390492935489169e-23
2.990745372686343,414.55952597072843,6.451793366011124e-23,6.448909114245594e-23,6.443536312496137e-23
2.992746373186593,414.28234450748016,6.507830876469401e-23,6.50375327436143e-23,6.496639342766778e-23
2.9947473736868435,414.0055334529357,6.56393129068239e-23,6.55865636726509e-23,6.549795454122323e-23
2.9967483741870935,413.72909206510303,6.620087608066833e-23,6.61361163019533e-23,6.602998222638718e-23
2.9987493746873435,413.4530196039703,6.676293070727873e-23,6.668612539334296e-23,6.656241457857206e-23
3.000750375187594,413.17731533149947,6.732541234621836e-23,6.723652880645984e-23,6.709519273124437e-23
3.002751375687844,412.90197851162014,6.788826021301904e-23,6.778726801570615e-23,6.762826137192947e-23
3.004752376188094,412.62700841022223,6.845141747440538e-23,6.833828840764631e-23,6.816156904266855e-23
3.0067533766883443,412.3524042951501,6.901483130565514e-23,6.888953934305341e-23,6.869506820886398e-23
3.0087543771885943,412.07816543619583,6.95784527077423e-23,6.944097398094359e-23,6.922871509341418e-23
3.0107553776888443,411.8042911050926,7.014223609529578e-23,6.999254887522101e-23,6.976246928616116e-23
3.0127563781890947,411.53078057550846,7.070613867915321e-23,7.05442233672191e-23,7.02962931512124e-23
3.0147573786893442,411.2576331230399,7.1270119678709e-23,7.109595880878686e-23,7.083015106597545e-23
3.0167583791895947,410.9848480252052,7.183413940869049e-23,7.16477176599748e-23,7.136400853510298e-23
3.018759379689845,410.71242456143835,7.239815829192578e-23,7.219946251230398e-23,7.18978312294712e-23
3.0207603801900946,410.44036201308273,7.296213585371373e-23,7.27511550926748e-23,7.243158400442261e-23
3.022761380690345,410.16865966338435,7.352602975432558e-23,7.33027553039428e-23,7.29652299525481e-23
3.0247623811905955,409.8973167974861,7.408979491392082e-23,7.38542203560165e-23,7.349872954421897e-23
3.026763381690845,409.62633270242134,7.465338277889229e-23,7.440550403615922e-23,7.4032039904044e-23
3.0287643821910955,409.3557066671071,7.521674077064122e-23,7.495655615927195e-23,7.456511426368257e-23
3.030765382691346,409.0854379823388,7.577981194752147e-23,7.550732222879483e-23,7.50979016214865e-23
3.0327663831915954,408.8155259407835,7.634253489875919e-23,7.605774332705803e-23,7.56303466278235e-23
3.034767383691846,408.54596983697354,7.69048438762272e-23,7.660775624111346e-23,7.616238970232736e-23
3.036768384192096,408.2767689673009,7.746666915678181e-23,7.715729381702784e-23,7.669396737645017e-23
3.038769384692346,408.00792263001074,7.802793761519701e-23,7.770628552305332e-23,7.722501284229154e-23
3.0407703851925962,407.7394301251953,7.858857347624089e-23,7.825465819069096e-23,7.775545667741488e-23
3.042771385692846,407.4712907547883,7.91484992047904e-23,7.880233689307989e-23,7.828522770587948e-23
3.044772386193096,407.20350382255816,7.970763648555892e-23,7.934924591286054e-23,7.881425394849054e-23
3.0467733866933466,406.93606863410224,8.026590723941171e-23,7.989530974706682e-23,7.934246361068856e-23
3.0487743871935966,406.6689844968414,8.08232346215752e-23,8.044045409490884e-23,7.986978605477007e-23
3.0507753876938466,406.4022507200131,8.137954394836523e-23,8.098460677557002e-23,8.039615270431321e-23
3.052776388194097,406.1358666146661,8.193476350325009e-23,8.152769852725101e-23,8.09214978326678e-23
3.054777388694347,405.8698314936543,8.248882517987133e-23,8.206966364539543e-23,8.144575919391592e-23
3.056778389194597,405.6041446716308,8.304166492866954e-23,8.261044042693413e-23,8.196887846343313e-23
3.0587793896948474,405.33880546504207,8.359322298448042e-23,8.3149971397976e-23,8.249080146557754e-23
3.0607803901950974,405.07381319212226,8.414344386431684e-23,8.368820331409218e-23,8.301147817756127e-23
3.0627813906953474,404.80916717288693,8.469227613686747e-23,8.422508693453283e-23,8.353086251056669e-23
3.064782391195598,404.54486672912753,8.523967197738211e-23,8.47605765837454e-23,8.404891188103489e-23
3.066783391695848,404.28091118440585,8.578558653293664e-23,8.529462952479439e-23,8.456558659614955e-23
3.0687843921960978,404.01729986404763,8.632997713299012e-23,8.582720517913347e-23,8.508084908728458e-23
3.070785392696348,403.75403209513723,8.687280238813863e-23,8.635826423512967e-23,8.559466303306822e-23
3.072786393196598,403.49110720651197,8.741402122565201e-23,8.688776769340259e-23,8.610699241935021e-23
3.074787393696848,403.2285245287562,8.795359191344853e-23,8.741567590011952e-23,8.66178005864466e-23
3.0767883941970986,402.96628339419556,8.849147112447902e-23,8.794194761973521e-23,8.7127049314431e-23
3.0787893946973486,402.7043831368917,8.902761309106808e-23,8.846653919629649e-23,8.763469799495053e-23
3.0807903951975986,402.4428230926362,8.956196889373337e-23,8.898940384747756e-23,8.814070293319718e-23
3.082791395697849,402.1816025989452,9.009448592165928e-23,8.951049112825608e-23,8.86450168165395e-23
3.084792396198099,401.9207209950539,9.062510753276174e-23,9.002974659199997e-23,8.914758837732675e-23
3.086793396698349,401.6601776219107,9.115377293063162e-23,9.054711166619254e-23,8.964836226699304e-23
3.0887943971985994,401.3999718221718,9.168041726418274e-23,9.106252374867023e-23,9.014727914739911e-23
3.0907953976988494,401.14010294019585,9.220497194416499e-23,9.157591651868925e-23,9.064427599394966e-23
3.0927963981990994,400.880570322038,9.272736515945464e-23,9.20872204459874e-23,9.113928659402491e-23
3.0947973986993498,400.6213733154449,9.324752256579503e-23,9.259636347085572e-23,9.163224221424384e-23
3.0967983991995998,400.36251126984894,9.376536811095713e-23,9.310327181960142e-23,9.212307240155147e-23
3.0987993996998497,400.1039835363629,9.428082495356017e-23,9.36078709131042e-23,9.26117058765198e-23
3.1008004002001,399.8457894677744,9.479381642834885e-23,9.411008632175151e-23,9.309807147287704e-23
3.10280140070035,399.5879284185409,9.530426700878131e-23,9.460984471809673e-23,9.358209907534313e-23
3.1048024012006,399.3303997447837,9.581210321837982e-23,9.510707477915879e-23,9.40637205083887e-23
3.1068034017008506,399.073202804283,9.631725444537339e-23,9.560170799331078e-23,9.454287033149373e-23
3.1088044022011,398.8163369564728,9.681965362051632e-23,9.609367933198955e-23,9.501948650166202e-23
3.1108054027013505,398.55980156243464,9.731923772529555e-23,9.658292775369984e-23,9.549351087105953e-23
3.112806403201601,398.3035959848935,9.781594810661448e-23,9.70693965165616e-23,9.596488949627e-23
3.1148074037018505,398.0477195882117,9.830973058404649e-23,9.755303328554759e-23,9.643357274540098e-23
3.116808404202101,397.79217173838373,9.880053534630352e-23,9.803379003100364e-23,9.68995151995581e-23
3.1188094047023514,397.53695180303146,9.928831664419228e-23,9.851162272556898e-23,9.736267535557814e-23
3.120810405202601,397.2820591513986,9.977303229748197e-23,9.898649085667413e-23,9.782301514683527e-23
3.1228114057028513,397.0274931543452,1.0025464304228788e-22,9.94583567808981e-23,9.828049930792474e-23
3.1248124062031017,396.77325318434316,1.0073311175335424e-22,9.992718495418739e-23,9.873509461666123e-23
3.1268134067033513,396.51933861547076,1.0120840258164179e-22,1.003929410779235e-22,9.918676905275694e-23
3.1288144072036017,396.26574882340714,1.0168048005157639e-22,1.0085559120475948e-22,9.963549091645144e-23
3.130815407703852,396.01248318542775,1.0214930816405833e-22,1.0131510084989352e-22,1.0008122795211753e-22
3.1328164082041017,395.75954108039923,1.0261484955076977e-22,1.0177143415290813e-22,1.0052394652136171e-22
3.134817408704352,395.5069218887736,1.0307706472249353e-22,1.0222455313252114e-22,1.0096361086741543e-22
3.136818409204602,395.2546249925843,1.0353591144922594e-22,1.0267441707171991e-22,1.0140018250782132e-22
3.138819409704852,395.0026497754403,1.039913443030848e-22,1.0312098206403855e-22,1.018336197858094e-22
3.1408204102051025,394.75099562252126,1.0444331438670126e-22,1.0356420074350346e-22,1.0226387760264065e-22
3.1428214107053525,394.49966192057303,1.0489176926039643e-22,1.0400402221147148e-22,1.0269090734402087e-22
3.1448224112056025,394.24864805790185,1.0533665307141335e-22,1.044403921636415e-22,1.0311465700387746e-22
3.146823411705853,393.99795342437005,1.0577790687833782e-22,1.0487325321047342e-22,1.035350714988762e-22
3.148824412206103,393.74757741139086,1.0621546915408364e-22,1.0530254537457286e-22,1.0395209315750648e-22
3.150825412706353,393.49751941192346,1.0664927644194256e-22,1.0572820673980303e-22,1.0436566235888194e-22
3.1528264132066033,393.24777882046806,1.07079264131635e-22,1.061501742193842e-22,1.0477571828900033e-22
3.1548274137068533,392.9983550330611,1.0750536731642764e-22,1.0656838440442294e-22,1.0518219977646451e-22
3.1568284142071033,392.7492474472704,1.0792752168849013e-22,1.069827744504506e-22,1.0558504616585435e-22
3.1588294147073537,392.5004554621902,1.0834566442791967e-22,1.0739328295782136e-22,1.0598419818522772e-22
3.1608304152076037,392.25197847843634,1.0875973504136026e-22,1.0779985080230788e-22,1.0637959876470712e-22
3.1628314157078536,392.00381589814157,1.091696761088279e-22,1.0820242187488922e-22,1.0677119376571982e-22
3.164832416208104,391.7559671249506,1.095754339020803e-22,1.086009436944032e-22,1.071589325850639e-22
3.166833416708354,391.5084315640155,1.099769588443979e-22,1.0899536786319749e-22,1.075427686043361e-22
3.168834417208604,391.2612086219907,1.1037420578963447e-22,1.0938565034382464e-22,1.0792265946304734e-22
3.1708354177088545,391.01429770702845,1.1076713410743814e-22,1.0977175154378026e-22,1.0829856714257334e-22
3.1728364182091044,390.7676982287741,1.1115570757121183e-22,1.1015363620485726e-22,1.0867045785752019e-22
3.1748374187093544,390.5214095983613,1.1153989405516878e-22,1.1053127310338303e-22,1.090383017606407e-22
3.176838419209605,390.2754312284072,1.1191966505628708e-22,1.1090463457696807e-22,1.0940207247666848e-22
3.178839419709855,390.02976253300807,1.1229499506560242e-22,1.1127369590195159e-22,1.097617464888791e-22
3.180840420210105,389.7844029277345,1.1266586082068684e-22,1.1163843455307676e-22,1.1011730240944046e-22
3.1828414207103553,389.5393518296267,1.1303224047697272e-22,1.119988293826909e-22,1.10468720170308e-22
3.1848424212106052,389.29460865718994,1.1339411273952416e-22,1.1235485976068254e-22,1.1081598017529432e-22
3.186843421710855,389.05017283039007,1.1375145599872183e-22,1.1270650471822135e-22,1.111590624557829e-22
3.1888444222111056,388.8060437706486,1.141042475130368e-22,1.130537421380846e-22,1.1149794587228858e-22
3.1908454227113556,388.5622209008387,1.1445246267961996e-22,1.1339654803193538e-22,1.118326074016872e-22
3.1928464232116056,388.31870364528004,1.1479607442896465e-22,1.137348959404898e-22,1.1216302154557703e-22
3.194847423711856,388.07549142973454,1.1513505277361194e-22,1.140687564862828e-22,1.1248915988908966e-22
3.196848424212106,387.83258368140207,1.1546936453310048e-22,1.143980971010423e-22,1.1281099083187528e-22
3.198849424712356,387.5899798289155,1.1579897324848973e-22,1.1472288194088848e-22,1.1312847950430614e-22
3.2008504252126064,387.3476793023364,1.1612383929026414e-22,1.1504307199313578e-22,1.1344158787263231e-22
3.2028514257128564,387.1056815331511,1.164439201537509e-22,1.1535862536888606e-22,1.1375027502735689e-22
3.2048524262131064,386.8639859542652,1.16759170926839e-22,1.1566949776633964e-22,1.1405449763996375e-22
3.206853426713357,386.62259199999994,1.1706954490625346e-22,1.1597564308129406e-22,1.1435421056478835e-22
3.2088544272136064,386.3814991060878,1.173749943313635e-22,1.162770141340924e-22,1.146493675557144e-22
3.210855427713857,386.14070670966737,1.1767547119883384e-22,1.1657356347666797e-22,1.1493992206184718e-22
3.212856428214107,385.9002142492798,1.1797092811765938e-22,1.1686524423960072e-22,1.152258280626383e-22
3.2148574287143568,385.66002116486425,1.18261319162437e-22,1.171520109774329e-22,1.1550704090129766e-22
3.216858429214607,385.4201268977529,1.1854660068317208e-22,1.1743382047093489e-22,1.1578351807577118e-22
3.2188594297148576,385.18053089066746,1.1882673203246874e-22,1.1771063244754121e-22,1.1605521994905867e-22
3.220860430215107,384.9412325877145,1.1910167617544142e-22,1.179824101856254e-22,1.1632211034503482e-22
3.2228614307153576,384.702231434381,1.193714001538632e-22,1.1824912097440074e-22,1.1658415700196662e-22
3.224862431215608,384.4635268775304,1.1963587538358908e-22,1.1851073640868568e-22,1.168413318632647e-22
3.2268634317158575,384.22511836539803,1.1989507777277414e-22,1.1876723250617172e-22,1.170936111932823e-22
3.228864432216108,383.98700534758694,1.2014898765737716e-22,1.1901858964371495e-22,1.1734097551472837e-22
3.230865432716358,383.7491872750639,1.2039758955946565e-22,1.1926479231811076e-22,1.1758340937307026e-22
3.232866433216608,383.51166360015475,1.2064087178245102e-22,1.1950582874534114e-22,1.17820900941707e-22
3.2348674337168584,383.2744337765406,1.2087882586515186e-22,1.1974169031998062e-22,1.1805344148928297e-22
3.2368684342171083,383.03749725925354,1.2111144592315297e-22,1.1997237096295407e-22,1.1828102473692759e-22
3.2388694347173583,382.8008535046722,1.2133872791097187e-22,1.201978663908406e-22,1.1850364613814198e-22
3.2408704352176088,382.5645019705178,1.2156066884184987e-22,1.2041817334319468e-22,1.1872130211728814e-22
3.2428714357178587,382.32844211585035,1.2177726600342032e-22,1.2063328880577972e-22,1.189339893040457e-22
3.2448724362181087,382.09267340106373,1.219885162070228e-22,1.2084320926713514e-22,1.1914170380073913e-22
3.246873436718359,381.8571952878823,1.2219441510610564e-22,1.2104793004359332e-22,1.1934444051716688e-22
3.248874437218609,381.6220072393564,1.2239495661512832e-22,1.2124744470387226e-22,1.195421926036321e-22
3.250875437718859,381.3871087198584,1.225901324548883e-22,1.2144174461892957e-22,1.1973495100750653e-22
3.2528764382191095,381.1524991950788,1.227799318435425e-22,1.2163081865617346e-22,1.1992270417215961e-22
3.2548774387193595,380.9181781320218,1.229643413451507e-22,1.2181465302974425e-22,1.2010543788979839e-22
3.2568784392196095,380.6841449990016,1.2314334487970745e-22,1.2199323131079272e-22,1.2028313531208139e-22
3.25887943971986,380.45039926563817,1.2331692389076826e-22,1.2216653459388753e-22,1.2045577711467847e-22
3.26088044022011,380.2169404028534,1.234850576593077e-22,1.2233454180828508e-22,1.2062334180464974e-22
3.26288144072036,379.983767882867,1.2364772374572743e-22,1.2249723015613556e-22,1.207858061529492e-22
3.2648824412206103,379.7508811791925,1.2380489853628981e-22,1.2265457565410988e-22,1.2094314572884985e-22
3.2668834417208603,379.5182797666335,1.239565578659226e-22,1.2280655375064733e-22,1.2109533550886595e-22
3.2688844422211103,379.2859631212794,1.2410267768651261e-22,1.2295313998822226e-22,1.2124235052999315e-22
3.2708854427213607,379.0539307205016,1.242432347485521e-22,1.230943106787949e-22,1.2138416655587764e-22
3.2728864432216107,378.8221820429499,1.2437820726434088e-22,1.2323004356094922e-22,1.2152076072486766e-22
3.2748874437218607,378.5907165685481,1.2450757552279375e-22,1.2336031840905647e-22,1.2165211215071642e-22
3.276888444222111,378.3595337784902,1.2463132242910552e-22,1.234851175679784e-22,1.2177820244984229e-22
3.278889444722361,378.12863315523686,1.2474943394687068e-22,1.2360442639113083e-22,1.218990161732993e-22
3.280890445222611,377.89801418251125,1.248618994254862e-22,1.2371823356490998e-22,1.2201454112672268e-22
3.2828914457228615,377.6676763452952,1.2496871180147902e-22,1.2382653130824436e-22,1.2212476856718854e-22
3.2848924462231115,377.43761912982563,1.2506986766850687e-22,1.239293154420789e-22,1.2222969327188524e-22
3.2868934467233615,377.2078420235903,1.2516536721686603e-22,1.2402658532962775e-22,1.2232931347943304e-22
3.288894447223612,376.9783445153243,1.252552140491296e-22,1.241183436939621e-22,1.224236307103339e-22
3.290895447723862,376.74912609500643,1.2533941488377814e-22,1.2420459632468772e-22,1.225126494781474e-22
3.292896448224112,376.5201862538549,1.2541797916316667e-22,1.2428535168990626e-22,1.225963769073598e-22
3.2948974487243623,376.29152448432393,1.2549091858572842e-22,1.2436062047317492e-22,1.226748222773877e-22
3.2968984492246123,376.06314028010013,1.255582465848489e-22,1.2443041505768953e-22,1.22747996514629e-22
3.2988994497248623,375.8350331360983,1.2561997777828434e-22,1.244947489813427e-22,1.2281591165588223e-22
3.3009004502251127,375.60720254845796,1.256761274123531e-22,1.2455363638665904e-22,1.2287858030679997e-22
3.3029014507253622,375.37964801453995,1.2572671082443374e-22,1.2460709148892064e-22,1.2293601511836026e-22
3.3049024512256127,375.15236903292214,1.2577174294564635e-22,1.2465512808415134e-22,1.229882283027166e-22
3.306903451725863,374.9253651033961,1.2581123786309634e-22,1.2469775911615228e-22,1.230352312073387e-22
3.3089044522261126,374.6986357269635,1.2584520845787187e-22,1.2473499631861725e-22,1.230770339632326e-22
3.310905452726363,374.47218040583215,1.258736661312727e-22,1.2476684994467526e-22,1.231136452193894e-22
3.3129064532266135,374.2459986434126,1.2589662062769362e-22,1.2479332859218408e-22,1.2314507197164023e-22
3.314907453726863,374.0200899443145,1.2591407995837027e-22,1.2481443912892073e-22,1.2317131948996848e-22
3.3169084542271134,373.7944538143428,1.2592605042599595e-22,1.2483018671765175e-22,1.2319239134422357e-22
3.318909454727364,373.56908976049436,1.2593253674620256e-22,1.2484057493708827e-22,1.2320828952425787e-22
3.3209104552276134,373.3439972909543,1.2593354225821003e-22,1.2484560599107897e-22,1.2321901464691245e-22
3.322911455727864,373.11917591509217,1.2592906921371446e-22,1.2484528099519443e-22,1.2322456623912882e-22
3.324912456228114,372.89462514345894,1.2591911913039904e-22,1.2483960032720297e-22,1.2322494308385996e-22
3.326913456728364,372.67034448778287,1.259036931943848e-22,1.248285640258971e-22,1.2322014361345304e-22
3.3289144572286142,372.44633346096623,1.258827926945293e-22,1.248121722213448e-22,1.2321016633382598e-22
3.330915457728864,372.2225915770819,1.2585641947074798e-22,1.247904255789212e-22,1.2319501026206315e-22
3.332916458229114,371.99911835136965,1.2582457635846191e-22,1.2476332573941376e-22,1.2317467536000877e-22
3.3349174587293646,371.7759133002325,1.2578726761183976e-22,1.2473087573805983e-22,1.231491629469999e-22
3.3369184592296146,371.5529759412338,1.2574449928965047e-22,1.2469308038651746e-22,1.2311847607601585e-22
3.3389194597298646,371.33030579309315,1.2569627958922645e-22,1.246499466034384e-22,1.2308261985916678e-22
3.340920460230115,371.1079023756831,1.2564261911616596e-22,1.2460148368142332e-22,1.2304160173052296e-22
3.342921460730365,370.8857652100262,1.2558353107992912e-22,1.2454770348063593e-22,1.2299543163674768e-22
3.344922461230615,370.6638938182906,1.2551903140829296e-22,1.2448862054213586e-22,1.2294412214872947e-22
3.3469234617308654,370.44228772378744,1.2544913877667036e-22,1.2442425211699453e-22,1.2288768849036897e-22
3.3489244622311154,370.2209464509672,1.253738745514477e-22,1.243546181103735e-22,1.2282614848373437e-22
3.3509254627313654,369.99986952541616,1.2529326264969212e-22,1.2427974094290544e-22,1.2275952241290985e-22
3.352926463231616,369.779056473853,1.2520732932069754e-22,1.241996453347994e-22,1.2268783281188858e-22
3.354927463731866,369.55850682412586,1.2511610285780517e-22,1.2411435802102703e-22,1.2261110418474814e-22
3.3569284642321158,369.3382201052083,1.2501961325162684e-22,1.2402390740860504e-22,1.2252936266895736e-22
3.358929464732366,369.1181958471963,1.2491789179813799e-22,1.2392832318930295e-22,1.224426356549362e-22
3.360930465232616,368.8984335813053,1.2481097067698576e-22,1.2382763592295608e-22,1.223509513768066e-22
3.362931465732866,368.67893283986615,1.2469888251669482e-22,1.23721876607887e-22,1.222543384905651e-22
3.3649324662331166,368.459693156322,1.2458165996417868e-22,1.2361107625564726e-22,1.2215282565660157e-22
3.3669334667333666,368.24071406522546,1.2445933527602858e-22,1.23495265487352e-22,1.2204644114353746e-22
3.3689344672336166,368.02199510223477,1.243319399484111e-22,1.233744741682423e-22,1.219352124697235e-22
3.370935467733867,367.80353580411065,1.2419950440108454e-22,1.2324873109579657e-22,1.2181916609743934e-22
3.372936468234117,367.5853357087134,1.2406205772903772e-22,1.2311806375472795e-22,1.2169832719288132e-22
3.374937468734367,367.3673943549989,1.239196275326488e-22,1.2298249814962483e-22,1.2157271946248433e-22
3.3769384692346174,367.149711283016,1.2377223983413314e-22,1.2284205872289815e-22,1.2144236507308561e-22
3.3789394697348674,366.9322860339033,1.236199190845092e-22,1.2269676836220024e-22,1.2130728465999936e-22
3.3809404702351173,366.7151181498853,1.2346268826151215e-22,1.225466484977286e-22,1.2116749742338923e-22
3.3829414707353678,366.49820717426985,1.2330056905497753e-22,1.223917192859668e-22,1.210230213095384e-22
3.3849424712356178,366.2815526514446,1.2313358213236565e-22,1.2223199987261382e-22,1.2087387326988756e-22
3.3869434717358677,366.06515412687395,1.229617474734865e-22,1.2206750872388673e-22,1.2072006958721343e-22
3.388944472236118,365.84901114709567,1.2278508476027198e-22,1.218982640122095e-22,1.2056162625520955e-22
3.390945472736368,365.6331232597182,1.2260361380478644e-22,1.2172428403967884e-22,1.2039855939515704e-22
3.392946473236618,365.41749001341685,1.224173549967053e-22,1.2154558768075904e-22,1.202308856914708e-22
3.3949474737368686,365.20211095793115,1.2222632975032872e-22,1.2136219482450915e-22,1.2005862282677533e-22
3.396948474237118,364.9869856440616,1.2203056093091548e-22,1.2117412679636506e-22,1.1988178989688746e-22
3.3989494747373685,364.7721136236662,1.2183007324074087e-22,1.2098140674010786e-22,1.1970040778667576e-22
3.400950475237619,364.55749444965795,1.216248935468271e-22,1.207840599421739e-22,1.1951449948926039e-22
3.4029514757378685,364.3431276760015,1.2141505113467728e-22,1.2058211408281513e-22,1.193240903533255e-22
3.404952476238119,364.12901285770954,1.2120057787551207e-22,1.2037559940174604e-22,1.191292082463858e-22
3.4069534767383693,363.91514955084057,1.20981508298306e-22,1.2016454876966863e-22,1.1892988362553858e-22
3.408954477238619,363.7015373124954,1.2075787956218913e-22,1.1994899766128565e-22,1.1872614951137833e-22
3.410955477738869,363.488175700814,1.2052973132932865e-22,1.197289840299103e-22,1.1851804136517271e-22
3.4129564782391193,363.2750642749725,1.2029710554301532e-22,1.1950454808834043e-22,1.1830559687388456e-22
3.414957478739369,363.0622025951806,1.2006004612012448e-22,1.192757320050618e-22,1.1808885565194768e-22
3.41695847923962,362.84959022267765,1.1981859857118827e-22,1.1904257952886858e-22,1.1786785887266335e-22
3.4189594797398697,362.6372267197308,1.1957280956479305e-22,1.1880513555842789e-22,1.1764264884546707e-22
3.42096048024012,362.4251116496307,1.1932272645571343e-22,1.1856344567598553e-22,1.174132685579416e-22
3.42296148074037,362.2132445766898,1.190683967979922e-22,1.1831755566618597e-22,1.1717976120319907e-22
3.4249624812406196,362.00162506623826,1.1880986786494214e-22,1.1806751104174048e-22,1.1694216971400222e-22
3.42696348174087,361.7902526846216,1.1854718619776358e-22,1.1781335659739487e-22,1.1670053632471603e-22
3.4289644822411205,361.57912699919757,1.1828039720313023e-22,1.175551360123241e-22,1.164549021808782e-22
3.430965482741371,361.3682475783334,1.1800954481776434e-22,1.17292891518772e-22,1.1620530701390548e-22
3.4329664832416205,361.15761399140257,1.1773467125481791e-22,1.1702666365158805e-22,1.1595178889533928e-22
3.434967483741871,360.94722580878175,1.174558168429589e-22,1.1675649108943645e-22,1.1569438408122222e-22
3.436968484242121,360.7370826018485,1.1717301996462562e-22,1.164824105940693e-22,1.1543312695288945e-22
3.4389694847423704,360.52718394297773,1.1688631709518831e-22,1.1620445704938275e-22,1.1516805005586362e-22
3.440970485242621,360.317529405539,1.1659574293997848e-22,1.1592266359725118e-22,1.1489918423390168e-22
3.4429714857428713,360.1081185638939,1.163013306615564e-22,1.1563706186259574e-22,1.1462655885077748e-22
3.4449724862431217,359.8989509933928,1.160031121854019e-22,1.1534768225600508e-22,1.143502020883162e-22
3.446973486743372,359.6900262703722,1.1570111856865682e-22,1.150545543387075e-22,1.1407014130573608e-22
3.4489744872436217,359.4813439721517,1.1539538041376427e-22,1.14757707231939e-22,1.137864034426409e-22
3.4509754877438716,359.27290367703125,1.1508592830698615e-22,1.14457170050909e-22,1.1349901544619099e-22
3.452976488244122,359.0647049642883,1.1477279326091421e-22,1.1415297234270203e-22,1.1320800470212887e-22
3.4549774887443716,358.85674741417506,1.1445600714023355e-22,1.1384514450759759e-22,1.1291339944947e-22
3.456978489244622,358.6490306079155,1.1413560305115602e-22,1.135337181844298e-22,1.1261522915978876e-22
3.4589794897448725,358.4415541277026,1.1381161567701908e-22,1.1321872658266531e-22,1.1231352486404864e-22
3.460980490245123,358.23431755669577,1.1348408154543052e-22,1.129002047467295e-22,1.1200831941273077e-22
3.4629814907453724,358.0273204790177,1.1315303921588898e-22,1.1257818974162346e-22,1.1169964765847152e-22
3.464982491245623,357.82056247975163,1.128185293808109e-22,1.122527207528349e-22,1.1138754655432e-22
3.466983491745873,357.61404314493905,1.1248059487716553e-22,1.119238390977744e-22,1.1107205516489157e-22
3.4689844922461224,357.40776206157625,1.1213928061022164e-22,1.115915881502293e-22,1.1075321459189307e-22
3.470985492746373,357.2017188176119,1.1179463339503826e-22,1.1125601318341696e-22,1.1043106781952616e-22
3.4729864932466232,356.99591300194453,1.1144670172508446e-22,1.109171611409365e-22,1.1010565948894017e-22
3.4749874937468737,356.79034420441945,1.110955354805553e-22,1.1057508034807118e-22,1.097770356140135e-22
3.4769884942471236,356.5850120158262,1.1074118559143927e-22,1.1022982017835681e-22,1.0944524325317085e-22
3.4789894947473736,356.3799160278956,1.1038370367205718e-22,1.0988143069198028e-22,1.0911033015356722e-22
3.4809904952476236,356.1750558332974,1.1002314164458502e-22,1.0952996226335611e-22,1.0877234438473772e-22
3.482991495747874,355.9704310256373,1.0965955136898219e-22,1.091754652151345e-22,1.0843133397871784e-22
3.4849924962481236,355.76604119945455,1.092929842957898e-22,1.0881798947494573e-22,1.0808734659269643e-22
3.486993496748374,355.56188595021877,1.0892349115654464e-22,1.0845758426947756e-22,1.077404292085758e-22
3.4889944972486244,355.3579648743279,1.0855112170416984e-22,1.0809429786811816e-22,1.0739062788147838e-22
3.490995497748874,355.15427756910515,1.0817592451280652e-22,1.0772817738552332e-22,1.0703798754640085e-22
3.4929964982491244,354.95082363279624,1.0779794684332196e-22,1.0735926864926714e-22,1.066825518890595e-22
3.4949974987493744,354.7476026645674,1.0741723457733683e-22,1.0698761613537025e-22,1.0632436328365107e-22
3.496998499249624,354.5446142645019,1.0703383221923803e-22,1.0661326297115663e-22,1.0596346279695548e-22
3.4989994997498743,354.3418580335979,1.066477829624665e-22,1.0623625100173902e-22,1.055998902550996e-22
3.5010005002501248,354.13933357376584,1.0625912881353498e-22,1.0585662091362712e-22,1.0523368436653587e-22
3.503001500750375,353.93704048782575,1.0586791076485576e-22,1.0547441240659958e-22,1.0486488289246886e-22
3.5050025012506256,353.7349783795047,1.0547416900565987e-22,1.0508966440319885e-22,1.0449352285420806e-22
3.507003501750875,353.5331468534341,1.0507794315910311e-22,1.0470241528403498e-22,1.0411964076576922e-22
3.509004502251125,353.3315455151472,1.0467927253311186e-22,1.0431270313654857e-22,1.0374327287952146e-22
3.5110055027513756,353.13017397107643,1.0427819637262097e-22,1.0392056600498345e-22,1.0336445543277884e-22
3.513006503251625,352.9290318285511,1.0387475410153014e-22,1.0352604212999171e-22,1.0298322488390346e-22
3.5150075037518764,352.7281186957944,1.0346898554390884e-22,1.031291701674906e-22,1.025996181276737e-22
3.517008504252126,352.5274341819216,1.0306093111560372e-22,1.0272998937800612e-22,1.0221367268127344e-22
3.5190095047523764,352.32697789693646,1.02650631979331e-22,1.0232853977965611e-22,1.0182542683415965e-22
3.5210105052526264,352.1267494517297,1.022381301584843e-22,1.0192486226006305e-22,1.0143491975718743e-22
3.5230115057528764,351.92674845807596,1.0182346860708479e-22,1.0151899864467146e-22,1.0104219156853866e-22
3.5250125062531263,351.7269745286312,1.0140669123547775e-22,1.011109917211123e-22,1.0064728335615225e-22
3.527013506753376,351.5274272769308,1.0098784289340328e-22,1.0070088522126991e-22,1.0025023715835232e-22
3.529014507253627,351.328106317386,1.0056696931384667e-22,1.0028872376447618e-22,9.98510959061259e-23
3.5310155077538767,351.129011265283,1.001441170225587e-22,9.987455276673254e-23,9.944990333196442e-23
3.533016508254127,350.93014173677875,9.971933321923575e-23,9.945841832195243e-23,9.904670385126354e-23
3.535017508754377,350.7314973488997,9.929266563709346e-23,9.90403670619522e-23,9.864154242299905e-23
3.537018509254627,350.53307771953894,9.886416238788632e-23,9.862044600223039e-23,9.823446439669697e-23
3.539019509754877,350.33488246745355,9.843387179940226e-23,9.819870238054357e-23,9.78255153526735e-23
3.5410205102551275,350.1369112122625,9.800184225209315e-23,9.777518349491165e-23,9.741474094213319e-23
3.543021510755377,349.9391635744441,9.756812202085678e-23,9.734993654703322e-23,9.700218673305189e-23
3.5450225112556275,349.7416391753334,9.7132759127139e-23,9.692300849623701e-23,9.658789806690642e-23
3.547023511755878,349.54433763712007,9.669580120553928e-23,9.649444592810469e-23,9.617191993031272e-23
3.5490245122561284,349.3472585828458,9.625729538804825e-23,9.606429494083926e-23,9.575429684456743e-23
3.551025512756378,349.1504016364021,9.581728820800993e-23,9.563260105141365e-23,9.533507277504042e-23
3.553026513256628,348.9537664225273,9.537582552492018e-23,9.519940912254928e-23,9.491429106137811e-23
3.5550275137568783,348.757352566805,9.493295247031683e-23,9.476476331071557e-23,9.449199436861549e-23
3.557028514257128,348.5611596956614,9.44887134142925e-23,9.432870703461734e-23,9.406822465856984e-23
3.559029514757379,348.3651874363623,9.404315195161487e-23,9.38912829630902e-23,9.364302318034407e-23
3.5610305152576287,348.169435417012,9.359631090604775e-23,9.345253302093558e-23,9.321643047838214e-23
3.563031515757879,347.9739032665496,9.314823235121791e-23,9.301249841098274e-23,9.278848641628082e-23
3.565032516258129,347.77859061474777,9.269895764627419e-23,9.257121965057222e-23,9.235923021447775e-23
3.5670335167583787,347.58349709220954,9.224852748455181e-23,9.212873662063036e-23,9.192870049992336e-23
3.569034517258629,347.3886223303665,9.179698195350672e-23,9.168508862556722e-23,9.149693536592127e-23
3.5710355177588795,347.19396596147647,9.134436060425034e-23,9.124031446230859e-23,9.106397244041996e-23
3.57303651825913,346.99952761862085,9.089070252907138e-23,9.079445249684438e-23,9.062984896113254e-23
3.5750375187593795,346.8053069357028,9.043604644536669e-23,9.034754074672962e-23,9.019460185594002e-23
3.57703851925963,346.6113035474442,8.998043078437842e-23,8.989961696796664e-23,8.97582678270543e-23
3.57903951975988,346.41751708938426,8.952389378306434e-23,8.945071874464773e-23,8.932088343739621e-23
3.5810405202601294,346.22394719787667,8.90664735772908e-23,8.900088357961858e-23,8.888248519755243e-23
3.58304152076038,346.0305935100873,8.860820829437155e-23,8.855014898427362e-23,8.844310965155218e-23
3.5850425212606303,345.83745566399216,8.814913614277594e-23,8.809855256541003e-23,8.800279345954175e-23
3.5870435217608807,345.6445332983752,8.768929549663109e-23,8.764613210687837e-23,8.756157347526117e-23
3.5890445222611302,345.451826052826,8.72287249724815e-23,8.719292564361243e-23,8.711948681608122e-23
3.5910455227613807,345.259333567737,8.676746349565907e-23,8.673897152551073e-23,8.667657092324785e-23
3.5930465232616307,345.0670554843021,8.630555035360634e-23,8.628430846862537e-23,8.623286360995632e-23
3.5950475237618806,344.874991444514,8.584302523358848e-23,8.582897559119516e-23,8.578840309494039e-23
3.5970485242621306,344.683141091162,8.537992824247084e-23,8.537301243228386e-23,8.534322801946043e-23
3.599049524762381,344.49150406782957,8.491629990662382e-23,8.491645895114623e-23,8.489737744590286e-23
3.6010505252626306,344.30008001889286,8.445218115054601e-23,8.445935550594917e-23,8.445089083667113e-23
3.603051525762882,344.10886858951744,8.39876132534795e-23,8.400174281112914e-23,8.400380801265977e-23
3.6050525262631314,343.9178694256574,8.352263778409614e-23,8.354366187344279e-23,8.355616909133726e-23
3.607053526763382,343.7270821740517,8.305729651421915e-23,8.30851539076261e-23,8.310801440527925e-23
3.609054527263632,343.5365064822233,8.259163131351104e-23,8.262626023351552e-23,8.265938440289381e-23
3.6110555277638814,343.3461419984762,8.212568402800095e-23,8.21670221574048e-23,8.221031953396594e-23
3.613056528264132,343.1559883718934,8.165949634624104e-23,8.170748084130832e-23,8.176086012351725e-23
3.6150575287643822,342.9660452523351,8.119310965768729e-23,8.124767716459282e-23,8.131104623824801e-23
3.6170585292646327,342.7763122904363,8.072656490853823e-23,8.078765158307044e-23,8.086091755044677e-23
3.619059529764882,342.5867891376045,8.025990246070936e-23,8.032744399108709e-23,8.041051320469102e-23
3.6210605302651326,342.3974754460178,7.97931619598018e-23,7.986709359232603e-23,7.995987169285376e-23
3.6230615307653826,342.2083708686227,7.93263822178351e-23,7.940663878496819e-23,7.9509030742868e-23
3.625062531265632,342.01947505913205,7.885960111612431e-23,7.894611706647701e-23,7.905802722635119e-23
3.6270635317658826,341.8307876720226,7.839285553301242e-23,7.848556496262938e-23,7.860689708957705e-23
3.629064532266133,341.6423083625336,7.792618130022625e-23,7.802501798449647e-23,7.815567531140407e-23
3.6310655327663834,341.4540367866639,7.745961319044794e-23,7.756451061593317e-23,7.770439589066753e-23
3.633066533266633,341.2659726011704,7.699318493734886e-23,7.710407633282125e-23,7.725309186427719e-23
3.6350675337668834,341.07811546356567,7.652692928786583e-23,7.664374765387682e-23,7.680179535587494e-23
3.6370685342671334,340.8904650321161,7.60608780849996e-23,7.618355622136488e-23,7.635053765348787e-23
3.639069534767383,340.70302096583964,7.559506237794833e-23,7.572353290862512e-23,7.589934931321508e-23
3.6410705352676334,340.5157829245037,7.512951255504051e-23,7.526370794999046e-23,7.544826028470212e-23
3.643071535767884,340.3287505686234,7.466425849377454e-23,7.480411108754075e-23,7.499730005304581e-23
3.645072536268134,340.14192355945926,7.41993297213546e-23,7.434477172822967e-23,7.454649779088677e-23
3.6470735367683846,339.9553015590151,7.373475557851459e-23,7.388571910432903e-23,7.409588251386073e-23
3.649074537268634,339.7688842300363,7.327056537914748e-23,7.342698242985883e-23,7.364548323229847e-23
3.651075537768884,339.5826712360074,7.28067885583497e-23,7.296859104575082e-23,7.319532909213022e-23
3.6530765382691346,339.39666224115024,7.234345480193912e-23,7.251057454692699e-23,7.27454494983558e-23
3.655077538769384,339.21085691042225,7.188059415128884e-23,7.205296288523312e-23,7.229587421516768e-23
3.6570785392696346,339.0252549095137,7.14182370784182e-23,7.159578644323934e-23,7.184663343784371e-23
3.659079539769885,338.8398559048465,7.095641452763157e-23,7.113907607523785e-23,7.139775783279903e-23
3.6610805402701354,338.6546595635717,7.049515792153517e-23,7.06828631132757e-23,7.094927854364724e-23
3.663081540770385,338.4696655535678,7.003449913092627e-23,7.022717933769311e-23,7.050122716270704e-23
3.6650825412706354,338.28487354343815,6.95744704097445e-23,6.977205691330364e-23,7.005363566901274e-23
3.6670835417708854,338.10028320251007,6.911510429793205e-23,6.931752829398443e-23,6.960653633548062e-23
3.669084542271135,337.9158942008317,6.8656433496568e-23,6.886362609994134e-23,6.915996160934871e-23
3.6710855427713853,337.7317062091708,6.819849072096826e-23,6.841038297322437e-23,6.871394397129406e-23
3.6730865432716358,337.5477188990126,6.774130853849059e-23,6.795783141810786e-23,6.826851577965601e-23
3.675087543771886,337.36393194255766,6.72849191985039e-23,6.750600363366465e-23,6.782370910690295e-23
3.6770885442721357,337.18034501272024,6.682935446234666e-23,6.705493134623281e-23,6.737955557585302e-23
3.679089544772386,336.99695778312594,6.637464544107336e-23,6.660464564945544e-23,6.693608620315224e-23
3.681090545272636,336.81376992811033,6.592082244838967e-23,6.615517685918914e-23,6.649333125714882e-23
3.6830915457728857,336.63078112271654,6.546791487540773e-23,6.570655438982621e-23,6.605132013657873e-23
3.685092546273136,336.4479910426933,6.501595109277434e-23,6.525880665751825e-23,6.561008127545152e-23
3.6870935467733865,336.2653993644936,6.456495838437712e-23,6.481196101446588e-23,6.516964207823863e-23
3.689094547273637,336.08300576527216,6.411496291528938e-23,6.436604371692028e-23,6.473002888798665e-23
3.6910955477738874,335.900809922884,6.366598973496673e-23,6.39210799279207e-23,6.429126698839358e-23
3.693096548274137,335.7188115158821,6.321806281502353e-23,6.347709375413214e-23,6.385338063926432e-23
3.695097548774387,335.5370102235159,6.277120511929594e-23,6.303410831454735e-23,6.341639314319504e-23
3.6970985492746373,335.35540572572893,6.232543870241533e-23,6.259214583735409e-23,6.29803269399006e-23
3.699099549774887,335.1739977031578,6.188078483183865e-23,6.215122778000479e-23,6.254520372335744e-23
3.7011005502751373,334.99278583712913,6.143726412728184e-23,6.17113749665344e-23,6.211104457595643e-23
3.7031015507753877,334.81176980965887,6.099489671081499e-23,6.127260773548771e-23,6.16778701131805e-23
3.705102551275638,334.6309493034496,6.055370236052504e-23,6.083494609146174e-23,6.12457006319634e-23
3.7071035517758877,334.4503240018892,6.011370066065973e-23,6.039840985326952e-23,6.081455625587391e-23
3.7091045522761377,334.2698935890485,5.967491114150516e-23,5.996301879205594e-23,6.038445707057632e-23
3.711105552776388,334.0896577496798,5.923735340291275e-23,5.952879275334483e-23,5.995542324364161e-23
3.7131065532766376,333.90961616921527,5.880104721631828e-23,5.909575175790326e-23,5.952747512366187e-23
3.715107553776889,333.7297685337642,5.836601260125521e-23,5.866391607744818e-23,5.910063331473024e-23
3.7171085542771385,333.55011453011235,5.793226987367959e-23,5.823330628251601e-23,5.867491872361304e-23
3.719109554777389,333.37065384571923,5.749983966482084e-23,5.780394326119327e-23,5.82503525782895e-23
3.7211105552776385,333.1913861687168,5.706874291071331e-23,5.737584820883026e-23,5.782695641793501e-23
3.7231115557778884,333.0123111879073,5.66390008139234e-23,5.694904259020671e-23,5.740475205574852e-23
3.725112556278139,332.8334285927617,5.621063478026073e-23,5.652354807688205e-23,5.698376151727474e-23
3.7271135567783884,332.65473807341795,5.578366633433911e-23,5.60993864635343e-23,5.656400695793352e-23
3.7291145572786397,332.4762393206787,5.535811701871864e-23,5.567657956795603e-23,5.614551056433084e-23
3.7311155577788893,332.2979320260106,5.493400828196683e-23,5.52551491199836e-23,5.572829444453419e-23
3.7331165582791397,332.119815881541,5.451136136128559e-23,5.483511664495079e-23,5.531238051281969e-23
3.7351175587793897,331.9418905800576,5.409019716539764e-23,5.441650334731231e-23,5.489779037446114e-23
3.7371185592796397,331.76415581500567,5.367053616311714e-23,5.399932999982405e-23,5.448454521588966e-23
3.7391195597798896,331.586611280487,5.325239828252815e-23,5.358361684317724e-23,5.407266570507781e-23
3.74112056028014,331.4092566712576,5.2835802824953577e-23,5.316938350025526e-23,5.36621719062922e-23
3.7431215607803896,331.2320916827264,5.242076839697925e-23,5.275664890827549e-23,5.325308321247106e-23
3.74512256128064,331.05511601095304,5.200731286276126e-23,5.234543127105422e-23,5.2845418297475355e-23
3.7471235617808905,330.8783293526467,5.159545331774134e-23,5.193574803253945e-23,5.2439195089385667e-23
3.749124562281141,330.70173140516374,5.1185206083783804e-23,5.152761587165354e-23,5.203443076492676e-23
3.7511255627813904,330.52532186650666,5.077658672470005e-23,5.1121050717446587e-23,5.1631141764071564e-23
3.7531265632816404,330.3491004353216,5.036961008018093e-23,5.0716067782619204e-23,5.1229343822939584e-23
3.755127563781891,330.1730668108972,4.996429031536793e-23,5.031268161268475e-23,5.0829052022318526e-23
3.7571285642821404,329.99722069316294,4.9560640982689574e-23,4.991090614743381e-23,5.0430280848527874e-23
3.7591295647823917,329.82156178268673,4.915867509219481e-23,4.951075479096466e-23,5.0033044262937084e-23
3.7611305652826412,329.64608978067434,4.875840518644407e-23,4.911224048636372e-23,4.963735577626085e-23
3.7631315657828917,329.47080438896637,4.8359843416045856e-23,4.871537579113827e-23,4.924322852375781e-23
3.765132566283141,329.2957053100379,4.796300161218256e-23,4.832017294974806e-23,4.885067533768778e-23
3.767133566783391,329.12079224699556,4.7567891352866335e-23,4.792664395996835e-23,4.845970881375134e-23
3.7691345672836416,328.9460649035769,4.717452402023842e-23,4.753480063037855e-23,4.8070341368781225e-23
3.771135567783891,328.7715229841481,4.678291084687669e-23,4.714465462691228e-23,4.7682585287581847e-23
3.7731365682841425,328.5971661937023,4.639306294980766e-23,4.6756217507128944e-23,4.7296452757526605e-23
3.775137568784392,328.42299423785863,4.600499135166631e-23,4.6369500741609e-23,4.6911955890256874e-23
3.7771385692846424,328.24900682285937,4.56187069891643e-23,4.5984515722591463e-23,4.652910673054087e-23
3.7791395697848924,328.0752036555695,4.523422070970838e-23,4.5601273760654923e-23,4.614791725303505e-23
3.781140570285142,327.9015844434743,4.4851543257574e-23,4.521978607081193e-23,4.5768399348266794e-23
3.7831415707853924,327.7281488946777,4.4470685251506854e-23,4.484006374986251e-23,4.539056479964376e-23
3.785142571285643,327.5548967179013,4.409165715594679e-23,4.44621177471845e-23,4.501442525364215e-23
3.7871435717858932,327.381827622482,4.3714469248241297e-23,4.408595883132308e-23,4.463999218552756e-23
3.7891445722861428,327.2089413183709,4.3339131584246816e-23,4.3711597554785647e-23,4.4267276863023587e-23
3.791145572786393,327.0362375161311,4.2965653964596986e-23,4.3339044219341367e-23,4.389629031025472e-23
3.793146573286643,326.863715926937,4.2594045903675317e-23,4.2968308843894813e-23,4.352704327407624e-23
3.795147573786893,326.6913762625717,4.2224316602970995e-23,4.2599401136654154e-23,4.315954619456961e-23
3.797148574287143,326.51921823542585,4.1856474930067455e-23,4.2232330472892887e-23,4.279380918107119e-23
3.7991495747873936,326.34724155849625,4.1490529404028094e-23,4.186710587912421e-23,4.242984199463011e-23
3.801150575287643,326.175445945384,4.112648818743803e-23,4.150373602400361e-23,4.2067654037291075e-23
3.8031515757878944,326.0038311102926,4.076435908487926e-23,4.1142229215792965e-23,4.1707254348114804e-23
3.805152576288144,325.8323967680273,4.0404149547178353e-23,4.078259340577761e-23,4.134865160540227e-23
3.8071535767883944,325.6611426339925,4.0045866680394085e-23,4.042483619664927e-23,4.099185413420116e-23
3.8091545772886444,325.49006842419067,3.968951725825447e-23,4.006896485460048e-23,4.063686991789331e-23
3.811155577788894,325.31917385522087,3.9335107736580315e-23,3.9714986323692705e-23,4.028370661246191e-23
3.8131565782891443,325.1484586442768,3.898264426819508e-23,3.93629072410093e-23,3.993237156196802e-23
3.815157578789394,324.9779225091458,3.863213271688796e-23,3.9012733951157365e-23,3.958287181379792e-23
3.817158579289645,324.8075651682065,3.8283578669164995e-23,3.866447251883515e-23,3.923521413237396e-23
3.8191595797898947,324.6373863404283,3.793698744279175e-23,3.831812873843599e-23,3.8889405010254275e-23
3.821160580290145,324.4673857453688,3.759236409144559e-23,3.797370813995968e-23,3.8545450675826645e-23
3.823161580790395,324.29756310317305,3.7249713405176753e-23,3.763121599087187e-23,3.820335709715357e-23
3.8251625812906447,324.1279181345714,3.690903990674618e-23,3.72906572939109e-23,3.78631299818703e-23
3.827163581790895,323.95845056087836,3.657034784428492e-23,3.695203678121226e-23,3.7524774773398976e-23
3.8291645822911455,323.7891601039911,3.6233641181050217e-23,3.661535890544849e-23,3.7188296644065544e-23
3.831165582791396,323.62004648638765,3.589892358332271e-23,3.628062782895346e-23,3.685370048597909e-23
3.8331665832916455,323.4511094311256,3.5566198407690294e-23,3.5947847412006394e-23,3.6520990900747736e-23
3.835167583791896,323.28234866184044,3.523546868906907e-23,3.561702120156607e-23,3.6190172189234286e-23
3.837168584292146,323.11376390274427,3.490673713083018e-23,3.5288152421776734e-23,3.5861248342604186e-23
3.8391695847923955,322.9453548786241,3.4580006098316727e-23,3.4961243967498997e-23,3.553422303587371e-23
3.841170585292646,322.77712131484014,3.425527761686824e-23,3.463629840196979e-23,3.520909962504257e-23
3.8431715857928963,322.60906293732506,3.393255337522183e-23,3.431331795946622e-23,3.488588114869277e-23
3.8451725862931467,322.4411794725818,3.361183473483994e-23,3.3992304553547066e-23,3.456457033466181e-23
3.847173586793397,322.27347064768213,3.3293122745359866e-23,3.3673259791109e-23,3.4245169612085947e-23
3.8491745872936467,322.10593619026577,3.2976418165969194e-23,3.335618499211783e-23,3.392768112875554e-23
3.8511755877938967,321.93857582853803,3.266172149212297e-23,3.304108121450034e-23,3.3612106773366575e-23
3.853176588294147,321.77138929126903,3.2349032986651525e-23,3.272794928332319e-23,3.3298448201907296e-23
3.8551775887943966,321.60437630779217,3.203835271397684e-23,3.2416789823060015e-23,3.298670686710031e-23
3.857178589294647,321.43753660800206,3.172968057589721e-23,3.2107603291490765e-23,3.267688404956562e-23
3.8591795897948966,321.27086992235405,3.14230163472184e-23,3.1800390013592746e-23,3.236898088918147e-23
3.861180590295148,321.1043759818617,3.1118359709418923e-23,3.1495150213685715e-23,3.206299841501357e-23
3.8631815907953975,320.93805451809646,3.0815710280561007e-23,3.119188404410774e-23,3.1758937572183775e-23
3.8651825912956475,320.77190526318515,3.0515067639770485e-23,3.08905916087969e-23,3.1456799244129464e-23
3.867183591795898,320.6059279498092,3.021643134484232e-23,3.059127298037256e-23,3.1156584268901713e-23
3.8691845922961474,320.4401223112031,2.991980094183084e-23,3.029392820959565e-23,3.0858293448412354e-23
3.871185592796398,320.2744880811527,2.9625175965877127e-23,2.999855732646262e-23,3.0561927549889304e-23
3.8731865932966483,320.1090249939942,2.9332555932966203e-23,2.9705160332610104e-23,3.026748729919647e-23
3.8751875937968987,319.94373278461234,2.9041940322772395e-23,2.941373718515615e-23,2.997497336609721e-23
3.8771885942971482,319.77861118843947,2.875332855322852e-23,2.9124287772564157e-23,2.968438634197808e-23
3.8791895947973987,319.6136599414533,2.8466719947898284e-23,2.883681188354638e-23,2.939572671095933e-23
3.8811905952976486,319.4488787801766,2.8182113697633563e-23,2.855130917041477e-23,2.9108994815693144e-23
3.883191595797898,319.2842674416748,2.7899508818320216e-23,2.826777910860099e-23,2.882419081945366e-23
3.8851925962981486,319.11982566355505,2.761890410675524e-23,2.798622095430363e-23,2.8541314666352865e-23
3.887193596798399,318.955553183965,2.734029809683112e-23,2.77066337023534e-23,2.8260366041649816e-23
3.8891945972986495,318.79144974159107,2.7063689018222536e-23,2.742901604641161e-23,2.798134433415155e-23
3.8911955977989,318.6275150756572,2.678907475968528e-23,2.7153366343540395e-23,2.7704248602639844e-23
3.8931965982991494,318.46374892592354,2.6516452838880845e-23,2.6879682584999014e-23,2.742907754809113e-23
3.8951975987993994,318.30015103268477,2.624582038034774e-23,2.660796237484316e-23,2.7155829493201626e-23
3.89719859929965,318.1367211367691,2.5977174102870438e-23,2.6338202917551534e-23,2.688450237040169e-23
3.8991995997998994,317.9734589795369,2.571051031705839e-23,2.607040101548313e-23,2.66150937191494e-23
3.90120060030015,317.8103643028788,2.5445824933472718e-23,2.5804553076512726e-23,2.634760069286348e-23
3.9032016008004002,317.64743684921496,2.5183113481143998e-23,2.5540655131714928e-23,2.6082020075404523e-23
3.9052026013006507,317.4846763614936,2.492237113583163e-23,2.5278702862489816e-23,2.5818348306558213e-23
3.9072036018009,317.3220825831893,2.4663592756917744e-23,2.501869163607901e-23,2.5556581515549678e-23
3.90920460230115,317.1596552583019,2.4406772931415903e-23,2.4760616548018033e-23,2.5296715561229416e-23
3.9112056028014006,316.9973941313551,2.4151906023237424e-23,2.450447246974004e-23,2.5038746077250426e-23
3.91320660330165,316.83529894739536,2.3898986225601674e-23,2.4250254099292642e-23,2.4782668520307119e-23
3.9152076038019006,316.67336945199,2.364800761432679e-23,2.3997956012978807e-23,2.4528478219355537e-23
3.917208604302151,316.5116053912266,2.339896419969033e-23,2.3747572715682152e-23,2.427617042367809e-23
3.9192096048024014,316.350006511711,2.315184997461266e-23,2.3499098687693027e-23,2.4025740347702524e-23
3.921210605302651,316.18857256056646,2.2906658957090738e-23,2.325252842601719e-23,2.3777183210636414e-23
3.923211605802901,316.02730328543197,2.2663385225080438e-23,2.3007856478407523e-23,2.353049426922054e-23
3.9252126063031514,315.86619843446124,2.242202294238693e-23,2.276507746870725e-23,2.3285668842233364e-23
3.927213606803401,315.7052577563213,2.2182566374547353e-23,2.25241861125035e-23,2.3042702325768527e-23
3.9292146073036522,315.5444810001909,2.194500989416744e-23,2.2285177222552867e-23,2.2801590198748673e-23
3.931215607803902,315.38386791576,2.170934797567279e-23,2.2048045703924824e-23,2.2562328018602205e-23
3.933216608304152,315.2234182532273,2.147557517992634e-23,2.1812786539286517e-23,2.232491140748681e-23
3.935217608804402,315.0631317633,2.1243686129640178e-23,2.1579394765216345e-23,2.2089336029889844e-23
3.937218609304652,314.90300819719204,2.1013675476920597e-23,2.1347865440834785e-23,2.1855597562821265e-23
3.939219609804902,314.74304730662266,2.0785537864637543e-23,2.1118193610385206e-23,2.1623691660147733e-23
3.9412206103051526,314.5832488438154,2.0559267883570245e-23,2.0890374261653582e-23,2.1393613912865323e-23
3.943221610805402,314.423612561497,2.033486002744176e-23,2.0664402282275324e-23,2.116535980726506e-23
3.9452226113056525,314.26413821289543,2.0112308648017333e-23,2.0440272416041476e-23,2.0938924683011572e-23
3.947223611805903,314.1048255517394,1.9891607912397503e-23,2.0217979221277465e-23,2.0714303693123175e-23
3.9492246123061534,313.9456743322566,1.9672751764492146e-23,1.9997517033230618e-23,2.0491491767715704e-23
3.951225612806403,313.78668430917264,1.9455733892431967e-23,1.977887993218342e-23,2.0270483583167945e-23
3.953226613306653,313.6278552377096,1.92405477033643e-23,1.956206171871165e-23,2.0051273538086184e-23
3.9552276138069034,313.469186873585,1.9027186306714754e-23,1.934705589715445e-23,1.983385573711217e-23
3.957228614307153,313.31067897301057,1.8815642506585202e-23,1.9133855667965804e-23,1.961822398324072e-23
3.9592296148074033,313.15233129269063,1.8605908803531376e-23,1.892245392920241e-23,1.9404371778917694e-23
3.9612306153076537,312.9941435898213,1.8397977405532968e-23,1.871284328698452e-23,1.9192292335787555e-23
3.963231615807904,312.8361156220889,1.8191840247553476e-23,1.8505016074360615e-23,1.8981978592568866e-23
3.9652326163081537,312.6782471476692,1.7987489018714048e-23,1.8298964377641546e-23,1.8773423240182347e-23
3.9672336168084037,312.5205379252254,1.7784915195779438e-23,1.809468006894896e-23,1.856661875294307e-23
3.969234617308654,312.3629877139076,1.7584110081397955e-23,1.7892154843469566e-23,1.8361557424379465e-23
3.9712356178089037,312.20559627335143,1.7385064845354226e-23,1.7691380259723422e-23,1.8158231406059188e-23
3.973236618309155,312.04836336367634,1.7187770566998218e-23,1.7492347781057435e-23,1.7956632747701705e-23
3.9752376188094045,311.89128874548544,1.699221827700478e-23,1.7295048816561236e-23,1.7756753436837928e-23
3.977238619309655,311.7343721798629,1.6798398996690267e-23,1.7099474759668986e-23,1.755858543633483e-23
3.979239619809905,311.57761342837387,1.660630377327787e-23,1.6905617022868076e-23,1.7362120718250032e-23
3.9812406203101545,311.42101225306277,1.641592370972686e-23,1.6713467067150586e-23,1.716735129268378e-23
3.983241620810405,311.2645684164521,1.6227249988036554e-23,1.6523016425129657e-23,1.697426923056899e-23
3.9852426213106553,311.1082816815414,1.604027388527045e-23,1.6334256717067924e-23,1.67828666796513e-23
3.9872436218109057,310.952151811806,1.5854986781906935e-23,1.614717965941688e-23,1.659313587324893e-23
3.9892446223111553,310.7961785711957,1.567138016249646e-23,1.596177706583023e-23,1.6405069131733576e-23
3.9912456228114057,310.6403617241336,1.548944560896372e-23,1.5778040840965354e-23,1.6218658857012668e-23
3.9932466233116557,310.4847010355152,1.530917478722715e-23,1.5595962967713866e-23,1.6033897520610237e-23
3.9952476238119057,310.3291962707068,1.5130559428094084e-23,1.5415535488783267e-23,1.585077764621684e-23
3.9972486243121557,310.17384719554474,1.4953591303622676e-23,1.5236750483781253e-23,1.5669291787803713e-23
3.999249624812406,310.0186535763337,1.4778262200306304e-23,1.505960004311805e-23,1.5489432504558108e-23
4.001250625312656,309.86361517984625,1.4604563890527905e-23,1.488407624013475e-23,1.5311192333990593e-23
4.003251625812906,309.70873177332084,1.4432488103753368e-23,1.471017110289086e-23,1.513456376459493e-23
4.0052526263131565,309.55400312446136,1.4262026498882843e-23,1.453787658699922e-23,1.4959539209403366e-23
4.007253626813407,309.3994290014356,1.4093170639061758e-23,1.436718455078632e-23,1.478611098167984e-23
4.0092546273136564,309.2450091728742,1.3925911970084497e-23,1.4198086733895484e-23,1.461427127384488e-23
4.011255627813907,309.0907434078693,1.3760241803305162e-23,1.4030574740240733e-23,1.444401214052894e-23
4.013256628314156,308.93663147597385,1.359615130372185e-23,1.386464002598019e-23,1.427532548642504e-23
4.015257628814407,308.7826731471999,1.3433631483628623e-23,1.3700273892914356e-23,1.4108203059360538e-23
4.017258629314657,308.62886819201793,1.327267320195541e-23,1.3537467487448276e-23,1.3942636448752733e-23
4.019259629814908,308.4752163813554,1.3113267169142207e-23,1.3376211804989213e-23,1.3778617089354626e-23
4.021260630315157,308.3217174865958,1.2955403957141531e-23,1.3216497699403644e-23,1.3616136269956453e-23
4.023261630815408,308.16837127957723,1.279907401391866e-23,1.3058315896935841e-23,1.345518514649102e-23
4.025262631315657,308.01517753259185,1.2644267681631353e-23,1.2901657013803365e-23,1.329575475880565e-23
4.027263631815908,307.862136018384,1.2490975217527333e-23,1.2746511576540536e-23,1.313783605021797e-23
4.029264632316158,307.70924651014957,1.2339186816509213e-23,1.2592870044069704e-23,1.2981419888878356e-23
4.0312656328164085,307.556508781535,1.2188892634275393e-23,1.24407228304351e-23,1.2826497089911234e-23
4.033266633316658,307.40392260663566,1.2040082809964155e-23,1.2290060327147538e-23,1.2673058437314103e-23
4.0352676338169085,307.25148775999503,1.1892747487295217e-23,1.2140872924149463e-23,1.2521094704646076e-23
4.037268634317158,307.0992040166037,1.1746876833320867e-23,1.1993151028521141e-23,1.2370596673640258e-23
4.039269634817408,306.94707115189794,1.1602461054053246e-23,1.1846885080196568e-23,1.2221555150012661e-23
4.041270635317659,306.795088941759,1.1459490406425964e-23,1.1702065564142722e-23,1.2073960975916122e-23
4.043271635817909,306.64325716251153,1.1317955206254675e-23,1.1558683018655684e-23,1.1927805038678591e-23
4.045272636318159,306.49157559092316,1.1177845832082143e-23,1.1416728039642413e-23,1.1783078275672102e-23
4.047273636818409,306.3400440042024,1.1039152725006475e-23,1.1276191280964861e-23,1.1639771675359196e-23
4.049274637318659,306.1886621799988,1.0901866384795708e-23,1.1137063451123756e-23,1.149787627475837e-23
4.051275637818909,306.03742989640057,1.0765977362764081e-23,1.0999335306728416e-23,1.1357383153734653e-23
4.05327663831916,305.88634693193455,1.0631476252032417e-23,1.0862997643344788e-23,1.121828342666497e-23
4.05527763881941,305.7354130655646,1.0498353675895137e-23,1.0728041284413971e-23,1.1080568232127638e-23
4.05727863931966,305.5846280766907,1.036660027507943e-23,1.0594457068997989e-23,1.094422872133211e-23
4.059279639819909,305.43399174514764,1.0236206694696385e-23,1.0462235839127278e-23,1.0809256046026813e-23
4.06128064032016,305.28350385120405,1.0107163571659327e-23,1.0331368427504186e-23,1.0675641346609435e-23
4.06328164082041,305.1331641755617,9.979461523278926e-24,1.0201845646257088e-23,1.0543375741112357e-23
4.06528264132066,304.98297249935393,9.853091137646878e-24,1.007365827734858e-23,1.041245031565437e-23
4.067283641820911,304.83292860414485,9.72804296629685e-24,9.946797065125438e-24,1.0282856116844319e-23
4.06928464232116,304.6830322719282,9.60430751948845e-24,9.821252711362264e-24,1.0154584146496889e-23
4.07128564282141,304.5332832851263,9.481875264306965e-24,9.697015873004721e-24,1.002762535888458e-23
4.07328664332166,304.3836814265889,9.360736625617282e-24,9.574077162669981e-24,9.901970660610231e-24
4.075287643821911,304.23422647959245,9.240881989758195e-24,9.452427151814687e-24,9.777610913044267e-24
4.077288644322161,304.0849182278387,9.12230171072503e-24,9.332056376346134e-24,9.654536937140994e-24
4.079289644822412,303.935756455454,9.00498611846628e-24,9.212955344331818e-24,9.532739520330657e-24
4.081290645322661,303.7867409469878,8.888925528821516e-24,9.09511454536468e-24,9.412209425086519e-24
4.083291645822911,303.637871487412,8.77411025455377e-24,8.978524461065981e-24,9.292937398689033e-24
4.085292646323161,303.48914786211964,8.660530616887903e-24,8.863175576163418e-24,9.174914183661533e-24
4.087293646823412,303.3405698569243,8.548176956953041e-24,8.74905838956514e-24,9.058130528329319e-24
4.089294647323662,303.19213725805855,8.437039646546626e-24,8.636163424864922e-24,8.942577196962536e-24
4.091295647823912,303.0438498521733,8.327109097687648e-24,8.524481239758658e-24,8.828244979000633e-24
4.093296648324162,302.8957074263367,8.218375770502664e-24,8.414002433922653e-24,8.715124696918677e-24
4.0952976488244115,302.7477097680328,8.110830179088976e-24,8.304717654999202e-24,8.603207212382944e-24
4.097298649324662,302.59985666516087,8.004462895117625e-24,8.1966176024475e-24,8.492483430447609e-24
4.099299649824912,302.4521479060345,7.89926454906821e-24,8.089693029141786e-24,8.382944301660791e-24
4.101300650325163,302.3045832793803,7.795225829120314e-24,7.983934740726462e-24,8.274580822068803e-24
4.103301650825412,302.1571625743371,7.69233747785749e-24,7.879333592864608e-24,8.167384031228127e-24
4.105302651325663,302.0098855804545,7.590590287055917e-24,7.775880486628925e-24,8.061345008441733e-24
4.107303651825912,301.8627520876926,7.489975090933589e-24,7.673566362385125e-24,7.956454867533737e-24
4.109304652326163,301.71576188642035,7.39048275830971e-24,7.57238219259003e-24,7.852704750545951e-24
4.111305652826413,301.568914767415,7.292104184177663e-24,7.472318973979939e-24,7.750085820792613e-24
4.113306653326664,301.42221052186073,7.19483028121324e-24,7.373367719643984e-24,7.648589255729869e-24
4.115307653826913,301.2756489413481,7.098651971733689e-24,7.275519451473346e-24,7.548206240095654e-24
4.1173086543271635,301.12922981787256,7.003560180585895e-24,7.178765193443299e-24,7.448927959746728e-24
4.119309654827413,300.9829529438339,6.90954582938297e-24,7.083095966130725e-24,7.350745596571665e-24
4.1213106553276635,300.83681811203496,6.816599832426483e-24,6.988502782793032e-24,7.253650324789686e-24
4.123311655827914,300.6908251156809,6.724713094558557e-24,6.894976647247556e-24,7.157633308867131e-24
4.125312656328164,300.5449737483781,6.633876511081235e-24,6.802508553690012e-24,7.062685703191718e-24
4.127313656828414,300.39926380413306,6.544080969773918e-24,6.711089488490127e-24,6.968798653553369e-24
4.129314657328664,300.2536950773517,6.4553173549320866e-24,6.620710433900786e-24,6.875963300386453e-24
4.131315657828914,300.1082673628383,6.367576553251109e-24,6.5313623735224996e-24,6.78417078364101e-24
4.133316658329164,299.96298045579425,6.280849461287569e-24,6.4430362992774464e-24,6.693412249068142e-24
4.135317658829415,299.8178341518176,6.195126994158034e-24,6.3557232195775986e-24,6.6036788556388414e-24
4.137318659329665,299.6728282469016,6.110400095072708e-24,6.269414168310126e-24,6.514961783755877e-24
4.139319659829915,299.5279625374343,6.026659745265788e-24,6.1841002142277775e-24,6.427252243882889e-24
4.141320660330165,299.3832368201969,5.943896973862944e-24,6.0997724703093575e-24,6.340541485190512e-24
4.143321660830415,299.2386508923634,5.8621028672308904e-24,6.016422102657721e-24,6.254820803818498e-24
4.145322661330665,299.09420455149944,5.781268577376874e-24,5.934040338522507e-24,6.1700815503682626e-24
4.1473236618309155,298.94989759556114,5.701385329012218e-24,5.8526184730774384e-24,6.086315136277696e-24
4.149324662331166,298.80572982289465,5.622444424956902e-24,5.772147874640621e-24,6.0035130387828095e-24
4.1513256628314155,298.66170103223476,5.544437249642769e-24,5.692619988102471e-24,5.921666804240814e-24
4.153326663331665,298.51781102270405,5.467355270565283e-24,5.614026336413624e-24,5.8407680496705214e-24
4.155327663831915,298.3740595938121,5.391190037634676e-24,5.536358520081485e-24,5.7608084624559715e-24
4.157328664332166,298.2304465454545,5.315933180479902e-24,5.459608214722369e-24,5.681779798251173e-24
4.159329664832416,298.08697167791206,5.241576403860077e-24,5.383767166813131e-24,5.60367387721503e-24
4.161330665332667,297.94363479184943,5.1681114814299696e-24,5.308827187874506e-24,5.526482578788495e-24
4.163331665832916,297.8004356883148,5.095530248185433e-24,5.234780147394381e-24,5.4501978352973635e-24
4.165332666333166,297.6573741687384,5.0238245919758694e-24,5.161617964858061e-24,5.374811624719407e-24
4.167333666833416,297.5144500349319,4.952986444511887e-24,5.089332601291867e-24,5.300315962991243e-24
4.169334667333667,297.3716630890875,4.883007772314161e-24,5.017916050743647e-24,5.226702896246594e-24
4.171335667833917,297.229013133777,4.813880568045054e-24,4.947360332119588e-24,5.153964493373689e-24
4.1733366683341675,297.0864999719508,4.74559684263785e-24,4.877657481771444e-24,5.082092839256302e-24
4.175337668834417,296.944123406937,4.678148618593023e-24,4.808799547185294e-24,5.0110800290233256e-24
4.177338669334667,296.8018832424406,4.611527924747298e-24,4.740778582062575e-24,4.940918163576243e-24
4.179339669834917,296.65977928254233,4.5457267927481786e-24,4.673586643015224e-24,4.8715993466008206e-24
4.181340670335167,296.5178113316983,4.480737255382488e-24,4.6072157880171684e-24,4.8031156831963136e-24
4.183341670835418,296.37597919473836,4.416551346820945e-24,4.541658076672696e-24,4.7354592801806924e-24
4.185342671335668,296.23428267686603,4.353161104754903e-24,4.476905572281139e-24,4.668622248056082e-24
4.187343671835918,296.0927215836569,4.290558574317894e-24,4.412950345598141e-24,4.60259670454566e-24
4.189344672336167,295.951295721058,4.2287358136084255e-24,4.349784480121418e-24,4.537374779546259e-24
4.191345672836418,295.810004895387,4.167684900565357e-24,4.287400078666859e-24,4.472948621283115e-24
4.193346673336668,295.6688489133313,4.107397940891387e-24,4.225789270947093e-24,4.409310403402443e-24
4.195347673836919,295.5278275819471,4.047867076678649e-24,4.164944221824387e-24,4.3464523326988486e-24
4.197348674337168,295.3869407086586,3.9890844953655596e-24,4.10485713988522e-24,4.28436665715059e-24
4.199349674837419,295.24618810125673,3.931042438641335e-24,4.045520285970626e-24,4.2230456739215875e-24
4.201350675337668,295.10556956789907,3.8737332109216154e-24,3.986925981302322e-24,4.162481736993479e-24
4.203351675837919,294.965084917108,3.8171491870388414e-24,3.9290666148630015e-24,4.102667264106835e-24
4.205352676338169,294.8247339577708,3.7612828188298846e-24,3.871934649725927e-24,4.0435947427244675e-24
4.207353676838419,294.68451649913794,3.7061266403532616e-24,3.815522628076232e-24,3.985256734773503e-24
4.209354677338669,294.544432350823,3.651673271533349e-24,3.759823174728608e-24,3.927645879981447e-24
4.211355677838919,294.40448132280096,3.597915420101218e-24,3.70482899901546e-24,3.8707548976867066e-24
4.213356678339169,294.2646632254082,3.544845881781274e-24,3.6505328949959836e-24,3.814576587076322e-24
4.215357678839419,294.1249778693408,3.4924575387528104e-24,3.596927740013642e-24,3.759103825876302e-24
4.21735867933967,293.98542506565445,3.4407433564951015e-24,3.5440064917059245e-24,3.704329567592124e-24
4.21935967983992,293.8460046257632,3.38969637919531e-24,3.4917621836381235e-24,3.650246837460737e-24
4.22136068034017,293.7067163614386,3.3393097239607774e-24,3.44018791979251e-24,3.596848727331246e-24
4.22336168084042,293.567560084809,3.2895765741252502e-24,3.389276868190195e-24,3.5441283897342196e-24
4.22536268134067,293.4285356083585,3.2404901719711505e-24,3.3390222539537186e-24,3.4920790314278344e-24
4.22736368184092,293.2896427449263,3.192043811205418e-24,3.2894173521329784e-24,3.440693906722151e-24
4.229364682341171,293.15088130770596,3.1442308295267176e-24,3.2404554806170375e-24,3.389966310882389e-24
4.231365682841421,293.0122511102441,3.097044601604073e-24,3.192129993437216e-24,3.339889573895617e-24
4.2333666833416705,292.8737519664402,3.0504785327576466e-24,3.144434274738859e-24,3.2904570548592795e-24
4.235367683841921,292.73538369054506,3.0045260535899766e-24,3.097361733658805e-24,3.241662137212445e-24
4.2373686843421705,292.59714609716076,2.9591806157659596e-24,3.0509058002981746e-24,3.1934982249871083e-24
4.239369684842421,292.45903900123903,2.9144356890830745e-24,3.005059922926298e-24,3.1459587402073183e-24
4.241370685342671,292.321062218081,2.8702847599148085e-24,2.9598175664962647e-24,3.099037121513149e-24
4.243371685842922,292.18321556333626,2.8267213310496913e-24,2.915172212495141e-24,3.0527268240335427e-24
4.245372686343171,292.04549885300185,2.7837389228906847e-24,2.8711173600971736e-24,3.0070213204814257e-24
4.247373686843421,291.9079119034215,2.74133107592477e-24,2.8276465285358834e-24,2.9619141033955452e-24
4.249374687343671,291.77045453128494,2.6994913543234527e-24,2.784753260563833e-24,2.9173986884091606e-24
4.251375687843922,291.6331265536271,2.658213350491952e-24,2.742431126827343e-24,2.8734686183861067e-24
4.253376688344172,291.4959277878271,2.617490690349367e-24,2.7006737309487988e-24,2.830117468231257e-24
4.255377688844423,291.35885805160757,2.5773170390970542e-24,2.6594747150844912e-24,2.7873388501581627e-24
4.257378689344672,291.2219171630339,2.5376861072160216e-24,2.618827765709367e-24,2.745126419179847e-24
4.259379689844922,291.0851049405133,2.4985916564290495e-24,2.5787266193744638e-24,2.7034738785824683e-24
4.261380690345172,290.94842120279395,2.4600275053701e-24,2.5391650681888688e-24,2.6623749851465212e-24
4.2633816908454225,290.8118657689645,2.4219875347208082e-24,2.5001369647941882e-24,2.6218235538950583e-24
4.265382691345673,290.675438458453,2.384465691602612e-24,2.4616362266270687e-24,2.581813462174253e-24
4.267383691845923,290.53913909102624,2.3474559930513762e-24,2.4236568393021513e-24,2.5423386529066453e-24
4.269384692346173,290.4029674867889,2.310952528447403e-24,2.3861928589923158e-24,2.5033931368996968e-24
4.271385692846422,290.2669234661826,2.2749494608247406e-24,2.3492384137323222e-24,2.464970994139168e-24
4.273386693346673,290.1310068499854,2.2394410270385e-24,2.3127877036249264e-24,2.4270663740472066e-24
4.275387693846923,289.9952174593108,2.204421536821544e-24,2.2768349999792182e-24,2.3896734947329313e-24
4.277388694347174,289.85955511560724,2.1698853708122752e-24,2.2413746434593532e-24,2.3527866413089348e-24
4.279389694847424,289.72401964065693,2.1358269776791513e-24,2.20640104136389e-24,2.316400163386435e-24
4.281390695347674,289.5886108565753,2.1022408705028224e-24,2.1719086641895334e-24,2.2805084718930158e-24
4.283391695847923,289.45332858581025,2.0691216226023635e-24,2.137892041657351e-24,2.2451060353791772e-24
4.285392696348174,289.3181726511411,2.0364638630071933e-24,2.104345758393759e-24,2.2101873759928646e-24
4.287393696848424,289.1831428756782,2.0042622717810906e-24,2.0712644494630215e-24,2.1757470653050802e-24
4.2893946973486745,289.0482390828619,1.9725115753990705e-24,2.038642795942608e-24,2.1417797201645627e-24
4.291395697848924,288.9134610964621,1.9412065423649303e-24,2.006475520720535e-24,2.1082799987484904e-24
4.2933966983491745,288.7788087405767,1.9103419792360386e-24,1.9747573846739166e-24,2.0752425969580893e-24
4.295397698849424,288.644281839632,1.8799127271966822e-24,1.9434831833643463e-24,2.0426622452869032e-24
4.2973986993496744,288.5098802183808,1.8499136592907818e-24,1.9126477443571705e-24,2.0105337062636503e-24
4.299399699849925,288.3756037019024,1.8203396783938414e-24,1.882245925242829e-24,1.978851772545672e-24
4.301400700350175,288.24145211560153,1.7911857159698026e-24,1.8522726124062216e-24,1.9476112657094792e-24
4.303401700850425,288.1074252852078,1.76244673162606e-24,1.822722720559437e-24,1.916807035756812e-24
4.305402701350675,287.9735230367745,1.7341177134468123e-24,1.7935911930216056e-24,1.8864339613250534e-24
4.307403701850925,287.8397451966785,1.706193679054362e-24,1.7648730027002676e-24,1.85648695056303e-24
4.309404702351175,287.70609159161876,1.6786696773188466e-24,1.7365631537002734e-24,1.8269609426058557e-24
4.311405702851426,287.5725620486163,1.6515407906119188e-24,1.708656683461786e-24,1.7978509095586203e-24
4.313406703351676,287.439156395013,1.624802137478459e-24,1.6811486653076747e-24,1.7691518588776064e-24
4.315407703851926,287.305874458471,1.5984488755848865e-24,1.6540342112650497e-24,1.7408588360221233e-24
4.317408704352176,287.17271606697176,1.5724762047928017e-24,1.6273084750156306e-24,1.7129669272396806e-24
4.319409704852426,287.0396810488158,1.5468793702047285e-24,1.600966654827354e-24,1.6854712623445394e-24
4.321410705352676,286.9067692326214,1.5216536650330846e-24,1.5750039963235154e-24,1.65836701735299e-24
4.3234117058529264,286.7739804473243,1.4967944331568341e-24,1.5494157949585212e-24,1.6316494168508259e-24
4.325412706353177,286.6413145221766,1.4722970712490412e-24,1.5241973980873914e-24,1.6053137359856401e-24
4.327413706853426,286.5087712867464,1.448157030384144e-24,1.499344206540904e-24,1.5793553020002459e-24
4.329414707353677,286.3763505709168,1.4243698170630946e-24,1.4748516756465856e-24,1.5537694952504214e-24
4.331415707853926,286.2440522048854,1.4009309936262693e-24,1.4507153156663315e-24,1.5285517496791456e-24
4.333416708354177,286.11187601916305,1.3778361780554808e-24,1.4269306916515221e-24,1.5036975527476575e-24
4.335417708854427,285.9798218445739,1.3550810431973714e-24,1.4034934227460759e-24,1.4792024448512973e-24
4.337418709354678,285.84788951225414,1.3326613154654723e-24,1.380399180991473e-24,1.4550620182695934e-24
4.339419709854927,285.7160788536515,1.3105727731007937e-24,1.3576436897090943e-24,1.4312719157196094e-24
4.341420710355177,285.5843897005243,1.2888112440855269e-24,1.3352227215488963e-24,1.4078278285936738e-24
4.343421710855427,285.452821884941,1.2673726038142758e-24,1.3131320963025442e-24,1.3847254949707347e-24
4.345422711355678,285.32137523927935,1.246252772630651e-24,1.2913676785822262e-24,1.3619606974932265e-24
4.347423711855928,285.1900495962257,1.2254477133354554e-24,1.2699253754648678e-24,1.3395292612000552e-24
4.3494247123561784,285.0588447887745,1.2049534287667484e-24,1.2488011341960619e-24,1.3174270514017201e-24
4.351425712856428,284.92776065022707,1.1847659595427945e-24,1.2279909400396332e-24,1.2956499716765232e-24
4.3534267133566775,284.7967970141914,1.1648813820467426e-24,1.2074908143477756e-24,1.2741939620575744e-24
4.355427713856928,284.66595371458106,1.1452958067186998e-24,1.1872968129148428e-24,1.2530549974703527e-24
4.357428714357178,284.53523058561507,1.1260053767055557e-24,1.1674050246639443e-24,1.2322290864685961e-24
4.359429714857429,284.40462746181646,1.1070062669034084e-24,1.1478115707012757e-24,1.2117122703038713e-24
4.361430715357679,284.27414417801225,1.0882946834108203e-24,1.1285126037576467e-24,1.1915006223502528e-24
4.363431715857929,284.1437805693322,1.0698668633942302e-24,1.1095043080206702e-24,1.1715902478907188e-24
4.365432716358178,284.0135364712084,1.0517190753495485e-24,1.09078289934448e-24,1.1519772842561617e-24
4.367433716858429,283.88341171937464,1.0338476197269554e-24,1.0723446258072991e-24,1.132657901291886e-24
4.369434717358679,283.75340614986544,1.0162488298699755e-24,1.0541857685715235e-24,1.1136283021111359e-24
4.37143571785893,283.6235195990158,9.989190732050322e-25,1.0363026429862684e-24,1.0948847240806194e-24
4.37343671835918,283.49375190346007,9.818547526062712e-25,1.0186915998609987e-24,1.0764234399717507e-24
4.37543771885943,283.36410290013146,9.650523078519488e-25,1.0013490268303733e-24,1.058240759202879e-24
4.377438719359679,283.23457242626137,9.485082170849387e-25,9.842713497266953e-25,1.0403330290940463e-24
4.3794397198599295,283.1051603193786,9.322189981909784e-25,9.674550338773548e-25,1.0226966360568017e-24
4.38144072036018,282.9758664173089,9.161812100144248e-25,9.508965852506502e-25,1.0053280066474443e-24
4.38344172086043,282.84669055817403,9.00391453342066e-25,9.345925513838953e-25,9.88223608422281e-25
4.38544272136068,282.7176325803913,8.848463716006044e-25,9.185395220423386e-25,9.713799505475477e-25
4.38744372186093,282.58869232267256,8.695426512307252e-25,9.027341295741106e-25,9.54793584132444e-25
4.38944472236118,282.4598696240242,8.544770217202551e-25,8.871730489451653e-25,9.384611022713395e-25
4.39144572286143,282.3311643237455,8.396462552971018e-25,8.718529974553788e-25,9.223791397969455e-25
4.393446723361681,282.202576261429,8.250471663014056e-25,8.56770734154624e-25,9.06544372762321e-25
4.395447723861931,282.07410527695896,8.106766102700599e-25,8.419230589901753e-25,8.909535176804431e-25
4.397448724362181,281.94575121051133,7.965314827794277e-25,8.27306811728469e-25,8.756033305602307e-25
4.399449724862431,281.8175139025527,7.826087180996877e-25,8.129188707008906e-25,8.604906057832688e-25
4.401450725362681,281.68939319383986,7.6890528771879405e-25,7.98756151427214e-25,8.456121748685485e-25
4.403451725862931,281.5613889254189,7.554181987950693e-25,7.848156051709864e-25,8.30964905172797e-25
4.4054527263631815,281.4335009386249,7.421444925966481e-25,7.710942174803818e-25,8.165456985732882e-25
4.407453726863432,281.3057290750808,7.290812429819964e-25,7.575890067643585e-25,8.023514901768807e-25
4.4094547273636815,281.17807317669747,7.162255549718089e-25,7.442970229506394e-25,7.883792470966418e-25
4.411455727863932,281.05053308567216,7.03574563456721e-25,7.312153462669312e-25,7.746259673334931e-25
4.4134567283641815,280.92310864448854,6.91125432079291e-25,7.183410861817106e-25,7.610886787964964e-25
4.415457728864432,280.7957996959157,6.788753523221174e-25,7.056713805351627e-25,7.477644384909038e-25
4.417458729364682,280.6686060830077,6.668215428261726e-25,6.932033948839106e-25,7.346503318972661e-25
4.419459729864933,280.54152764910293,6.549612489552975e-25,6.809343220756748e-25,7.217434725582626e-25
4.421460730365182,280.4145642378232,6.432917426133394e-25,6.688613820611017e-25,7.090410018817035e-25
4.423461730865433,280.2877156930732,6.318103223097408e-25,6.569818219396886e-25,6.965400891582641e-25
4.425462731365682,280.1609818590403,6.205143134584611e-25,6.452929162261116e-25,6.842379317822436e-25
4.427463731865933,280.0343625801932,6.094010688838874e-25,6.337919673122289e-25,6.721317556527804e-25
4.429464732366183,279.90785770128184,5.984679694963837e-25,6.224763060892636e-25,6.60218815722507e-25
4.4314657328664335,279.7814670673364,5.877124250912287e-25,6.113432926859461e-25,6.484963966521178e-25
4.433466733366683,279.65519052366716,5.771318752175098e-25,6.003903172715017e-25,6.3696181352285565e-25
4.435467733866933,279.52902791586314,5.667237900600933e-25,5.896148008691416e-25,6.256124125560727e-25
4.437468734367183,279.40297908979204,5.564856712772857e-25,5.7901419612549075e-25,6.144455717891997e-25
4.4394697348674335,279.27704389159953,5.464150527407093e-25,5.68585987985445e-25,6.034587016618164e-25
4.441470735367684,279.1512221677085,5.365095011305541e-25,5.583276942286438e-25,5.926492454723041e-25
4.443471735867934,279.0255137648184,5.267666163493141e-25,5.482368658335632e-25,5.820146796752154e-25
4.445472736368184,278.8999185299049,5.171840317291468e-25,5.383110871469261e-25,5.715525140006994e-25
4.447473736868433,278.7744363102188,5.07759414019612e-25,5.285479758471959e-25,5.612602913875642e-25
4.449474737368684,278.64906695328574,4.9849046315601795e-25,5.189451827036561e-25,5.511355877332291e-25
4.451475737868934,278.52381030690566,4.89374911818472e-25,5.095003911415877e-25,5.411760114715229e-25
4.453476738369185,278.3986662191519,4.804105248012098e-25,5.002113166326142e-25,5.313792029965228e-25
4.455477738869435,278.2736345383708,4.715950982188571e-25,4.910757059355043e-25,5.217428339555802e-25
4.457478739369685,278.1487151131811,4.629264585800023e-25,4.820913362156849e-25,5.122646064365882e-25
4.459479739869934,278.023907792473,4.54402461761466e-25,4.732560140741965e-25,5.029422520762885e-25
4.461480740370185,277.8992124254079,4.460209919168579e-25,4.645675745166968e-25,4.937735311158924e-25
4.463481740870435,277.77462886141774,4.377799603529917e-25,4.5602387989306965e-25,4.847562314302893e-25
4.4654827413706855,277.6501569502044,4.296773044066725e-25,4.476228188372752e-25,4.758881675564513e-25
4.467483741870936,277.52579654173894,4.217109863529349e-25,4.3936230523603e-25,4.671671797462595e-25
4.469484742371185,277.4015474862611,4.138789923749804e-25,4.312402772544868e-25,4.585911330691797e-25
4.471485742871435,277.2774096342787,4.0617933162386864e-25,4.232546964454211e-25,4.501579165893575e-25
4.473486743371685,277.15338283656695,3.9861003539434218e-25,4.154035469671772e-25,4.418654426410367e-25
4.475487743871936,277.0294669441681,3.911691564399847e-25,4.0768483493285386e-25,4.337116462239834e-25
4.477488744372186,276.90566180839056,3.8385476844675194e-25,4.0009658790931337e-25,4.256944845370135e-25
4.479489744872436,276.78196728080854,3.7666496567817357e-25,3.926368545790466e-25,4.178119366623742e-25
4.481490745372686,276.6583832132611,3.695978627985127e-25,3.8530370457103424e-25,4.100620034069257e-25
4.483491745872936,276.53490945785217,3.6265159487164926e-25,3.780952284583304e-25,4.0244270729774327e-25
4.485492746373186,276.4115458669492,3.558243175245836e-25,3.7100953791134407e-25,3.9495209272113517e-25
4.487493746873437,276.2882922931832,3.4911420725541336e-25,3.640447659869448e-25,3.8758822618548595e-25
4.489494747373687,276.1651485894478,3.425194618576569e-25,3.5719906752581954e-25,3.803491966810332e-25
4.491495747873937,276.04211460889906,3.360383009263443e-25,3.504706196244121e-25,3.732331161041416e-25
4.493496748374187,275.9191902049541,3.2966896640743416e-25,3.4385762214432967e-25,3.6623811971081364e-25
4.4954977488744365,275.7963752312914,3.2340972315084634e-25,3.3735829822125117e-25,3.5936236656397973e-25
4.497498749374687,275.67366954184973,3.1725885942900782e-25,3.3097089473733696e-25,3.526040399416074e-25
4.499499749874937,275.5510729908277,3.1121468738728277e-25,3.2469368272585427e-25,3.459613476777514e-25
4.501500750375188,275.4285854326832,3.05275543398523e-25,3.1852495768266957e-25,3.3943252241469094e-25
4.503501750875437,275.30620672213274,2.9943978830179203e-25,3.1246303976693865e-25,3.330158217517596e-25
4.505502751375688,275.1839367141509,2.9370580751292147e-25,3.065062738806039e-25,3.267095282832278e-25
4.507503751875937,275.0617752639698,2.880720110024292e-25,3.0065302962367063e-25,3.205119495241855e-25
4.509504752376188,274.9397222270786,2.8253683314233195e-25,2.9490170112761696e-25,3.144214177278124e-25
4.511505752876438,274.81777745922267,2.7709873242855715e-25,2.892507067737995e-25,3.0843628960093914e-25
4.513506753376689,274.6959408164034,2.7175619108944908e-25,2.8369848880687607e-25,3.0255494592705037e-25
4.515507753876938,274.57421215487733,2.6650771459269634e-25,2.782435128545617e-25,2.9677579110641783e-25
4.517508754377189,274.45259133115553,2.6135183106450487e-25,2.728842673661723e-25,2.910972526237123e-25
4.519509754877438,274.3310782020034,2.562870906356481e-25,2.676192629830115e-25,2.855177804538259e-25
4.5215107553776885,274.2096726244399,2.5131206472958523e-25,2.624470318542086e-25,2.8003584641723393e-25
4.523511755877939,274.08837445573675,2.4642534530903254e-25,2.5736612691293755e-25,2.7464994349783185e-25
4.525512756378189,273.9671835534184,2.416255440988531e-25,2.5237512112964975e-25,2.6935858513824637e-25
4.527513756878439,273.84609977526105,2.369112918045099e-25,2.4747260676059156e-25,2.641603045296896e-25
4.5295147573786885,273.7251229792921,2.3228123734727074e-25,2.4265719461205795e-25,2.5905365391595047e-25
4.531515757878939,273.60425302378985,2.2773404713835795e-25,2.379275133419951e-25,2.5403720393249953e-25
4.533516758379189,273.4834897672828,2.2326840441425896e-25,2.3328220882067625e-25,2.4910954300187344e-25
4.53551775887944,273.36283306854904,2.1888300865417425e-25,2.2871994357090935e-25,2.442692768051595e-25
4.53751875937969,273.24228278661593,2.145765750973352e-25,2.2423939630492495e-25,2.3951502784592403e-25
4.53951975987994,273.1218387807593,2.103478343736892e-25,2.198392615707652e-25,2.3484543511841977e-25
4.541520760380189,273.00150091050284,2.0619553225446305e-25,2.1551824951395012e-25,2.3025915388473355e-25
4.54352176088044,272.88126903561795,2.0211842952324509e-25,2.112750857543434e-25,2.2575485555968915e-25
4.54552276138069,272.7611430161228,1.981153019595899e-25,2.071085113696485e-25,2.2133122769403926e-25
4.5475237618809405,272.641122712282,1.9418494042190316e-25,2.0301728297196303e-25,2.1698697404185244e-25
4.549524762381191,272.52120798460606,1.9032615100994077e-25,1.9900017285777465e-25,2.1272081469253786e-25
4.5515257628814405,272.40139869385064,1.8653775528432647e-25,1.9505596920927467e-25,2.0853148624609067e-25
4.55352676338169,272.28169470101625,1.8281859051868052e-25,1.9118347632350811e-25,2.0441774200947476e-25
4.5555277638819405,272.1620958673475,1.7916750996103382e-25,1.8738151484734877e-25,2.0037835219410276e-25
4.557528764382191,272.0426020543329,1.7558338308298548e-25,1.836489219983626e-25,1.9641210409686766e-25
4.559529764882441,271.923213123704,1.720650957995997e-25,1.799845517562802e-25,1.925178022519841e-25
4.561530765382692,271.8039289374348,1.6861155064665033e-25,1.7638727501336937e-25,1.8869426854436515e-25
4.563531765882941,271.68474935774185,1.6522166690666187e-25,1.728559796766125e-25,1.8494034227949212e-25
4.565532766383191,271.5656742470827,1.618943806785224e-25,1.6938957071756846e-25,1.812548802071468e-25
4.567533766883441,271.4467034681562,1.5862864488831997e-25,1.659869701682296e-25,1.7763675649811884e-25
4.569534767383692,271.3278368839017,1.5542342924106426e-25,1.6264711706273119e-25,1.7408486267384922e-25
4.571535767883942,271.2090743574985,1.5227772011316255e-25,1.5936896732457058e-25,1.7059810748817854e-25
4.573536768384192,271.09041575236535,1.4919052038613194e-25,1.561514935992847e-25,1.6717541676021875e-25
4.575537768884442,270.9718609321598,1.4616084922203006e-25,1.5299368503235382e-25,1.6381573315696917e-25
4.577538769384692,270.8534097607781,1.4318774178118067e-25,1.4989454699215657e-25,1.6051801592436125e-25
4.579539769884942,270.73506210235405,1.4027024888412733e-25,1.4685310073922612e-25,1.5728124056700566e-25
4.5815407703851925,270.6168178212589,1.3740743662154385e-25,1.4386838304502133e-25,1.541043984791885e-25
4.583541770885443,270.4986767821009,1.3459838591824052e-25,1.4093944576602748e-25,1.509864965325815e-25
4.585542771385692,270.38063884972456,1.3184219206103457e-25,1.3806535538279099e-25,1.4792655663018162e-25
4.587543771885943,270.26270388920994,1.2913796420326626e-25,1.352451925166061e-25,1.449236152392574e-25
4.589544772386192,270.14487176587284,1.2648482486150977e-25,1.3247805143934594e-25,1.4197672291883655e-25
4.591545772886443,270.02714234526337,1.2388190942202092e-25,1.2976303959380997e-25,1.3908494385895283e-25
4.593546773386693,269.90951549316634,1.2132836567435867e-25,1.2709927714169932e-25,1.362473554483325e-25
4.595547773886944,269.79199107560004,1.1882335338882263e-25,1.244858965552989e-25,1.3346304788577854e-25
4.597548774387193,269.67456895881617,1.163660439508384e-25,1.2192204226524224e-25,1.3073112384649556e-25
4.599549774887444,269.557249009299,1.1395562006156063e-25,1.1940687037272439e-25,1.2805069821035104e-25
4.601550775387693,269.4400310937653,1.1159127550853134e-25,1.1693954842906297e-25,1.2542089785355975e-25
4.603551775887944,269.3229150791633,1.092722150052343e-25,1.1451925528060207e-25,1.2284086150052205e-25
4.605552776388194,269.20590083267257,1.069976540935543e-25,1.1214518097234986e-25,1.203097396283134e-25
4.6075537768884445,269.08898822170346,1.0476681909921083e-25,1.098165267001357e-25,1.1782669441323712e-25
4.609554777388694,268.9721771138966,1.0257894712842729e-25,1.0753250479965053e-25,1.1539089970802914e-25
4.611555777888944,268.85546737712207,1.0043328609294508e-25,1.0529233875999704e-25,1.1300154103819295e-25
4.613556778389194,268.73885887947955,9.832909475172181e-26,1.0309526325093671e-25,1.1065781560798806e-25
4.615557778889444,268.62235148929716,9.626564275926393e-26,1.0094052415487372e-25,1.0835893230878417e-25
4.617558779389695,268.50594507513136,9.42422107129937e-26,9.882737859717053e-26,1.0610411172516722e-25
4.619559779889945,268.3896395057664,9.225809019501961e-26,9.675509497128718e-26,1.0389258613692446e-25
4.621560780390195,268.2734346502138,9.031258380513729e-26,9.472295295652193e-26,1.017235995160196e-25
4.623561780890444,268.1573303777117,8.840500518365964e-26,9.273024352760179e-26,9.959640751864757e-26
4.625562781390695,268.0413265577246,8.653467902258228e-26,9.077626895495553e-26,9.751027747153623e-26
4.627563781890945,267.9254230599427,8.470094106328395e-26,8.886034279386885e-26,9.546448835053436e-26
4.629564782391196,267.8096197542817,8.290313807753143e-26,8.69817898590439e-26,9.345833074749205e-26
4.631565782891446,267.6939165108819,8.114062782744378e-26,8.513994617981659e-26,9.149110681997321e-26
4.633566783391696,267.57831320010797,7.941277899889902e-26,8.333415893008669e-26,8.956213021714589e-26
4.635567783891945,267.46280969254843,7.771897110269106e-26,8.156378632691758e-26,8.767072597526289e-26
4.6375687843921956,267.34740585901517,7.605859433899801e-26,7.982819749317587e-26,8.581623037784719e-26
4.639569784892446,267.2321015705429,7.443104942148718e-26,7.812677228054921e-26,8.399799077700502e-26
4.641570785392696,267.1168966983887,7.283574736195697e-26,7.645890105402197e-26,8.221536537730298e-26
4.643571785892947,267.00179111403173,7.127210921816118e-26,7.482398444076705e-26,8.046772298572708e-26
4.645572786393196,266.88678468917243,6.973956581236703e-26,7.322143305132448e-26,7.875444273615214e-26
4.647573786893446,266.7718772957322,6.82375574303759e-26,7.165066718303874e-26,7.707491379871205e-26
4.649574787393696,266.65706880585293,6.676553351309418e-26,7.0111116517892e-26,7.54285350863063e-26
4.651575787893947,266.5423590918965,6.53229523533925e-26,6.860221982727096e-26,7.381471497047579e-26
4.653576788394197,266.4277480264445,6.390928081041378e-26,6.712342469535531e-26,7.223287101760201e-26
4.655577788894448,266.3132354822973,6.252399405090928e-26,6.567418726998899e-26,7.068242975317966e-26
4.657578789394697,266.1988213324741,6.11665753242911e-26,6.425397204685528e-26,6.916282645865745e-26
4.659579789894947,266.0845054502121,5.983651577448631e-26,6.286225168911536e-26,6.767350500160968e-26
4.661580790395197,265.97028770896605,5.853331428747998e-26,6.149850688058369e-26,6.621391769611471e-26
4.6635817908954476,265.8561679824081,5.7256477371027e-26,6.016222620828781e-26,6.478352518829294e-26
4.665582791395698,265.7421461444271,5.600551906032622e-26,5.885290606790136e-26,6.338179636012002e-26
4.667583791895948,265.62822206912807,5.477996084319979e-26,5.757005058562039e-26,6.200820824522555e-26
4.669584792396198,265.51439563083187,5.357933159807575e-26,5.631317155013625e-26,6.066224595096997e-26
4.6715857928964475,265.4006667040746,5.240316754000157e-26,5.508178835056998e-26,5.934340258370977e-26
4.673586793396698,265.2870351636072,5.1251012171895706e-26,5.387542791834948e-26,5.805117917645718e-26
4.675587793896948,265.1735008843952,5.012241623954944e-26,5.269362467237917e-26,5.678508461956057e-26
4.677588794397199,265.0600637416181,4.901693769174765e-26,5.153592046957952e-26,5.554463559752392e-26
4.679589794897448,264.94672361066864,4.793414164663283e-26,5.040186456246462e-26,5.432935653438229e-26
4.681590795397699,264.83348036715284,4.687360036625154e-26,4.929101356596336e-26,5.313877955013835e-26
4.683591795897948,264.7203338868892,4.583489323934208e-26,4.8202931433570233e-26,5.197244442826891e-26
4.685592796398199,264.6072840459083,4.481760677145259e-26,4.7137189441692325e-26,5.0829898592714456e-26
4.687593796898449,264.49433072045247,4.3821334578533274e-26,4.609336617800649e-26,4.971069708956731e-26
4.6895947973986996,264.3814737869753,4.284567737882687e-26,4.507104752827396e-26,4.8614402567267077e-26
4.691595797898949,264.2687131221411,4.18902429759527e-26,4.4069826654207933e-26,4.754058524741301e-26
4.6935967983991995,264.1560486028244,4.0954646225985086e-26,4.3089303955073633e-26,4.648882287869319e-26
4.695597798899449,264.0434801061099,4.003850898208324e-26,4.212908700664781e-26,4.545870066769752e-26
4.6975987993996995,263.9310075092913,3.914146001161771e-26,4.1188790472789486e-26,4.444981118238091e-26
4.69959979989995,263.8186306898717,3.826313488414354e-26,4.02680359884189e-26,4.3461754227706484e-26
4.7016008004002,263.70634952556253,3.7403175831470873e-26,3.936645201570131e-26,4.249413669613469e-26
4.70360180090045,263.59416389428344,3.656123158402469e-26,3.8483673678131066e-26,4.154657239844135e-26
4.7056028014007,263.4820736741615,3.573695719082051e-26,3.7619342580213865e-26,4.061868188311988e-26
4.70760380190095,263.37007874353117,3.493001383154993e-26,3.677310662136908e-26,3.9710092253155507e-26
4.7096048024012,263.2581789809337,3.414006862982275e-26,3.594461981296837e-26,3.882043698884143e-26
4.711605802901451,263.1463742651165,3.336679447571808e-26,3.5133542106247944e-26,3.794935578368937e-26
4.713606803401701,263.03466447503314,3.2609869863728234e-26,3.433953923652188e-26,3.709649439781876e-26
4.715607803901951,262.92304948984247,3.186897874972237e-26,3.3562282586555246e-26,3.626150453048818e-26
4.7176088044022,262.81152918890837,3.114381042725252e-26,3.280144906861129e-26,3.544404371005754e-26
4.719609804902451,262.70010345179924,3.043405942145312e-26,3.2056721022735963e-26,3.4643775197934694e-26
4.721610805402701,262.58877215828784,2.9739425396420444e-26,3.1327786126671867e-26,3.386036790121387e-26
4.7236118059029515,262.47753518835054,2.905961307155699e-26,3.0614337312675595e-26,3.3093496289050405e-26
4.725612806403202,262.3663924221669,2.83943321423425e-26,2.991607268677767e-26,3.234284030852844e-26
4.7276138069034515,262.25534374011954,2.7743297202367795e-26,2.923269544765741e-26,3.160808529780284e-26
4.729614807403701,262.1443890227934,2.710622766533024e-26,2.856391380435429e-26,3.0888921896607436e-26
4.731615807903951,262.0335281509753,2.6482847687649053e-26,2.7909440894072173e-26,3.0185045956343817e-26
4.733616808404202,261.9227610056539,2.5872886094511805e-26,2.7268994703445614e-26,2.94961584539759e-26
4.735617808904452,261.8120874680188,2.52760763127591e-26,2.664229799709977e-26,2.88219654141817e-26
4.737618809404703,261.70150741946037,2.4692156314685097e-26,2.6029078257791707e-26,2.816217784431019e-26
4.739619809904952,261.5910207415695,2.4120868575706226e-26,2.5429067641063932e-26,2.7516511684964403e-26
4.741620810405202,261.4806273161365,2.3561960047243977e-26,2.4842002945521937e-26,2.688468777688301e-26
4.743621810905452,261.3703270251516,2.3015182143746906e-26,2.426762559728292e-26,2.626643184201895e-26
4.745622811405703,261.26011975080377,2.2480290740404163e-26,2.3705681644721806e-26,2.5661474474239686e-26
4.747623811905953,261.1500053754807,2.1957046176160963e-26,2.315592175774785e-26,2.5069551133284423e-26
4.7496248124062035,261.03998378176834,2.1445213254912522e-26,2.261810122427315e-26,2.449040213431697e-26
4.751625812906453,260.9300548524504,2.0944561238046751e-26,2.2091979937028845e-26,2.3923772626239094e-26
4.753626813406703,260.82021847050777,2.0454863821798447e-26,2.157732236442363e-26,2.3369412552857667e-26
4.755627813906953,260.7104745191185,1.9975899095336879e-26,2.1073897501801994e-26,2.2827076593975804e-26
4.757628814407203,260.6008228816571,1.9507449477434903e-26,2.058147880152652e-26,2.229652408574928e-26
4.759629814907454,260.49126344169423,1.904930163318196e-26,2.0099844083965348e-26,2.17775189233507e-26
4.761630815407704,260.38179608299623,1.8601246374260833e-26,1.9628775433449824e-26,2.1269829450829653e-26
4.763631815907954,260.2724206895248,1.816307854850839e-26,1.9168059085304705e-26,2.077322834481783e-26
4.765632816408203,260.16313714543645,1.773459692555085e-26,1.8717485310871426e-26,2.028749249914097e-26
4.767633816908454,260.0539453350821,1.7315604084587647e-26,1.8276848306473135e-26,1.9812402916024813e-26
4.769634817408704,259.94484514300694,1.690590631029823e-26,1.7845946091898787e-26,1.934774460879904e-26
4.771635817908955,259.83583645394975,1.6505313499546634e-26,1.7424580420518388e-26,1.8893306517297113e-26
4.773636818409204,259.7269191528425,1.611363907982477e-26,1.7012556701308125e-26,1.844888143519138e-26
4.775637818909455,259.6180931248101,1.5730699938247885e-26,1.6609683930954644e-26,1.801426594645158e-26
4.777638819409704,259.5093582551699,1.5356316357562626e-26,1.621577463199729e-26,1.758926036615447e-26
4.779639819909955,259.40071442943116,1.499031195501254e-26,1.583064479254771e-26,1.7173668680780765e-26
4.781640820410205,259.292161533295,1.463251361990449e-26,1.545411380337991e-26,1.6767298483795352e-26
4.783641820910455,259.18369945265357,1.4282751446795681e-26,1.5086004389502902e-26,1.6369960904002282e-26
4.785642821410705,259.07532807359013,1.3940858663037453e-26,1.472614253533089e-26,1.598147052644349e-26
4.787643821910955,258.96704728237813,1.360667155123942e-26,1.4374357404499494e-26,1.560164530768543e-26
4.789644822411205,258.85885696548127,1.3280029369686073e-26,1.4030481257848173e-26,1.5230306489784723e-26
4.791645822911455,258.7507570095527,1.2960774274988582e-26,1.3694349374227012e-26,1.4867278518158764e-26
4.793646823411706,258.6427473014349,1.2648751251899263e-26,1.3365799979270624e-26,1.4512388968798266e-26
4.795647823911956,258.53482772815937,1.2343808055162463e-26,1.3044674186988393e-26,1.4165468489579545e-26
4.797648824412206,258.4269981769459,1.2045795166447259e-26,1.2730815956988293e-26,1.3826350758082474e-26
4.799649824912456,258.31925853520244,1.1754565768026125e-26,1.242407206859649e-26,1.34948724565044e-26
4.801650825412706,258.2116086905246,1.1469975731765572e-26,1.2124292109951344e-26,1.317087326096221e-26
4.803651825912956,258.10404853069514,1.1191883620057652e-26,1.1831328478227291e-26,1.2854195840597297e-26
4.805652826413207,257.996577943684,1.092015069341032e-26,1.1545036385345832e-26,1.2544685860298842e-26
4.807653826913457,257.88919681764736,1.0654640918162677e-26,1.126527386247429e-26,1.2242191980127181e-26
4.8096548274137065,257.78190504092777,1.0395220968322354e-26,1.0991901757371284e-26,1.1946565845641483e-26
4.811655827913957,257.6747025020533,1.0141760216148476e-26,1.0724783719502267e-26,1.1657662064569516e-26
4.8136568284142065,257.5675890897376,9.894130708367736e-27,1.046378617029891e-26,1.137533816798622e-26
4.815657828914457,257.460564692879,9.652207127220904e-27,1.0208778258340267e-26,1.1099454556698462e-26
4.817658829414707,257.3536292005607,9.415866738046397e-27,9.959631801754463e-27,1.0829874436045962e-26
4.819659829914958,257.2467825020499,9.184989327027777e-27,9.716221221952306e-27,1.0566463743948338e-26
4.821660830415207,257.14002448679776,8.95945713430296e-27,9.478423474190023e-27,1.030909107810532e-26
4.823661830915457,257.03335504443874,8.739154787680144e-27,9.246117980262584e-27,1.0057627627672293e-26
4.825662831415707,256.9267740647903,8.523969241520677e-27,9.019186567709199e-27,9.811947113446803e-27
4.827663831915958,256.82028143785294,8.313789724117954e-27,8.797513418467229e-27,9.571925738835246e-27
4.829664832416208,256.7138770538091,8.108507694221629e-27,8.580985027106744e-27,9.337442150892668e-27
4.831665832916459,256.6075608030232,7.908016805905455e-27,8.369490167287863e-27,9.108377409205269e-27
4.833666833416708,256.50133257604136,7.712212878353621e-27,8.16291986254028e-27,8.884614957995488e-27
4.835667833916958,256.3951922635908,7.520993866735187e-27,7.961167357204849e-27,8.666040596822202e-27
4.837668834417208,256.2891397565793,7.334259829401084e-27,7.76412808266323e-27,8.4525424448938e-27
4.8396698349174585,256.1831749460954,7.151912887924031e-27,7.571699615493985e-27,8.244010895881903e-27
4.841670835417709,256.0772977234075,6.973857177673498e-27,7.383781625552351e-27,8.040338561766807e-27
4.843671835917959,255.9715079799638,6.799998788804947e-27,7.200275814301796e-27,7.841420206782463e-27
4.845672836418209,255.86580560739174,6.63024569983018e-27,7.021085846030354e-27,7.647152674837834e-27
4.847673836918458,255.76019049749758,6.464507707444941e-27,6.846117276048454e-27,7.457434815157586e-27
4.849674837418709,255.65466254226624,6.3026963578290094e-27,6.675277481343777e-27,7.272167411992303e-27
4.851675837918959,255.5492216338609,6.1447248848352374e-27,6.50847559916989e-27,7.091253123922544e-27
4.85367683841921,255.4438676646225,5.990508159164749e-27,6.345622477509046e-27,6.914596436401666e-27
4.85567783891946,255.33860052706945,5.83996265211034e-27,6.186630640631383e-27,6.742103630154035e-27
4.85767883941971,255.23342011389732,5.693006413949449e-27,6.03141426936033e-27,6.57368276427416e-27
4.859679839919959,255.1283263179783,5.549559066261052e-27,5.8798891947896326e-27,6.409243671941262e-27
4.86168084042021,255.02331903236097,5.4095418037197164e-27,5.7319729005608274e-27,6.248697963182156e-27
4.86368184092046,254.91839815026998,5.272877400848666e-27,5.5875845288687144e-27,6.091959029398999e-27
4.8656828414207105,254.81356356510562,5.1394902182313344e-27,5.446644884600108e-27,5.9389420439723114e-27
4.86768384192096,254.70881517044344,5.009306202572529e-27,5.30907643213086e-27,5.7895639537297125e-27
4.8696848424212105,254.60415286003388,4.8822528775406374e-27,5.1748032820503634e-27,5.6437434591250406e-27
4.87168584292146,254.49957652780205,4.7582593231317194e-27,5.043751166044148e-27,5.501400982154482e-27
4.87368684342171,254.39508606784707,4.637256144395851e-27,4.915847401314846e-27,5.3624586242406006e-27
4.875687843921961,254.2906813744421,4.51917543188692e-27,4.791020847403889e-27,5.226840117711098e-27
4.877688844422211,254.1863623420337,4.4039507179792865e-27,4.6692018599322954e-27,5.0944707759343705e-27
4.879689844922461,254.08212886524169,4.291516933702892e-27,4.550322246077939e-27,4.965277447131603e-27
4.881690845422711,253.97798083885843,4.1818103705946594e-27,4.43431522623613e-27,4.839188476169531e-27
4.883691845922961,253.87391815784892,4.07476865070604e-27,4.3211154047388416e-27,4.7161336767385155e-27
4.885692846423211,253.76994071735012,3.970330706184477e-27,4.2106587506400066e-27,4.5960443142397904e-27
4.887693846923462,253.6660484126708,3.8684367679121725e-27,4.102882587550703e-27,4.4788530975666124e-27
4.889694847423712,253.562241139291,3.7690283604317816e-27,3.9977255892952954e-27,4.364494175839697e-27
4.891695847923962,253.4585187928619,3.672048299258122e-27,3.895127777134583e-27,4.25290313532107e-27
4.893696848424212,253.3548812692052,3.577440685808401e-27,3.7950305136159175e-27,4.144016991344392e-27
4.895697848924462,253.2513284643131,3.4851508957191386e-27,3.697376488869087e-27,4.037774171213408e-27
4.897698849424712,253.14786027434758,3.395125557213751e-27,3.602109696241946e-27,3.9341144853759334e-27
4.899699849924962,253.0444765956404,3.3073125182972605e-27,3.509175396468946e-27,3.8329790867547624e-27
4.901700850425213,252.94117732469252,3.2216608033961356e-27,3.418520071443619e-27,3.734310420035543e-27
4.903701850925462,252.83796235817394,3.1381205623777994e-27,3.330091371000012e-27,3.638052165045487e-27
4.905702851425713,252.73483159292306,3.056643016051129e-27,3.2438380571309305e-27,3.5441491791360326e-27
4.907703851925962,252.6317849259467,2.9771804035259507e-27,3.1597099512024165e-27,3.452547444367428e-27
4.909704852426213,252.52882225441948,2.899685935897261e-27,3.0776578885716328e-27,3.363194023761239e-27
4.911705852926463,252.42594347568365,2.824113760511996e-27,2.99763368462301e-27,3.276037030206806e-27
4.913706853426714,252.32314848724863,2.750418937373703e-27,2.9195901133644895e-27,3.191025608481351e-27
4.915707853926963,252.2204371867908,2.6785574282082854e-27,2.8434808986082905e-27,3.1081099296136806e-27
4.917708854427213,252.11780947215303,2.6084860952961002e-27,2.769260714361936e-27,3.0272411934743364e-27
4.919709854927463,252.01526524134425,2.540162706960137e-27,2.696885190927313e-27,2.9483716355086465e-27
4.921710855427714,251.9128043925395,2.4735459444161162e-27,2.626310921204576e-27,2.8714545318292334e-27
4.923711855927964,251.81042682407923,2.4085954054233355e-27,2.5574954626325063e-27,2.796444198145223e-27
4.925712856428214,251.70813243446906,2.345271601046411e-27,2.4903973312834976e-27,2.723295979424569e-27
4.927713856928464,251.60592112237956,2.2835359427600925e-27,2.4249759857259713e-27,2.6519662285400734e-27
4.9297148574287135,251.50379278664573,2.2233507200843464e-27,2.3611918013152436e-27,2.5824122753221768e-27
4.931715857928964,251.40174732626667,2.1646790701521896e-27,2.2990060367918716e-27,2.514592388642341e-27
4.933716858429214,251.29978464040556,2.107484942745054e-27,2.2383807971411144e-27,2.448465736107785e-27
4.935717858929465,251.19790462838898,2.051733065000048e-27,2.1792789971333746e-27,2.383992346083555e-27
4.937718859429715,251.09610718970666,1.9973889102644016e-27,2.12166433009456e-27,2.3211330766479446e-27
4.939719859929965,250.99439222401134,1.9444186749300695e-27,2.0655012455385658e-27,2.2598495947487923e-27
4.941720860430214,250.8927596311181,1.8927892649237263e-27,2.0107549370384497e-27,2.2001043664214033e-27
4.943721860930465,250.7912093110043,1.842468292697482e-27,1.9573913407034546e-27,2.1418606576644655e-27
4.945722861430715,250.68974116380923,1.793424082295407e-27,1.905377141407784e-27,2.0850825424418332e-27
4.947723861930966,250.58835508983367,1.7456256795330422e-27,1.854679783403501e-27,2.0297349138299037e-27
4.949724862431216,250.4870509895396,1.699042862659293e-27,1.8052674804494972e-27,1.975783493108939e-27
4.9517258629314655,250.38582876355002,1.653646148860078e-27,1.7571092207774413e-27,1.923194832107048e-27
4.953726863431715,250.28468831264834,1.6094067927859746e-27,1.7101747632216568e-27,1.871936305401858e-27
4.9557278639319655,250.18362953777824,1.5662967747899899e-27,1.6644346225390173e-27,1.8219760909779758e-27
4.957728864432216,250.08265234004338,1.5242887781090994e-27,1.6198600435869546e-27,1.773283139714083e-27
4.959729864932466,249.98175662070702,1.4833561568362504e-27,1.5764229666666976e-27,1.7258271367296208e-27
4.961730865432716,249.88094228119172,1.4434728976595265e-27,1.5340959874197245e-27,1.6795784586033865e-27
4.963731865932966,249.78020922307886,1.4046135800960767e-27,1.492852316250873e-27,1.634508131784346e-27
4.965732866433216,249.67955734810863,1.3667533395458464e-27,1.4526657416832705e-27,1.5905877966761296e-27
4.967733866933466,249.57898655817934,1.329867837601741e-27,1.4135106019357672e-27,1.547789681406332e-27
4.969734867433717,249.47849675534752,1.293933242209131e-27,1.375361767008841e-27,1.506086587043495e-27
4.971735867933967,249.3780878418272,1.2589262186388416e-27,1.3381946318057928e-27,1.4654518840774541e-27
4.973736868434217,249.27775971998994,1.2248239302172747e-27,1.3019851187578113e-27,1.4258595178840928e-27
4.975737868934467,249.17751229236413,1.1916040459732457e-27,1.2667096866990654e-27,1.3872840192906251e-27
4.977738869434717,249.0773454616351,1.1592447511030008e-27,1.2323453415982147e-27,1.3497005154240637e-27
4.979739869934967,248.97725913064443,1.1277247558486677e-27,1.1988696446362416e-27,1.3130847362176053e-27
4.9817408704352175,248.8772532023899,1.0970232987091779e-27,1.1662607136482026e-27,1.277413012799608e-27
4.983741870935468,248.77732758002506,1.0671201412224776e-27,1.1344972154424965e-27,1.2426622657556462e-27
4.9857428714357175,248.67748216685897,1.0379955531964763e-27,1.1035583482859302e-27,1.2088099832253651e-27
4.987743871935968,248.57771686635573,1.00963028946247e-27,1.0734238160764931e-27,1.175834191068323e-27
4.9897448724362174,248.47803158213446,9.820055603461549e-28,1.0440737968261659e-27,1.1437134183761473e-27
4.991745872936468,248.37842621796864,9.551030004727027e-28,1.0154889103532449e-27,1.1124266636423873e-27
4.993746873436718,248.2789006777861,9.289046394091232e-28,9.876501888302261e-28,1.0819533654117042e-27
4.995747873936969,248.17945486566862,9.03392878876198e-28,9.605390548296304e-28,1.052273381860789e-27
4.997748874437218,248.08008868585156,8.785504789068972e-28,9.341373090011162e-28,1.023366981016274e-27
4.999749874937469,247.98080204272347,8.543605543352434e-28,9.084271283722118e-28,9.952148419576593e-28
5.001750875437718,247.88159484082612,8.308065808249954e-28,8.83391074037877e-28,9.67798065063003e-28
5.003751875937969,247.78246698485378,8.078724077432975e-28,8.590121051335913e-28,9.410981875591284e-28
5.005752876438219,247.6834183796532,7.85542274326172e-28,8.352735952305402e-28,9.150972000624226e-28
5.0077538769384695,247.58444893022323,7.63800824268287e-28,8.121593461481506e-28,8.897775589343462e-28
5.009754877438719,247.4855585417145,7.426331150855708e-28,7.896535955933446e-28,8.651221910049832e-28
5.011755877938969,247.3867471194291,7.2202461870926745e-28,7.677410153204151e-28,8.411144877724118e-28
5.013756878439219,247.28801456882016,7.019612121241057e-28,7.464066990076643e-28,8.177382889056996e-28
5.0157578789394694,247.18936079549195,6.8242915832662505e-28,7.256361405674956e-28,7.949778564713766e-28
5.01775887943972,247.09078570519912,6.634150800005018e-28,7.054152057119689e-28,7.72817843361829e-28
5.01975987993997,246.9922892038467,6.44905929355105e-28,6.85730100545104e-28,7.5124326017700285e-28
5.02176088044022,246.89387119748966,6.268889585768294e-28,6.6656734179423765e-28,7.302394453828e-28
5.023761880940469,246.79553159233262,6.09351695023956e-28,6.479137327825206e-28,7.097920427537679e-28
5.02576288144072,246.69727029472952,5.922819244363754e-28,6.297563481983686e-28,6.898869887716376e-28
5.02776388194097,246.59908721118353,5.756676836635489e-28,6.12082528809206e-28,6.7051051053491265e-28
5.029764882441221,246.5009822483465,5.594972630699994e-28,5.948798858413183e-28,6.516491332005615e-28
5.031765882941471,246.4029553130188,5.437592164004391e-28,5.781363123819077e-28,6.3328969365224e-28
5.033766883441721,246.30500631214906,5.284423748018378e-28,5.6183999816503615e-28,6.1541935625727265e-28
5.03576788394197,246.20713515283367,5.135358609115784e-28,5.459794434592047e-28,5.9802562617211505e-28
5.037768884442221,246.10934174231667,4.990290988747064e-28,5.305434679244237e-28,5.810963561206182e-28
5.039769884942471,246.01162598798948,4.849118170270851e-28,5.1552121135880235e-28,5.646197438994436e-28
5.0417708854427215,245.91398779739046,4.711740414653124e-28,5.009021248919141e-28,5.485843197308966e-28
5.043771885942972,245.81642707820478,4.578060805028322e-28,4.866759530387802e-28,5.329789245453429e-28
5.045772886443221,245.71894373826402,4.447985016891669e-28,4.728327087163036e-28,5.177926819579382e-28
5.047773886943471,245.62153768554583,4.321421050074947e-28,4.593626451753888e-28,5.030149683999563e-28
5.049774887443721,245.52420882817376,4.198278957051069e-28,4.46256228506174e-28,4.88635385341317e-28
5.051775887943972,245.42695707441698,4.078470614972481e-28,4.335041154718334e-28,4.7464373833628575e-28
5.053776888444222,245.32978233268992,3.961909570915808e-28,4.210971394534954e-28,4.610300253705706e-28
5.055777888944472,245.23268451155198,3.848510981886866e-28,4.090263063411582e-28,4.477844358062591e-28
5.057778889444722,245.13566351970724,3.7381916510528107e-28,3.9728280011137525e-28,4.348973590092305e-28
5.059779889944972,245.03871926600428,3.630870145381567e-28,3.8585799618515447e-28,4.223594000882385e-28
5.061780890445222,244.94185165943568,3.52646696122616e-28,3.747434788725638e-28,4.101613985286259e-28
5.063781890945473,244.84506060913805,3.4249047018612627e-28,3.6393105908293925e-28,3.982944455895136e-28
5.065782891445723,244.74834602439142,3.3261082214291537e-28,3.534127877161879e-28,3.8674989587795947e-28
5.067783891945973,244.65170781461921,3.2300047031922644e-28,3.4318096165796106e-28,3.755193702789813e-28
5.069784892446223,244.55514588938772,3.136523649478578e-28,3.332281204319361e-28,3.6459474882382554e-28
5.0717858929464725,244.4586601584061,3.045596776878448e-28,3.2354703325428145e-28,3.5396815387413124e-28
5.073786893446723,244.36225053152577,2.9571578319167773e-28,3.1413067844097924e-28,3.4363192624481866e-28
5.075787893946973,244.26591691874043,2.87114235576337e-28,3.0497221837934555e-28,3.335785980151932e-28
5.077788894447224,244.1696592301857,2.7874874333235227e-28,2.9606497384536625e-28,3.238008661610798e-28
5.079789894947473,244.07347737613867,2.706131470449728e-28,2.8740240209321787e-28,3.1429157147177834e-28
5.081790895447724,243.97737126701776,2.627014033043669e-28,2.789780819843477e-28,3.050436857999396e-28
5.083791895947973,243.88134081338254,2.5500757731651067e-28,2.7078570838041812e-28,2.960503093798698e-28
5.085792896448224,243.7853859259332,2.4752584448344747e-28,2.6281909569592887e-28,2.873046775007039e-28
5.087793896948474,243.68950651551054,2.4025050035744875e-28,2.5507218958968076e-28,2.7880017484304585e-28
5.089794897448725,243.59370249309546,2.3317597595785007e-28,2.475390834229675e-28,2.705303535567589e-28
5.091795897948974,243.4979737698089,2.2629685494254274e-28,2.402140357217798e-28,2.6248895095103047e-28
5.093796898449225,243.40232025691137,2.1960788856431496e-28,2.330914844941219e-28,2.546699025674747e-28
5.095797898949474,243.3067418658028,2.1310400481393936e-28,2.2616605489392638e-28,2.4706734731461534e-28
5.0977988994497245,243.21123850802218,2.0678030940550665e-28,2.1943255814965063e-28,2.3967562303289577e-28
5.099799899949975,243.1158100952474,2.0063207765748602e-28,2.128859811771817e-28,2.3248925250954795e-28
5.101800900450225,243.02045653929497,1.9465473819843348e-28,2.0652146821463037e-28,2.255029219284925e-28
5.103801900950475,242.92517775211957,1.8884385101655485e-28,2.0033429737123088e-28,2.1871145521862806e-28
5.1058029014507245,242.82997364581396,1.83195083317299e-28,1.943198558139741e-28,2.12109788400504e-28
5.107803901950975,242.7348441326086,1.777041875336662e-28,1.8847361803670968e-28,2.0569294849081216e-28
5.109804902451225,242.6397891248715,1.7236698427321247e-28,1.827911299312078e-28,1.994560395367719e-28
5.111805902951476,242.54480853510788,1.6717935408205146e-28,1.7726800228140372e-28,1.9339423895710297e-28
5.113806903451726,242.44990227595986,1.6213723779376089e-28,1.7189991311496986e-28,1.8750280307139345e-28
5.115807903951976,242.35507026020633,1.5723664577893675e-28,1.6668261880247764e-28,1.8177708103442792e-28
5.117808904452225,242.26031240076244,1.524736731018411e-28,1.616119705500138e-28,1.7621253326560938e-28
5.119809904952476,242.16562861067956,1.4784451773019315e-28,1.5668393314709148e-28,1.7080475081941607e-28
5.121810905452726,242.071018803145,1.4334549750205449e-28,1.5189460154521482e-28,1.6554947111231671e-28
5.1238119059529765,241.97648289148157,1.38973062280335e-28,1.4724021177031731e-28,1.6044258666654916e-28
5.125812906453227,241.88202078914748,1.347237985922921e-28,1.4271714365598813e-28,1.5548014469884194e-28
5.1278139069534765,241.7876324097361,1.3059442554012457e-28,1.3832191455338365e-28,1.506583373151734e-28
5.129814907453726,241.6933176669755,1.265817822099549e-28,1.3405116461796378e-28,1.4597348351052579e-28
5.1318159079539765,241.5990764747283,1.2268280890272901e-28,1.299016363930506e-28,1.4142200630431295e-28
5.133816908454227,241.50490874699148,1.188945254240609e-28,1.2587015221228335e-28,1.370004089546558e-28
5.135817908954477,241.41081439789605,1.1521400978878927e-28,1.2195359291186004e-28,1.32705253915371e-28
5.137818909454728,241.31679334170678,1.1163838174886388e-28,1.1814888223658e-28,1.2853314883580869e-28
5.139819909954977,241.22284549282202,1.0816479341691713e-28,1.144529790243399e-28,1.2448074135163784e-28
5.141820910455227,241.12897076577323,1.0479042845024475e-28,1.1086287828981898e-28,1.2054472321969017e-28
5.143821910955477,241.0351690752249,1.0151251021820236e-28,1.0737562126481633e-28,1.167218432654268e-28
5.145822911455728,240.94144033597433,9.832831566078571e-29,1.0398831070716771e-28,1.130089248417556e-28
5.147823911955978,240.84778446295124,9.523519344584889e-29,1.0069812979250214e-28,1.094028856778018e-28
5.149824912456228,240.75420137121765,9.223058135175006e-29,9.750235935893273e-29,1.0590075467858653e-28
5.151825912956478,240.66069097596736,8.931201991320161e-29,9.439839054969201e-29,1.0249968277706575e-28
5.153826913456728,240.5672531925261,8.647715898755857e-29,9.138372968594428e-29,9.919694498559227e-29
5.155827913956978,240.47388793635085,8.37237559590126e-29,8.845599439826979e-29,9.598993319539601e-29
5.1578289144572285,240.3805951230299,8.104966554649543e-29,8.561290135712952e-29,9.287614066605135e-29
5.159829914957479,240.2873746682825,7.845282268368468e-29,8.285224745861654e-29,8.985314066642818e-29
5.161830915457728,240.19422648795853,7.593122175509317e-29,8.017188804830618e-29,8.691856329606912e-29
5.163831915957979,240.10115049803827,7.348289545830343e-29,7.756971563907926e-29,8.407007419857271e-29
5.165832916458228,240.00814661463227,7.110589750320368e-29,7.504364333130448e-29,8.130535932833456e-29
5.167833916958479,239.91521475398093,6.879829168659918e-29,7.259159533230081e-29,7.862211790408862e-29
5.169834917458729,239.82235483245438,6.655814931667365e-29,7.021150624798282e-29,7.601806471643881e-29
5.17183591795898,239.72956676655218,6.4383555129055e-29,6.790132892256595e-29,7.349094097463517e-29
5.173836918459229,239.63685047290306,6.227262031872369e-29,6.565904906897541e-29,7.103853133782288e-29
5.17583791895948,239.5442058682646,6.022349973941894e-29,6.3482703418628e-29,6.865868337390928e-29
5.177838919459729,239.45163286952322,5.823440987687765e-29,6.137039782538266e-29,6.634932564363287e-29
5.17983991995998,239.35913139369356,5.630364368224714e-29,5.93203213437159e-29,6.410848037186068e-29
5.18184092046023,239.2667013579186,5.442957963665932e-29,5.73307538235004e-29,6.193426855528066e-29
5.1838419209604805,239.17434267946922,5.261068247785965e-29,5.540006469259223e-29,5.982490559176157e-29
5.18584292146073,239.08205527574398,5.084549584054253e-29,5.35267035674214e-29,5.777868869724881e-29
5.18784392196098,238.98983906426884,4.9132627728731884e-29,5.17091839635263e-29,5.579397793987921e-29
5.18984492246123,238.89769396269702,4.747073148568663e-29,4.994606311034527e-29,5.38691744082478e-29
5.19184592296148,238.8056198888086,4.585848575794665e-29,4.823592157097549e-29,5.200269950233854e-29
5.193846923461731,238.71361676051046,4.429457708185449e-29,4.65773463391053e-29,5.0192979048049016e-29
5.195847923961981,238.62168449583592,4.27776881976864e-29,4.496892041849141e-29,4.843843504069737e-29
5.197848924462231,238.52982301294452,4.1306494248807656e-29,4.340922077120146e-29,4.67374864457764e-29
5.19984992496248,238.43803223012173,3.987966723607484e-29,4.189682467147744e-29,4.508855854793346e-29
5.201850925462731,238.34631206577873,3.8495887767385576e-29,4.0430323119691585e-29,4.349009889679463e-29
5.203851925962981,238.2546624384523,3.715386176206062e-29,3.9008338651744004e-29,4.194059669012728e-29
5.205852926463232,238.1630832668044,3.585233852570948e-29,3.762954373738242e-29,4.0438601470982253e-29
5.207853926963482,238.071574469622,3.459012679849795e-29,3.6292676302669064e-29,3.898273760638333e-29
5.209854927463732,237.98013596581688,3.336610533994452e-29,3.499654902853012e-29,3.757171138201948e-29
5.211855927963981,237.8887676744253,3.2179226235727356e-29,3.37400508525276e-29,3.620430955296348e-29
5.2138569284642315,237.79746951460783,3.1028509665279524e-29,3.252213974813328e-29,3.487938897463264e-29
5.215857928964482,237.70624140564905,2.9913031564004743e-29,3.134182858449866e-29,3.3595859700706166e-29
5.217858929464732,237.61508326695747,2.8831905992742764e-29,3.0198166217513484e-29,3.2352664216074184e-29
5.219859929964983,237.52399501806505,2.7784265696479195e-29,2.90902175238895e-29,3.114875684883325e-29
5.221860930465232,237.4329765786272,2.676924432927715e-29,2.801704594650614e-29,2.998308703362285e-29
5.223861930965482,237.34202786842232,2.578596349904703e-29,2.697770163322657e-29,2.8854589354850596e-29
5.225862931465732,237.25114880735174,2.4833527347324723e-29,2.597121765943095e-29,2.7762182471985134e-29
5.227863931965983,237.16033931543944,2.391102494159236e-29,2.4996614294077497e-29,2.670477636325679e-29
5.229864932466233,237.06959931283177,2.3017540310701874e-29,2.4052910770994683e-29,2.56812867639589e-29
5.231865932966484,236.97892871979727,2.2152167924384936e-29,2.3139142026518532e-29,2.4690653738329664e-29
5.233866933466733,236.8883274567264,2.1314030444893587e-29,2.225437698767992e-29,2.3731860612814574e-29
5.235867933966983,236.79779544413128,2.0502295139082997e-29,2.1397734694070964e-29,2.2803949426520006e-29
5.237868934467233,236.70733260264552,1.9716186108408622e-29,2.056839545583622e-29,2.190603021321999e-29
5.2398699349674835,236.616938853024,1.8954989222480796e-29,1.9765604146271166e-29,2.1037281583228887e-29
5.241870935467734,236.52661411614255,1.8218049454521748e-29,1.8988665624349257e-29,2.0196943092845908e-29
5.2438719359679835,236.43635831299787,1.7504760380873027e-29,1.8236932420603087e-29,1.9384300125742077e-29
5.245872936468234,236.346171364707,1.6814548360241967e-29,1.7509787534864585e-29,1.8598664649152086e-29
5.2478739369684835,236.25605319250752,1.6146853776082054e-29,1.680662499105226e-29,1.783935487568691e-29
5.249874937468734,236.16600371775692,1.550111343158537e-29,1.6126832359023103e-29,1.710567819404133e-29
5.251875937968984,236.07602286193264,1.4876746728445213e-29,1.5469777844138528e-29,1.639691988082963e-29
5.253876938469235,235.98611054663172,1.4273148740919847e-29,1.4834804870679265e-29,1.5712340191797603e-29
5.255877938969484,235.89626669357065,1.368969105392282e-29,1.422123473538089e-29,1.5051179922710034e-29
5.257878939469735,235.80649122458493,1.31257301110659e-29,1.362837672023866e-29,1.4412673258392253e-29
5.259879939969984,235.7167840616292,1.2580621615006904e-29,1.3055543866308524e-29,1.3796065583211867e-29
5.261880940470235,235.62714512677664,1.205373788884701e-29,1.2502071049470133e-29,1.3200632496614786e-29
5.263881940970485,235.53757434221905,1.1544484736707829e-29,1.196733175678461e-29,1.2625696248290016e-29
5.2658829414707355,235.44807163026644,1.1052314839758978e-29,1.1450750615703657e-29,1.2070636709448489e-29
5.267883941970985,235.35863691334694,1.0576734779490193e-29,1.0951808924932392e-29,1.1534894414095166e-29
5.2698849424712355,235.26927011400636,1.0117304294904394e-29,1.0470042085472808e-29,1.101796505342373e-29
5.271885942971485,235.1799711549082,9.67362815006643e-30,1.0005029643503766e-29,1.0519386675228226e-29
5.2738869434717355,235.0907399588333,9.245341852429254e-30,9.556379536867655e-30,1.0038721726618888e-29
5.275887943971986,235.00157644867966,8.832093833656002e-30,9.123709430486507e-30,9.575537234111742e-30
5.277888944472236,234.91248054746217,8.433527950034007e-30,8.706629149285412e-30,9.129387334594586e-30
5.279889944972486,234.82345217831258,8.049268914716371e-30,8.304726832804372e-30,8.699800760325025e-30
5.281890945472736,234.73449126447883,7.678914001122867e-30,7.917561999571779e-30,8.286276191542238e-30
5.283891945972986,234.64559772932546,7.322031908286753e-30,7.544666150350876e-30,7.888285665532133e-30
5.285892946473236,234.55677149633274,6.978169469283564e-30,7.185551252393722e-30,7.50528583747875e-30
5.287893946973487,234.468012489097,6.646864537080492e-30,6.839724092297609e-30,7.136734538967237e-30
5.289894947473737,234.37932063133005,6.327662497194068e-30,6.506703669466626e-30,6.782109388953043e-30
5.291895947973987,234.2906958468592,6.0201333238041715e-30,6.186038372368936e-30,6.440924957461808e-30
5.293896948474236,234.20213805962678,5.723885748975442e-30,5.877319483919134e-30,6.112745030190184e-30
5.295897948974487,234.1136471936901,5.4385757790971405e-30,5.5801883806179165e-30,5.797187580828849e-30
5.297898949474737,234.0252231732213,5.163908073978833e-30,5.294336182924453e-30,5.4939216196363734e-30
5.2998999499749875,233.93686592250694,4.899629562466269e-30,5.0194955690070995e-30,5.2026561767369174e-30
5.301900950475238,233.848575365948,4.645516905744508e-30,4.755426698377544e-30,4.9231238937322556e-30
5.3039019509754874,233.7603514280594,4.401359790144684e-30,4.50189951922551e-30,4.655061938978489e-30
5.305902951475737,233.67219403347008,4.166943510646689e-30,4.258676106534264e-30,4.3981941551029836e-30
5.307903951975987,233.58410310692238,3.942033901589643e-30,4.025496124251993e-30,4.152217552963172e-30
5.309904952476238,233.4960785732724,3.726367636899561e-30,3.802068333162662e-30,3.916795876740333e-30
5.311905952976488,233.40812035748928,3.5196495321065705e-30,3.588069534250208e-30,3.691561219502566e-30
5.313906953476739,233.3202283846552,3.3215574212557674e-30,3.383151207990673e-30,3.476123439784595e-30
5.315907953976988,233.23240257996517,3.1317535041303473e-30,3.18695240152019e-30,3.2700853905951525e-30
5.317908954477238,233.1446428687268,2.9499000132472615e-30,2.9991164194224468e-30,3.0730610696714233e-30
5.319909954977488,233.05694917635998,2.775676198545067e-30,2.8193081173535368e-30,2.8846932070033793e-30
5.321910955477739,232.96932142839685,2.608793121134482e-30,2.6472282312061767e-30,2.7046666665409646e-30
5.323911955977989,232.88175955048155,2.44900359933265e-30,2.4826221771295727e-30,2.5327152796151585e-30
5.3259129564782395,232.79426346836985,2.296105525176759e-30,2.3252817525357486e-30,2.3686209051851227e-30
5.327913956978489,232.70683310792919,2.1499373661009605e-30,2.175038869897674e-30,2.2122043656359382e-30
5.329914957478739,232.61946839513823,2.0103674565578514e-30,2.03175325479037e-30,2.063310706938664e-30
5.331915957978989,232.5321692560867,1.8772784047332127e-30,1.895295744968653e-30,1.9217908960824592e-30
5.333916958479239,232.44493561697539,1.7505501051590664e-30,1.7655308799930048e-30,1.7874839311833275e-30
5.33591795897949,232.35776740411566,1.630044279947951e-30,1.6423017880615944e-30,1.6602024666835167e-30
5.337918959479739,232.27066454392954,1.5155936538162044e-30,1.5254203987021808e-30,1.5397248251492545e-30
5.33991995997999,232.18362696294906,1.406997606186806e-30,1.4146646272333005e-30,1.4257946985382353e-30
5.341920960480239,232.09665458781666,1.3040251876546815e-30,1.3097831174277847e-30,1.3181286324878862e-30
5.34392196098049,232.00974734528435,1.2064251497591045e-30,1.2105068592209109e-30,1.216430083104402e-30
5.34592296148074,231.922905162214,1.1139401879900533e-30,1.1165645822981938e-30,1.1204064872719668e-30
5.347923961980991,231.83612796557688,1.026323747293902e-30,1.0277000426606064e-30,1.029787125607103e-30
5.34992496248124,231.7494156824536,9.433551926760471e-31,9.436869285481272e-31,9.44337416959481e-31
5.351925962981491,231.66276824003364,8.648510652149519e-31,8.643391412292734e-31,8.638674946981208e-31
5.35392696348174,231.57618556561553,7.906699067740503e-31,7.8951413418654e-31,7.8823309414764765e-31
5.355927963981991,231.48966758660626,7.2070969574870925e-31,7.191086336825643e-31,7.1732853771403135e-31
5.357928964482241,231.40321423052143,6.54898885542674e-31,6.5304804970076124e-31,6.5107363376870976e-31
5.359929964982491,231.3168254249848,5.9318203946878e-31,5.912708993467125e-31,5.893963161593441e-31
5.361930965482741,231.23050109772822,5.355034765057291e-31,5.337118643290637e-31,5.322149510263436e-31
5.363931965982991,231.14424117659127,4.817912896641817e-31,4.802859758261629e-31,4.794229744807775e-31
5.365932966483241,231.0580455895213,4.319458353456174e-31,4.308779646271011e-31,4.308797704891919e-31
5.367933966983491,230.97191426457294,3.8583364194233414e-31,3.8533758212747792e-31,3.8640833386771324e-31
5.369934967483742,230.88584712990823,3.432888754524359e-31,3.434827357378477e-31,3.458010784290266e-31
5.371935967983992,230.79984411379613,3.0412143761617865e-31,3.051092029439408e-31,3.08832055514039e-31
5.373936968484242,230.7139051446125,2.6813027746253975e-31,2.700051988001916e-31,2.7527338268549516e-31
5.375937968984492,230.6280301508398,2.351194693862292e-31,2.3796809499858637e-31,2.4491280358282006e-31
5.377938969484742,230.54221906106693,2.049137691595216e-31,2.0881989959202775e-31,2.175688568638621e-31
5.379939969984992,230.45647180398902,1.7737073197569646e-31,1.8241857711504095e-31,1.9310076603063987e-31
5.381940970485243,230.3707883084073,1.523871142699093e-31,1.5866310265380781e-31,1.71411245090251e-31
5.383941970985493,230.2851685032288,1.2989821343196211e-31,1.374911512946191e-31,1.5244153631531055e-31
5.3859429714857425,230.1996123174662,1.098705617893482e-31,1.1887015398274104e-31,1.361599162097777e-31
5.387943971985992,230.1141196802377,9.228890821228802e-32,1.02782976872059e-31,1.2254542971867151e-31
5.3899449724862425,230.02869052076665,7.7140508854132e-32,8.921147762494836e-32,1.1157045202068543e-31
5.391945972986493,229.9433247683815,6.439937117847043e-32,7.812072863268098e-32,1.0318506604886109e-31
5.393946973486743,229.85802235251563,5.401349514182933e-32,6.944695495635033e-32,9.730627268872339e-32
5.395947973986994,229.77278320270705,4.589778992367736e-32,6.309171847358113e-32,9.381430227244126e-32
5.397948974487243,229.6876072485983,3.9933513373473513e-32,5.892296032276856e-32,9.255624251153767e-32
5.399949974987493,229.6024944199361,3.597489131962758e-32,5.678324422852047e-32,9.335681954372589e-32
5.401950975487743,229.51744464657128,3.386110117512476e-32,5.650307399215796e-32,9.603371928972808e-32
5.403951975987994,229.4324578584587,3.3431492238318607e-32,5.791691180964904e-32,1.0041470642061436e-31
5.405952976488244,229.34753398565675,3.4541346965881295e-32,6.087902995201166e-32,1.063534350983755e-31
5.407953976988495,229.26267295832753,3.707466905954328e-32,6.527569252310193e-32,1.13740497771014e-31
5.409954977488744,229.17787470673633,4.0952061329705305e-32,7.103181925288695e-32,1.2250804077731534e-31
5.411955977988994,229.09313916125157,4.6131762192565805e-32,7.811046160126311e-32,1.3262671201353506e-31
5.413956978489244,229.00846625234465,5.260395055072907e-32,8.65054760152016e-32,1.4409577423020176e-31
5.4159579789894945,228.92385591058977,6.037934017787042e-32,9.622873707437121e-32,1.5692823007713348e-31
5.417958979489745,228.83930806666356,6.947418747834873e-32,1.0729428403341874e-31,1.7113375951250835e-31
5.419959979989995,228.75482265134522,7.989461005628911e-32,1.197024453798696e-31,1.8670271899774534e-31
5.421960980490245,228.670399595516,9.162330356834826e-32,1.334270737322296e-31,2.035943698195063e-31
5.423961980990494,228.5860388301591,1.0461097246726134e-31,1.4840810222284902e-31,2.217313485344828e-31
5.425962981490745,228.50174028635965,1.1877447781389698e-31,1.6455120605394353e-31,2.410017906368403e-31
5.427963981990995,228.41750389530435,1.3400143514818552e-31,1.8173401151003713e-31,2.612680771423039e-31
5.429964982491246,228.33332958828134,1.501609517827631e-31,1.998182367643257e-31,2.8238110787426677e-31
5.431965982991495,228.24921729668003,1.6711806685131244e-31,2.186650505399803e-31,3.041969667155051e-31
5.433966983491746,228.16516695199078,1.847491721332734e-31,2.3815076221814696e-31,3.265928594696356e-31
5.435967983991995,228.08117848580503,2.02955575402668e-31,2.5817994891907894e-31,3.4947937566232724e-31
5.437968984492246,227.99725182981464,2.2167248002322015e-31,2.7869337858747478e-31,3.728066018722386e-31
5.439969984992496,227.91338691581223,2.408717206881315e-31,2.9966927514925617e-31,3.965629844722431e-31
5.4419709854927465,227.82958367569057,2.6055777475846194e-31,3.211177251507347e-31,4.2076719904541225e-31
5.443971985992996,227.7458420414427,2.807577373517229e-31,3.430692217709071e-31,4.454545081595527e-31
5.4459729864932465,227.66216194516142,3.015074290772574e-31,3.6555978614041307e-31,4.706604616373418e-31
5.447973986993496,227.57854331903954,3.2283582449629544e-31,3.886150425715038e-31,4.964045868093622e-31
5.449974987493746,227.49498609536923,3.4475144845496954e-31,4.12236959568134e-31,5.226778497988986e-31
5.451975987993997,227.41149020654217,3.6723260417702327e-31,4.363950503119931e-31,5.4943553722051775e-31
5.453976988494247,227.32805558504927,3.902239732438638e-31,4.610243859375288e-31,5.765975887884627e-31
5.455977988994497,227.2446821634805,4.13639561424518e-31,4.860301246949028e-31,6.040556389317199e-31
5.457978989494747,227.16136987452452,4.373719983840897e-31,5.112982565853437e-31,6.316859793227805e-31
5.459979989994997,227.07811865096892,4.613059120265309e-31,5.367100147710712e-31,6.593654785995532e-31
5.461980990495247,226.9949284256995,4.85333129575002e-31,5.621575029007895e-31,6.8698771450597e-31
5.463981990995498,226.9117991317006,5.093665497280974e-31,5.875573049142016e-31,7.144759935455497e-31
5.465982991495748,226.8287307020546,5.3335019762463235e-31,6.128596410487086e-31,7.417909377305403e-31
5.467983991995998,226.7457230699419,5.572635420274764e-31,6.380513236897365e-31,7.68931195940602e-31
5.469984992496248,226.66277616864053,5.811190608053932e-31,6.6315175823312005e-31,7.959269518893953e-31
5.471985992996498,226.57988993152628,6.049538509589269e-31,6.882030882677003e-31,8.228278104705291e-31
5.473986993496748,226.4970642920722,6.288167299641698e-31,7.132562049019373e-31,8.496872036731848e-31
5.475987993996998,226.4142991838487,6.527531241676523e-31,7.383551347067221e-31,8.76546150790694e-31
5.477988994497249,226.33159454052324,6.767911227704692e-31,7.6352326256210445e-31,9.03419923176925e-31
5.479989994997498,226.24895029586014,7.009308105718967e-31,7.887534839850493e-31,9.30289642844109e-31
5.481990995497748,226.16636638372043,7.251393787823631e-31,8.140046128755203e-31,9.571008401709771e-31
5.483991995997998,226.08384273806158,7.493525140833599e-31,8.392043079984567e-31,9.837688385291958e-31
5.485992996498249,226.00137929293757,7.734821035180656e-31,8.642582496060557e-31,1.0101902101586194e-30
5.487993996998499,225.9189759824985,7.974285721501968e-31,8.890636079855e-31,1.0362579180005778e-30
5.48999499749875,225.83663274099044,8.210955464853239e-31,9.1352428110553e-31,1.0618773019447244e-30
5.491995997998999,225.7543495027554,8.444040286827287e-31,9.375649741640144e-31,1.0869798357334755e-30
5.493996998499249,225.67212620223086,8.67303294446609e-31,9.61141358665065e-31,1.1115319639666864e-30
5.495997998999499,225.58996277394985,8.897766101222964e-31,9.842445463452766e-31,1.135537504982918e-30
5.49799899949975,225.50785915254082,9.118404800686628e-31,1.006898827266056e-30,1.1590329659767842e-30
5.5,225.42581527272725,9.335377283039947e-31,1.0291532693625579e-30,1.1820768377397726e-30
