r_ocl_A,r_oh_A,theta_deg,ncas,nelecas,conv_cas,e_casscf_Ha,e_nevpt2_Ha,s2,gap_app_eV,status,wall_s
2.6,1.05,135.0,6,10,True,-536.1745376417543,-536.6398048763713,2.000000000000001,0.28868839052164597,ok,2.85
2.6,0.9,125.0,6,10,True,-536.1798837073645,-536.6405431918301,1.9999999999999998,0.2936738588861653,ok,3.13
2.5,1.25,125.0,6,10,True,-536.1304492134335,-536.6044344282412,2.0,0.368331968887754,ok,4.16
2.9,1.25,105.0,6,10,True,-536.1338834129085,-536.6027317995934,1.9999999999999998,0.1333382979542583,ok,4.16
3.0,1.05,115.0,6,10,True,-536.1773216560543,-536.6393717173189,1.9999999999999996,0.1107420314578488,ok,4.21
2.6,1.2,135.0,6,10,True,-536.1436835863317,-536.6138038211301,2.000000000000001,0.2790682117877441,ok,4.25
2.4,1.15,105.0,6,10,True,-536.1539931794854,-536.6283715176064,1.9999999999999993,0.5060306161509383,ok,4.26
3.0,1.2,115.0,6,10,True,-536.1464099890875,-536.6130374635434,2.0000000000000004,0.10837568948384783,ok,4.26
2.5,1.1,115.0,6,10,True,-536.1657165832643,-536.6352854632383,1.9999999999999998,0.3792250103350856,ok,4.29
2.9,1.1,105.0,6,10,True,-536.1686207676081,-536.6329252460548,2.0000000000000004,0.13469027975475137,ok,4.36
2.8,1.15,85.0,6,10,True,-536.1575906902699,-536.6246467994781,2.000000000000001,0.16615816112308193,ok,4.43
2.7,1.05,75.0,6,10,True,-536.1754536884439,-536.6409669408041,1.9999999999999978,0.21323820848438868,ok,4.44
2.4,1.0,105.0,6,10,True,-536.1789725582796,-536.6482959421911,2.0000000000000004,0.5065900594415567,ok,4.47
2.3,1.2,95.0,6,10,True,-536.1396984119428,-536.6199318574742,2.0000000000000004,0.6840981910869146,ok,4.53
3.0,0.9,115.0,6,10,True,-536.1822189041116,-536.6395337114886,2.0,0.11171590531883187,ok,4.62
2.3,1.05,95.0,6,10,True,-536.1706162296433,-536.6457050551464,2.0000000000000004,0.6847184924076236,ok,4.63
2.7,1.2,75.0,6,10,True,-536.1444343610873,-536.6147928110701,2.0,0.21952828406199162,ok,4.65
2.5,0.95,115.0,6,10,True,-536.1823114295553,-536.646900431252,1.9999999999999996,0.3809336499615201,ok,4.66
2.8,1.0,85.0,6,10,True,-536.1826992745089,-536.6450399996774,1.9999999999999998,0.16264711054397468,ok,4.66
2.2,1.25,85.0,6,10,True,-536.1216043846051,-536.6092473595774,2.000000000000001,0.9309478235344445,ok,4.78
2.2,1.1,75.0,6,10,True,-536.153396836203,-536.6368784185171,1.9999999999999998,0.9523332145555109,ok,4.8
2.5,0.8,115.0,6,10,True,-536.1472899056008,-536.606875258673,1.9999999999999987,0.3785869124857505,ok,4.8
2.3,0.9,85.0,6,10,True,-536.1747144561793,-536.6449518941341,1.9999999999999996,0.684839499113818,ok,4.89
2.8,0.85,85.0,6,10,True,-536.1709494040086,-536.6284204345324,1.9999999999999998,0.1573899673518654,ok,4.93
2.9,0.8,95.0,6,10,True,-536.1504554862831,-536.6054209516559,1.9999999999999993,0.12559267115702838,ok,4.96
2.2,0.95,75.0,6,10,True,-536.1707832936404,-536.6481874621203,1.9999999999999998,0.937817370634251,ok,4.97
2.7,0.85,135.0,6,10,True,-536.169866943668,-536.6273258875661,2.0,0.23197315189078735,ok,4.98
2.4,0.85,95.0,6,10,True,-536.1672298842254,-536.6318001531338,2.0000000000000013,0.5032343492247351,ok,5.01
2.9,0.95,95.0,6,10,True,-536.1853111959119,-536.6450325095495,1.9999999999999998,0.12916714039679536,ok,5.31
2.2,0.8,75.0,6,10,True,-536.1368277119564,-536.608304644545,1.9999999999999998,0.9153690005663209,ok,5.34
3.1,0.85,125.0,6,10,True,-536.1715927763695,-536.6268363931912,1.9999999999999998,0.09487584905628166,ok,2.63
3.1,1.0,125.0,6,10,True,-536.1832534899396,-536.6432496561888,2.0,0.092869779056252,ok,2.62
3.2,0.8,135.0,6,10,True,-536.1506390234451,-536.6040174279384,1.9999999999999996,0.08143647021389026,ok,2.87
3.4,1.05,95.0,6,10,True,-536.1772364947122,-536.6381623570846,2.0,0.046038389032989194,ok,2.62
3.4,1.2,105.0,6,10,True,-536.1463442406603,-536.6117471224389,2.0,0.04882253344266416,ok,2.67
3.2,1.15,75.0,6,10,True,-536.1579419115585,-536.6225085941206,2.0000000000000004,0.05906246842147842,ok,3.08
3.1,1.15,135.0,6,10,True,-536.1579129139599,-536.62252065085,2.0000000000000004,0.08907216818255757,ok,3.26
3.3,1.1,85.0,6,10,True,-536.1685952891904,-536.6312639222296,2.0000000000000013,0.05113490797854785,ok,3.71
3.3,1.25,85.0,6,10,True,-536.1338647753508,-536.6009909063844,2.0,0.052465979154269905,ok,3.64
3.5,1.15,115.0,6,10,True,-536.157957268266,-536.6217304402937,1.999999999999999,0.04325550830907851,ok,3.57
3.3,0.8,75.0,6,10,True,-536.1504424566851,-536.6037719251175,1.9999999999999993,0.040872004289701114,ok,3.98
3.6,1.1,125.0,6,10,True,-536.1683352759005,-536.630502950915,2.0000000000000004,0.03836498867980793,ok,3.58
3.4,0.9,95.0,6,10,True,-536.1821358197113,-536.6383727533826,2.0,0.045265725167909526,ok,3.84
3.5,0.85,105.0,6,10,True,-536.1714568520856,-536.6259727768904,2.0000000000000004,0.04233851698495879,ok,3.84
3.5,1.0,105.0,6,10,True,-536.1831327020499,-536.6423576276051,1.9999999999999998,0.04223975024427265,ok,3.88
3.6,1.25,135.0,6,10,True,-536.1334553064637,-536.6001052134303,1.9999999999999993,0.03513667300548352,ok,3.74
3.2,0.95,135.0,6,10,True,-536.1853318286506,-536.64341966027,2.0,0.0787619158706885,ok,4.35
3.6,0.95,125.0,6,10,True,-536.1851637662243,-536.642698780029,1.9999999999999998,0.04054886998642384,ok,3.92
3.6,0.8,115.0,6,10,True,-536.1504699974755,-536.6033284808502,2.0000000000000004,0.039670165132613726,ok,4.34
2.2,0.9,85.0,6,10,True,-536.1706110992612,-536.6452043599445,2.0,0.920780923518259,ok,3.09
2.2,0.9,95.0,6,10,True,-536.1716275151869,-536.6456208229391,2.0000000000000004,0.910245505699063,ok,3.2
2.2,1.0,95.0,6,10,True,-536.1727452813682,-536.6504501401301,2.0,0.9152421782426601,ok,4.68
2.2,0.9,75.0,6,10,True,-536.1678252828757,-536.6431938719818,1.9999999999999987,0.9312319502361798,ok,4.74
2.2,1.0,105.0,6,10,True,-536.1726553040602,-536.6497192906639,2.0000000000000004,0.9029338360772677,ok,4.77
2.2,1.0,75.0,6,10,True,-536.1684110219534,-536.647862631099,1.9999999999999993,0.9435078404412002,ok,4.78
2.2,1.0,85.0,6,10,True,-536.171496277467,-536.6499135494199,2.0,0.9279703364681072,ok,4.78
2.2,0.95,105.0,6,10,True,-536.174695005273,-536.6499475560779,2.0,0.9015221454546516,ok,4.84
2.2,0.85,95.0,6,10,True,-536.1609453482585,-536.6331377637737,1.9999999999999991,0.9064004428119277,ok,4.85
2.2,0.85,135.0,6,10,True,-536.1557950080448,-536.6248772836485,2.0000000000000004,0.8740021683595888,ok,4.85
2.2,0.95,85.0,6,10,True,-536.1737317431451,-536.6502264988686,1.9999999999999993,0.9248470374343848,ok,4.86
2.2,0.85,105.0,6,10,True,-536.1605994910574,-536.6322219277378,1.9999999999999987,0.896157620660082,ok,4.87
2.2,0.95,125.0,6,10,True,-536.1720171572019,-536.6456989794825,1.999999999999999,0.8797159133788447,ok,4.87
2.2,0.85,125.0,6,10,True,-536.1577274283371,-536.6278461051625,2.0,0.8790388377314831,ok,4.9
2.2,0.95,95.0,6,10,True,-536.1748688358915,-536.6507091087444,1.9999999999999996,0.9131911338003244,ok,5.01
2.2,0.9,125.0,6,10,True,-536.1685894457172,-536.640478760324,2.0000000000000013,0.8797827184539037,ok,5.03
2.2,0.95,135.0,6,10,True,-536.1701240506741,-536.6427751277722,1.9999999999999991,0.8699566043324711,ok,5.03
2.2,0.95,115.0,6,10,True,-536.1736307009857,-536.6481913296938,1.9999999999999991,0.8901295479082558,ok,5.04
2.2,0.9,115.0,6,10,True,-536.1702441712586,-536.6429921302689,2.0,0.8887275793508006,ok,5.1
2.2,0.85,115.0,6,10,True,-536.1594179118063,-536.6303664779482,1.9999999999999993,0.8865160339285615,ok,5.11
2.2,0.9,105.0,6,10,True,-536.1713684130848,-536.6447771964516,1.9999999999999987,0.8992592856176186,ok,5.16
2.2,0.85,75.0,6,10,True,-536.1574602500859,-536.6308410752836,1.9999999999999998,0.9237499922515471,ok,5.21
2.2,0.8,105.0,6,10,True,-536.1395302482431,-536.6094361541502,2.0,0.8922448231029122,ok,5.3
2.2,0.8,135.0,6,10,True,-536.1346284515578,-536.6019987683919,2.000000000000001,0.8747588049433512,ok,5.32
2.2,0.85,85.0,6,10,True,-536.1600585619522,-536.6327991166877,1.9999999999999991,0.9157646935142606,ok,5.32
2.2,0.8,85.0,6,10,True,-536.139216153138,-536.6101858245585,1.9999999999999991,0.9098125842375567,ok,5.34
2.2,0.9,135.0,6,10,True,-536.1666732512754,-536.6375327039575,1.9999999999999987,0.8723995144365799,ok,5.35
2.2,0.8,115.0,6,10,True,-536.1382931652514,-536.607498306839,1.9999999999999996,0.8835218029384538,ok,5.39
2.2,0.8,95.0,6,10,True,-536.1399647183272,-536.6104321317241,2.0,0.9016800353230054,ok,5.42
2.2,0.8,125.0,6,10,True,-536.1365713660275,-536.604970309123,2.0000000000000004,0.8775018252285635,ok,5.65
2.2,1.0,115.0,6,10,True,-536.1716544000792,-536.6479928402761,2.0000000000000013,0.8907104079358463,ok,2.73
2.2,1.0,125.0,6,10,True,-536.1700880943727,-536.6455483970616,2.0,0.8788334193610104,ok,2.76
2.2,1.25,75.0,6,10,True,-536.1181994164604,-536.6074858207636,2.000000000000001,0.9597536905635246,ok,2.59
2.2,1.25,95.0,6,10,True,-536.1232944613932,-536.6099318066372,2.0,0.9135106143732611,ok,2.71
2.2,1.1,105.0,6,10,True,-536.1582014906203,-536.6388301374561,2.0,0.9033132025146143,ok,3.82
2.2,1.05,105.0,6,10,True,-536.1667797735711,-536.6456213933167,1.9999999999999996,0.9035225517039766,ok,3.91
2.2,1.1,95.0,6,10,True,-536.1581260277491,-536.639440433908,2.0,0.9167792446789915,ok,3.92
2.2,1.05,125.0,6,10,True,-536.164332902787,-536.6415904701541,1.9999999999999991,0.8771559105831239,ok,3.95
2.2,1.05,135.0,6,10,True,-536.1625092137444,-536.6387460022311,1.9999999999999996,0.8626595500527644,ok,3.95
2.2,1.05,85.0,6,10,True,-536.1654341556901,-536.6457565716144,1.9999999999999993,0.9301821300508621,ok,4.06
2.2,1.1,115.0,6,10,True,-536.1573376949839,-536.637255572003,2.000000000000001,0.8894820577040446,ok,3.94
2.2,1.15,105.0,6,10,True,-536.1477601632471,-536.6301686005768,2.0000000000000004,0.9023626196493649,ok,3.81
2.2,1.05,95.0,6,10,True,-536.1667863888849,-536.6463314404406,1.9999999999999991,0.916420587963374,ok,4.16
2.2,1.0,135.0,6,10,True,-536.168225746206,-536.6426609495513,2.0000000000000004,0.8666955242527403,ok,4.29
2.2,1.05,75.0,6,10,True,-536.1622381274699,-536.6436871045048,1.9999999999999993,0.9483340549269172,ok,4.36
2.2,1.1,135.0,6,10,True,-536.1541071369584,-536.632177259338,1.9999999999999996,0.8578865311825885,ok,4.13
2.2,1.15,115.0,6,10,True,-536.1469702086852,-536.6286507045272,1.9999999999999998,0.887758823496513,ok,3.99
2.2,1.1,125.0,6,10,True,-536.155884953656,-536.6349369007874,1.9999999999999996,0.8747235890673145,ok,4.16
2.2,1.15,125.0,6,10,True,-536.1455834972426,-536.6264226332277,1.9999999999999996,0.8715923976271011,ok,3.98
2.2,1.15,85.0,6,10,True,-536.1460681640003,-536.6301050494955,1.9999999999999996,0.9320590193980006,ok,4.18
2.2,1.15,95.0,6,10,True,-536.1476034186675,-536.630717212174,2.0,0.9163707347127972,ok,4.14
2.2,1.05,115.0,6,10,True,-536.1658453809958,-536.6439774422882,1.9999999999999982,0.8904795191048129,ok,4.4
2.2,1.1,85.0,6,10,True,-536.1566783398438,-536.6388619776076,2.0,0.9315201205455086,ok,4.42
2.2,1.15,75.0,6,10,True,-536.1427246061628,-536.6281664557557,2.000000000000001,0.9555408907446661,ok,4.34
2.2,1.15,135.0,6,10,True,-536.1438589120097,-536.62374910711,2.0000000000000004,0.8524539634894946,ok,4.1
2.2,1.2,95.0,6,10,True,-536.1358395554724,-536.6207248531456,2.0,0.9152539447906267,ok,4.08
2.2,1.2,105.0,6,10,True,-536.1360774490616,-536.6202375657998,2.0,0.9007474066969097,ok,4.08
2.2,1.2,125.0,6,10,True,-536.1340479337302,-536.6166647219352,1.9999999999999993,0.8678032210926205,ok,4.02
2.2,1.2,115.0,6,10,True,-536.1353636237978,-536.6187936726899,2.0,0.8853670035290926,ok,4.08
2.2,1.2,135.0,6,10,True,-536.1323843050097,-536.6140734688589,2.0,0.8464245108540791,ok,4.08
2.2,1.2,75.0,6,10,True,-536.1308399663818,-536.6182171948628,2.0000000000000004,0.958001158729915,ok,4.47
2.2,1.2,85.0,6,10,True,-536.1342236679722,-536.6200727501732,1.9999999999999998,0.9318405163901616,ok,4.55
2.2,1.25,105.0,6,10,True,-536.1236118975063,-536.6095086745189,1.9999999999999996,0.8985117574974083,ok,2.55
2.2,1.25,115.0,6,10,True,-536.1229776832859,-536.6081534472921,2.0000000000000004,0.8823868689985888,ok,2.46
2.2,1.25,135.0,6,10,True,-536.1201414164759,-536.6036201850492,2.0,0.8398705077109573,ok,3.89
2.2,1.25,125.0,6,10,True,-536.1217375855884,-536.6061253181609,2.000000000000001,0.863438032270032,ok,3.94
2.3,0.8,85.0,6,10,True,-536.1432333807901,-536.6099490155275,2.000000000000001,0.6753683255028861,ok,4.47
2.3,0.8,75.0,6,10,True,-536.1415137260777,-536.6086494371211,2.0,0.6766792378888159,ok,4.59
2.3,0.8,125.0,6,10,True,-536.1411947982754,-536.6055603902049,2.000000000000001,0.6625727218846451,ok,4.49
2.3,0.8,105.0,6,10,True,-536.1433841370086,-536.6091290349839,2.000000000000001,0.667393409389766,ok,4.59
2.3,0.8,95.0,6,10,True,-536.1437408366336,-536.6099914103359,1.9999999999999996,0.6717863539102151,ok,4.62
2.3,0.8,115.0,6,10,True,-536.1424552846004,-536.6075707802568,2.000000000000001,0.6639066716146946,ok,4.68
2.3,0.8,135.0,6,10,True,-536.139794867167,-536.6033333100402,1.9999999999999998,0.663227020589685,ok,4.58
2.3,0.85,85.0,6,10,True,-536.1641207243409,-536.6325618147334,1.9999999999999973,0.6804758294569114,ok,4.42
2.3,0.85,75.0,6,10,True,-536.1622325861925,-536.6311881471477,1.9999999999999996,0.6836813047427547,ok,4.61
2.3,0.9,115.0,6,10,True,-536.1743265176523,-536.6429043014361,1.9999999999999982,0.6678222479800062,ok,4.21
2.3,0.85,95.0,6,10,True,-536.1647328017388,-536.63267252322,2.000000000000001,0.6758278280312738,ok,4.5
2.3,0.9,95.0,6,10,True,-536.1754257596797,-536.6451307619037,1.9999999999999987,0.6791583950941104,ok,4.41
2.3,0.85,105.0,6,10,True,-536.1644374132038,-536.6318746086907,2.000000000000001,0.6706343022590178,ok,4.52
2.3,0.9,75.0,6,10,True,-536.1726721527771,-536.6435262274557,1.9999999999999993,0.6899953178395405,ok,4.51
2.3,0.95,135.0,6,10,True,-536.1750512197071,-536.6438024003575,1.9999999999999991,0.6579098815936459,ok,2.79
2.3,0.85,115.0,6,10,True,-536.1635404244421,-536.6303436929635,1.9999999999999996,0.6661935200365771,ok,4.64
2.3,0.95,85.0,6,10,True,-536.1778732950536,-536.6499487708933,2.0000000000000013,0.6884426078336472,ok,4.4
2.3,0.9,105.0,6,10,True,-536.1751902861217,-536.6443801657459,1.9999999999999991,0.673198094704454,ok,4.56
2.3,1.0,75.0,6,10,True,-536.1733727801211,-536.6481178125491,1.9999999999999993,0.7005241928218793,ok,2.75
2.3,0.85,135.0,6,10,True,-536.160885441119,-536.6261164640165,2.0,0.6621576119865465,ok,4.66
2.3,0.9,125.0,6,10,True,-536.1730909320719,-536.6409341888768,2.000000000000001,0.6636997650143046,ok,4.5
2.3,0.85,125.0,6,10,True,-536.16229077887,-536.6283778889476,2.000000000000001,0.6634688712149874,ok,4.81
2.3,0.95,95.0,6,10,True,-536.1786776482687,-536.6501878686612,1.9999999999999993,0.681749975784925,ok,4.55
2.3,0.95,75.0,6,10,True,-536.1756932377956,-536.6484882762131,2.0,0.6956141517445308,ok,4.61
2.3,0.9,135.0,6,10,True,-536.1716840072099,-536.6386651658819,2.000000000000001,0.6603796760155616,ok,4.63
2.3,0.95,105.0,6,10,True,-536.1785008939106,-536.6494911990317,1.9999999999999996,0.6750574367971698,ok,4.41
2.3,0.95,115.0,6,10,True,-536.1776721016649,-536.6480389666376,2.0,0.668764466928216,ok,4.49
2.3,0.95,125.0,6,10,True,-536.1764547599741,-536.646066902263,1.9999999999999996,0.6632509152318983,ok,4.57
2.3,1.1,115.0,6,10,True,-536.1612528540202,-536.6368272865772,2.0000000000000018,0.667547430799544,ok,2.54
2.3,1.15,85.0,6,10,True,-536.1503366762448,-536.6296305090783,2.0000000000000004,0.6954297825693992,ok,2.66
2.3,1.0,95.0,6,10,True,-536.1765644358723,-536.6498772082658,1.9999999999999982,0.6835951313733072,ok,4.21
2.3,1.0,85.0,6,10,True,-536.1756730925828,-536.6495918501269,1.9999999999999996,0.6912732059534548,ok,4.32
2.3,1.0,105.0,6,10,True,-536.1764455479668,-536.6491853267022,2.000000000000001,0.6762042227821738,ok,4.19
2.3,1.05,105.0,6,10,True,-536.1705543971573,-536.645026253086,2.0,0.6766552906743645,ok,4.0
2.3,1.05,115.0,6,10,True,-536.1698035044201,-536.6436430582359,2.0000000000000013,0.6686047133966001,ok,4.09
2.3,1.0,135.0,6,10,True,-536.1730652231447,-536.6435441651316,2.0,0.6547731377343572,ok,4.2
2.3,1.05,75.0,6,10,True,-536.1672413512788,-536.6438989851429,1.9999999999999996,0.7047521868961623,ok,4.2
2.3,1.0,125.0,6,10,True,-536.1744596043284,-536.6458048636146,2.0000000000000004,0.6621263456950344,ok,4.22
2.3,1.05,135.0,6,10,True,-536.1672567268793,-536.6395093017182,1.9999999999999996,0.6510158290620787,ok,4.1
2.3,1.05,85.0,6,10,True,-536.1696438803001,-536.6453935081892,2.0000000000000013,0.6933581227841649,ok,4.19
2.3,1.0,115.0,6,10,True,-536.1756543189214,-536.6477506887958,1.9999999999999996,0.6690200942208436,ok,4.41
2.3,1.05,125.0,6,10,True,-536.1686361399089,-536.6417185377006,1.9999999999999991,0.6603532809190285,ok,4.2
2.3,1.1,85.0,6,10,True,-536.160918717115,-536.6384388702435,1.9999999999999996,0.6947301632663161,ok,4.2
2.3,1.1,75.0,6,10,True,-536.158431874929,-536.6369661629489,2.0,0.7083195202852147,ok,4.22
2.3,1.1,95.0,6,10,True,-536.1619656283328,-536.6387639742461,2.0,0.685137569177152,ok,4.2
2.3,1.15,105.0,6,10,True,-536.1515038662701,-536.6294300706179,1.9999999999999996,0.6755963038662574,ok,4.05
2.3,1.15,115.0,6,10,True,-536.1508418398512,-536.6281282978307,2.0000000000000018,0.6658972120836711,ok,3.97
2.3,1.1,125.0,6,10,True,-536.1601178116217,-536.6349493896462,2.0,0.657972167538194,ok,4.15
2.3,1.1,135.0,6,10,True,-536.158759117808,-536.6327878715406,1.999999999999999,0.6466891562500788,ok,4.18
2.3,1.1,105.0,6,10,True,-536.1619607142339,-536.638169726713,2.0000000000000004,0.6764383187672255,ok,4.28
2.3,1.15,95.0,6,10,True,-536.1514527551916,-536.6299787546333,1.9999999999999998,0.6849147794097038,ok,4.24
2.3,1.15,75.0,6,10,True,-536.1477826730298,-536.6282094230367,2.0000000000000004,0.7112513405915845,ok,4.27
2.3,1.15,125.0,6,10,True,-536.1497435135129,-536.6263165942971,2.0000000000000004,0.6550290538618438,ok,4.16
2.3,1.15,135.0,6,10,True,-536.1484114312559,-536.6241860908458,2.0,0.6418524508371775,ok,4.16
2.3,1.2,85.0,6,10,True,-536.1385183986,-536.6195444967857,2.0000000000000004,0.6955008637838196,ok,4.2
2.3,1.2,105.0,6,10,True,-536.1398053609472,-536.6194219923422,2.0,0.6741965360883709,ok,4.07
2.3,1.2,75.0,6,10,True,-536.1359132805369,-536.6181748277455,2.0000000000000013,0.7135698548310971,ok,4.36
2.3,1.2,115.0,6,10,True,-536.1391909523497,-536.6181725730381,1.9999999999999996,0.6636993714092918,ok,4.09
2.3,1.2,125.0,6,10,True,-536.1381336826997,-536.6164236844368,2.0000000000000004,0.6515777585734716,ok,2.47
2.3,1.2,135.0,6,10,True,-536.1368335017585,-536.614333587414,2.000000000000001,0.6365596060373119,ok,2.5
2.3,1.25,75.0,6,10,True,-536.1232816914683,-536.6073488017862,2.0,0.7153148994703273,ok,3.93
2.3,1.25,85.0,6,10,True,-536.125923233161,-536.6086618670128,2.000000000000016,0.6950042758383376,ok,4.01
2.3,1.25,95.0,6,10,True,-536.1271622194704,-536.6090784170672,2.0000000000000004,0.6827513898328587,ok,3.83
2.3,1.25,105.0,6,10,True,-536.1273240967744,-536.608615666507,2.0,0.6722874423535969,ok,3.84
2.3,1.25,135.0,6,10,True,-536.1244838555285,-536.6036957530545,1.9999999999999993,0.6308779603478353,ok,3.75
2.3,1.25,115.0,6,10,True,-536.1267595870692,-536.6074235731072,2.0,0.6610240825860751,ok,3.84
2.3,1.25,125.0,6,10,True,-536.1257469135473,-536.60573945701,2.0000000000000004,0.6476768338471811,ok,3.84
2.4,0.95,85.0,6,10,True,-536.1805910498499,-536.6491147058038,2.0,0.5110393593194122,ok,2.9
2.4,0.95,95.0,6,10,True,-536.1811806991634,-536.6492558616943,2.0,0.5083307310598918,ok,2.82
2.4,0.8,75.0,6,10,True,-536.1446148626568,-536.608255705647,1.9999999999999996,0.4980450283405874,ok,4.53
2.4,0.8,85.0,6,10,True,-536.1458678281701,-536.6091673496517,2.0000000000000013,0.4998297147552517,ok,4.57
2.4,0.8,115.0,6,10,True,-536.1453219055935,-536.6073155460289,2.000000000000001,0.4999549307393396,ok,4.53
2.4,0.8,105.0,6,10,True,-536.1459814432096,-536.6084912791018,1.9999999999999993,0.49944806662893765,ok,4.55
2.4,0.8,95.0,6,10,True,-536.1462362342858,-536.6091375343547,1.9999999999999996,0.49982210980079106,ok,4.69
2.4,0.85,75.0,6,10,True,-536.1653982417839,-536.6307867216989,2.0000000000000004,0.5038048638655389,ok,4.57
2.4,0.9,85.0,6,10,True,-536.1774052215134,-536.6441449544507,1.9999999999999991,0.5078865681231501,ok,4.44
2.4,0.85,85.0,6,10,True,-536.1667839445331,-536.6317729317198,1.9999999999999996,0.5041458449309367,ok,4.62
2.4,0.85,105.0,6,10,True,-536.1670151956407,-536.6311771700965,1.9999999999999991,0.5020788563100279,ok,4.64
2.4,0.8,125.0,6,10,True,-536.1444331394067,-536.605818951101,1.9999999999999984,0.5019311819415598,ok,4.79
2.4,0.85,115.0,6,10,True,-536.1663707829789,-536.6300088564224,1.9999999999999993,0.5016470929938317,ok,4.69
2.4,0.9,75.0,6,10,True,-536.1758957004499,-536.643103168826,2.0,0.5090575567715877,ok,4.6
2.4,0.9,105.0,6,10,True,-536.1777496346274,-536.6436290132185,1.9999999999999996,0.5041595983036312,ok,4.55
2.4,0.9,95.0,6,10,True,-536.1779251448535,-536.6442359360695,2.0000000000000004,0.5060761034246937,ok,4.59
2.4,0.85,125.0,6,10,True,-536.165479748428,-536.6285238364491,2.0000000000000004,0.5023483323564993,ok,4.76
2.4,0.85,135.0,6,10,True,-536.1644819871482,-536.626851845229,1.9999999999999996,0.5035377781822822,ok,4.77
2.4,0.8,135.0,6,10,True,-536.1434499880957,-536.6041521326646,1.9999999999999998,0.5047769469633889,ok,5.11
2.4,0.9,115.0,6,10,True,-536.1771210785344,-536.6424774679305,2.0,0.5027931305870076,ok,4.66
2.4,0.9,135.0,6,10,True,-536.1752203498042,-536.6392670174059,1.9999999999999998,0.5017128377888718,ok,4.6
2.4,0.9,125.0,6,10,True,-536.1762300433542,-536.6409828848036,1.999999999999999,0.502211867893319,ok,4.81
2.4,0.95,75.0,6,10,True,-536.178968488848,-536.6480336047925,2.0000000000000004,0.5137983978124819,ok,4.78
2.4,1.0,115.0,6,10,True,-536.178380300347,-536.6471767206117,2.0,0.503400448424113,ok,2.69
2.4,1.0,125.0,6,10,True,-536.1774982356422,-536.6457139623,1.9999999999999996,0.5002719462886875,ok,2.78
2.4,0.95,105.0,6,10,True,-536.1810432975452,-536.6486578831043,1.9999999999999998,0.505667332373021,ok,4.13
2.4,0.95,115.0,6,10,True,-536.1804319895696,-536.6475201035568,2.0000000000000004,0.5033802290992169,ok,4.26
2.4,1.0,75.0,6,10,True,-536.1766937764883,-536.6476241686216,2.0000000000000018,0.5180117282694158,ok,4.12
2.4,0.95,135.0,6,10,True,-536.1785256330243,-536.6443267902872,2.0000000000000004,0.49931898300607186,ok,4.25
2.4,0.95,125.0,6,10,True,-536.1795437186702,-536.6460481001178,1.9999999999999991,0.5015169041845912,ok,4.33
2.4,1.0,85.0,6,10,True,-536.1784175524866,-536.6487019793226,2.000000000000001,0.5135885291095452,ok,4.35
2.4,1.05,85.0,6,10,True,-536.1724147498857,-536.6444671853463,2.0000000000000013,0.5155479246016101,ok,3.88
2.4,1.0,135.0,6,10,True,-536.1764761211936,-536.6439968933062,2.000000000000001,0.49639134788791567,ok,4.08
2.4,1.05,95.0,6,10,True,-536.1731303128856,-536.6446616145533,2.0,0.5110388522760445,ok,3.97
2.4,1.05,105.0,6,10,True,-536.1730674997387,-536.6440919150592,2.0000000000000004,0.5069412354469309,ok,3.96
2.4,1.05,75.0,6,10,True,-536.170602096199,-536.6433668511584,2.0,0.521709689814343,ok,4.16
2.4,1.05,115.0,6,10,True,-536.1724963468172,-536.6430022770467,2.000000000000001,0.5028723510072611,ok,4.19
2.4,1.05,125.0,6,10,True,-536.171624134076,-536.6415414847531,2.0,0.4985053620603771,ok,4.21
2.4,1.05,135.0,6,10,True,-536.1706024496866,-536.6398388764491,2.0,0.49297178321213236,ok,4.25
2.4,1.1,135.0,6,10,True,-536.1620379445916,-536.6329900454554,2.0000000000000013,0.4891066173680726,ok,4.12
2.4,1.2,85.0,6,10,True,-536.1413648225861,-536.6184938902354,2.000000000000001,0.5181075133004677,ok,2.58
2.4,1.1,85.0,6,10,True,-536.1637151746044,-536.6374894399181,2.0,0.5169302140963608,ok,4.31
2.4,1.1,125.0,6,10,True,-536.163054674433,-536.6346745009353,1.9999999999999998,0.49625030243197604,ok,4.21
2.4,1.1,115.0,6,10,True,-536.163913379098,-536.6361191954006,1.9999999999999998,0.5018215318225806,ok,4.21
2.4,1.1,75.0,6,10,True,-536.1618266166491,-536.6363620762363,2.000000000000001,0.524905448909727,ok,4.37
2.4,1.1,95.0,6,10,True,-536.1644872194286,-536.6376884476324,1.9999999999999996,0.5115252215816607,ok,4.31
2.4,1.1,105.0,6,10,True,-536.1644612545467,-536.637174191869,2.0,0.5067419543485364,ok,4.32
2.4,1.15,95.0,6,10,True,-536.1539827232664,-536.6288422568484,2.0,0.5114803937315684,ok,4.11
2.4,1.15,75.0,6,10,True,-536.1512060880427,-536.6275457125124,1.9999999999999984,0.5276148065293933,ok,4.33
2.4,1.15,85.0,6,10,True,-536.153158349058,-536.6286187784682,2.0000000000000004,0.5177721034723708,ok,4.19
2.4,1.15,115.0,6,10,True,-536.1534707201668,-536.6273484669614,2.0,0.5002891113100846,ok,4.2
2.4,1.2,95.0,6,10,True,-536.1422375858652,-536.6187463461256,2.0,0.5109441810469778,ok,2.61
2.4,1.15,125.0,6,10,True,-536.1526290368422,-536.625925702101,1.9999999999999996,0.49355165557522396,ok,4.21
2.4,1.15,135.0,6,10,True,-536.1516216511299,-536.6242659971806,2.0,0.4848452159534826,ok,4.15
2.4,1.2,75.0,6,10,True,-536.1393608118971,-536.6174620246456,2.0,0.5298571570249249,ok,4.0
2.4,1.2,105.0,6,10,True,-536.1422842958802,-536.6183051586593,2.0,0.5048547689633429,ok,3.75
2.4,1.2,115.0,6,10,True,-536.1417889299692,-536.6173163051828,1.9999999999999998,0.49831819675926275,ok,3.76
2.4,1.2,125.0,6,10,True,-536.1409675707752,-536.6159199794295,1.9999999999999998,0.49045460138921354,ok,3.72
2.4,1.2,135.0,6,10,True,-536.1399738140093,-536.6142888451209,1.9999999999999998,0.48023978561082187,ok,3.86
2.4,1.25,75.0,6,10,True,-536.1267489123238,-536.6065699874741,2.000000000000001,0.5316464824245326,ok,3.96
2.4,1.25,85.0,6,10,True,-536.1287934970135,-536.607570332723,2.0000000000000004,0.5179717858076313,ok,3.94
2.5,0.8,125.0,6,10,True,-536.1466810013068,-536.6057823582997,1.9999999999999998,0.3826141152766093,ok,2.9
2.4,1.25,105.0,6,10,True,-536.1297936816865,-536.6074361878893,2.0,0.5032628423755374,ok,3.7
2.4,1.25,95.0,6,10,True,-536.1297109036641,-536.6078450982698,2.000000000000001,0.5099616122562748,ok,3.81
2.4,1.25,115.0,6,10,True,-536.1293269993262,-536.6064825288519,1.9999999999999996,0.4959602448801453,ok,3.73
2.5,0.9,95.0,6,10,True,-536.1795758591105,-536.6432576556849,2.0,0.3779852963235035,ok,2.78
2.4,1.25,125.0,6,10,True,-536.1285290840734,-536.6051220577901,1.9999999999999998,0.4870119954404685,ok,3.8
2.4,1.25,135.0,6,10,True,-536.1275530189557,-536.6035234294892,1.9999999999999991,0.4753453208919933,ok,3.79
2.5,0.8,75.0,6,10,True,-536.1466810268868,-536.607576511197,1.9999999999999998,0.3661001278684912,ok,4.79
2.5,0.8,85.0,6,10,True,-536.1476067303755,-536.608241963243,1.9999999999999991,0.370056620469928,ok,4.74
2.5,0.8,95.0,6,10,True,-536.1478939098259,-536.6082069775897,2.0,0.3727287567036279,ok,4.74
2.5,0.9,75.0,6,10,True,-536.1780531729247,-536.6423963178954,1.9999999999999996,0.37513182684542073,ok,4.5
2.5,0.85,95.0,6,10,True,-536.168883215457,-536.6308432392265,1.9999999999999996,0.37557592886964203,ok,4.71
2.5,0.85,75.0,6,10,True,-536.1675115216777,-536.6300963505383,1.9999999999999998,0.3707912164011258,ok,4.73
2.5,0.85,85.0,6,10,True,-536.1685399008852,-536.6308065592899,2.0000000000000004,0.37366612452798265,ok,4.72
2.5,0.8,135.0,6,10,True,-536.1460004935342,-536.6045735597064,1.9999999999999993,0.38661498957254253,ok,4.76
2.5,0.9,85.0,6,10,True,-536.179178880879,-536.6431495739472,2.0000000000000004,0.3768520016203033,ok,4.51
2.5,0.85,125.0,6,10,True,-536.1676894070551,-536.6284106198499,1.9999999999999998,0.3827133736329974,ok,4.69
2.5,0.8,105.0,6,10,True,-536.1477353174436,-536.6077175487352,1.9999999999999993,0.37531707728458263,ok,5.0
2.5,0.9,105.0,6,10,True,-536.1794657990291,-536.6427690853576,2.000000000000001,0.3791114145789853,ok,4.6
2.5,0.85,115.0,6,10,True,-536.1683079975621,-536.6295118321152,2.0000000000000013,0.37981672364047037,ok,4.96
2.5,0.85,135.0,6,10,True,-536.1669900346955,-536.6271867979978,2.0000000000000004,0.3853361535898968,ok,4.94
2.5,0.85,105.0,6,10,True,-536.1687493549837,-536.6303607747982,1.9999999999999998,0.37743323659554695,ok,5.08
2.5,0.9,115.0,6,10,True,-536.1790287796682,-536.6419152777192,1.9999999999999993,0.3806052035667478,ok,4.71
2.5,0.9,125.0,6,10,True,-536.1784016233349,-536.640805838269,2.0,0.3823522253075951,ok,4.45
2.5,1.0,105.0,6,10,True,-536.1806583959625,-536.6473577281791,2.000000000000001,0.38107114677281767,ok,2.56
2.5,0.95,135.0,6,10,True,-536.1809471698715,-536.6445492979592,2.0,0.38134269207545507,ok,2.86
2.5,0.9,135.0,6,10,True,-536.1776853409914,-536.6395720601785,2.0,0.3835715663765551,ok,4.38
2.5,0.95,75.0,6,10,True,-536.1811668054469,-536.6473010307019,1.9999999999999998,0.3791069333200373,ok,4.65
2.5,0.95,105.0,6,10,True,-536.1827432763974,-536.6477640220177,2.0000000000000004,0.3803275222418373,ok,4.11
2.5,0.95,85.0,6,10,True,-536.1823827491639,-536.648125052999,2.0,0.37959031077527566,ok,4.59
2.5,0.95,95.0,6,10,True,-536.1828303494582,-536.6482492713045,1.9999999999999996,0.3799306655399335,ok,4.59
2.5,1.0,75.0,6,10,True,-536.1789300390462,-536.6468556489244,1.999999999999997,0.38270985554361,ok,4.21
2.5,1.0,115.0,6,10,True,-536.1802330569616,-536.6464881361534,2.0,0.3808045443711679,ok,3.98
2.5,0.95,125.0,6,10,True,-536.1816778382172,-536.6457883253215,1.999999999999999,0.3815348703934674,ok,4.43
2.5,1.0,95.0,6,10,True,-536.1807229978823,-536.6478371861278,1.9999999999999998,0.3813974698016782,ok,4.14
2.5,1.0,125.0,6,10,True,-536.1795955881306,-536.6453783058781,2.000000000000001,0.38027193213934424,ok,3.97
2.5,1.0,85.0,6,10,True,-536.180228219866,-536.647697946171,2.0000000000000004,0.3818706052512678,ok,4.22
2.5,1.15,115.0,6,10,True,-536.1552510853805,-536.6264499073137,1.9999999999999987,0.37783478639832707,ok,2.42
2.5,1.15,105.0,6,10,True,-536.1556474869247,-536.6272504369019,2.0,0.38059359019103206,ok,2.55
2.5,1.0,135.0,6,10,True,-536.17885371558,-536.6441312612131,1.9999999999999987,0.37868110417025064,ok,4.19
2.5,1.05,75.0,6,10,True,-536.1728732207192,-536.6425685559838,1.9999999999999984,0.3859414150463014,ok,4.21
2.5,1.05,85.0,6,10,True,-536.1742449026365,-536.6434183347347,1.9999999999999991,0.38369284521848296,ok,4.15
2.5,1.05,95.0,6,10,True,-536.1747836292097,-536.6435688472094,2.0000000000000004,0.3823925686350163,ok,4.19
2.5,1.05,105.0,6,10,True,-536.1747409412608,-536.6430971194364,2.0000000000000018,0.38134929949690793,ok,4.21
2.5,1.05,135.0,6,10,True,-536.1729352698103,-536.6398897111778,2.000000000000001,0.3756250074948624,ok,4.21
2.5,1.05,125.0,6,10,True,-536.1736849108173,-536.6411345534764,2.0,0.3785847608754857,ok,4.29
2.5,1.05,115.0,6,10,True,-536.1743235748382,-536.6422381737127,1.9999999999999993,0.38022523100187333,ok,4.32
2.5,1.1,85.0,6,10,True,-536.1655654755693,-536.6364039350407,1.9999999999999993,0.3850648843208991,ok,4.26
2.5,1.1,95.0,6,10,True,-536.1661451134477,-536.6365607945901,2.0000000000000004,0.38292624617701426,ok,4.19
2.5,1.1,105.0,6,10,True,-536.1661242771054,-536.6361159963571,2.0,0.38118043946306723,ok,4.26
2.5,1.1,135.0,6,10,True,-536.164325606804,-536.6329571049416,2.000000000000001,0.3722181675188253,ok,4.21
2.5,1.1,125.0,6,10,True,-536.1650795353594,-536.6341972455225,1.9999999999999987,0.3765091635954235,ok,4.28
2.5,1.1,75.0,6,10,True,-536.1641291571572,-536.6355394912268,1.9999999999999991,0.3888045561054708,ok,4.57
2.5,1.15,95.0,6,10,True,-536.1556466051529,-536.6276635046103,1.9999999999999993,0.3830266056455369,ok,3.93
2.5,1.15,85.0,6,10,True,-536.1550291529727,-536.6274816225192,2.0,0.3860097647255216,ok,4.25
2.5,1.15,75.0,6,10,True,-536.1535371742004,-536.6266502189343,2.0000000000000004,0.3913122669564552,ok,4.35
2.5,1.15,125.0,6,10,True,-536.1546184602017,-536.6253794361834,2.0000000000000004,0.3740815404921612,ok,3.93
2.5,1.15,135.0,6,10,True,-536.1538636757839,-536.6241465619297,1.9999999999999998,0.36850392800151954,ok,3.92
2.5,1.25,105.0,6,10,True,-536.1314347304476,-536.6062045679444,1.9999999999999993,0.378318098325429,ok,2.45
2.5,1.25,95.0,6,10,True,-536.1313904846564,-536.6065840061063,2.0,0.38205605560662076,ok,2.5
2.5,1.2,75.0,6,10,True,-536.141717466355,-536.6165312441879,1.9999999999999996,0.39347321121270007,ok,3.96
2.5,1.2,85.0,6,10,True,-536.1432563724114,-536.61734900647,2.0000000000000004,0.38655056629458495,ok,3.97
2.5,1.2,115.0,6,10,True,-536.1435477572763,-536.6163540666695,1.999999999999998,0.3760937111579786,ok,3.81
2.5,1.2,105.0,6,10,True,-536.1439313607355,-536.617126736496,2.0000000000000004,0.3796265437264426,ok,3.81
2.5,1.2,125.0,6,10,True,-536.1429221127698,-536.615306855234,1.9999999999999993,0.3713415853534337,ok,3.8
2.5,1.2,95.0,6,10,True,-536.1439087448204,-536.6175250065058,1.9999999999999998,0.38272404939518767,ok,3.93
2.5,1.25,85.0,6,10,True,-536.1307059147099,-536.6063934411984,1.9999999999999993,0.38671365962349663,ok,3.78
2.5,1.2,135.0,6,10,True,-536.1421698222916,-536.6140817503523,2.0,0.364525365568905,ok,3.85
2.5,1.25,75.0,6,10,True,-536.1291285270836,-536.605602145034,1.9999999999999993,0.39529680005040063,ok,3.99
2.5,1.25,115.0,6,10,True,-536.1310654541015,-536.6054615458538,1.9999999999999993,0.3740446847885865,ok,3.87
2.5,1.25,135.0,6,10,True,-536.1297026730158,-536.603226789756,2.0,0.3603289272056792,ok,3.99
2.6,0.9,115.0,6,10,True,-536.1803179375444,-536.6413453341517,2.0,0.2905660756882331,ok,2.83
2.6,0.8,75.0,6,10,True,-536.148064463549,-536.6068413393118,1.9999999999999993,0.2695619417839787,ok,4.76
2.6,0.8,85.0,6,10,True,-536.1487573829222,-536.6073469107414,2.0000000000000004,0.2749720203580103,ok,4.66
2.6,0.9,105.0,6,10,True,-536.1806096515079,-536.6419654851362,2.0000000000000013,0.28721111371165453,ok,2.97
2.6,0.85,75.0,6,10,True,-536.168928817739,-536.6293435151184,2.0,0.27336715262219496,ok,4.53
2.6,0.8,95.0,6,10,True,-536.1489942236493,-536.6073395732454,2.0,0.27954784763032203,ok,4.81
2.6,0.8,105.0,6,10,True,-536.1489139214834,-536.6070143376606,2.0000000000000004,0.2841672587544824,ok,4.8
2.6,0.85,125.0,6,10,True,-536.1691994166378,-536.62820279151,2.0,0.2941491806281053,ok,4.46
2.6,0.8,115.0,6,10,True,-536.148627916211,-536.6064132856883,1.9999999999999993,0.28915257498309904,ok,4.95
2.6,0.8,135.0,6,10,True,-536.147751197526,-536.6047742815695,1.9999999999999987,0.29865543075811923,ok,4.85
2.6,0.8,125.0,6,10,True,-536.1482197664228,-536.6056356484297,2.000000000000001,0.2942459229230803,ok,4.94
2.6,0.85,85.0,6,10,True,-536.1696999603776,-536.629870824673,1.9999999999999991,0.2779807844784123,ok,4.75
2.6,0.85,115.0,6,10,True,-536.1696209505081,-536.6289936448485,2.000000000000001,0.29003930649533743,ok,4.79
2.6,0.85,105.0,6,10,True,-536.1699097840382,-536.6296121019553,1.9999999999999996,0.2858629774184934,ok,4.81
2.6,0.85,95.0,6,10,True,-536.1699763320398,-536.6299459192543,1.9999999999999991,0.281914955651192,ok,4.84
2.6,0.9,75.0,6,10,True,-536.1795031268152,-536.6416255333412,2.000000000000001,0.276940027033587,ok,4.73
2.6,0.85,135.0,6,10,True,-536.1687110883539,-536.6273241705135,2.0,0.2974245294548998,ok,4.79
2.6,0.9,85.0,6,10,True,-536.1803493016889,-536.6422068115128,2.000000000000001,0.28068227799781215,ok,4.52
2.6,0.9,135.0,6,10,True,-536.1793766512877,-536.6396522400711,2.0,0.29578588876135087,ok,4.22
2.6,0.9,95.0,6,10,True,-536.1806633586364,-536.6423028735446,1.9999999999999991,0.2839468426109067,ok,4.58
2.6,0.95,115.0,6,10,True,-536.1835783982945,-536.6462831900935,2.0,0.2907198216768997,ok,4.21
2.6,0.95,135.0,6,10,True,-536.1826088038778,-536.6445811281607,2.000000000000001,0.2937609930493067,ok,4.29
2.6,0.95,125.0,6,10,True,-536.1831326319908,-536.6454757981675,1.9999999999999998,0.29281787224622163,ok,4.37
2.6,1.0,75.0,6,10,True,-536.1804413400545,-536.6460543722452,2.0000000000000013,0.2833411687993224,ok,4.28
2.6,0.95,105.0,6,10,True,-536.1838725129693,-536.6469041772111,2.000000000000001,0.2881908310941635,ok,4.48
2.6,0.95,75.0,6,10,True,-536.182648121373,-536.6465188675332,2.0,0.2802679715448283,ok,4.82
2.6,0.95,95.0,6,10,True,-536.1839141345054,-536.6472328927998,2.0000000000000004,0.28562074278445243,ok,4.99
2.6,0.95,85.0,6,10,True,-536.1835645566301,-536.6471471470295,2.0000000000000018,0.28305196392378207,ok,5.1
2.6,1.0,105.0,6,10,True,-536.1817749729544,-536.6464383993334,2.0000000000000004,0.2887897437985103,ok,2.69
2.6,1.0,135.0,6,10,True,-536.1804856539391,-536.6441065702115,2.0000000000000004,0.29138447154133984,ok,2.57
2.6,1.0,85.0,6,10,True,-536.1814224863056,-536.6466799913599,2.000000000000001,0.2850778518262275,ok,4.45
2.6,1.0,95.0,6,10,True,-536.1818049803679,-536.6467639863246,2.0000000000000004,0.28691719867416376,ok,4.45
2.6,1.0,125.0,6,10,True,-536.1810239353177,-536.6450117411097,1.9999999999999998,0.2915991362777221,ok,4.18
2.6,1.05,105.0,6,10,True,-536.1758469532285,-536.642119928375,2.000000000000001,0.2890136953276594,ok,3.92
2.6,1.05,75.0,6,10,True,-536.1744128986256,-536.6417387138083,1.999999999999998,0.28615825127850514,ok,4.2
2.6,1.05,85.0,6,10,True,-536.175452700595,-536.6423540749777,1.9999999999999998,0.2867551421079028,ok,4.18
2.6,1.0,115.0,6,10,True,-536.1814792482309,-536.6458184902627,1.9999999999999993,0.29049785727874256,ok,4.41
2.6,1.05,95.0,6,10,True,-536.1758656790555,-536.6424503080707,2.0000000000000004,0.2878396429743437,ok,4.18
2.6,1.05,125.0,6,10,True,-536.1750877653346,-536.6407095973104,2.0000000000000004,0.2900361127829089,ok,4.17
2.6,1.05,115.0,6,10,True,-536.1755507468496,-536.6415084427069,2.0000000000000004,0.2899134960062884,ok,4.33
2.6,1.1,85.0,6,10,True,-536.1667879259008,-536.635334678548,2.000000000000001,0.2880874549647799,ok,4.29
2.6,1.1,105.0,6,10,True,-536.1672215507499,-536.6350917645917,1.9999999999999991,0.288874655078479,ok,4.18
2.6,1.1,115.0,6,10,True,-536.1669261077499,-536.6344925667973,1.9999999999999996,0.2889863292379109,ok,4.19
2.6,1.1,95.0,6,10,True,-536.1672291168087,-536.6354276129624,2.0000000000000004,0.288393763955384,ok,4.22
2.6,1.1,75.0,6,10,True,-536.1656957583908,-536.6346945249793,2.0000000000000004,0.28871693633440026,ok,4.38
2.6,1.15,75.0,6,10,True,-536.1551287866412,-536.6257950600564,2.000000000000001,0.29102129311516867,ok,3.93
2.6,1.1,125.0,6,10,True,-536.1664576801321,-536.6337076776514,1.9999999999999998,0.28816012174850075,ok,4.32
2.6,1.1,135.0,6,10,True,-536.165898384467,-536.6328089913426,1.9999999999999984,0.2857117395345613,ok,4.31
2.6,1.2,115.0,6,10,True,-536.1447261415889,-536.6154551603771,1.9999999999999998,0.286218158448376,ok,2.45
2.6,1.2,125.0,6,10,True,-536.1442532518304,-536.6146968768679,2.0000000000000004,0.28359844739975026,ok,2.46
2.6,1.15,85.0,6,10,True,-536.1562669606506,-536.6264088840696,1.999999999999999,0.28908496155651303,ok,3.88
2.6,1.15,95.0,6,10,True,-536.1567342400676,-536.6265082157203,1.9999999999999991,0.2885979012108825,ok,3.84
2.6,1.15,105.0,6,10,True,-536.1567378151389,-536.6262014477445,2.000000000000001,0.2883958864736558,ok,3.85
2.6,1.15,115.0,6,10,True,-536.1564444022754,-536.6255971365963,2.000000000000001,0.2877440277713583,ok,3.8
2.6,1.15,125.0,6,10,True,-536.1559726909354,-536.6248288348428,1.9999999999999996,0.28600314623529943,ok,3.77
2.6,1.15,135.0,6,10,True,-536.1554068810908,-536.623933133773,2.0000000000000004,0.2824926439616826,ok,3.87
2.6,1.2,75.0,6,10,True,-536.1433324540478,-536.615634125475,2.0,0.29307793347845185,ok,3.96
2.6,1.2,85.0,6,10,True,-536.1445102830269,-536.6162519518241,1.999999999999999,0.2897657178483304,ok,3.94
2.6,1.2,95.0,6,10,True,-536.145001522121,-536.6163638845652,1.9999999999999998,0.28847646505131136,ok,3.9
2.6,1.2,105.0,6,10,True,-536.1450162537185,-536.6160602562499,2.0000000000000004,0.2876064148674172,ok,3.93
2.6,1.25,75.0,6,10,True,-536.1307652665255,-536.6046697702722,1.9999999999999996,0.2948905339295002,ok,4.21
2.7,0.85,115.0,6,10,True,-536.170493341519,-536.628511573793,1.9999999999999993,0.22393151519127474,ok,2.9
2.6,1.25,85.0,6,10,True,-536.1319764477859,-536.6052801954636,1.9999999999999991,0.2901472378387077,ok,4.31
2.7,0.85,125.0,6,10,True,-536.170209502592,-536.6279498944366,1.9999999999999993,0.22855846319265233,ok,2.91
2.6,1.25,105.0,6,10,True,-536.1325156392179,-536.6051178364825,1.9999999999999993,0.2865387431249357,ok,3.95
2.6,1.25,95.0,6,10,True,-536.1324897708774,-536.6054070882336,2.0,0.2880575786264485,ok,4.12
2.6,1.25,115.0,6,10,True,-536.132230049218,-536.6045269064363,2.0000000000000004,0.28444333128661387,ok,4.07
2.6,1.25,125.0,6,10,True,-536.13175808142,-536.6037693762917,1.9999999999999998,0.28098312407888204,ok,4.1
2.6,1.25,135.0,6,10,True,-536.1311870399445,-536.6028862899915,2.0000000000000004,0.2754758387867105,ok,4.1
2.7,0.8,75.0,6,10,True,-536.1489900026182,-536.6061947470428,2.000000000000001,0.19935936785561784,ok,4.67
2.7,0.85,85.0,6,10,True,-536.1704609813335,-536.6290877617357,2.000000000000001,0.20818760622883914,ok,4.36
2.7,0.8,85.0,6,10,True,-536.149514256313,-536.606573580433,1.9999999999999998,0.20568302819323084,ok,4.72
2.7,0.8,95.0,6,10,True,-536.149716487841,-536.6066039699999,1.9999999999999998,0.2115216569588379,ok,4.81
2.7,0.8,105.0,6,10,True,-536.1496934116152,-536.6063917830702,1.999999999999999,0.21739972055817589,ok,4.84
2.7,0.8,115.0,6,10,True,-536.1495201363725,-536.6059751538145,2.0000000000000004,0.22329494009617035,ok,4.85
2.7,0.85,75.0,6,10,True,-536.1698780753195,-536.628688361344,2.000000000000001,0.2024455548922372,ok,4.81
2.7,0.9,75.0,6,10,True,-536.1804760969094,-536.640931328044,1.9999999999999998,0.20538863268310054,ok,4.41
2.7,0.8,135.0,6,10,True,-536.1489275171787,-536.6048174681372,1.9999999999999998,0.23311658530821208,ok,4.92
2.7,0.8,125.0,6,10,True,-536.149251072267,-536.6054293806634,2.0,0.22876751345900279,ok,4.92
2.7,0.9,85.0,6,10,True,-536.1811154792624,-536.6413564295806,2.0,0.2104728439275509,ok,4.3
2.7,0.85,95.0,6,10,True,-536.1706901904804,-536.6291665772217,2.000000000000001,0.2134856799122739,ok,4.79
2.7,0.85,105.0,6,10,True,-536.1706733723396,-536.628940655545,1.9999999999999998,0.2187584761526634,ok,4.83
2.7,0.9,95.0,6,10,True,-536.1813701974885,-536.6414643519029,1.9999999999999993,0.21519416846699596,ok,4.39
2.7,0.9,105.0,6,10,True,-536.1813588192144,-536.6412428462982,2.0,0.21984114203020225,ok,4.44
2.7,0.9,125.0,6,10,True,-536.1808733502661,-536.6402346713187,2.000000000000001,0.22803266746164605,ok,4.55
2.7,0.9,135.0,6,10,True,-536.1805123191073,-536.6396019740826,2.0000000000000013,0.23048672389495287,ok,4.56
2.7,0.9,115.0,6,10,True,-536.1811717136467,-536.6408036606264,1.999999999999999,0.22427284699399636,ok,4.88
2.7,0.95,115.0,6,10,True,-536.1844148517127,-536.6457061244922,1.9999999999999998,0.22430707376392758,ok,2.81
2.7,0.95,75.0,6,10,True,-536.1836442009251,-536.6457967090075,2.0000000000000013,0.2081724475773861,ok,4.92
2.7,0.95,135.0,6,10,True,-536.1837247032345,-536.6444780855664,2.0000000000000004,0.22867737753057107,ok,3.07
2.7,0.95,95.0,6,10,True,-536.184615679249,-536.6463639593667,2.0000000000000013,0.21662644349365257,ok,4.64
2.7,1.0,75.0,6,10,True,-536.1814601251027,-536.6452983011892,2.000000000000001,0.21079116589114114,ok,4.25
2.7,0.95,125.0,6,10,True,-536.1841028053065,-536.6451273145914,1.999999999999999,0.22719126225509942,ok,4.71
2.7,1.0,85.0,6,10,True,-536.1822025113291,-536.6457815422447,1.9999999999999996,0.21430653676731998,ok,4.47
2.7,1.0,115.0,6,10,True,-536.1822999432035,-536.6452065269531,2.0000000000000013,0.22403306291179342,ok,4.42
2.7,1.0,105.0,6,10,True,-536.1825004505415,-536.6456506880724,1.9999999999999991,0.22110835863559386,ok,4.44
2.7,1.0,95.0,6,10,True,-536.1825029987576,-536.6458778359333,1.9999999999999998,0.21776427487412928,ok,4.55
2.7,1.0,125.0,6,10,True,-536.1819755243496,-536.6446296050018,1.9999999999999998,0.22604753871279426,ok,4.09
2.7,1.05,85.0,6,10,True,-536.1762413914195,-536.64144230063,2.0000000000000004,0.21583280575872493,ok,3.9
2.7,1.0,135.0,6,10,True,-536.1815820845286,-536.6439832362117,1.9999999999999996,0.22657348795325125,ok,4.21
2.7,1.15,125.0,6,10,True,-536.1568744129794,-536.6243106669527,2.0,0.22104021518036712,ok,2.54
2.7,1.05,95.0,6,10,True,-536.1765619668572,-536.6415417739637,2.0,0.21860582662957959,ok,4.14
2.7,1.1,75.0,6,10,True,-536.1667578000166,-536.6339011124397,1.9999999999999998,0.21550990247445637,ok,3.95
2.7,1.1,105.0,6,10,True,-536.167930553066,-536.634236823337,1.9999999999999993,0.22116838806051253,ok,3.89
2.7,1.2,85.0,6,10,True,-536.1453311809656,-536.6152562709175,2.000000000000001,0.21885585480868897,ok,2.69
2.7,1.1,135.0,6,10,True,-536.1669568798769,-536.6325826464819,2.0000000000000004,0.22161729822643764,ok,3.84
2.7,1.05,115.0,6,10,True,-536.1763571826555,-536.640859336889,2.0000000000000004,0.22346435084230395,ok,4.18
2.7,1.05,105.0,6,10,True,-536.1765633116688,-536.6413027158145,2.0,0.22128547510944102,ok,4.23
2.7,1.05,135.0,6,10,True,-536.1756149789711,-536.6396320619831,1.9999999999999984,0.2242090777661595,ok,4.23
2.7,1.05,125.0,6,10,True,-536.1760218802423,-536.6402838496142,2.0000000000000013,0.22462410514929343,ok,4.31
2.7,1.1,115.0,6,10,True,-536.1677197121618,-536.6338014797609,1.9999999999999998,0.22261609356190432,ok,4.22
2.7,1.1,85.0,6,10,True,-536.1675863905964,-536.6343766592806,1.9999999999999996,0.21709500441605772,ok,4.3
2.7,1.1,95.0,6,10,True,-536.1679254149763,-536.6344854072925,2.0000000000000004,0.21915400608149835,ok,4.3
2.7,1.15,75.0,6,10,True,-536.1562112804554,-536.6249677309706,1.9999999999999996,0.21760674060929514,ok,3.99
2.7,1.1,125.0,6,10,True,-536.1673751709458,-536.6332347250019,2.0000000000000004,0.22294591666935018,ok,4.26
2.7,1.15,95.0,6,10,True,-536.1574321659522,-536.6255487001848,1.9999999999999993,0.21942151952594546,ok,4.04
2.7,1.15,115.0,6,10,True,-536.1572265304507,-536.6248722495119,2.0,0.2215118431549001,ok,3.93
2.7,1.15,105.0,6,10,True,-536.1574411062724,-536.62531365975,2.000000000000001,0.22077536077934312,ok,4.0
2.7,1.15,85.0,6,10,True,-536.157076271759,-536.6254340629159,1.9999999999999996,0.21809960273482448,ok,4.29
2.7,1.15,135.0,6,10,True,-536.1564468194343,-536.6236593625401,2.000000000000001,0.21883106642914504,ok,3.93
2.7,1.2,95.0,6,10,True,-536.1457025278553,-536.6153573696012,2.0,0.21942595650653365,ok,4.08
2.7,1.25,125.0,6,10,True,-536.1326307136059,-536.6031701606173,2.0000000000000004,0.21666436425682187,ok,2.56
2.7,1.2,105.0,6,10,True,-536.1457153419793,-536.6151399140327,2.000000000000001,0.22012930626065338,ok,4.03
2.8,0.8,95.0,6,10,True,-536.1501772554839,-536.6059583979661,1.9999999999999991,0.1618907100434056,ok,3.0
2.7,1.25,95.0,6,10,True,-536.13319511714,-536.6043732514871,2.0000000000000013,0.21918846012411722,ok,3.9
2.7,1.2,115.0,6,10,True,-536.1454980689407,-536.6147030044035,2.0,0.22017808301777708,ok,4.23
2.7,1.2,125.0,6,10,True,-536.1451400702381,-536.614138397892,2.0000000000000004,0.21893652954707493,ok,4.18
2.7,1.2,135.0,6,10,True,-536.1447052477372,-536.6134919034029,1.9999999999999998,0.21588267315003973,ok,4.08
2.7,1.25,105.0,6,10,True,-536.1332118172883,-536.6041679617211,1.9999999999999998,0.21925486193911137,ok,3.88
2.7,1.25,85.0,6,10,True,-536.132809798819,-536.6042746189976,1.9999999999999993,0.21937904224639382,ok,4.17
2.7,1.25,75.0,6,10,True,-536.1318857760677,-536.6038209967518,1.9999999999999998,0.22128047558981714,ok,4.3
2.7,1.25,115.0,6,10,True,-536.1329928966718,-536.6037410517772,2.0000000000000004,0.21864217811112835,ok,4.13
2.7,1.25,135.0,6,10,True,-536.13219073024,-536.6025344747566,1.9999999999999991,0.21280276536518958,ok,4.04
2.8,0.8,75.0,6,10,True,-536.149602218638,-536.6056276299959,2.0000000000000004,0.14847042065588917,ok,4.4
2.8,0.8,85.0,6,10,True,-536.1500019119243,-536.605907969385,1.9999999999999987,0.15530372508451143,ok,4.48
2.8,0.8,105.0,6,10,True,-536.1501926424095,-536.6058340067709,1.9999999999999996,0.16843219905106246,ok,4.48
2.8,0.85,125.0,6,10,True,-536.1708630880078,-536.6276685515656,1.9999999999999998,0.17980470125382553,ok,4.43
2.8,0.8,125.0,6,10,True,-536.1499201641884,-536.6051748018629,2.0000000000000013,0.1800746240003623,ok,4.85
2.8,0.8,115.0,6,10,True,-536.1500955682461,-536.6055544191229,1.9999999999999993,0.17466193030241248,ok,4.88
2.8,0.9,85.0,6,10,True,-536.1816056530581,-536.6406903612395,2.000000000000001,0.15932119643357923,ok,4.25
2.8,0.9,135.0,6,10,True,-536.1812519178745,-536.639473575691,2.0000000000000004,0.18173205756761168,ok,2.86
2.8,0.85,105.0,6,10,True,-536.1711590485835,-536.6283599357436,1.9999999999999998,0.16952067300083465,ok,4.73
2.8,0.85,75.0,6,10,True,-536.1705067058297,-536.6280923610544,1.9999999999999987,0.15098335362169746,ok,4.82
2.8,0.8,135.0,6,10,True,-536.1496946124618,-536.60474271873,2.000000000000001,0.1841081010066479,ok,4.93
2.8,0.9,75.0,6,10,True,-536.181121112452,-536.6403415185503,1.9999999999999991,0.1534110147047979,ok,4.4
2.8,0.85,95.0,6,10,True,-536.1711423991925,-536.6285000760539,1.9999999999999991,0.16351916179542264,ok,4.85
2.8,0.85,115.0,6,10,True,-536.1710531645945,-536.6280635516049,2.0000000000000004,0.17511362161831684,ok,4.81
2.8,0.9,95.0,6,10,True,-536.1818150880215,-536.6407769055048,2.0000000000000004,0.16495261513132062,ok,4.39
2.8,0.85,135.0,6,10,True,-536.1706200297795,-536.6272287116278,1.9999999999999996,0.18306623311946146,ok,4.9
2.8,0.9,115.0,6,10,True,-536.1817169739467,-536.640319481136,1.9999999999999998,0.17532021950143195,ok,4.32
2.8,0.9,105.0,6,10,True,-536.1818321521595,-536.6406307289902,1.9999999999999996,0.17038759845286797,ok,4.65
2.8,0.9,125.0,6,10,True,-536.1815121681236,-536.6399148030456,2.000000000000001,0.17926640452577347,ok,4.41
2.8,1.05,85.0,6,10,True,-536.1767429080585,-536.6406840361054,1.9999999999999991,0.164017713985618,ok,2.58
2.8,1.05,135.0,6,10,True,-536.1763170690856,-536.6394126983442,2.0000000000000004,0.17619391631900222,ok,2.48
2.8,1.0,75.0,6,10,True,-536.182138185828,-536.6446750727908,2.0,0.15797224213074548,ok,4.51
2.8,1.0,95.0,6,10,True,-536.1829375600589,-536.6451274233095,1.9999999999999996,0.16715955208984162,ok,4.42
2.8,0.95,115.0,6,10,True,-536.1849468487547,-536.6451905216869,1.9999999999999998,0.1752724709346587,ok,4.76
2.8,0.95,75.0,6,10,True,-536.1843058448603,-536.6451776065996,1.9999999999999996,0.15574405689595802,ok,5.35
2.8,1.0,105.0,6,10,True,-536.1829535838334,-536.644973668237,1.9999999999999998,0.17139594457144805,ok,4.48
2.8,1.0,125.0,6,10,True,-536.1825878368851,-536.6442742132832,1.9999999999999993,0.1774081520278072,ok,4.01
2.8,1.0,115.0,6,10,True,-536.1828200963423,-536.6446635063483,1.9999999999999993,0.1749714345707948,ok,4.57
2.8,1.0,135.0,6,10,True,-536.1822962392993,-536.6437969620391,1.9999999999999996,0.1782676987091286,ok,4.04
2.8,0.95,125.0,6,10,True,-536.1847278706508,-536.6447603214698,1.9999999999999984,0.17846339941969314,ok,5.34
2.8,1.05,95.0,6,10,True,-536.1769935963081,-536.640775621603,1.9999999999999998,0.1679136055063306,ok,3.91
2.8,1.05,75.0,6,10,True,-536.1761479484427,-536.6403151428856,1.9999999999999984,0.1600887604110406,ok,4.13
2.8,1.05,125.0,6,10,True,-536.176622231452,-536.6398783297124,1.999999999999998,0.17611938860055357,ok,3.83
2.8,1.05,105.0,6,10,True,-536.1770087426992,-536.640600794501,1.9999999999999987,0.17152964753814037,ok,4.22
2.8,1.1,135.0,6,10,True,-536.167647362603,-536.6323244385904,1.9999999999999978,0.17393421853473623,ok,4.03
2.8,1.1,105.0,6,10,True,-536.1683697903054,-536.633517553851,2.0000000000000004,0.1714238758050236,ok,4.08
2.8,1.05,115.0,6,10,True,-536.1768667849441,-536.6402900536674,2.0000000000000004,0.17442702782507336,ok,4.37
2.8,1.1,85.0,6,10,True,-536.1680938676266,-536.633591732265,1.9999999999999998,0.16518704630847436,ok,4.37
2.8,1.15,95.0,6,10,True,-536.1578625755243,-536.6247415042922,1.9999999999999996,0.168727892437164,ok,3.94
2.8,1.1,95.0,6,10,True,-536.1683557116143,-536.633700492764,2.0000000000000004,0.16843323775338567,ok,4.36
2.8,1.1,125.0,6,10,True,-536.1679645294029,-536.6327975659719,2.0000000000000004,0.17462222053326154,ok,4.36
2.8,1.1,75.0,6,10,True,-536.1674680422734,-536.6332324697935,2.000000000000001,0.16208974896426118,ok,4.45
2.8,1.1,115.0,6,10,True,-536.1682200439557,-536.63320798841,2.0000000000000004,0.173653768845598,ok,4.39
2.8,1.15,115.0,6,10,True,-536.1577188568916,-536.6242596941905,1.9999999999999996,0.17267205555562065,ok,3.94
2.8,1.15,75.0,6,10,True,-536.156937107812,-536.6242893383036,2.0,0.16397215121003575,ok,4.42
2.8,1.15,125.0,6,10,True,-536.1574536715868,-536.623849277537,2.0,0.1729403543415731,ok,3.89
2.8,1.15,105.0,6,10,True,-536.1578756365415,-536.6245788397378,1.9999999999999993,0.17109432606146094,ok,4.25
2.8,1.2,75.0,6,10,True,-536.1451753328478,-536.614102395941,2.0000000000000004,0.16573442621009116,ok,4.15
2.8,1.2,85.0,6,10,True,-536.1458534627872,-536.6144527623893,2.0,0.1669357849223812,ok,2.74
2.8,1.15,135.0,6,10,True,-536.1571260961786,-536.6233779352149,1.9999999999999998,0.17151681954697,ok,4.19
2.8,1.2,95.0,6,10,True,-536.146134373194,-536.6145335741613,2.0,0.1688101917548496,ok,2.65
2.8,1.2,135.0,6,10,True,-536.1453736416025,-536.6131828980857,1.9999999999999982,0.16896856589784837,ok,3.98
2.8,1.2,105.0,6,10,True,-536.1461464986307,-536.6143785324784,2.000000000000001,0.17055819224450847,ok,4.25
2.8,1.2,125.0,6,10,True,-536.1457100107165,-536.6136494740568,2.0000000000000004,0.17109805553183377,ok,4.17
2.8,1.2,115.0,6,10,True,-536.1459835187209,-536.6140640716349,2.0000000000000004,0.17150302994540165,ok,4.29
2.8,1.25,105.0,6,10,True,-536.133640991829,-536.6033823224428,2.0,0.16983832630334258,ok,3.82
2.8,1.25,85.0,6,10,True,-536.1333406084577,-536.6034573153831,2.0,0.167529729178986,ok,3.96
2.8,1.25,125.0,6,10,True,-536.1331920815177,-536.6026549481606,2.0000000000000004,0.16912045252023042,ok,3.86
2.8,1.25,75.0,6,10,True,-536.1326413287098,-536.6031166979371,1.9999999999999996,0.16737865901948842,ok,4.35
2.8,1.25,135.0,6,10,True,-536.1328485314402,-536.6021936645687,2.0,0.16631667485443738,ok,3.87
2.8,1.25,95.0,6,10,True,-536.1336295093957,-536.6035306537295,1.9999999999999996,0.16869526653426892,ok,4.3
2.8,1.25,115.0,6,10,True,-536.1334725310035,-536.6030739168482,1.9999999999999993,0.17016966534368308,ok,4.15
2.9,0.9,105.0,6,10,True,-536.1821118216754,-536.6401127315271,2.0000000000000004,0.13391641410637223,ok,2.8
2.9,0.9,125.0,6,10,True,-536.181902754758,-536.6396293330494,1.9999999999999993,0.1428054797873765,ok,2.8
2.9,0.8,75.0,6,10,True,-536.1499967879911,-536.6051361942267,2.000000000000001,0.11161720127565969,ok,4.39
2.9,0.8,105.0,6,10,True,-536.1504940750417,-536.6053651820982,2.0000000000000004,0.13235673529979916,ok,4.41
2.9,0.8,115.0,6,10,True,-536.1504463387328,-536.6051872672998,1.9999999999999998,0.13853741358714555,ok,4.44
2.9,0.85,75.0,6,10,True,-536.1709119075656,-536.6275972072564,2.0000000000000018,0.11367160491201558,ok,4.43
2.9,0.85,125.0,6,10,True,-536.1712643444986,-536.627404681864,2.000000000000001,0.1433377421759199,ok,4.36
2.9,0.8,85.0,6,10,True,-536.1503029641191,-536.6053434984408,2.0000000000000013,0.11865690441057075,ok,4.77
2.9,0.9,75.0,6,10,True,-536.1815374124948,-536.6398429715018,2.0,0.11568150299944822,ok,4.19
2.9,0.8,125.0,6,10,True,-536.1503327743212,-536.6049284580234,1.9999999999999991,0.1436397354046355,ok,4.81
2.9,0.85,115.0,6,10,True,-536.171391772006,-536.6276767993991,1.9999999999999991,0.1388504928141312,ok,4.71
2.9,0.8,135.0,6,10,True,-536.1501730537019,-536.6046274918111,2.0000000000000018,0.14724637495010628,ok,4.83
2.9,0.85,85.0,6,10,True,-536.1712489480369,-536.6278643646741,1.9999999999999996,0.12039443232104716,ok,4.81
2.9,0.85,95.0,6,10,True,-536.1714123436177,-536.6279439622875,1.9999999999999996,0.12693973316864346,ok,4.81
2.9,0.85,105.0,6,10,True,-536.1714490354825,-536.6278687717074,2.000000000000001,0.1332263600612467,ok,4.87
2.9,0.9,85.0,6,10,True,-536.1819045321876,-536.6401206653717,2.0000000000000004,0.12202371782904103,ok,4.62
2.9,0.9,95.0,6,10,True,-536.1820777923449,-536.6401985825773,1.9999999999999993,0.12813726642925766,ok,4.41
2.9,0.85,135.0,6,10,True,-536.171088955317,-536.6270916514109,1.9999999999999993,0.14630344923104588,ok,4.8
2.9,0.9,115.0,6,10,True,-536.182044317908,-536.6399110861756,2.0000000000000004,0.1389576051609779,ok,4.54
2.9,1.0,125.0,6,10,True,-536.1829598717355,-536.6438914520247,1.9999999999999991,0.14107840996267687,ok,2.65
2.9,1.0,115.0,6,10,True,-536.1831282779826,-536.6441905617822,2.000000000000001,0.13853463145340897,ok,2.78
2.9,0.9,135.0,6,10,True,-536.1817118123134,-536.6393109990921,2.000000000000001,0.14510863876318475,ok,4.46
2.9,1.0,85.0,6,10,True,-536.1829994877046,-536.6444307360513,2.0,0.12489125547287733,ok,4.12
2.9,1.0,75.0,6,10,True,-536.1825769443669,-536.6441552748331,1.9999999999999996,0.11952888832104652,ok,4.56
2.9,1.0,95.0,6,10,True,-536.1831893128594,-536.644509624669,2.0000000000000004,0.13001462963496915,ok,4.5
2.9,1.0,135.0,6,10,True,-536.1827398965412,-536.643555158663,1.9999999999999998,0.14203524194516726,ok,4.04
2.9,1.0,105.0,6,10,True,-536.1832162159772,-536.6444068324527,2.000000000000001,0.13470364862682865,ok,4.67
2.9,1.05,75.0,6,10,True,-536.1765981528297,-536.639771067068,2.000000000000002,0.12135089718881993,ok,3.98
2.9,0.95,85.0,6,10,True,-536.1851289983827,-536.6449599293782,2.000000000000001,0.12352701530763324,ok,5.4
2.9,1.05,85.0,6,10,True,-536.177045268731,-536.6400548129619,1.9999999999999998,0.1261032336721084,ok,3.96
2.9,0.95,135.0,6,10,True,-536.1849027559985,-536.6441185411512,2.0,0.1436773746090376,ok,5.17
2.9,1.05,95.0,6,10,True,-536.1772419419876,-536.6401406298436,1.9999999999999996,0.13067478452973053,ok,3.88
2.9,1.05,125.0,6,10,True,-536.1769863643988,-536.6395005828483,2.0000000000000004,0.13991373717848585,ok,4.01
2.9,1.05,105.0,6,10,True,-536.177264879591,-536.6400100057698,2.0,0.13479445732770576,ok,4.04
2.9,1.2,75.0,6,10,True,-536.1456593220288,-536.6135220491448,1.9999999999999998,0.12634798243407722,ok,2.61
2.9,1.2,85.0,6,10,True,-536.1461677668229,-536.6137855748501,2.0,0.12882461719900398,ok,2.71
2.9,1.05,115.0,6,10,True,-536.1771672054637,-536.639801752656,1.9999999999999996,0.13801614560226058,ok,4.44
2.9,1.05,135.0,6,10,True,-536.1767534395631,-536.6391670521176,2.0,0.14021062181116548,ok,4.27
2.9,1.15,75.0,6,10,True,-536.1574099417907,-536.6237190175153,2.0,0.12476304485419278,ok,4.08
2.9,1.1,95.0,6,10,True,-536.1686018816779,-536.6330491652578,1.9999999999999996,0.13114793869236407,ok,4.37
2.9,1.1,115.0,6,10,True,-536.1685138237857,-536.6327003536861,2.0,0.13730885289315065,ok,4.38
2.9,1.1,85.0,6,10,True,-536.168399315817,-536.6329500369842,1.9999999999999998,0.12716257231266542,ok,4.41
2.9,1.1,75.0,6,10,True,-536.1679295725336,-536.6326758725615,2.0,0.1230960602934668,ok,4.45
2.9,1.15,105.0,6,10,True,-536.1581226811427,-536.6239633475823,2.0,0.13440316957076265,ok,3.95
2.9,1.1,125.0,6,10,True,-536.168321580767,-536.632410057628,2.0,0.13857581167369354,ok,4.36
2.9,1.15,115.0,6,10,True,-536.158007059947,-536.6237383323609,1.9999999999999996,0.13643046969085856,ok,4.0
2.9,1.1,135.0,6,10,True,-536.168076886389,-536.6320705764967,2.0000000000000004,0.13823098600119454,ok,4.37
2.9,1.15,85.0,6,10,True,-536.1579001423638,-536.6239961818559,1.9999999999999991,0.12806886766116632,ok,4.31
2.9,1.15,95.0,6,10,True,-536.1581078116723,-536.6240737649559,2.0,0.13144038644963707,ok,4.27
2.9,1.15,125.0,6,10,True,-536.1578044095567,-536.6234482307372,2.0,0.137086360013141,ok,4.28
2.9,1.15,135.0,6,10,True,-536.1575491889678,-536.6231069962555,1.9999999999999991,0.13612192929737224,ok,4.26
2.9,1.2,95.0,6,10,True,-536.1463798336094,-536.6138506591818,2.0000000000000004,0.13156136663150703,ok,4.05
2.9,1.2,105.0,6,10,True,-536.1463907765886,-536.6137450553847,1.9999999999999996,0.13394724772718822,ok,4.02
3.0,0.8,95.0,6,10,True,-536.150605766931,-536.6049686678653,1.9999999999999993,0.09890319650277542,ok,2.86
2.9,1.2,135.0,6,10,True,-536.1457906764009,-536.6128838389187,2.0000000000000004,0.13390641897121797,ok,3.91
3.0,0.8,105.0,6,10,True,-536.1506563759543,-536.6049495555902,2.0000000000000004,0.10558299504448035,ok,2.9
2.9,1.2,125.0,6,10,True,-536.1460551626033,-536.6132270780124,1.9999999999999998,0.13546581084548148,ok,4.23
2.9,1.25,115.0,6,10,True,-536.1337526474969,-536.6025151062483,1.9999999999999982,0.1342345047539704,ok,3.8
2.9,1.2,115.0,6,10,True,-536.1462671484562,-536.613523970847,1.9999999999999991,0.1353987116702963,ok,4.3
2.9,1.25,125.0,6,10,True,-536.1335324372517,-536.6022146657441,1.9999999999999991,0.13373707836574328,ok,3.81
2.9,1.25,135.0,6,10,True,-536.1332599634968,-536.6018669523054,2.0000000000000004,0.13160889872217446,ok,3.78
2.9,1.25,85.0,6,10,True,-536.1336604948025,-536.6027783829195,2.0000000000000004,0.12943603780216562,ok,4.03
2.9,1.25,75.0,6,10,True,-536.1331361938442,-536.6025248239494,1.9999999999999998,0.12785140835177658,ok,4.37
2.9,1.25,95.0,6,10,True,-536.1338762415355,-536.6028349400453,1.9999999999999998,0.13152230461395514,ok,4.28
3.0,0.8,85.0,6,10,True,-536.1504735276231,-536.604873467182,1.9999999999999996,0.0919196759768682,ok,4.37
3.0,0.8,75.0,6,10,True,-536.1502383179987,-536.6047161775055,1.9999999999999982,0.08490006623354314,ok,4.4
3.0,0.8,135.0,6,10,True,-536.150450436583,-536.6044363286848,2.0,0.11931113452173997,ok,4.46
3.0,0.85,135.0,6,10,True,-536.1713598308517,-536.6268890134197,1.999999999999999,0.11845525891953586,ok,4.28
3.0,0.85,115.0,6,10,True,-536.1715750590176,-536.6273097548655,1.999999999999999,0.11168545877248877,ok,4.44
3.0,0.8,115.0,6,10,True,-536.1506391676024,-536.6048359200735,2.0000000000000004,0.1114800652527159,ok,4.76
3.0,0.8,125.0,6,10,True,-536.1505657966245,-536.6046532670996,1.9999999999999993,0.11615175367662171,ok,4.86
3.0,0.9,75.0,6,10,True,-536.1817924433499,-536.6394190509246,1.9999999999999998,0.08825469961661815,ok,4.53
3.0,0.85,75.0,6,10,True,-536.1711600527552,-536.6271704020547,1.9999999999999984,0.0865878032846926,ok,4.82
3.0,0.9,95.0,6,10,True,-536.1822137678869,-536.6397212858188,1.9999999999999998,0.10100780898085346,ok,4.55
3.0,0.85,85.0,6,10,True,-536.1714168044099,-536.6273903789937,2.000000000000001,0.09336617560834602,ok,4.82
3.0,0.85,95.0,6,10,True,-536.1715550811774,-536.627470725729,2.0000000000000004,0.10001391451085757,ok,4.83
3.0,0.9,85.0,6,10,True,-536.1820702529325,-536.639651255003,1.999999999999999,0.09473572686276638,ok,4.68
3.0,0.85,105.0,6,10,True,-536.1716018997396,-536.6274370835883,2.0,0.10627335476280156,ok,4.84
3.0,0.85,125.0,6,10,True,-536.1714889696877,-536.62711675483,2.0000000000000004,0.11583191170280309,ok,4.89
3.0,0.9,105.0,6,10,True,-536.182256008292,-536.6396738899637,2.0,0.10681530315468508,ok,4.57
3.0,0.9,125.0,6,10,True,-536.1821198102107,-536.6393318246666,2.0000000000000004,0.11531303757996775,ok,4.63
3.0,0.95,85.0,6,10,True,-536.185293323216,-536.6444747573528,2.000000000000001,0.09601250147167882,ok,3.3
3.0,0.9,135.0,6,10,True,-536.1819767647501,-536.6391007810474,2.0000000000000004,0.11737908538859299,ok,4.31
3.0,1.05,75.0,6,10,True,-536.1768751644485,-536.6393263781559,1.9999999999999953,0.09304973171789709,ok,2.72
3.0,1.0,95.0,6,10,True,-536.183314630106,-536.6439720271131,1.9999999999999998,0.10258270221915658,ok,4.11
3.0,1.0,85.0,6,10,True,-536.1831631424626,-536.6439228604705,2.0000000000000004,0.09718477813376589,ok,4.18
3.0,1.0,75.0,6,10,True,-536.182846557083,-536.64371865932,2.0,0.09149377401666614,ok,4.26
3.0,0.95,125.0,6,10,True,-536.1853189154318,-536.6441372134761,1.9999999999999996,0.11460171819750162,ok,4.88
3.0,1.0,105.0,6,10,True,-536.1833463061653,-536.6439311384704,1.9999999999999996,0.107409501347513,ok,4.51
3.0,1.0,115.0,6,10,True,-536.1832884991084,-536.6437808693646,1.9999999999999996,0.11123792452109449,ok,4.53
3.0,1.0,135.0,6,10,True,-536.1829947208059,-536.64331525028,2.000000000000001,0.11463665088445633,ok,4.28
3.0,1.0,125.0,6,10,True,-536.1831640340954,-536.6435653189342,1.9999999999999991,0.113706830000723,ok,4.32
3.0,0.95,115.0,6,10,True,-536.1854308792027,-536.6443437974015,2.000000000000001,0.11156556375227317,ok,5.53
3.0,1.15,135.0,6,10,True,-536.1577927474168,-536.6228009859856,1.9999999999999996,0.10941967504785893,ok,2.53
3.0,1.05,95.0,6,10,True,-536.177363459415,-536.6395910993685,2.0000000000000018,0.10314622124725362,ok,4.07
3.0,1.05,105.0,6,10,True,-536.1773894964383,-536.6395251011825,1.9999999999999991,0.10745732647720987,ok,3.99
3.0,1.05,85.0,6,10,True,-536.1772091259586,-536.6395293894349,2.0000000000000018,0.09824083031337877,ok,4.12
3.0,1.05,135.0,6,10,True,-536.1770041245941,-536.6389053953518,2.0,0.11302097748098831,ok,4.01
3.0,1.05,125.0,6,10,True,-536.1771854099258,-536.6391562540315,1.9999999999999998,0.11265005343852877,ok,4.29
3.0,1.15,95.0,6,10,True,-536.1582250993853,-536.623511420744,1.9999999999999998,0.10382769618616157,ok,3.99
3.0,1.1,85.0,6,10,True,-536.1685642101056,-536.632434606957,1.9999999999999991,0.09917901626186854,ok,4.43
3.0,1.1,75.0,6,10,True,-536.1682142669738,-536.6322185369173,1.9999999999999996,0.09455655894865996,ok,4.55
3.0,1.1,115.0,6,10,True,-536.1686635224875,-536.6322548607417,2.0000000000000004,0.11008937313719065,ok,4.37
3.0,1.1,95.0,6,10,True,-536.1687207645975,-536.6324975152511,2.0,0.10355977570439276,ok,4.42
3.0,1.1,105.0,6,10,True,-536.1687410610767,-536.6324175994833,1.9999999999999991,0.10734484367854837,ok,4.42
3.0,1.15,75.0,6,10,True,-536.157702386792,-536.6232457790685,2.0000000000000004,0.09601082425208227,ok,4.41
3.0,1.15,105.0,6,10,True,-536.1582396911227,-536.6234330180672,2.0000000000000004,0.10708252025925666,ok,4.28
3.0,1.15,85.0,6,10,True,-536.1580668845954,-536.6234558139797,1.9999999999999998,0.09999840405789039,ok,4.35
3.0,1.1,135.0,6,10,True,-536.1683238028636,-536.6317840707014,1.9999999999999982,0.11127385175575571,ok,4.5
3.0,1.1,125.0,6,10,True,-536.1685161588119,-536.6320388482154,1.9999999999999998,0.11144758649578475,ok,4.5
3.0,1.15,115.0,6,10,True,-536.158152898326,-536.6232711253426,2.0,0.10929542481646791,ok,4.29
3.0,1.15,125.0,6,10,True,-536.1579952095398,-536.6230549863546,2.0,0.11011971759241725,ok,4.28
3.0,1.2,85.0,6,10,True,-536.1463371214071,-536.613228569089,1.9999999999999978,0.10070025990537981,ok,2.72
3.0,1.2,75.0,6,10,True,-536.1459595579202,-536.6130368504635,2.0000000000000004,0.097409477946468,ok,4.11
3.0,1.2,105.0,6,10,True,-536.146505489606,-536.6131987907195,1.9999999999999991,0.10668205442091683,ok,4.03
3.0,1.2,95.0,6,10,True,-536.1464965116528,-536.613275992983,1.9999999999999993,0.10395700878318209,ok,4.06
3.0,1.2,125.0,6,10,True,-536.146242817746,-536.6128147878967,2.0000000000000004,0.1086840974598877,ok,4.04
3.0,1.25,125.0,6,10,True,-536.1337175156821,-536.6017903792302,1.9999999999999996,0.1071606478890963,ok,2.99
3.0,1.2,135.0,6,10,True,-536.1460312239791,-536.612561286941,2.000000000000001,0.10747746439773534,ok,3.97
3.0,1.25,105.0,6,10,True,-536.1339968819401,-536.6021708028527,2.000000000000001,0.1061579521476899,ok,3.78
3.0,1.25,95.0,6,10,True,-536.1339932244645,-536.6022483208552,2.0,0.10395650168722359,ok,4.0
3.0,1.25,85.0,6,10,True,-536.1338331426562,-536.6022096074665,1.9999999999999998,0.1012884769372783,ok,4.33
3.0,1.25,75.0,6,10,True,-536.1334440733864,-536.602028638161,2.0,0.0987506096462698,ok,4.39
3.0,1.25,115.0,6,10,True,-536.133893271511,-536.60201146156,1.9999999999999998,0.10734699722539201,ok,4.02
3.1,0.9,115.0,6,10,True,-536.1822888151419,-536.6391838083246,1.9999999999999996,0.09109065590364848,ok,2.79
3.0,1.25,135.0,6,10,True,-536.1334978277249,-536.601532740844,1.9999999999999998,0.1054699578336085,ok,4.46
3.1,0.8,75.0,6,10,True,-536.1503725755272,-536.6043485665049,1.9999999999999987,0.06547942668460587,ok,4.52
3.1,0.8,85.0,6,10,True,-536.1505536111742,-536.6044724054422,2.0,0.07231100680011726,ok,4.53
3.1,0.8,95.0,6,10,True,-536.1506675355818,-536.604574963715,2.0,0.07912373259421909,ok,4.51
3.1,0.8,115.0,6,10,True,-536.150723231003,-536.6045041451042,2.0000000000000004,0.09100405869257197,ok,4.42
3.1,0.8,105.0,6,10,True,-536.1507224961186,-536.6045739753622,1.9999999999999993,0.08551834477597875,ok,4.93
3.1,0.8,125.0,6,10,True,-536.1506756907436,-536.6043820521503,1.9999999999999998,0.09520687447602857,ok,4.81
3.1,0.85,135.0,6,10,True,-536.1714954322663,-536.6266768048757,1.9999999999999991,0.09716325641937038,ok,4.64
3.1,0.85,85.0,6,10,True,-536.1714935030878,-536.6269851795325,2.000000000000001,0.07351087692054135,ok,4.79
3.1,0.85,75.0,6,10,True,-536.1712979490726,-536.6267917494829,1.9999999999999987,0.06686895579171889,ok,4.8
3.1,0.9,75.0,6,10,True,-536.1819341823381,-536.639041374894,2.0,0.0682507255099412,ok,4.66
3.1,0.9,95.0,6,10,True,-536.1822625422668,-536.6392971181695,1.9999999999999998,0.08084839298380524,ok,4.54
3.1,0.9,85.0,6,10,True,-536.1821439363922,-536.6392271964479,2.000000000000001,0.07465412151534018,ok,4.68
3.1,0.8,135.0,6,10,True,-536.1505904671271,-536.6042306691033,1.9999999999999993,0.09794631183667807,ok,4.88
3.1,0.85,95.0,6,10,True,-536.1716101055283,-536.6270650550387,1.9999999999999991,0.08003321906273143,ok,4.83
3.1,0.85,115.0,6,10,True,-536.1716517156855,-536.6269684866569,2.0,0.09112297711091806,ok,4.81
3.1,0.85,105.0,6,10,True,-536.1716602561783,-536.627050922299,2.000000000000001,0.08605915204031629,ok,4.88
3.1,0.9,105.0,6,10,True,-536.1823071350983,-536.6392790671038,1.9999999999999996,0.08647377013091127,ok,4.55
3.1,0.9,125.0,6,10,True,-536.182218029367,-536.6390404749108,1.9999999999999991,0.09437147551003569,ok,4.38
3.1,1.0,95.0,6,10,True,-536.1833532983302,-536.6435364865348,1.999999999999999,0.08214469204465832,ok,2.74
3.1,0.9,135.0,6,10,True,-536.1821084980047,-536.6388740225976,2.0000000000000004,0.09618674949791282,ok,4.27
3.1,1.0,115.0,6,10,True,-536.1833473946672,-536.64340496677,2.0,0.09056715977960447,ok,2.71
3.1,1.0,75.0,6,10,True,-536.1829966912035,-536.6433274111782,2.000000000000001,0.07096409342247641,ok,4.6
3.1,0.95,105.0,6,10,True,-536.1855231859577,-536.6440831711639,1.9999999999999998,0.08675565147154728,ok,5.18
3.1,1.0,85.0,6,10,True,-536.1832326082684,-536.6434790934898,1.9999999999999996,0.0767213316672587,ok,4.55
3.1,1.05,85.0,6,10,True,-536.1772775256138,-536.6390855383804,1.9999999999999993,0.0776240860648422,ok,4.11
3.1,1.0,105.0,6,10,True,-536.1833857026121,-536.6435130794405,1.9999999999999991,0.08689727433115739,ok,4.26
3.1,1.05,75.0,6,10,True,-536.1770298752318,-536.6389331628259,1.9999999999999978,0.07228037010709751,ok,4.2
3.1,1.0,135.0,6,10,True,-536.1831204498133,-536.6430649052872,2.0,0.09371745008225887,ok,4.26
3.1,1.05,95.0,6,10,True,-536.1773984182305,-536.6391376058742,1.9999999999999998,0.08261158706995675,ok,4.11
3.1,1.05,125.0,6,10,True,-536.1772714280231,-536.6388319698591,1.9999999999999993,0.09190217757620485,ok,4.06
3.1,1.05,105.0,6,10,True,-536.1774243370794,-536.639097563048,1.9999999999999996,0.08690001208444617,ok,4.13
3.1,1.2,95.0,6,10,True,-536.1465255491664,-536.6127853285026,1.9999999999999984,0.0832995336872764,ok,2.66
3.1,1.05,115.0,6,10,True,-536.1773763000847,-536.6389882383297,1.9999999999999991,0.09008810534378499,ok,4.36
3.1,1.15,105.0,6,10,True,-536.1582681647268,-536.6229782171654,2.0000000000000004,0.08651918945735343,ok,3.97
3.1,1.05,135.0,6,10,True,-536.1771275550533,-536.6386449930889,2.000000000000001,0.09227377043751908,ok,4.33
3.1,1.15,125.0,6,10,True,-536.1580763722335,-536.6227088848418,1.9999999999999998,0.08961794365643173,ok,3.9
3.1,1.1,75.0,6,10,True,-536.1683737668055,-536.6318323343044,1.9999999999999998,0.07356463515555105,ok,4.4
3.1,1.1,115.0,6,10,True,-536.1687147402862,-536.6318635333027,1.9999999999999984,0.08947787842493968,ok,4.35
3.1,1.1,105.0,6,10,True,-536.168772288317,-536.631971086163,1.9999999999999993,0.08677117116193377,ok,4.37
3.1,1.15,85.0,6,10,True,-536.1581352767788,-536.6229887807386,1.9999999999999998,0.07915361614058364,ok,4.31
3.1,1.1,125.0,6,10,True,-536.1685994503534,-536.6317063068772,1.9999999999999984,0.09081201397065877,ok,4.42
3.1,1.1,135.0,6,10,True,-536.168445416704,-536.6315176725404,1.9999999999999991,0.09071783233409496,ok,4.39
3.1,1.1,95.0,6,10,True,-536.1687528953199,-536.632014810394,2.0,0.0829567768038134,ok,4.46
3.1,1.15,75.0,6,10,True,-536.1578668781211,-536.6228492732429,1.9999999999999998,0.07481322964028803,ok,4.41
3.1,1.1,85.0,6,10,True,-536.168632255084,-536.6319790881556,2.0000000000000018,0.07843527071699269,ok,4.5
3.1,1.15,95.0,6,10,True,-536.1582552688101,-536.6230247001407,2.0000000000000004,0.08318422212849404,ok,4.38
3.1,1.15,115.0,6,10,True,-536.1582014656361,-536.6228679627841,1.9999999999999998,0.08875101247509483,ok,4.29
3.1,1.2,75.0,6,10,True,-536.1461291840964,-536.6126227343764,2.0000000000000004,0.07602377764509585,ok,4.12
3.1,1.2,85.0,6,10,True,-536.1464065323952,-536.6127525333849,1.9999999999999996,0.0797798729764733,ok,4.37
3.1,1.25,125.0,6,10,True,-536.1337960031213,-536.6014285600244,1.9999999999999993,0.0869794645538694,ok,2.68
3.1,1.2,105.0,6,10,True,-536.1465320324014,-536.6127382534853,2.0000000000000004,0.08615417072751586,ok,5.06
3.2,0.8,95.0,6,10,True,-536.1506696422836,-536.6042420561326,1.9999999999999993,0.06431288043979604,ok,2.94
3.1,1.2,125.0,6,10,True,-536.1463223913146,-536.6124630672005,2.0000000000000004,0.08833461909852977,ok,4.53
3.1,1.2,135.0,6,10,True,-536.1461502859128,-536.6122721484023,2.0000000000000004,0.08735399176216238,ok,4.43
3.1,1.25,115.0,6,10,True,-536.1339386254023,-536.601591750749,1.9999999999999993,0.08700040966273712,ok,4.03
3.1,1.25,75.0,6,10,True,-536.1336189207196,-536.6016045646867,1.9999999999999996,0.07719425247523329,ok,4.68
3.1,1.25,105.0,6,10,True,-536.134022269096,-536.6017041050568,1.9999999999999998,0.08568776341382588,ok,4.37
3.1,1.25,135.0,6,10,True,-536.1336160833836,-536.6012303247343,2.0000000000000004,0.08558291714885342,ok,4.1
3.1,1.25,85.0,6,10,True,-536.1339041908066,-536.6017262285583,2.0000000000000004,0.08031666754423308,ok,4.62
3.1,1.25,95.0,6,10,True,-536.1340219110533,-536.601753068406,1.9999999999999996,0.08330969023287566,ok,4.68
3.2,0.8,75.0,6,10,True,-536.1504326787542,-536.6040362841369,2.0,0.05129850899738471,ok,4.55
3.2,0.8,85.0,6,10,True,-536.1505722208806,-536.6041315104593,2.0,0.057820724946404146,ok,4.5
3.2,0.85,75.0,6,10,True,-536.1713594258955,-536.6264725202908,2.0,0.05244014280714131,ok,4.44
3.2,0.8,115.0,6,10,True,-536.1507344724031,-536.6042151768075,1.9999999999999991,0.07532207195362026,ok,4.6
3.2,0.8,105.0,6,10,True,-536.1507240866827,-536.6042577699134,1.9999999999999991,0.07030293499316893,ok,4.94
3.2,0.95,75.0,6,10,True,-536.185206231109,-536.6435466430105,2.0000000000000004,0.0547130660607481,ok,3.06
3.2,0.9,85.0,6,10,True,-536.1821552434784,-536.6388717112465,2.0000000000000004,0.05975188797098001,ok,4.6
3.2,0.9,125.0,6,10,True,-536.1822372446298,-536.638770726881,2.000000000000001,0.07823317215003131,ok,4.24
3.2,0.9,75.0,6,10,True,-536.181997272505,-536.6387234826191,2.0000000000000018,0.053580070323869855,ok,4.67
3.2,0.85,85.0,6,10,True,-536.1715082880994,-536.6266447658653,1.9999999999999991,0.0588081034534414,ok,4.79
3.2,0.9,95.0,6,10,True,-536.1822529452041,-536.6389405827189,1.9999999999999996,0.0657055318008151,ok,4.64
3.2,0.9,115.0,6,10,True,-536.1822890027424,-536.6388740755849,1.9999999999999976,0.07528359817344361,ok,4.59
3.2,0.9,105.0,6,10,True,-536.1822962462501,-536.6389376236582,2.0,0.0710217098268265,ok,4.63
3.2,0.85,135.0,6,10,True,-536.1715409578454,-536.6264490620606,1.9999999999999991,0.0807117227297321,ok,4.7
3.2,0.8,125.0,6,10,True,-536.1507034215635,-536.604129555954,2.0,0.07906656502140857,ok,4.93
3.2,0.85,95.0,6,10,True,-536.1716061332625,-536.6267233150586,2.000000000000001,0.0650482615392589,ok,4.82
3.2,0.85,125.0,6,10,True,-536.1716159942612,-536.626570756017,1.9999999999999996,0.07872619997060903,ok,4.73
3.2,0.85,105.0,6,10,True,-536.1716553436953,-536.6267225313954,1.9999999999999996,0.07071603132257125,ok,4.89
3.2,0.85,115.0,6,10,True,-536.171657176554,-536.626668049384,2.0,0.07536874765879913,ok,4.85
3.2,0.9,135.0,6,10,True,-536.1821514696668,-536.6386420883599,2.0,0.07981584547634518,ok,4.65
3.2,0.95,95.0,6,10,True,-536.1854699044237,-536.6437379339676,2.000000000000001,0.0662736853250761,ok,3.4
3.2,0.95,85.0,6,10,True,-536.1853728525189,-536.6436770453838,2.0,0.060641826037082805,ok,4.96
3.2,1.05,105.0,6,10,True,-536.1773998390452,-536.6387386904285,1.9999999999999998,0.07124453922608262,ok,2.62
3.2,1.0,85.0,6,10,True,-536.1832384574363,-536.6431151183717,2.0000000000000004,0.061468662797066254,ok,4.24
3.2,1.0,95.0,6,10,True,-536.183334369481,-536.6431672588941,2.0,0.06674581277918236,ok,4.24
3.2,1.0,105.0,6,10,True,-536.1833649057359,-536.6431514974918,2.0000000000000013,0.07128615669246297,ok,4.2
3.2,1.0,75.0,6,10,True,-536.1830637561061,-536.642995460248,2.0000000000000004,0.0558327752672735,ok,4.6
3.2,1.0,115.0,6,10,True,-536.1833391062171,-536.6430791956925,2.0000000000000004,0.07471606152070151,ok,4.34
3.2,0.95,125.0,6,10,True,-536.1854281447461,-536.6435553551207,1.9999999999999996,0.07759192669493115,ok,5.26
3.2,1.0,135.0,6,10,True,-536.1831599891934,-536.6428231553783,2.0,0.07757141926216633,ok,4.42
3.2,1.0,125.0,6,10,True,-536.1832665561287,-536.6429649439389,1.9999999999999991,0.07681632180384118,ok,4.52
3.2,1.05,75.0,6,10,True,-536.1770993337433,-536.6385996625822,2.0000000000000133,0.0569318285338965,ok,4.16
3.2,1.05,85.0,6,10,True,-536.1772815314862,-536.6387121390364,1.9999999999999984,0.06222332322893957,ok,4.13
3.2,1.05,125.0,6,10,True,-536.1772823506683,-536.6385471473337,1.9999999999999991,0.07592156817145108,ok,4.09
3.2,1.2,75.0,6,10,True,-536.1462073496722,-536.6122728778564,1.9999999999999998,0.060089215411218824,ok,3.05
3.2,1.05,115.0,6,10,True,-536.1773648638011,-536.6386620925869,1.9999999999999998,0.07424781597604137,ok,4.29
3.2,1.1,105.0,6,10,True,-536.1687447533272,-536.6316005806361,2.0000000000000004,0.07109277320677856,ok,4.38
3.2,1.1,115.0,6,10,True,-536.1687008317642,-536.6315252908611,2.0,0.0736691147636552,ok,4.38
3.2,1.05,135.0,6,10,True,-536.1771660964803,-536.638404224342,2.0000000000000004,0.07626549948790415,ok,4.41
3.2,1.1,95.0,6,10,True,-536.1687275731829,-536.631625186327,2.0,0.06738756614385161,ok,4.39
3.2,1.1,125.0,6,10,True,-536.1686087797267,-536.631410433926,2.0000000000000004,0.07492296792310263,ok,4.38
3.2,1.05,95.0,6,10,True,-536.1773759345663,-536.6387602331362,1.9999999999999998,0.06711584139521849,ok,4.57
3.2,1.1,135.0,6,10,True,-536.1684833220935,-536.6312684611216,2.0000000000000004,0.07486504897625623,ok,4.41
3.2,1.15,85.0,6,10,True,-536.1581373940767,-536.6225985850826,1.9999999999999991,0.06351608724141913,ok,4.42
3.2,1.1,85.0,6,10,True,-536.1686350192994,-536.6315902196632,2.0000000000000004,0.06290618722698468,ok,4.51
3.2,1.1,75.0,6,10,True,-536.1684458849827,-536.6314995086104,2.0000000000000004,0.0580094724107914,ok,4.55
3.2,1.15,105.0,6,10,True,-536.1582383181113,-536.6226002608832,2.0,0.07084000213594993,ok,4.71
3.2,1.15,115.0,6,10,True,-536.1581857220767,-536.6225226787287,1.9999999999999998,0.07299361596170853,ok,4.44
3.2,1.2,95.0,6,10,True,-536.1464967026739,-536.612383966429,1.9999999999999993,0.06765009522101229,ok,2.96
3.2,1.15,135.0,6,10,True,-536.157950532214,-536.6222614837668,2.0000000000000004,0.07338912733217835,ok,4.76
3.2,1.15,95.0,6,10,True,-536.1582278402699,-536.6226292477993,1.999999999999999,0.06756420880243577,ok,5.42
3.2,1.15,125.0,6,10,True,-536.1580846142574,-536.6224037389865,1.9999999999999998,0.07383762385908958,ok,4.87
3.2,1.2,125.0,6,10,True,-536.1463300151502,-536.6121543126762,1.9999999999999996,0.07267847726663271,ok,3.92
3.2,1.2,85.0,6,10,True,-536.146408599417,-536.6123580724278,2.0,0.06405384992536821,ok,4.73
3.2,1.2,115.0,6,10,True,-536.1464396415997,-536.6122741866775,1.9999999999999998,0.07223267564078924,ok,4.33
3.2,1.2,135.0,6,10,True,-536.1461880769813,-536.6120068332011,2.0000000000000004,0.07185467307468038,ok,4.16
3.3,0.8,85.0,6,10,True,-536.1505501529095,-536.60384733429,2.000000000000002,0.047001850314705086,ok,2.97
3.2,1.2,105.0,6,10,True,-536.1465005601113,-536.6123541135588,2.0000000000000013,0.07049443165707785,ok,4.64
3.2,1.25,105.0,6,10,True,-536.1339898106338,-536.6013136539982,1.999999999999999,0.07006603687131546,ok,3.79
3.2,1.25,115.0,6,10,True,-536.1339209718662,-536.6012332219381,1.9999999999999993,0.07139862094513365,ok,3.77
3.2,1.25,125.0,6,10,True,-536.1338034379444,-536.6011127804875,1.9999999999999998,0.07146091020908929,ok,3.95
3.2,1.25,85.0,6,10,True,-536.1339067476654,-536.6013271517613,2.0000000000000004,0.06452121394613754,ok,4.4
3.2,1.25,75.0,6,10,True,-536.1337003917623,-536.6012474297357,2.000000000000001,0.061087934520961736,ok,4.92
3.2,1.25,95.0,6,10,True,-536.1339923090085,-536.6013463567014,2.0000000000000004,0.06765107252512365,ok,4.54
3.3,0.9,85.0,6,10,True,-536.1821255886525,-536.6385740605901,1.9999999999999993,0.048569460448054505,ok,2.73
3.2,1.25,135.0,6,10,True,-536.1336540274381,-536.6009650183349,1.9999999999999991,0.07027533828038948,ok,4.21
3.3,0.8,95.0,6,10,True,-536.150632879727,-536.6039494236044,1.9999999999999998,0.05307921055765931,ok,4.87
3.3,0.85,115.0,6,10,True,-536.1716171765468,-536.6263924879406,2.000000000000001,0.06313364057021549,ok,4.67
3.3,0.85,125.0,6,10,True,-536.1715876591816,-536.6263243488658,1.9999999999999991,0.0661221254400518,ok,4.65
3.3,0.85,75.0,6,10,True,-536.1713690437232,-536.626204460282,1.9999999999999987,0.04180239244254851,ok,4.82
3.3,0.9,75.0,6,10,True,-536.1820069352666,-536.6384583236094,2.0,0.04273289592083247,ok,4.24
3.3,0.85,85.0,6,10,True,-536.1714822909795,-536.6263601198318,2.0,0.04780332963484979,ok,4.84
3.3,0.8,125.0,6,10,True,-536.1506785419667,-536.6038874157691,2.0,0.06647270787163154,ok,4.89
3.3,0.85,95.0,6,10,True,-536.1715639907386,-536.6264249605488,2.0,0.05366209405339078,ok,4.85
3.3,0.8,135.0,6,10,True,-536.1506286637319,-536.603800471418,1.9999999999999998,0.06852966571938529,ok,4.9
3.3,0.8,105.0,6,10,True,-536.1506840202893,-536.6039725532745,2.000000000000001,0.058604956686877104,ok,4.94
3.3,0.85,105.0,6,10,True,-536.1716098558852,-536.6264290407723,1.9999999999999998,0.05890700508952875,ok,4.88
3.3,0.8,115.0,6,10,True,-536.150699069989,-536.6039470020636,2.000000000000001,0.063149980772978,ok,4.97
3.3,0.85,135.0,6,10,True,-536.1715285643633,-536.6262400838427,1.999999999999999,0.06785021764536527,ok,4.61
3.3,0.9,95.0,6,10,True,-536.182205742202,-536.6386319571119,1.9999999999999991,0.05417820285607758,ok,4.53
3.3,0.9,105.0,6,10,True,-536.1822457676464,-536.6386357648239,2.0000000000000004,0.059115314088557594,ok,4.53
3.3,0.9,115.0,6,10,True,-536.1822447799955,-536.6385925495706,1.9999999999999991,0.06300113290887355,ok,4.54
3.3,0.9,125.0,6,10,True,-536.1822059444988,-536.6385195656125,1.9999999999999993,0.06563606411234575,ok,4.2
3.3,1.0,115.0,6,10,True,-536.1832882939932,-536.6427944977769,1.9999999999999978,0.062389673295712836,ok,2.77
3.3,0.9,135.0,6,10,True,-536.1821374690935,-536.6384303011998,2.0000000000000004,0.06701823999550122,ok,4.23
3.3,1.0,135.0,6,10,True,-536.1831441907116,-536.6425950235214,1.9999999999999996,0.06495185565216162,ok,2.91
3.3,1.0,75.0,6,10,True,-536.1830742636887,-536.6427130139386,2.0,0.04457701512398013,ok,4.36
3.3,1.0,85.0,6,10,True,-536.1832027589301,-536.6428033745462,1.9999999999999993,0.049964380882436245,ok,4.33
3.3,0.95,115.0,6,10,True,-536.1854426500627,-536.6433733021573,1.9999999999999996,0.0627521185473584,ok,4.87
3.3,1.0,95.0,6,10,True,-536.1832787522122,-536.6428501495997,2.0000000000000004,0.05498164537840039,ok,4.35
3.3,1.0,105.0,6,10,True,-536.1833061969669,-536.6428492610167,1.9999999999999991,0.0592342116159819,ok,4.24
3.3,1.0,125.0,6,10,True,-536.1832309736701,-536.6427039509708,1.9999999999999998,0.06428456831890052,ok,4.42
3.3,0.95,95.0,6,10,True,-536.1854182131677,-536.6434160879883,2.0,0.054620045721848726,ok,5.71
3.3,0.95,125.0,6,10,True,-536.1853944308909,-536.6432938449864,2.0000000000000013,0.06501900645913779,ok,5.45
3.3,1.05,115.0,6,10,True,-536.1773116960378,-536.63837635287,2.0,0.06192598502536125,ok,4.13
3.3,1.05,105.0,6,10,True,-536.1773379800433,-536.6384262774318,2.0000000000000004,0.05914714362753445,ok,4.31
3.3,1.15,135.0,6,10,True,-536.1579348878804,-536.6220209941985,1.9999999999999996,0.06114675370164934,ok,2.57
3.3,1.05,75.0,6,10,True,-536.1771106902136,-536.6383057893811,1.9999999999999845,0.04547873143176855,ok,4.5
3.3,1.05,125.0,6,10,True,-536.1772454270737,-536.6382881202618,2.0000000000000013,0.06344783596886588,ok,4.42
3.3,1.05,95.0,6,10,True,-536.1773170028696,-536.6384392505722,2.0,0.05525837645252557,ok,4.53
3.3,1.05,135.0,6,10,True,-536.177149979205,-536.638174505406,2.0000000000000004,0.06375899304233938,ok,4.44
3.3,1.05,85.0,6,10,True,-536.1772435591685,-536.638392215116,1.9999999999999996,0.05057792658391247,ok,4.59
3.3,1.1,75.0,6,10,True,-536.1684583795778,-536.6311936769971,1.9999999999999991,0.0463658107826497,ok,4.5
3.3,1.1,95.0,6,10,True,-536.1686659308145,-536.6312982766603,2.0000000000000004,0.05545503115710292,ok,4.61
3.3,1.1,105.0,6,10,True,-536.1686803596016,-536.6312839248201,1.9999999999999996,0.058968371845892736,ok,4.61
3.3,1.1,135.0,6,10,True,-536.1684672848903,-536.6310340238299,1.9999999999999991,0.06248465910438186,ok,4.72
3.3,1.1,125.0,6,10,True,-536.1685709827299,-536.6311424424431,1.999999999999999,0.06252268404064461,ok,4.86
3.3,1.1,115.0,6,10,True,-536.1686458498413,-536.6312295078892,1.9999999999999998,0.0613690385602976,ok,4.89
3.3,1.2,85.0,6,10,True,-536.1463668857778,-536.6120265120427,1.9999999999999996,0.05207773445876924,ok,2.67
3.3,1.15,105.0,6,10,True,-536.1581719688559,-536.622279717238,2.0000000000000004,0.05870590135797649,ok,4.45
3.3,1.15,75.0,6,10,True,-536.1579558215143,-536.6222033520268,2.0000000000000018,0.04723557596462597,ok,4.92
3.3,1.15,125.0,6,10,True,-536.1580463797571,-536.6221351437988,1.9999999999999996,0.06152465817044891,ok,3.95
3.3,1.15,95.0,6,10,True,-536.1581640807134,-536.6222978214024,1.999999999999999,0.05557468399977952,ok,5.11
3.3,1.15,115.0,6,10,True,-536.1581294664998,-536.6222245970118,1.9999999999999998,0.06073225373927121,ok,5.08
3.3,1.2,75.0,6,10,True,-536.1462229336472,-536.6119712473054,1.9999999999999987,0.04808734532359397,ok,3.99
3.3,1.15,85.0,6,10,True,-536.1580964196262,-536.6222735937146,1.9999999999999998,0.05163454107672995,ok,5.16
3.3,1.25,135.0,6,10,True,-536.1336399521949,-536.600717083204,1.9999999999999996,0.05833840905699843,ok,2.51
3.3,1.2,95.0,6,10,True,-536.1464314096731,-536.6120467536119,2.0000000000000004,0.05562140385029436,ok,3.98
3.3,1.2,105.0,6,10,True,-536.1464328348045,-536.6120281037223,2.0000000000000013,0.05836800437175133,ok,4.11
3.3,1.2,135.0,6,10,True,-536.1461730845857,-536.6117639769813,1.9999999999999998,0.05976046731849657,ok,4.07
3.3,1.2,125.0,6,10,True,-536.1462917421147,-536.6118791902107,2.0000000000000004,0.060466388753440375,ok,4.15
3.3,1.25,105.0,6,10,True,-536.133921245787,-536.6009828637358,2.0000000000000004,0.05796278386727025,ok,3.93
3.3,1.25,75.0,6,10,True,-536.1337178687933,-536.6009416497216,2.0000000000000004,0.048919873076316345,ok,4.25
3.3,1.25,95.0,6,10,True,-536.1339260422948,-536.6010045280836,2.0000000000000004,0.055599948019796556,ok,4.31
3.4,0.85,115.0,6,10,True,-536.1715497722572,-536.6261654308718,2.000000000000001,0.05349060752983197,ok,2.84
3.3,1.25,115.0,6,10,True,-536.133863646376,-536.6009245613349,2.0000000000000004,0.05925748332945357,ok,3.92
3.3,1.25,125.0,6,10,True,-536.1337654896204,-536.6008329869285,2.000000000000001,0.05936058051414205,ok,4.19
3.4,0.8,75.0,6,10,True,-536.1504190858303,-536.603557507518,2.0,0.03312858739190349,ok,4.91
3.4,0.8,85.0,6,10,True,-536.1505023037761,-536.6036245579037,2.0,0.038815499684926966,ok,4.96
3.4,0.8,115.0,6,10,True,-536.1506354180003,-536.6037187076428,2.0000000000000027,0.05356351928768496,ok,4.92
3.4,0.8,95.0,6,10,True,-536.1505721579537,-536.6036918002487,1.9999999999999996,0.0444281222730869,ok,4.97
3.4,0.8,105.0,6,10,True,-536.1506186598912,-536.6037295248235,1.9999999999999991,0.04947186044551962,ok,4.98
3.4,0.8,125.0,6,10,True,-536.1506216603391,-536.6036794162255,2.0000000000000004,0.0565122383482329,ok,4.98
3.4,0.85,75.0,6,10,True,-536.1713444751649,-536.6259791832694,2.0000000000000004,0.03387517909889589,ok,4.86
3.4,0.85,125.0,6,10,True,-536.1715281131783,-536.626118059238,1.9999999999999998,0.05614955171100391,ok,4.27
3.4,0.85,135.0,6,10,True,-536.1714806920506,-536.6260546660592,2.000000000000001,0.05766550179044951,ok,4.27
3.4,0.85,85.0,6,10,True,-536.1714305769937,-536.6261201473449,1.9999999999999993,0.039452621334557486,ok,4.74
3.4,0.9,85.0,6,10,True,-536.182070227244,-536.6383234442171,2.0,0.04005951838958105,ok,4.18
3.4,0.85,95.0,6,10,True,-536.1714985258823,-536.6261718372104,2.0000000000000004,0.04487612142715043,ok,4.86
3.4,0.9,75.0,6,10,True,-536.1819813469244,-536.6382339539974,2.0,0.034621330481683955,ok,4.3
3.4,0.85,105.0,6,10,True,-536.1715399453727,-536.6261864087651,2.0,0.049675774514944974,ok,4.89
3.4,0.9,125.0,6,10,True,-536.1821441683144,-536.6383098304052,2.0,0.05566571692926505,ok,4.24
3.4,0.95,75.0,6,10,True,-536.185189893898,-536.6430391461789,1.9999999999999991,0.035364217355546394,ok,3.51
3.4,0.8,135.0,6,10,True,-536.1505822722726,-536.6036184901293,2.0,0.058311670715783616,ok,5.72
3.4,0.9,115.0,6,10,True,-536.182174028157,-536.6383605349647,1.9999999999999984,0.05331422149269527,ok,4.57
3.4,0.9,105.0,6,10,True,-536.1821716653373,-536.6383846714489,2.0000000000000004,0.04979658348282618,ok,4.61
3.4,0.9,135.0,6,10,True,-536.1820885671236,-536.6382428816332,2.0,0.05688214203946475,ok,4.7
3.4,1.0,85.0,6,10,True,-536.1831412173583,-536.6425411473988,1.9999999999999996,0.041158696441797406,ok,2.88
3.4,1.0,95.0,6,10,True,-536.1832012719808,-536.6425845959284,2.0,0.04585075229866569,ok,4.38
3.4,1.0,75.0,6,10,True,-536.1830474064124,-536.6424727974685,2.0000000000000004,0.03610006361753893,ok,4.93
3.4,1.15,125.0,6,10,True,-536.1579802685982,-536.6218939198785,2.0,0.05177559481417371,ok,2.72
3.4,1.0,105.0,6,10,True,-536.1832251973968,-536.6425868626013,1.9999999999999998,0.049780542422719454,ok,4.59
3.4,1.2,115.0,6,10,True,-536.1463021630675,-536.61170620754,2.0000000000000004,0.05037333580701248,ok,2.58
3.4,1.05,115.0,6,10,True,-536.1772339487139,-536.638118233322,2.000000000000001,0.052192993250418054,ok,4.03
3.4,1.1,125.0,6,10,True,-536.1685049230032,-536.6309045318768,1.999999999999999,0.05270348970836008,ok,3.92
3.4,1.0,125.0,6,10,True,-536.1831661149392,-536.6424802119046,2.0000000000000004,0.05436290283352627,ok,4.36
3.4,1.0,115.0,6,10,True,-536.1832123520511,-536.6425467997195,2.000000000000001,0.052656883531311975,ok,4.53
3.4,1.15,75.0,6,10,True,-536.1579292207766,-536.6219417083472,2.0,0.03823653955256605,ok,4.0
3.4,1.05,75.0,6,10,True,-536.1770836298318,-536.6380553278713,1.999999999999999,0.03682289470533071,ok,4.54
3.4,1.05,125.0,6,10,True,-536.1771797910968,-536.6380485508697,2.0,0.05357052825845491,ok,4.45
3.4,1.05,85.0,6,10,True,-536.177179555462,-536.6381209540318,2.0000000000000004,0.041640516906194434,ok,4.52
3.4,1.05,105.0,6,10,True,-536.1772543277152,-536.6381599489691,2.0,0.04964804625710761,ok,4.6
3.4,1.0,135.0,6,10,True,-536.1830944344952,-536.6423971126095,1.9999999999999991,0.05495732699973972,ok,4.71
3.4,1.1,75.0,6,10,True,-536.1684314097337,-536.6309303319644,1.9999999999999998,0.03753557082524724,ok,4.63
3.4,1.15,85.0,6,10,True,-536.1580288362971,-536.6219928530653,2.000000000000001,0.04246861752208887,ok,4.36
3.4,1.15,95.0,6,10,True,-536.1580790342674,-536.622012297544,1.9999999999999993,0.04622112596603218,ok,4.08
3.4,1.1,105.0,6,10,True,-536.1685945670883,-536.6310124055655,2.0000000000000004,0.04943857039507029,ok,4.48
3.4,1.05,135.0,6,10,True,-536.1771003861467,-536.6379641961576,2.0,0.05385512097964044,ok,4.73
3.4,1.1,115.0,6,10,True,-536.1685667601745,-536.6309732566403,1.9999999999999991,0.051649863458810306,ok,4.51
3.4,1.15,105.0,6,10,True,-536.1580845381881,-536.622003825128,2.000000000000001,0.04916134903548106,ok,4.25
3.4,1.15,115.0,6,10,True,-536.1580494823532,-536.6219644931724,2.0000000000000013,0.051040688424017454,ok,4.14
3.4,1.1,85.0,6,10,True,-536.1685292740356,-536.6309891662445,1.9999999999999991,0.042077012252833,ok,5.01
3.4,1.1,95.0,6,10,True,-536.1685829007494,-536.6310202526274,1.9999999999999998,0.046160647595111584,ok,4.97
3.4,1.2,75.0,6,10,True,-536.1461969915139,-536.6117065600439,1.9999999999999998,0.03892524684939956,ok,4.24
3.4,1.15,135.0,6,10,True,-536.1578865228345,-536.62180192709,1.9999999999999996,0.05145658107429794,ok,4.47
3.4,1.2,85.0,6,10,True,-536.1462981701534,-536.611741227086,2.0,0.04281670454806552,ok,4.32
3.4,1.2,95.0,6,10,True,-536.1463448325317,-536.6117574635442,1.9999999999999998,0.04622327471164517,ok,4.38
3.4,1.25,85.0,6,10,True,-536.1337953511633,-536.6007028267339,2.000000000000001,0.04312246716357094,ok,2.61
3.4,1.25,105.0,6,10,True,-536.1338319399929,-536.6006983780103,1.999999999999999,0.04842964175913781,ok,2.48
3.4,1.2,125.0,6,10,True,-536.1462259248519,-536.6116349933214,2.0000000000000004,0.05079842411020394,ok,4.07
3.4,1.2,135.0,6,10,True,-536.1461257087468,-536.611541745566,2.0000000000000004,0.05019094868012684,ok,4.25
3.4,1.25,75.0,6,10,True,-536.1336928338453,-536.6006739164819,2.000000000000002,0.03960150717850005,ok,4.28
3.4,1.25,95.0,6,10,True,-536.1338385175522,-536.6007121888088,1.9999999999999993,0.0461727458549069,ok,4.21
3.4,1.25,115.0,6,10,True,-536.1337831227777,-536.6006555852507,1.9999999999999996,0.049658471634500566,ok,3.75
3.4,1.25,135.0,6,10,True,-536.133593788549,-536.6004918111778,2.000000000000001,0.04889701003666833,ok,3.96
3.4,1.25,125.0,6,10,True,-536.1337002704237,-536.6005844039934,2.0000000000000013,0.04978321181106222,ok,3.99
3.5,0.95,85.0,6,10,True,-536.1852076672457,-536.6428950110493,1.9999999999999998,0.033905971380249735,ok,2.85
3.5,0.85,115.0,6,10,True,-536.1714674996842,-536.6259592337586,1.999999999999999,0.04577205012362017,ok,4.31
3.5,0.85,135.0,6,10,True,-536.1714126356279,-536.6258774086966,2.000000000000001,0.04948963999350454,ok,4.32
3.5,0.85,75.0,6,10,True,-536.1712982319151,-536.6257894706155,1.9999999999999996,0.027882192156778136,ok,4.48
3.5,0.85,95.0,6,10,True,-536.1714200715355,-536.6259602290048,1.9999999999999993,0.03797827606567097,ok,4.45
3.5,0.9,75.0,6,10,True,-536.1819334106387,-536.638041080565,2.000000000000001,0.028464501958037257,ok,4.25
3.5,0.9,85.0,6,10,True,-536.181999808666,-536.6381092557267,2.0,0.03347334274122258,ok,4.26
3.5,0.8,85.0,6,10,True,-536.150439090313,-536.6034564292016,2.0000000000000004,0.032518676645852326,ok,4.9
3.5,0.9,95.0,6,10,True,-536.182053425926,-536.6381545817402,1.9999999999999991,0.03825403894008029,ok,4.18
3.5,0.95,95.0,6,10,True,-536.1852583084649,-536.642936095574,1.9999999999999993,0.0384750176598146,ok,2.92
3.5,0.85,125.0,6,10,True,-536.1714512656142,-536.6259253657659,2.000000000000001,0.04814466301838898,ok,4.64
3.5,0.85,85.0,6,10,True,-536.1713636702167,-536.6259171408253,1.9999999999999998,0.03300951280363094,ok,4.9
3.5,0.8,95.0,6,10,True,-536.1504978770321,-536.6034745759738,1.9999999999999991,0.037650429317383854,ok,5.17
3.5,0.9,105.0,6,10,True,-536.1820849730427,-536.6381692382033,1.999999999999999,0.042380320978531325,ok,4.54
3.5,0.8,75.0,6,10,True,-536.1503746994003,-536.6033866972393,1.9999999999999991,0.027297910667660703,ok,5.46
3.5,0.8,105.0,6,10,True,-536.1505393608721,-536.6035117112447,1.9999999999999993,0.04222252973030128,ok,5.32
3.5,0.9,115.0,6,10,True,-536.1820890274571,-536.6381528138219,2.0,0.04555412662927091,ok,4.54
3.5,0.9,125.0,6,10,True,-536.182065594541,-536.6381167405484,1.9999999999999993,0.047658543890300505,ok,4.64
3.5,0.8,125.0,6,10,True,-536.1505469188033,-536.6034878565042,1.9999999999999993,0.04852167585348988,ok,5.51
3.5,0.8,115.0,6,10,True,-536.1505562261823,-536.6035070635339,1.999999999999999,0.04589686983912599,ok,5.65
3.5,0.9,135.0,6,10,True,-536.1820198099133,-536.6380657827583,2.000000000000001,0.048742976561942084,ok,4.79
3.5,0.95,75.0,6,10,True,-536.1851405201598,-536.6428373167957,2.0,0.02904318706217083,ok,4.65
3.5,0.8,135.0,6,10,True,-536.1505152932299,-536.6034508357668,1.9999999999999991,0.05011255532135068,ok,5.76
3.5,0.95,105.0,6,10,True,-536.1852844570287,-536.6429465522912,2.000000000000001,0.042347823626112134,ok,4.33
3.5,1.0,115.0,6,10,True,-536.1831232239882,-536.6423316256286,1.9999999999999996,0.04485050468682703,ok,2.82
3.5,1.0,75.0,6,10,True,-536.1829968622658,-536.6422635567288,1.9999999999999993,0.02961532425288818,ok,4.46
3.5,0.95,115.0,6,10,True,-536.1852817147399,-536.6429227678412,2.0,0.045245087207873465,ok,4.87
3.5,1.05,135.0,6,10,True,-536.177031778988,-536.6377816640228,1.999999999999999,0.0458989791045163,ok,2.93
3.5,0.95,125.0,6,10,True,-536.185251032388,-536.6428759978163,1.9999999999999991,0.04706914052751693,ok,4.81
3.5,1.0,95.0,6,10,True,-536.1831121728312,-536.6423519949989,2.0,0.038637946673413026,ok,4.44
3.5,1.0,85.0,6,10,True,-536.1830647500105,-536.6423158665551,2.000000000000001,0.034303584857573954,ok,4.53
3.5,0.95,135.0,6,10,True,-536.185198079478,-536.6428132072674,2.000000000000001,0.047883918622390075,ok,5.02
3.5,1.0,125.0,6,10,True,-536.1830853915691,-536.642282178776,1.9999999999999998,0.046387955258733675,ok,4.37
3.5,1.05,95.0,6,10,True,-536.1771446873834,-536.6379210861745,1.9999999999999991,0.0387429097796745,ok,4.26
3.5,1.0,135.0,6,10,True,-536.1830254454513,-536.6422171377934,2.0000000000000004,0.04692903136105209,ok,4.38
3.5,1.05,85.0,6,10,True,-536.17710062652,-536.6378897351517,1.9999999999999991,0.03466284173321039,ok,4.41
3.5,1.05,105.0,6,10,True,-536.1771595799586,-536.6379242690521,2.0000000000000013,0.042061737168443025,ok,4.4
3.5,1.05,115.0,6,10,True,-536.1771433870327,-536.6378977959683,1.9999999999999991,0.04438129794012096,ok,4.39
3.5,1.1,75.0,6,10,True,-536.1683793750555,-536.6307022950721,2.000000000000001,0.030732217751091778,ok,4.36
3.5,1.1,95.0,6,10,True,-536.1684888004918,-536.6307736911167,2.000000000000001,0.03879334374095508,ok,4.35
3.5,1.1,85.0,6,10,True,-536.1684482644979,-536.630747129266,1.9999999999999996,0.03498647263903483,ok,4.37
3.5,1.05,125.0,6,10,True,-536.1770985237933,-536.6378474299892,2.0000000000000004,0.045630812572050775,ok,4.74
3.5,1.05,75.0,6,10,True,-536.1770321884458,-536.6378386286945,1.9999999999999898,0.03017738210439381,ok,5.02
3.5,1.1,125.0,6,10,True,-536.1684234997485,-536.6306947780731,2.000000000000001,0.04480922089669641,ok,4.43
3.5,1.15,75.0,6,10,True,-536.1578768861343,-536.6217079456036,2.000000000000001,0.0312795969380924,ok,4.23
3.5,1.1,115.0,6,10,True,-536.1684751858168,-536.63074645799,2.000000000000001,0.043845570510839135,ok,4.57
3.5,1.15,85.0,6,10,True,-536.1579461297946,-536.6217438914113,1.9999999999999976,0.035275565288902216,ok,4.27
3.5,1.1,135.0,6,10,True,-536.1683502245437,-536.6306233223344,2.0,0.04480817998555961,ok,4.55
3.5,1.2,85.0,6,10,True,-536.1462141471388,-536.6114916148498,1.9999999999999996,0.03553172186771226,ok,2.54
3.5,1.15,105.0,6,10,True,-536.1579866077485,-536.6217595298167,2.0000000000000004,0.0415243720183488,ok,4.27
3.5,1.15,95.0,6,10,True,-536.1579830681869,-536.6217618757481,2.0000000000000004,0.038794835166537055,ok,4.32
3.5,1.15,125.0,6,10,True,-536.1578990105658,-536.6216767200029,2.000000000000002,0.04393707285033482,ok,4.29
3.5,1.1,105.0,6,10,True,-536.1684980193427,-536.630772217938,2.0000000000000004,0.04182059581669455,ok,4.94
3.5,1.15,135.0,6,10,True,-536.1578194966885,-536.621604614472,2.0000000000000004,0.0436728893068324,ok,4.45
3.5,1.2,115.0,6,10,True,-536.146209674765,-536.6114723469226,2.000000000000001,0.04261827313447291,ok,3.12
3.5,1.2,75.0,6,10,True,-536.1461446193406,-536.6114695714398,2.0000000000000004,0.031819737487207254,ok,4.11
3.5,1.2,95.0,6,10,True,-536.1462474161227,-536.6115058767938,2.0,0.03875038153092025,ok,3.89
3.5,1.2,135.0,6,10,True,-536.1460598132603,-536.6113410184846,1.9999999999999998,0.0425058151926982,ok,3.81
3.5,1.2,105.0,6,10,True,-536.1462453295737,-536.6115010238073,2.0000000000000013,0.04117878499812342,ok,4.35
3.5,1.2,125.0,6,10,True,-536.1461451290238,-536.611418372469,1.9999999999999996,0.04302505515569765,ok,4.35
3.5,1.25,75.0,6,10,True,-536.1336406886528,-536.6004365057759,2.0000000000000004,0.0323527891058816,ok,4.32
3.6,0.85,125.0,6,10,True,-536.1713663688022,-536.6257403528023,2.0,0.04162533225323131,ok,2.75
3.5,1.25,125.0,6,10,True,-536.1336201976382,-536.6003633334182,1.9999999999999996,0.04208332945350456,ok,3.71
3.5,1.25,115.0,6,10,True,-536.1336906966064,-536.6004192356899,1.9999999999999998,0.041943677560949445,ok,3.84
3.5,1.25,105.0,6,10,True,-536.1337324302925,-536.6004508718411,2.0000000000000004,0.04079058641547335,ok,4.1
3.5,1.25,135.0,6,10,True,-536.133529130371,-536.6002880299565,2.0000000000000004,0.04131593495453556,ok,4.14
3.6,0.9,115.0,6,10,True,-536.1819979722526,-536.6379634759674,1.9999999999999991,0.03924000779713551,ok,2.8
3.6,0.85,115.0,6,10,True,-536.1713787016271,-536.6257654282124,1.9999999999999991,0.0394971525199488,ok,4.55
3.6,0.9,85.0,6,10,True,-536.1819215724353,-536.6379241665777,2.000000000000001,0.02827849148591898,ok,4.47
3.6,0.85,105.0,6,10,True,-536.1713679942156,-536.6257777504695,2.0000000000000004,0.03640708757387768,ok,4.62
3.6,0.8,125.0,6,10,True,-536.1504637306984,-536.6033165096939,1.9999999999999993,0.042018447141392266,ok,5.0
3.6,0.8,75.0,6,10,True,-536.1503177409597,-536.603245408272,1.9999999999999998,0.02282927354254986,ok,5.4
3.6,0.85,75.0,6,10,True,-536.171239060086,-536.6256161792509,2.000000000000001,0.02326901066651428,ok,4.83
3.6,0.9,75.0,6,10,True,-536.1818721384841,-536.6378705458716,2.0,0.023705563872313238,ok,4.67
3.6,0.8,105.0,6,10,True,-536.1504537854511,-536.6033268032814,2.000000000000001,0.036370347071996476,ok,5.1
3.6,0.9,95.0,6,10,True,-536.1819655325029,-536.6379603165733,2.0,0.03263570747830953,ok,4.51
3.6,0.85,85.0,6,10,True,-536.1712887884379,-536.6257388751952,2.0000000000000004,0.027943230777487824,ok,4.92
3.6,0.85,95.0,6,10,True,-536.1713356455301,-536.6257698087926,2.000000000000001,0.032462503586718976,ok,4.85
3.6,0.8,95.0,6,10,True,-536.1504171215712,-536.6032986380226,2.0000000000000004,0.03224212737812167,ok,5.22
3.6,0.85,135.0,6,10,True,-536.1713345545911,-536.6257079933943,2.0000000000000004,0.042834161615453885,ok,4.82
3.6,0.8,85.0,6,10,True,-536.1503676670654,-536.6033051574399,1.9999999999999996,0.027582901952862046,ok,5.53
3.6,0.9,105.0,6,10,True,-536.1819930936559,-536.6379736712246,2.0,0.03637695159167462,ok,4.64
3.6,0.8,135.0,6,10,True,-536.1504380321696,-536.6032998062789,2.0000000000000004,0.0434418552571332,ok,5.35
3.6,0.9,125.0,6,10,True,-536.1819793439549,-536.6379367531054,1.9999999999999991,0.04113333060599217,ok,4.41
3.6,1.0,75.0,6,10,True,-536.1829321874528,-536.6420770374439,2.000000000000001,0.024564079937920282,ok,2.95
3.6,0.9,135.0,6,10,True,-536.1819412503567,-536.637900498782,2.0,0.04211400215266064,ok,4.73
3.6,0.95,75.0,6,10,True,-536.1850773618128,-536.6426586753761,1.9999999999999998,0.024137443188345688,ok,4.36
3.6,0.95,85.0,6,10,True,-536.1851264601055,-536.6427015462036,2.0,0.02858682722694869,ok,4.36
3.6,0.95,95.0,6,10,True,-536.1851672607607,-536.6427322281206,2.0000000000000004,0.03276047223952325,ok,4.44
3.6,1.0,125.0,6,10,True,-536.1829974908951,-536.6421026645578,2.000000000000001,0.03988311477164937,ok,2.88
3.6,0.95,115.0,6,10,True,-536.1851887768628,-536.6427327698104,1.9999999999999987,0.03890181762648282,ok,4.78
3.6,0.95,105.0,6,10,True,-536.185189877257,-536.6427455498616,1.9999999999999987,0.03628069682269346,ok,4.91
3.6,0.95,135.0,6,10,True,-536.1851194016457,-536.6426509736383,2.000000000000001,0.04129277234531821,ok,4.63
3.6,1.0,85.0,6,10,True,-536.1829808450306,-536.6421151385698,2.000000000000001,0.02886573461045305,ok,4.49
3.6,1.0,95.0,6,10,True,-536.1830183587837,-536.6421447451578,2.000000000000001,0.03283673156882961,ok,4.49
3.6,1.0,105.0,6,10,True,-536.1830358838665,-536.6421536477746,2.0000000000000013,0.036119692589053606,ok,4.3
3.6,1.0,115.0,6,10,True,-536.1830287885757,-536.6421384822523,1.999999999999999,0.038488439283557545,ok,4.36
3.6,1.15,105.0,6,10,True,-536.157885210188,-536.6215459634664,1.9999999999999996,0.03530864406045416,ok,2.55
3.6,1.05,115.0,6,10,True,-536.1770478145257,-536.6376992474546,2.000000000000001,0.038011084600945495,ok,4.17
3.6,1.1,95.0,6,10,True,-536.168390543971,-536.63055972928,2.0000000000000004,0.03284710061838252,ok,4.19
3.6,1.1,75.0,6,10,True,-536.1683124089927,-536.6305041836191,2.0,0.025395673464583397,ok,4.25
3.6,1.15,85.0,6,10,True,-536.1578561399126,-536.6215288755495,1.9999999999999987,0.029526980396172377,ok,3.88
3.6,1.1,85.0,6,10,True,-536.168359968048,-536.6305360084867,1.9999999999999998,0.029332867268826657,ok,4.29
3.6,1.05,95.0,6,10,True,-536.1770484698278,-536.637710002699,2.0,0.03286389851887473,ok,4.45
3.6,1.05,125.0,6,10,True,-536.1770103049821,-536.6376614504867,1.9999999999999996,0.03915143688428241,ok,4.39
3.6,1.1,115.0,6,10,True,-536.168378827343,-536.6305424528033,2.000000000000001,0.037477736586711254,ok,4.26
3.6,1.1,105.0,6,10,True,-536.1683977890516,-536.6305622331608,2.0000000000000004,0.03562588112534402,ok,4.33
3.6,1.0,135.0,6,10,True,-536.1829469635431,-536.6420527834056,1.9999999999999996,0.04038583460947983,ok,4.73
3.6,1.15,75.0,6,10,True,-536.1578091833842,-536.6215042033843,2.000000000000001,0.025805767935888034,ok,4.17
3.6,1.05,135.0,6,10,True,-536.1769537773242,-536.6376111238941,2.000000000000001,0.03941318432604234,ok,4.54
3.6,1.2,85.0,6,10,True,-536.1461227978023,-536.6112760949233,2.0,0.029697112087923885,ok,2.59
3.6,1.05,105.0,6,10,True,-536.1770608792242,-536.6377170011357,2.0000000000000018,0.035899110391574646,ok,4.71
3.6,1.05,85.0,6,10,True,-536.1770143582017,-536.637683236842,2.0000000000000004,0.029112990601674143,ok,4.8
3.6,1.15,95.0,6,10,True,-536.1578831316098,-536.6215461362401,2.0,0.03279197285089023,ok,3.96
3.6,1.05,75.0,6,10,True,-536.1769662263147,-536.6376452573711,2.0,0.024981947954321484,ok,4.93
3.6,1.15,115.0,6,10,True,-536.1578604465284,-536.6215234839302,2.0000000000000004,0.036899813470674385,ok,3.74
3.6,1.15,135.0,6,10,True,-536.1577431880454,-536.6214292620513,2.0,0.03732673162743096,ok,3.59
3.6,1.2,95.0,6,10,True,-536.146146155266,-536.6112896619388,2.0000000000000013,0.03270148967778246,ok,3.18
3.6,1.2,75.0,6,10,True,-536.1460764675053,-536.6112614110599,2.0,0.026212637375396156,ok,3.93
3.6,1.25,75.0,6,10,True,-536.133572336239,-536.6002283187279,2.0,0.026617149518928334,ok,3.02
3.6,1.2,125.0,6,10,True,-536.1460578186412,-536.6112251424387,1.9999999999999993,0.03667767968683218,ok,3.14
3.6,1.25,105.0,6,10,True,-536.1336297122451,-536.600238855922,1.9999999999999998,0.03456392148307353,ok,2.4
3.6,1.2,115.0,6,10,True,-536.1461127038776,-536.6112658051295,2.0000000000000004,0.036285141521754924,ok,3.54
3.6,1.2,105.0,6,10,True,-536.1461431090391,-536.6112878084236,2.0,0.03495260301013073,ok,3.99
3.6,1.25,85.0,6,10,True,-536.1336180063482,-536.6002377059572,1.9999999999999996,0.029844718874120775,ok,3.61
3.6,1.25,115.0,6,10,True,-536.1335938625787,-536.6002136301257,2.000000000000001,0.03564157271649323,ok,2.7
3.6,1.25,95.0,6,10,True,-536.1336378038499,-536.6002444435517,2.0000000000000004,0.03258021937412565,ok,3.64
3.6,1.2,135.0,6,10,True,-536.1459846537456,-536.611161570574,2.0000000000000004,0.03624009927134653,ok,4.22
3.0,0.95,135.0,6,10,True,-536.1851624010948,-536.6438913788324,2.0000000000000004,0.11609932446680456,ok,3.11
3.1,0.95,75.0,6,10,True,-536.1851412727667,-536.6438733607637,1.9999999999999993,0.06961794978234127,ok,3.52
3.3,1.2,115.0,6,10,True,-536.1463826151763,-536.6119708244472,2.0000000000000004,0.06002446691175598,ok,4.46
2.9,0.95,125.0,6,10,True,-536.1851087063569,-536.6444466646199,1.9999999999999993,0.14204864776073453,ok,4.69
3.1,1.2,115.0,6,10,True,-536.1464566189852,-536.6126256776599,1.9999999999999993,0.08792039188131956,ok,4.9
3.3,0.95,105.0,6,10,True,-536.1854520995802,-536.6434183413104,2.0,0.05922573269523771,ok,4.92
2.9,0.95,105.0,6,10,True,-536.1853417808361,-536.644941107864,1.9999999999999998,0.13441090043997206,ok,4.96
2.8,0.95,135.0,6,10,True,-536.1844512925898,-536.6443008392869,2.0000000000000004,0.1801230263790509,ok,4.97
2.4,1.0,95.0,6,10,True,-536.1790724102481,-536.6488825951869,2.0000000000000004,0.5099792763241443,ok,4.99
2.7,0.95,105.0,6,10,True,-536.1846089597026,-536.6461466707915,2.0,0.22062861347530485,ok,4.99
2.9,0.95,115.0,6,10,True,-536.185264010733,-536.6447342275516,1.9999999999999996,0.13885171249686404,ok,4.99
3.2,0.95,105.0,6,10,True,-536.1855070028831,-536.643734129839,1.9999999999999996,0.07121331579297861,ok,4.99
3.3,0.95,135.0,6,10,True,-536.1853166689552,-536.643194788871,2.0,0.06604531731337637,ok,5.0
3.0,0.95,105.0,6,10,True,-536.1854783822231,-536.6444870477491,2.0000000000000004,0.10719631686580813,ok,5.01
3.1,0.95,125.0,6,10,True,-536.1854123822546,-536.6438349334431,2.0,0.0936991223803688,ok,5.02
3.1,0.95,115.0,6,10,True,-536.1854948753422,-536.6439822236047,1.9999999999999993,0.09090526814681503,ok,5.04
3.0,0.95,95.0,6,10,True,-536.1854412608518,-536.6445342447594,1.9999999999999996,0.10186758937259512,ok,5.05
3.1,0.95,135.0,6,10,True,-536.1852907980799,-536.643656556136,2.0000000000000004,0.09503095829437702,ok,5.1
3.0,0.95,75.0,6,10,True,-536.1849954461651,-536.6442578682428,1.9999999999999998,0.08989277236665333,ok,5.13
3.4,0.95,85.0,6,10,True,-536.1852813434268,-536.6431139129999,1.9999999999999996,0.040630400862812256,ok,5.17
2.8,0.95,95.0,6,10,True,-536.1850545392122,-536.6456353857229,2.0000000000000004,0.16617080058242256,ok,5.19
3.3,0.95,75.0,6,10,True,-536.1852162193637,-536.6432719887626,2.000000000000001,0.0436591368622108,ok,5.2
2.8,0.95,105.0,6,10,True,-536.1850713449804,-536.6455001158953,2.0,0.1710151810811628,ok,5.21
2.8,0.95,85.0,6,10,True,-536.1848299007811,-536.6455413572044,2.000000000000001,0.1610782412693248,ok,5.29
2.9,0.95,75.0,6,10,True,-536.1847333191238,-536.6446826551842,1.9999999999999998,0.1176370236787314,ok,5.33
3.1,0.95,95.0,6,10,True,-536.1854845203048,-536.6441044596838,1.9999999999999998,0.08155539400268506,ok,5.33
3.2,0.95,115.0,6,10,True,-536.185490466869,-536.6436638497046,2.0000000000000004,0.0750654525448372,ok,5.33
3.3,0.95,85.0,6,10,True,-536.1853399362844,-536.6433699872499,2.0,0.04929226884755659,ok,5.36
2.7,0.95,85.0,6,10,True,-536.1843370870739,-536.6462667418565,1.9999999999999996,0.21251747443926663,ok,5.37
3.1,0.95,85.0,6,10,True,-536.1853645495034,-536.644040800147,1.9999999999999998,0.07572804563259873,ok,5.55
3.4,0.95,95.0,6,10,True,-536.1853442587008,-536.6431602702502,2.0000000000000004,0.04559189739729234,ok,3.14
3.4,0.95,105.0,6,10,True,-536.1853742828322,-536.6431661836959,1.9999999999999984,0.049832659335993755,ok,3.06
3.5,1.25,95.0,6,10,True,-536.1337400411361,-536.6004597453112,2.0000000000000004,0.0386645322166997,ok,2.47
3.6,1.15,125.0,6,10,True,-536.1578110604795,-536.6214867421361,1.9999999999999996,0.037536983101675685,ok,2.46
3.6,1.1,135.0,6,10,True,-536.1682729573805,-536.6304471059105,1.9999999999999998,0.03838833795542841,ok,2.52
3.4,0.95,115.0,6,10,True,-536.185369004964,-536.6431321309437,1.9999999999999998,0.05303440932779232,ok,3.11
3.6,1.25,125.0,6,10,True,-536.1335335384623,-536.600168783841,2.0000000000000004,0.03579529270364968,ok,2.58
3.4,0.95,135.0,6,10,True,-536.1852671287141,-536.6429975787181,2.0,0.05597345857059213,ok,2.79
3.5,1.25,85.0,6,10,True,-536.1337103851969,-536.6004526125646,1.9999999999999996,0.035756231502801966,ok,2.82
3.4,1.1,135.0,6,10,True,-536.1684181656733,-536.6308162918715,2.0,0.05268258338984751,ok,3.77
3.4,0.95,125.0,6,10,True,-536.1853309025962,-536.6430739101468,2.0000000000000004,0.05506559317635729,ok,4.07
